{"type":"FeatureCollection","features":[{"type":"Feature","properties":{"id":"area-13111001001","name":"大森中一丁目"},"geometry":{"type":"Polygon","coordinates":[[[139.73467,35.57068],[139.73538,35.56853],[139.73482,35.56847],[139.73291,35.56862],[139.73201,35.56857],[139.73153,35.56867],[139.73064,35.56865],[139.73037,35.56875],[139.73022,35.56885],[139.73147,35.57051],[139.73337,35.5729],[139.73361,35.57323],[139.73381,35.57375],[139.73393,35.57381],[139.73392,35.5735],[139.73445,35.57147],[139.73467,35.57068]]]}},{"type":"Feature","properties":{"id":"area-13111001002","name":"大森中二丁目"},"geometry":{"type":"Polygon","coordinates":[[[139.73064,35.56865],[139.73153,35.56867],[139.73201,35.56857],[139.73291,35.56862],[139.73482,35.56847],[139.73538,35.56853],[139.73617,35.5662],[139.7354,35.56636],[139.7337,35.56661],[139.73216,35.56671],[139.72944,35.5663],[139.72919,35.56679],[139.72884,35.56703],[139.73022,35.56885],[139.73037,35.56875],[139.73064,35.56865]]]}},{"type":"Feature","properties":{"id":"area-13111001003","name":"大森中三丁目"},"geometry":{"type":"Polygon","coordinates":[[[139.73216,35.56671],[139.7337,35.56661],[139.7354,35.56636],[139.73617,35.5662],[139.73638,35.5656],[139.73567,35.56571],[139.73526,35.56569],[139.7349,35.56559],[139.73473,35.56549],[139.73457,35.56535],[139.73421,35.56475],[139.73382,35.56443],[139.7337,35.5643],[139.73381,35.56394],[139.73339,35.5636],[139.73194,35.5626],[139.73069,35.56248],[139.7305,35.56297],[139.73065,35.56448],[139.73085,35.56542],[139.73085,35.56589],[139.72969,35.56584],[139.72944,35.5663],[139.73216,35.56671]]]}},{"type":"Feature","properties":{"id":"area-13111002001","name":"大森東一丁目"},"geometry":{"type":"Polygon","coordinates":[[[139.73992,35.57863],[139.73998,35.5784],[139.7409,35.57856],[139.7421,35.57719],[139.74253,35.57671],[139.74259,35.57669],[139.74264,35.57647],[139.74268,35.57646],[139.74283,35.57577],[139.74282,35.57573],[139.74214,35.57521],[139.7421,35.57522],[139.74198,35.57512],[139.74023,35.5749],[139.74013,35.5747],[139.74198,35.57491],[139.74203,35.57472],[139.74083,35.5739],[139.74018,35.57441],[139.7402,35.57434],[139.74001,35.57443],[139.73981,35.57431],[139.73961,35.57447],[139.73976,35.57458],[139.73956,35.57472],[139.73908,35.57469],[139.73895,35.5746],[139.7381,35.57452],[139.73755,35.57436],[139.73704,35.57435],[139.73672,35.5744],[139.73634,35.57452],[139.73579,35.57482],[139.73489,35.57517],[139.73477,35.57521],[139.7343,35.57523],[139.73515,35.57777],[139.73615,35.57761],[139.73609,35.57744],[139.73716,35.57733],[139.73791,35.57729],[139.7384,35.5773],[139.73792,35.57834],[139.73951,35.57925],[139.73992,35.57863]]]}},{"type":"Feature","properties":{"id":"area-13111002002","name":"大森東二丁目"},"geometry":{"type":"Polygon","coordinates":[[[139.73721,35.57434],[139.73755,35.57436],[139.7381,35.57452],[139.73895,35.5746],[139.73908,35.57469],[139.73949,35.57472],[139.73956,35.57472],[139.73969,35.57464],[139.73834,35.57352],[139.73885,35.57307],[139.73769,35.57222],[139.73705,35.57171],[139.73684,35.57158],[139.73646,35.57149],[139.73444,35.57151],[139.73392,35.57354],[139.73392,35.57395],[139.73396,35.57418],[139.7343,35.57523],[139.73477,35.57521],[139.73489,35.57517],[139.73579,35.57482],[139.73634,35.57452],[139.73672,35.5744],[139.73721,35.57434]]]}},{"type":"Feature","properties":{"id":"area-13111002003","name":"大森東三丁目"},"geometry":{"type":"Polygon","coordinates":[[[139.73961,35.57447],[139.73981,35.57431],[139.7399,35.57434],[139.73999,35.57425],[139.73995,35.57423],[139.74011,35.57408],[139.74367,35.5713],[139.74376,35.57116],[139.74372,35.57108],[139.74285,35.57059],[139.74196,35.57015],[139.74125,35.57077],[139.73964,35.57006],[139.73965,35.57001],[139.73952,35.56992],[139.73948,35.56978],[139.73942,35.56973],[139.73908,35.56963],[139.73869,35.56943],[139.73828,35.56937],[139.73747,35.56957],[139.73675,35.56953],[139.73659,35.56957],[139.73514,35.56926],[139.73467,35.57068],[139.73444,35.57151],[139.73646,35.57149],[139.73684,35.57158],[139.73705,35.57171],[139.73769,35.57222],[139.73885,35.57307],[139.73834,35.57352],[139.73969,35.57464],[139.73976,35.57458],[139.73961,35.57447]]]}},{"type":"Feature","properties":{"id":"area-13111002004","name":"大森東四丁目"},"geometry":{"type":"Polygon","coordinates":[[[139.73965,35.57001],[139.73979,35.5694],[139.73991,35.56941],[139.74099,35.56698],[139.74113,35.56677],[139.7402,35.56646],[139.73994,35.56633],[139.73945,35.56589],[139.73879,35.56501],[139.73862,35.56493],[139.73842,35.56497],[139.73798,35.5652],[139.73783,35.56525],[139.7369,35.56543],[139.73638,35.5656],[139.73514,35.56926],[139.73659,35.56957],[139.73675,35.56953],[139.73747,35.56957],[139.73828,35.56937],[139.73869,35.56943],[139.73908,35.56963],[139.73942,35.56973],[139.73948,35.56978],[139.73952,35.56992],[139.73965,35.57001]]]}},{"type":"Feature","properties":{"id":"area-13111002005","name":"大森東五丁目"},"geometry":{"type":"Polygon","coordinates":[[[139.74372,35.57108],[139.74376,35.57104],[139.74383,35.57107],[139.74388,35.57101],[139.74403,35.57108],[139.74533,35.57001],[139.7461,35.56942],[139.74631,35.56956],[139.74645,35.56948],[139.74621,35.56934],[139.74625,35.56913],[139.74621,35.56917],[139.74327,35.56766],[139.74221,35.56719],[139.74113,35.56677],[139.74099,35.56698],[139.73991,35.56941],[139.73979,35.5694],[139.73964,35.57006],[139.74125,35.57077],[139.74196,35.57015],[139.74285,35.57059],[139.74372,35.57108]]]}},{"type":"Feature","properties":{"id":"area-13111003001","name":"大森南一丁目"},"geometry":{"type":"Polygon","coordinates":[[[139.74039,35.56493],[139.7403,35.56415],[139.73991,35.56155],[139.73981,35.56104],[139.73769,35.56093],[139.73637,35.5656],[139.7369,35.56543],[139.73783,35.56525],[139.73798,35.5652],[139.73842,35.56497],[139.73862,35.56493],[139.73879,35.56501],[139.73918,35.56555],[139.73962,35.56607],[139.73994,35.56633],[139.7402,35.56646],[139.74039,35.56493]]]}},{"type":"Feature","properties":{"id":"area-13111003002","name":"大森南二丁目"},"geometry":{"type":"Polygon","coordinates":[[[139.74623,35.56413],[139.74742,35.56209],[139.74706,35.5618],[139.74692,35.56151],[139.747,35.56097],[139.74304,35.56112],[139.73981,35.56104],[139.73991,35.56155],[139.74022,35.56364],[139.74165,35.56349],[139.74613,35.56406],[139.74623,35.56413]]]}},{"type":"Feature","properties":{"id":"area-13111003003","name":"大森南三丁目"},"geometry":{"type":"Polygon","coordinates":[[[139.74613,35.56406],[139.74165,35.56349],[139.74022,35.56364],[139.74039,35.56493],[139.7402,35.56646],[139.74113,35.56677],[139.74185,35.56704],[139.74399,35.56801],[139.74417,35.56781],[139.74412,35.56777],[139.7443,35.56751],[139.74437,35.56719],[139.74477,35.56649],[139.74623,35.56413],[139.74613,35.56406]]]}},{"type":"Feature","properties":{"id":"area-13111003004","name":"大森南四丁目"},"geometry":{"type":"Polygon","coordinates":[[[139.74619,35.56908],[139.74622,35.56905],[139.74636,35.5691],[139.74632,35.56904],[139.74639,35.56892],[139.7465,35.56892],[139.74671,35.56903],[139.74684,35.56894],[139.74684,35.56883],[139.74792,35.56807],[139.74849,35.56762],[139.74862,35.56757],[139.74921,35.56711],[139.74937,35.56679],[139.74623,35.56413],[139.74477,35.56649],[139.74437,35.56719],[139.7443,35.56751],[139.74412,35.56777],[139.74417,35.56781],[139.74399,35.56801],[139.74621,35.56917],[139.74625,35.56913],[139.74619,35.56908]]]}},{"type":"Feature","properties":{"id":"area-13111003005","name":"大森南五丁目"},"geometry":{"type":"Polygon","coordinates":[[[139.75335,35.56238],[139.75313,35.56198],[139.7531,35.56199],[139.75305,35.56192],[139.75305,35.56188],[139.75243,35.56092],[139.75236,35.56086],[139.75185,35.56087],[139.75184,35.56079],[139.747,35.56097],[139.74692,35.56151],[139.74706,35.5618],[139.74742,35.56209],[139.74623,35.56413],[139.74937,35.56679],[139.74965,35.56672],[139.7496,35.5665],[139.75074,35.56536],[139.75074,35.56531],[139.75084,35.5652],[139.75089,35.5652],[139.75266,35.56323],[139.75261,35.56321],[139.75335,35.56238]]]}},{"type":"Feature","properties":{"id":"area-13111004001","name":"大森本町一丁目"},"geometry":{"type":"Polygon","coordinates":[[[139.73704,35.58801],[139.7375,35.58599],[139.73757,35.58539],[139.73771,35.58535],[139.73757,35.58529],[139.7378,35.58359],[139.73798,35.58362],[139.73785,35.58321],[139.73788,35.58285],[139.73824,35.58231],[139.73844,35.58144],[139.73686,35.58132],[139.73684,35.58142],[139.73637,35.58141],[139.73657,35.58205],[139.73661,35.58244],[139.7366,35.58299],[139.73651,35.58343],[139.73619,35.58343],[139.73555,35.58724],[139.7358,35.58723],[139.73584,35.58793],[139.73704,35.58801]]]}},{"type":"Feature","properties":{"id":"area-13111004002","name":"大森本町二丁目"},"geometry":{"type":"Polygon","coordinates":[[[139.73844,35.58144],[139.73866,35.58047],[139.73951,35.57925],[139.73792,35.57834],[139.7384,35.5773],[139.73791,35.57729],[139.73716,35.57733],[139.73609,35.57744],[139.73615,35.57761],[139.73514,35.57777],[139.73637,35.58141],[139.73684,35.58142],[139.73686,35.58132],[139.73844,35.58144]]]}},{"type":"Feature","properties":{"id":"area-13111005001","name":"大森西一丁目"},"geometry":{"type":"Polygon","coordinates":[[[139.72577,35.57516],[139.72164,35.57512],[139.7212,35.57524],[139.72216,35.57749],[139.72246,35.57826],[139.72266,35.57866],[139.72341,35.58053],[139.7235,35.58058],[139.72793,35.57943],[139.72786,35.57921],[139.72577,35.57516]]]}},{"type":"Feature","properties":{"id":"area-13111005002","name":"大森西二丁目"},"geometry":{"type":"Polygon","coordinates":[[[139.73514,35.57777],[139.7343,35.57523],[139.73092,35.57517],[139.72577,35.57516],[139.72786,35.57921],[139.72793,35.57943],[139.72991,35.57892],[139.73219,35.57847],[139.73448,35.57789],[139.73514,35.57777]]]}},{"type":"Feature","properties":{"id":"area-13111005003","name":"大森西三丁目"},"geometry":{"type":"Polygon","coordinates":[[[139.7343,35.57523],[139.73396,35.57418],[139.73392,35.57395],[139.73393,35.57381],[139.73381,35.57375],[139.73361,35.57323],[139.73337,35.5729],[139.73244,35.57175],[139.73157,35.57208],[139.73119,35.57213],[139.7298,35.57213],[139.72464,35.57275],[139.72476,35.57313],[139.72577,35.57516],[139.73092,35.57517],[139.7343,35.57523]]]}},{"type":"Feature","properties":{"id":"area-13111005004","name":"大森西四丁目"},"geometry":{"type":"Polygon","coordinates":[[[139.7216,35.57513],[139.72577,35.57516],[139.72476,35.57313],[139.72466,35.57274],[139.72383,35.5704],[139.71973,35.57154],[139.7206,35.57362],[139.72057,35.57374],[139.7212,35.57524],[139.7216,35.57513]]]}},{"type":"Feature","properties":{"id":"area-13111005005","name":"大森西五丁目"},"geometry":{"type":"Polygon","coordinates":[[[139.72982,35.57213],[139.73119,35.57213],[139.73157,35.57208],[139.73244,35.57175],[139.73025,35.56888],[139.72851,35.56914],[139.72383,35.5704],[139.72466,35.57274],[139.7292,35.57219],[139.72982,35.57213]]]}},{"type":"Feature","properties":{"id":"area-13111005006","name":"大森西六丁目"},"geometry":{"type":"Polygon","coordinates":[[[139.73025,35.56888],[139.72885,35.56704],[139.72862,35.56721],[139.7285,35.56725],[139.72644,35.56763],[139.72318,35.56832],[139.72383,35.5704],[139.72851,35.56914],[139.73025,35.56888]]]}},{"type":"Feature","properties":{"id":"area-13111005007","name":"大森西七丁目"},"geometry":{"type":"Polygon","coordinates":[[[139.72332,35.56885],[139.72318,35.56832],[139.71881,35.56926],[139.71973,35.57154],[139.72383,35.5704],[139.72332,35.56885]]]}},{"type":"Feature","properties":{"id":"area-13111006001","name":"山王一丁目"},"geometry":{"type":"Polygon","coordinates":[[[139.72824,35.59425],[139.72872,35.5941],[139.72892,35.59386],[139.72899,35.59331],[139.72916,35.59272],[139.72937,35.59265],[139.72943,35.59257],[139.72958,35.59254],[139.72965,35.59251],[139.72973,35.5924],[139.72996,35.59234],[139.73006,35.59228],[139.73012,35.59219],[139.73035,35.59209],[139.72964,35.59087],[139.72952,35.59061],[139.72936,35.59011],[139.7288,35.59027],[139.72868,35.59065],[139.72831,35.59076],[139.72817,35.59072],[139.72649,35.59119],[139.7253,35.59145],[139.72419,35.59179],[139.72108,35.59196],[139.71868,35.59175],[139.71869,35.59178],[139.71992,35.59246],[139.72023,35.59258],[139.7203,35.59266],[139.7203,35.59281],[139.72025,35.59295],[139.72027,35.59309],[139.72059,35.59354],[139.72097,35.59444],[139.72121,35.59443],[139.72203,35.5945],[139.72272,35.59441],[139.72365,35.59439],[139.72381,35.59436],[139.72381,35.59428],[139.72399,35.59428],[139.72406,35.59432],[139.72403,35.59438],[139.72457,35.59437],[139.72471,35.59433],[139.72624,35.59433],[139.7265,35.59435],[139.72654,35.59414],[139.72693,35.59419],[139.72722,35.59427],[139.72804,35.59456],[139.72819,35.59429],[139.72824,35.59425]]]}},{"type":"Feature","properties":{"id":"area-13111006002","name":"山王二丁目"},"geometry":{"type":"Polygon","coordinates":[[[139.72649,35.59119],[139.72817,35.59072],[139.72831,35.59076],[139.72868,35.59065],[139.7288,35.59027],[139.72888,35.59024],[139.72638,35.58642],[139.72617,35.58652],[139.72615,35.5866],[139.7262,35.587],[139.7261,35.58713],[139.72593,35.58722],[139.72569,35.58731],[139.72517,35.58742],[139.72491,35.58759],[139.72409,35.58798],[139.72348,35.58847],[139.72321,35.58855],[139.72253,35.58891],[139.72172,35.58923],[139.72146,35.58941],[139.72136,35.58951],[139.72112,35.58958],[139.72074,35.58975],[139.72028,35.59003],[139.71964,35.59033],[139.71955,35.59044],[139.71954,35.5905],[139.71939,35.59051],[139.71888,35.59044],[139.7188,35.59085],[139.71858,35.59153],[139.71862,35.59168],[139.71868,35.59175],[139.72108,35.59196],[139.72385,35.59181],[139.72426,35.59177],[139.7253,35.59145],[139.72649,35.59119]]]}},{"type":"Feature","properties":{"id":"area-13111006003","name":"山王三丁目"},"geometry":{"type":"Polygon","coordinates":[[[139.72638,35.58642],[139.72581,35.58555],[139.72483,35.58376],[139.7235,35.58058],[139.72341,35.58053],[139.72295,35.58068],[139.72185,35.58137],[139.72109,35.58193],[139.72079,35.58228],[139.72067,35.58248],[139.72063,35.58249],[139.72051,35.58278],[139.72057,35.58281],[139.72025,35.584],[139.72061,35.58403],[139.72053,35.58413],[139.72049,35.58456],[139.72061,35.58467],[139.72063,35.58485],[139.72077,35.58515],[139.72092,35.5851],[139.72114,35.58533],[139.72172,35.5856],[139.72171,35.58587],[139.72179,35.58596],[139.72193,35.58603],[139.72228,35.58601],[139.72372,35.58689],[139.72389,35.58704],[139.72399,35.5872],[139.72395,35.58728],[139.72428,35.5876],[139.72436,35.58763],[139.72447,35.58778],[139.72491,35.58759],[139.72517,35.58742],[139.72569,35.58731],[139.7261,35.58713],[139.7262,35.587],[139.72615,35.5866],[139.72617,35.58652],[139.72638,35.58642]]]}},{"type":"Feature","properties":{"id":"area-13111006004","name":"山王四丁目"},"geometry":{"type":"Polygon","coordinates":[[[139.72372,35.58689],[139.72228,35.58601],[139.72193,35.58603],[139.72179,35.58596],[139.72171,35.58587],[139.72172,35.5856],[139.72114,35.58533],[139.72092,35.5851],[139.72077,35.58515],[139.72063,35.58485],[139.72061,35.58467],[139.72049,35.58456],[139.72053,35.58413],[139.72061,35.58403],[139.72025,35.584],[139.7199,35.58583],[139.71893,35.59045],[139.71939,35.59051],[139.71954,35.5905],[139.71955,35.59044],[139.71964,35.59033],[139.72028,35.59003],[139.72074,35.58975],[139.72112,35.58958],[139.72136,35.58951],[139.72146,35.58941],[139.72172,35.58923],[139.72253,35.58891],[139.72321,35.58855],[139.72348,35.58847],[139.72409,35.58798],[139.72447,35.58778],[139.72436,35.58763],[139.72428,35.5876],[139.72395,35.58728],[139.72399,35.5872],[139.72389,35.58704],[139.72372,35.58689]]]}},{"type":"Feature","properties":{"id":"area-13111007001","name":"大森北一丁目"},"geometry":{"type":"Polygon","coordinates":[[[139.72944,35.58816],[139.72993,35.58725],[139.73215,35.58732],[139.73077,35.58482],[139.72774,35.58477],[139.72717,35.58491],[139.72713,35.58496],[139.72581,35.58555],[139.72888,35.59024],[139.72936,35.59011],[139.72915,35.58962],[139.72987,35.58947],[139.72948,35.58873],[139.72941,35.58858],[139.7294,35.58839],[139.72944,35.58816]]]}},{"type":"Feature","properties":{"id":"area-13111007002","name":"大森北二丁目"},"geometry":{"type":"Polygon","coordinates":[[[139.73531,35.5844],[139.73462,35.5844],[139.73304,35.58463],[139.73077,35.58482],[139.73215,35.58732],[139.73339,35.58736],[139.73555,35.58724],[139.73603,35.58446],[139.73531,35.5844]]]}},{"type":"Feature","properties":{"id":"area-13111007003","name":"大森北三丁目"},"geometry":{"type":"Polygon","coordinates":[[[139.73518,35.58438],[139.73603,35.58446],[139.73619,35.58343],[139.73651,35.58343],[139.7366,35.58299],[139.73661,35.58244],[139.73654,35.58192],[139.73637,35.5814],[139.7341,35.58136],[139.73344,35.58131],[139.73268,35.58103],[139.73152,35.5808],[139.72889,35.58139],[139.72931,35.58222],[139.73076,35.58482],[139.73304,35.58463],[139.73462,35.5844],[139.73518,35.58438]]]}},{"type":"Feature","properties":{"id":"area-13111007004","name":"大森北四丁目"},"geometry":{"type":"Polygon","coordinates":[[[139.72774,35.58477],[139.73076,35.58482],[139.72931,35.58222],[139.72889,35.58139],[139.72489,35.58229],[139.72425,35.58234],[139.72483,35.58376],[139.72582,35.58555],[139.72713,35.58496],[139.72717,35.58491],[139.72774,35.58477]]]}},{"type":"Feature","properties":{"id":"area-13111007005","name":"大森北五丁目"},"geometry":{"type":"Polygon","coordinates":[[[139.725,35.58226],[139.72887,35.5814],[139.72788,35.57944],[139.7235,35.58058],[139.72425,35.58234],[139.725,35.58226]]]}},{"type":"Feature","properties":{"id":"area-13111007006","name":"大森北六丁目"},"geometry":{"type":"Polygon","coordinates":[[[139.72887,35.5814],[139.73152,35.5808],[139.73268,35.58103],[139.73344,35.58131],[139.7341,35.58136],[139.73637,35.5814],[139.73514,35.57777],[139.73448,35.57789],[139.73219,35.57847],[139.72991,35.57892],[139.72788,35.57944],[139.72887,35.5814]]]}},{"type":"Feature","properties":{"id":"area-131110080","name":"平和の森公園"},"geometry":{"type":"Polygon","coordinates":[[[139.73956,35.58378],[139.74015,35.5809],[139.74117,35.5796],[139.74311,35.57757],[139.74459,35.57588],[139.74282,35.57572],[139.74283,35.57577],[139.74268,35.57646],[139.74264,35.57647],[139.74259,35.57669],[139.74253,35.57671],[139.7421,35.57719],[139.7409,35.57856],[139.73998,35.5784],[139.73992,35.57863],[139.73866,35.58047],[139.73828,35.58218],[139.73824,35.58231],[139.73788,35.58285],[139.73785,35.58321],[139.73798,35.58362],[139.73956,35.58378]]]}},{"type":"Feature","properties":{"id":"area-13111009001","name":"平和島一丁目"},"geometry":{"type":"Polygon","coordinates":[[[139.74039,35.58344],[139.73963,35.5834],[139.73885,35.58728],[139.73927,35.58766],[139.74016,35.5879],[139.74261,35.58575],[139.74317,35.58489],[139.74357,35.58409],[139.74203,35.58367],[139.74039,35.58344]]]}},{"type":"Feature","properties":{"id":"area-13111009002","name":"平和島二丁目"},"geometry":{"type":"Polygon","coordinates":[[[139.7491,35.58571],[139.74357,35.58409],[139.74317,35.58489],[139.74261,35.58575],[139.74016,35.5879],[139.74163,35.58829],[139.74606,35.5896],[139.74762,35.5888],[139.74782,35.58851],[139.7491,35.58571]]]}},{"type":"Feature","properties":{"id":"area-13111009003","name":"平和島三丁目"},"geometry":{"type":"Polygon","coordinates":[[[139.75029,35.58323],[139.74501,35.58134],[139.74357,35.58409],[139.7491,35.58571],[139.74994,35.58602],[139.75008,35.58575],[139.74921,35.58545],[139.75029,35.58323]]]}},{"type":"Feature","properties":{"id":"area-13111009004","name":"平和島四丁目"},"geometry":{"type":"Polygon","coordinates":[[[139.74501,35.58134],[139.74095,35.57988],[139.74015,35.5809],[139.73963,35.5834],[139.74039,35.58344],[139.74203,35.58367],[139.74357,35.58409],[139.74501,35.58134]]]}},{"type":"Feature","properties":{"id":"area-13111009005","name":"平和島五丁目"},"geometry":{"type":"Polygon","coordinates":[[[139.74644,35.57853],[139.74823,35.57521],[139.74804,35.57516],[139.74779,35.57554],[139.74635,35.57514],[139.74601,35.57513],[139.74513,35.57527],[139.74353,35.57711],[139.74117,35.5796],[139.74095,35.57988],[139.74501,35.58134],[139.74644,35.57853]]]}},{"type":"Feature","properties":{"id":"area-13111009006","name":"平和島六丁目"},"geometry":{"type":"Polygon","coordinates":[[[139.74851,35.57529],[139.74823,35.57521],[139.74644,35.57853],[139.74501,35.58134],[139.75029,35.58323],[139.75111,35.58346],[139.75137,35.58301],[139.75051,35.58273],[139.75235,35.57884],[139.75181,35.57729],[139.75016,35.57653],[139.75024,35.57622],[139.74835,35.57567],[139.74851,35.57529]]]}},{"type":"Feature","properties":{"id":"area-13111010001","name":"昭和島一丁目"},"geometry":{"type":"Polygon","coordinates":[[[139.74921,35.57252],[139.74842,35.56892],[139.74713,35.56985],[139.74647,35.56949],[139.7464,35.56953],[139.74634,35.56958],[139.74698,35.56996],[139.74545,35.57102],[139.74575,35.57359],[139.74643,35.57425],[139.74822,35.57476],[139.74804,35.57516],[139.74823,35.57521],[139.74913,35.57345],[139.74926,35.57309],[139.74921,35.57252]]]}},{"type":"Feature","properties":{"id":"area-13111010002","name":"昭和島二丁目"},"geometry":{"type":"Polygon","coordinates":[[[139.75266,35.57568],[139.75403,35.57459],[139.75472,35.57329],[139.75489,35.5731],[139.75522,35.57289],[139.75572,35.57269],[139.75579,35.57254],[139.75531,35.5727],[139.75488,35.57293],[139.75615,35.57042],[139.75654,35.56957],[139.75656,35.56958],[139.75685,35.56892],[139.75047,35.56743],[139.74842,35.56892],[139.74921,35.57252],[139.74926,35.57309],[139.74913,35.57345],[139.74823,35.57521],[139.74851,35.57529],[139.74869,35.57491],[139.75049,35.57539],[139.75069,35.57509],[139.75187,35.57542],[139.75266,35.57568]]]}},{"type":"Feature","properties":{"id":"area-13111011001","name":"北馬込一丁目"},"geometry":{"type":"Polygon","coordinates":[[[139.70803,35.60111],[139.70755,35.59777],[139.70149,35.60045],[139.70124,35.60061],[139.69995,35.60167],[139.70534,35.60135],[139.70579,35.60131],[139.70583,35.60126],[139.70619,35.60122],[139.70803,35.60111]]]}},{"type":"Feature","properties":{"id":"area-13111011002","name":"北馬込二丁目"},"geometry":{"type":"Polygon","coordinates":[[[139.70803,35.60111],[139.70884,35.60106],[139.70908,35.6011],[139.70951,35.60103],[139.71086,35.60093],[139.71261,35.60074],[139.7116,35.59567],[139.70937,35.59695],[139.70755,35.59777],[139.70803,35.60111]]]}},{"type":"Feature","properties":{"id":"area-13111012001","name":"東馬込一丁目"},"geometry":{"type":"Polygon","coordinates":[[[139.71486,35.59942],[139.71462,35.59918],[139.71421,35.59925],[139.71412,35.59917],[139.71402,35.59913],[139.71408,35.59884],[139.71435,35.59828],[139.71448,35.59813],[139.71452,35.59793],[139.71446,35.59751],[139.7145,35.59742],[139.71496,35.59717],[139.71583,35.5969],[139.71673,35.59683],[139.71756,35.5965],[139.71727,35.59587],[139.71761,35.59547],[139.717,35.59503],[139.71658,35.59482],[139.7158,35.59451],[139.71446,35.5941],[139.7116,35.59569],[139.71261,35.60074],[139.71337,35.60052],[139.71423,35.60021],[139.71455,35.60008],[139.71467,35.59996],[139.71486,35.59991],[139.71468,35.59949],[139.71486,35.59942]]]}},{"type":"Feature","properties":{"id":"area-13111012002","name":"東馬込二丁目"},"geometry":{"type":"Polygon","coordinates":[[[139.71786,35.59488],[139.71774,35.59472],[139.71817,35.59472],[139.71821,35.59413],[139.71926,35.59261],[139.71895,35.59244],[139.71893,35.59223],[139.71918,35.59204],[139.71869,35.59178],[139.71446,35.5941],[139.7158,35.59451],[139.71658,35.59482],[139.717,35.59503],[139.71761,35.59547],[139.7179,35.59517],[139.71792,35.59503],[139.71786,35.59488]]]}},{"type":"Feature","properties":{"id":"area-13111013001","name":"中馬込一丁目"},"geometry":{"type":"Polygon","coordinates":[[[139.70372,35.59946],[139.70753,35.59778],[139.70673,35.59422],[139.70453,35.59422],[139.70283,35.59397],[139.70313,35.5951],[139.70313,35.59577],[139.70327,35.59643],[139.70328,35.59667],[139.70326,35.59675],[139.70305,35.59715],[139.70309,35.59735],[139.70339,35.59784],[139.7035,35.59826],[139.70355,35.59825],[139.70372,35.59946]]]}},{"type":"Feature","properties":{"id":"area-13111013002","name":"中馬込二丁目"},"geometry":{"type":"Polygon","coordinates":[[[139.71127,35.59432],[139.7112,35.59411],[139.71011,35.59424],[139.70673,35.59422],[139.70753,35.59778],[139.70937,35.59695],[139.7116,35.59567],[139.71127,35.59432]]]}},{"type":"Feature","properties":{"id":"area-13111013003","name":"中馬込三丁目"},"geometry":{"type":"Polygon","coordinates":[[[139.71011,35.59424],[139.7112,35.59411],[139.711,35.59372],[139.71052,35.59301],[139.70982,35.59279],[139.7091,35.59261],[139.70642,35.59184],[139.70553,35.5916],[139.70486,35.59147],[139.70387,35.59115],[139.70123,35.59041],[139.70127,35.59104],[139.70139,35.59133],[139.7015,35.59188],[139.70161,35.5922],[139.70223,35.59292],[139.70256,35.59315],[139.70283,35.59397],[139.70453,35.59422],[139.71011,35.59424]]]}},{"type":"Feature","properties":{"id":"area-13111014001","name":"西馬込一丁目"},"geometry":{"type":"Polygon","coordinates":[[[139.70687,35.58821],[139.70593,35.5882],[139.70502,35.58814],[139.7046,35.58824],[139.70399,35.58832],[139.70232,35.59044],[139.70221,35.59069],[139.70387,35.59115],[139.70486,35.59147],[139.70553,35.5916],[139.70642,35.59184],[139.7091,35.59261],[139.70982,35.59279],[139.71052,35.59301],[139.70687,35.58821]]]}},{"type":"Feature","properties":{"id":"area-13111014002","name":"西馬込二丁目"},"geometry":{"type":"Polygon","coordinates":[[[139.70414,35.58831],[139.70502,35.58814],[139.70593,35.5882],[139.70687,35.5882],[139.70565,35.58658],[139.70502,35.58581],[139.70284,35.58298],[139.70282,35.58323],[139.70228,35.58387],[139.70217,35.58464],[139.70218,35.58562],[139.70215,35.58589],[139.70194,35.58656],[139.70175,35.58702],[139.70151,35.58833],[139.70139,35.58873],[139.70133,35.58905],[139.70122,35.59009],[139.70124,35.5904],[139.70221,35.59069],[139.70232,35.59044],[139.70399,35.58832],[139.70414,35.58831]]]}},{"type":"Feature","properties":{"id":"area-13111015001","name":"南馬込一丁目"},"geometry":{"type":"Polygon","coordinates":[[[139.71535,35.59047],[139.71465,35.5899],[139.71465,35.58993],[139.71268,35.58882],[139.71172,35.58822],[139.71141,35.58845],[139.7109,35.58929],[139.71069,35.5898],[139.71057,35.59025],[139.71058,35.59145],[139.71065,35.59177],[139.71045,35.5925],[139.71025,35.59265],[139.71081,35.59342],[139.7112,35.59411],[139.71135,35.59456],[139.7116,35.59569],[139.7176,35.59237],[139.71697,35.59168],[139.71661,35.59138],[139.71535,35.59047]]]}},{"type":"Feature","properties":{"id":"area-13111015002","name":"南馬込二丁目"},"geometry":{"type":"Polygon","coordinates":[[[139.7188,35.59085],[139.71888,35.59044],[139.71893,35.59045],[139.71938,35.58833],[139.71857,35.58821],[139.71829,35.58805],[139.71667,35.5884],[139.71577,35.58838],[139.71534,35.58808],[139.71471,35.5878],[139.71413,35.58747],[139.71396,35.58734],[139.71278,35.58795],[139.71226,35.58802],[139.71187,35.58814],[139.71172,35.58822],[139.71268,35.58882],[139.71465,35.58993],[139.71465,35.5899],[139.7154,35.59051],[139.71661,35.59138],[139.71697,35.59168],[139.7176,35.59237],[139.71869,35.59178],[139.71862,35.59168],[139.71859,35.59144],[139.7188,35.59085]]]}},{"type":"Feature","properties":{"id":"area-13111015003","name":"南馬込三丁目"},"geometry":{"type":"Polygon","coordinates":[[[139.71667,35.5884],[139.71829,35.58805],[139.71857,35.58821],[139.71938,35.58833],[139.72025,35.584],[139.72057,35.58281],[139.72051,35.58278],[139.72029,35.58277],[139.71941,35.58294],[139.71684,35.58269],[139.71652,35.58321],[139.71638,35.58355],[139.71609,35.585],[139.71592,35.58547],[139.71461,35.58707],[139.71396,35.58734],[139.71413,35.58747],[139.71471,35.5878],[139.71534,35.58808],[139.71577,35.58838],[139.71667,35.5884]]]}},{"type":"Feature","properties":{"id":"area-13111015004","name":"南馬込四丁目"},"geometry":{"type":"Polygon","coordinates":[[[139.71592,35.58547],[139.71609,35.585],[139.71638,35.58355],[139.71652,35.58321],[139.71684,35.58269],[139.71511,35.58253],[139.71508,35.58249],[139.71439,35.58277],[139.71421,35.58272],[139.71279,35.58357],[139.71167,35.58429],[139.70873,35.5854],[139.70757,35.5854],[139.70927,35.58648],[139.71035,35.58691],[139.71173,35.58821],[139.71226,35.58802],[139.71278,35.58795],[139.71366,35.58748],[139.71461,35.58707],[139.71592,35.58547]]]}},{"type":"Feature","properties":{"id":"area-13111015005","name":"南馬込五丁目"},"geometry":{"type":"Polygon","coordinates":[[[139.71035,35.58691],[139.70927,35.58648],[139.70757,35.5854],[139.70706,35.5854],[139.70384,35.58427],[139.70502,35.58581],[139.70565,35.58658],[139.70588,35.58692],[139.71025,35.59265],[139.71045,35.5925],[139.71065,35.59177],[139.71058,35.59145],[139.71057,35.59025],[139.71069,35.5898],[139.7109,35.58929],[139.71141,35.58845],[139.71173,35.58821],[139.71035,35.58691]]]}},{"type":"Feature","properties":{"id":"area-13111015006","name":"南馬込六丁目"},"geometry":{"type":"Polygon","coordinates":[[[139.70706,35.5854],[139.70873,35.5854],[139.71167,35.58429],[139.71382,35.58295],[139.71276,35.58282],[139.70997,35.58255],[139.7019,35.58171],[139.70244,35.58246],[139.70383,35.58426],[139.70706,35.5854]]]}},{"type":"Feature","properties":{"id":"area-13111016001","name":"中央一丁目"},"geometry":{"type":"Polygon","coordinates":[[[139.71941,35.58294],[139.72029,35.58277],[139.72051,35.58278],[139.72063,35.58249],[139.72067,35.58248],[139.72079,35.58228],[139.72109,35.58193],[139.72174,35.58145],[139.7217,35.58146],[139.72055,35.57995],[139.71964,35.57944],[139.71841,35.58043],[139.71764,35.58119],[139.71687,35.5827],[139.71941,35.58294]]]}},{"type":"Feature","properties":{"id":"area-13111016002","name":"中央二丁目"},"geometry":{"type":"Polygon","coordinates":[[[139.72341,35.58053],[139.72141,35.57574],[139.71887,35.57901],[139.71929,35.57927],[139.72055,35.57995],[139.7217,35.58146],[139.72295,35.58068],[139.72341,35.58053]]]}},{"type":"Feature","properties":{"id":"area-13111016003","name":"中央三丁目"},"geometry":{"type":"Polygon","coordinates":[[[139.72057,35.57374],[139.71861,35.57395],[139.71689,35.57426],[139.71738,35.57597],[139.71611,35.57758],[139.71887,35.57901],[139.72141,35.57574],[139.72057,35.57374]]]}},{"type":"Feature","properties":{"id":"area-13111016004","name":"中央四丁目"},"geometry":{"type":"Polygon","coordinates":[[[139.71439,35.58277],[139.71508,35.58249],[139.71511,35.58253],[139.71687,35.5827],[139.71764,35.58119],[139.71841,35.58043],[139.71964,35.57944],[139.71757,35.57832],[139.71556,35.57731],[139.71518,35.5778],[139.71494,35.57798],[139.71466,35.57835],[139.71331,35.57941],[139.71342,35.57954],[139.71373,35.57977],[139.7142,35.57997],[139.7144,35.58008],[139.71506,35.58058],[139.71533,35.58095],[139.71539,35.58111],[139.71541,35.58134],[139.71527,35.58149],[139.71489,35.58173],[139.71407,35.58213],[139.71427,35.58273],[139.71439,35.58277]]]}},{"type":"Feature","properties":{"id":"area-13111016005","name":"中央五丁目"},"geometry":{"type":"Polygon","coordinates":[[[139.71382,35.58295],[139.71421,35.58272],[139.71427,35.58273],[139.71407,35.58213],[139.71489,35.58173],[139.71527,35.58149],[139.71541,35.58134],[139.71539,35.58111],[139.71533,35.58095],[139.71506,35.58058],[139.7144,35.58008],[139.7142,35.57997],[139.71373,35.57977],[139.71342,35.57954],[139.71331,35.57941],[139.71209,35.58028],[139.70965,35.57907],[139.70897,35.57956],[139.70826,35.58034],[139.70703,35.58223],[139.70997,35.58255],[139.71276,35.58282],[139.71382,35.58295]]]}},{"type":"Feature","properties":{"id":"area-13111016006","name":"中央六丁目"},"geometry":{"type":"Polygon","coordinates":[[[139.71209,35.58028],[139.71331,35.57941],[139.71466,35.57835],[139.71494,35.57798],[139.71518,35.5778],[139.71556,35.57731],[139.71203,35.57563],[139.71149,35.57645],[139.71112,35.57684],[139.71072,35.57739],[139.71064,35.57754],[139.7105,35.57822],[139.70995,35.57868],[139.70965,35.57907],[139.71209,35.58028]]]}},{"type":"Feature","properties":{"id":"area-13111016007","name":"中央七丁目"},"geometry":{"type":"Polygon","coordinates":[[[139.71737,35.57601],[139.71689,35.57426],[139.71278,35.57497],[139.71248,35.57513],[139.71229,35.57531],[139.71203,35.57563],[139.7161,35.57759],[139.71737,35.57601]]]}},{"type":"Feature","properties":{"id":"area-13111016008","name":"中央八丁目"},"geometry":{"type":"Polygon","coordinates":[[[139.71861,35.57395],[139.72057,35.57374],[139.7206,35.57362],[139.71916,35.57013],[139.71912,35.57012],[139.71902,35.57023],[139.71861,35.57029],[139.7184,35.57041],[139.71838,35.57039],[139.71784,35.57063],[139.71726,35.57095],[139.71697,35.57101],[139.71242,35.57343],[139.71121,35.57416],[139.71027,35.57478],[139.71203,35.57563],[139.71229,35.57531],[139.71248,35.57513],[139.71278,35.57497],[139.71861,35.57395]]]}},{"type":"Feature","properties":{"id":"area-13111017001","name":"池上一丁目"},"geometry":{"type":"Polygon","coordinates":[[[139.71203,35.57563],[139.71027,35.57478],[139.70957,35.57524],[139.70933,35.57536],[139.70883,35.57552],[139.70853,35.57558],[139.70444,35.57586],[139.70389,35.57593],[139.70365,35.57599],[139.70331,35.57613],[139.70325,35.57665],[139.70413,35.5774],[139.70413,35.57752],[139.70421,35.57768],[139.70424,35.57784],[139.70404,35.57838],[139.70404,35.57852],[139.70417,35.57881],[139.70452,35.57911],[139.70461,35.57924],[139.70465,35.57939],[139.70467,35.58024],[139.70451,35.58074],[139.70453,35.58085],[139.70446,35.58126],[139.70433,35.58159],[139.70396,35.58192],[139.70703,35.58223],[139.70806,35.58063],[139.70838,35.5802],[139.70897,35.57956],[139.70965,35.57907],[139.70995,35.57868],[139.7105,35.57822],[139.71064,35.57754],[139.71072,35.57739],[139.71112,35.57684],[139.71149,35.57645],[139.71203,35.57563]]]}},{"type":"Feature","properties":{"id":"area-13111017002","name":"池上二丁目"},"geometry":{"type":"Polygon","coordinates":[[[139.70325,35.57665],[139.70331,35.57613],[139.70313,35.57623],[139.70126,35.5776],[139.70091,35.5781],[139.7005,35.57898],[139.70146,35.58089],[139.7019,35.58171],[139.70396,35.58192],[139.70433,35.58159],[139.70446,35.58126],[139.70453,35.58085],[139.70451,35.58074],[139.70467,35.58024],[139.70465,35.57939],[139.70461,35.57924],[139.70452,35.57911],[139.70417,35.57881],[139.70404,35.57852],[139.70404,35.57838],[139.70424,35.57784],[139.70421,35.57768],[139.70413,35.57752],[139.70413,35.5774],[139.70325,35.57665]]]}},{"type":"Feature","properties":{"id":"area-13111017003","name":"池上三丁目"},"geometry":{"type":"Polygon","coordinates":[[[139.7016,35.57281],[139.69717,35.57245],[139.69787,35.57386],[139.69851,35.57504],[139.69978,35.5776],[139.70051,35.57896],[139.70091,35.5781],[139.70126,35.5776],[139.70313,35.57623],[139.7033,35.57614],[139.70344,35.57512],[139.70337,35.57492],[139.70362,35.57286],[139.7016,35.57281]]]}},{"type":"Feature","properties":{"id":"area-13111017004","name":"池上四丁目"},"geometry":{"type":"Polygon","coordinates":[[[139.7038,35.57301],[139.70362,35.57286],[139.70337,35.57492],[139.70344,35.57512],[139.7033,35.57614],[139.70365,35.57599],[139.70389,35.57593],[139.70444,35.57586],[139.70732,35.57567],[139.70853,35.57558],[139.70883,35.57552],[139.70933,35.57536],[139.70957,35.57524],[139.71027,35.57478],[139.7094,35.57438],[139.70507,35.57309],[139.70388,35.57303],[139.7038,35.57301]]]}},{"type":"Feature","properties":{"id":"area-13111017005","name":"池上五丁目"},"geometry":{"type":"Polygon","coordinates":[[[139.7124,35.57345],[139.71165,35.57247],[139.71151,35.57262],[139.70735,35.57143],[139.70574,35.57093],[139.70566,35.57137],[139.70545,35.57199],[139.70513,35.57311],[139.7094,35.57438],[139.71027,35.57478],[139.71121,35.57416],[139.7124,35.57345]]]}},{"type":"Feature","properties":{"id":"area-13111017006","name":"池上六丁目"},"geometry":{"type":"Polygon","coordinates":[[[139.70715,35.56741],[139.70254,35.56699],[139.7019,35.57229],[139.70174,35.57229],[139.7016,35.57281],[139.70362,35.57286],[139.70373,35.57293],[139.7038,35.57301],[139.70388,35.57303],[139.70513,35.57311],[139.70545,35.57199],[139.70566,35.57137],[139.70573,35.57097],[139.70593,35.57038],[139.70601,35.57],[139.70715,35.56741]]]}},{"type":"Feature","properties":{"id":"area-13111017007","name":"池上七丁目"},"geometry":{"type":"Polygon","coordinates":[[[139.70254,35.56699],[139.69943,35.56674],[139.69876,35.5721],[139.69876,35.57258],[139.7016,35.57281],[139.70174,35.57229],[139.7019,35.57229],[139.70254,35.56699]]]}},{"type":"Feature","properties":{"id":"area-13111017008","name":"池上八丁目"},"geometry":{"type":"Polygon","coordinates":[[[139.69629,35.5665],[139.69597,35.56915],[139.69602,35.56976],[139.69623,35.57059],[139.6966,35.57129],[139.6968,35.57177],[139.69717,35.57245],[139.69876,35.57258],[139.69876,35.5721],[139.69943,35.56674],[139.69629,35.5665]]]}},{"type":"Feature","properties":{"id":"area-131110180","name":"田園調布本町"},"geometry":{"type":"Polygon","coordinates":[[[139.67434,35.58245],[139.67217,35.58176],[139.67205,35.58191],[139.67143,35.58318],[139.67099,35.58399],[139.67002,35.58533],[139.66984,35.58548],[139.66965,35.58577],[139.66975,35.58588],[139.67121,35.58644],[139.67208,35.58661],[139.67297,35.5869],[139.67772,35.58906],[139.67788,35.5891],[139.67911,35.58716],[139.67914,35.58715],[139.68063,35.5847],[139.68061,35.58467],[139.68073,35.58451],[139.67886,35.58401],[139.67754,35.5836],[139.67434,35.58245]]]}},{"type":"Feature","properties":{"id":"area-131110190","name":"田園調布南"},"geometry":{"type":"Polygon","coordinates":[[[139.67979,35.58345],[139.67964,35.58265],[139.67863,35.58293],[139.67816,35.58216],[139.67708,35.58201],[139.67712,35.5811],[139.67705,35.58066],[139.67664,35.57929],[139.67625,35.57887],[139.67601,35.57851],[139.67524,35.57801],[139.67553,35.57772],[139.67474,35.57719],[139.67437,35.57754],[139.67388,35.57742],[139.67378,35.57759],[139.6735,35.57844],[139.67346,35.5788],[139.67309,35.57975],[139.67281,35.58058],[139.67282,35.58063],[139.67278,35.58076],[139.67265,35.58082],[139.67257,35.58082],[139.67217,35.58176],[139.67434,35.58245],[139.6771,35.58345],[139.67858,35.58393],[139.67973,35.58424],[139.6798,35.58375],[139.67979,35.58345]]]}},{"type":"Feature","properties":{"id":"area-131110200","name":"東嶺町"},"geometry":{"type":"Polygon","coordinates":[[[139.68356,35.57917],[139.68308,35.57903],[139.68239,35.58121],[139.68186,35.58267],[139.68073,35.58451],[139.68789,35.58658],[139.68774,35.58633],[139.68771,35.58573],[139.68778,35.58483],[139.68705,35.58471],[139.68638,35.58449],[139.68703,35.58312],[139.68692,35.5826],[139.68648,35.58115],[139.68617,35.58039],[139.6859,35.58032],[139.68441,35.57948],[139.68356,35.57917]]]}},{"type":"Feature","properties":{"id":"area-131110210","name":"西嶺町"},"geometry":{"type":"Polygon","coordinates":[[[139.68186,35.58267],[139.68239,35.58121],[139.68308,35.57903],[139.68238,35.57895],[139.6821,35.57873],[139.68174,35.57864],[139.68141,35.57845],[139.68083,35.57889],[139.68062,35.57893],[139.68002,35.57894],[139.67948,35.57877],[139.67908,35.57893],[139.67865,35.57937],[139.67812,35.57971],[139.67794,35.57986],[139.6776,35.58036],[139.67695,35.57985],[139.67685,35.57994],[139.67705,35.58066],[139.67712,35.5811],[139.67708,35.58201],[139.67816,35.58216],[139.67863,35.58293],[139.67964,35.58265],[139.67981,35.58357],[139.67973,35.58424],[139.68073,35.58451],[139.68186,35.58267]]]}},{"type":"Feature","properties":{"id":"area-131110220","name":"北嶺町"},"geometry":{"type":"Polygon","coordinates":[[[139.6821,35.58839],[139.68255,35.58748],[139.68351,35.58779],[139.68386,35.58708],[139.68493,35.58745],[139.68604,35.58759],[139.68685,35.58787],[139.68683,35.5879],[139.68755,35.58814],[139.68817,35.58863],[139.68992,35.58719],[139.68794,35.58661],[139.68794,35.58658],[139.68073,35.58451],[139.68061,35.58467],[139.68063,35.5847],[139.67914,35.58715],[139.67911,35.58716],[139.67837,35.58831],[139.67882,35.58857],[139.67958,35.58914],[139.68007,35.58954],[139.68057,35.58987],[139.68138,35.59023],[139.6821,35.58839]]]}},{"type":"Feature","properties":{"id":"area-13111023001","name":"南雪谷一丁目"},"geometry":{"type":"Polygon","coordinates":[[[139.68597,35.59394],[139.68539,35.59349],[139.68536,35.59351],[139.6847,35.59298],[139.68386,35.59272],[139.68323,35.59266],[139.68263,35.59265],[139.68099,35.59318],[139.68138,35.59469],[139.68189,35.59562],[139.68236,35.59632],[139.68266,35.59668],[139.6827,35.59668],[139.68353,35.596],[139.68409,35.59551],[139.68597,35.59397],[139.68597,35.59394]]]}},{"type":"Feature","properties":{"id":"area-13111023002","name":"南雪谷二丁目"},"geometry":{"type":"Polygon","coordinates":[[[139.68099,35.59318],[139.68263,35.59265],[139.68323,35.59266],[139.68386,35.59272],[139.68396,35.59219],[139.6841,35.59178],[139.68424,35.59119],[139.68138,35.59023],[139.68057,35.58987],[139.68007,35.58954],[139.67958,35.58914],[139.67882,35.58857],[139.67837,35.58831],[139.67788,35.5891],[139.6784,35.58943],[139.67943,35.59045],[139.68043,35.59159],[139.68068,35.59218],[139.68099,35.59318]]]}},{"type":"Feature","properties":{"id":"area-13111023003","name":"南雪谷三丁目"},"geometry":{"type":"Polygon","coordinates":[[[139.68598,35.59395],[139.68916,35.59128],[139.68768,35.59024],[139.68514,35.58941],[139.68424,35.59119],[139.6841,35.59178],[139.68396,35.59219],[139.68386,35.59272],[139.6847,35.59298],[139.68536,35.59351],[139.68539,35.59349],[139.68598,35.59395]]]}},{"type":"Feature","properties":{"id":"area-13111023004","name":"南雪谷四丁目"},"geometry":{"type":"Polygon","coordinates":[[[139.68424,35.59119],[139.68604,35.58759],[139.68493,35.58745],[139.68386,35.58708],[139.68351,35.58779],[139.68255,35.58748],[139.6821,35.58839],[139.68138,35.59023],[139.68424,35.59119]]]}},{"type":"Feature","properties":{"id":"area-13111023005","name":"南雪谷五丁目"},"geometry":{"type":"Polygon","coordinates":[[[139.68916,35.59128],[139.69193,35.58891],[139.69197,35.58894],[139.69296,35.58809],[139.69157,35.58765],[139.68992,35.58719],[139.68817,35.58863],[139.68755,35.58814],[139.68604,35.58759],[139.68514,35.58941],[139.68768,35.59024],[139.68916,35.59128]]]}},{"type":"Feature","properties":{"id":"area-13111024001","name":"田園調布一丁目"},"geometry":{"type":"Polygon","coordinates":[[[139.67472,35.59355],[139.67713,35.59006],[139.6776,35.58948],[139.67787,35.5891],[139.67772,35.58906],[139.67297,35.5869],[139.67208,35.58661],[139.67121,35.58644],[139.66975,35.58588],[139.66965,35.58577],[139.66968,35.58573],[139.66954,35.58565],[139.66943,35.58566],[139.66937,35.58556],[139.66917,35.58577],[139.66903,35.58617],[139.66861,35.58659],[139.6685,35.58677],[139.66794,35.58739],[139.6671,35.58816],[139.66703,35.58826],[139.66525,35.58977],[139.66508,35.59001],[139.66481,35.59014],[139.66428,35.59049],[139.66415,35.59051],[139.66403,35.59061],[139.66412,35.59092],[139.66448,35.59118],[139.66477,35.59129],[139.66518,35.59135],[139.66515,35.59136],[139.66536,35.59144],[139.66551,35.59156],[139.66577,35.59169],[139.66607,35.59096],[139.66616,35.59087],[139.66718,35.59036],[139.66773,35.59033],[139.66792,35.59024],[139.66806,35.59024],[139.6681,35.59028],[139.66801,35.59058],[139.66799,35.59086],[139.66819,35.59107],[139.66818,35.5911],[139.66852,35.59118],[139.66892,35.59096],[139.66919,35.59089],[139.66932,35.5908],[139.6695,35.59079],[139.6699,35.59089],[139.66968,35.59122],[139.67472,35.59355]]]}},{"type":"Feature","properties":{"id":"area-13111024002","name":"田園調布二丁目"},"geometry":{"type":"Polygon","coordinates":[[[139.66986,35.59922],[139.67237,35.59637],[139.67351,35.59531],[139.67374,35.59506],[139.67479,35.59358],[139.66968,35.59122],[139.6699,35.59089],[139.6695,35.59079],[139.66932,35.5908],[139.66919,35.59089],[139.66892,35.59096],[139.66852,35.59118],[139.66818,35.5911],[139.66799,35.59193],[139.66772,35.59285],[139.66774,35.593],[139.66752,35.59397],[139.66743,35.59413],[139.66735,35.59481],[139.66734,35.59527],[139.6672,35.59536],[139.66716,35.59553],[139.66705,35.59679],[139.66719,35.59681],[139.66714,35.59752],[139.66707,35.59753],[139.66713,35.59888],[139.66803,35.5988],[139.66837,35.59873],[139.66832,35.59851],[139.66846,35.59839],[139.66888,35.59819],[139.66894,35.59821],[139.66909,35.59858],[139.66951,35.59902],[139.66986,35.59922]]]}},{"type":"Feature","properties":{"id":"area-13111024003","name":"田園調布三丁目"},"geometry":{"type":"Polygon","coordinates":[[[139.66448,35.59918],[139.66503,35.59873],[139.66579,35.59926],[139.66621,35.59936],[139.6672,35.59952],[139.66713,35.59888],[139.66707,35.59753],[139.66714,35.59752],[139.66719,35.59681],[139.66705,35.59679],[139.66716,35.59553],[139.6672,35.59536],[139.66734,35.59527],[139.66735,35.59481],[139.66743,35.59413],[139.66752,35.59397],[139.66774,35.593],[139.66772,35.59285],[139.66799,35.59193],[139.66819,35.59107],[139.66799,35.59086],[139.66801,35.59058],[139.6681,35.59028],[139.66806,35.59024],[139.66792,35.59024],[139.66773,35.59033],[139.66718,35.59036],[139.66616,35.59087],[139.66607,35.59096],[139.66577,35.59169],[139.66456,35.59292],[139.66413,35.59377],[139.66316,35.5949],[139.66271,35.59589],[139.6627,35.59708],[139.66276,35.59773],[139.66299,35.59842],[139.66342,35.59906],[139.66379,35.59948],[139.66413,35.59977],[139.66448,35.59918]]]}},{"type":"Feature","properties":{"id":"area-13111024004","name":"田園調布四丁目"},"geometry":{"type":"Polygon","coordinates":[[[139.66276,35.59771],[139.6627,35.59708],[139.66271,35.59589],[139.66316,35.5949],[139.66413,35.59377],[139.66456,35.59292],[139.66577,35.59169],[139.66551,35.59156],[139.66536,35.59144],[139.66515,35.59136],[139.66518,35.59135],[139.66477,35.59129],[139.66448,35.59118],[139.66412,35.59092],[139.66403,35.59061],[139.66295,35.59116],[139.66226,35.59137],[139.66146,35.59152],[139.65886,35.59186],[139.65971,35.59331],[139.65958,35.59338],[139.65973,35.59453],[139.65968,35.5957],[139.66086,35.59576],[139.65978,35.59641],[139.6599,35.59705],[139.66015,35.59752],[139.66041,35.59749],[139.66052,35.59765],[139.66095,35.59791],[139.66172,35.59809],[139.66207,35.59826],[139.66236,35.59846],[139.66312,35.59882],[139.66326,35.59885],[139.66299,35.59842],[139.66276,35.59771]]]}},{"type":"Feature","properties":{"id":"area-13111024005","name":"田園調布五丁目"},"geometry":{"type":"Polygon","coordinates":[[[139.66075,35.59966],[139.66091,35.5995],[139.66099,35.59955],[139.66119,35.59951],[139.66158,35.59929],[139.66219,35.59884],[139.66267,35.5986],[139.66236,35.59846],[139.66207,35.59826],[139.66172,35.59809],[139.66095,35.59791],[139.66052,35.59765],[139.66041,35.59749],[139.66015,35.59752],[139.6599,35.59705],[139.65978,35.59641],[139.66086,35.59576],[139.65968,35.5957],[139.65973,35.59453],[139.65958,35.59338],[139.65971,35.59331],[139.65885,35.59185],[139.658,35.59205],[139.6572,35.59219],[139.65657,35.59238],[139.65698,35.59322],[139.6572,35.59342],[139.65749,35.59331],[139.65762,35.59318],[139.6581,35.59315],[139.6582,35.59345],[139.65747,35.5938],[139.6561,35.59437],[139.65597,35.59416],[139.6554,35.5944],[139.65553,35.59461],[139.65496,35.59485],[139.65485,35.59467],[139.65429,35.5949],[139.6544,35.59508],[139.65384,35.59531],[139.6539,35.59542],[139.65333,35.59565],[139.65339,35.59575],[139.65282,35.59599],[139.65362,35.59728],[139.6556,35.59646],[139.65611,35.59731],[139.65617,35.59724],[139.6566,35.59749],[139.65624,35.59789],[139.65678,35.59822],[139.65746,35.59852],[139.65742,35.59882],[139.65747,35.59899],[139.65786,35.59906],[139.65807,35.59906],[139.65804,35.59909],[139.65812,35.59924],[139.65823,35.59931],[139.65853,35.59931],[139.65866,35.59936],[139.65883,35.5995],[139.65904,35.59984],[139.65927,35.59985],[139.6593,35.6],[139.65965,35.59995],[139.66046,35.59976],[139.66075,35.59966]]]}},{"type":"Feature","properties":{"id":"area-131110250","name":"雪谷大塚町"},"geometry":{"type":"Polygon","coordinates":[[[139.67836,35.5894],[139.67787,35.5891],[139.6776,35.58948],[139.67713,35.59006],[139.67598,35.59173],[139.67724,35.59245],[139.67862,35.59337],[139.67963,35.59399],[139.68079,35.59483],[139.68084,35.59505],[139.68157,35.59504],[139.68138,35.59469],[139.68092,35.59291],[139.68068,35.59218],[139.68043,35.59159],[139.67943,35.59045],[139.67836,35.5894]]]}},{"type":"Feature","properties":{"id":"area-13111026001","name":"鵜の木一丁目"},"geometry":{"type":"Polygon","coordinates":[[[139.68324,35.57863],[139.68382,35.5765],[139.68439,35.57464],[139.68468,35.57419],[139.68514,35.57369],[139.68602,35.5731],[139.68632,35.5731],[139.6866,35.5728],[139.68666,35.57245],[139.6866,35.57207],[139.6865,35.57194],[139.68587,35.57205],[139.68528,35.57223],[139.68424,35.5726],[139.68378,35.57288],[139.6798,35.57692],[139.68026,35.57721],[139.67897,35.57853],[139.67948,35.57877],[139.68002,35.57894],[139.68062,35.57893],[139.68083,35.57889],[139.68141,35.57845],[139.68174,35.57864],[139.6821,35.57873],[139.68238,35.57895],[139.68308,35.57903],[139.68324,35.57863]]]}},{"type":"Feature","properties":{"id":"area-13111026002","name":"鵜の木二丁目"},"geometry":{"type":"Polygon","coordinates":[[[139.6798,35.57692],[139.68318,35.57348],[139.6829,35.57329],[139.68178,35.57294],[139.68141,35.5727],[139.68116,35.57243],[139.6809,35.57206],[139.68071,35.57161],[139.68058,35.57114],[139.67996,35.57192],[139.67989,35.57194],[139.6789,35.57149],[139.67885,35.57154],[139.67854,35.57142],[139.67796,35.57261],[139.6777,35.5725],[139.6774,35.57242],[139.67682,35.57377],[139.67545,35.57341],[139.67481,35.57496],[139.67622,35.57533],[139.67648,35.57475],[139.6798,35.57692]]]}},{"type":"Feature","properties":{"id":"area-13111026003","name":"鵜の木三丁目"},"geometry":{"type":"Polygon","coordinates":[[[139.67794,35.57986],[139.67812,35.57971],[139.67865,35.57937],[139.67908,35.57893],[139.67948,35.57877],[139.67897,35.57853],[139.68026,35.57721],[139.67648,35.57475],[139.67622,35.57533],[139.67481,35.57496],[139.67388,35.57742],[139.67437,35.57754],[139.67474,35.57719],[139.67553,35.57772],[139.67524,35.57801],[139.67601,35.57851],[139.67625,35.57887],[139.67664,35.57929],[139.67685,35.57994],[139.67695,35.57985],[139.6776,35.58036],[139.67794,35.57986]]]}},{"type":"Feature","properties":{"id":"area-13111027001","name":"南久が原一丁目"},"geometry":{"type":"Polygon","coordinates":[[[139.68881,35.57713],[139.69013,35.57564],[139.69035,35.57576],[139.6907,35.57454],[139.69034,35.57435],[139.69009,35.57461],[139.68952,35.57427],[139.68883,35.574],[139.68641,35.57343],[139.68643,35.57363],[139.68627,35.5741],[139.68659,35.57463],[139.68662,35.57499],[139.68672,35.57528],[139.68705,35.57586],[139.68702,35.57639],[139.68719,35.57696],[139.68743,35.57752],[139.68764,35.57813],[139.68812,35.57898],[139.68834,35.579],[139.68923,35.57937],[139.69032,35.57803],[139.68881,35.57713]]]}},{"type":"Feature","properties":{"id":"area-13111027002","name":"南久が原二丁目"},"geometry":{"type":"Polygon","coordinates":[[[139.68635,35.57311],[139.68602,35.5731],[139.68514,35.57369],[139.68476,35.5741],[139.68451,35.57441],[139.68439,35.57464],[139.68403,35.57578],[139.68324,35.57863],[139.68308,35.57903],[139.68356,35.57917],[139.68441,35.57948],[139.6859,35.58032],[139.68614,35.58039],[139.68618,35.58019],[139.68622,35.58015],[139.6865,35.58001],[139.68693,35.57966],[139.68775,35.57907],[139.68812,35.57898],[139.68764,35.57813],[139.68743,35.57752],[139.68719,35.57696],[139.68702,35.57639],[139.68705,35.57586],[139.68672,35.57528],[139.68662,35.57499],[139.68659,35.57463],[139.68627,35.5741],[139.68643,35.57363],[139.68641,35.57321],[139.68635,35.57311]]]}},{"type":"Feature","properties":{"id":"area-13111028001","name":"千鳥一丁目"},"geometry":{"type":"Polygon","coordinates":[[[139.69253,35.57469],[139.69253,35.574],[139.69268,35.57355],[139.6926,35.57314],[139.69268,35.57313],[139.69433,35.57299],[139.69532,35.57308],[139.69558,35.57312],[139.69574,35.57319],[139.69661,35.57333],[139.6978,35.57373],[139.69674,35.57163],[139.69626,35.57167],[139.69558,35.57178],[139.69117,35.57143],[139.69095,35.57333],[139.69118,35.57332],[139.69033,35.57434],[139.6909,35.57461],[139.69253,35.57469]]]}},{"type":"Feature","properties":{"id":"area-13111028002","name":"千鳥二丁目"},"geometry":{"type":"Polygon","coordinates":[[[139.69597,35.56915],[139.69631,35.56625],[139.6953,35.567],[139.69507,35.56714],[139.6948,35.56717],[139.6947,35.56724],[139.69468,35.56735],[139.69374,35.56787],[139.69261,35.56859],[139.69267,35.56864],[139.69212,35.56903],[139.69102,35.56968],[139.69045,35.57014],[139.69128,35.5702],[139.69127,35.57065],[139.69117,35.57143],[139.69558,35.57178],[139.69626,35.57167],[139.69674,35.57163],[139.69623,35.57059],[139.69602,35.56976],[139.69597,35.56915]]]}},{"type":"Feature","properties":{"id":"area-13111028003","name":"千鳥三丁目"},"geometry":{"type":"Polygon","coordinates":[[[139.69009,35.57461],[139.69118,35.57332],[139.69095,35.57333],[139.69107,35.57208],[139.69127,35.57065],[139.69128,35.5702],[139.6894,35.57006],[139.68875,35.57062],[139.68841,35.57088],[139.68786,35.57127],[139.68717,35.5717],[139.68708,35.57179],[139.68698,35.57197],[139.68686,35.57208],[139.6866,35.57207],[139.68666,35.57245],[139.6866,35.5728],[139.68631,35.5731],[139.68635,35.57311],[139.68641,35.57321],[139.68641,35.57343],[139.68883,35.574],[139.68952,35.57427],[139.69009,35.57461]]]}},{"type":"Feature","properties":{"id":"area-13111029001","name":"仲池上一丁目"},"geometry":{"type":"Polygon","coordinates":[[[139.70123,35.59041],[139.70133,35.58905],[139.70151,35.58833],[139.70175,35.58702],[139.70098,35.58672],[139.70074,35.58667],[139.70027,35.58635],[139.69653,35.58511],[139.69564,35.58588],[139.69299,35.58806],[139.69542,35.58873],[139.69546,35.58874],[139.69544,35.58877],[139.69608,35.58895],[139.69651,35.58907],[139.69651,35.58904],[139.70123,35.59041]]]}},{"type":"Feature","properties":{"id":"area-13111029002","name":"仲池上二丁目"},"geometry":{"type":"Polygon","coordinates":[[[139.70146,35.58089],[139.70049,35.57896],[139.69884,35.58245],[139.69853,35.58303],[139.69823,35.5834],[139.69756,35.58403],[139.69738,35.58425],[139.69653,35.58511],[139.70027,35.58635],[139.70074,35.58667],[139.70098,35.58672],[139.70175,35.58702],[139.70194,35.58656],[139.70215,35.58589],[139.70218,35.58562],[139.70217,35.58464],[139.70228,35.58387],[139.70282,35.58323],[139.70284,35.58298],[139.7019,35.58171],[139.70146,35.58089]]]}},{"type":"Feature","properties":{"id":"area-13111030001","name":"久が原一丁目"},"geometry":{"type":"Polygon","coordinates":[[[139.69418,35.58474],[139.69392,35.5844],[139.69329,35.58456],[139.6928,35.58462],[139.69295,35.58434],[139.69218,35.58409],[139.69163,35.58385],[139.69047,35.58352],[139.68792,35.58337],[139.68701,35.58316],[139.68638,35.58449],[139.68705,35.58471],[139.68778,35.58483],[139.68771,35.58573],[139.68774,35.58633],[139.68788,35.58656],[139.68794,35.58658],[139.68794,35.58661],[139.69157,35.58765],[139.69296,35.58809],[139.69499,35.5864],[139.69484,35.58618],[139.69481,35.58567],[139.6947,35.5852],[139.6946,35.585],[139.69455,35.58492],[139.69418,35.58474]]]}},{"type":"Feature","properties":{"id":"area-13111030002","name":"久が原二丁目"},"geometry":{"type":"Polygon","coordinates":[[[139.696,35.5785],[139.69476,35.57854],[139.69476,35.57892],[139.69468,35.57976],[139.69468,35.58014],[139.69475,35.58043],[139.69471,35.58044],[139.69519,35.58217],[139.6954,35.58273],[139.6954,35.58287],[139.69472,35.58302],[139.69406,35.58308],[139.69285,35.5834],[139.69354,35.58411],[139.69387,35.58433],[139.69418,35.58474],[139.69455,35.58492],[139.6946,35.585],[139.6947,35.5852],[139.69481,35.58567],[139.69484,35.58618],[139.69499,35.5864],[139.69564,35.58588],[139.69653,35.58511],[139.69738,35.58425],[139.69756,35.58403],[139.69823,35.5834],[139.69853,35.58303],[139.69884,35.58245],[139.69994,35.58014],[139.69824,35.57962],[139.69653,35.57906],[139.69599,35.57863],[139.696,35.5785]]]}},{"type":"Feature","properties":{"id":"area-13111030003","name":"久が原三丁目"},"geometry":{"type":"Polygon","coordinates":[[[139.6883,35.579],[139.68812,35.57898],[139.68775,35.57907],[139.68693,35.57966],[139.6865,35.58001],[139.68622,35.58015],[139.68618,35.58019],[139.68614,35.58039],[139.68617,35.58039],[139.68648,35.58115],[139.68692,35.5826],[139.68702,35.58298],[139.68701,35.58316],[139.68792,35.58337],[139.69047,35.58352],[139.69163,35.58385],[139.69218,35.58409],[139.69295,35.58434],[139.6928,35.58462],[139.69329,35.58456],[139.69392,35.5844],[139.69354,35.58411],[139.69257,35.58311],[139.69216,35.58225],[139.6918,35.58162],[139.68923,35.57937],[139.6883,35.579]]]}},{"type":"Feature","properties":{"id":"area-13111030004","name":"久が原四丁目"},"geometry":{"type":"Polygon","coordinates":[[[139.68976,35.57641],[139.68956,35.57629],[139.68881,35.57713],[139.69032,35.57803],[139.68923,35.57937],[139.6918,35.58162],[139.69216,35.58225],[139.69257,35.58311],[139.69285,35.5834],[139.69406,35.58308],[139.69472,35.58302],[139.6954,35.58287],[139.6954,35.58273],[139.69519,35.58217],[139.69471,35.58044],[139.69475,35.58043],[139.69468,35.58014],[139.69468,35.57976],[139.69476,35.57892],[139.69476,35.57854],[139.69491,35.57703],[139.69018,35.57676],[139.68976,35.57641]]]}},{"type":"Feature","properties":{"id":"area-13111030005","name":"久が原五丁目"},"geometry":{"type":"Polygon","coordinates":[[[139.69994,35.58014],[139.70051,35.57896],[139.69978,35.5776],[139.69851,35.57504],[139.6978,35.57373],[139.69661,35.57333],[139.69621,35.57327],[139.69614,35.57415],[139.69514,35.57417],[139.69476,35.57854],[139.69596,35.57848],[139.696,35.5785],[139.69599,35.57863],[139.69653,35.57906],[139.69824,35.57962],[139.69994,35.58014]]]}},{"type":"Feature","properties":{"id":"area-13111030006","name":"久が原六丁目"},"geometry":{"type":"Polygon","coordinates":[[[139.69491,35.57703],[139.69514,35.57417],[139.69614,35.57415],[139.69621,35.57327],[139.69574,35.57319],[139.69558,35.57312],[139.69433,35.57299],[139.6926,35.57314],[139.69268,35.57355],[139.69253,35.574],[139.69253,35.57469],[139.6909,35.57461],[139.6907,35.57454],[139.69035,35.57576],[139.69013,35.57564],[139.68956,35.57629],[139.68999,35.57658],[139.69018,35.57676],[139.69491,35.57703]]]}},{"type":"Feature","properties":{"id":"area-13111031001","name":"南千束一丁目"},"geometry":{"type":"Polygon","coordinates":[[[139.69275,35.60554],[139.69684,35.60448],[139.69692,35.60449],[139.69728,35.60472],[139.69739,35.60459],[139.69768,35.60442],[139.69802,35.60407],[139.69798,35.60404],[139.69795,35.60407],[139.69744,35.60368],[139.69641,35.60306],[139.69456,35.6018],[139.69433,35.60168],[139.69297,35.60069],[139.69276,35.60056],[139.69213,35.60035],[139.69216,35.60069],[139.69223,35.60089],[139.69211,35.60115],[139.69218,35.60122],[139.69194,35.60182],[139.69253,35.60198],[139.69222,35.60264],[139.6916,35.60334],[139.69142,35.60369],[139.69141,35.60383],[139.69173,35.60572],[139.69228,35.60565],[139.69275,35.60554]]]}},{"type":"Feature","properties":{"id":"area-13111031002","name":"南千束二丁目"},"geometry":{"type":"Polygon","coordinates":[[[139.69223,35.60089],[139.69216,35.60069],[139.69213,35.60035],[139.69142,35.60021],[139.6896,35.60018],[139.68919,35.60012],[139.68844,35.59991],[139.68825,35.5999],[139.68806,35.60046],[139.68801,35.6017],[139.68782,35.60253],[139.68782,35.60453],[139.68779,35.60468],[139.68867,35.60488],[139.68955,35.60518],[139.69077,35.60568],[139.69112,35.60578],[139.69173,35.60572],[139.69141,35.60383],[139.69142,35.60369],[139.6916,35.60334],[139.69222,35.60264],[139.69253,35.60198],[139.69194,35.60182],[139.69218,35.60122],[139.69211,35.60115],[139.69223,35.60089]]]}},{"type":"Feature","properties":{"id":"area-13111031003","name":"南千束三丁目"},"geometry":{"type":"Polygon","coordinates":[[[139.68503,35.60453],[139.68659,35.60455],[139.68779,35.60468],[139.68782,35.60453],[139.68782,35.60253],[139.68801,35.6017],[139.68806,35.60046],[139.68825,35.5999],[139.68609,35.59927],[139.68565,35.59906],[139.68557,35.59975],[139.68525,35.60019],[139.68522,35.60037],[139.68534,35.60151],[139.68532,35.60188],[139.68527,35.60215],[139.68476,35.60217],[139.6843,35.60225],[139.68474,35.6049],[139.68509,35.60483],[139.68503,35.60467],[139.68503,35.60453]]]}},{"type":"Feature","properties":{"id":"area-13111032001","name":"石川町一丁目"},"geometry":{"type":"Polygon","coordinates":[[[139.68224,35.60424],[139.68221,35.60405],[139.68265,35.60399],[139.68284,35.60407],[139.68289,35.60402],[139.68263,35.60365],[139.68272,35.60338],[139.68282,35.60337],[139.68289,35.60314],[139.68282,35.60305],[139.68302,35.60263],[139.68343,35.60243],[139.68388,35.60231],[139.68476,35.60217],[139.68527,35.60215],[139.68532,35.60188],[139.68534,35.60151],[139.68524,35.60063],[139.68522,35.60037],[139.68525,35.60019],[139.68355,35.59971],[139.68356,35.59965],[139.68258,35.60002],[139.68242,35.60041],[139.68241,35.60062],[139.68251,35.60092],[139.68193,35.60096],[139.68115,35.60085],[139.68092,35.60113],[139.68077,35.60111],[139.68067,35.60148],[139.68081,35.60269],[139.68082,35.60321],[139.68064,35.60413],[139.68102,35.60424],[139.68116,35.60416],[139.68192,35.6042],[139.68191,35.60424],[139.68224,35.60424]]]}},{"type":"Feature","properties":{"id":"area-13111032002","name":"石川町二丁目"},"geometry":{"type":"Polygon","coordinates":[[[139.68092,35.60113],[139.68115,35.60085],[139.68193,35.60096],[139.68251,35.60092],[139.68241,35.60062],[139.68242,35.60041],[139.68258,35.60002],[139.68356,35.59965],[139.68355,35.59971],[139.68525,35.60019],[139.68557,35.59975],[139.68565,35.59906],[139.6846,35.59847],[139.68393,35.59804],[139.68287,35.59695],[139.68236,35.59632],[139.68189,35.59562],[139.68157,35.59504],[139.68084,35.59505],[139.68078,35.59601],[139.68086,35.59664],[139.68055,35.59728],[139.6805,35.59731],[139.6805,35.5975],[139.68079,35.59784],[139.68023,35.5981],[139.68022,35.5982],[139.6805,35.59808],[139.68112,35.59821],[139.68105,35.59872],[139.68067,35.59873],[139.68062,35.59899],[139.68025,35.59899],[139.68025,35.59876],[139.68022,35.59876],[139.68024,35.59937],[139.68035,35.59946],[139.68035,35.6006],[139.68079,35.60055],[139.68115,35.60066],[139.68077,35.60111],[139.68092,35.60113]]]}},{"type":"Feature","properties":{"id":"area-13111033001","name":"東雪谷一丁目"},"geometry":{"type":"Polygon","coordinates":[[[139.69177,35.59547],[139.69093,35.59504],[139.6904,35.59538],[139.69,35.59574],[139.68857,35.59726],[139.68805,35.59809],[139.68763,35.59864],[139.68688,35.5995],[139.68825,35.5999],[139.68844,35.59991],[139.68919,35.60012],[139.6896,35.60018],[139.69142,35.60021],[139.69159,35.59978],[139.69121,35.59948],[139.69112,35.59895],[139.69128,35.59785],[139.69295,35.59652],[139.69357,35.59571],[139.69295,35.59555],[139.6924,35.59548],[139.69177,35.59547]]]}},{"type":"Feature","properties":{"id":"area-13111033002","name":"東雪谷二丁目"},"geometry":{"type":"Polygon","coordinates":[[[139.68748,35.5951],[139.68597,35.59395],[139.68353,35.596],[139.6827,35.59668],[139.68266,35.59668],[139.68287,35.59695],[139.68393,35.59804],[139.6846,35.59847],[139.6858,35.59913],[139.68609,35.59927],[139.68688,35.5995],[139.68763,35.59864],[139.68805,35.59809],[139.68857,35.59726],[139.68926,35.59651],[139.68869,35.59622],[139.68856,35.59611],[139.68791,35.59529],[139.68748,35.5951]]]}},{"type":"Feature","properties":{"id":"area-13111033003","name":"東雪谷三丁目"},"geometry":{"type":"Polygon","coordinates":[[[139.69158,35.59409],[139.69224,35.59342],[139.68917,35.59127],[139.68597,35.59394],[139.68748,35.5951],[139.68791,35.59529],[139.68856,35.59611],[139.68869,35.59622],[139.68926,35.59651],[139.69,35.59574],[139.6904,35.59538],[139.69092,35.59505],[139.69158,35.59409]]]}},{"type":"Feature","properties":{"id":"area-13111033004","name":"東雪谷四丁目"},"geometry":{"type":"Polygon","coordinates":[[[139.69408,35.59509],[139.69483,35.59467],[139.69528,35.59403],[139.69526,35.59402],[139.69556,35.59349],[139.69647,35.5927],[139.6969,35.59207],[139.69689,35.59188],[139.69674,35.59137],[139.69665,35.59076],[139.69654,35.59059],[139.69631,35.58988],[139.69403,35.59134],[139.69349,35.59189],[139.69249,35.59318],[139.69158,35.59409],[139.69092,35.59505],[139.69177,35.59547],[139.6924,35.59548],[139.69295,35.59555],[139.69348,35.59568],[139.69357,35.59571],[139.69354,35.59576],[139.69359,35.59573],[139.69408,35.59509]]]}},{"type":"Feature","properties":{"id":"area-13111033005","name":"東雪谷五丁目"},"geometry":{"type":"Polygon","coordinates":[[[139.69643,35.58905],[139.69544,35.58877],[139.69546,35.58874],[139.69542,35.58873],[139.69299,35.58806],[139.69197,35.58894],[139.69193,35.58891],[139.69167,35.58912],[139.68917,35.59127],[139.69224,35.59342],[139.69249,35.59318],[139.69349,35.59189],[139.69403,35.59134],[139.69638,35.58986],[139.69643,35.58905]]]}},{"type":"Feature","properties":{"id":"area-13111034001","name":"上池台一丁目"},"geometry":{"type":"Polygon","coordinates":[[[139.69951,35.60276],[139.70093,35.60161],[139.69995,35.60167],[139.70124,35.60061],[139.69987,35.59908],[139.69959,35.59836],[139.69915,35.59838],[139.69883,35.59851],[139.69822,35.59853],[139.69814,35.59847],[139.698,35.59822],[139.69741,35.59797],[139.69663,35.5988],[139.6962,35.5993],[139.69433,35.60168],[139.69456,35.6018],[139.69641,35.60306],[139.69744,35.60368],[139.69795,35.60407],[139.69905,35.60307],[139.69951,35.60276]]]}},{"type":"Feature","properties":{"id":"area-13111034002","name":"上池台二丁目"},"geometry":{"type":"Polygon","coordinates":[[[139.69411,35.59706],[139.69295,35.59652],[139.69128,35.59785],[139.69112,35.59895],[139.69121,35.59948],[139.69159,35.59978],[139.69142,35.60021],[139.69213,35.60035],[139.69276,35.60056],[139.69433,35.60168],[139.6962,35.5993],[139.69663,35.5988],[139.69741,35.59797],[139.69686,35.59779],[139.69638,35.59775],[139.69411,35.59706]]]}},{"type":"Feature","properties":{"id":"area-13111034003","name":"上池台三丁目"},"geometry":{"type":"Polygon","coordinates":[[[139.69822,35.59552],[139.70001,35.59446],[139.69904,35.59338],[139.69692,35.59062],[139.69638,35.58986],[139.69631,35.58988],[139.69654,35.59059],[139.69665,35.59076],[139.69674,35.59137],[139.69689,35.59188],[139.6969,35.59207],[139.69647,35.5927],[139.69556,35.59349],[139.69526,35.59402],[139.69528,35.59403],[139.69483,35.59467],[139.69408,35.59509],[139.69295,35.59652],[139.69411,35.59706],[139.69638,35.59775],[139.69686,35.59779],[139.69738,35.59797],[139.69762,35.59752],[139.69776,35.59695],[139.69793,35.59589],[139.69822,35.59552]]]}},{"type":"Feature","properties":{"id":"area-13111034004","name":"上池台四丁目"},"geometry":{"type":"Polygon","coordinates":[[[139.70372,35.59946],[139.70355,35.59825],[139.7035,35.59826],[139.70348,35.59817],[139.70001,35.59446],[139.69822,35.59552],[139.69793,35.59589],[139.69776,35.59695],[139.69762,35.59752],[139.69738,35.59797],[139.698,35.59822],[139.69814,35.59847],[139.69822,35.59853],[139.69883,35.59851],[139.69915,35.59838],[139.69959,35.59836],[139.69987,35.59908],[139.70124,35.60061],[139.70149,35.60045],[139.70372,35.59946]]]}},{"type":"Feature","properties":{"id":"area-13111034005","name":"上池台五丁目"},"geometry":{"type":"Polygon","coordinates":[[[139.70123,35.59041],[139.69651,35.58904],[139.69651,35.58907],[139.69643,35.58905],[139.69638,35.58986],[139.69692,35.59062],[139.69904,35.59338],[139.70348,35.59817],[139.70339,35.59784],[139.70309,35.59735],[139.70305,35.59715],[139.70326,35.59675],[139.70328,35.59667],[139.70327,35.59643],[139.70313,35.59577],[139.70313,35.5951],[139.70289,35.59411],[139.70256,35.59315],[139.70223,35.59292],[139.70161,35.5922],[139.7015,35.59188],[139.70139,35.59133],[139.70127,35.59104],[139.70123,35.59041]]]}},{"type":"Feature","properties":{"id":"area-13111035001","name":"北千束一丁目"},"geometry":{"type":"Polygon","coordinates":[[[139.68439,35.6131],[139.6844,35.61303],[139.68447,35.61304],[139.68452,35.61286],[139.68458,35.61287],[139.68494,35.61251],[139.68509,35.61242],[139.68509,35.61232],[139.6854,35.61221],[139.68539,35.61209],[139.68585,35.61179],[139.68618,35.61168],[139.68674,35.61162],[139.68696,35.61165],[139.68747,35.61152],[139.68781,35.61135],[139.6886,35.61123],[139.68917,35.61128],[139.68975,35.61127],[139.69024,35.61119],[139.69024,35.61112],[139.69028,35.61109],[139.69035,35.61117],[139.69039,35.61117],[139.69041,35.61126],[139.69054,35.61124],[139.69052,35.61115],[139.69079,35.61116],[139.6908,35.61121],[139.69106,35.61116],[139.69103,35.61113],[139.6914,35.61109],[139.69345,35.60962],[139.69321,35.60949],[139.69281,35.60935],[139.69025,35.60866],[139.68845,35.60821],[139.68739,35.60797],[139.68717,35.60797],[139.68589,35.60775],[139.68529,35.6075],[139.68526,35.60735],[139.68509,35.60728],[139.68504,35.60747],[139.68494,35.60754],[139.68477,35.60782],[139.68486,35.60875],[139.68484,35.60907],[139.68476,35.60976],[139.68465,35.61001],[139.68458,35.61026],[139.68456,35.61075],[139.68437,35.61236],[139.68423,35.61309],[139.68439,35.6131]]]}},{"type":"Feature","properties":{"id":"area-13111035002","name":"北千束二丁目"},"geometry":{"type":"Polygon","coordinates":[[[139.69628,35.60604],[139.69695,35.60515],[139.69716,35.60495],[139.69728,35.60472],[139.69692,35.60449],[139.69684,35.60448],[139.69228,35.60565],[139.69112,35.60578],[139.69032,35.60549],[139.68996,35.60625],[139.6897,35.60744],[139.68967,35.60745],[139.68949,35.60847],[139.69297,35.6094],[139.69321,35.60949],[139.69355,35.60969],[139.69423,35.6092],[139.69497,35.60846],[139.6952,35.6081],[139.69545,35.60743],[139.69628,35.60604]]]}},{"type":"Feature","properties":{"id":"area-13111035003","name":"北千束三丁目"},"geometry":{"type":"Polygon","coordinates":[[[139.68949,35.60847],[139.68967,35.60745],[139.6897,35.60744],[139.68996,35.60625],[139.69032,35.60549],[139.68955,35.60518],[139.68867,35.60488],[139.68779,35.60468],[139.68659,35.60455],[139.68503,35.60453],[139.68503,35.60467],[139.68509,35.60483],[139.68474,35.6049],[139.6851,35.60693],[139.68509,35.60728],[139.68526,35.60735],[139.68529,35.6075],[139.68589,35.60775],[139.68717,35.60797],[139.68739,35.60797],[139.68949,35.60847]]]}},{"type":"Feature","properties":{"id":"area-13111036001","name":"北糀谷一丁目"},"geometry":{"type":"Polygon","coordinates":[[[139.73769,35.56093],[139.73364,35.56077],[139.73361,35.56092],[139.7347,35.56115],[139.73447,35.56239],[139.73381,35.56394],[139.7337,35.5643],[139.73382,35.56443],[139.73421,35.56475],[139.73457,35.56535],[139.73473,35.56549],[139.7349,35.56559],[139.73526,35.56569],[139.73567,35.56571],[139.73637,35.5656],[139.73769,35.56093]]]}},{"type":"Feature","properties":{"id":"area-13111036002","name":"北糀谷二丁目"},"geometry":{"type":"Polygon","coordinates":[[[139.73447,35.56239],[139.7347,35.56115],[139.73361,35.56092],[139.73364,35.56077],[139.73037,35.56065],[139.72978,35.5606],[139.7297,35.56087],[139.72954,35.56118],[139.73038,35.5616],[139.73188,35.56259],[139.73207,35.56268],[139.7328,35.56317],[139.73381,35.56394],[139.73447,35.56239]]]}},{"type":"Feature","properties":{"id":"area-13111037001","name":"西糀谷一丁目"},"geometry":{"type":"Polygon","coordinates":[[[139.73306,35.56075],[139.73306,35.56005],[139.73332,35.55994],[139.73321,35.55935],[139.7332,35.55915],[139.73339,35.55859],[139.73343,35.558],[139.73343,35.55756],[139.7334,35.55741],[139.73323,35.55714],[139.7332,35.55698],[139.73137,35.55701],[139.73004,35.55678],[139.72743,35.55667],[139.72712,35.55693],[139.72738,35.55739],[139.72797,35.55916],[139.72835,35.56018],[139.72837,35.56034],[139.7296,35.56058],[139.73037,35.56065],[139.73306,35.56075]]]}},{"type":"Feature","properties":{"id":"area-13111037002","name":"西糀谷二丁目"},"geometry":{"type":"Polygon","coordinates":[[[139.73774,35.56094],[139.73887,35.55709],[139.73499,35.55703],[139.73458,35.5571],[139.73362,35.55711],[139.7332,35.55698],[139.73323,35.55714],[139.7334,35.55741],[139.73343,35.55756],[139.73343,35.558],[139.73339,35.55859],[139.7332,35.55915],[139.73321,35.55935],[139.73332,35.55994],[139.73306,35.56005],[139.73306,35.56075],[139.73774,35.56094]]]}},{"type":"Feature","properties":{"id":"area-13111037003","name":"西糀谷三丁目"},"geometry":{"type":"Polygon","coordinates":[[[139.73362,35.55711],[139.73458,35.5571],[139.73499,35.55703],[139.73887,35.55709],[139.74023,35.55251],[139.7403,35.5522],[139.73443,35.55279],[139.73348,35.55283],[139.73344,35.5545],[139.73331,35.55613],[139.7332,35.55698],[139.73362,35.55711]]]}},{"type":"Feature","properties":{"id":"area-13111037004","name":"西糀谷四丁目"},"geometry":{"type":"Polygon","coordinates":[[[139.73137,35.55701],[139.7332,35.55698],[139.73331,35.55613],[139.73344,35.5545],[139.73348,35.55283],[139.73104,35.55302],[139.72986,35.55351],[139.72632,35.55605],[139.72708,35.55696],[139.72715,35.55699],[139.72712,35.55693],[139.72743,35.55667],[139.73004,35.55678],[139.73137,35.55701]]]}},{"type":"Feature","properties":{"id":"area-13111038001","name":"東糀谷一丁目"},"geometry":{"type":"Polygon","coordinates":[[[139.74275,35.56111],[139.7428,35.56041],[139.74271,35.55966],[139.74249,35.55893],[139.74251,35.55864],[139.74243,35.55713],[139.73887,35.55709],[139.73774,35.56094],[139.73981,35.56104],[139.74275,35.56111]]]}},{"type":"Feature","properties":{"id":"area-13111038002","name":"東糀谷二丁目"},"geometry":{"type":"Polygon","coordinates":[[[139.74221,35.55372],[139.74075,35.55364],[139.74009,35.5539],[139.73981,35.55391],[139.73887,35.55709],[139.74243,35.55713],[139.74229,35.55629],[139.74226,35.5554],[139.74227,35.55469],[139.74221,35.5541],[139.74221,35.55372]]]}},{"type":"Feature","properties":{"id":"area-13111038003","name":"東糀谷三丁目"},"geometry":{"type":"Polygon","coordinates":[[[139.74648,35.5543],[139.74583,35.55266],[139.74559,35.55191],[139.74313,35.55224],[139.74023,35.55251],[139.73981,35.55391],[139.74009,35.5539],[139.74075,35.55364],[139.74221,35.55372],[139.74233,35.55363],[139.74263,35.55371],[139.7432,35.55378],[139.74483,35.55386],[139.7454,35.55399],[139.74648,35.5543]]]}},{"type":"Feature","properties":{"id":"area-13111038004","name":"東糀谷四丁目"},"geometry":{"type":"Polygon","coordinates":[[[139.74796,35.55487],[139.74645,35.5542],[139.74648,35.5543],[139.7454,35.55399],[139.74483,35.55386],[139.7432,35.55378],[139.74263,35.55371],[139.74233,35.55363],[139.74221,35.55372],[139.74221,35.5541],[139.74227,35.55469],[139.74226,35.5554],[139.74229,35.55629],[139.74243,35.55713],[139.74487,35.55716],[139.74593,35.55721],[139.74747,35.55721],[139.74796,35.55487]]]}},{"type":"Feature","properties":{"id":"area-13111038005","name":"東糀谷五丁目"},"geometry":{"type":"Polygon","coordinates":[[[139.74275,35.56111],[139.747,35.56097],[139.74713,35.5589],[139.74729,35.5581],[139.74727,35.55805],[139.74747,35.55721],[139.74593,35.55721],[139.74487,35.55716],[139.74243,35.55713],[139.74251,35.55864],[139.74249,35.55893],[139.74271,35.55966],[139.7428,35.56041],[139.74275,35.56111]]]}},{"type":"Feature","properties":{"id":"area-13111038006","name":"東糀谷六丁目"},"geometry":{"type":"Polygon","coordinates":[[[139.75217,35.56002],[139.75214,35.55979],[139.7518,35.55981],[139.75169,35.55915],[139.75173,35.55895],[139.7517,35.55881],[139.75134,35.55876],[139.7514,35.55855],[139.75134,35.55678],[139.75166,35.55667],[139.75174,35.55655],[139.74879,35.55528],[139.74796,35.55487],[139.74758,35.55675],[139.74727,35.55805],[139.74729,35.5581],[139.74713,35.5589],[139.747,35.56097],[139.75184,35.56079],[139.75179,35.56054],[139.75176,35.56009],[139.75213,35.56007],[139.75217,35.56002]]]}},{"type":"Feature","properties":{"id":"area-13111039001","name":"萩中一丁目"},"geometry":{"type":"Polygon","coordinates":[[[139.72633,35.55262],[139.72909,35.55262],[139.72967,35.55242],[139.72965,35.54982],[139.72806,35.55003],[139.72357,35.55037],[139.72346,35.55069],[139.72328,35.55083],[139.72274,35.55182],[139.72255,35.55205],[139.72327,35.55259],[139.72367,35.55252],[139.72387,35.55256],[139.72476,35.55259],[139.72608,35.55257],[139.72633,35.55262]]]}},{"type":"Feature","properties":{"id":"area-13111039002","name":"萩中二丁目"},"geometry":{"type":"Polygon","coordinates":[[[139.73355,35.54954],[139.73097,35.54968],[139.72966,35.54986],[139.72967,35.55242],[139.72986,35.55351],[139.73104,35.55302],[139.73347,35.55283],[139.73355,35.54954]]]}},{"type":"Feature","properties":{"id":"area-13111039003","name":"萩中三丁目"},"geometry":{"type":"Polygon","coordinates":[[[139.74074,35.55001],[139.74082,35.54915],[139.73355,35.54954],[139.73347,35.55283],[139.73443,35.55279],[139.7403,35.5522],[139.74059,35.55119],[139.74074,35.55001]]]}},{"type":"Feature","properties":{"id":"area-13111040001","name":"本羽田一丁目"},"geometry":{"type":"Polygon","coordinates":[[[139.72808,35.54511],[139.72648,35.54488],[139.72668,35.54615],[139.72532,35.54744],[139.72493,35.54804],[139.72455,35.54855],[139.72433,35.5488],[139.72393,35.54954],[139.72368,35.55007],[139.72357,35.55037],[139.72806,35.55003],[139.72965,35.54982],[139.72968,35.54819],[139.72998,35.54525],[139.72808,35.54511]]]}},{"type":"Feature","properties":{"id":"area-13111040002","name":"本羽田二丁目"},"geometry":{"type":"Polygon","coordinates":[[[139.73384,35.54555],[139.73383,35.54534],[139.73135,35.54532],[139.72998,35.54525],[139.72968,35.54819],[139.72966,35.54986],[139.73097,35.54968],[139.73351,35.54953],[139.73354,35.54778],[139.73384,35.54555]]]}},{"type":"Feature","properties":{"id":"area-13111040003","name":"本羽田三丁目"},"geometry":{"type":"Polygon","coordinates":[[[139.74106,35.54581],[139.74105,35.54518],[139.73903,35.54539],[139.73723,35.54547],[139.73383,35.54534],[139.73384,35.54555],[139.73354,35.54778],[139.73351,35.54953],[139.73414,35.54952],[139.74082,35.54915],[139.74091,35.54847],[139.74097,35.54829],[139.74104,35.54678],[139.741,35.54661],[139.74106,35.54581]]]}},{"type":"Feature","properties":{"id":"area-131110410","name":"羽田旭町"},"geometry":{"type":"Polygon","coordinates":[[[139.75177,35.55656],[139.75187,35.55638],[139.75206,35.55637],[139.75243,35.55504],[139.75284,35.55383],[139.75288,35.55364],[139.75284,35.55355],[139.75291,35.55353],[139.75279,35.551],[139.75273,35.551],[139.75272,35.55072],[139.74843,35.55152],[139.74559,35.55191],[139.74583,35.55266],[139.74645,35.5542],[139.7472,35.55451],[139.74879,35.55528],[139.75177,35.55656]]]}},{"type":"Feature","properties":{"id":"area-13111042001","name":"羽田一丁目"},"geometry":{"type":"Polygon","coordinates":[[[139.74313,35.55224],[139.74545,35.55193],[139.74511,35.55098],[139.74412,35.54895],[139.74083,35.54913],[139.74059,35.55119],[139.74023,35.55251],[139.74313,35.55224]]]}},{"type":"Feature","properties":{"id":"area-13111042002","name":"羽田二丁目"},"geometry":{"type":"Polygon","coordinates":[[[139.74371,35.54699],[139.74357,35.54579],[139.74338,35.54581],[139.74331,35.54538],[139.74315,35.54487],[139.74105,35.54518],[139.74106,35.54581],[139.741,35.54661],[139.74104,35.54678],[139.74097,35.54829],[139.74091,35.54847],[139.74083,35.54913],[139.74412,35.54895],[139.74434,35.54889],[139.74392,35.54787],[139.74382,35.54752],[139.74371,35.54699]]]}},{"type":"Feature","properties":{"id":"area-13111042003","name":"羽田三丁目"},"geometry":{"type":"Polygon","coordinates":[[[139.74732,35.54819],[139.74712,35.5474],[139.74683,35.54746],[139.74676,35.54723],[139.74685,35.54722],[139.74686,35.54719],[139.74665,35.54637],[139.74664,35.54632],[139.747,35.5462],[139.74683,35.54586],[139.74669,35.54539],[139.74685,35.54536],[139.74653,35.54529],[139.74677,35.54432],[139.7467,35.54443],[139.74651,35.54443],[139.74618,35.54437],[139.74518,35.54446],[139.745,35.5444],[139.74477,35.54438],[139.74449,35.54448],[139.74427,35.54446],[139.74403,35.54462],[139.74387,35.54462],[139.74315,35.54487],[139.74331,35.54538],[139.74338,35.54581],[139.74357,35.54579],[139.74364,35.54659],[139.74375,35.54725],[139.74392,35.54787],[139.74434,35.54889],[139.74732,35.54819]]]}},{"type":"Feature","properties":{"id":"area-13111042004","name":"羽田四丁目"},"geometry":{"type":"Polygon","coordinates":[[[139.7486,35.55003],[139.74768,35.54811],[139.74412,35.54895],[139.74511,35.55098],[139.74545,35.55193],[139.74808,35.55157],[139.74916,35.55137],[139.7486,35.55003]]]}},{"type":"Feature","properties":{"id":"area-13111042005","name":"羽田五丁目"},"geometry":{"type":"Polygon","coordinates":[[[139.75291,35.55068],[139.75293,35.55043],[139.7527,35.55048],[139.75275,35.5504],[139.75278,35.55002],[139.75273,35.54999],[139.75294,35.54993],[139.75292,35.54985],[139.75271,35.5499],[139.75253,35.5496],[139.75242,35.54952],[139.75248,35.54949],[139.75234,35.54942],[139.75238,35.54934],[139.75262,35.5493],[139.75259,35.54926],[139.75235,35.54929],[139.75225,35.54926],[139.75231,35.54924],[139.7523,35.54915],[139.75217,35.54913],[139.75221,35.5491],[139.75211,35.54904],[139.75203,35.54896],[139.75202,35.54891],[139.75207,35.54886],[139.752,35.54888],[139.75197,35.54883],[139.75203,35.54878],[139.75197,35.54866],[139.75189,35.54866],[139.75189,35.54856],[139.752,35.54857],[139.75193,35.54848],[139.75203,35.54848],[139.75195,35.54844],[139.75199,35.54843],[139.75197,35.54837],[139.75218,35.54832],[139.75224,35.54828],[139.75233,35.54835],[139.75235,35.54833],[139.75228,35.54825],[139.75232,35.54822],[139.75237,35.54811],[139.75231,35.54791],[139.75179,35.54695],[139.75101,35.54702],[139.7483,35.54796],[139.74768,35.54811],[139.7486,35.55003],[139.74916,35.55137],[139.75291,35.55068]]]}},{"type":"Feature","properties":{"id":"area-13111042006","name":"羽田六丁目"},"geometry":{"type":"Polygon","coordinates":[[[139.7483,35.54796],[139.75101,35.54702],[139.75168,35.54696],[139.75165,35.54683],[139.75202,35.54678],[139.75199,35.54671],[139.75179,35.54673],[139.75185,35.54662],[139.75183,35.54642],[139.75188,35.5462],[139.75196,35.54607],[139.75209,35.54594],[139.75208,35.54591],[139.75215,35.54584],[139.75217,35.54573],[139.75222,35.54569],[139.75194,35.54561],[139.75139,35.54551],[139.75139,35.54546],[139.75121,35.54548],[139.75112,35.54535],[139.75115,35.54545],[139.75095,35.54541],[139.75097,35.54532],[139.75092,35.54534],[139.75082,35.54532],[139.75088,35.5454],[139.75059,35.54534],[139.75061,35.54524],[139.75056,35.54523],[139.75055,35.54532],[139.75038,35.54528],[139.75039,35.54522],[139.75036,35.54521],[139.75034,35.54528],[139.75021,35.54515],[139.75024,35.54524],[139.75014,35.54522],[139.75017,35.54511],[139.75009,35.5451],[139.74994,35.54514],[139.74996,35.54504],[139.7498,35.54511],[139.74989,35.54516],[139.74963,35.54508],[139.74961,35.54502],[139.74924,35.54489],[139.74926,35.54485],[139.74922,35.54475],[139.74918,35.54487],[139.74912,35.54483],[139.74895,35.54482],[139.74891,35.54472],[139.74889,35.54478],[139.7488,35.54475],[139.74871,35.54468],[139.74872,35.54458],[139.74848,35.54475],[139.74853,35.54464],[139.74841,35.54462],[139.74831,35.54463],[139.74829,35.54459],[139.74822,35.5446],[139.74818,35.54447],[139.74809,35.54454],[139.74795,35.54454],[139.74788,35.54445],[139.74764,35.54448],[139.74765,35.5444],[139.74761,35.5444],[139.74761,35.54447],[139.74754,35.54449],[139.74738,35.54448],[139.74727,35.54441],[139.74687,35.54445],[139.74677,35.54443],[139.74677,35.54435],[139.74653,35.54529],[139.74685,35.54536],[139.74669,35.54539],[139.74683,35.54586],[139.747,35.5462],[139.74664,35.54632],[139.74686,35.54719],[139.74685,35.54722],[139.74676,35.54723],[139.74683,35.54746],[139.74712,35.5474],[139.74732,35.54819],[139.7483,35.54796]]]}},{"type":"Feature","properties":{"id":"area-13111043001","name":"羽田空港一丁目"},"geometry":{"type":"Polygon","coordinates":[[[139.76126,35.56317],[139.76305,35.56098],[139.76331,35.56078],[139.76392,35.56045],[139.76375,35.56026],[139.76418,35.55998],[139.76414,35.55977],[139.76475,35.55945],[139.75265,35.54537],[139.75228,35.54594],[139.75206,35.54594],[139.75188,35.5462],[139.75183,35.54642],[139.75185,35.54662],[139.75179,35.54673],[139.75199,35.54671],[139.75202,35.54678],[139.75165,35.54683],[139.75168,35.54696],[139.75179,35.54695],[139.75231,35.54791],[139.75237,35.54811],[139.75232,35.54822],[139.75228,35.54825],[139.75235,35.54833],[139.75233,35.54835],[139.75224,35.54828],[139.75218,35.54832],[139.75197,35.54837],[139.75199,35.54843],[139.75195,35.54844],[139.75203,35.54848],[139.75193,35.54848],[139.752,35.54857],[139.75189,35.54856],[139.75189,35.54866],[139.75197,35.54866],[139.75203,35.54878],[139.75197,35.54883],[139.752,35.54888],[139.75207,35.54886],[139.75202,35.54891],[139.75203,35.54896],[139.75211,35.54904],[139.75221,35.5491],[139.75217,35.54913],[139.7523,35.54915],[139.75231,35.54924],[139.75225,35.54926],[139.75235,35.54929],[139.75259,35.54926],[139.75262,35.5493],[139.75238,35.54934],[139.75234,35.54942],[139.75248,35.54949],[139.75242,35.54952],[139.75253,35.5496],[139.75271,35.5499],[139.75292,35.54985],[139.75294,35.54993],[139.75288,35.54997],[139.75315,35.54997],[139.75319,35.55042],[139.75299,35.55049],[139.75295,35.55073],[139.75311,35.55079],[139.75306,35.55277],[139.7532,35.55445],[139.75303,35.55517],[139.75304,35.55627],[139.75292,35.55711],[139.75365,35.55974],[139.75381,35.56044],[139.75417,35.5616],[139.75423,35.56162],[139.75427,35.5617],[139.75464,35.56181],[139.75487,35.56145],[139.75506,35.56158],[139.75535,35.56223],[139.75552,35.5628],[139.75565,35.5629],[139.75864,35.56454],[139.76126,35.56317]]]}},{"type":"Feature","properties":{"id":"area-13111043002","name":"羽田空港二丁目"},"geometry":{"type":"Polygon","coordinates":[[[139.7753,35.54798],[139.777,35.54428],[139.77742,35.54323],[139.77854,35.54186],[139.77969,35.54058],[139.78047,35.53981],[139.78117,35.539],[139.78129,35.53851],[139.77863,35.53691],[139.76897,35.54125],[139.76821,35.54019],[139.76307,35.54269],[139.76057,35.54379],[139.75903,35.54416],[139.75737,35.54474],[139.75533,35.54512],[139.75387,35.54518],[139.75274,35.54512],[139.75265,35.54537],[139.76475,35.55945],[139.76414,35.55977],[139.76418,35.55998],[139.76375,35.56026],[139.77115,35.5688],[139.77476,35.56678],[139.76627,35.5571],[139.77219,35.55018],[139.7753,35.54798]]]}},{"type":"Feature","properties":{"id":"area-13111043003","name":"羽田空港三丁目"},"geometry":{"type":"Polygon","coordinates":[[[139.80883,35.5389],[139.80303,35.53615],[139.80314,35.53598],[139.80305,35.53593],[139.80668,35.5308],[139.80712,35.53079],[139.82039,35.54265],[139.82328,35.54379],[139.82587,35.54179],[139.80244,35.52086],[139.7998,35.5228],[139.80177,35.52456],[139.80011,35.52581],[139.8043,35.52958],[139.80433,35.52993],[139.80084,35.53488],[139.79911,35.53417],[139.7949,35.53222],[139.78766,35.53436],[139.7864,35.5358],[139.78498,35.53514],[139.78441,35.53534],[139.78205,35.53862],[139.7817,35.53851],[139.78154,35.53866],[139.78129,35.53851],[139.78117,35.539],[139.78047,35.53981],[139.77969,35.54058],[139.77854,35.54186],[139.77742,35.54323],[139.777,35.54428],[139.7753,35.54798],[139.77219,35.55018],[139.76627,35.5571],[139.77476,35.56678],[139.77115,35.5688],[139.78536,35.57041],[139.80105,35.54839],[139.80377,35.54603],[139.80652,35.5422],[139.80883,35.5389]]]}},{"type":"Feature","properties":{"id":"area-13111044001","name":"西六郷一丁目"},"geometry":{"type":"Polygon","coordinates":[[[139.71358,35.55689],[139.71248,35.55424],[139.71232,35.55376],[139.71129,35.55128],[139.70865,35.552],[139.70513,35.55177],[139.70497,35.55234],[139.70481,35.5526],[139.7046,35.55289],[139.70368,35.55379],[139.70489,35.55501],[139.70498,35.55497],[139.70552,35.55493],[139.70547,35.55513],[139.70589,35.55507],[139.70611,35.55508],[139.70634,35.55467],[139.70672,35.55459],[139.70735,35.55458],[139.70745,35.55455],[139.70803,35.55464],[139.7085,35.55478],[139.70916,35.55508],[139.70924,35.55517],[139.71127,35.5563],[139.71358,35.55689]]]}},{"type":"Feature","properties":{"id":"area-13111044002","name":"西六郷二丁目"},"geometry":{"type":"Polygon","coordinates":[[[139.71129,35.55128],[139.70967,35.54743],[139.7095,35.54773],[139.70861,35.54772],[139.70863,35.54804],[139.70716,35.54812],[139.70719,35.54771],[139.70479,35.54771],[139.70375,35.54778],[139.70433,35.5489],[139.70477,35.54984],[139.70515,35.55108],[139.70519,35.55149],[139.70513,35.55177],[139.70865,35.552],[139.71129,35.55128]]]}},{"type":"Feature","properties":{"id":"area-13111044003","name":"西六郷三丁目"},"geometry":{"type":"Polygon","coordinates":[[[139.70863,35.54804],[139.70861,35.54772],[139.7095,35.54773],[139.70967,35.54743],[139.70851,35.54473],[139.707,35.54485],[139.7038,35.545],[139.7036,35.54527],[139.70301,35.54577],[139.70272,35.54584],[139.7031,35.54674],[139.70375,35.54778],[139.70479,35.54771],[139.70719,35.54771],[139.70716,35.54812],[139.70863,35.54804]]]}},{"type":"Feature","properties":{"id":"area-13111044004","name":"西六郷四丁目"},"geometry":{"type":"Polygon","coordinates":[[[139.70691,35.54158],[139.70573,35.54013],[139.7052,35.54032],[139.70446,35.54071],[139.70374,35.54115],[139.70309,35.54173],[139.70275,35.5421],[139.70238,35.54271],[139.70215,35.54357],[139.70216,35.54381],[139.70234,35.54477],[139.70272,35.54584],[139.70301,35.54577],[139.7036,35.54527],[139.7038,35.545],[139.707,35.54485],[139.70851,35.54473],[139.70855,35.54469],[139.70805,35.54349],[139.70748,35.54246],[139.70691,35.54158]]]}},{"type":"Feature","properties":{"id":"area-13111045001","name":"仲六郷一丁目"},"geometry":{"type":"Polygon","coordinates":[[[139.71909,35.55559],[139.72014,35.5554],[139.71737,35.55179],[139.71711,35.55202],[139.71563,35.5523],[139.71403,35.55256],[139.71188,35.55273],[139.71304,35.55557],[139.714,35.55558],[139.71539,35.55555],[139.71618,35.55558],[139.71909,35.55559]]]}},{"type":"Feature","properties":{"id":"area-13111045002","name":"仲六郷二丁目"},"geometry":{"type":"Polygon","coordinates":[[[139.71737,35.55179],[139.71494,35.54858],[139.7109,35.54958],[139.71058,35.54962],[139.71169,35.55222],[139.71188,35.55273],[139.71403,35.55256],[139.71563,35.5523],[139.71711,35.55202],[139.71737,35.55179]]]}},{"type":"Feature","properties":{"id":"area-13111045003","name":"仲六郷三丁目"},"geometry":{"type":"Polygon","coordinates":[[[139.71412,35.54739],[139.71239,35.54512],[139.7117,35.54536],[139.70919,35.54548],[139.70921,35.54573],[139.70895,35.54577],[139.71058,35.54962],[139.7109,35.54958],[139.71494,35.54858],[139.71407,35.54743],[139.71412,35.54739]]]}},{"type":"Feature","properties":{"id":"area-13111045004","name":"仲六郷四丁目"},"geometry":{"type":"Polygon","coordinates":[[[139.70919,35.54548],[139.7117,35.54536],[139.71239,35.54512],[139.70977,35.54184],[139.70939,35.54127],[139.70898,35.5403],[139.70887,35.53995],[139.70867,35.53994],[139.70863,35.53979],[139.7069,35.53988],[139.70573,35.54013],[139.70691,35.54158],[139.70748,35.54246],[139.70805,35.54349],[139.70855,35.54469],[139.70851,35.54473],[139.70895,35.54577],[139.70921,35.54573],[139.70919,35.54548]]]}},{"type":"Feature","properties":{"id":"area-13111046001","name":"南蒲田一丁目"},"geometry":{"type":"Polygon","coordinates":[[[139.72733,35.56019],[139.72762,35.5602],[139.72807,35.56026],[139.72837,35.56034],[139.72835,35.56018],[139.72797,35.55916],[139.72738,35.55739],[139.72715,35.55699],[139.72708,35.55696],[139.72633,35.55604],[139.72284,35.55851],[139.72257,35.55867],[139.72303,35.55923],[139.72466,35.56141],[139.72584,35.56062],[139.72662,35.56031],[139.72733,35.56019]]]}},{"type":"Feature","properties":{"id":"area-13111046002","name":"南蒲田二丁目"},"geometry":{"type":"Polygon","coordinates":[[[139.72337,35.55266],[139.72258,35.55208],[139.72238,35.55336],[139.72233,35.55357],[139.72226,35.55366],[139.72003,35.55525],[139.72168,35.55742],[139.72257,35.55867],[139.72284,35.55851],[139.72633,35.55604],[139.72473,35.55399],[139.72337,35.55266]]]}},{"type":"Feature","properties":{"id":"area-13111046003","name":"南蒲田三丁目"},"geometry":{"type":"Polygon","coordinates":[[[139.72986,35.55351],[139.72967,35.55242],[139.72909,35.55262],[139.72633,35.55262],[139.72608,35.55257],[139.72476,35.55259],[139.72387,35.55256],[139.72367,35.55252],[139.72329,35.55258],[139.72473,35.55399],[139.72633,35.55604],[139.72986,35.55351]]]}},{"type":"Feature","properties":{"id":"area-13111047001","name":"東六郷一丁目"},"geometry":{"type":"Polygon","coordinates":[[[139.72024,35.54987],[139.71737,35.55179],[139.72003,35.55525],[139.72226,35.55366],[139.72233,35.55357],[139.72238,35.55336],[139.72258,35.55208],[139.72024,35.54987]]]}},{"type":"Feature","properties":{"id":"area-13111047002","name":"東六郷二丁目"},"geometry":{"type":"Polygon","coordinates":[[[139.72023,35.54987],[139.7161,35.546],[139.71407,35.54743],[139.71737,35.55179],[139.72023,35.54987]]]}},{"type":"Feature","properties":{"id":"area-13111047003","name":"東六郷三丁目"},"geometry":{"type":"Polygon","coordinates":[[[139.71366,35.54369],[139.7135,35.54345],[139.71297,35.54353],[139.71219,35.54114],[139.71246,35.54038],[139.71146,35.54021],[139.71111,35.5401],[139.70928,35.53984],[139.70863,35.53979],[139.70867,35.53994],[139.70887,35.53995],[139.70898,35.5403],[139.70939,35.54127],[139.70977,35.54184],[139.71238,35.5451],[139.71412,35.54739],[139.7161,35.546],[139.71366,35.54369]]]}},{"type":"Feature","properties":{"id":"area-13111048001","name":"南六郷一丁目"},"geometry":{"type":"Polygon","coordinates":[[[139.72423,35.54445],[139.72356,35.54426],[139.72244,35.54557],[139.72318,35.54583],[139.72276,35.54633],[139.72258,35.54829],[139.72024,35.54987],[139.72255,35.55205],[139.72274,35.55182],[139.72328,35.55083],[139.72346,35.55069],[139.72368,35.55007],[139.72433,35.5488],[139.72455,35.54855],[139.72493,35.54804],[139.72538,35.54736],[139.726,35.54682],[139.72668,35.54615],[139.72648,35.54488],[139.72571,35.54476],[139.72423,35.54445]]]}},{"type":"Feature","properties":{"id":"area-13111048002","name":"南六郷二丁目"},"geometry":{"type":"Polygon","coordinates":[[[139.71999,35.54307],[139.71931,35.54277],[139.71823,35.54534],[139.71826,35.54622],[139.71831,35.54664],[139.71799,35.54667],[139.71736,35.54716],[139.72024,35.54987],[139.72258,35.54829],[139.72276,35.54633],[139.72318,35.54583],[139.72244,35.54557],[139.72356,35.54426],[139.72183,35.54373],[139.71999,35.54307]]]}},{"type":"Feature","properties":{"id":"area-13111048003","name":"南六郷三丁目"},"geometry":{"type":"Polygon","coordinates":[[[139.71823,35.54534],[139.71933,35.54276],[139.71616,35.54147],[139.7154,35.5412],[139.714,35.54076],[139.71246,35.54038],[139.71219,35.54114],[139.71297,35.54353],[139.7135,35.54345],[139.71366,35.54369],[139.71735,35.54716],[139.71799,35.54667],[139.71831,35.54664],[139.71826,35.54622],[139.71823,35.54534]]]}},{"type":"Feature","properties":{"id":"area-13111049001","name":"下丸子一丁目"},"geometry":{"type":"Polygon","coordinates":[[[139.69019,35.56467],[139.69002,35.56432],[139.68627,35.56879],[139.68786,35.57127],[139.68875,35.57062],[139.68971,35.56978],[139.69007,35.56953],[139.69028,35.5692],[139.6904,35.56876],[139.68999,35.5686],[139.69034,35.56765],[139.69056,35.56696],[139.69062,35.56619],[139.69019,35.56467]]]}},{"type":"Feature","properties":{"id":"area-13111049002","name":"下丸子二丁目"},"geometry":{"type":"Polygon","coordinates":[[[139.6889,35.5596],[139.68879,35.55942],[139.68872,35.55945],[139.6885,35.55918],[139.68651,35.56035],[139.68495,35.56136],[139.68195,35.56359],[139.68137,35.56406],[139.68078,35.56464],[139.68099,35.56476],[139.68117,35.56492],[139.68501,35.56708],[139.68543,35.56749],[139.68627,35.56879],[139.69002,35.56432],[139.68963,35.56344],[139.68904,35.56269],[139.68898,35.56246],[139.68866,35.56231],[139.68848,35.56218],[139.68902,35.56158],[139.68922,35.56104],[139.68898,35.56033],[139.68891,35.55979],[139.68895,35.55976],[139.6889,35.5596]]]}},{"type":"Feature","properties":{"id":"area-13111049003","name":"下丸子三丁目"},"geometry":{"type":"Polygon","coordinates":[[[139.68587,35.57205],[139.6865,35.57194],[139.6866,35.57207],[139.68686,35.57208],[139.68698,35.57197],[139.68708,35.57179],[139.68717,35.5717],[139.68786,35.57127],[139.68543,35.56749],[139.68501,35.56708],[139.68464,35.56685],[139.68117,35.56492],[139.68099,35.56476],[139.68078,35.56464],[139.67991,35.56548],[139.67925,35.56622],[139.68367,35.56862],[139.68384,35.56967],[139.68389,35.57077],[139.68398,35.57132],[139.68405,35.5721],[139.68379,35.57229],[139.68428,35.57257],[139.68426,35.5726],[139.68528,35.57223],[139.68587,35.57205]]]}},{"type":"Feature","properties":{"id":"area-13111049004","name":"下丸子四丁目"},"geometry":{"type":"Polygon","coordinates":[[[139.67682,35.57377],[139.6774,35.57242],[139.67758,35.57246],[139.67796,35.57261],[139.67854,35.57142],[139.67885,35.57154],[139.6789,35.57149],[139.67989,35.57194],[139.67996,35.57192],[139.68058,35.57114],[139.68071,35.57161],[139.6809,35.57206],[139.68116,35.57243],[139.68141,35.5727],[139.68178,35.57294],[139.6829,35.57329],[139.68318,35.57348],[139.68378,35.57288],[139.68428,35.57257],[139.68379,35.57229],[139.68405,35.5721],[139.68398,35.57132],[139.68389,35.57077],[139.68384,35.56967],[139.68367,35.56862],[139.67922,35.5662],[139.67859,35.56706],[139.67825,35.56781],[139.67728,35.56942],[139.67596,35.57204],[139.67545,35.57341],[139.67682,35.57377]]]}},{"type":"Feature","properties":{"id":"area-13111050001","name":"矢口一丁目"},"geometry":{"type":"Polygon","coordinates":[[[139.6947,35.56724],[139.6948,35.56717],[139.69507,35.56714],[139.6953,35.567],[139.69631,35.56625],[139.69648,35.56487],[139.69301,35.56457],[139.6916,35.56457],[139.69159,35.56454],[139.69019,35.56467],[139.69062,35.56619],[139.69056,35.56696],[139.69034,35.56765],[139.68999,35.5686],[139.6904,35.56876],[139.69028,35.5692],[139.69007,35.56953],[139.68971,35.56978],[139.6894,35.57006],[139.69045,35.57014],[139.69102,35.56968],[139.69212,35.56903],[139.69267,35.56864],[139.69261,35.56859],[139.69374,35.56787],[139.69468,35.56735],[139.6947,35.56724]]]}},{"type":"Feature","properties":{"id":"area-13111050002","name":"矢口二丁目"},"geometry":{"type":"Polygon","coordinates":[[[139.6965,35.56488],[139.69689,35.56161],[139.69549,35.56162],[139.693,35.56143],[139.69276,35.56129],[139.69153,35.56127],[139.68922,35.56104],[139.68902,35.56158],[139.68848,35.56218],[139.68866,35.56231],[139.68898,35.56246],[139.68904,35.56269],[139.68963,35.56344],[139.69019,35.56467],[139.69159,35.56454],[139.6916,35.56457],[139.69301,35.56457],[139.6965,35.56488]]]}},{"type":"Feature","properties":{"id":"area-13111050003","name":"矢口三丁目"},"geometry":{"type":"Polygon","coordinates":[[[139.69689,35.56161],[139.69707,35.56004],[139.69706,35.5595],[139.69702,35.55921],[139.69642,35.55725],[139.69431,35.55736],[139.6938,35.55741],[139.69312,35.55752],[139.69134,35.5579],[139.6905,35.55819],[139.68848,35.55915],[139.68872,35.55945],[139.68879,35.55942],[139.6889,35.5596],[139.68895,35.55976],[139.68891,35.55979],[139.68898,35.56033],[139.68922,35.56104],[139.69153,35.56127],[139.69276,35.56129],[139.693,35.56143],[139.69549,35.56162],[139.69689,35.56161]]]}},{"type":"Feature","properties":{"id":"area-13111051001","name":"東矢口一丁目"},"geometry":{"type":"Polygon","coordinates":[[[139.70741,35.56436],[139.7029,35.56399],[139.70254,35.56699],[139.70715,35.56741],[139.70846,35.56447],[139.70741,35.56436]]]}},{"type":"Feature","properties":{"id":"area-13111051002","name":"東矢口二丁目"},"geometry":{"type":"Polygon","coordinates":[[[139.70254,35.56699],[139.70305,35.56266],[139.70228,35.56304],[139.70114,35.56345],[139.70067,35.56357],[139.70013,35.56384],[139.69713,35.56573],[139.69632,35.5663],[139.69629,35.5665],[139.70254,35.56699]]]}},{"type":"Feature","properties":{"id":"area-13111051003","name":"東矢口三丁目"},"geometry":{"type":"Polygon","coordinates":[[[139.70884,35.56049],[139.70882,35.56008],[139.70805,35.56021],[139.70768,35.56032],[139.70643,35.56079],[139.70634,35.56093],[139.70615,35.56106],[139.70513,35.5615],[139.70426,35.56195],[139.70372,35.5623],[139.70305,35.56266],[139.7029,35.56399],[139.70741,35.56436],[139.70846,35.56447],[139.70883,35.5636],[139.70874,35.56351],[139.70884,35.56049]]]}},{"type":"Feature","properties":{"id":"area-13111052001","name":"多摩川一丁目"},"geometry":{"type":"Polygon","coordinates":[[[139.69713,35.56573],[139.70013,35.56384],[139.70067,35.56357],[139.70114,35.56345],[139.70228,35.56304],[139.70305,35.56266],[139.70315,35.56194],[139.70331,35.56144],[139.70332,35.56056],[139.69707,35.56004],[139.69632,35.5663],[139.69713,35.56573]]]}},{"type":"Feature","properties":{"id":"area-13111052002","name":"多摩川二丁目"},"geometry":{"type":"Polygon","coordinates":[[[139.70332,35.56056],[139.70375,35.55709],[139.70416,35.55708],[139.70416,35.55689],[139.7043,35.55598],[139.70432,35.55562],[139.70505,35.55524],[139.70491,35.555],[139.70368,35.55379],[139.70275,35.55451],[139.70246,35.55471],[139.70187,35.55507],[139.70118,35.5556],[139.7002,35.55615],[139.70009,35.55614],[139.69993,35.5563],[139.69981,35.55636],[139.69921,35.55658],[139.69832,35.55704],[139.69781,35.55716],[139.69636,35.55718],[139.69642,35.55725],[139.69702,35.55921],[139.69706,35.5595],[139.69707,35.56004],[139.70332,35.56056]]]}},{"type":"Feature","properties":{"id":"area-13111053001","name":"新蒲田一丁目"},"geometry":{"type":"Polygon","coordinates":[[[139.71053,35.55982],[139.71353,35.55957],[139.71368,35.55961],[139.71401,35.55963],[139.71448,35.55959],[139.71417,35.5587],[139.71399,35.55831],[139.71408,35.55812],[139.71359,35.55689],[139.71123,35.55629],[139.70924,35.55517],[139.70916,35.55508],[139.70883,35.55877],[139.70882,35.56008],[139.71053,35.55982]]]}},{"type":"Feature","properties":{"id":"area-13111053002","name":"新蒲田二丁目"},"geometry":{"type":"Polygon","coordinates":[[[139.70882,35.56008],[139.70883,35.55879],[139.70764,35.55879],[139.70359,35.55844],[139.70332,35.56056],[139.70331,35.56144],[139.70315,35.56194],[139.70305,35.56266],[139.70372,35.5623],[139.70426,35.56195],[139.70513,35.5615],[139.70615,35.56106],[139.70634,35.56093],[139.70643,35.56079],[139.7078,35.56028],[139.70805,35.56021],[139.70882,35.56008]]]}},{"type":"Feature","properties":{"id":"area-13111053003","name":"新蒲田三丁目"},"geometry":{"type":"Polygon","coordinates":[[[139.70883,35.55879],[139.70916,35.55508],[139.70837,35.55473],[139.70773,35.55458],[139.70745,35.55455],[139.70735,35.55458],[139.70672,35.55459],[139.70634,35.55467],[139.70611,35.55508],[139.70589,35.55507],[139.70547,35.55513],[139.70552,35.55493],[139.70498,35.55497],[139.70491,35.555],[139.70505,35.55524],[139.70432,35.55562],[139.7043,35.55598],[139.70416,35.55689],[139.70416,35.55708],[139.70375,35.55709],[139.70359,35.55844],[139.70764,35.55879],[139.70883,35.55879]]]}},{"type":"Feature","properties":{"id":"area-13111054001","name":"西蒲田一丁目"},"geometry":{"type":"Polygon","coordinates":[[[139.7124,35.57345],[139.71697,35.57101],[139.71726,35.57095],[139.71784,35.57063],[139.71838,35.57039],[139.71852,35.56994],[139.71116,35.57032],[139.7103,35.57228],[139.71151,35.57262],[139.71165,35.57247],[139.7124,35.57345]]]}},{"type":"Feature","properties":{"id":"area-13111054002","name":"西蒲田二丁目"},"geometry":{"type":"Polygon","coordinates":[[[139.71116,35.57032],[139.70649,35.56895],[139.70601,35.57],[139.70593,35.57038],[139.70574,35.57093],[139.7103,35.57228],[139.71116,35.57032]]]}},{"type":"Feature","properties":{"id":"area-13111054003","name":"西蒲田三丁目"},"geometry":{"type":"Polygon","coordinates":[[[139.71223,35.56787],[139.70927,35.567],[139.70929,35.56694],[139.70756,35.56707],[139.70731,35.56704],[139.70649,35.56895],[139.71116,35.57032],[139.71223,35.56787]]]}},{"type":"Feature","properties":{"id":"area-13111054004","name":"西蒲田四丁目"},"geometry":{"type":"Polygon","coordinates":[[[139.71902,35.57023],[139.71912,35.57012],[139.71916,35.57013],[139.71881,35.56926],[139.71873,35.5693],[139.7187,35.56924],[139.71827,35.56817],[139.7183,35.56813],[139.7181,35.56764],[139.71808,35.56767],[139.71774,35.56764],[139.71223,35.56787],[139.71116,35.57032],[139.71852,35.56994],[139.71838,35.57039],[139.7184,35.57041],[139.71861,35.57029],[139.71902,35.57023]]]}},{"type":"Feature","properties":{"id":"area-13111054005","name":"西蒲田五丁目"},"geometry":{"type":"Polygon","coordinates":[[[139.71223,35.56787],[139.71774,35.56764],[139.71808,35.56767],[139.7181,35.56764],[139.71651,35.5641],[139.71616,35.56416],[139.71499,35.56419],[139.71456,35.56416],[139.71337,35.56432],[139.71343,35.56507],[139.71223,35.56787]]]}},{"type":"Feature","properties":{"id":"area-13111054006","name":"西蒲田六丁目"},"geometry":{"type":"Polygon","coordinates":[[[139.71223,35.56787],[139.71343,35.56507],[139.71337,35.56432],[139.71168,35.56447],[139.71168,35.56443],[139.71044,35.56469],[139.70846,35.56447],[139.70731,35.56704],[139.70756,35.56707],[139.70929,35.56694],[139.70927,35.567],[139.71223,35.56787]]]}},{"type":"Feature","properties":{"id":"area-13111054007","name":"西蒲田七丁目"},"geometry":{"type":"Polygon","coordinates":[[[139.71044,35.56469],[139.71168,35.56443],[139.71168,35.56447],[139.71306,35.56435],[139.71456,35.56416],[139.71499,35.56419],[139.71616,35.56416],[139.71651,35.5641],[139.71615,35.5633],[139.71555,35.56181],[139.71547,35.56179],[139.71534,35.5615],[139.71108,35.56156],[139.7088,35.56136],[139.70874,35.56351],[139.70883,35.5636],[139.70846,35.56447],[139.71044,35.56469]]]}},{"type":"Feature","properties":{"id":"area-13111054008","name":"西蒲田八丁目"},"geometry":{"type":"Polygon","coordinates":[[[139.71509,35.56113],[139.71448,35.55959],[139.71401,35.55963],[139.71368,35.55961],[139.71353,35.55957],[139.71053,35.55982],[139.70882,35.56008],[139.7088,35.56136],[139.71108,35.56156],[139.71534,35.5615],[139.7152,35.56119],[139.71509,35.56113]]]}},{"type":"Feature","properties":{"id":"area-13111055001","name":"蒲田一丁目"},"geometry":{"type":"Polygon","coordinates":[[[139.72318,35.56832],[139.72117,35.56241],[139.71961,35.56353],[139.71817,35.56425],[139.71687,35.56494],[139.7181,35.56764],[139.7183,35.56813],[139.71827,35.56817],[139.71873,35.5693],[139.71955,35.5691],[139.72318,35.56832]]]}},{"type":"Feature","properties":{"id":"area-13111055002","name":"蒲田二丁目"},"geometry":{"type":"Polygon","coordinates":[[[139.72884,35.56704],[139.72738,35.56502],[139.72701,35.56508],[139.72642,35.56498],[139.72564,35.56491],[139.72556,35.56493],[139.72354,35.56467],[139.72334,35.56527],[139.72225,35.56554],[139.72318,35.56832],[139.72644,35.56763],[139.72833,35.56729],[139.72862,35.56721],[139.72884,35.56704]]]}},{"type":"Feature","properties":{"id":"area-13111055003","name":"蒲田三丁目"},"geometry":{"type":"Polygon","coordinates":[[[139.72334,35.56527],[139.72354,35.56467],[139.72556,35.56493],[139.72564,35.56491],[139.72642,35.56498],[139.72701,35.56508],[139.72738,35.56502],[139.72466,35.56141],[139.72429,35.56189],[139.72415,35.562],[139.72391,35.5621],[139.72342,35.56214],[139.72176,35.56218],[139.72148,35.56224],[139.72117,35.56241],[139.7216,35.56362],[139.72212,35.56525],[139.72225,35.56554],[139.72334,35.56527]]]}},{"type":"Feature","properties":{"id":"area-13111055004","name":"蒲田四丁目"},"geometry":{"type":"Polygon","coordinates":[[[139.72176,35.56218],[139.72342,35.56214],[139.72391,35.5621],[139.72415,35.562],[139.72429,35.56189],[139.72466,35.56141],[139.7221,35.55803],[139.71841,35.5589],[139.71904,35.56034],[139.71931,35.56083],[139.72054,35.56142],[139.72095,35.56166],[139.72117,35.5624],[139.72148,35.56224],[139.72176,35.56218]]]}},{"type":"Feature","properties":{"id":"area-13111055005","name":"蒲田五丁目"},"geometry":{"type":"Polygon","coordinates":[[[139.71904,35.56034],[139.71841,35.5589],[139.71695,35.55921],[139.71642,35.55943],[139.71448,35.55959],[139.71509,35.56113],[139.7152,35.56119],[139.71547,35.56179],[139.71555,35.56181],[139.71615,35.5633],[139.71687,35.56494],[139.71817,35.56425],[139.71961,35.56353],[139.72117,35.5624],[139.72095,35.56166],[139.72054,35.56142],[139.71931,35.56083],[139.71904,35.56034]]]}},{"type":"Feature","properties":{"id":"area-13111056001","name":"蒲田本町一丁目"},"geometry":{"type":"Polygon","coordinates":[[[139.71837,35.5589],[139.71667,35.55557],[139.71618,35.55558],[139.71539,35.55555],[139.714,35.55558],[139.71304,35.55557],[139.71408,35.55812],[139.71399,35.55831],[139.71417,35.5587],[139.71448,35.55959],[139.71642,35.55943],[139.71695,35.55921],[139.71837,35.5589]]]}},{"type":"Feature","properties":{"id":"area-13111056002","name":"蒲田本町二丁目"},"geometry":{"type":"Polygon","coordinates":[[[139.72212,35.55803],[139.72014,35.5554],[139.71909,35.55559],[139.71667,35.55557],[139.71837,35.5589],[139.72212,35.55803]]]}},{"type":"Feature","properties":{"id":"area-13111057001","name":"東蒲田一丁目"},"geometry":{"type":"Polygon","coordinates":[[[139.72919,35.56679],[139.72969,35.56584],[139.73085,35.56589],[139.73085,35.56542],[139.73065,35.56448],[139.73054,35.56332],[139.72936,35.56348],[139.72931,35.56302],[139.72796,35.56312],[139.72786,35.5631],[139.72713,35.56318],[139.72653,35.56328],[139.72619,35.56344],[139.72884,35.56703],[139.72919,35.56679]]]}},{"type":"Feature","properties":{"id":"area-13111057002","name":"東蒲田二丁目"},"geometry":{"type":"Polygon","coordinates":[[[139.73054,35.56332],[139.7305,35.56297],[139.73069,35.56248],[139.73188,35.56259],[139.73038,35.5616],[139.72954,35.56118],[139.7297,35.56087],[139.72978,35.5606],[139.7296,35.56058],[139.72807,35.56026],[139.72762,35.5602],[139.72735,35.56019],[139.72698,35.56023],[139.72636,35.56039],[139.72584,35.56062],[139.72466,35.56141],[139.72619,35.56344],[139.72653,35.56328],[139.72713,35.56318],[139.72786,35.5631],[139.72796,35.56312],[139.72931,35.56302],[139.72936,35.56348],[139.73054,35.56332]]]}},{"type":"Feature","properties":{"id":"area-13111058001","name":"東海一丁目"},"geometry":{"type":"Polygon","coordinates":[[[139.75527,35.58971],[139.75528,35.58576],[139.75535,35.58497],[139.75382,35.58457],[139.75317,35.58432],[139.75284,35.58409],[139.75187,35.58368],[139.75079,35.58599],[139.75013,35.58577],[139.75,35.58604],[139.75063,35.58628],[139.74946,35.58887],[139.74971,35.58891],[139.74951,35.58915],[139.75051,35.58946],[139.75054,35.5897],[139.75527,35.58971]]]}},{"type":"Feature","properties":{"id":"area-13111058002","name":"東海二丁目"},"geometry":{"type":"Polygon","coordinates":[[[139.75535,35.58497],[139.75535,35.58482],[139.75568,35.58484],[139.75526,35.58414],[139.75734,35.57724],[139.7577,35.57595],[139.75743,35.57595],[139.75698,35.57725],[139.75574,35.57735],[139.75426,35.57819],[139.75203,35.58319],[139.75141,35.58301],[139.75116,35.58346],[139.75187,35.58368],[139.75284,35.58409],[139.75317,35.58432],[139.75382,35.58457],[139.75535,35.58497]]]}},{"type":"Feature","properties":{"id":"area-13111058003","name":"東海三丁目"},"geometry":{"type":"Polygon","coordinates":[[[139.76825,35.58242],[139.764,35.57865],[139.76533,35.57866],[139.76534,35.57839],[139.76375,35.57839],[139.76267,35.57733],[139.75837,35.57725],[139.75873,35.576],[139.75843,35.57598],[139.75806,35.5772],[139.75734,35.57724],[139.75526,35.58414],[139.75568,35.58484],[139.76283,35.58508],[139.76286,35.58484],[139.76526,35.58484],[139.76825,35.58242]]]}},{"type":"Feature","properties":{"id":"area-13111058004","name":"東海四丁目"},"geometry":{"type":"Polygon","coordinates":[[[139.76544,35.59473],[139.7671,35.5925],[139.76737,35.59263],[139.77059,35.58818],[139.76757,35.58558],[139.76724,35.58525],[139.76683,35.58503],[139.76649,35.58489],[139.76604,35.58485],[139.76286,35.58484],[139.76271,35.58705],[139.76236,35.59489],[139.76544,35.59473]]]}},{"type":"Feature","properties":{"id":"area-13111058005","name":"東海五丁目"},"geometry":{"type":"Polygon","coordinates":[[[139.77572,35.59256],[139.77059,35.58818],[139.76737,35.59263],[139.7728,35.59536],[139.77374,35.59522],[139.77572,35.59256]]]}},{"type":"Feature","properties":{"id":"area-13111058006","name":"東海六丁目"},"geometry":{"type":"Polygon","coordinates":[[[139.769,35.58286],[139.76875,35.58264],[139.76861,35.58274],[139.76825,35.58242],[139.76526,35.58484],[139.76649,35.58489],[139.76683,35.58503],[139.76724,35.58525],[139.76757,35.58558],[139.77059,35.58818],[139.77572,35.59256],[139.77719,35.59059],[139.76941,35.58346],[139.7691,35.58311],[139.769,35.58286]]]}},{"type":"Feature","properties":{"id":"area-13111059001","name":"城南島一丁目"},"geometry":{"type":"Polygon","coordinates":[[[139.77439,35.57848],[139.77439,35.57712],[139.76668,35.57715],[139.76669,35.57839],[139.76534,35.57839],[139.76533,35.57866],[139.7678,35.57875],[139.77439,35.57848]]]}},{"type":"Feature","properties":{"id":"area-13111059002","name":"城南島二丁目"},"geometry":{"type":"Polygon","coordinates":[[[139.77704,35.57856],[139.77653,35.57846],[139.7752,35.57845],[139.77164,35.57859],[139.77649,35.58305],[139.77972,35.58071],[139.77747,35.57878],[139.77704,35.57856]]]}},{"type":"Feature","properties":{"id":"area-13111059003","name":"城南島三丁目"},"geometry":{"type":"Polygon","coordinates":[[[139.77972,35.58071],[139.78305,35.57826],[139.78176,35.57708],[139.77439,35.57712],[139.77439,35.57848],[139.7752,35.57845],[139.77653,35.57846],[139.77704,35.57856],[139.77747,35.57878],[139.77972,35.58071]]]}},{"type":"Feature","properties":{"id":"area-13111059004","name":"城南島四丁目"},"geometry":{"type":"Polygon","coordinates":[[[139.78727,35.58066],[139.7864,35.57977],[139.78608,35.58002],[139.78302,35.57707],[139.78176,35.57708],[139.78305,35.57826],[139.77972,35.58071],[139.78309,35.58362],[139.78727,35.58066]]]}},{"type":"Feature","properties":{"id":"area-13111059005","name":"城南島五丁目"},"geometry":{"type":"Polygon","coordinates":[[[139.7796,35.58591],[139.78046,35.58529],[139.78058,35.58539],[139.78309,35.58362],[139.77972,35.58071],[139.77649,35.58305],[139.7796,35.58591]]]}},{"type":"Feature","properties":{"id":"area-13111059006","name":"城南島六丁目"},"geometry":{"type":"Polygon","coordinates":[[[139.7796,35.58591],[139.77292,35.57977],[139.77073,35.58135],[139.77561,35.58569],[139.77543,35.58581],[139.77576,35.58613],[139.77527,35.58652],[139.77543,35.58674],[139.77711,35.5857],[139.77816,35.58661],[139.77845,35.5864],[139.77866,35.58659],[139.7796,35.58591]]]}},{"type":"Feature","properties":{"id":"area-13111059007","name":"城南島七丁目"},"geometry":{"type":"Polygon","coordinates":[[[139.77292,35.57977],[139.77164,35.57859],[139.7678,35.57875],[139.77073,35.58135],[139.77292,35.57977]]]}},{"type":"Feature","properties":{"id":"area-13111060001","name":"京浜島一丁目"},"geometry":{"type":"Polygon","coordinates":[[[139.75773,35.57586],[139.75902,35.57112],[139.75929,35.57042],[139.75964,35.56965],[139.76004,35.56909],[139.76065,35.56844],[139.76144,35.56791],[139.76265,35.56718],[139.76616,35.56539],[139.76581,35.56515],[139.7656,35.56489],[139.75846,35.56844],[139.75711,35.5715],[139.75726,35.57241],[139.75651,35.57242],[139.75605,35.57248],[139.75579,35.57254],[139.75572,35.57269],[139.75636,35.57256],[139.75728,35.57253],[139.75759,35.57446],[139.75782,35.57446],[139.75783,35.5745],[139.75745,35.57585],[139.75773,35.57586]]]}},{"type":"Feature","properties":{"id":"area-13111060002","name":"京浜島二丁目"},"geometry":{"type":"Polygon","coordinates":[[[139.77232,35.5728],[139.76616,35.56539],[139.76265,35.56718],[139.76144,35.56791],[139.76065,35.56844],[139.76004,35.56909],[139.75964,35.56965],[139.75929,35.57042],[139.75902,35.57112],[139.75857,35.57271],[139.77232,35.5728]]]}},{"type":"Feature","properties":{"id":"area-13111060003","name":"京浜島三丁目"},"geometry":{"type":"Polygon","coordinates":[[[139.75877,35.57588],[139.75911,35.57455],[139.76432,35.57458],[139.76433,35.57501],[139.77411,35.57499],[139.77232,35.5728],[139.75857,35.57271],[139.75808,35.57453],[139.75883,35.57453],[139.75846,35.57586],[139.75877,35.57588]]]}},{"type":"Feature","properties":{"id":"area-13111062001","name":"多摩川河川敷（上流）"},"geometry":{"type":"Polygon","coordinates":[[[139.6572,35.59219],[139.658,35.59205],[139.65885,35.59185],[139.66146,35.59152],[139.66226,35.59137],[139.66295,35.59116],[139.66318,35.59106],[139.66403,35.59061],[139.66415,35.59051],[139.66428,35.59049],[139.66481,35.59014],[139.66508,35.59001],[139.66525,35.58977],[139.66703,35.58826],[139.6671,35.58816],[139.66794,35.58739],[139.6685,35.58677],[139.66861,35.58659],[139.66903,35.58617],[139.66917,35.58577],[139.66937,35.58556],[139.66943,35.58566],[139.66954,35.58565],[139.66968,35.58573],[139.66984,35.58548],[139.67002,35.58533],[139.67099,35.58399],[139.67143,35.58318],[139.67205,35.58191],[139.67217,35.58176],[139.67257,35.58082],[139.67265,35.58082],[139.67278,35.58076],[139.67282,35.58063],[139.67281,35.58058],[139.67309,35.57975],[139.67346,35.5788],[139.6735,35.57844],[139.67378,35.57759],[139.67388,35.57742],[139.67393,35.57744],[139.67388,35.57742],[139.67429,35.57631],[139.67544,35.57338],[139.67356,35.57289],[139.67275,35.5743],[139.67179,35.57635],[139.67112,35.57807],[139.67036,35.58037],[139.67003,35.58151],[139.66934,35.58428],[139.66917,35.58476],[139.66888,35.58535],[139.66834,35.58599],[139.66519,35.5892],[139.66446,35.58972],[139.66381,35.58999],[139.66273,35.59005],[139.6605,35.58992],[139.66037,35.58953],[139.65934,35.58962],[139.65917,35.58994],[139.65894,35.59005],[139.65875,35.59007],[139.65642,35.58962],[139.65528,35.59014],[139.65595,35.59117],[139.65657,35.59238],[139.6572,35.59219]]]}},{"type":"Feature","properties":{"id":"area-13111062002","name":"多摩川河川敷（下流）"},"geometry":{"type":"Polygon","coordinates":[[[139.67544,35.57338],[139.67596,35.57204],[139.67728,35.56942],[139.67825,35.56781],[139.67859,35.56706],[139.67922,35.5662],[139.67925,35.56622],[139.67991,35.56548],[139.68149,35.56396],[139.68495,35.56136],[139.68651,35.56035],[139.6885,35.55918],[139.68848,35.55915],[139.68853,35.55911],[139.68881,35.55901],[139.68954,35.55863],[139.6905,35.55819],[139.69134,35.5579],[139.69312,35.55752],[139.6938,35.55741],[139.69431,35.55736],[139.69642,35.55725],[139.69636,35.55718],[139.69781,35.55716],[139.69832,35.55704],[139.69921,35.55658],[139.69981,35.55636],[139.69993,35.5563],[139.70009,35.55614],[139.7002,35.55615],[139.70118,35.5556],[139.70187,35.55507],[139.70246,35.55471],[139.70275,35.55451],[139.70368,35.55379],[139.7046,35.55289],[139.70497,35.55234],[139.70519,35.55149],[139.70515,35.55108],[139.70477,35.54984],[139.70457,35.54939],[139.70375,35.54778],[139.7031,35.54674],[139.70272,35.54584],[139.70234,35.54477],[139.70216,35.54381],[139.70215,35.54357],[139.70238,35.54271],[139.70275,35.5421],[139.70309,35.54173],[139.70374,35.54115],[139.70446,35.54071],[139.7052,35.54032],[139.70573,35.54013],[139.7069,35.53988],[139.70863,35.53979],[139.70928,35.53984],[139.71111,35.5401],[139.71146,35.54021],[139.71246,35.54038],[139.714,35.54076],[139.7154,35.5412],[139.71616,35.54147],[139.71933,35.54276],[139.71999,35.54307],[139.72155,35.54364],[139.72277,35.544],[139.72323,35.54418],[139.72423,35.54445],[139.72571,35.54476],[139.72808,35.54511],[139.72961,35.54524],[139.73135,35.54532],[139.73383,35.54534],[139.73723,35.54547],[139.73787,35.54545],[139.73903,35.54539],[139.74105,35.54518],[139.74315,35.54487],[139.74387,35.54462],[139.74403,35.54462],[139.74427,35.54446],[139.74449,35.54448],[139.74477,35.54438],[139.745,35.5444],[139.74518,35.54446],[139.74618,35.54437],[139.74651,35.54443],[139.7467,35.54443],[139.74677,35.54432],[139.74677,35.54443],[139.74687,35.54445],[139.74727,35.54441],[139.74738,35.54448],[139.74754,35.54449],[139.74761,35.54447],[139.74761,35.5444],[139.74765,35.5444],[139.74764,35.54448],[139.74788,35.54445],[139.74795,35.54454],[139.74809,35.54454],[139.74818,35.54447],[139.74822,35.5446],[139.74829,35.54459],[139.74831,35.54463],[139.74841,35.54462],[139.74853,35.54464],[139.74848,35.54475],[139.74872,35.54458],[139.74871,35.54468],[139.7488,35.54475],[139.74889,35.54478],[139.74891,35.54472],[139.74895,35.54482],[139.74912,35.54483],[139.74918,35.54487],[139.74922,35.54475],[139.74926,35.54485],[139.74924,35.54489],[139.74961,35.54502],[139.74963,35.54508],[139.74989,35.54516],[139.7498,35.54511],[139.74996,35.54504],[139.74994,35.54514],[139.75009,35.5451],[139.75017,35.54511],[139.75014,35.54522],[139.75024,35.54524],[139.75021,35.54515],[139.75034,35.54528],[139.75036,35.54521],[139.75039,35.54522],[139.75038,35.54528],[139.75055,35.54532],[139.75056,35.54523],[139.75061,35.54524],[139.75059,35.54534],[139.75088,35.5454],[139.75082,35.54532],[139.75092,35.54534],[139.75097,35.54532],[139.75095,35.54541],[139.75115,35.54545],[139.75112,35.54535],[139.75121,35.54548],[139.75139,35.54546],[139.75139,35.54551],[139.75194,35.54561],[139.75222,35.54569],[139.75217,35.54573],[139.75215,35.54584],[139.75208,35.54591],[139.75209,35.54594],[139.75228,35.54594],[139.75265,35.54537],[139.75274,35.54512],[139.75287,35.54512],[139.74969,35.54412],[139.74738,35.5438],[139.74506,35.54357],[139.74445,35.54361],[139.74116,35.54418],[139.73993,35.54422],[139.73927,35.54412],[139.73799,35.54387],[139.73576,35.54305],[139.73473,35.5428],[139.73196,35.54244],[139.73012,35.5424],[139.72784,35.54255],[139.72681,35.54249],[139.72587,35.54231],[139.7222,35.54096],[139.71482,35.53704],[139.71324,35.53652],[139.71167,35.53613],[139.70881,35.53574],[139.70775,35.53574],[139.70458,35.5359],[139.70416,35.53594],[139.70366,35.53607],[139.70265,35.53648],[139.70142,35.53722],[139.70001,35.53826],[139.69899,35.53917],[139.6983,35.54026],[139.6979,35.54117],[139.69772,35.54182],[139.69773,35.54262],[139.69794,35.54342],[139.69832,35.54429],[139.69872,35.54495],[139.69932,35.54571],[139.70216,35.54842],[139.70315,35.54925],[139.70372,35.54996],[139.70393,35.5506],[139.70392,35.5513],[139.70383,35.55176],[139.70348,35.55244],[139.70288,35.55317],[139.70221,35.55371],[139.70153,35.55409],[139.69775,35.55571],[139.69725,35.55586],[139.69602,35.55608],[139.69427,35.55605],[139.69257,35.55613],[139.69123,35.55639],[139.69006,35.5568],[139.68668,35.55901],[139.68471,35.56011],[139.6799,35.56206],[139.67914,35.56247],[139.67835,35.56315],[139.67747,35.56396],[139.6769,35.56475],[139.6765,35.56557],[139.67617,35.56644],[139.67584,35.56812],[139.67563,35.56867],[139.67482,35.57051],[139.67407,35.57198],[139.67356,35.57289],[139.67544,35.57338]]]}},{"type":"Feature","properties":{"id":"area-131110630","name":"ふるさとの浜辺公園"},"geometry":{"type":"Polygon","coordinates":[[[139.74272,35.57394],[139.74264,35.5737],[139.74265,35.57337],[139.74268,35.57311],[139.7428,35.57289],[139.74397,35.57149],[139.74367,35.5713],[139.74011,35.57408],[139.73995,35.57423],[139.73999,35.57425],[139.7399,35.57434],[139.74001,35.57443],[139.7402,35.57434],[139.74018,35.57441],[139.74083,35.5739],[139.74203,35.57472],[139.74198,35.57491],[139.74327,35.57477],[139.74339,35.57454],[139.74328,35.57428],[139.74293,35.57413],[139.74272,35.57394]]]}},{"type":"Feature","properties":{"id":"area-131110811","name":"令和島"},"geometry":{"type":"Polygon","coordinates":[[[139.80229,35.59289],[139.80529,35.59114],[139.81051,35.58809],[139.80574,35.58549],[139.7946,35.59211],[139.79454,35.59207],[139.79463,35.59197],[139.79415,35.59163],[139.79388,35.59189],[139.79429,35.59218],[139.79978,35.59516],[139.80114,35.59378],[139.80229,35.59289]]]}},{"type":"Feature","properties":{"id":"area-131110812","name":"令和島"},"geometry":{"type":"Polygon","coordinates":[[[139.81157,35.58866],[139.81051,35.58809],[139.80229,35.59289],[139.80114,35.59378],[139.79978,35.59516],[139.8043,35.59761],[139.81157,35.58866]]]}}]}