{"type":"FeatureCollection","features":[{"type":"Feature","properties":{"id":"area-13308001001","name":"川井"},"geometry":{"type":"Polygon","coordinates":[[[139.15805,35.82347],[139.15877,35.82337],[139.15941,35.82344],[139.16,35.8233],[139.16047,35.82332],[139.16108,35.82327],[139.16183,35.82298],[139.16227,35.82262],[139.1631,35.8221],[139.16365,35.82142],[139.16421,35.82099],[139.16482,35.82077],[139.16626,35.82047],[139.16718,35.82039],[139.16779,35.82039],[139.16904,35.82101],[139.17006,35.82168],[139.17056,35.82185],[139.17237,35.82207],[139.17323,35.82202],[139.17398,35.8221],[139.17459,35.82228],[139.17512,35.8227],[139.17616,35.82377],[139.17622,35.82329],[139.17656,35.82297],[139.17667,35.82275],[139.1768,35.82197],[139.17664,35.8217],[139.17666,35.82143],[139.1771,35.82115],[139.17727,35.82085],[139.17732,35.8204],[139.17714,35.82005],[139.17668,35.81984],[139.17645,35.81889],[139.17599,35.81654],[139.17515,35.81554],[139.17497,35.81558],[139.17463,35.81481],[139.17428,35.81362],[139.17408,35.81329],[139.17406,35.81287],[139.17411,35.81244],[139.17455,35.81194],[139.17457,35.81135],[139.17447,35.81107],[139.17461,35.81069],[139.17485,35.81048],[139.17489,35.81011],[139.17486,35.80976],[139.1749,35.80945],[139.17505,35.80887],[139.17563,35.80841],[139.17572,35.80817],[139.17568,35.80777],[139.17557,35.80734],[139.17543,35.80695],[139.175,35.8071],[139.17422,35.80705],[139.17331,35.80672],[139.17175,35.80541],[139.17206,35.80521],[139.17107,35.80531],[139.17073,35.80547],[139.17051,35.8056],[139.17037,35.80603],[139.17021,35.80637],[139.16974,35.80659],[139.16915,35.8068],[139.1689,35.80704],[139.1689,35.80758],[139.16899,35.80819],[139.16896,35.80915],[139.16874,35.80969],[139.16841,35.81016],[139.16788,35.81072],[139.16752,35.81104],[139.16694,35.81133],[139.16655,35.81162],[139.16597,35.8119],[139.16542,35.81203],[139.16492,35.81221],[139.16478,35.81242],[139.16453,35.81269],[139.16406,35.81282],[139.16309,35.81265],[139.16267,35.81241],[139.1625,35.81203],[139.16253,35.81113],[139.16289,35.81005],[139.16283,35.80961],[139.16197,35.80905],[139.16119,35.80894],[139.16045,35.80888],[139.15984,35.80877],[139.15922,35.80878],[139.15892,35.80907],[139.1585,35.80932],[139.15812,35.80972],[139.15629,35.81096],[139.15512,35.81196],[139.15471,35.81241],[139.15468,35.81348],[139.15457,35.81393],[139.15413,35.8144],[139.15427,35.81458],[139.15558,35.81784],[139.1568,35.81991],[139.15625,35.82039],[139.1553,35.82068],[139.154,35.8215],[139.15322,35.82188],[139.1525,35.82253],[139.15228,35.82294],[139.15225,35.8235],[139.15212,35.82372],[139.15142,35.82415],[139.15106,35.82471],[139.15095,35.82532],[139.15031,35.82588],[139.14996,35.82694],[139.14973,35.82745],[139.14946,35.82797],[139.14918,35.82837],[139.14882,35.829],[139.14849,35.82945],[139.14816,35.83039],[139.14788,35.8308],[139.14727,35.83127],[139.14719,35.83145],[139.1486,35.83086],[139.15018,35.83029],[139.15135,35.82966],[139.1521,35.82907],[139.15315,35.82835],[139.15384,35.82768],[139.15476,35.82655],[139.15559,35.82541],[139.15586,35.82487],[139.15578,35.82451],[139.15669,35.82397],[139.1573,35.82369],[139.15805,35.82347]]]}},{"type":"Feature","properties":{"id":"area-13308001002","name":"大丹波"},"geometry":{"type":"Polygon","coordinates":[[[139.10695,35.86574],[139.10825,35.86564],[139.10938,35.86569],[139.11012,35.86555],[139.111,35.86495],[139.11141,35.86478],[139.112,35.8648],[139.11277,35.86498],[139.11353,35.86526],[139.11417,35.86538],[139.11442,35.86536],[139.11502,35.86486],[139.11565,35.86449],[139.11592,35.86448],[139.11701,35.86458],[139.11803,35.86453],[139.11938,35.86429],[139.12002,35.86439],[139.12181,35.86495],[139.12182,35.86488],[139.12233,35.86497],[139.12327,35.86506],[139.12416,35.86481],[139.12452,35.86479],[139.12514,35.86493],[139.12612,35.86501],[139.12637,35.86506],[139.12667,35.86519],[139.12701,35.86542],[139.12756,35.86558],[139.12874,35.86562],[139.12899,35.8656],[139.12957,35.86539],[139.13032,35.86504],[139.13071,35.86475],[139.13104,35.86455],[139.13176,35.86445],[139.13287,35.86448],[139.13317,35.86455],[139.13347,35.86468],[139.13394,35.86501],[139.13447,35.86522],[139.13502,35.86533],[139.13547,35.86538],[139.13563,35.86535],[139.13624,35.86497],[139.1367,35.86475],[139.1377,35.86459],[139.13845,35.86427],[139.13889,35.86405],[139.14008,35.86378],[139.14102,35.86346],[139.14144,35.86328],[139.1419,35.8632],[139.14263,35.86337],[139.14302,35.86337],[139.1434,35.86328],[139.14434,35.86283],[139.14575,35.8629],[139.14633,35.8629],[139.14738,35.86272],[139.1484,35.8624],[139.14877,35.8622],[139.14912,35.86196],[139.14993,35.86128],[139.15023,35.86112],[139.15107,35.8609],[139.15178,35.86058],[139.15217,35.86035],[139.15292,35.85968],[139.15338,35.85945],[139.1541,35.85925],[139.15447,35.85921],[139.15476,35.85904],[139.15504,35.8588],[139.15662,35.85819],[139.15844,35.85764],[139.15908,35.85739],[139.15949,35.85714],[139.1596,35.85696],[139.15966,35.85674],[139.15994,35.85606],[139.16013,35.85574],[139.16049,35.85529],[139.16054,35.85529],[139.16131,35.85444],[139.16145,35.85376],[139.16159,35.85334],[139.16184,35.85298],[139.1622,35.85233],[139.16261,35.85181],[139.16349,35.85102],[139.16325,35.8505],[139.16301,35.85031],[139.16299,35.84989],[139.16268,35.84979],[139.16251,35.84953],[139.16246,35.84914],[139.16287,35.84851],[139.16305,35.84857],[139.1633,35.84847],[139.16354,35.84811],[139.16475,35.84712],[139.16494,35.8463],[139.16542,35.84607],[139.16574,35.84545],[139.16585,35.84474],[139.16594,35.84461],[139.16636,35.84451],[139.16597,35.84348],[139.16585,35.84333],[139.16588,35.843],[139.16612,35.84295],[139.16653,35.84276],[139.16682,35.84257],[139.16698,35.84227],[139.16733,35.84202],[139.16765,35.84206],[139.16779,35.842],[139.16776,35.84186],[139.16791,35.8417],[139.16818,35.84167],[139.16834,35.84125],[139.16858,35.84112],[139.16914,35.84111],[139.16926,35.84099],[139.16932,35.84067],[139.1694,35.84047],[139.16964,35.84045],[139.17032,35.84057],[139.17076,35.84011],[139.17087,35.8399],[139.17178,35.84],[139.17197,35.83995],[139.17199,35.83957],[139.17225,35.83937],[139.17235,35.83916],[139.1726,35.83895],[139.17287,35.83879],[139.17299,35.83866],[139.17303,35.83835],[139.17319,35.8381],[139.17378,35.83792],[139.17415,35.83791],[139.17432,35.83786],[139.17424,35.83689],[139.17436,35.8367],[139.17459,35.83668],[139.17489,35.8364],[139.17488,35.83628],[139.17548,35.83613],[139.17608,35.83616],[139.17628,35.83606],[139.17659,35.8357],[139.17737,35.83524],[139.17753,35.8351],[139.17735,35.83473],[139.17735,35.8344],[139.17731,35.83403],[139.17713,35.83349],[139.17688,35.83298],[139.17725,35.83279],[139.17749,35.83252],[139.17763,35.83189],[139.17769,35.83137],[139.17789,35.83094],[139.17842,35.83074],[139.17866,35.83056],[139.17828,35.83028],[139.17766,35.8294],[139.17716,35.8292],[139.1759,35.82758],[139.17559,35.82743],[139.17531,35.82721],[139.17527,35.82689],[139.17574,35.82626],[139.17582,35.82544],[139.17616,35.82377],[139.17512,35.8227],[139.17459,35.82228],[139.17398,35.8221],[139.17323,35.82202],[139.17237,35.82207],[139.17056,35.82185],[139.17006,35.82168],[139.16904,35.82101],[139.16779,35.82039],[139.16718,35.82039],[139.16626,35.82047],[139.16482,35.82077],[139.16421,35.82099],[139.16365,35.82142],[139.1631,35.8221],[139.16227,35.82262],[139.16183,35.82298],[139.16108,35.82327],[139.16047,35.82332],[139.16,35.8233],[139.15941,35.82344],[139.15877,35.82337],[139.15805,35.82347],[139.1573,35.82369],[139.15669,35.82397],[139.15578,35.82451],[139.15586,35.82487],[139.15559,35.82541],[139.15476,35.82655],[139.15384,35.82768],[139.15315,35.82835],[139.1521,35.82907],[139.15135,35.82966],[139.15018,35.83029],[139.1486,35.83086],[139.14719,35.83145],[139.14663,35.83177],[139.14599,35.8322],[139.1455,35.83265],[139.14533,35.83316],[139.14508,35.8335],[139.14414,35.83451],[139.14317,35.83508],[139.14289,35.83528],[139.14267,35.83562],[139.14206,35.83622],[139.14164,35.83679],[139.13984,35.83794],[139.1382,35.83781],[139.13726,35.83797],[139.13623,35.83834],[139.13571,35.83865],[139.13551,35.8389],[139.13524,35.83977],[139.13465,35.84045],[139.13416,35.84074],[139.13343,35.84124],[139.13319,35.84167],[139.13294,35.84194],[139.13255,35.842],[139.13155,35.8421],[139.13119,35.8423],[139.13055,35.84289],[139.13008,35.84316],[139.12947,35.84332],[139.1288,35.8437],[139.12866,35.84399],[139.12822,35.84447],[139.12761,35.84467],[139.12706,35.84481],[139.12653,35.84517],[139.12586,35.84553],[139.12531,35.84562],[139.12425,35.84563],[139.12337,35.84552],[139.12223,35.84573],[139.12092,35.84634],[139.11926,35.84695],[139.11884,35.84778],[139.11834,35.84834],[139.11801,35.84884],[139.11735,35.84933],[139.11663,35.84956],[139.11588,35.84963],[139.1149,35.84977],[139.11407,35.85],[139.11374,35.85036],[139.11277,35.85086],[139.11216,35.85128],[139.1123,35.85175],[139.1123,35.85225],[139.11244,35.85256],[139.11219,35.85274],[139.11194,35.85299],[139.11194,35.85339],[139.11147,35.85366],[139.1113,35.85368],[139.11049,35.85413],[139.10987,35.85464],[139.10938,35.855],[139.10875,35.85531],[139.10853,35.85563],[139.10817,35.85609],[139.1078,35.85623],[139.10702,35.85617],[139.10622,35.8565],[139.10477,35.85751],[139.10384,35.85729],[139.10313,35.85752],[139.10242,35.85772],[139.10201,35.8585],[139.10191,35.85904],[139.102,35.85985],[139.10241,35.8615],[139.10196,35.86197],[139.10107,35.86278],[139.10078,35.86331],[139.10107,35.86431],[139.10112,35.86478],[139.10131,35.8653],[139.10136,35.86569],[139.10151,35.86578],[139.1018,35.86621],[139.10225,35.86657],[139.10238,35.86663],[139.1054,35.86628],[139.10626,35.86588],[139.10695,35.86574]]]}},{"type":"Feature","properties":{"id":"area-13308001003","name":"梅沢"},"geometry":{"type":"Polygon","coordinates":[[[139.17194,35.80522],[139.17171,35.80482],[139.17173,35.80373],[139.1712,35.80343],[139.17079,35.80331],[139.17023,35.80324],[139.16995,35.8031],[139.16954,35.80278],[139.16913,35.80263],[139.16854,35.80256],[139.16722,35.80184],[139.1663,35.80157],[139.16513,35.80174],[139.16479,35.80169],[139.16386,35.8011],[139.16231,35.80028],[139.16172,35.80001],[139.16141,35.79991],[139.16111,35.79949],[139.16081,35.79924],[139.16014,35.799],[139.15941,35.79868],[139.15882,35.7985],[139.15837,35.79844],[139.15785,35.79844],[139.15728,35.79859],[139.15675,35.7986],[139.15622,35.79876],[139.15559,35.79842],[139.15512,35.7983],[139.15452,35.79779],[139.15348,35.79734],[139.15277,35.79709],[139.1522,35.7971],[139.15163,35.79707],[139.15122,35.79697],[139.15103,35.79684],[139.15092,35.79664],[139.15076,35.79661],[139.15042,35.79675],[139.15022,35.79842],[139.15053,35.79897],[139.15075,35.79947],[139.15086,35.79989],[139.15075,35.80047],[139.15181,35.80107],[139.1527,35.8014],[139.15328,35.80187],[139.15392,35.80222],[139.15467,35.80249],[139.15519,35.80289],[139.15592,35.8032],[139.15739,35.80375],[139.15814,35.80393],[139.15889,35.80406],[139.15988,35.80441],[139.16072,35.80485],[139.16127,35.80536],[139.16172,35.80599],[139.162,35.80661],[139.16233,35.80717],[139.16233,35.80757],[139.16167,35.80818],[139.16139,35.80854],[139.16119,35.80894],[139.16197,35.80905],[139.16283,35.80961],[139.16289,35.81005],[139.16253,35.81113],[139.1625,35.81203],[139.16267,35.81241],[139.16309,35.81265],[139.16406,35.81282],[139.16453,35.81269],[139.16478,35.81242],[139.16492,35.81221],[139.16542,35.81203],[139.16597,35.8119],[139.16655,35.81162],[139.16694,35.81133],[139.16752,35.81104],[139.16788,35.81072],[139.16841,35.81016],[139.16874,35.80969],[139.16896,35.80915],[139.16899,35.80819],[139.1689,35.80758],[139.1689,35.80704],[139.16915,35.8068],[139.16974,35.80659],[139.17021,35.80637],[139.17037,35.80603],[139.17051,35.8056],[139.17073,35.80547],[139.17107,35.80531],[139.17194,35.80522]]]}},{"type":"Feature","properties":{"id":"area-13308001004","name":"丹三郎"},"geometry":{"type":"Polygon","coordinates":[[[139.15413,35.8144],[139.15457,35.81393],[139.15468,35.81348],[139.15471,35.81241],[139.15512,35.81196],[139.15629,35.81096],[139.15812,35.80972],[139.1585,35.80932],[139.15892,35.80907],[139.15922,35.80878],[139.15984,35.80877],[139.16045,35.80888],[139.16119,35.80894],[139.16139,35.80854],[139.16167,35.80818],[139.16233,35.80757],[139.16233,35.80717],[139.162,35.80661],[139.16172,35.80599],[139.16127,35.80536],[139.16072,35.80485],[139.15988,35.80441],[139.15889,35.80406],[139.15814,35.80393],[139.15739,35.80375],[139.15592,35.8032],[139.15519,35.80289],[139.15467,35.80249],[139.15392,35.80222],[139.15328,35.80187],[139.1527,35.8014],[139.15181,35.80107],[139.15075,35.80047],[139.14956,35.80193],[139.14917,35.80247],[139.14848,35.80396],[139.14815,35.80476],[139.14796,35.80573],[139.14785,35.80714],[139.1476,35.80752],[139.14724,35.80817],[139.14694,35.80902],[139.14752,35.81061],[139.14871,35.81188],[139.1496,35.81306],[139.14983,35.81342],[139.14988,35.81404],[139.15072,35.81413],[139.15108,35.81431],[139.1516,35.81439],[139.15227,35.81434],[139.15291,35.81447],[139.15343,35.81447],[139.15413,35.8144]]]}},{"type":"Feature","properties":{"id":"area-13308001005","name":"小丹波"},"geometry":{"type":"Polygon","coordinates":[[[139.12223,35.84573],[139.12337,35.84552],[139.12425,35.84563],[139.12531,35.84562],[139.12586,35.84553],[139.12653,35.84517],[139.12706,35.84481],[139.12761,35.84467],[139.12822,35.84447],[139.12866,35.84399],[139.1288,35.8437],[139.12947,35.84332],[139.13008,35.84316],[139.13055,35.84289],[139.13119,35.8423],[139.13155,35.8421],[139.13255,35.842],[139.13294,35.84194],[139.13319,35.84167],[139.13343,35.84124],[139.13416,35.84074],[139.13465,35.84045],[139.13524,35.83977],[139.13551,35.8389],[139.13571,35.83865],[139.13623,35.83834],[139.13726,35.83797],[139.1382,35.83781],[139.13984,35.83794],[139.14164,35.83679],[139.14206,35.83622],[139.14267,35.83562],[139.14289,35.83528],[139.14317,35.83508],[139.14414,35.83451],[139.14508,35.8335],[139.14533,35.83316],[139.1455,35.83265],[139.14599,35.8322],[139.14663,35.83177],[139.14719,35.83145],[139.14727,35.83127],[139.14788,35.8308],[139.14816,35.83039],[139.14849,35.82945],[139.14882,35.829],[139.14918,35.82837],[139.14946,35.82797],[139.14973,35.82745],[139.14996,35.82694],[139.15031,35.82588],[139.15095,35.82532],[139.15106,35.82471],[139.15142,35.82415],[139.15212,35.82372],[139.15225,35.8235],[139.15228,35.82294],[139.1525,35.82253],[139.15322,35.82188],[139.154,35.8215],[139.1553,35.82068],[139.15625,35.82039],[139.1568,35.81991],[139.15558,35.81784],[139.15427,35.81458],[139.15413,35.8144],[139.15343,35.81447],[139.15291,35.81447],[139.15227,35.81434],[139.1516,35.81439],[139.15108,35.81431],[139.15072,35.81413],[139.14988,35.81404],[139.14983,35.81342],[139.1496,35.81306],[139.14871,35.81188],[139.14752,35.81061],[139.14694,35.80902],[139.14724,35.80817],[139.1476,35.80752],[139.14785,35.80714],[139.14796,35.80573],[139.14815,35.80476],[139.14848,35.80396],[139.14917,35.80247],[139.14956,35.80193],[139.15075,35.80047],[139.15086,35.79989],[139.15075,35.79947],[139.15053,35.79897],[139.15022,35.79842],[139.15042,35.79675],[139.1502,35.79684],[139.1499,35.79646],[139.14953,35.79607],[139.14942,35.79575],[139.14871,35.79447],[139.14805,35.79401],[139.14758,35.79395],[139.14653,35.79416],[139.14525,35.79504],[139.14448,35.79522],[139.14226,35.79551],[139.14132,35.79585],[139.14096,35.79616],[139.13904,35.79738],[139.1376,35.79851],[139.13685,35.79925],[139.13558,35.80078],[139.13555,35.80223],[139.13561,35.80279],[139.13555,35.80371],[139.13475,35.80515],[139.13431,35.80578],[139.13414,35.80634],[139.13436,35.80645],[139.13517,35.80707],[139.13528,35.80738],[139.13525,35.80803],[139.13534,35.80855],[139.13573,35.80841],[139.13642,35.80845],[139.13661,35.80856],[139.13695,35.80903],[139.13692,35.8093],[139.13681,35.80959],[139.13681,35.80997],[139.13703,35.81044],[139.13753,35.81084],[139.13773,35.81093],[139.13806,35.81126],[139.1382,35.81164],[139.13839,35.81176],[139.13862,35.81198],[139.13859,35.81218],[139.13848,35.81247],[139.1382,35.81263],[139.13792,35.8129],[139.13781,35.81335],[139.13784,35.81359],[139.13823,35.81408],[139.13806,35.81417],[139.13768,35.81418],[139.13762,35.81445],[139.13673,35.81505],[139.13579,35.81578],[139.13468,35.81668],[139.13321,35.81796],[139.13191,35.81936],[139.13122,35.82037],[139.12978,35.82266],[139.12983,35.82335],[139.13128,35.82211],[139.13227,35.82152],[139.13383,35.82096],[139.13471,35.82077],[139.13585,35.82083],[139.13724,35.82101],[139.1381,35.82098],[139.13852,35.82102],[139.1391,35.82084],[139.13971,35.82059],[139.14035,35.81951],[139.14071,35.81911],[139.14184,35.81836],[139.14237,35.81834],[139.14218,35.81861],[139.14226,35.81892],[139.14215,35.81935],[139.14218,35.81997],[139.14215,35.82062],[139.1419,35.82123],[139.14168,35.82201],[139.1416,35.82255],[139.14104,35.82316],[139.14038,35.82379],[139.13974,35.82448],[139.13933,35.8252],[139.13919,35.82556],[139.13877,35.82597],[139.13811,35.82628],[139.1375,35.82633],[139.13616,35.82654],[139.1355,35.82677],[139.13461,35.827],[139.13339,35.82685],[139.13258,35.82654],[139.13214,35.82582],[139.13189,35.82549],[139.1315,35.8256],[139.12967,35.82626],[139.12884,35.82671],[139.12698,35.82811],[139.12607,35.82859],[139.1259,35.82903],[139.12435,35.83065],[139.12632,35.83268],[139.12718,35.83368],[139.12746,35.83409],[139.12729,35.83431],[139.12685,35.83519],[139.12599,35.83673],[139.12533,35.83837],[139.12502,35.83951],[139.12522,35.84032],[139.12505,35.84119],[139.12494,35.84211],[139.12475,35.84263],[139.12436,35.84317],[139.1235,35.844],[139.12292,35.84452],[139.12262,35.84519],[139.12223,35.84573]]]}},{"type":"Feature","properties":{"id":"area-13308001006","name":"棚沢"},"geometry":{"type":"Polygon","coordinates":[[[139.11216,35.85128],[139.11277,35.85086],[139.11374,35.85036],[139.11407,35.85],[139.1149,35.84977],[139.11588,35.84963],[139.11663,35.84956],[139.11735,35.84933],[139.11801,35.84884],[139.11834,35.84834],[139.11884,35.84778],[139.11926,35.84695],[139.12092,35.84634],[139.12223,35.84573],[139.12262,35.84519],[139.12292,35.84452],[139.1235,35.844],[139.12436,35.84317],[139.12475,35.84263],[139.12494,35.84211],[139.12505,35.84119],[139.12522,35.84032],[139.12502,35.83951],[139.12533,35.83837],[139.12599,35.83673],[139.12685,35.83519],[139.12729,35.83431],[139.12746,35.83409],[139.12718,35.83368],[139.12632,35.83268],[139.12435,35.83065],[139.1259,35.82903],[139.12607,35.82859],[139.12698,35.82811],[139.12884,35.82671],[139.12967,35.82626],[139.1315,35.8256],[139.13189,35.82549],[139.13214,35.82582],[139.13258,35.82654],[139.13339,35.82685],[139.13461,35.827],[139.1355,35.82677],[139.13616,35.82654],[139.1375,35.82633],[139.13811,35.82628],[139.13877,35.82597],[139.13919,35.82556],[139.13933,35.8252],[139.13974,35.82448],[139.14038,35.82379],[139.14104,35.82316],[139.1416,35.82255],[139.14168,35.82201],[139.1419,35.82123],[139.14215,35.82062],[139.14218,35.81997],[139.14215,35.81935],[139.14226,35.81892],[139.14218,35.81861],[139.14237,35.81834],[139.14184,35.81836],[139.14071,35.81911],[139.14035,35.81951],[139.13971,35.82059],[139.1391,35.82084],[139.13852,35.82102],[139.1381,35.82098],[139.13724,35.82101],[139.13585,35.82083],[139.13471,35.82077],[139.13383,35.82096],[139.13227,35.82152],[139.13128,35.82211],[139.12983,35.82335],[139.12978,35.82266],[139.13122,35.82037],[139.13191,35.81936],[139.13321,35.81796],[139.13468,35.81668],[139.13579,35.81578],[139.13673,35.81505],[139.13762,35.81445],[139.13768,35.81418],[139.13806,35.81417],[139.13823,35.81408],[139.13784,35.81359],[139.13781,35.81335],[139.13792,35.8129],[139.1382,35.81263],[139.13848,35.81247],[139.13859,35.81218],[139.13862,35.81198],[139.13839,35.81176],[139.1382,35.81164],[139.13806,35.81126],[139.13773,35.81093],[139.13753,35.81084],[139.13703,35.81044],[139.13681,35.80997],[139.13681,35.80959],[139.13692,35.8093],[139.13695,35.80903],[139.13661,35.80856],[139.13642,35.80845],[139.13573,35.80841],[139.13534,35.80855],[139.13525,35.80803],[139.13528,35.80738],[139.13517,35.80707],[139.13436,35.80645],[139.13414,35.80634],[139.13431,35.80578],[139.13475,35.80515],[139.13452,35.80481],[139.13437,35.80447],[139.13418,35.80431],[139.13406,35.80412],[139.13356,35.80354],[139.13288,35.80306],[139.13283,35.80298],[139.13264,35.80221],[139.13277,35.80155],[139.13215,35.80161],[139.131,35.80183],[139.12949,35.80188],[139.12892,35.80171],[139.12785,35.80131],[139.12684,35.80101],[139.12693,35.80197],[139.12704,35.80264],[139.12682,35.80329],[139.12632,35.80403],[139.12557,35.80558],[139.12496,35.8063],[139.12454,35.80695],[139.12407,35.80821],[139.12391,35.80894],[139.12372,35.81038],[139.12363,35.81069],[139.12355,35.81215],[139.12317,35.8139],[139.12272,35.81448],[139.12231,35.81491],[139.12139,35.81525],[139.12064,35.81568],[139.11878,35.81651],[139.11837,35.81683],[139.11804,35.81726],[139.11679,35.81834],[139.11562,35.81906],[139.11504,35.81953],[139.11427,35.81974],[139.11357,35.82001],[139.11119,35.82058],[139.11055,35.82097],[139.10983,35.82131],[139.10775,35.8219],[139.10744,35.82235],[139.10712,35.82259],[139.10687,35.82293],[139.1064,35.82321],[139.10629,35.82342],[139.10617,35.82414],[139.10567,35.82503],[139.10541,35.82596],[139.10504,35.82686],[139.10472,35.82833],[139.1043,35.82869],[139.10338,35.82844],[139.10315,35.82849],[139.10281,35.82865],[139.10246,35.8289],[139.10201,35.82937],[139.10184,35.82988],[139.1015,35.83031],[139.10127,35.83048],[139.10129,35.83097],[139.102,35.83112],[139.10254,35.83137],[139.10313,35.83128],[139.10367,35.83135],[139.10469,35.83186],[139.105,35.83264],[139.1054,35.83326],[139.10578,35.83373],[139.10624,35.8339],[139.10652,35.83383],[139.10691,35.83465],[139.10717,35.83529],[139.10688,35.83595],[139.10659,35.83647],[139.10674,35.83675],[139.1069,35.83864],[139.10708,35.83983],[139.10702,35.84099],[139.10781,35.84201],[139.10848,35.8428],[139.10885,35.84351],[139.10906,35.84408],[139.10943,35.84475],[139.10986,35.84492],[139.11054,35.84551],[139.1117,35.84675],[139.1121,35.84733],[139.11215,35.84825],[139.11183,35.84884],[139.1115,35.84923],[139.11107,35.84941],[139.11055,35.85006],[139.11012,35.85029],[139.10949,35.85106],[139.11029,35.85103],[139.1108,35.85132],[139.11153,35.85194],[139.11181,35.85238],[139.11171,35.85342],[139.1113,35.85368],[139.11147,35.85366],[139.11194,35.85339],[139.11194,35.85299],[139.11219,35.85274],[139.11244,35.85256],[139.1123,35.85225],[139.1123,35.85175],[139.11216,35.85128]]]}},{"type":"Feature","properties":{"id":"area-13308001007","name":"白丸"},"geometry":{"type":"Polygon","coordinates":[[[139.11679,35.81834],[139.11804,35.81726],[139.11837,35.81683],[139.11878,35.81651],[139.12064,35.81568],[139.12139,35.81525],[139.12231,35.81491],[139.12272,35.81448],[139.12317,35.8139],[139.12355,35.81215],[139.12363,35.81069],[139.12372,35.81038],[139.12391,35.80894],[139.12407,35.80821],[139.12454,35.80695],[139.12496,35.8063],[139.12557,35.80558],[139.12632,35.80403],[139.12338,35.80503],[139.1216,35.8056],[139.12047,35.8059],[139.1185,35.80658],[139.11838,35.80651],[139.11792,35.80667],[139.11711,35.80676],[139.11575,35.80722],[139.11525,35.80742],[139.11495,35.8075],[139.11475,35.8075],[139.1145,35.80761],[139.114,35.8077],[139.11356,35.80772],[139.11353,35.80753],[139.11324,35.80776],[139.1134,35.80788],[139.11285,35.80784],[139.10868,35.80799],[139.10822,35.8081],[139.10798,35.8082],[139.10792,35.80818],[139.10707,35.80886],[139.10641,35.80914],[139.10584,35.80925],[139.10517,35.80949],[139.10447,35.80991],[139.10449,35.80994],[139.10412,35.81099],[139.10416,35.81108],[139.10405,35.81166],[139.10374,35.8122],[139.10363,35.81274],[139.10346,35.81293],[139.10349,35.81331],[139.10374,35.81334],[139.10381,35.81353],[139.10432,35.81415],[139.10453,35.8145],[139.10483,35.81475],[139.10519,35.81524],[139.10563,35.81596],[139.10615,35.81654],[139.10622,35.81672],[139.10649,35.81709],[139.10652,35.81752],[139.10677,35.81794],[139.10677,35.81781],[139.10702,35.81843],[139.10694,35.81915],[139.10719,35.81982],[139.10736,35.82065],[139.10775,35.8219],[139.10983,35.82131],[139.11055,35.82097],[139.11119,35.82058],[139.11357,35.82001],[139.11427,35.81974],[139.11504,35.81953],[139.11562,35.81906],[139.11679,35.81834]]]}},{"type":"Feature","properties":{"id":"area-13308002001","name":"氷川"},"geometry":{"type":"Polygon","coordinates":[[[139.09121,35.86911],[139.09162,35.86899],[139.09242,35.86901],[139.09482,35.86945],[139.09578,35.86941],[139.09678,35.86913],[139.09902,35.8687],[139.09926,35.8685],[139.0995,35.86791],[139.09993,35.86747],[139.10023,35.86711],[139.1004,35.86684],[139.10135,35.86567],[139.10136,35.86569],[139.10131,35.8653],[139.10112,35.86478],[139.10107,35.86431],[139.10078,35.86331],[139.10107,35.86278],[139.10196,35.86197],[139.10241,35.8615],[139.102,35.85985],[139.10191,35.85904],[139.10201,35.8585],[139.10242,35.85772],[139.10313,35.85752],[139.10384,35.85729],[139.10477,35.85751],[139.10622,35.8565],[139.10702,35.85617],[139.1078,35.85623],[139.10817,35.85609],[139.10853,35.85563],[139.10875,35.85531],[139.10938,35.855],[139.10987,35.85464],[139.11049,35.85413],[139.11104,35.85384],[139.11171,35.85342],[139.11181,35.85238],[139.11153,35.85194],[139.1108,35.85132],[139.11029,35.85103],[139.10949,35.85106],[139.11012,35.85029],[139.11055,35.85006],[139.11107,35.84941],[139.1115,35.84923],[139.11183,35.84884],[139.11215,35.84825],[139.1121,35.84733],[139.1117,35.84675],[139.11054,35.84551],[139.10986,35.84492],[139.10943,35.84475],[139.10906,35.84408],[139.10885,35.84351],[139.10848,35.8428],[139.10781,35.84201],[139.10702,35.84099],[139.10708,35.83983],[139.1069,35.83864],[139.10674,35.83675],[139.10659,35.83647],[139.10688,35.83595],[139.10717,35.83529],[139.10691,35.83465],[139.10652,35.83383],[139.10624,35.8339],[139.10578,35.83373],[139.1054,35.83326],[139.105,35.83264],[139.10469,35.83186],[139.10367,35.83135],[139.10313,35.83128],[139.10254,35.83137],[139.102,35.83112],[139.10129,35.83097],[139.10127,35.83048],[139.1015,35.83031],[139.10184,35.82988],[139.10201,35.82937],[139.10246,35.8289],[139.10281,35.82865],[139.10315,35.82849],[139.10338,35.82844],[139.1043,35.82869],[139.10472,35.82833],[139.10504,35.82686],[139.10541,35.82596],[139.10567,35.82503],[139.10617,35.82414],[139.10629,35.82342],[139.1064,35.82321],[139.10687,35.82293],[139.10712,35.82259],[139.10744,35.82235],[139.10775,35.8219],[139.10736,35.82065],[139.10719,35.81982],[139.10694,35.81915],[139.10702,35.81843],[139.10677,35.81781],[139.10677,35.81794],[139.10652,35.81752],[139.10649,35.81709],[139.10622,35.81672],[139.10615,35.81654],[139.10563,35.81596],[139.10519,35.81524],[139.10483,35.81475],[139.10453,35.8145],[139.10432,35.81415],[139.10381,35.81353],[139.10374,35.81334],[139.10349,35.81331],[139.10346,35.81293],[139.10363,35.81274],[139.10374,35.8122],[139.10405,35.81166],[139.10416,35.81108],[139.10412,35.81099],[139.10449,35.80994],[139.10447,35.80991],[139.10517,35.80949],[139.10584,35.80925],[139.10641,35.80914],[139.10707,35.80886],[139.10792,35.80818],[139.10798,35.8082],[139.10822,35.8081],[139.10868,35.80799],[139.11285,35.80784],[139.1134,35.80788],[139.11324,35.80776],[139.11353,35.80753],[139.11322,35.80714],[139.11248,35.80653],[139.11207,35.80664],[139.11084,35.80526],[139.11012,35.80485],[139.10977,35.80434],[139.10977,35.80389],[139.109,35.80347],[139.10848,35.80296],[139.10767,35.80252],[139.10713,35.80234],[139.10694,35.80242],[139.10613,35.80205],[139.10534,35.80184],[139.1047,35.80185],[139.10338,35.80258],[139.10287,35.8035],[139.10214,35.80409],[139.10189,35.80446],[139.10157,35.80539],[139.10072,35.80607],[139.10029,35.8067],[139.09981,35.80755],[139.09969,35.80758],[139.09905,35.80751],[139.09897,35.80774],[139.09861,35.80779],[139.09831,35.80775],[139.09835,35.80752],[139.09794,35.80744],[139.09779,35.80755],[139.09742,35.80735],[139.09732,35.80725],[139.09706,35.80735],[139.09667,35.80734],[139.09635,35.80758],[139.0959,35.80809],[139.09562,35.80886],[139.09542,35.81058],[139.09572,35.81144],[139.09591,35.81188],[139.09604,35.81235],[139.09598,35.81291],[139.09584,35.81362],[139.09557,35.81392],[139.09495,35.81417],[139.09405,35.81471],[139.09325,35.81543],[139.0934,35.81569],[139.09345,35.81623],[139.09276,35.81608],[139.09204,35.81605],[139.09146,35.81607],[139.0908,35.81647],[139.09052,35.81686],[139.08993,35.8173],[139.08946,35.8173],[139.08901,35.81708],[139.08843,35.81703],[139.08799,35.81737],[139.08741,35.81775],[139.08715,35.81823],[139.08646,35.81896],[139.08731,35.81958],[139.0887,35.82072],[139.08939,35.82149],[139.09,35.82234],[139.0906,35.82284],[139.09083,35.82348],[139.09059,35.82454],[139.09053,35.82546],[139.09086,35.82632],[139.09114,35.82737],[139.09147,35.82904],[139.09137,35.82962],[139.09144,35.83101],[139.09214,35.8318],[139.09047,35.83186],[139.08974,35.83194],[139.08886,35.83188],[139.08792,35.8315],[139.08682,35.83094],[139.08594,35.83043],[139.08212,35.82909],[139.08139,35.82888],[139.08089,35.82884],[139.08035,35.8283],[139.08002,35.82864],[139.07998,35.82889],[139.08038,35.82982],[139.0803,35.83027],[139.08017,35.83051],[139.07957,35.83066],[139.07889,35.83052],[139.0778,35.8311],[139.07742,35.83135],[139.07734,35.83175],[139.07783,35.83181],[139.07801,35.832],[139.07807,35.83234],[139.0783,35.83461],[139.07842,35.83529],[139.07868,35.83595],[139.07911,35.83653],[139.07958,35.83729],[139.08013,35.83892],[139.0802,35.83949],[139.08044,35.8401],[139.07859,35.84121],[139.0777,35.84166],[139.07575,35.84296],[139.07623,35.84361],[139.07657,35.84425],[139.07707,35.84504],[139.07751,35.84584],[139.07787,35.84666],[139.07847,35.84848],[139.07845,35.84913],[139.07825,35.84997],[139.07822,35.85044],[139.0783,35.85127],[139.07861,35.85198],[139.07912,35.85267],[139.07971,35.85335],[139.08039,35.85396],[139.08107,35.85444],[139.0818,35.85508],[139.08266,35.85561],[139.08327,35.85633],[139.08389,35.85698],[139.08482,35.85837],[139.08508,35.85894],[139.08518,35.8595],[139.08515,35.86035],[139.08503,35.86095],[139.08476,35.86159],[139.08457,35.86268],[139.08424,35.86352],[139.08447,35.86418],[139.08472,35.86501],[139.08466,35.86662],[139.08486,35.86688],[139.08511,35.86772],[139.08532,35.86829],[139.0854,35.86903],[139.086,35.86971],[139.08666,35.87018],[139.08678,35.87073],[139.08724,35.87131],[139.08741,35.87197],[139.08927,35.87096],[139.08994,35.87036],[139.09072,35.86945],[139.09121,35.86911]]]}},{"type":"Feature","properties":{"id":"area-13308002002","name":"氷川"},"geometry":{"type":"Polygon","coordinates":[[[139.09779,35.80755],[139.09794,35.80744],[139.09835,35.80752],[139.09827,35.80712],[139.09769,35.80669],[139.09752,35.80636],[139.09744,35.80587],[139.09744,35.80548],[139.09728,35.80496],[139.09705,35.80439],[139.09698,35.80409],[139.09749,35.80367],[139.09791,35.80315],[139.09843,35.80222],[139.09857,35.80138],[139.09847,35.80086],[139.09819,35.80012],[139.09845,35.7996],[139.09863,35.79929],[139.09872,35.79889],[139.09879,35.79829],[139.09862,35.79754],[139.09844,35.79728],[139.0987,35.79678],[139.09892,35.79643],[139.09903,35.79609],[139.09905,35.79578],[139.09919,35.79534],[139.09944,35.79506],[139.09958,35.79461],[139.09982,35.79433],[139.10023,35.79406],[139.10057,35.7936],[139.10076,35.79296],[139.10109,35.79261],[139.10164,35.79228],[139.10204,35.79131],[139.10243,35.79096],[139.10255,35.7905],[139.10272,35.79001],[139.10266,35.78931],[139.10289,35.78876],[139.1027,35.78758],[139.10254,35.7862],[139.10263,35.78574],[139.10304,35.7851],[139.10359,35.78439],[139.10409,35.7836],[139.10455,35.7831],[139.10499,35.78195],[139.10526,35.78167],[139.10537,35.78094],[139.10567,35.78023],[139.10573,35.77935],[139.10558,35.77939],[139.10497,35.77914],[139.10448,35.77879],[139.10407,35.77872],[139.10351,35.7788],[139.10291,35.7787],[139.10235,35.77855],[139.10181,35.77823],[139.10123,35.77781],[139.10047,35.77738],[139.09963,35.77703],[139.09898,35.77694],[139.09843,35.77696],[139.09791,35.7767],[139.09736,35.7765],[139.0965,35.77605],[139.09632,35.77576],[139.09613,35.77533],[139.09548,35.77501],[139.09531,35.77484],[139.09501,35.77522],[139.0948,35.77573],[139.09471,35.77631],[139.09504,35.77743],[139.095,35.77803],[139.09525,35.77849],[139.0953,35.77926],[139.09541,35.77971],[139.0951,35.78015],[139.0949,35.78057],[139.09426,35.78097],[139.09312,35.78177],[139.09242,35.78219],[139.09215,35.78249],[139.09169,35.78346],[139.09108,35.78417],[139.09053,35.78496],[139.08994,35.78534],[139.08963,35.78586],[139.08891,35.7866],[139.08659,35.78784],[139.08623,35.7883],[139.08587,35.78907],[139.08569,35.78931],[139.0855,35.78972],[139.08527,35.78996],[139.08528,35.79136],[139.08538,35.79159],[139.08542,35.79208],[139.08562,35.79213],[139.0856,35.79262],[139.08591,35.79348],[139.08654,35.79544],[139.08655,35.79567],[139.08682,35.79646],[139.08687,35.79644],[139.08702,35.79702],[139.08704,35.79745],[139.08699,35.79788],[139.08699,35.79862],[139.0869,35.7992],[139.08657,35.79982],[139.08611,35.8004],[139.08556,35.80076],[139.08458,35.80123],[139.08363,35.8016],[139.08278,35.80181],[139.08252,35.80242],[139.08238,35.80311],[139.08208,35.80344],[139.08193,35.80406],[139.08165,35.80441],[139.08123,35.8052],[139.08199,35.80546],[139.08244,35.8055],[139.08302,35.80546],[139.08503,35.8055],[139.08589,35.80545],[139.087,35.80554],[139.08852,35.80527],[139.09046,35.80459],[139.09158,35.80415],[139.09244,35.80461],[139.09341,35.80508],[139.09412,35.80523],[139.09473,35.8053],[139.0956,35.80549],[139.09587,35.8056],[139.09615,35.80606],[139.0967,35.80653],[139.09732,35.80725],[139.09742,35.80735],[139.09779,35.80755]]]}},{"type":"Feature","properties":{"id":"area-13308002003","name":"氷川"},"geometry":{"type":"Polygon","coordinates":[[[139.09897,35.80774],[139.09905,35.80751],[139.09969,35.80758],[139.09981,35.80755],[139.10029,35.8067],[139.10072,35.80607],[139.10157,35.80539],[139.10189,35.80446],[139.10214,35.80409],[139.10287,35.8035],[139.10338,35.80258],[139.1047,35.80185],[139.10534,35.80184],[139.10536,35.80174],[139.10503,35.80128],[139.10458,35.80103],[139.10387,35.80049],[139.10303,35.80009],[139.10183,35.79934],[139.10056,35.79884],[139.09879,35.79829],[139.09872,35.79889],[139.09863,35.79929],[139.09845,35.7996],[139.09819,35.80012],[139.09847,35.80086],[139.09857,35.80138],[139.09843,35.80222],[139.09791,35.80315],[139.09749,35.80367],[139.09698,35.80409],[139.09705,35.80439],[139.09728,35.80496],[139.09744,35.80548],[139.09744,35.80587],[139.09752,35.80636],[139.09769,35.80669],[139.09827,35.80712],[139.09835,35.80752],[139.09831,35.80775],[139.09861,35.80779],[139.09897,35.80774]]]}},{"type":"Feature","properties":{"id":"area-13308002004","name":"氷川"},"geometry":{"type":"Polygon","coordinates":[[[139.0636,35.81354],[139.06387,35.81342],[139.06389,35.81348],[139.06414,35.8133],[139.06547,35.81317],[139.0661,35.81324],[139.06627,35.81314],[139.06711,35.81316],[139.06744,35.81307],[139.06773,35.81289],[139.06838,35.81272],[139.0697,35.81255],[139.07004,35.81241],[139.07057,35.8123],[139.07149,35.81194],[139.0716,35.81183],[139.07216,35.81166],[139.0729,35.8111],[139.07313,35.8106],[139.0734,35.81039],[139.07554,35.80985],[139.07616,35.80966],[139.07778,35.80998],[139.07888,35.81009],[139.08081,35.81065],[139.08129,35.81087],[139.08167,35.81098],[139.08253,35.81097],[139.08581,35.81132],[139.08636,35.8113],[139.08686,35.81136],[139.08753,35.81128],[139.08933,35.81044],[139.09132,35.81094],[139.09186,35.81035],[139.0934,35.80973],[139.09464,35.80943],[139.09559,35.80927],[139.09562,35.80886],[139.0959,35.80809],[139.09635,35.80758],[139.09667,35.80734],[139.09706,35.80735],[139.09732,35.80725],[139.0967,35.80653],[139.09615,35.80606],[139.09587,35.8056],[139.0956,35.80549],[139.09473,35.8053],[139.09412,35.80523],[139.09341,35.80508],[139.09244,35.80461],[139.09158,35.80415],[139.09046,35.80459],[139.08852,35.80527],[139.087,35.80554],[139.08589,35.80545],[139.08503,35.8055],[139.08302,35.80546],[139.08244,35.8055],[139.08199,35.80546],[139.08123,35.8052],[139.08165,35.80441],[139.08193,35.80406],[139.08208,35.80344],[139.08238,35.80311],[139.08252,35.80242],[139.08278,35.80181],[139.08244,35.80188],[139.08094,35.80231],[139.07729,35.80305],[139.07658,35.80331],[139.0757,35.80352],[139.07416,35.80403],[139.07342,35.80467],[139.07276,35.80489],[139.07205,35.80477],[139.07146,35.80488],[139.07074,35.80516],[139.07022,35.80548],[139.06968,35.80561],[139.0693,35.80588],[139.06881,35.80604],[139.06815,35.8059],[139.06763,35.80586],[139.06728,35.80566],[139.0668,35.80577],[139.06624,35.8062],[139.06563,35.80651],[139.06476,35.80672],[139.06449,35.80695],[139.06364,35.80748],[139.06309,35.80815],[139.06281,35.80904],[139.06304,35.81001],[139.06324,35.81117],[139.06336,35.81218],[139.0636,35.81354]]]}},{"type":"Feature","properties":{"id":"area-13308002005","name":"氷川"},"geometry":{"type":"Polygon","coordinates":[[[139.08799,35.81737],[139.08843,35.81703],[139.08901,35.81708],[139.08946,35.8173],[139.08993,35.8173],[139.09052,35.81686],[139.0908,35.81647],[139.09146,35.81607],[139.09204,35.81605],[139.09276,35.81608],[139.09345,35.81623],[139.0934,35.81569],[139.09325,35.81543],[139.09405,35.81471],[139.09495,35.81417],[139.09557,35.81392],[139.09584,35.81362],[139.09598,35.81291],[139.09604,35.81235],[139.09591,35.81188],[139.09572,35.81144],[139.09542,35.81058],[139.09559,35.80927],[139.09464,35.80943],[139.0934,35.80973],[139.09186,35.81035],[139.09132,35.81094],[139.08933,35.81044],[139.08753,35.81128],[139.08686,35.81136],[139.08636,35.8113],[139.08581,35.81132],[139.08253,35.81097],[139.08167,35.81098],[139.08129,35.81087],[139.08081,35.81065],[139.07888,35.81009],[139.07778,35.80998],[139.07616,35.80966],[139.07554,35.80985],[139.0734,35.81039],[139.07313,35.8106],[139.0729,35.8111],[139.07216,35.81166],[139.0716,35.81183],[139.07149,35.81194],[139.07057,35.8123],[139.07004,35.81241],[139.0697,35.81255],[139.06838,35.81272],[139.06773,35.81289],[139.06744,35.81307],[139.06711,35.81316],[139.06715,35.81324],[139.06775,35.81352],[139.06814,35.81376],[139.06843,35.81404],[139.06926,35.81448],[139.06988,35.81507],[139.07031,35.81562],[139.07168,35.81676],[139.07347,35.81841],[139.07384,35.81867],[139.07469,35.81882],[139.07523,35.81902],[139.07579,35.81936],[139.0766,35.82007],[139.07693,35.82051],[139.07754,35.82089],[139.07815,35.82137],[139.07874,35.822],[139.07929,35.82249],[139.07967,35.82289],[139.08237,35.82442],[139.08284,35.82482],[139.08274,35.82507],[139.08235,35.82545],[139.0818,35.82614],[139.08169,35.82657],[139.08172,35.82731],[139.08157,35.82748],[139.08122,35.82773],[139.08035,35.8283],[139.08089,35.82884],[139.08139,35.82888],[139.08212,35.82909],[139.08594,35.83043],[139.08682,35.83094],[139.08792,35.8315],[139.08886,35.83188],[139.08974,35.83194],[139.09047,35.83186],[139.09214,35.8318],[139.09144,35.83101],[139.09137,35.82962],[139.09147,35.82904],[139.09114,35.82737],[139.09086,35.82632],[139.09053,35.82546],[139.09059,35.82454],[139.09083,35.82348],[139.0906,35.82284],[139.09,35.82234],[139.08939,35.82149],[139.0887,35.82072],[139.08731,35.81958],[139.08646,35.81896],[139.08715,35.81823],[139.08741,35.81775],[139.08799,35.81737]]]}},{"type":"Feature","properties":{"id":"area-13308002006","name":"氷川"},"geometry":{"type":"Polygon","coordinates":[[[139.06459,35.87281],[139.06518,35.87274],[139.06601,35.87285],[139.06647,35.8727],[139.06686,35.87245],[139.06867,35.87206],[139.06934,35.87188],[139.06979,35.87162],[139.07055,35.8715],[139.07236,35.87161],[139.07264,35.87181],[139.07309,35.87228],[139.0734,35.87241],[139.0741,35.87297],[139.0745,35.87353],[139.07492,35.87402],[139.07551,35.87446],[139.07616,35.87486],[139.07694,35.87515],[139.0778,35.87538],[139.0786,35.8754],[139.07955,35.87536],[139.08035,35.87524],[139.08162,35.87497],[139.08254,35.87487],[139.0828,35.8746],[139.08307,35.87417],[139.08359,35.87366],[139.08411,35.87336],[139.08496,35.87313],[139.08612,35.87262],[139.08741,35.87197],[139.08724,35.87131],[139.08678,35.87073],[139.08666,35.87018],[139.086,35.86971],[139.0854,35.86903],[139.08532,35.86829],[139.08511,35.86772],[139.08486,35.86688],[139.08466,35.86662],[139.08472,35.86501],[139.08447,35.86418],[139.08424,35.86352],[139.08457,35.86268],[139.08476,35.86159],[139.08503,35.86095],[139.08515,35.86035],[139.08518,35.8595],[139.08508,35.85894],[139.08482,35.85837],[139.08389,35.85698],[139.08327,35.85633],[139.08266,35.85561],[139.0818,35.85508],[139.08107,35.85444],[139.08039,35.85396],[139.07971,35.85335],[139.07912,35.85267],[139.07861,35.85198],[139.0783,35.85127],[139.07822,35.85044],[139.07825,35.84997],[139.07845,35.84913],[139.07847,35.84848],[139.07819,35.8476],[139.07787,35.84666],[139.07751,35.84584],[139.07707,35.84504],[139.07657,35.84425],[139.07623,35.84361],[139.07575,35.84296],[139.0777,35.84166],[139.07859,35.84121],[139.08044,35.8401],[139.0802,35.83949],[139.08013,35.83892],[139.07958,35.83729],[139.07911,35.83653],[139.07868,35.83595],[139.07842,35.83529],[139.0783,35.83461],[139.07807,35.83234],[139.07801,35.832],[139.07783,35.83181],[139.07734,35.83175],[139.07742,35.83135],[139.0778,35.8311],[139.07889,35.83052],[139.07957,35.83066],[139.08017,35.83051],[139.0803,35.83027],[139.08038,35.82982],[139.07998,35.82889],[139.08002,35.82864],[139.08035,35.8283],[139.08122,35.82773],[139.08157,35.82748],[139.08172,35.82731],[139.08169,35.82657],[139.0818,35.82614],[139.08235,35.82545],[139.08274,35.82507],[139.08284,35.82482],[139.08237,35.82442],[139.07967,35.82289],[139.07929,35.82249],[139.07874,35.822],[139.07815,35.82137],[139.07754,35.82089],[139.07693,35.82051],[139.0766,35.82007],[139.07579,35.81936],[139.07523,35.81902],[139.07469,35.81882],[139.07384,35.81867],[139.07347,35.81841],[139.07168,35.81676],[139.07031,35.81562],[139.06988,35.81507],[139.06926,35.81448],[139.06843,35.81404],[139.06814,35.81376],[139.06775,35.81352],[139.06715,35.81324],[139.06711,35.81316],[139.06627,35.81314],[139.0661,35.81324],[139.06547,35.81317],[139.06414,35.8133],[139.06389,35.81348],[139.06274,35.81381],[139.06144,35.81362],[139.06061,35.81371],[139.06053,35.81384],[139.06046,35.81387],[139.06042,35.81402],[139.05999,35.8144],[139.0595,35.81464],[139.05929,35.81481],[139.05832,35.81507],[139.05767,35.81531],[139.05746,35.81557],[139.05707,35.81591],[139.05681,35.81646],[139.05641,35.81706],[139.05617,35.81726],[139.05587,35.8173],[139.05553,35.81743],[139.05523,35.81762],[139.055,35.81767],[139.05465,35.81787],[139.05312,35.81851],[139.05291,35.81877],[139.05232,35.81961],[139.05199,35.81958],[139.05201,35.81955],[139.05086,35.81912],[139.05057,35.81893],[139.04947,35.81858],[139.04877,35.8185],[139.04827,35.81852],[139.0478,35.8184],[139.04814,35.81877],[139.04882,35.81925],[139.0496,35.81972],[139.05049,35.82047],[139.0508,35.82065],[139.05148,35.82118],[139.05185,35.82164],[139.05256,35.82228],[139.05329,35.8229],[139.05381,35.82325],[139.05433,35.82371],[139.05459,35.82413],[139.05489,35.82442],[139.05497,35.82459],[139.05497,35.82583],[139.0551,35.8267],[139.05529,35.82714],[139.05569,35.82743],[139.05647,35.82821],[139.05683,35.82837],[139.05806,35.82938],[139.05841,35.82981],[139.05868,35.83027],[139.05929,35.83156],[139.06026,35.83394],[139.06061,35.83439],[139.06128,35.83566],[139.06169,35.83667],[139.06164,35.83789],[139.06177,35.8383],[139.0619,35.83897],[139.06186,35.83947],[139.06229,35.84022],[139.06133,35.83972],[139.06111,35.83935],[139.06102,35.83906],[139.06081,35.83883],[139.06049,35.83874],[139.06004,35.83841],[139.05893,35.83771],[139.05872,35.83771],[139.05839,35.8378],[139.05739,35.8382],[139.05698,35.83859],[139.05616,35.83913],[139.05577,35.83954],[139.05545,35.8398],[139.05531,35.84019],[139.05533,35.84154],[139.05556,35.8445],[139.05551,35.84564],[139.05552,35.84627],[139.05542,35.84701],[139.05498,35.84929],[139.0548,35.85001],[139.05448,35.85095],[139.05369,35.85242],[139.05337,35.85309],[139.05343,35.8539],[139.05359,35.85457],[139.05422,35.85629],[139.05449,35.85664],[139.05478,35.85726],[139.05516,35.85774],[139.05546,35.85807],[139.05617,35.85857],[139.05737,35.85958],[139.05769,35.86015],[139.05791,35.86078],[139.05797,35.86118],[139.05787,35.8617],[139.05791,35.8624],[139.05801,35.86312],[139.05816,35.86371],[139.0584,35.86432],[139.05886,35.8648],[139.05929,35.86532],[139.05964,35.86587],[139.05949,35.86636],[139.05924,35.86677],[139.05891,35.86712],[139.05886,35.86745],[139.05892,35.86844],[139.05885,35.86909],[139.05873,35.86965],[139.05849,35.87041],[139.05832,35.87142],[139.0579,35.87285],[139.0579,35.87323],[139.05801,35.87338],[139.05806,35.87355],[139.05826,35.87452],[139.05816,35.87506],[139.05817,35.87599],[139.05835,35.87623],[139.05841,35.87674],[139.05873,35.87615],[139.05899,35.87552],[139.05923,35.87506],[139.0595,35.87484],[139.06003,35.87474],[139.06093,35.87403],[139.06164,35.87359],[139.06241,35.8734],[139.06401,35.87309],[139.06459,35.87281]]]}},{"type":"Feature","properties":{"id":"area-13308002007","name":"日原"},"geometry":{"type":"Polygon","coordinates":[[[139.01879,35.89832],[139.01943,35.89811],[139.02035,35.89747],[139.02102,35.89716],[139.02127,35.89709],[139.02195,35.89706],[139.02345,35.89738],[139.0239,35.89738],[139.02404,35.89733],[139.02429,35.89714],[139.02448,35.89676],[139.02483,35.89623],[139.02504,35.89598],[139.02567,35.89544],[139.02644,35.89496],[139.02882,35.89328],[139.02953,35.89283],[139.0303,35.89248],[139.03355,35.89124],[139.03479,35.89059],[139.03544,35.89016],[139.03622,35.88981],[139.0369,35.88958],[139.0375,35.88925],[139.03808,35.8888],[139.03854,35.88823],[139.03887,35.88773],[139.03935,35.88713],[139.04055,35.88622],[139.04094,35.88613],[139.04164,35.88605],[139.04224,35.88593],[139.04304,35.88554],[139.04331,35.88519],[139.04353,35.88484],[139.04434,35.88401],[139.04481,35.8838],[139.045,35.88378],[139.0456,35.88348],[139.04608,35.88309],[139.04659,35.88245],[139.04696,35.88184],[139.04734,35.88149],[139.04776,35.88136],[139.04818,35.88129],[139.04848,35.88105],[139.04874,35.88067],[139.04904,35.88004],[139.04979,35.87901],[139.05013,35.87869],[139.05144,35.8782],[139.05175,35.87818],[139.05258,35.87819],[139.05351,35.87806],[139.05438,35.87776],[139.05553,35.87745],[139.05736,35.87754],[139.05803,35.87742],[139.0581,35.87734],[139.05841,35.87674],[139.05835,35.87623],[139.05817,35.87599],[139.05816,35.87506],[139.05826,35.87452],[139.05806,35.87355],[139.05801,35.87338],[139.0579,35.87323],[139.0579,35.87285],[139.05832,35.87142],[139.05849,35.87041],[139.05873,35.86965],[139.05885,35.86909],[139.05892,35.86844],[139.05886,35.86745],[139.05891,35.86712],[139.05924,35.86677],[139.05949,35.86636],[139.05964,35.86587],[139.05929,35.86532],[139.05886,35.8648],[139.0584,35.86432],[139.05816,35.86371],[139.05801,35.86312],[139.05791,35.8624],[139.05787,35.8617],[139.05797,35.86118],[139.05791,35.86078],[139.05769,35.86015],[139.05737,35.85958],[139.05617,35.85857],[139.05546,35.85807],[139.05516,35.85774],[139.05478,35.85726],[139.05449,35.85664],[139.05422,35.85629],[139.05359,35.85457],[139.05343,35.8539],[139.05337,35.85309],[139.05369,35.85242],[139.05448,35.85095],[139.0548,35.85001],[139.05498,35.84929],[139.05542,35.84701],[139.05552,35.84627],[139.05551,35.84564],[139.05556,35.8445],[139.05533,35.84154],[139.05531,35.84019],[139.05545,35.8398],[139.05577,35.83954],[139.05616,35.83913],[139.05698,35.83859],[139.05739,35.8382],[139.05839,35.8378],[139.05872,35.83771],[139.05893,35.83771],[139.06004,35.83841],[139.06049,35.83874],[139.06081,35.83883],[139.06102,35.83906],[139.06111,35.83935],[139.06133,35.83972],[139.06229,35.84022],[139.06186,35.83947],[139.0619,35.83897],[139.06177,35.8383],[139.06164,35.83789],[139.06169,35.83667],[139.06128,35.83566],[139.06061,35.83439],[139.06026,35.83394],[139.05997,35.83328],[139.05963,35.83235],[139.05868,35.83027],[139.05841,35.82981],[139.05806,35.82938],[139.05683,35.82837],[139.05647,35.82821],[139.05569,35.82743],[139.05529,35.82714],[139.0551,35.8267],[139.05497,35.82583],[139.05497,35.82459],[139.05489,35.82442],[139.05459,35.82413],[139.05433,35.82371],[139.05381,35.82325],[139.05329,35.8229],[139.05256,35.82228],[139.05185,35.82164],[139.05148,35.82118],[139.0508,35.82065],[139.05049,35.82047],[139.0496,35.81972],[139.04882,35.81925],[139.04814,35.81877],[139.04777,35.8184],[139.04727,35.81848],[139.04685,35.81867],[139.04638,35.81869],[139.04543,35.8189],[139.04509,35.81893],[139.04478,35.81911],[139.04417,35.81926],[139.04375,35.81945],[139.04252,35.81977],[139.04218,35.81999],[139.04187,35.82012],[139.04153,35.8202],[139.04123,35.82017],[139.04109,35.82028],[139.04042,35.82023],[139.03997,35.82071],[139.03954,35.82106],[139.03901,35.82124],[139.03834,35.82158],[139.0378,35.8218],[139.03716,35.82219],[139.03584,35.82291],[139.03466,35.82343],[139.03413,35.82353],[139.03362,35.82375],[139.03269,35.82459],[139.03224,35.82456],[139.03147,35.82421],[139.03105,35.8242],[139.03072,35.82428],[139.03041,35.8243],[139.03013,35.82423],[139.02913,35.82428],[139.0288,35.82418],[139.02838,35.82397],[139.02791,35.82381],[139.02716,35.82366],[139.02622,35.82366],[139.02516,35.82374],[139.02362,35.82393],[139.02293,35.8241],[139.02156,35.82435],[139.02098,35.82413],[139.02026,35.82392],[139.01962,35.82379],[139.019,35.82356],[139.01904,35.82381],[139.01867,35.82384],[139.01831,35.824],[139.01745,35.82462],[139.01681,35.82548],[139.01671,35.82595],[139.01651,35.82619],[139.01604,35.82656],[139.01559,35.82724],[139.01454,35.82749],[139.01414,35.82774],[139.01377,35.82814],[139.01317,35.82914],[139.01258,35.82973],[139.01175,35.8296],[139.01161,35.82964],[139.01151,35.82956],[139.0109,35.82942],[139.01024,35.82916],[139.00872,35.82864],[139.0081,35.82869],[139.0068,35.82861],[139.00519,35.82832],[139.00465,35.82817],[139.00406,35.82779],[139.00353,35.82774],[139.0023,35.82792],[139.00188,35.82784],[139.00164,35.82783],[139.0016,35.82778],[138.9995,35.82774],[138.9982,35.82796],[138.99798,35.82789],[138.99784,35.8279],[138.99772,35.82781],[138.99709,35.82763],[138.99667,35.82755],[138.99617,35.82759],[138.99553,35.82781],[138.99474,35.82827],[138.99342,35.82839],[138.99247,35.82842],[138.99171,35.82868],[138.99069,35.82896],[138.99013,35.82938],[138.9895,35.82975],[138.98774,35.8301],[138.98718,35.83025],[138.98651,35.83049],[138.98578,35.83086],[138.98538,35.83144],[138.9848,35.83192],[138.98429,35.83223],[138.98395,35.83222],[138.98317,35.83201],[138.98194,35.83145],[138.9815,35.83132],[138.98129,35.8312],[138.98064,35.83103],[138.98014,35.83068],[138.97977,35.8305],[138.97909,35.83039],[138.97842,35.83019],[138.97792,35.82993],[138.97658,35.82977],[138.97623,35.82964],[138.9761,35.82963],[138.97593,35.82952],[138.97527,35.82935],[138.97461,35.8293],[138.97421,35.82955],[138.97382,35.82994],[138.97267,35.83081],[138.97199,35.83111],[138.97121,35.83138],[138.97035,35.83128],[138.97035,35.83115],[138.96978,35.83099],[138.96976,35.83132],[138.96967,35.83132],[138.96895,35.83109],[138.96734,35.83029],[138.96667,35.83002],[138.96581,35.82989],[138.9652,35.82973],[138.9644,35.82942],[138.96381,35.82932],[138.96317,35.82929],[138.96257,35.82941],[138.9621,35.82957],[138.96199,35.82966],[138.96177,35.83022],[138.9615,35.83065],[138.96131,35.83074],[138.96059,35.83095],[138.95999,35.83107],[138.95949,35.83122],[138.95901,35.83158],[138.95885,35.83183],[138.95875,35.83228],[138.95855,35.83265],[138.9583,35.83287],[138.95781,35.83307],[138.95734,35.8334],[138.95613,35.83448],[138.9553,35.83496],[138.95398,35.83607],[138.95338,35.83643],[138.9523,35.83742],[138.95203,35.83771],[138.9517,35.83799],[138.95095,35.83851],[138.94999,35.8393],[138.94898,35.84046],[138.94815,35.84167],[138.94799,35.84181],[138.94739,35.8426],[138.94723,35.84291],[138.9472,35.84319],[138.94731,35.84351],[138.94748,35.84377],[138.94781,35.84483],[138.94788,35.84521],[138.94774,35.84605],[138.94761,35.8474],[138.94768,35.84778],[138.94781,35.84798],[138.94806,35.8482],[138.94826,35.84855],[138.94838,35.84935],[138.9483,35.84969],[138.94808,35.85],[138.94789,35.85039],[138.94773,35.85098],[138.94729,35.8515],[138.94706,35.85193],[138.94713,35.85193],[138.94688,35.85255],[138.94658,35.85303],[138.94605,35.85358],[138.9449,35.85439],[138.94445,35.85457],[138.94404,35.85466],[138.94404,35.85496],[138.94371,35.85595],[138.94318,35.85681],[138.94304,35.85729],[138.94309,35.85766],[138.9432,35.85803],[138.94324,35.85839],[138.94313,35.85893],[138.94316,35.85924],[138.9431,35.85955],[138.94298,35.85983],[138.94291,35.86017],[138.94409,35.86154],[138.94479,35.86293],[138.94558,35.8636],[138.94596,35.864],[138.94651,35.86434],[138.94646,35.86463],[138.94625,35.86493],[138.946,35.86555],[138.94595,35.86594],[138.94581,35.86628],[138.94551,35.86669],[138.94529,35.86707],[138.94516,35.86749],[138.94514,35.86786],[138.9453,35.86813],[138.94578,35.86844],[138.94635,35.86864],[138.94699,35.86875],[138.94758,35.86873],[138.94819,35.86874],[138.94874,35.86881],[138.94921,35.86894],[138.9496,35.86917],[138.95001,35.86953],[138.95037,35.86993],[138.95177,35.8719],[138.95259,35.87271],[138.95306,35.87309],[138.95415,35.87385],[138.95424,35.87443],[138.95442,35.87479],[138.95474,35.87504],[138.95524,35.87524],[138.95692,35.87568],[138.9584,35.87615],[138.95987,35.87655],[138.96061,35.87663],[138.96136,35.87668],[138.96206,35.87663],[138.96247,35.87665],[138.96266,35.87669],[138.96339,35.87696],[138.96405,35.87729],[138.96445,35.87736],[138.96486,35.87736],[138.96511,35.87752],[138.96564,35.87796],[138.966,35.87839],[138.96645,35.87883],[138.96676,35.87928],[138.9669,35.87973],[138.96687,35.88057],[138.96716,35.881],[138.96746,35.88158],[138.96785,35.88198],[138.9681,35.88208],[138.96827,35.88209],[138.96943,35.88196],[138.97178,35.88183],[138.97267,35.88188],[138.9729,35.88192],[138.97353,35.88214],[138.97426,35.88258],[138.97476,35.88278],[138.97603,35.88312],[138.97653,35.88348],[138.97701,35.88399],[138.97731,35.88406],[138.97767,35.88422],[138.97837,35.88471],[138.97873,35.88482],[138.97908,35.88488],[138.97928,35.88488],[138.97947,35.88483],[138.97997,35.88457],[138.981,35.88382],[138.98289,35.88302],[138.9834,35.88266],[138.98402,35.88175],[138.98468,35.88137],[138.98505,35.88105],[138.98518,35.881],[138.98612,35.88118],[138.98676,35.88124],[138.98726,35.88122],[138.98817,35.88099],[138.98861,35.88104],[138.98908,35.88119],[138.98958,35.88141],[138.99211,35.88233],[138.99267,35.88261],[138.99306,35.88293],[138.99322,35.88299],[138.99422,35.88308],[138.99461,35.88317],[138.99488,35.88333],[138.99511,35.88395],[138.99539,35.8842],[138.99576,35.88436],[138.99608,35.88442],[138.99664,35.88444],[138.99723,35.88416],[138.99859,35.88428],[139.00089,35.88395],[139.00097,35.88398],[139.00151,35.88439],[139.00202,35.885],[139.00261,35.88585],[139.00314,35.88638],[139.00379,35.88676],[139.00434,35.88695],[139.00499,35.88739],[139.00581,35.88818],[139.00618,35.88876],[139.00661,35.88933],[139.00676,35.88974],[139.00667,35.89109],[139.00678,35.89294],[139.00702,35.89375],[139.00736,35.89422],[139.00812,35.89482],[139.00882,35.89548],[139.00933,35.89611],[139.00989,35.89662],[139.01034,35.89709],[139.01146,35.89742],[139.01299,35.89816],[139.01347,35.89827],[139.01431,35.89828],[139.01536,35.8982],[139.01743,35.89836],[139.0182,35.89837],[139.01879,35.89832]]]}},{"type":"Feature","properties":{"id":"area-13308002008","name":"海沢"},"geometry":{"type":"Polygon","coordinates":[[[139.11792,35.80667],[139.11838,35.80651],[139.1185,35.80658],[139.12047,35.8059],[139.1216,35.8056],[139.12338,35.80503],[139.12632,35.80403],[139.12682,35.80329],[139.12704,35.80264],[139.12693,35.80197],[139.12684,35.80101],[139.12785,35.80131],[139.12892,35.80171],[139.12949,35.80188],[139.131,35.80183],[139.13215,35.80161],[139.13277,35.80155],[139.13264,35.80221],[139.13283,35.80298],[139.13288,35.80306],[139.13356,35.80354],[139.13406,35.80412],[139.13418,35.80431],[139.13437,35.80447],[139.13452,35.80481],[139.13475,35.80515],[139.13555,35.80371],[139.13561,35.80279],[139.13555,35.80223],[139.13558,35.80078],[139.13685,35.79925],[139.1376,35.79851],[139.13904,35.79738],[139.14096,35.79616],[139.14132,35.79585],[139.14226,35.79551],[139.14448,35.79522],[139.14525,35.79504],[139.14653,35.79416],[139.14758,35.79395],[139.14805,35.79401],[139.14794,35.79395],[139.14758,35.79343],[139.14725,35.79333],[139.1469,35.79312],[139.14678,35.79298],[139.14679,35.79252],[139.14687,35.79219],[139.14753,35.79155],[139.14764,35.79123],[139.14799,35.79081],[139.14797,35.79069],[139.14767,35.79027],[139.14764,35.7901],[139.14761,35.78974],[139.14769,35.78914],[139.14755,35.78895],[139.14661,35.78816],[139.14642,35.78777],[139.14639,35.78737],[139.14653,35.78719],[139.14694,35.78709],[139.14718,35.78627],[139.14705,35.78621],[139.1462,35.78609],[139.14616,35.78596],[139.14623,35.78571],[139.1467,35.78517],[139.14668,35.78506],[139.14655,35.78488],[139.14655,35.78477],[139.14657,35.78455],[139.14685,35.78432],[139.14693,35.78416],[139.14683,35.78375],[139.14687,35.78357],[139.14726,35.7835],[139.14698,35.78338],[139.14689,35.78327],[139.1469,35.78317],[139.14701,35.78303],[139.1472,35.7829],[139.14718,35.78251],[139.14729,35.7823],[139.14757,35.782],[139.14712,35.78174],[139.14688,35.78168],[139.14644,35.7817],[139.14585,35.78168],[139.14501,35.78126],[139.14435,35.78113],[139.1441,35.78092],[139.14321,35.78092],[139.14286,35.78112],[139.14246,35.78079],[139.14189,35.78011],[139.14176,35.78],[139.14162,35.78004],[139.14144,35.77997],[139.1409,35.77959],[139.14063,35.77935],[139.14039,35.77901],[139.13935,35.779],[139.13908,35.77884],[139.1387,35.77891],[139.13823,35.77891],[139.13775,35.77876],[139.1369,35.77811],[139.13702,35.77779],[139.13717,35.77757],[139.13705,35.77728],[139.13709,35.77711],[139.13721,35.77682],[139.13728,35.7754],[139.13754,35.77447],[139.13759,35.77405],[139.13753,35.77357],[139.13753,35.77307],[139.13762,35.77244],[139.13787,35.77227],[139.13766,35.77226],[139.13753,35.77203],[139.13706,35.77175],[139.13667,35.77083],[139.13599,35.77026],[139.13606,35.7702],[139.13531,35.76929],[139.13497,35.76873],[139.13468,35.76838],[139.13428,35.76797],[139.13367,35.76769],[139.13324,35.76718],[139.13268,35.76615],[139.13144,35.7656],[139.13072,35.76502],[139.13066,35.76502],[139.12976,35.76548],[139.12946,35.76567],[139.12848,35.76674],[139.12806,35.76691],[139.12743,35.76696],[139.12602,35.76716],[139.12554,35.76731],[139.12524,35.76761],[139.12503,35.76805],[139.12477,35.76841],[139.12422,35.76882],[139.12262,35.76972],[139.12221,35.76975],[139.12191,35.76966],[139.12126,35.76968],[139.12102,35.76981],[139.12058,35.77019],[139.12014,35.77031],[139.11931,35.77087],[139.11824,35.77152],[139.11761,35.77153],[139.11709,35.77162],[139.11657,35.77182],[139.11592,35.77235],[139.11566,35.77241],[139.11502,35.77283],[139.11474,35.77324],[139.11412,35.77385],[139.11357,35.77402],[139.11297,35.77426],[139.11201,35.77491],[139.11123,35.77519],[139.1105,35.77536],[139.11021,35.77538],[139.10982,35.77555],[139.10936,35.776],[139.10883,35.77628],[139.10848,35.77656],[139.10803,35.77671],[139.10748,35.77701],[139.10696,35.77792],[139.10608,35.77899],[139.10602,35.77911],[139.10582,35.77933],[139.10573,35.77935],[139.10567,35.78023],[139.10537,35.78094],[139.10526,35.78167],[139.10499,35.78195],[139.10455,35.7831],[139.10409,35.7836],[139.10359,35.78439],[139.10304,35.7851],[139.10263,35.78574],[139.10254,35.7862],[139.1027,35.78758],[139.10289,35.78876],[139.10266,35.78931],[139.10272,35.79001],[139.10255,35.7905],[139.10243,35.79096],[139.10204,35.79131],[139.10164,35.79228],[139.10109,35.79261],[139.10076,35.79296],[139.10057,35.7936],[139.10023,35.79406],[139.09982,35.79433],[139.09958,35.79461],[139.09944,35.79506],[139.09919,35.79534],[139.09905,35.79578],[139.09903,35.79609],[139.09892,35.79643],[139.0987,35.79678],[139.09844,35.79728],[139.09862,35.79754],[139.09879,35.79829],[139.10056,35.79884],[139.10183,35.79934],[139.10303,35.80009],[139.10387,35.80049],[139.10458,35.80103],[139.10503,35.80128],[139.10536,35.80174],[139.10534,35.80184],[139.10613,35.80205],[139.10694,35.80242],[139.10713,35.80234],[139.10767,35.80252],[139.10848,35.80296],[139.109,35.80347],[139.10977,35.80389],[139.10977,35.80434],[139.11012,35.80485],[139.11084,35.80526],[139.11207,35.80664],[139.11248,35.80653],[139.11322,35.80714],[139.11353,35.80753],[139.11356,35.80772],[139.114,35.8077],[139.1145,35.80761],[139.11475,35.8075],[139.11495,35.8075],[139.11525,35.80742],[139.11575,35.80722],[139.11711,35.80676],[139.11792,35.80667]]]}},{"type":"Feature","properties":{"id":"area-13308002009","name":"境"},"geometry":{"type":"Polygon","coordinates":[[[139.07146,35.80488],[139.07205,35.80477],[139.07276,35.80489],[139.07342,35.80467],[139.07416,35.80403],[139.0757,35.80352],[139.07658,35.80331],[139.07729,35.80305],[139.08094,35.80231],[139.08244,35.80188],[139.08363,35.8016],[139.08458,35.80123],[139.08556,35.80076],[139.08611,35.8004],[139.08657,35.79982],[139.0869,35.7992],[139.08699,35.79862],[139.08699,35.79788],[139.08704,35.79745],[139.08702,35.79702],[139.08687,35.79644],[139.08682,35.79646],[139.08655,35.79567],[139.08654,35.79544],[139.08591,35.79348],[139.0856,35.79262],[139.08562,35.79213],[139.08542,35.79208],[139.08538,35.79159],[139.08528,35.79136],[139.08527,35.78996],[139.0855,35.78972],[139.08569,35.78931],[139.08587,35.78907],[139.08623,35.7883],[139.08659,35.78784],[139.08891,35.7866],[139.08963,35.78586],[139.08994,35.78534],[139.09053,35.78496],[139.09108,35.78417],[139.09169,35.78346],[139.09215,35.78249],[139.09242,35.78219],[139.09312,35.78177],[139.09426,35.78097],[139.0949,35.78057],[139.0951,35.78015],[139.09541,35.77971],[139.0953,35.77926],[139.09525,35.77849],[139.095,35.77803],[139.09504,35.77743],[139.09471,35.77631],[139.0948,35.77573],[139.09501,35.77522],[139.09531,35.77484],[139.09526,35.7738],[139.0954,35.77281],[139.09503,35.77182],[139.09408,35.77054],[139.09358,35.77014],[139.09313,35.76998],[139.09248,35.76995],[139.09207,35.77004],[139.09171,35.77033],[139.09131,35.77043],[139.0907,35.7703],[139.09022,35.77012],[139.089,35.77027],[139.08832,35.77038],[139.08772,35.77074],[139.08732,35.77113],[139.08696,35.77137],[139.08635,35.77132],[139.08571,35.77119],[139.0852,35.77084],[139.08464,35.77052],[139.08399,35.7703],[139.08326,35.77011],[139.08252,35.77003],[139.08125,35.77001],[139.08037,35.77005],[139.08017,35.77011],[139.0797,35.77041],[139.07922,35.77081],[139.07874,35.77103],[139.07809,35.77109],[139.07752,35.77119],[139.07644,35.77177],[139.07587,35.77193],[139.07519,35.77185],[139.07488,35.77241],[139.07446,35.77258],[139.0739,35.77269],[139.07323,35.77277],[139.07254,35.77273],[139.07217,35.77326],[139.07224,35.7736],[139.07225,35.77468],[139.07192,35.77605],[139.07205,35.77668],[139.07223,35.77729],[139.07236,35.77799],[139.07309,35.77951],[139.07324,35.78015],[139.0737,35.78085],[139.07413,35.78162],[139.07465,35.78237],[139.07523,35.78409],[139.0753,35.78488],[139.07521,35.78567],[139.07509,35.78609],[139.0748,35.78667],[139.07404,35.78729],[139.07266,35.78821],[139.07232,35.78852],[139.07293,35.78871],[139.07364,35.7892],[139.0743,35.78959],[139.07477,35.78991],[139.07507,35.79019],[139.07615,35.79084],[139.07667,35.79105],[139.07806,35.79136],[139.07861,35.79162],[139.07807,35.79222],[139.07776,35.79264],[139.07752,35.79318],[139.07729,35.79389],[139.07686,35.79458],[139.07607,35.79518],[139.07565,35.79539],[139.07534,35.79546],[139.07475,35.79576],[139.07433,35.79607],[139.0735,35.79731],[139.0729,35.79796],[139.07223,35.79839],[139.07152,35.79899],[139.07042,35.80023],[139.06948,35.80141],[139.06874,35.80205],[139.06807,35.80242],[139.06803,35.80305],[139.06777,35.80363],[139.06759,35.80437],[139.06735,35.8057],[139.06763,35.80586],[139.06815,35.8059],[139.06881,35.80604],[139.0693,35.80588],[139.06968,35.80561],[139.07022,35.80548],[139.07074,35.80516],[139.07146,35.80488]]]}},{"type":"Feature","properties":{"id":"area-13308002010","name":"境"},"geometry":{"type":"Polygon","coordinates":[[[139.03269,35.82459],[139.03362,35.82375],[139.03413,35.82353],[139.03466,35.82343],[139.03584,35.82291],[139.03716,35.82219],[139.0378,35.8218],[139.03834,35.82158],[139.03901,35.82124],[139.03954,35.82106],[139.03997,35.82071],[139.04042,35.82023],[139.04109,35.82028],[139.04123,35.82017],[139.04153,35.8202],[139.04187,35.82012],[139.04218,35.81999],[139.04252,35.81977],[139.04375,35.81945],[139.04417,35.81926],[139.04478,35.81911],[139.04509,35.81893],[139.04543,35.8189],[139.04638,35.81869],[139.04685,35.81867],[139.04727,35.81848],[139.04777,35.8184],[139.04827,35.81852],[139.04877,35.8185],[139.04947,35.81858],[139.05057,35.81893],[139.05086,35.81912],[139.05201,35.81955],[139.05199,35.81958],[139.05232,35.81961],[139.05291,35.81877],[139.05312,35.81851],[139.05465,35.81787],[139.055,35.81767],[139.05523,35.81762],[139.05553,35.81743],[139.05587,35.8173],[139.05617,35.81726],[139.05641,35.81706],[139.05681,35.81646],[139.05707,35.81591],[139.05746,35.81557],[139.05767,35.81531],[139.05832,35.81507],[139.05929,35.81481],[139.0595,35.81464],[139.05999,35.8144],[139.06042,35.81402],[139.06046,35.81387],[139.06053,35.81384],[139.06061,35.81371],[139.06144,35.81362],[139.06274,35.81381],[139.06389,35.81348],[139.06387,35.81342],[139.0636,35.81354],[139.06336,35.81218],[139.06324,35.81117],[139.06304,35.81001],[139.06281,35.80904],[139.06309,35.80815],[139.06364,35.80748],[139.06449,35.80695],[139.06476,35.80672],[139.06563,35.80651],[139.06624,35.8062],[139.0668,35.80577],[139.06728,35.80566],[139.06735,35.8057],[139.06759,35.80437],[139.06777,35.80363],[139.06803,35.80305],[139.06807,35.80242],[139.06874,35.80205],[139.06948,35.80141],[139.07042,35.80023],[139.07152,35.79899],[139.07223,35.79839],[139.0729,35.79796],[139.0735,35.79731],[139.07433,35.79607],[139.07475,35.79576],[139.07534,35.79546],[139.07565,35.79539],[139.07607,35.79518],[139.07686,35.79458],[139.07729,35.79389],[139.07752,35.79318],[139.07776,35.79264],[139.07807,35.79222],[139.07861,35.79162],[139.07806,35.79136],[139.07667,35.79105],[139.07615,35.79084],[139.07507,35.79019],[139.07477,35.78991],[139.0743,35.78959],[139.07364,35.7892],[139.07293,35.78871],[139.07232,35.78852],[139.07266,35.78821],[139.07404,35.78729],[139.0748,35.78667],[139.07509,35.78609],[139.07521,35.78567],[139.0753,35.78488],[139.07523,35.78409],[139.07465,35.78237],[139.07413,35.78162],[139.0737,35.78085],[139.07324,35.78015],[139.07309,35.77951],[139.07236,35.77799],[139.07223,35.77729],[139.07205,35.77668],[139.07192,35.77605],[139.07225,35.77468],[139.07224,35.7736],[139.07217,35.77326],[139.07124,35.77374],[139.07062,35.77398],[139.06961,35.77457],[139.06897,35.77485],[139.06851,35.77547],[139.06839,35.7759],[139.06833,35.77633],[139.0679,35.77677],[139.06754,35.77703],[139.06717,35.77759],[139.06663,35.77816],[139.06628,35.7787],[139.06578,35.77882],[139.0652,35.77884],[139.06419,35.77893],[139.06305,35.779],[139.0625,35.77895],[139.06154,35.77927],[139.06098,35.77968],[139.06053,35.78008],[139.05982,35.78104],[139.05936,35.78157],[139.05907,35.78206],[139.0589,35.78251],[139.05878,35.78302],[139.05833,35.78326],[139.05785,35.78336],[139.0568,35.78335],[139.05624,35.78338],[139.05545,35.78375],[139.05501,35.78377],[139.05464,35.7841],[139.05383,35.78455],[139.05326,35.78504],[139.05213,35.78614],[139.05154,35.78661],[139.05125,35.78689],[139.05125,35.78707],[139.05144,35.78719],[139.05124,35.78732],[139.05134,35.7874],[139.05149,35.78742],[139.05141,35.78762],[139.05116,35.78773],[139.05065,35.78781],[139.05076,35.78876],[139.05071,35.7892],[139.05076,35.78988],[139.05091,35.79058],[139.05093,35.79114],[139.05078,35.79143],[139.0502,35.79158],[139.04969,35.79197],[139.04938,35.79213],[139.04893,35.79246],[139.04856,35.79261],[139.04803,35.79289],[139.04756,35.79295],[139.04727,35.79353],[139.04676,35.79413],[139.04645,35.79417],[139.04608,35.79436],[139.04564,35.79451],[139.04491,35.79455],[139.04444,35.79476],[139.04415,35.79503],[139.04412,35.79532],[139.04394,35.79574],[139.04325,35.79555],[139.04281,35.79552],[139.04217,35.79553],[139.04118,35.79461],[139.04035,35.79417],[139.03834,35.79342],[139.03594,35.79367],[139.0351,35.79392],[139.03395,35.79415],[139.03323,35.79434],[139.03145,35.79433],[139.03097,35.79437],[139.03025,35.79422],[139.0297,35.79399],[139.02898,35.79388],[139.02872,35.79413],[139.02849,35.7948],[139.02826,35.79511],[139.02817,35.79535],[139.02786,35.79582],[139.0276,35.79609],[139.02734,35.7966],[139.02725,35.797],[139.0273,35.79754],[139.02706,35.79821],[139.02706,35.79974],[139.02755,35.80072],[139.02756,35.80169],[139.02763,35.80214],[139.02754,35.80265],[139.02725,35.80312],[139.02674,35.80374],[139.02651,35.80423],[139.02653,35.80459],[139.02588,35.80514],[139.02481,35.8058],[139.02461,35.80611],[139.02452,35.80647],[139.02424,35.80682],[139.02263,35.80779],[139.02249,35.8081],[139.02184,35.80872],[139.021,35.80906],[139.02054,35.80984],[139.02036,35.81023],[139.02039,35.81039],[139.02027,35.81101],[139.02012,35.81145],[139.02027,35.81224],[139.02051,35.81301],[139.02053,35.81362],[139.02088,35.81408],[139.02087,35.81457],[139.02075,35.81504],[139.02049,35.8154],[139.02034,35.81605],[139.02027,35.81683],[139.01998,35.81784],[139.01943,35.81882],[139.01927,35.81969],[139.01907,35.82041],[139.01884,35.82221],[139.01883,35.82297],[139.01887,35.82351],[139.01962,35.82379],[139.02026,35.82392],[139.02098,35.82413],[139.02156,35.82435],[139.02293,35.8241],[139.02362,35.82393],[139.02516,35.82374],[139.02622,35.82366],[139.02716,35.82366],[139.02791,35.82381],[139.02838,35.82397],[139.0288,35.82418],[139.02913,35.82428],[139.03013,35.82423],[139.03041,35.8243],[139.03072,35.82428],[139.03105,35.8242],[139.03147,35.82421],[139.03224,35.82456],[139.03269,35.82459]]]}},{"type":"Feature","properties":{"id":"area-13308003001","name":"河内"},"geometry":{"type":"MultiPolygon","coordinates":[[[[139.03827,35.75071],[139.03945,35.74981],[139.04025,35.74954],[139.04062,35.74912],[139.04103,35.74853],[139.04138,35.74772],[139.04141,35.74729],[139.04123,35.74687],[139.04137,35.74648],[139.04162,35.74605],[139.04144,35.74574],[139.04097,35.74511],[139.03983,35.74432],[139.03903,35.74397],[139.03828,35.7437],[139.03676,35.74328],[139.03603,35.74292],[139.03547,35.74246],[139.03533,35.74241],[139.03481,35.74237],[139.03433,35.74255],[139.03373,35.74289],[139.03348,35.74316],[139.03307,35.74347],[139.03252,35.74372],[139.03213,35.74413],[139.03172,35.74443],[139.03099,35.74439],[139.02978,35.74455],[139.02862,35.74437],[139.02832,35.74442],[139.02806,35.74427],[139.02762,35.7438],[139.02751,35.74335],[139.02749,35.74278],[139.02736,35.74242],[139.02719,35.74229],[139.02663,35.742],[139.02411,35.74122],[139.02331,35.74087],[139.02267,35.74042],[139.02217,35.74017],[139.02167,35.74002],[139.02083,35.73995],[139.02001,35.73996],[139.01895,35.73978],[139.01828,35.73962],[139.01776,35.73961],[139.01742,35.73927],[139.01708,35.73902],[139.0166,35.73896],[139.01614,35.73904],[139.01596,35.73903],[139.01565,35.73885],[139.01537,35.73862],[139.01487,35.73854],[139.01432,35.73857],[139.01405,35.73867],[139.01382,35.73891],[139.01368,35.73897],[139.01327,35.739],[139.01257,35.73887],[139.0125,35.73882],[139.01221,35.73893],[139.01191,35.73898],[139.01183,35.73997],[139.0117,35.74053],[139.01142,35.74091],[139.01098,35.74119],[139.01082,35.74153],[139.01073,35.74196],[139.01052,35.74239],[139.01016,35.74288],[139.00981,35.74329],[139.00965,35.74363],[139.0089,35.74437],[139.00846,35.7451],[139.00836,35.74552],[139.00808,35.74584],[139.00761,35.74602],[139.00736,35.74625],[139.0072,35.74656],[139.00678,35.74695],[139.00621,35.74765],[139.00558,35.74874],[139.00531,35.74951],[139.00528,35.75],[139.00531,35.75036],[139.00453,35.75045],[139.00382,35.75048],[139.00321,35.75036],[139.00249,35.75003],[139.00199,35.74999],[139.00132,35.75013],[139.00032,35.75042],[138.99824,35.75135],[138.99652,35.7525],[138.99636,35.75282],[138.99656,35.75302],[138.99688,35.75323],[138.9982,35.75392],[138.99868,35.75423],[138.99926,35.75445],[139.00174,35.75507],[139.00264,35.75521],[139.00558,35.7555],[139.00653,35.75565],[139.00754,35.75595],[139.00867,35.75635],[139.0098,35.75686],[139.01065,35.7573],[139.01146,35.75784],[139.01317,35.75938],[139.01498,35.76151],[139.01648,35.76293],[139.01845,35.76492],[139.01931,35.76531],[139.02013,35.76549],[139.02173,35.76557],[139.02238,35.76555],[139.02318,35.7654],[139.02405,35.76487],[139.02505,35.76396],[139.02665,35.76282],[139.02701,35.76186],[139.02761,35.76074],[139.02824,35.75983],[139.03013,35.75776],[139.03079,35.75722],[139.0327,35.75645],[139.03348,35.75598],[139.03459,35.75504],[139.03528,35.75427],[139.03599,35.75339],[139.03687,35.75249],[139.03743,35.75184],[139.03827,35.75071]]],[[[139.05785,35.78336],[139.05833,35.78326],[139.05878,35.78302],[139.0589,35.78251],[139.05907,35.78206],[139.05936,35.78157],[139.05982,35.78104],[139.06053,35.78008],[139.06098,35.77968],[139.06154,35.77927],[139.0625,35.77895],[139.06305,35.779],[139.06419,35.77893],[139.0652,35.77884],[139.06578,35.77882],[139.06628,35.7787],[139.06663,35.77816],[139.06717,35.77759],[139.06754,35.77703],[139.0679,35.77677],[139.06833,35.77633],[139.06839,35.7759],[139.06851,35.77547],[139.06897,35.77485],[139.06961,35.77457],[139.07062,35.77398],[139.07124,35.77374],[139.07217,35.77326],[139.07254,35.77273],[139.07323,35.77277],[139.0739,35.77269],[139.07446,35.77258],[139.07488,35.77241],[139.07519,35.77185],[139.07501,35.77182],[139.07467,35.77148],[139.07442,35.771],[139.07407,35.77055],[139.07381,35.77008],[139.07366,35.76991],[139.07315,35.76957],[139.07275,35.76945],[139.0721,35.76892],[139.07089,35.76852],[139.0704,35.76821],[139.06983,35.76752],[139.06954,35.76728],[139.0692,35.7668],[139.06851,35.76671],[139.0681,35.7666],[139.06764,35.76616],[139.0666,35.76565],[139.06626,35.76552],[139.06556,35.76545],[139.06518,35.76545],[139.06399,35.76564],[139.06374,35.76562],[139.0633,35.76539],[139.06289,35.76501],[139.06235,35.76467],[139.06175,35.76446],[139.06124,35.76411],[139.0607,35.76402],[139.05984,35.76406],[139.05948,35.76413],[139.05911,35.76434],[139.0588,35.76445],[139.05831,35.76438],[139.05705,35.76356],[139.05668,35.76314],[139.0563,35.76258],[139.05602,35.76202],[139.0559,35.76132],[139.05552,35.76062],[139.05529,35.7604],[139.05478,35.76002],[139.05394,35.75964],[139.05338,35.75954],[139.05317,35.7596],[139.05267,35.75966],[139.05195,35.75966],[139.05124,35.75961],[139.05069,35.75962],[139.05052,35.75966],[139.0499,35.75992],[139.04925,35.75995],[139.04862,35.75986],[139.04805,35.75972],[139.04758,35.75937],[139.04687,35.75854],[139.04623,35.75819],[139.04578,35.75807],[139.04494,35.75797],[139.04402,35.75766],[139.04312,35.7576],[139.04303,35.75804],[139.04267,35.75841],[139.04254,35.75858],[139.04204,35.75878],[139.04082,35.75915],[139.04032,35.75922],[139.03923,35.75946],[139.03902,35.75962],[139.03845,35.7606],[139.03793,35.76171],[139.03758,35.76297],[139.03714,35.76354],[139.03609,35.76421],[139.0354,35.76493],[139.03482,35.76531],[139.03421,35.76592],[139.03336,35.76664],[139.03343,35.76689],[139.03334,35.768],[139.03295,35.77018],[139.03303,35.77059],[139.03299,35.77146],[139.03281,35.77216],[139.03255,35.7743],[139.03235,35.77493],[139.03228,35.77542],[139.03226,35.77691],[139.03251,35.77715],[139.03285,35.77788],[139.03339,35.77879],[139.03391,35.77844],[139.03521,35.7778],[139.0359,35.77742],[139.03659,35.77726],[139.03748,35.77736],[139.03835,35.7775],[139.03839,35.77747],[139.0382,35.77672],[139.03861,35.7767],[139.03886,35.77689],[139.03914,35.7773],[139.03942,35.77811],[139.03965,35.77863],[139.03974,35.77903],[139.04019,35.77923],[139.04145,35.77913],[139.04221,35.7793],[139.04271,35.77915],[139.04302,35.77878],[139.04337,35.77852],[139.04365,35.77838],[139.04401,35.77838],[139.04479,35.77867],[139.04542,35.77872],[139.04586,35.77849],[139.04622,35.77823],[139.04623,35.77769],[139.04633,35.77711],[139.04634,35.77671],[139.04657,35.77625],[139.04641,35.7757],[139.0458,35.77487],[139.04625,35.77482],[139.04668,35.77487],[139.04699,35.77484],[139.04758,35.77451],[139.04786,35.77424],[139.04904,35.77361],[139.0495,35.77327],[139.04977,35.77287],[139.04972,35.77242],[139.04957,35.77207],[139.04978,35.77199],[139.0502,35.77204],[139.05026,35.77256],[139.05029,35.77358],[139.04926,35.77474],[139.04874,35.77511],[139.04827,35.77569],[139.04798,35.77616],[139.04803,35.77685],[139.04802,35.77725],[139.04821,35.77776],[139.04827,35.77826],[139.048,35.77866],[139.04795,35.77956],[139.04768,35.77994],[139.04784,35.78023],[139.04841,35.78091],[139.04863,35.78141],[139.04882,35.7816],[139.04908,35.78181],[139.04929,35.78179],[139.05001,35.78129],[139.05004,35.78061],[139.05041,35.78029],[139.05089,35.78002],[139.05096,35.77961],[139.05094,35.77904],[139.05133,35.77807],[139.05165,35.77767],[139.05195,35.77743],[139.05213,35.77716],[139.05272,35.77665],[139.05298,35.77614],[139.05335,35.77611],[139.05343,35.77639],[139.05318,35.77662],[139.05277,35.77723],[139.05243,35.77801],[139.05218,35.7784],[139.0522,35.77876],[139.05241,35.77903],[139.05269,35.77981],[139.05253,35.78031],[139.0519,35.78132],[139.05188,35.78176],[139.05219,35.78194],[139.05276,35.78221],[139.05325,35.78238],[139.05317,35.78261],[139.05264,35.78277],[139.05181,35.78288],[139.05118,35.78367],[139.05109,35.78436],[139.05128,35.78489],[139.05138,35.78527],[139.05145,35.78573],[139.05106,35.78659],[139.05032,35.78702],[139.04975,35.78726],[139.04993,35.78757],[139.0498,35.78795],[139.04975,35.78848],[139.05027,35.78856],[139.05069,35.78834],[139.05065,35.78781],[139.05116,35.78773],[139.05141,35.78762],[139.05149,35.78742],[139.05134,35.7874],[139.05124,35.78732],[139.05144,35.78719],[139.05125,35.78707],[139.05125,35.78689],[139.05154,35.78661],[139.05213,35.78614],[139.05326,35.78504],[139.05383,35.78455],[139.05464,35.7841],[139.05501,35.78377],[139.05545,35.78375],[139.05624,35.78338],[139.0568,35.78335],[139.05785,35.78336]]],[[[139.02898,35.79388],[139.0297,35.79399],[139.03025,35.79422],[139.03097,35.79437],[139.03145,35.79433],[139.03323,35.79434],[139.03395,35.79415],[139.0351,35.79392],[139.03594,35.79367],[139.03834,35.79342],[139.04035,35.79417],[139.04118,35.79461],[139.04217,35.79553],[139.04281,35.79552],[139.04325,35.79555],[139.04394,35.79574],[139.04412,35.79532],[139.04415,35.79503],[139.04444,35.79476],[139.04491,35.79455],[139.04564,35.79451],[139.04608,35.79436],[139.04645,35.79417],[139.04676,35.79413],[139.04727,35.79353],[139.04756,35.79295],[139.04803,35.79289],[139.04856,35.79261],[139.04893,35.79246],[139.04903,35.79238],[139.04879,35.7922],[139.04775,35.79204],[139.04633,35.79153],[139.04547,35.79131],[139.04475,35.79101],[139.04409,35.7905],[139.04389,35.79021],[139.04392,35.78982],[139.04407,35.78943],[139.04431,35.78907],[139.04458,35.78877],[139.04499,35.78872],[139.0457,35.78812],[139.04557,35.78774],[139.04443,35.78678],[139.04375,35.78658],[139.04277,35.78645],[139.04333,35.786],[139.04372,35.78561],[139.04407,35.78509],[139.04433,35.78446],[139.04491,35.78403],[139.046,35.78358],[139.04589,35.7831],[139.04561,35.7824],[139.04535,35.78258],[139.0447,35.78292],[139.04397,35.78316],[139.0423,35.78391],[139.04048,35.7841],[139.03943,35.78406],[139.03853,35.78396],[139.03799,35.78384],[139.03725,35.78361],[139.03638,35.78313],[139.03598,35.78262],[139.03531,35.78225],[139.03434,35.78261],[139.03423,35.78309],[139.03395,35.78358],[139.03401,35.78408],[139.03401,35.78466],[139.03409,35.78536],[139.03383,35.78528],[139.03344,35.7849],[139.03318,35.78461],[139.03288,35.7841],[139.03273,35.78341],[139.03284,35.78288],[139.03274,35.78169],[139.0323,35.78167],[139.03182,35.7821],[139.03156,35.78253],[139.03109,35.78314],[139.03071,35.78328],[139.03043,35.78318],[139.03039,35.78271],[139.03075,35.78136],[139.03098,35.78074],[139.03105,35.78015],[139.03085,35.77956],[139.03024,35.77995],[139.02995,35.78021],[139.02969,35.78055],[139.02981,35.78096],[139.02971,35.78141],[139.02949,35.78176],[139.02914,35.78202],[139.02861,35.78227],[139.02838,35.78215],[139.02778,35.78205],[139.02709,35.78188],[139.02684,35.78164],[139.02613,35.78153],[139.02542,35.78149],[139.02539,35.78108],[139.02494,35.78097],[139.02426,35.78089],[139.02386,35.78076],[139.02342,35.78045],[139.02311,35.78042],[139.02269,35.78056],[139.02253,35.78085],[139.02261,35.78129],[139.02235,35.78134],[139.02159,35.78128],[139.0214,35.78109],[139.02112,35.78094],[139.02095,35.78055],[139.02066,35.78035],[139.02024,35.78036],[139.01985,35.78027],[139.01974,35.77993],[139.01969,35.7786],[139.01921,35.7784],[139.01882,35.77857],[139.01875,35.77874],[139.01893,35.77939],[139.01912,35.7798],[139.01914,35.78008],[139.01874,35.78044],[139.01841,35.78061],[139.018,35.78071],[139.01738,35.78063],[139.01689,35.78046],[139.01649,35.78016],[139.01586,35.77982],[139.01556,35.78003],[139.01527,35.78015],[139.01521,35.78045],[139.01472,35.78088],[139.01456,35.78126],[139.01459,35.7815],[139.01493,35.78191],[139.01512,35.78224],[139.0154,35.78326],[139.01553,35.78435],[139.01548,35.78467],[139.0153,35.78511],[139.01509,35.78585],[139.01458,35.78574],[139.01424,35.78586],[139.01374,35.7863],[139.01368,35.78673],[139.01371,35.78706],[139.01361,35.78761],[139.01338,35.78799],[139.01303,35.78875],[139.01301,35.7876],[139.01272,35.78722],[139.01244,35.78694],[139.01236,35.7868],[139.01238,35.78649],[139.01252,35.78613],[139.0129,35.78581],[139.01366,35.78528],[139.01395,35.78477],[139.01458,35.78402],[139.01304,35.7832],[139.01254,35.78304],[139.01183,35.78269],[139.01142,35.78362],[139.01034,35.785],[139.01011,35.78551],[139.00947,35.78621],[139.00971,35.78667],[139.00968,35.7869],[139.0097,35.78726],[139.00978,35.78777],[139.00998,35.78841],[139.01009,35.78936],[139.01027,35.7903],[139.01082,35.7921],[139.01132,35.79203],[139.01178,35.79203],[139.01228,35.79175],[139.01271,35.79159],[139.01292,35.79122],[139.01271,35.79082],[139.01243,35.79067],[139.01246,35.79034],[139.01273,35.79002],[139.01352,35.79027],[139.01382,35.7902],[139.01434,35.79065],[139.01455,35.79088],[139.01472,35.79177],[139.01495,35.79224],[139.01499,35.79246],[139.01523,35.79276],[139.01578,35.79314],[139.01638,35.79378],[139.0176,35.79475],[139.01813,35.79506],[139.01857,35.7957],[139.0194,35.79652],[139.02052,35.79695],[139.02123,35.7971],[139.02407,35.79734],[139.0248,35.79744],[139.02529,35.79756],[139.02658,35.79774],[139.02717,35.79791],[139.0273,35.79754],[139.02725,35.797],[139.02734,35.7966],[139.0276,35.79609],[139.02786,35.79582],[139.02817,35.79535],[139.02826,35.79511],[139.02849,35.7948],[139.02872,35.79413],[139.02898,35.79388]]]]}},{"type":"Feature","properties":{"id":"area-13308003002","name":"川野"},"geometry":{"type":"MultiPolygon","coordinates":[[[[139.02963,35.77648],[139.03029,35.77657],[139.03147,35.77691],[139.03226,35.77691],[139.03228,35.77542],[139.03235,35.77493],[139.03255,35.7743],[139.03281,35.77216],[139.03299,35.77146],[139.03303,35.77059],[139.03295,35.77018],[139.03334,35.768],[139.03343,35.76689],[139.03336,35.76664],[139.03421,35.76592],[139.03482,35.76531],[139.0354,35.76493],[139.03609,35.76421],[139.03714,35.76354],[139.03758,35.76297],[139.03793,35.76171],[139.03845,35.7606],[139.03902,35.75962],[139.03923,35.75946],[139.04032,35.75922],[139.04082,35.75915],[139.04204,35.75878],[139.04254,35.75858],[139.04267,35.75841],[139.04303,35.75804],[139.04312,35.7576],[139.04303,35.75759],[139.04276,35.75732],[139.04274,35.75693],[139.04289,35.7565],[139.04301,35.75602],[139.04294,35.75558],[139.04272,35.75497],[139.04204,35.75389],[139.04081,35.75238],[139.04054,35.75151],[139.04047,35.75142],[139.04013,35.75142],[139.03993,35.75081],[139.03982,35.75066],[139.03966,35.75029],[139.03973,35.75013],[139.04025,35.74954],[139.03945,35.74981],[139.03827,35.75071],[139.03743,35.75184],[139.03687,35.75249],[139.03599,35.75339],[139.03528,35.75427],[139.03459,35.75504],[139.03348,35.75598],[139.0327,35.75645],[139.03079,35.75722],[139.03013,35.75776],[139.02824,35.75983],[139.02761,35.76074],[139.02701,35.76186],[139.02665,35.76282],[139.02505,35.76396],[139.02405,35.76487],[139.02318,35.7654],[139.02238,35.76555],[139.02173,35.76557],[139.02013,35.76549],[139.01931,35.76531],[139.01845,35.76492],[139.01648,35.76293],[139.01498,35.76151],[139.01317,35.75938],[139.01146,35.75784],[139.01065,35.7573],[139.0098,35.75686],[139.00867,35.75635],[139.00754,35.75595],[139.00653,35.75565],[139.00558,35.7555],[139.00264,35.75521],[139.00174,35.75507],[138.99926,35.75445],[138.99868,35.75423],[138.9982,35.75392],[138.99688,35.75323],[138.99656,35.75302],[138.99636,35.75282],[138.99616,35.75321],[138.99589,35.7535],[138.99551,35.7538],[138.99496,35.75414],[138.99449,35.75432],[138.99371,35.75473],[138.99291,35.75525],[138.99252,35.75546],[138.99239,35.7556],[138.99242,35.75586],[138.99274,35.7571],[138.99271,35.75749],[138.99244,35.75796],[138.99195,35.75841],[138.99122,35.75916],[138.99099,35.75948],[138.99064,35.76072],[138.99059,35.7608],[138.99088,35.76092],[138.99121,35.76118],[138.99201,35.76166],[138.99259,35.76195],[138.99389,35.76269],[138.99443,35.76288],[138.99464,35.7632],[138.99369,35.76504],[138.99403,35.76539],[138.99454,35.76576],[138.99509,35.76596],[138.99596,35.76615],[138.99657,35.76613],[138.99799,35.76641],[138.99925,35.76706],[138.99995,35.76778],[138.99977,35.76886],[138.99952,35.76946],[138.99919,35.76968],[138.99858,35.77036],[138.99852,35.77087],[138.99858,35.77124],[138.99838,35.77187],[138.99887,35.77246],[138.99915,35.7724],[139.00035,35.77234],[139.00167,35.77222],[139.00255,35.77243],[139.00302,35.77245],[139.00346,35.77263],[139.00381,35.773],[139.00418,35.77331],[139.00447,35.7733],[139.00479,35.77295],[139.00492,35.77262],[139.00514,35.77227],[139.00546,35.77197],[139.00561,35.77208],[139.0054,35.77298],[139.00522,35.77342],[139.00522,35.77368],[139.00539,35.77386],[139.00571,35.77388],[139.00591,35.77402],[139.00641,35.77461],[139.0068,35.77457],[139.00709,35.77495],[139.00723,35.77551],[139.00728,35.77599],[139.00748,35.77649],[139.00789,35.77673],[139.0082,35.77663],[139.00835,35.77644],[139.00893,35.77668],[139.00931,35.77667],[139.00954,35.77637],[139.01008,35.77622],[139.0104,35.77579],[139.01103,35.7755],[139.01157,35.77557],[139.01208,35.77525],[139.01221,35.77513],[139.01245,35.77507],[139.01264,35.77505],[139.01279,35.77515],[139.01317,35.7753],[139.01436,35.77549],[139.01497,35.77539],[139.01668,35.77494],[139.01651,35.77447],[139.01742,35.77416],[139.01783,35.77382],[139.01801,35.77362],[139.01811,35.77333],[139.01808,35.77308],[139.01816,35.77264],[139.01918,35.77244],[139.02005,35.77234],[139.02052,35.77205],[139.02091,35.772],[139.02195,35.77153],[139.02185,35.77136],[139.0216,35.77112],[139.02124,35.77104],[139.02055,35.77079],[139.02046,35.77062],[139.02047,35.77027],[139.02059,35.76987],[139.02075,35.76957],[139.02099,35.76858],[139.02149,35.76825],[139.02154,35.76777],[139.02166,35.76734],[139.02184,35.76714],[139.02198,35.76754],[139.02189,35.7678],[139.02199,35.76809],[139.02209,35.76889],[139.022,35.76941],[139.02174,35.77018],[139.02195,35.77023],[139.02236,35.77026],[139.02278,35.76999],[139.02314,35.76962],[139.02439,35.76924],[139.02465,35.76903],[139.02503,35.7686],[139.02495,35.76954],[139.02491,35.76966],[139.02472,35.77013],[139.02462,35.77055],[139.02427,35.77111],[139.02443,35.77152],[139.02465,35.77147],[139.02483,35.77111],[139.0253,35.77142],[139.02548,35.77178],[139.02543,35.7721],[139.02532,35.7725],[139.02543,35.77289],[139.02565,35.77326],[139.0256,35.77357],[139.02591,35.77397],[139.0268,35.77428],[139.02711,35.77446],[139.02684,35.77458],[139.0261,35.77477],[139.02602,35.77508],[139.02627,35.77683],[139.02577,35.77703],[139.02568,35.77779],[139.02577,35.7783],[139.02621,35.77868],[139.02643,35.77902],[139.02678,35.77934],[139.02749,35.77969],[139.02754,35.7793],[139.028,35.7788],[139.02813,35.77854],[139.02822,35.77816],[139.02838,35.77794],[139.02844,35.77751],[139.02873,35.77705],[139.02928,35.77674],[139.02963,35.77648]]],[[[138.99225,35.77434],[138.99285,35.77461],[138.99342,35.77496],[138.99476,35.77509],[138.99608,35.77497],[138.99725,35.77445],[138.99816,35.77436],[138.99856,35.77437],[138.99868,35.77398],[138.99856,35.77365],[138.99805,35.77338],[138.99773,35.7731],[138.99743,35.77275],[138.99713,35.77237],[138.99713,35.77195],[138.99715,35.77154],[138.9974,35.7707],[138.99778,35.77008],[138.99841,35.76854],[138.99857,35.76799],[138.99845,35.76763],[138.99821,35.76732],[138.99787,35.76726],[138.99744,35.76738],[138.99697,35.76745],[138.99652,35.76737],[138.99583,35.76746],[138.99489,35.76738],[138.99382,35.76711],[138.99328,35.76675],[138.99281,35.76623],[138.99267,35.76558],[138.99263,35.76502],[138.99275,35.76446],[138.99293,35.7641],[138.99325,35.76372],[138.99356,35.7632],[138.99329,35.76276],[138.9926,35.76234],[138.9913,35.76168],[138.99066,35.76127],[138.99038,35.76114],[138.9902,35.76137],[138.99009,35.76171],[138.99004,35.76209],[138.98932,35.76356],[138.98905,35.76377],[138.98814,35.76429],[138.98792,35.76459],[138.98735,35.76506],[138.98671,35.76621],[138.98634,35.76655],[138.98584,35.76682],[138.9852,35.76705],[138.98481,35.76728],[138.98451,35.76759],[138.98432,35.76791],[138.98426,35.76823],[138.98428,35.76854],[138.984,35.76915],[138.98389,35.76931],[138.98373,35.76944],[138.98395,35.77039],[138.9839,35.77111],[138.98366,35.7719],[138.98371,35.77228],[138.98391,35.77273],[138.98416,35.77309],[138.98491,35.77374],[138.9852,35.77413],[138.98531,35.77458],[138.98544,35.77568],[138.98564,35.77669],[138.9856,35.7768],[138.98567,35.77808],[138.98595,35.77851],[138.98601,35.77903],[138.98621,35.77998],[138.98632,35.78016],[138.98673,35.7802],[138.98699,35.77986],[138.98716,35.77903],[138.9873,35.77795],[138.98748,35.77759],[138.98772,35.77731],[138.98788,35.77697],[138.98795,35.77659],[138.9882,35.7762],[138.98847,35.77609],[138.9891,35.77526],[138.9894,35.77513],[138.99004,35.77478],[138.99054,35.77442],[138.99136,35.77429],[138.99225,35.77434]]],[[[139.00631,35.78664],[139.0076,35.78674],[139.00812,35.78674],[139.00892,35.78646],[139.00947,35.78621],[139.01011,35.78551],[139.01034,35.785],[139.01142,35.78362],[139.01183,35.78269],[139.01254,35.78304],[139.01304,35.7832],[139.01458,35.78402],[139.01472,35.78369],[139.01455,35.78298],[139.01424,35.78245],[139.0137,35.78217],[139.01342,35.7821],[139.0132,35.78161],[139.01322,35.78122],[139.01318,35.78053],[139.01349,35.78048],[139.01376,35.77989],[139.0137,35.77969],[139.01367,35.7792],[139.01381,35.77878],[139.01411,35.77866],[139.01449,35.77857],[139.01499,35.77836],[139.01593,35.77836],[139.01652,35.77864],[139.01695,35.77895],[139.01744,35.77912],[139.01773,35.77915],[139.0176,35.77872],[139.01772,35.77792],[139.01785,35.77754],[139.01859,35.77718],[139.019,35.77716],[139.01924,35.77709],[139.01958,35.77715],[139.01986,35.77743],[139.02008,35.7778],[139.02054,35.77801],[139.0207,35.77838],[139.02102,35.7785],[139.02135,35.77842],[139.0219,35.77795],[139.022,35.77766],[139.02203,35.77727],[139.02196,35.77655],[139.02166,35.77609],[139.02096,35.77481],[139.02054,35.77518],[139.01909,35.77585],[139.01852,35.77642],[139.01797,35.77676],[139.01744,35.77701],[139.01665,35.77722],[139.01461,35.77737],[139.01392,35.77754],[139.01337,35.77771],[139.01286,35.77781],[139.01218,35.77803],[139.01034,35.7787],[139.00954,35.7788],[139.00873,35.77895],[139.00824,35.77991],[139.00808,35.7792],[139.00796,35.77897],[139.00655,35.7785],[139.00507,35.7782],[139.00442,35.77816],[139.00421,35.77801],[139.00429,35.7777],[139.00449,35.7777],[139.00464,35.77752],[139.00459,35.7772],[139.00447,35.777],[139.00385,35.77637],[139.00294,35.77617],[139.00276,35.77581],[139.00273,35.77561],[139.00165,35.77443],[139.00108,35.77458],[139.00025,35.77511],[138.99979,35.77524],[138.99914,35.776],[138.99861,35.77637],[138.99832,35.77671],[138.99825,35.77701],[138.99875,35.77786],[138.99903,35.77851],[138.99937,35.77908],[139.00021,35.78082],[139.00046,35.78186],[139.00075,35.78261],[139.00121,35.78308],[139.00163,35.78358],[139.00185,35.78424],[139.00231,35.78508],[139.00254,35.78579],[139.00349,35.78647],[139.00396,35.78665],[139.00461,35.78698],[139.00631,35.78664]]]]}},{"type":"Feature","properties":{"id":"area-13308003003","name":"留浦"},"geometry":{"type":"Polygon","coordinates":[[[138.98415,35.80301],[138.98457,35.80225],[138.98485,35.80186],[138.98492,35.80156],[138.98468,35.80121],[138.98203,35.79807],[138.98219,35.79785],[138.98312,35.79799],[138.9833,35.79805],[138.98359,35.79801],[138.98386,35.79785],[138.98404,35.79757],[138.98412,35.79713],[138.98478,35.7965],[138.9851,35.79616],[138.98569,35.79578],[138.98616,35.79575],[138.98809,35.79545],[138.98935,35.79536],[138.99159,35.79495],[138.99154,35.79472],[138.99296,35.79402],[138.99354,35.79388],[138.99404,35.79355],[138.99453,35.79329],[138.99474,35.79311],[138.99511,35.79249],[138.99542,35.79221],[138.99589,35.79122],[138.99616,35.79056],[138.99632,35.78971],[138.99656,35.78905],[138.99654,35.78856],[138.9966,35.78822],[138.99685,35.78748],[138.99803,35.78685],[138.99851,35.78676],[138.99943,35.78701],[139.00012,35.78727],[139.00096,35.78784],[139.00144,35.78783],[139.0017,35.78762],[139.00166,35.78727],[139.00154,35.78691],[139.00157,35.78652],[139.00174,35.7862],[139.002,35.78598],[139.00254,35.78579],[139.00231,35.78508],[139.00185,35.78424],[139.00163,35.78358],[139.00121,35.78308],[139.00075,35.78261],[139.00046,35.78186],[139.00021,35.78082],[138.99937,35.77908],[138.99903,35.77851],[138.99875,35.77786],[138.99838,35.77721],[138.99809,35.77738],[138.99785,35.77745],[138.99653,35.77715],[138.99578,35.7769],[138.99516,35.77661],[138.99427,35.77627],[138.9934,35.77616],[138.99259,35.7762],[138.9919,35.77642],[138.99127,35.77687],[138.99081,35.77758],[138.9902,35.77814],[138.98991,35.77873],[138.98891,35.77964],[138.98865,35.77998],[138.98805,35.78029],[138.98732,35.78101],[138.98647,35.7816],[138.9861,35.78152],[138.98625,35.78189],[138.98625,35.78209],[138.98601,35.78248],[138.98571,35.78279],[138.98469,35.78358],[138.98453,35.78386],[138.9845,35.78424],[138.98461,35.7846],[138.9849,35.78516],[138.98486,35.78541],[138.98473,35.78557],[138.98415,35.78566],[138.9825,35.78643],[138.98223,35.78664],[138.98205,35.78687],[138.98189,35.78697],[138.98136,35.78716],[138.98086,35.78727],[138.98036,35.78712],[138.98006,35.78698],[138.97973,35.78697],[138.97945,35.78701],[138.97931,35.78712],[138.97918,35.78755],[138.97901,35.78776],[138.9778,35.7883],[138.97706,35.78873],[138.97679,35.78896],[138.97656,35.78926],[138.97621,35.78984],[138.97629,35.79004],[138.976,35.7909],[138.97591,35.79131],[138.97593,35.79201],[138.97598,35.79217],[138.97614,35.79221],[138.97695,35.79225],[138.97706,35.79243],[138.97679,35.79313],[138.97576,35.79387],[138.9755,35.79448],[138.97523,35.79465],[138.97486,35.79476],[138.97461,35.79487],[138.9742,35.79576],[138.97399,35.7965],[138.9738,35.79695],[138.97336,35.79765],[138.97306,35.79794],[138.97236,35.79826],[138.97165,35.79899],[138.97138,35.79976],[138.97119,35.80002],[138.97123,35.80054],[138.97111,35.80106],[138.971,35.80137],[138.97099,35.80221],[138.97109,35.80261],[138.97148,35.80285],[138.97198,35.80294],[138.97242,35.80309],[138.97279,35.8031],[138.97327,35.80305],[138.97374,35.80294],[138.9743,35.80289],[138.97559,35.80358],[138.97603,35.80391],[138.97638,35.80405],[138.97675,35.80449],[138.97726,35.80476],[138.97756,35.80519],[138.97802,35.80527],[138.97846,35.80542],[138.9791,35.80533],[138.97956,35.80512],[138.98062,35.80484],[138.98113,35.80474],[138.98184,35.80451],[138.98254,35.8041],[138.98326,35.80376],[138.98415,35.80301]]]}},{"type":"Feature","properties":{"id":"area-13308003004","name":"留浦"},"geometry":{"type":"Polygon","coordinates":[[[138.9895,35.82975],[138.99013,35.82938],[138.99069,35.82896],[138.99171,35.82868],[138.99247,35.82842],[138.99342,35.82839],[138.99474,35.82827],[138.99553,35.82781],[138.99617,35.82759],[138.99667,35.82755],[138.99709,35.82763],[138.99772,35.82781],[138.99784,35.8279],[138.99798,35.82789],[138.9982,35.82796],[138.9995,35.82774],[139.0016,35.82778],[139.00164,35.82783],[139.00188,35.82784],[139.0023,35.82792],[139.00353,35.82774],[139.00406,35.82779],[139.00465,35.82817],[139.00519,35.82832],[139.0068,35.82861],[139.0081,35.82869],[139.00872,35.82864],[139.01024,35.82916],[139.0109,35.82942],[139.01151,35.82956],[139.01161,35.82964],[139.01175,35.8296],[139.01258,35.82973],[139.01317,35.82914],[139.01377,35.82814],[139.01414,35.82774],[139.01454,35.82749],[139.01559,35.82724],[139.01604,35.82656],[139.01651,35.82619],[139.01671,35.82595],[139.01681,35.82548],[139.01745,35.82462],[139.01831,35.824],[139.01867,35.82384],[139.01904,35.82381],[139.019,35.82356],[139.01887,35.82351],[139.01883,35.82297],[139.01884,35.82221],[139.01907,35.82041],[139.01927,35.81969],[139.01943,35.81882],[139.01998,35.81784],[139.02027,35.81683],[139.02034,35.81605],[139.02049,35.8154],[139.02075,35.81504],[139.02087,35.81457],[139.02088,35.81408],[139.02053,35.81362],[139.02051,35.81301],[139.02027,35.81224],[139.02012,35.81145],[139.02027,35.81101],[139.02039,35.81039],[139.02036,35.81023],[139.02054,35.80984],[139.021,35.80906],[139.02184,35.80872],[139.02249,35.8081],[139.02263,35.80779],[139.02424,35.80682],[139.02452,35.80647],[139.02461,35.80611],[139.02481,35.8058],[139.02588,35.80514],[139.02653,35.80459],[139.02651,35.80423],[139.02674,35.80374],[139.02725,35.80312],[139.02754,35.80265],[139.02763,35.80214],[139.02756,35.80169],[139.02755,35.80072],[139.02706,35.79974],[139.02706,35.79821],[139.02717,35.79791],[139.02658,35.79774],[139.02529,35.79756],[139.0248,35.79744],[139.02407,35.79734],[139.02123,35.7971],[139.02052,35.79695],[139.0194,35.79652],[139.01857,35.7957],[139.01813,35.79506],[139.0176,35.79475],[139.01638,35.79378],[139.01578,35.79314],[139.01523,35.79276],[139.01499,35.79246],[139.01495,35.79224],[139.01472,35.79177],[139.01455,35.79088],[139.01434,35.79065],[139.01382,35.7902],[139.01352,35.79027],[139.01273,35.79002],[139.01246,35.79034],[139.01243,35.79067],[139.01271,35.79082],[139.01292,35.79122],[139.01271,35.79159],[139.01228,35.79175],[139.01178,35.79203],[139.01132,35.79203],[139.01082,35.7921],[139.01027,35.7903],[139.01009,35.78936],[139.00998,35.78841],[139.00978,35.78777],[139.0097,35.78726],[139.00968,35.7869],[139.00971,35.78667],[139.00947,35.78621],[139.00892,35.78646],[139.00812,35.78674],[139.0076,35.78674],[139.00631,35.78664],[139.00461,35.78698],[139.00396,35.78665],[139.00349,35.78647],[139.00254,35.78579],[139.002,35.78598],[139.00174,35.7862],[139.00157,35.78652],[139.00154,35.78691],[139.00166,35.78727],[139.0017,35.78762],[139.00144,35.78783],[139.00096,35.78784],[139.00012,35.78727],[138.99943,35.78701],[138.99851,35.78676],[138.99803,35.78685],[138.99685,35.78748],[138.9966,35.78822],[138.99654,35.78856],[138.99656,35.78905],[138.99632,35.78971],[138.99616,35.79056],[138.99589,35.79122],[138.99542,35.79221],[138.99511,35.79249],[138.99474,35.79311],[138.99453,35.79329],[138.99404,35.79355],[138.99354,35.79388],[138.99296,35.79402],[138.99154,35.79472],[138.99159,35.79495],[138.98935,35.79536],[138.98809,35.79545],[138.98616,35.79575],[138.98569,35.79578],[138.9851,35.79616],[138.98478,35.7965],[138.98412,35.79713],[138.98404,35.79757],[138.98386,35.79785],[138.98359,35.79801],[138.9833,35.79805],[138.98312,35.79799],[138.98219,35.79785],[138.98203,35.79807],[138.98468,35.80121],[138.98492,35.80156],[138.98485,35.80186],[138.98457,35.80225],[138.98415,35.80301],[138.98326,35.80376],[138.98254,35.8041],[138.98184,35.80451],[138.98113,35.80474],[138.98062,35.80484],[138.97956,35.80512],[138.9791,35.80533],[138.97846,35.80542],[138.97802,35.80527],[138.97756,35.80519],[138.97726,35.80476],[138.97675,35.80449],[138.97638,35.80405],[138.97603,35.80391],[138.97559,35.80358],[138.9743,35.80289],[138.97374,35.80294],[138.97327,35.80305],[138.97279,35.8031],[138.97242,35.80309],[138.97198,35.80294],[138.97148,35.80285],[138.97109,35.80261],[138.97121,35.80313],[138.97119,35.80349],[138.97096,35.80383],[138.97066,35.80417],[138.97036,35.8044],[138.97011,35.80475],[138.97006,35.805],[138.97013,35.8052],[138.97031,35.80548],[138.97043,35.806],[138.97046,35.80694],[138.97073,35.80764],[138.97081,35.8084],[138.97076,35.80899],[138.97068,35.80912],[138.97074,35.80971],[138.97096,35.81007],[138.97183,35.8106],[138.97194,35.81072],[138.97208,35.81108],[138.97214,35.81148],[138.97184,35.81313],[138.9719,35.81346],[138.97176,35.814],[138.97158,35.81437],[138.97119,35.81478],[138.9697,35.8157],[138.96948,35.81609],[138.96951,35.81654],[138.9696,35.81692],[138.9696,35.81729],[138.96928,35.81883],[138.96931,35.81883],[138.96925,35.81895],[138.96934,35.81938],[138.96948,35.81972],[138.9697,35.82008],[138.96987,35.82057],[138.96989,35.82165],[138.96975,35.82259],[138.96961,35.82307],[138.96967,35.82361],[138.96967,35.82415],[138.96979,35.82456],[138.97005,35.82498],[138.97016,35.82553],[138.97016,35.82595],[138.9704,35.82742],[138.97024,35.82867],[138.96984,35.83023],[138.96978,35.83099],[138.97035,35.83115],[138.97035,35.83128],[138.97121,35.83138],[138.97199,35.83111],[138.97267,35.83081],[138.97382,35.82994],[138.97421,35.82955],[138.97461,35.8293],[138.97527,35.82935],[138.97593,35.82952],[138.9761,35.82963],[138.97623,35.82964],[138.97658,35.82977],[138.97792,35.82993],[138.97842,35.83019],[138.97909,35.83039],[138.97977,35.8305],[138.98014,35.83068],[138.98064,35.83103],[138.98129,35.8312],[138.9815,35.83132],[138.98194,35.83145],[138.98317,35.83201],[138.98395,35.83222],[138.98429,35.83223],[138.9848,35.83192],[138.98538,35.83144],[138.98578,35.83086],[138.98651,35.83049],[138.98718,35.83025],[138.98774,35.8301],[138.9895,35.82975]]]}},{"type":"Feature","properties":{"id":"area-13308003005","name":"原"},"geometry":{"type":"Polygon","coordinates":[[[139.05069,35.78834],[139.05027,35.78856],[139.04975,35.78848],[139.0498,35.78795],[139.04993,35.78757],[139.04975,35.78726],[139.05032,35.78702],[139.05106,35.78659],[139.05145,35.78573],[139.05138,35.78527],[139.05128,35.78489],[139.05109,35.78436],[139.05118,35.78367],[139.05181,35.78288],[139.05264,35.78277],[139.05317,35.78261],[139.05325,35.78238],[139.05276,35.78221],[139.05219,35.78194],[139.05188,35.78176],[139.0519,35.78132],[139.05253,35.78031],[139.05269,35.77981],[139.05241,35.77903],[139.0522,35.77876],[139.05218,35.7784],[139.05243,35.77801],[139.05277,35.77723],[139.05318,35.77662],[139.05343,35.77639],[139.05335,35.77611],[139.05298,35.77614],[139.05272,35.77665],[139.05213,35.77716],[139.05195,35.77743],[139.05165,35.77767],[139.05133,35.77807],[139.05094,35.77904],[139.05096,35.77961],[139.05089,35.78002],[139.05041,35.78029],[139.05004,35.78061],[139.05001,35.78129],[139.04929,35.78179],[139.04908,35.78181],[139.04882,35.7816],[139.04863,35.78141],[139.04841,35.78091],[139.04784,35.78023],[139.04768,35.77994],[139.04795,35.77956],[139.048,35.77866],[139.04827,35.77826],[139.04821,35.77776],[139.04802,35.77725],[139.04803,35.77685],[139.04798,35.77616],[139.04827,35.77569],[139.04874,35.77511],[139.04926,35.77474],[139.05029,35.77358],[139.05026,35.77256],[139.0502,35.77204],[139.04978,35.77199],[139.04957,35.77207],[139.04972,35.77242],[139.04977,35.77287],[139.0495,35.77327],[139.04904,35.77361],[139.04786,35.77424],[139.04758,35.77451],[139.04699,35.77484],[139.04668,35.77487],[139.04625,35.77482],[139.0458,35.77487],[139.04641,35.7757],[139.04657,35.77625],[139.04634,35.77671],[139.04633,35.77711],[139.04623,35.77769],[139.04622,35.77823],[139.04586,35.77849],[139.04542,35.77872],[139.04479,35.77867],[139.04401,35.77838],[139.04365,35.77838],[139.04337,35.77852],[139.04302,35.77878],[139.04271,35.77915],[139.04221,35.7793],[139.04145,35.77913],[139.04019,35.77923],[139.03974,35.77903],[139.03965,35.77863],[139.03942,35.77811],[139.03914,35.7773],[139.03886,35.77689],[139.03861,35.7767],[139.0382,35.77672],[139.03839,35.77747],[139.03835,35.7775],[139.03748,35.77736],[139.03659,35.77726],[139.0359,35.77742],[139.03521,35.7778],[139.03391,35.77844],[139.03339,35.77879],[139.03285,35.77788],[139.03251,35.77715],[139.03226,35.77691],[139.03147,35.77691],[139.03029,35.77657],[139.02963,35.77648],[139.02928,35.77674],[139.02873,35.77705],[139.02844,35.77751],[139.02838,35.77794],[139.02822,35.77816],[139.02813,35.77854],[139.028,35.7788],[139.02754,35.7793],[139.02749,35.77969],[139.02678,35.77934],[139.02643,35.77902],[139.02621,35.77868],[139.02577,35.7783],[139.02568,35.77779],[139.02577,35.77703],[139.02627,35.77683],[139.02602,35.77508],[139.0261,35.77477],[139.02684,35.77458],[139.02711,35.77446],[139.0268,35.77428],[139.02591,35.77397],[139.0256,35.77357],[139.02565,35.77326],[139.02543,35.77289],[139.02532,35.7725],[139.02543,35.7721],[139.02548,35.77178],[139.0253,35.77142],[139.02483,35.77111],[139.02465,35.77147],[139.02443,35.77152],[139.02427,35.77111],[139.02462,35.77055],[139.02472,35.77013],[139.02491,35.76966],[139.02495,35.76954],[139.02503,35.7686],[139.02465,35.76903],[139.02439,35.76924],[139.02314,35.76962],[139.02278,35.76999],[139.02236,35.77026],[139.02195,35.77023],[139.02174,35.77018],[139.022,35.76941],[139.02209,35.76889],[139.02199,35.76809],[139.02189,35.7678],[139.02198,35.76754],[139.02184,35.76714],[139.02166,35.76734],[139.02154,35.76777],[139.02149,35.76825],[139.02099,35.76858],[139.02075,35.76957],[139.02059,35.76987],[139.02047,35.77027],[139.02046,35.77062],[139.02055,35.77079],[139.02124,35.77104],[139.0216,35.77112],[139.02185,35.77136],[139.02195,35.77153],[139.02091,35.772],[139.02052,35.77205],[139.02005,35.77234],[139.01918,35.77244],[139.01816,35.77264],[139.01808,35.77308],[139.01811,35.77333],[139.01801,35.77362],[139.01783,35.77382],[139.01742,35.77416],[139.01651,35.77447],[139.01668,35.77494],[139.01497,35.77539],[139.01436,35.77549],[139.01317,35.7753],[139.01279,35.77515],[139.01264,35.77505],[139.01245,35.77507],[139.01221,35.77513],[139.01208,35.77525],[139.01157,35.77557],[139.01103,35.7755],[139.0104,35.77579],[139.01008,35.77622],[139.00954,35.77637],[139.00931,35.77667],[139.00893,35.77668],[139.00835,35.77644],[139.0082,35.77663],[139.00789,35.77673],[139.00748,35.77649],[139.00728,35.77599],[139.00723,35.77551],[139.00709,35.77495],[139.0068,35.77457],[139.00641,35.77461],[139.00591,35.77402],[139.00571,35.77388],[139.00539,35.77386],[139.00522,35.77368],[139.00522,35.77342],[139.0054,35.77298],[139.00561,35.77208],[139.00546,35.77197],[139.00514,35.77227],[139.00492,35.77262],[139.00479,35.77295],[139.00447,35.7733],[139.00418,35.77331],[139.00381,35.773],[139.00346,35.77263],[139.00302,35.77245],[139.00255,35.77243],[139.00167,35.77222],[139.00035,35.77234],[138.99915,35.7724],[138.99887,35.77246],[138.99838,35.77187],[138.99858,35.77124],[138.99852,35.77087],[138.99858,35.77036],[138.99919,35.76968],[138.99952,35.76946],[138.99977,35.76886],[138.99995,35.76778],[138.99925,35.76706],[138.99799,35.76641],[138.99657,35.76613],[138.99596,35.76615],[138.99509,35.76596],[138.99454,35.76576],[138.99403,35.76539],[138.99369,35.76504],[138.99464,35.7632],[138.99443,35.76288],[138.99389,35.76269],[138.99259,35.76195],[138.99201,35.76166],[138.99121,35.76118],[138.99088,35.76092],[138.99059,35.7608],[138.99038,35.76114],[138.99066,35.76127],[138.9913,35.76168],[138.9926,35.76234],[138.99329,35.76276],[138.99356,35.7632],[138.99325,35.76372],[138.99293,35.7641],[138.99275,35.76446],[138.99263,35.76502],[138.99267,35.76558],[138.99281,35.76623],[138.99328,35.76675],[138.99382,35.76711],[138.99489,35.76738],[138.99583,35.76746],[138.99652,35.76737],[138.99697,35.76745],[138.99744,35.76738],[138.99787,35.76726],[138.99821,35.76732],[138.99845,35.76763],[138.99857,35.76799],[138.99841,35.76854],[138.99778,35.77008],[138.9974,35.7707],[138.99715,35.77154],[138.99713,35.77237],[138.99773,35.7731],[138.99805,35.77338],[138.99856,35.77365],[138.99868,35.77398],[138.99856,35.77437],[138.99816,35.77436],[138.99725,35.77445],[138.99608,35.77497],[138.99476,35.77509],[138.99342,35.77496],[138.99285,35.77461],[138.99225,35.77434],[138.99136,35.77429],[138.99054,35.77442],[138.99004,35.77478],[138.9894,35.77513],[138.9891,35.77526],[138.98847,35.77609],[138.9882,35.7762],[138.98795,35.77659],[138.98788,35.77697],[138.98772,35.77731],[138.98748,35.77759],[138.9873,35.77795],[138.98716,35.77903],[138.98699,35.77986],[138.98673,35.7802],[138.98632,35.78016],[138.98669,35.78076],[138.98671,35.78101],[138.98666,35.78123],[138.9862,35.78139],[138.98609,35.78148],[138.9861,35.78152],[138.98647,35.7816],[138.98732,35.78101],[138.98805,35.78029],[138.98865,35.77998],[138.98891,35.77964],[138.98991,35.77873],[138.9902,35.77814],[138.99081,35.77758],[138.99127,35.77687],[138.9919,35.77642],[138.99259,35.7762],[138.9934,35.77616],[138.99427,35.77627],[138.99516,35.77661],[138.99578,35.7769],[138.99653,35.77715],[138.99785,35.77745],[138.99809,35.77738],[138.99838,35.77721],[138.99825,35.77701],[138.99832,35.77671],[138.99861,35.77637],[138.99914,35.776],[138.99979,35.77524],[139.00025,35.77511],[139.00108,35.77458],[139.00165,35.77443],[139.00273,35.77561],[139.00276,35.77581],[139.00294,35.77617],[139.00385,35.77637],[139.00447,35.777],[139.00459,35.7772],[139.00464,35.77752],[139.00449,35.7777],[139.00429,35.7777],[139.00421,35.77801],[139.00442,35.77816],[139.00507,35.7782],[139.00655,35.7785],[139.00796,35.77897],[139.00808,35.7792],[139.00824,35.77991],[139.00873,35.77895],[139.00954,35.7788],[139.01034,35.7787],[139.01218,35.77803],[139.01286,35.77781],[139.01337,35.77771],[139.01392,35.77754],[139.01461,35.77737],[139.01665,35.77722],[139.01744,35.77701],[139.01797,35.77676],[139.01852,35.77642],[139.01909,35.77585],[139.02054,35.77518],[139.02096,35.77481],[139.02166,35.77609],[139.02196,35.77655],[139.022,35.77689],[139.02203,35.77727],[139.022,35.77766],[139.0219,35.77795],[139.02135,35.77842],[139.02102,35.7785],[139.0207,35.77838],[139.02054,35.77801],[139.02008,35.7778],[139.01986,35.77743],[139.01958,35.77715],[139.01924,35.77709],[139.019,35.77716],[139.01859,35.77718],[139.01785,35.77754],[139.01772,35.77792],[139.0176,35.77872],[139.01773,35.77915],[139.01744,35.77912],[139.01695,35.77895],[139.01652,35.77864],[139.01593,35.77836],[139.01499,35.77836],[139.01449,35.77857],[139.01411,35.77866],[139.01381,35.77878],[139.01367,35.7792],[139.0137,35.77969],[139.01376,35.77989],[139.01349,35.78048],[139.01318,35.78053],[139.01322,35.78122],[139.0132,35.78161],[139.01342,35.7821],[139.0137,35.78217],[139.01424,35.78245],[139.01455,35.78298],[139.01472,35.78369],[139.01458,35.78402],[139.01395,35.78477],[139.01366,35.78528],[139.0129,35.78581],[139.01252,35.78613],[139.01238,35.78649],[139.01236,35.7868],[139.01244,35.78694],[139.01272,35.78722],[139.01301,35.7876],[139.01303,35.78875],[139.01338,35.78799],[139.01361,35.78761],[139.01371,35.78706],[139.01368,35.78673],[139.01374,35.7863],[139.01424,35.78586],[139.01458,35.78574],[139.01509,35.78585],[139.0153,35.78511],[139.01548,35.78467],[139.01553,35.78435],[139.0154,35.78326],[139.01512,35.78224],[139.01493,35.78191],[139.01459,35.7815],[139.01456,35.78126],[139.01472,35.78088],[139.01521,35.78045],[139.01527,35.78015],[139.01556,35.78003],[139.01586,35.77982],[139.01649,35.78016],[139.01689,35.78046],[139.01738,35.78063],[139.018,35.78071],[139.01841,35.78061],[139.01874,35.78044],[139.01914,35.78008],[139.01912,35.7798],[139.01893,35.77939],[139.01875,35.77874],[139.01882,35.77857],[139.01921,35.7784],[139.01969,35.7786],[139.01974,35.77993],[139.01985,35.78027],[139.02024,35.78036],[139.02066,35.78035],[139.02095,35.78055],[139.02112,35.78094],[139.0214,35.78109],[139.02159,35.78128],[139.02235,35.78134],[139.02261,35.78129],[139.02253,35.78085],[139.02269,35.78056],[139.02311,35.78042],[139.02342,35.78045],[139.02386,35.78076],[139.02426,35.78089],[139.02494,35.78097],[139.02539,35.78108],[139.02542,35.78149],[139.02613,35.78153],[139.02684,35.78164],[139.02709,35.78188],[139.02778,35.78205],[139.02838,35.78215],[139.02861,35.78227],[139.02914,35.78202],[139.02949,35.78176],[139.02971,35.78141],[139.02981,35.78096],[139.02969,35.78055],[139.02995,35.78021],[139.03024,35.77995],[139.03085,35.77956],[139.03105,35.78015],[139.03098,35.78074],[139.03075,35.78136],[139.03039,35.78271],[139.03043,35.78318],[139.03071,35.78328],[139.03109,35.78314],[139.03156,35.78253],[139.03182,35.7821],[139.0323,35.78167],[139.03274,35.78169],[139.03284,35.78288],[139.03273,35.78341],[139.03288,35.7841],[139.03318,35.78461],[139.03344,35.7849],[139.03383,35.78528],[139.03409,35.78536],[139.03401,35.78466],[139.03401,35.78408],[139.03395,35.78358],[139.03423,35.78309],[139.03434,35.78261],[139.03531,35.78225],[139.03598,35.78262],[139.03638,35.78313],[139.03725,35.78361],[139.03799,35.78384],[139.03853,35.78396],[139.03943,35.78406],[139.04048,35.7841],[139.0423,35.78391],[139.04397,35.78316],[139.0447,35.78292],[139.04535,35.78258],[139.04561,35.7824],[139.04589,35.7831],[139.046,35.78358],[139.04491,35.78403],[139.04433,35.78446],[139.04407,35.78509],[139.04372,35.78561],[139.04333,35.786],[139.04277,35.78645],[139.04375,35.78658],[139.04443,35.78678],[139.04557,35.78774],[139.0457,35.78812],[139.04499,35.78872],[139.04458,35.78877],[139.04431,35.78907],[139.04407,35.78943],[139.04392,35.78982],[139.04389,35.79021],[139.04409,35.7905],[139.04475,35.79101],[139.04547,35.79131],[139.04633,35.79153],[139.04775,35.79204],[139.04879,35.7922],[139.04903,35.79238],[139.04938,35.79213],[139.04969,35.79197],[139.0502,35.79158],[139.05078,35.79143],[139.05093,35.79114],[139.05091,35.79058],[139.05076,35.78988],[139.05071,35.7892],[139.05076,35.78876],[139.05069,35.78834]]]}}]}