{"type":"FeatureCollection","features":[{"type":"Feature","properties":{"id":"area-13361001001","name":"元町一丁目"},"geometry":{"type":"Polygon","coordinates":[[[139.35753,34.75607],[139.3574,34.75591],[139.35696,34.7556],[139.35678,34.75529],[139.35629,34.75423],[139.35601,34.75289],[139.35617,34.75217],[139.35597,34.7499],[139.35467,34.7498],[139.35406,34.74986],[139.35357,34.75018],[139.35315,34.75016],[139.35317,34.75033],[139.35292,34.75053],[139.35288,34.75074],[139.35298,34.75087],[139.35241,34.75114],[139.35255,34.75149],[139.35202,34.75162],[139.34862,34.75175],[139.34862,34.75197],[139.35117,34.75188],[139.35117,34.75179],[139.35202,34.75176],[139.35206,34.75257],[139.35239,34.75278],[139.35232,34.75289],[139.35217,34.75284],[139.35198,34.75312],[139.35196,34.75321],[139.35191,34.75325],[139.35192,34.75333],[139.35187,34.75342],[139.35192,34.75359],[139.35183,34.75368],[139.35173,34.75386],[139.35182,34.75398],[139.35183,34.75405],[139.35105,34.75409],[139.35106,34.75419],[139.35164,34.75417],[139.35166,34.75424],[139.35206,34.75428],[139.35278,34.75456],[139.3536,34.75458],[139.35378,34.75463],[139.3547,34.75502],[139.35524,34.75509],[139.35558,34.75539],[139.35587,34.75549],[139.35592,34.75555],[139.35594,34.75564],[139.35594,34.75587],[139.35602,34.75592],[139.35617,34.75598],[139.35657,34.75599],[139.35728,34.75623],[139.35763,34.75626],[139.35753,34.75607]]]}},{"type":"Feature","properties":{"id":"area-13361001002","name":"元町二丁目"},"geometry":{"type":"Polygon","coordinates":[[[139.35357,34.75018],[139.35406,34.74986],[139.35467,34.7498],[139.35597,34.7499],[139.35648,34.74766],[139.35647,34.7476],[139.35689,34.74668],[139.35695,34.74599],[139.35707,34.74577],[139.35721,34.74563],[139.35787,34.74512],[139.3583,34.74466],[139.35781,34.74485],[139.35749,34.74491],[139.35707,34.74478],[139.35651,34.74478],[139.35607,34.74453],[139.35524,34.74419],[139.35471,34.74463],[139.35448,34.7445],[139.3543,34.74447],[139.35418,34.7445],[139.35404,34.74441],[139.35395,34.74447],[139.35387,34.74447],[139.35385,34.74452],[139.35392,34.7446],[139.3538,34.74459],[139.35375,34.74463],[139.35386,34.74483],[139.35376,34.74504],[139.35341,34.7456],[139.35331,34.74597],[139.35308,34.74636],[139.35277,34.74675],[139.35277,34.74694],[139.352,34.74675],[139.35125,34.74719],[139.35133,34.74728],[139.35144,34.74722],[139.3514,34.74717],[139.35195,34.74687],[139.35266,34.74703],[139.35268,34.74707],[139.3526,34.74709],[139.35226,34.74738],[139.35216,34.74738],[139.35216,34.74744],[139.35234,34.74742],[139.35264,34.74716],[139.35283,34.7471],[139.35296,34.74738],[139.35306,34.74737],[139.35308,34.74745],[139.35292,34.74807],[139.35255,34.74801],[139.35247,34.7477],[139.3524,34.74771],[139.35252,34.74803],[139.35255,34.74804],[139.35253,34.7481],[139.35267,34.74812],[139.35269,34.74806],[139.3529,34.7481],[139.35278,34.74856],[139.35283,34.74884],[139.35292,34.74883],[139.35307,34.74962],[139.35295,34.74965],[139.35308,34.75009],[139.35315,34.75009],[139.35315,34.75016],[139.35357,34.75018]]]}},{"type":"Feature","properties":{"id":"area-13361001003","name":"元町三丁目"},"geometry":{"type":"Polygon","coordinates":[[[139.36098,34.74504],[139.36113,34.74502],[139.3614,34.7451],[139.36145,34.74488],[139.36141,34.74478],[139.36101,34.74457],[139.36072,34.7445],[139.36071,34.74446],[139.36041,34.74436],[139.3602,34.74435],[139.35995,34.7444],[139.35907,34.74443],[139.35855,34.74463],[139.3583,34.74466],[139.35787,34.74512],[139.35721,34.74563],[139.35707,34.74577],[139.35695,34.74599],[139.35689,34.74668],[139.35647,34.7476],[139.35648,34.74766],[139.35597,34.7499],[139.35648,34.74994],[139.35734,34.75008],[139.35778,34.7502],[139.35855,34.75016],[139.35881,34.7501],[139.35933,34.74993],[139.35994,34.74987],[139.36006,34.7492],[139.36017,34.74905],[139.36037,34.74893],[139.36044,34.74884],[139.36051,34.74867],[139.36044,34.74787],[139.36044,34.74732],[139.36039,34.7467],[139.36046,34.74587],[139.36058,34.74539],[139.36055,34.74524],[139.36098,34.74504]]]}},{"type":"Feature","properties":{"id":"area-13361001004","name":"元町四丁目"},"geometry":{"type":"Polygon","coordinates":[[[139.35901,34.75596],[139.35962,34.75593],[139.35971,34.75587],[139.36005,34.75586],[139.36021,34.75581],[139.36056,34.75472],[139.36049,34.75471],[139.36047,34.75467],[139.36023,34.75468],[139.36007,34.75463],[139.35971,34.75356],[139.35957,34.753],[139.35966,34.75284],[139.36007,34.75262],[139.35987,34.7525],[139.35972,34.75246],[139.35994,34.74987],[139.35933,34.74993],[139.35881,34.7501],[139.35855,34.75016],[139.35778,34.7502],[139.35734,34.75008],[139.35648,34.74994],[139.35597,34.7499],[139.35617,34.75217],[139.35601,34.75289],[139.35629,34.75423],[139.35678,34.75529],[139.35696,34.7556],[139.3574,34.75591],[139.35753,34.75607],[139.35763,34.75626],[139.35798,34.75625],[139.35901,34.75596]]]}},{"type":"Feature","properties":{"id":"area-13361001005","name":"元町字和泉"},"geometry":{"type":"Polygon","coordinates":[[[139.35462,34.77056],[139.35473,34.77036],[139.35472,34.77009],[139.35433,34.76962],[139.354,34.76945],[139.35354,34.76934],[139.35324,34.76913],[139.35322,34.76883],[139.35324,34.76845],[139.35446,34.76841],[139.3543,34.76812],[139.35299,34.76687],[139.35275,34.76626],[139.35261,34.76538],[139.35243,34.76484],[139.3522,34.76429],[139.34895,34.76459],[139.3488,34.76485],[139.34871,34.76516],[139.34876,34.76575],[139.34889,34.76608],[139.34904,34.76624],[139.34928,34.76638],[139.34945,34.76639],[139.34968,34.76633],[139.3497,34.7664],[139.34994,34.7665],[139.35008,34.76652],[139.35025,34.76661],[139.35035,34.76662],[139.35043,34.76666],[139.35077,34.76667],[139.351,34.76681],[139.35116,34.76698],[139.35125,34.76718],[139.35132,34.76721],[139.35119,34.76757],[139.35122,34.76765],[139.35118,34.76779],[139.35122,34.76804],[139.35116,34.76817],[139.35115,34.76826],[139.35119,34.76836],[139.35118,34.76842],[139.35128,34.76851],[139.35132,34.76867],[139.35138,34.76873],[139.35145,34.76891],[139.35162,34.76893],[139.35175,34.76897],[139.352,34.76886],[139.35206,34.76899],[139.35206,34.7692],[139.35195,34.76938],[139.35169,34.76947],[139.35161,34.76955],[139.35161,34.76965],[139.35157,34.7697],[139.35143,34.76969],[139.35129,34.76996],[139.35122,34.76998],[139.35116,34.77006],[139.35106,34.77007],[139.35106,34.77012],[139.35098,34.77013],[139.35104,34.77033],[139.351,34.7704],[139.35102,34.77051],[139.35114,34.77058],[139.35117,34.77073],[139.35122,34.7708],[139.35129,34.7708],[139.3513,34.77093],[139.35141,34.77094],[139.35141,34.77098],[139.35133,34.77103],[139.35141,34.77107],[139.35139,34.77112],[139.35141,34.77116],[139.3524,34.77127],[139.35275,34.77123],[139.3543,34.77091],[139.35462,34.77056]]]}},{"type":"Feature","properties":{"id":"area-13361001006","name":"元町字神明"},"geometry":{"type":"Polygon","coordinates":[[[139.35446,34.76841],[139.35324,34.76845],[139.35322,34.76883],[139.35324,34.76913],[139.35354,34.76934],[139.354,34.76945],[139.35433,34.76962],[139.35472,34.77009],[139.35468,34.76969],[139.35446,34.76841]]]}},{"type":"Feature","properties":{"id":"area-13361001007","name":"元町字新込"},"geometry":{"type":"Polygon","coordinates":[[[139.355,34.77061],[139.35544,34.77061],[139.35565,34.77058],[139.35607,34.77035],[139.35661,34.77029],[139.35683,34.77013],[139.35689,34.76999],[139.35691,34.76976],[139.35705,34.76931],[139.3572,34.76916],[139.35709,34.76849],[139.35666,34.76849],[139.3566,34.76845],[139.35581,34.76637],[139.35535,34.76535],[139.3544,34.76557],[139.35388,34.76581],[139.35299,34.76687],[139.3543,34.76812],[139.35446,34.76841],[139.35468,34.76969],[139.35472,34.77009],[139.35473,34.77036],[139.35462,34.77056],[139.355,34.77061]]]}},{"type":"Feature","properties":{"id":"area-13361001008","name":"元町字八重の水"},"geometry":{"type":"Polygon","coordinates":[[[139.36116,34.76765],[139.36122,34.76718],[139.36122,34.76684],[139.36119,34.7666],[139.36095,34.76602],[139.36074,34.76568],[139.36015,34.76326],[139.3595,34.76135],[139.35893,34.76156],[139.35868,34.76175],[139.35783,34.76204],[139.35697,34.7613],[139.35596,34.76174],[139.35527,34.75998],[139.35481,34.76018],[139.3545,34.76071],[139.35445,34.76093],[139.35434,34.76113],[139.35394,34.76131],[139.35296,34.762],[139.35307,34.76275],[139.35284,34.76324],[139.35322,34.76363],[139.35392,34.76449],[139.35441,34.76556],[139.35535,34.76535],[139.35581,34.76637],[139.3566,34.76845],[139.35666,34.76849],[139.35709,34.76849],[139.35768,34.76831],[139.36081,34.76784],[139.361,34.76776],[139.36116,34.76765]]]}},{"type":"Feature","properties":{"id":"area-13361001009","name":"元町字ホチマツ"},"geometry":{"type":"Polygon","coordinates":[[[139.36391,34.76428],[139.36515,34.76431],[139.36569,34.76423],[139.36606,34.76407],[139.36714,34.76375],[139.36767,34.76353],[139.36877,34.76417],[139.36906,34.76448],[139.36939,34.76459],[139.37087,34.76384],[139.37184,34.7631],[139.37291,34.76266],[139.37348,34.76227],[139.374,34.76176],[139.37473,34.76152],[139.37589,34.76021],[139.37425,34.76103],[139.37268,34.76146],[139.36989,34.7618],[139.36984,34.76166],[139.36948,34.7616],[139.36906,34.75922],[139.3686,34.75922],[139.36799,34.75957],[139.36762,34.7595],[139.36717,34.75961],[139.36696,34.75955],[139.36542,34.76012],[139.36578,34.7617],[139.36522,34.76136],[139.36465,34.76121],[139.36385,34.76079],[139.36341,34.7607],[139.36303,34.76077],[139.36355,34.76297],[139.36391,34.76428]]]}},{"type":"Feature","properties":{"id":"area-13361001010","name":"元町字小清水"},"geometry":{"type":"Polygon","coordinates":[[[139.37589,34.76021],[139.37546,34.75976],[139.37547,34.75917],[139.37531,34.75845],[139.37532,34.75726],[139.37542,34.75636],[139.37559,34.75622],[139.37545,34.75598],[139.37541,34.75549],[139.37545,34.75406],[139.37404,34.75438],[139.37312,34.75424],[139.37173,34.75398],[139.37149,34.75353],[139.3681,34.75275],[139.36738,34.75266],[139.3682,34.75525],[139.36812,34.75535],[139.36764,34.75532],[139.36734,34.75545],[139.36727,34.75639],[139.36734,34.75668],[139.36578,34.75664],[139.36539,34.75688],[139.365,34.75688],[139.36412,34.75655],[139.36335,34.75657],[139.36199,34.7567],[139.36121,34.75671],[139.36073,34.7568],[139.36061,34.75689],[139.35983,34.75697],[139.35939,34.75683],[139.35911,34.75697],[139.35816,34.75702],[139.35816,34.75776],[139.35879,34.75809],[139.35954,34.75835],[139.36019,34.75844],[139.36052,34.75852],[139.36103,34.76008],[139.3618,34.76005],[139.36209,34.76077],[139.36303,34.76077],[139.36341,34.7607],[139.36385,34.76079],[139.36465,34.76121],[139.36522,34.76136],[139.36578,34.7617],[139.36542,34.76012],[139.36696,34.75955],[139.36717,34.75961],[139.36762,34.7595],[139.36799,34.75957],[139.3686,34.75922],[139.36906,34.75922],[139.36948,34.7616],[139.36984,34.76166],[139.36989,34.7618],[139.37268,34.76146],[139.37425,34.76103],[139.37589,34.76021]]]}},{"type":"Feature","properties":{"id":"area-13361001011","name":"元町字大津"},"geometry":{"type":"Polygon","coordinates":[[[139.36412,34.75655],[139.36412,34.75628],[139.36387,34.75615],[139.36369,34.75597],[139.36365,34.75556],[139.36369,34.75543],[139.36365,34.75513],[139.36236,34.75534],[139.36213,34.75475],[139.36199,34.75453],[139.36056,34.75472],[139.36021,34.75581],[139.36015,34.75584],[139.35971,34.75587],[139.35955,34.75594],[139.35901,34.75596],[139.35858,34.75607],[139.35876,34.75697],[139.35911,34.75697],[139.35939,34.75683],[139.35983,34.75697],[139.36061,34.75689],[139.36073,34.7568],[139.36121,34.75671],[139.36199,34.7567],[139.36335,34.75657],[139.36412,34.75655]]]}},{"type":"Feature","properties":{"id":"area-13361001012","name":"元町字黒まま"},"geometry":{"type":"Polygon","coordinates":[[[139.36412,34.75655],[139.365,34.75688],[139.36539,34.75688],[139.36578,34.75664],[139.36734,34.75668],[139.36727,34.75639],[139.36734,34.75545],[139.36764,34.75532],[139.36812,34.75535],[139.3682,34.75525],[139.36738,34.75266],[139.36674,34.75258],[139.36432,34.75288],[139.36361,34.75305],[139.36287,34.75344],[139.36223,34.75334],[139.36173,34.75349],[139.3619,34.75378],[139.36187,34.75396],[139.36199,34.75453],[139.36213,34.75475],[139.36236,34.75534],[139.36365,34.75513],[139.36369,34.75543],[139.36365,34.75556],[139.36369,34.75597],[139.36387,34.75615],[139.36412,34.75628],[139.36412,34.75655]]]}},{"type":"Feature","properties":{"id":"area-13361001013","name":"元町字馬の背"},"geometry":{"type":"Polygon","coordinates":[[[139.36346,34.76261],[139.36303,34.76077],[139.36209,34.76077],[139.3618,34.76005],[139.36103,34.76008],[139.36052,34.75852],[139.36019,34.75844],[139.35954,34.75835],[139.35879,34.75809],[139.35816,34.75776],[139.35816,34.75702],[139.35876,34.75697],[139.35858,34.75607],[139.35801,34.75625],[139.35806,34.75642],[139.35765,34.75649],[139.35779,34.7569],[139.358,34.75718],[139.35806,34.75732],[139.35805,34.75743],[139.35692,34.75785],[139.35658,34.75803],[139.35699,34.75854],[139.35643,34.75905],[139.35585,34.75923],[139.3557,34.75955],[139.35555,34.75973],[139.35514,34.75967],[139.35596,34.76174],[139.35697,34.7613],[139.35783,34.76204],[139.35868,34.76175],[139.35893,34.76156],[139.3595,34.76135],[139.36015,34.76326],[139.36074,34.76568],[139.36125,34.76551],[139.36191,34.76519],[139.36227,34.76497],[139.36391,34.76428],[139.36346,34.76261]]]}},{"type":"Feature","properties":{"id":"area-13361001014","name":"元町字水溜"},"geometry":{"type":"Polygon","coordinates":[[[139.35441,34.76556],[139.35392,34.76449],[139.35322,34.76363],[139.35284,34.76324],[139.35307,34.76275],[139.35296,34.762],[139.35394,34.76131],[139.35333,34.76064],[139.35312,34.76017],[139.35273,34.76008],[139.35246,34.76005],[139.35054,34.75995],[139.35035,34.7633],[139.34918,34.76334],[139.34918,34.76338],[139.3491,34.76338],[139.34906,34.76344],[139.34916,34.76352],[139.34919,34.76367],[139.34909,34.76369],[139.34923,34.76374],[139.34914,34.76376],[139.34909,34.76393],[139.34912,34.76397],[139.34906,34.764],[139.34923,34.764],[139.34907,34.76409],[139.34906,34.76427],[139.34913,34.76429],[139.34908,34.76433],[139.34895,34.76459],[139.3522,34.76429],[139.35243,34.76484],[139.35261,34.76538],[139.35275,34.76626],[139.35299,34.76687],[139.35388,34.76581],[139.35441,34.76556]]]}},{"type":"Feature","properties":{"id":"area-13361001015","name":"元町字仲野"},"geometry":{"type":"Polygon","coordinates":[[[139.35035,34.7633],[139.35054,34.75995],[139.35246,34.76005],[139.35273,34.76008],[139.35312,34.76017],[139.35333,34.76064],[139.35394,34.76131],[139.35434,34.76113],[139.35445,34.76093],[139.3545,34.76071],[139.35481,34.76018],[139.35527,34.75998],[139.35514,34.75967],[139.35555,34.75973],[139.3557,34.75955],[139.35585,34.75923],[139.35643,34.75905],[139.35699,34.75854],[139.35658,34.75803],[139.35692,34.75785],[139.35675,34.7576],[139.35675,34.75731],[139.35613,34.75724],[139.35558,34.75702],[139.35508,34.75691],[139.35363,34.75602],[139.35341,34.75594],[139.35295,34.75592],[139.35278,34.75583],[139.35269,34.75529],[139.35255,34.75486],[139.35266,34.75478],[139.35278,34.75456],[139.35206,34.75428],[139.35166,34.75424],[139.35164,34.75435],[139.35152,34.75441],[139.35145,34.75465],[139.35153,34.75482],[139.35155,34.75496],[139.35129,34.75541],[139.351,34.75567],[139.35089,34.75572],[139.35077,34.75573],[139.35068,34.75569],[139.35022,34.75569],[139.35003,34.75564],[139.3499,34.75571],[139.34994,34.75579],[139.35006,34.75585],[139.35033,34.75583],[139.35069,34.75589],[139.35082,34.75609],[139.35084,34.75652],[139.3507,34.75676],[139.35059,34.75678],[139.35052,34.75693],[139.35053,34.75697],[139.35047,34.75699],[139.35044,34.75705],[139.35036,34.7571],[139.35024,34.75711],[139.35025,34.75726],[139.34973,34.75785],[139.34974,34.75791],[139.34965,34.75799],[139.34954,34.75818],[139.34955,34.7583],[139.34942,34.75838],[139.34938,34.75844],[139.34949,34.75849],[139.34936,34.75848],[139.34908,34.75901],[139.3491,34.75908],[139.34922,34.75919],[139.3492,34.75934],[139.34926,34.75939],[139.34923,34.75949],[139.34932,34.75966],[139.34933,34.75981],[139.34949,34.75986],[139.34947,34.76004],[139.34942,34.76011],[139.34947,34.76016],[139.34936,34.76031],[139.34927,34.76031],[139.34918,34.76062],[139.3491,34.76064],[139.34916,34.7607],[139.3492,34.76079],[139.34912,34.76093],[139.34913,34.76098],[139.34909,34.76103],[139.34909,34.76122],[139.34902,34.76132],[139.34905,34.76135],[139.34899,34.76146],[139.34897,34.76158],[139.34906,34.76179],[139.3492,34.76193],[139.34912,34.76193],[139.34909,34.76198],[139.34913,34.76204],[139.34899,34.76212],[139.34899,34.7622],[139.34887,34.76232],[139.34872,34.7624],[139.34879,34.76243],[139.34873,34.76248],[139.34876,34.76254],[139.34871,34.76262],[139.34888,34.76275],[139.34895,34.76293],[139.34897,34.76308],[139.34902,34.76313],[139.34902,34.76321],[139.34916,34.76324],[139.34918,34.76334],[139.35035,34.7633]]]}},{"type":"Feature","properties":{"id":"area-13361001016","name":"元町字オンダシ"},"geometry":{"type":"Polygon","coordinates":[[[139.35692,34.75785],[139.35805,34.75743],[139.35806,34.75732],[139.358,34.75718],[139.35779,34.7569],[139.35765,34.75649],[139.35806,34.75642],[139.35801,34.75625],[139.35745,34.75626],[139.35691,34.75611],[139.35675,34.75635],[139.35674,34.75756],[139.35692,34.75785]]]}},{"type":"Feature","properties":{"id":"area-13361001017","name":"元町字五輪"},"geometry":{"type":"Polygon","coordinates":[[[139.35675,34.75731],[139.35675,34.75635],[139.35691,34.75611],[139.35657,34.75599],[139.35617,34.75598],[139.35602,34.75592],[139.35594,34.75587],[139.35594,34.75564],[139.35592,34.75555],[139.35587,34.75549],[139.35558,34.75539],[139.35524,34.75509],[139.3547,34.75502],[139.3536,34.75458],[139.35278,34.75456],[139.35266,34.75478],[139.35305,34.75477],[139.35368,34.75497],[139.35393,34.75532],[139.35381,34.75612],[139.35508,34.75691],[139.35558,34.75702],[139.35613,34.75724],[139.35675,34.75731]]]}},{"type":"Feature","properties":{"id":"area-13361001018","name":"元町字金砂"},"geometry":{"type":"Polygon","coordinates":[[[139.35381,34.75612],[139.35393,34.75532],[139.35368,34.75497],[139.35305,34.75477],[139.35266,34.75478],[139.35255,34.75486],[139.35269,34.75529],[139.35278,34.75583],[139.35295,34.75592],[139.35341,34.75594],[139.35381,34.75612]]]}},{"type":"Feature","properties":{"id":"area-13361001019","name":"元町字出払"},"geometry":{"type":"Polygon","coordinates":[[[139.36199,34.75453],[139.36187,34.75396],[139.3619,34.75378],[139.36173,34.75349],[139.36223,34.75334],[139.36287,34.75344],[139.36361,34.75305],[139.36432,34.75288],[139.36674,34.75258],[139.36678,34.75111],[139.36605,34.75105],[139.36312,34.75117],[139.36169,34.75112],[139.36009,34.75096],[139.36011,34.75116],[139.36022,34.75135],[139.36016,34.75205],[139.36017,34.75243],[139.36007,34.75262],[139.35966,34.75284],[139.35957,34.753],[139.35971,34.75356],[139.36007,34.75463],[139.36023,34.75468],[139.36047,34.75467],[139.36049,34.75471],[139.36056,34.75472],[139.36199,34.75453]]]}},{"type":"Feature","properties":{"id":"area-13361001020","name":"元町字吉谷"},"geometry":{"type":"Polygon","coordinates":[[[139.36007,34.75262],[139.36017,34.75243],[139.36016,34.75205],[139.36022,34.75135],[139.36011,34.75116],[139.36009,34.75096],[139.35984,34.75091],[139.35972,34.75246],[139.35987,34.7525],[139.36007,34.75262]]]}},{"type":"Feature","properties":{"id":"area-13361001021","name":"元町字家の上"},"geometry":{"type":"Polygon","coordinates":[[[139.36819,34.75119],[139.36824,34.75106],[139.36832,34.75096],[139.3684,34.75058],[139.36828,34.75037],[139.36804,34.75018],[139.36786,34.74991],[139.36768,34.74971],[139.36749,34.74936],[139.36737,34.74891],[139.36721,34.74879],[139.36675,34.74866],[139.36621,34.74797],[139.36601,34.74789],[139.36573,34.74788],[139.36561,34.74782],[139.36548,34.74762],[139.36531,34.74772],[139.3645,34.74776],[139.36395,34.74771],[139.36351,34.74755],[139.36255,34.74749],[139.36264,34.74839],[139.36211,34.74849],[139.36163,34.74849],[139.36138,34.7484],[139.36048,34.74833],[139.36051,34.74867],[139.36044,34.74884],[139.36037,34.74893],[139.36017,34.74905],[139.36006,34.7492],[139.35995,34.74982],[139.35984,34.75091],[139.36009,34.75096],[139.36169,34.75112],[139.36312,34.75117],[139.36605,34.75105],[139.36678,34.75111],[139.36674,34.75258],[139.3681,34.75275],[139.36806,34.75249],[139.36817,34.75199],[139.36821,34.75149],[139.36819,34.75119]]]}},{"type":"Feature","properties":{"id":"area-13361001022","name":"元町字丸塚"},"geometry":{"type":"Polygon","coordinates":[[[139.36351,34.74755],[139.36339,34.74699],[139.36328,34.74679],[139.3631,34.74656],[139.36272,34.74621],[139.36241,34.74614],[139.36225,34.74603],[139.36211,34.74587],[139.36205,34.74572],[139.36188,34.74561],[139.36175,34.74521],[139.36113,34.74502],[139.36087,34.74507],[139.36055,34.74524],[139.36058,34.74539],[139.36042,34.74613],[139.36039,34.7467],[139.36042,34.74717],[139.36061,34.74717],[139.36091,34.74788],[139.36255,34.74749],[139.36351,34.74755]]]}},{"type":"Feature","properties":{"id":"area-13361001023","name":"元町字神達"},"geometry":{"type":"Polygon","coordinates":[[[139.36531,34.74772],[139.36613,34.74722],[139.36643,34.74695],[139.36746,34.7464],[139.36766,34.74609],[139.36829,34.7456],[139.36891,34.74538],[139.36921,34.74509],[139.36872,34.74368],[139.36862,34.74352],[139.3686,34.7433],[139.36806,34.74335],[139.36781,34.74344],[139.36773,34.74351],[139.367,34.74365],[139.36661,34.74364],[139.3661,34.74357],[139.36556,34.74338],[139.36519,34.74344],[139.36487,34.74341],[139.36473,34.74343],[139.36433,34.74363],[139.36412,34.74362],[139.36381,34.74378],[139.36367,34.74391],[139.36319,34.74396],[139.36268,34.7441],[139.36251,34.74422],[139.3624,34.74436],[139.3618,34.74464],[139.36141,34.74478],[139.36145,34.74488],[139.3614,34.7451],[139.36175,34.74521],[139.36188,34.74561],[139.36205,34.74572],[139.36211,34.74587],[139.36225,34.74603],[139.36241,34.74614],[139.36272,34.74621],[139.3631,34.74656],[139.36328,34.74679],[139.36339,34.74699],[139.36351,34.74755],[139.36395,34.74771],[139.3645,34.74776],[139.36531,34.74772]]]}},{"type":"Feature","properties":{"id":"area-13361001024","name":"元町字大金砂"},"geometry":{"type":"Polygon","coordinates":[[[139.36209,34.74849],[139.36264,34.74839],[139.36255,34.74749],[139.36091,34.74788],[139.36061,34.74717],[139.36042,34.74717],[139.36044,34.74787],[139.36048,34.74833],[139.36138,34.7484],[139.36163,34.74849],[139.36209,34.74849]]]}},{"type":"Feature","properties":{"id":"area-13361001025","name":"元町字神田屋敷"},"geometry":{"type":"Polygon","coordinates":[[[139.36071,34.74446],[139.36097,34.74441],[139.36106,34.74433],[139.36119,34.74413],[139.36135,34.74401],[139.36127,34.74396],[139.36121,34.74388],[139.36118,34.74372],[139.36138,34.74365],[139.3615,34.74352],[139.3614,34.7435],[139.36112,34.74325],[139.36099,34.74319],[139.36099,34.74315],[139.36078,34.74318],[139.36044,34.74328],[139.36009,34.74312],[139.35932,34.74309],[139.35753,34.74257],[139.35679,34.74228],[139.35643,34.74293],[139.35626,34.74317],[139.35524,34.74419],[139.35607,34.74453],[139.35651,34.74478],[139.35707,34.74478],[139.35749,34.74491],[139.35781,34.74485],[139.35828,34.74466],[139.35855,34.74463],[139.35907,34.74443],[139.35995,34.7444],[139.36031,34.74435],[139.36055,34.7444],[139.36071,34.74446]]]}},{"type":"Feature","properties":{"id":"area-13361001026","name":"元町字金つぼ"},"geometry":{"type":"Polygon","coordinates":[[[139.36099,34.74315],[139.36103,34.74294],[139.36091,34.74262],[139.3606,34.74244],[139.36045,34.74239],[139.36038,34.74224],[139.36017,34.74201],[139.36011,34.74159],[139.36016,34.74152],[139.36026,34.74147],[139.36032,34.74138],[139.36036,34.74119],[139.36023,34.74103],[139.3602,34.74092],[139.35952,34.74115],[139.35883,34.74132],[139.35799,34.74145],[139.35641,34.74156],[139.35661,34.74172],[139.35672,34.74174],[139.35686,34.74186],[139.35686,34.74204],[139.35679,34.74228],[139.35753,34.74257],[139.35932,34.74309],[139.36009,34.74312],[139.36044,34.74328],[139.36078,34.74318],[139.36099,34.74315]]]}},{"type":"Feature","properties":{"id":"area-13361001027","name":"元町字みたき堂"},"geometry":{"type":"Polygon","coordinates":[[[139.3681,34.75275],[139.37149,34.75353],[139.37173,34.75398],[139.37312,34.75424],[139.37404,34.75438],[139.37545,34.75406],[139.37537,34.75336],[139.37457,34.75232],[139.37389,34.75205],[139.37349,34.75146],[139.3736,34.7501],[139.37491,34.75022],[139.37586,34.75054],[139.37732,34.75019],[139.37745,34.75071],[139.378,34.75063],[139.3787,34.75115],[139.37865,34.75065],[139.37971,34.75057],[139.38003,34.7513],[139.38077,34.75079],[139.38122,34.75106],[139.38021,34.75199],[139.3794,34.75261],[139.37791,34.75308],[139.37723,34.75357],[139.37665,34.75382],[139.37687,34.75455],[139.37773,34.75391],[139.37762,34.7549],[139.3771,34.75503],[139.37694,34.75552],[139.37787,34.75592],[139.37872,34.75636],[139.3786,34.75586],[139.37933,34.75541],[139.37943,34.75504],[139.38014,34.75444],[139.38067,34.75444],[139.3812,34.7538],[139.3823,34.75457],[139.38263,34.75438],[139.38256,34.75386],[139.38344,34.753],[139.38397,34.75327],[139.38435,34.75354],[139.38404,34.75414],[139.38434,34.75453],[139.38474,34.75447],[139.3847,34.7541],[139.3858,34.75454],[139.386,34.75496],[139.38562,34.7556],[139.38556,34.75643],[139.38609,34.75622],[139.38681,34.75751],[139.38598,34.7585],[139.3869,34.75936],[139.38691,34.7588],[139.38736,34.75863],[139.38839,34.75926],[139.38833,34.75995],[139.38914,34.76011],[139.39,34.75929],[139.39055,34.75881],[139.39088,34.75858],[139.39188,34.75944],[139.3914,34.76021],[139.39231,34.76054],[139.39149,34.76166],[139.39112,34.76143],[139.39119,34.76205],[139.39184,34.76255],[139.39156,34.76276],[139.39091,34.76284],[139.39179,34.76363],[139.39148,34.76419],[139.39216,34.76461],[139.39145,34.76506],[139.39239,34.76571],[139.39395,34.76189],[139.39458,34.76097],[139.3947,34.76025],[139.39445,34.75954],[139.3949,34.75939],[139.39547,34.75768],[139.39586,34.75608],[139.39639,34.75423],[139.39646,34.75343],[139.39676,34.75165],[139.39636,34.75123],[139.39622,34.75097],[139.39594,34.7507],[139.39557,34.7502],[139.39529,34.74939],[139.39477,34.74885],[139.39406,34.74819],[139.39171,34.74705],[139.38923,34.74671],[139.38861,34.74651],[139.38746,34.74541],[139.38653,34.74467],[139.38602,34.74388],[139.38522,34.74218],[139.38488,34.74173],[139.38444,34.7415],[139.38388,34.74148],[139.38367,34.74132],[139.38355,34.74062],[139.38292,34.73878],[139.38213,34.73789],[139.38143,34.73739],[139.38115,34.73742],[139.38075,34.73739],[139.37993,34.73725],[139.37954,34.73726],[139.37898,34.73708],[139.37829,34.737],[139.37782,34.73702],[139.3768,34.73675],[139.37596,34.73696],[139.3751,34.73682],[139.37308,34.73674],[139.37248,34.73653],[139.37202,34.73619],[139.37148,34.73593],[139.37099,34.7359],[139.3707,34.73599],[139.37045,34.73596],[139.37016,34.73581],[139.37,34.73579],[139.36954,34.73549],[139.36904,34.73612],[139.36903,34.73621],[139.36878,34.73627],[139.36838,34.73617],[139.36827,34.73631],[139.36809,34.73642],[139.3684,34.73689],[139.36834,34.73694],[139.36827,34.73744],[139.36793,34.73756],[139.36771,34.73741],[139.3677,34.73724],[139.36763,34.73718],[139.36759,34.73703],[139.36729,34.737],[139.36605,34.73729],[139.36565,34.73704],[139.36519,34.73713],[139.36404,34.73674],[139.36388,34.73673],[139.363,34.73688],[139.36295,34.73677],[139.36257,34.73675],[139.36189,34.73702],[139.36129,34.73735],[139.36126,34.73771],[139.36115,34.73783],[139.36098,34.73789],[139.36058,34.73792],[139.36056,34.73797],[139.35982,34.73791],[139.35996,34.73809],[139.36002,34.73854],[139.36018,34.73871],[139.36033,34.7388],[139.3603,34.73892],[139.36032,34.73908],[139.36041,34.73935],[139.36026,34.73969],[139.36002,34.74049],[139.36017,34.7408],[139.36023,34.74103],[139.36036,34.74119],[139.36032,34.74138],[139.36026,34.74147],[139.36016,34.74152],[139.36011,34.74159],[139.36017,34.74201],[139.36038,34.74224],[139.36045,34.74239],[139.3606,34.74244],[139.36091,34.74262],[139.36103,34.74294],[139.36099,34.74319],[139.36112,34.74325],[139.3614,34.7435],[139.3615,34.74352],[139.36138,34.74365],[139.36118,34.74372],[139.36121,34.74388],[139.36127,34.74396],[139.36135,34.74401],[139.36119,34.74413],[139.36106,34.74433],[139.36097,34.74441],[139.36071,34.74446],[139.36072,34.7445],[139.36101,34.74457],[139.36141,34.74478],[139.3618,34.74464],[139.3624,34.74436],[139.36251,34.74422],[139.36268,34.7441],[139.36319,34.74396],[139.36367,34.74391],[139.36381,34.74378],[139.36412,34.74362],[139.36433,34.74363],[139.36473,34.74343],[139.36487,34.74341],[139.36519,34.74344],[139.36556,34.74338],[139.3661,34.74357],[139.36661,34.74364],[139.367,34.74365],[139.36773,34.74351],[139.36781,34.74344],[139.36806,34.74335],[139.3686,34.7433],[139.36862,34.74352],[139.36872,34.74368],[139.36921,34.74509],[139.36891,34.74538],[139.36829,34.7456],[139.36766,34.74609],[139.36746,34.7464],[139.36643,34.74695],[139.36613,34.74722],[139.36548,34.74762],[139.36561,34.74782],[139.36573,34.74788],[139.36601,34.74789],[139.36621,34.74797],[139.36675,34.74866],[139.36721,34.74879],[139.36737,34.74891],[139.36749,34.74936],[139.36768,34.74971],[139.36786,34.74991],[139.36804,34.75018],[139.36828,34.75037],[139.3684,34.75058],[139.36832,34.75096],[139.36824,34.75106],[139.36819,34.75119],[139.36821,34.75149],[139.36817,34.75199],[139.36806,34.75249],[139.3681,34.75275]]]}},{"type":"Feature","properties":{"id":"area-13361001028","name":"元町字大昇"},"geometry":{"type":"Polygon","coordinates":[[[139.3602,34.74092],[139.36017,34.7408],[139.36002,34.74049],[139.36026,34.73969],[139.36041,34.73935],[139.36032,34.73908],[139.3603,34.73892],[139.36033,34.7388],[139.36018,34.73871],[139.36002,34.73854],[139.35996,34.73809],[139.35982,34.73791],[139.35956,34.73791],[139.35924,34.7378],[139.35871,34.73789],[139.35881,34.73732],[139.35859,34.73738],[139.35832,34.73732],[139.35808,34.73722],[139.35781,34.73732],[139.35737,34.73755],[139.3572,34.73771],[139.35697,34.73775],[139.35682,34.73784],[139.35653,34.73779],[139.35651,34.73789],[139.35657,34.73814],[139.35652,34.73822],[139.3566,34.73836],[139.35658,34.73851],[139.35652,34.73858],[139.35663,34.7386],[139.35673,34.73887],[139.35672,34.73902],[139.35662,34.73907],[139.35661,34.73911],[139.35674,34.73916],[139.35666,34.73929],[139.35649,34.73931],[139.35634,34.73943],[139.35631,34.73967],[139.35609,34.73979],[139.35607,34.73986],[139.35608,34.73997],[139.35621,34.74013],[139.35612,34.74042],[139.35612,34.74053],[139.35628,34.74089],[139.35649,34.74111],[139.35637,34.74142],[139.35641,34.74156],[139.35799,34.74145],[139.35883,34.74132],[139.35952,34.74115],[139.3602,34.74092]]]}},{"type":"Feature","properties":{"id":"area-13361001029","name":"元町字木橋の尾"},"geometry":{"type":"Polygon","coordinates":[[[139.36257,34.73675],[139.36295,34.73677],[139.363,34.73688],[139.36388,34.73673],[139.36404,34.73674],[139.36519,34.73713],[139.36565,34.73704],[139.36605,34.73729],[139.36729,34.737],[139.36759,34.73703],[139.36763,34.73718],[139.3677,34.73724],[139.36771,34.73741],[139.36793,34.73756],[139.36827,34.73744],[139.36834,34.73694],[139.3684,34.73689],[139.36809,34.73642],[139.36827,34.73631],[139.36838,34.73617],[139.36878,34.73627],[139.36903,34.73621],[139.36904,34.73612],[139.36955,34.73548],[139.36931,34.73551],[139.36874,34.73529],[139.36851,34.73505],[139.36797,34.73472],[139.3678,34.73464],[139.36729,34.73449],[139.36676,34.73458],[139.3666,34.7345],[139.36634,34.73451],[139.36591,34.73474],[139.36566,34.73472],[139.36546,34.73475],[139.36517,34.7349],[139.36481,34.73501],[139.36462,34.73514],[139.36441,34.73521],[139.36374,34.73488],[139.36328,34.73491],[139.36279,34.73471],[139.36242,34.73471],[139.36228,34.73466],[139.3617,34.73457],[139.36119,34.73466],[139.36075,34.73501],[139.3603,34.73522],[139.35983,34.73533],[139.35928,34.73504],[139.35888,34.73489],[139.3583,34.73486],[139.35802,34.73491],[139.35802,34.73513],[139.35769,34.73553],[139.3577,34.73574],[139.35781,34.73582],[139.35843,34.73608],[139.35873,34.73596],[139.35892,34.73596],[139.35908,34.73571],[139.35915,34.73569],[139.35934,34.73608],[139.35949,34.73649],[139.35976,34.73641],[139.35963,34.73592],[139.35984,34.73597],[139.35994,34.73608],[139.36006,34.73608],[139.3602,34.73621],[139.36027,34.73622],[139.36071,34.73616],[139.36075,34.73619],[139.36075,34.7363],[139.3606,34.73655],[139.36063,34.73662],[139.3608,34.73656],[139.36146,34.7367],[139.36187,34.73665],[139.36207,34.73633],[139.36241,34.73625],[139.36247,34.73631],[139.3625,34.73655],[139.36257,34.73675]]]}},{"type":"Feature","properties":{"id":"area-13361001030","name":"元町字橋の沢"},"geometry":{"type":"Polygon","coordinates":[[[139.35956,34.73791],[139.36056,34.73797],[139.36058,34.73792],[139.36098,34.73789],[139.36115,34.73783],[139.36126,34.73771],[139.36129,34.73735],[139.36189,34.73702],[139.36257,34.73675],[139.3625,34.73655],[139.36247,34.73631],[139.36241,34.73625],[139.36207,34.73633],[139.36187,34.73665],[139.36146,34.7367],[139.3608,34.73656],[139.36063,34.73662],[139.3606,34.73655],[139.36075,34.7363],[139.36075,34.73619],[139.36071,34.73616],[139.36027,34.73622],[139.3602,34.73621],[139.36006,34.73608],[139.35994,34.73608],[139.35984,34.73597],[139.35963,34.73592],[139.35976,34.73641],[139.35949,34.73649],[139.35934,34.73608],[139.35915,34.73569],[139.35908,34.73571],[139.35892,34.73596],[139.35873,34.73596],[139.35849,34.73608],[139.35837,34.73608],[139.3581,34.73637],[139.35854,34.73696],[139.35879,34.73722],[139.35881,34.73744],[139.35871,34.73789],[139.35924,34.7378],[139.35956,34.73791]]]}},{"type":"Feature","properties":{"id":"area-13361002001","name":"元町字北の山"},"geometry":{"type":"Polygon","coordinates":[[[139.36188,34.78846],[139.36244,34.78835],[139.36264,34.78839],[139.36302,34.78835],[139.36325,34.7884],[139.36349,34.78837],[139.36583,34.7877],[139.36602,34.78766],[139.36643,34.78773],[139.36659,34.78763],[139.36668,34.78677],[139.36704,34.78621],[139.3677,34.78599],[139.36844,34.78586],[139.37121,34.78629],[139.37263,34.7855],[139.37289,34.78542],[139.37309,34.78441],[139.37427,34.78309],[139.37443,34.78217],[139.37494,34.78155],[139.37547,34.78147],[139.37692,34.78057],[139.37788,34.77965],[139.37778,34.77908],[139.37808,34.77794],[139.3805,34.77565],[139.37919,34.77416],[139.379,34.77396],[139.3783,34.77341],[139.37803,34.77315],[139.37751,34.77283],[139.37629,34.77229],[139.37596,34.77202],[139.37587,34.77225],[139.37565,34.77245],[139.375,34.77272],[139.37459,34.77276],[139.37417,34.77303],[139.37392,34.77306],[139.37373,34.77317],[139.37363,34.7733],[139.37305,34.7736],[139.37251,34.77395],[139.37229,34.77398],[139.37215,34.77388],[139.37153,34.77414],[139.37127,34.77446],[139.37123,34.7747],[139.37115,34.77481],[139.3709,34.77502],[139.37087,34.77508],[139.37071,34.7758],[139.37066,34.77596],[139.37051,34.7762],[139.37032,34.77639],[139.36985,34.77662],[139.36971,34.7768],[139.36939,34.77702],[139.36908,34.77733],[139.36835,34.77792],[139.3679,34.77799],[139.36692,34.77829],[139.36649,34.77822],[139.36609,34.77824],[139.36583,34.77833],[139.36551,34.7785],[139.36545,34.77846],[139.36515,34.77868],[139.36461,34.77898],[139.3643,34.77905],[139.36287,34.77907],[139.36272,34.77901],[139.36226,34.77866],[139.36163,34.77865],[139.36098,34.77893],[139.36122,34.77939],[139.35945,34.77991],[139.35921,34.77992],[139.358,34.78059],[139.35767,34.78074],[139.35735,34.78087],[139.35705,34.78093],[139.35642,34.78114],[139.35689,34.78166],[139.35733,34.7826],[139.35798,34.78332],[139.35946,34.78454],[139.36029,34.78513],[139.3615,34.78774],[139.36188,34.78846]]]}},{"type":"Feature","properties":{"id":"area-13361002002","name":"元町字野地"},"geometry":{"type":"Polygon","coordinates":[[[139.3536,34.7888],[139.35368,34.7888],[139.3537,34.78886],[139.35378,34.78889],[139.35379,34.78895],[139.35365,34.78904],[139.35365,34.78914],[139.35357,34.78917],[139.35356,34.78921],[139.35365,34.78927],[139.35361,34.78933],[139.35379,34.78932],[139.35384,34.78934],[139.35387,34.78941],[139.35391,34.78942],[139.35385,34.78949],[139.35388,34.78956],[139.35397,34.78952],[139.35402,34.78956],[139.35403,34.78963],[139.35397,34.78969],[139.35404,34.78976],[139.35417,34.7898],[139.35417,34.78985],[139.35402,34.78992],[139.35405,34.78995],[139.35413,34.78996],[139.35411,34.78999],[139.35415,34.79005],[139.35426,34.79006],[139.35421,34.7901],[139.3543,34.79022],[139.35427,34.79031],[139.35427,34.79042],[139.35435,34.79044],[139.35438,34.79036],[139.35443,34.79036],[139.35442,34.79029],[139.35454,34.79029],[139.35452,34.79027],[139.35459,34.79029],[139.35462,34.79024],[139.35471,34.7903],[139.35472,34.79036],[139.35489,34.79038],[139.35483,34.79043],[139.35486,34.79052],[139.35496,34.7905],[139.355,34.79052],[139.355,34.79061],[139.35496,34.79068],[139.35498,34.79073],[139.35503,34.79076],[139.35513,34.79073],[139.35537,34.79088],[139.35534,34.79092],[139.35536,34.79095],[139.35546,34.79097],[139.35555,34.79106],[139.35642,34.79051],[139.35666,34.7903],[139.35707,34.79009],[139.35732,34.79005],[139.3582,34.79015],[139.35898,34.79002],[139.35927,34.7899],[139.35948,34.78989],[139.35972,34.78983],[139.36007,34.78963],[139.36061,34.78911],[139.36087,34.78894],[139.36116,34.78876],[139.36188,34.78846],[139.3615,34.78774],[139.36029,34.78513],[139.35946,34.78454],[139.35798,34.78332],[139.35733,34.7826],[139.35689,34.78166],[139.35642,34.78114],[139.35561,34.78142],[139.35488,34.78172],[139.35353,34.78195],[139.35272,34.78219],[139.3524,34.78233],[139.35198,34.78279],[139.3513,34.78338],[139.35103,34.78349],[139.35022,34.7836],[139.35022,34.78364],[139.35046,34.78382],[139.35043,34.78385],[139.35045,34.78388],[139.35057,34.7839],[139.35069,34.78387],[139.35072,34.78394],[139.35066,34.78399],[139.35066,34.78401],[139.35083,34.78405],[139.35085,34.78409],[139.35094,34.78406],[139.35093,34.78413],[139.35104,34.78411],[139.35112,34.78414],[139.35124,34.78428],[139.35128,34.78427],[139.35126,34.78418],[139.35132,34.78419],[139.35131,34.78411],[139.35133,34.7841],[139.35143,34.78413],[139.35163,34.78414],[139.35167,34.7842],[139.35192,34.78435],[139.35198,34.7843],[139.35193,34.78415],[139.35199,34.78413],[139.3522,34.78417],[139.35213,34.78428],[139.35215,34.78433],[139.35222,34.7843],[139.35223,34.78425],[139.35234,34.78427],[139.35262,34.78452],[139.35274,34.78475],[139.35264,34.78482],[139.3527,34.78492],[139.35263,34.78509],[139.35267,34.78514],[139.35259,34.78517],[139.35261,34.78527],[139.35254,34.78533],[139.35263,34.78537],[139.3527,34.78536],[139.35277,34.78547],[139.35277,34.78557],[139.3528,34.78567],[139.35291,34.78575],[139.35302,34.78576],[139.35305,34.78572],[139.3531,34.78575],[139.35319,34.78594],[139.3532,34.78611],[139.35317,34.78616],[139.35323,34.78632],[139.35323,34.78646],[139.35305,34.78659],[139.35298,34.78657],[139.35288,34.78663],[139.35293,34.78676],[139.3529,34.78678],[139.3529,34.78681],[139.35299,34.78688],[139.35305,34.78686],[139.35306,34.78688],[139.35299,34.78694],[139.35302,34.78702],[139.35299,34.78709],[139.35315,34.78713],[139.35319,34.7872],[139.35304,34.78718],[139.35297,34.78713],[139.35296,34.78716],[139.35311,34.7873],[139.35328,34.78733],[139.35335,34.78737],[139.35336,34.7874],[139.35328,34.78737],[139.35324,34.78744],[139.3532,34.78739],[139.35307,34.78734],[139.35296,34.78736],[139.35294,34.7874],[139.353,34.78751],[139.3532,34.78751],[139.35334,34.7876],[139.35319,34.78762],[139.35315,34.78766],[139.3532,34.78771],[139.35336,34.78775],[139.35321,34.78776],[139.35331,34.78785],[139.35353,34.78781],[139.35337,34.78791],[139.35342,34.78796],[139.35348,34.78796],[139.35348,34.78805],[139.35351,34.78808],[139.35362,34.78809],[139.35366,34.78813],[139.35343,34.7882],[139.35344,34.78824],[139.3536,34.78835],[139.35357,34.78837],[139.35361,34.78842],[139.35357,34.78845],[139.35354,34.78851],[139.35362,34.78865],[139.35357,34.78871],[139.35362,34.78874],[139.3536,34.7888]]]}},{"type":"Feature","properties":{"id":"area-13361002003","name":"元町字風待"},"geometry":{"type":"Polygon","coordinates":[[[139.36509,34.77871],[139.36545,34.77846],[139.36551,34.7785],[139.36583,34.77833],[139.36609,34.77824],[139.36649,34.77822],[139.36692,34.77829],[139.3679,34.77799],[139.36835,34.77792],[139.36908,34.77733],[139.36939,34.77702],[139.36971,34.7768],[139.36985,34.77662],[139.37032,34.77639],[139.37051,34.7762],[139.37066,34.77596],[139.37071,34.7758],[139.37087,34.77508],[139.3709,34.77502],[139.37115,34.77481],[139.37123,34.7747],[139.37127,34.77446],[139.37153,34.77414],[139.37215,34.77388],[139.37229,34.77398],[139.37251,34.77395],[139.37305,34.7736],[139.37238,34.77282],[139.37212,34.77247],[139.37169,34.77199],[139.37199,34.77198],[139.37224,34.77211],[139.37263,34.77216],[139.37285,34.77216],[139.37311,34.7721],[139.37332,34.77201],[139.37322,34.77178],[139.37306,34.77121],[139.37295,34.77092],[139.37279,34.77023],[139.3728,34.76982],[139.37274,34.76956],[139.37266,34.76764],[139.37257,34.76747],[139.37252,34.76724],[139.37223,34.76649],[139.37205,34.76641],[139.37156,34.76688],[139.37136,34.76715],[139.37119,34.76727],[139.3709,34.76757],[139.37094,34.76775],[139.3708,34.76802],[139.37049,34.76828],[139.37023,34.76869],[139.36992,34.7687],[139.36939,34.76932],[139.36943,34.77013],[139.36953,34.77062],[139.3698,34.77101],[139.3699,34.77121],[139.36998,34.77155],[139.37,34.7718],[139.36982,34.77191],[139.36961,34.77224],[139.36935,34.77222],[139.36905,34.77211],[139.36876,34.77226],[139.36836,34.7722],[139.36815,34.77222],[139.36731,34.77268],[139.36703,34.77296],[139.36684,34.77296],[139.36683,34.77306],[139.36647,34.77335],[139.36632,34.77343],[139.36567,34.77356],[139.36559,34.77356],[139.36553,34.77347],[139.36519,34.7738],[139.36496,34.77396],[139.36488,34.77406],[139.36462,34.77422],[139.36444,34.77467],[139.36366,34.77529],[139.36317,34.77529],[139.36208,34.77539],[139.36162,34.77531],[139.36115,34.77536],[139.36057,34.77532],[139.36082,34.77564],[139.36109,34.77591],[139.36177,34.77678],[139.36188,34.77696],[139.36226,34.77866],[139.36255,34.77889],[139.36287,34.77907],[139.3643,34.77905],[139.36461,34.77898],[139.36509,34.77871]]]}},{"type":"Feature","properties":{"id":"area-13361002004","name":"元町字アイノウ"},"geometry":{"type":"Polygon","coordinates":[[[139.36939,34.76932],[139.36927,34.76945],[139.36915,34.76966],[139.36911,34.76987],[139.36928,34.77042],[139.36916,34.77066],[139.36871,34.77115],[139.36849,34.77125],[139.36811,34.77132],[139.36771,34.77147],[139.36741,34.77162],[139.36719,34.7719],[139.36684,34.77296],[139.36703,34.77296],[139.36731,34.77268],[139.36815,34.77222],[139.36836,34.7722],[139.36876,34.77226],[139.36905,34.77211],[139.36935,34.77222],[139.36961,34.77224],[139.36982,34.77191],[139.37,34.7718],[139.36998,34.77155],[139.3699,34.77121],[139.3698,34.77101],[139.36953,34.77062],[139.36943,34.77013],[139.36939,34.76932]]]}},{"type":"Feature","properties":{"id":"area-13361002005","name":"元町字仲中"},"geometry":{"type":"Polygon","coordinates":[[[139.37596,34.77202],[139.37645,34.77172],[139.3765,34.77134],[139.37674,34.77091],[139.37726,34.77039],[139.3775,34.76968],[139.37803,34.76929],[139.37842,34.76888],[139.37748,34.76779],[139.37641,34.76843],[139.3761,34.76883],[139.37572,34.76954],[139.37576,34.7697],[139.37561,34.77013],[139.37512,34.77032],[139.37485,34.77072],[139.37393,34.77158],[139.37332,34.77201],[139.37311,34.7721],[139.37285,34.77216],[139.37224,34.77211],[139.37199,34.77198],[139.37169,34.77199],[139.37212,34.77247],[139.37238,34.77282],[139.37305,34.7736],[139.37363,34.7733],[139.37373,34.77317],[139.37392,34.77306],[139.37417,34.77303],[139.37459,34.77276],[139.375,34.77272],[139.37565,34.77245],[139.37587,34.77225],[139.37596,34.77202]]]}},{"type":"Feature","properties":{"id":"area-13361002006","name":"元町字上山"},"geometry":{"type":"Polygon","coordinates":[[[139.3805,34.77565],[139.38363,34.77543],[139.38442,34.77576],[139.39172,34.76734],[139.39239,34.76571],[139.39145,34.76506],[139.39216,34.76461],[139.39148,34.76419],[139.39179,34.76363],[139.39091,34.76284],[139.39156,34.76276],[139.39184,34.76255],[139.39119,34.76205],[139.39112,34.76143],[139.39149,34.76166],[139.39231,34.76054],[139.3914,34.76021],[139.39188,34.75944],[139.39088,34.75858],[139.39055,34.75881],[139.39,34.75929],[139.38914,34.76011],[139.38833,34.75995],[139.38839,34.75926],[139.38736,34.75863],[139.38691,34.7588],[139.3869,34.75936],[139.38598,34.7585],[139.38681,34.75751],[139.38609,34.75622],[139.38556,34.75643],[139.38562,34.7556],[139.386,34.75496],[139.3858,34.75454],[139.3847,34.7541],[139.38474,34.75447],[139.38434,34.75453],[139.38404,34.75414],[139.38435,34.75354],[139.38397,34.75327],[139.38344,34.753],[139.38256,34.75386],[139.38263,34.75438],[139.3823,34.75457],[139.3812,34.7538],[139.38067,34.75444],[139.38014,34.75444],[139.37943,34.75504],[139.37933,34.75541],[139.3786,34.75586],[139.37872,34.75636],[139.37787,34.75592],[139.37694,34.75552],[139.3771,34.75503],[139.37762,34.7549],[139.37773,34.75391],[139.37687,34.75455],[139.37665,34.75382],[139.37723,34.75357],[139.37791,34.75308],[139.3794,34.75261],[139.38021,34.75199],[139.38122,34.75106],[139.38077,34.75079],[139.38003,34.7513],[139.37971,34.75057],[139.37865,34.75065],[139.3787,34.75115],[139.378,34.75063],[139.37745,34.75071],[139.37732,34.75019],[139.37586,34.75054],[139.37491,34.75022],[139.3736,34.7501],[139.37349,34.75146],[139.37389,34.75205],[139.37457,34.75232],[139.37537,34.75336],[139.37545,34.75406],[139.37541,34.75549],[139.37545,34.75598],[139.37559,34.75622],[139.37542,34.75636],[139.37532,34.75726],[139.37531,34.75845],[139.37666,34.7588],[139.3798,34.76171],[139.37752,34.76254],[139.37667,34.76275],[139.37731,34.76526],[139.37672,34.76723],[139.37748,34.76779],[139.37842,34.76888],[139.37803,34.76929],[139.3775,34.76968],[139.37726,34.77039],[139.37674,34.77091],[139.3765,34.77134],[139.37645,34.77172],[139.37596,34.77202],[139.37629,34.77229],[139.37751,34.77283],[139.37803,34.77315],[139.3783,34.77341],[139.379,34.77396],[139.37919,34.77416],[139.3805,34.77565]]]}},{"type":"Feature","properties":{"id":"area-13361002007","name":"元町字佐吾エ門野地"},"geometry":{"type":"Polygon","coordinates":[[[139.36163,34.77865],[139.36226,34.77866],[139.36193,34.77715],[139.36188,34.77696],[139.36177,34.77678],[139.36109,34.77591],[139.36064,34.77544],[139.35969,34.77586],[139.36002,34.77649],[139.36021,34.777],[139.36064,34.77784],[139.36111,34.77887],[139.36163,34.77865]]]}},{"type":"Feature","properties":{"id":"area-13361002008","name":"元町字水汲沢"},"geometry":{"type":"Polygon","coordinates":[[[139.36122,34.77939],[139.36098,34.77893],[139.36111,34.77887],[139.36064,34.77784],[139.36021,34.777],[139.36002,34.77649],[139.35969,34.77586],[139.35939,34.77596],[139.35832,34.77644],[139.35783,34.7767],[139.35758,34.77687],[139.35689,34.77716],[139.35834,34.78041],[139.35921,34.77992],[139.35945,34.77991],[139.36122,34.77939]]]}},{"type":"Feature","properties":{"id":"area-13361002009","name":"元町字北野"},"geometry":{"type":"Polygon","coordinates":[[[139.35561,34.78142],[139.35705,34.78093],[139.35735,34.78087],[139.358,34.78059],[139.35834,34.78041],[139.35689,34.77716],[139.35559,34.77767],[139.35505,34.77797],[139.35375,34.77862],[139.35262,34.77907],[139.35228,34.77911],[139.35199,34.77906],[139.35143,34.77923],[139.35086,34.7793],[139.34964,34.7793],[139.34983,34.77941],[139.34986,34.77949],[139.34982,34.77957],[139.34988,34.77963],[139.34991,34.77977],[139.34988,34.78009],[139.34979,34.78041],[139.34984,34.78082],[139.3498,34.78083],[139.34976,34.78094],[139.34977,34.78127],[139.34987,34.78133],[139.3499,34.78159],[139.34988,34.78177],[139.34973,34.78201],[139.34977,34.78212],[139.34963,34.78219],[139.34964,34.78227],[139.3497,34.78236],[139.34962,34.78243],[139.34963,34.78246],[139.34955,34.78255],[139.34961,34.78259],[139.34959,34.78263],[139.34966,34.78271],[139.34966,34.78284],[139.34969,34.78288],[139.3498,34.7829],[139.35002,34.78306],[139.35006,34.78314],[139.35002,34.78324],[139.35005,34.78336],[139.35009,34.78341],[139.35017,34.7834],[139.35022,34.78346],[139.35018,34.7836],[139.35103,34.78349],[139.3513,34.78338],[139.35198,34.78279],[139.3524,34.78233],[139.35272,34.78219],[139.35353,34.78195],[139.35488,34.78172],[139.35561,34.78142]]]}},{"type":"Feature","properties":{"id":"area-13361002010","name":"元町字赤禿"},"geometry":{"type":"Polygon","coordinates":[[[139.35143,34.77923],[139.35199,34.77906],[139.35228,34.77911],[139.35262,34.77907],[139.35375,34.77862],[139.35505,34.77797],[139.35559,34.77767],[139.35729,34.77701],[139.35758,34.77687],[139.35783,34.7767],[139.35867,34.7763],[139.35733,34.7733],[139.35668,34.77349],[139.3567,34.77327],[139.35683,34.77314],[139.35891,34.77275],[139.35835,34.77214],[139.35811,34.77175],[139.35801,34.7715],[139.3576,34.77112],[139.35752,34.77112],[139.35613,34.77168],[139.3558,34.77178],[139.35523,34.77185],[139.355,34.77095],[139.35497,34.77075],[139.355,34.77061],[139.35462,34.77056],[139.3543,34.77091],[139.35275,34.77123],[139.3524,34.77127],[139.35141,34.77116],[139.35154,34.77119],[139.35156,34.77125],[139.35153,34.77125],[139.35153,34.77128],[139.35161,34.77132],[139.35163,34.77137],[139.35155,34.7717],[139.35143,34.77189],[139.35134,34.77187],[139.35127,34.77199],[139.35117,34.77199],[139.35104,34.77217],[139.35098,34.77244],[139.35082,34.77262],[139.3507,34.77263],[139.35073,34.7727],[139.35064,34.77279],[139.35068,34.77285],[139.3506,34.77299],[139.35049,34.77302],[139.35044,34.77299],[139.35038,34.773],[139.35036,34.77306],[139.35024,34.77315],[139.35027,34.77319],[139.35042,34.77327],[139.35034,34.77341],[139.35021,34.77343],[139.35017,34.77348],[139.35019,34.7736],[139.35009,34.77359],[139.35008,34.77363],[139.35001,34.77365],[139.34996,34.77375],[139.34995,34.77384],[139.35007,34.77404],[139.35007,34.77411],[139.35002,34.77412],[139.34977,34.77406],[139.34971,34.7742],[139.34963,34.77425],[139.34949,34.77426],[139.3495,34.77431],[139.34954,34.77432],[139.3495,34.77438],[139.3496,34.77441],[139.34964,34.77448],[139.34948,34.77456],[139.34946,34.77463],[139.34954,34.77471],[139.34954,34.77476],[139.34937,34.77497],[139.34936,34.77514],[139.34972,34.77517],[139.34997,34.77538],[139.34994,34.77547],[139.35003,34.77552],[139.35004,34.7757],[139.34997,34.77581],[139.34987,34.77591],[139.34985,34.77611],[139.34981,34.7762],[139.34976,34.77645],[139.34966,34.77678],[139.34949,34.77716],[139.3495,34.77724],[139.34943,34.77729],[139.34943,34.77738],[139.34935,34.77744],[139.34936,34.77752],[139.3493,34.77755],[139.34932,34.77775],[139.34928,34.77784],[139.34933,34.77794],[139.34932,34.77802],[139.34938,34.77809],[139.34938,34.77821],[139.3492,34.77839],[139.34922,34.77851],[139.34914,34.77854],[139.34919,34.77861],[139.34929,34.77864],[139.34935,34.77872],[139.34956,34.77868],[139.34954,34.77872],[139.34958,34.77876],[139.34977,34.77878],[139.34981,34.77893],[139.34973,34.77899],[139.34976,34.77907],[139.34974,34.77914],[139.34978,34.77918],[139.34975,34.77923],[139.34966,34.77929],[139.35086,34.7793],[139.35143,34.77923]]]}},{"type":"Feature","properties":{"id":"area-13361002011","name":"元町字地の岡"},"geometry":{"type":"Polygon","coordinates":[[[139.36064,34.77544],[139.36057,34.77532],[139.36115,34.77536],[139.36162,34.77531],[139.36208,34.77539],[139.36317,34.77529],[139.36366,34.77529],[139.36444,34.77467],[139.36462,34.77422],[139.36488,34.77406],[139.36496,34.77396],[139.36519,34.7738],[139.36553,34.77347],[139.36559,34.77356],[139.36567,34.77356],[139.36632,34.77343],[139.36647,34.77335],[139.36683,34.77306],[139.36719,34.7719],[139.36741,34.77162],[139.36771,34.77147],[139.36811,34.77132],[139.36849,34.77125],[139.36871,34.77115],[139.36916,34.77066],[139.36928,34.77042],[139.36911,34.76987],[139.36915,34.76966],[139.36927,34.76945],[139.36939,34.76932],[139.36915,34.769],[139.36814,34.76845],[139.36775,34.76821],[139.36738,34.76823],[139.36706,34.76811],[139.36674,34.76814],[139.36541,34.76848],[139.36526,34.76847],[139.36514,34.7684],[139.3638,34.76888],[139.36292,34.76945],[139.36282,34.76962],[139.36273,34.76969],[139.36264,34.76968],[139.36249,34.76961],[139.36204,34.76927],[139.36184,34.76897],[139.36171,34.76863],[139.36158,34.76807],[139.3615,34.76795],[139.36117,34.76765],[139.361,34.76776],[139.36081,34.76784],[139.35768,34.76831],[139.35709,34.76849],[139.3572,34.76916],[139.35705,34.76931],[139.35691,34.76976],[139.35689,34.76999],[139.35683,34.77013],[139.35661,34.77029],[139.35607,34.77035],[139.35565,34.77058],[139.35544,34.77061],[139.355,34.77061],[139.35497,34.77075],[139.355,34.77095],[139.35523,34.77185],[139.3558,34.77178],[139.35613,34.77168],[139.35752,34.77112],[139.3576,34.77112],[139.35801,34.7715],[139.35811,34.77175],[139.35835,34.77214],[139.35891,34.77275],[139.35683,34.77314],[139.3567,34.77327],[139.35668,34.77349],[139.35733,34.7733],[139.35867,34.7763],[139.35913,34.77607],[139.36064,34.77544]]]}},{"type":"Feature","properties":{"id":"area-13361002012","name":"元町字津倍付"},"geometry":{"type":"Polygon","coordinates":[[[139.36939,34.76932],[139.36992,34.7687],[139.37023,34.76869],[139.37049,34.76828],[139.3708,34.76802],[139.37094,34.76775],[139.3709,34.76757],[139.37119,34.76727],[139.37136,34.76715],[139.37156,34.76688],[139.37205,34.76641],[139.37223,34.76649],[139.37252,34.76724],[139.37257,34.76747],[139.37266,34.76764],[139.37274,34.76956],[139.3728,34.76982],[139.37279,34.77023],[139.37295,34.77092],[139.37306,34.77121],[139.37322,34.77178],[139.37332,34.77201],[139.37393,34.77158],[139.37485,34.77072],[139.37512,34.77032],[139.37561,34.77013],[139.37576,34.7697],[139.37572,34.76954],[139.3761,34.76883],[139.37641,34.76843],[139.37748,34.76779],[139.37672,34.76723],[139.37731,34.76526],[139.37667,34.76275],[139.37752,34.76254],[139.3798,34.76171],[139.37666,34.7588],[139.37531,34.75845],[139.37547,34.75917],[139.37546,34.75976],[139.37589,34.76021],[139.37473,34.76152],[139.374,34.76176],[139.37348,34.76227],[139.37291,34.76266],[139.37184,34.7631],[139.37087,34.76384],[139.36939,34.76459],[139.36906,34.76448],[139.36877,34.76417],[139.36767,34.76353],[139.36714,34.76375],[139.36606,34.76407],[139.36569,34.76423],[139.36515,34.76431],[139.36391,34.76428],[139.36381,34.7655],[139.36377,34.76685],[139.36434,34.76747],[139.36457,34.7678],[139.36494,34.76808],[139.36514,34.7684],[139.36526,34.76847],[139.36541,34.76848],[139.36674,34.76814],[139.36706,34.76811],[139.36738,34.76823],[139.36775,34.76821],[139.36814,34.76845],[139.36915,34.769],[139.36939,34.76932]]]}},{"type":"Feature","properties":{"id":"area-13361002013","name":"元町字鼠つど"},"geometry":{"type":"Polygon","coordinates":[[[139.36514,34.7684],[139.36494,34.76808],[139.36457,34.7678],[139.36434,34.76747],[139.36377,34.76685],[139.36381,34.7655],[139.36391,34.76428],[139.36227,34.76497],[139.36191,34.76519],[139.36125,34.76551],[139.36074,34.76568],[139.36095,34.76602],[139.36119,34.7666],[139.36122,34.76684],[139.36122,34.76718],[139.36116,34.76765],[139.3615,34.76795],[139.36158,34.76807],[139.36171,34.76863],[139.36184,34.76897],[139.36204,34.76927],[139.36249,34.76961],[139.36273,34.76969],[139.36282,34.76962],[139.36292,34.76945],[139.3638,34.76888],[139.36514,34.7684]]]}},{"type":"Feature","properties":{"id":"area-13361003000","name":"岡田"},"geometry":{"type":"Polygon","coordinates":[[[139.38944,34.79161],[139.3897,34.79144],[139.39015,34.79186],[139.38994,34.79202],[139.38952,34.79275],[139.38961,34.79278],[139.39005,34.79206],[139.39186,34.79065],[139.39198,34.79009],[139.39305,34.78974],[139.39307,34.78967],[139.3932,34.78957],[139.39336,34.78974],[139.39343,34.78988],[139.39366,34.78978],[139.39385,34.78982],[139.39388,34.78979],[139.39386,34.78976],[139.3937,34.78971],[139.39373,34.78965],[139.39394,34.78973],[139.39396,34.7897],[139.39386,34.7896],[139.39383,34.78953],[139.3939,34.78929],[139.39407,34.7892],[139.39418,34.78929],[139.39439,34.78955],[139.39447,34.78951],[139.39425,34.78926],[139.39481,34.78882],[139.39492,34.78876],[139.39505,34.78875],[139.39486,34.78834],[139.39482,34.78809],[139.39481,34.78762],[139.39466,34.78759],[139.39446,34.78744],[139.3944,34.78724],[139.39457,34.78682],[139.39423,34.78647],[139.39388,34.7864],[139.39358,34.78638],[139.39353,34.7862],[139.39356,34.78569],[139.39341,34.78539],[139.39309,34.78533],[139.39276,34.78552],[139.39248,34.78551],[139.39227,34.78539],[139.39209,34.78522],[139.39138,34.78499],[139.39122,34.78512],[139.39114,34.78527],[139.39079,34.78501],[139.39118,34.78545],[139.39143,34.78565],[139.39137,34.78592],[139.39144,34.7861],[139.39182,34.78635],[139.39177,34.78647],[139.39135,34.78636],[139.39112,34.78627],[139.39084,34.7861],[139.39073,34.7863],[139.39017,34.78628],[139.38983,34.78643],[139.38996,34.78649],[139.39007,34.78648],[139.3902,34.78655],[139.39025,34.78663],[139.39054,34.78687],[139.39098,34.78714],[139.39166,34.78828],[139.39147,34.78839],[139.39151,34.78851],[139.39185,34.78862],[139.39188,34.78871],[139.39146,34.78867],[139.39137,34.78898],[139.39158,34.78917],[139.39129,34.78935],[139.39122,34.7893],[139.39086,34.78945],[139.3901,34.78915],[139.38963,34.78937],[139.38967,34.78942],[139.39009,34.78923],[139.39055,34.78943],[139.39052,34.78947],[139.39082,34.78955],[139.39111,34.78943],[139.39125,34.78944],[139.39141,34.78958],[139.39157,34.78954],[139.39172,34.78969],[139.39138,34.7899],[139.38927,34.79154],[139.38853,34.79276],[139.38873,34.79283],[139.38946,34.79163],[139.38944,34.79161]]]}},{"type":"Feature","properties":{"id":"area-13361003001","name":"岡田字新開"},"geometry":{"type":"Polygon","coordinates":[[[139.36291,34.79852],[139.36315,34.7985],[139.3632,34.79841],[139.36337,34.79848],[139.36351,34.79846],[139.36357,34.79825],[139.36374,34.79819],[139.36427,34.79764],[139.36445,34.79748],[139.36538,34.79703],[139.36664,34.79651],[139.36637,34.79591],[139.36765,34.79585],[139.36746,34.79526],[139.36749,34.79514],[139.36906,34.79467],[139.36941,34.79451],[139.36956,34.79433],[139.36974,34.79424],[139.3698,34.79418],[139.36985,34.79406],[139.36984,34.79401],[139.36789,34.79047],[139.36873,34.79012],[139.36931,34.79007],[139.3696,34.78937],[139.37098,34.78859],[139.37309,34.78846],[139.3766,34.78815],[139.37752,34.78777],[139.37767,34.78747],[139.37829,34.78734],[139.3791,34.78658],[139.37937,34.78613],[139.38018,34.78556],[139.37971,34.78532],[139.37959,34.78455],[139.37983,34.78405],[139.38024,34.78427],[139.38039,34.78396],[139.38048,34.78299],[139.38091,34.78253],[139.38127,34.78163],[139.38097,34.78157],[139.38106,34.78039],[139.37926,34.77979],[139.3796,34.77827],[139.38088,34.77694],[139.3805,34.77565],[139.37808,34.77794],[139.37778,34.77908],[139.37788,34.77965],[139.37692,34.78057],[139.37547,34.78147],[139.37494,34.78155],[139.37443,34.78217],[139.37427,34.78309],[139.37309,34.78441],[139.37289,34.78542],[139.37263,34.7855],[139.37121,34.78629],[139.36844,34.78586],[139.36756,34.78603],[139.36704,34.78621],[139.36668,34.78677],[139.36659,34.78763],[139.36643,34.78773],[139.36602,34.78766],[139.36583,34.7877],[139.36349,34.78837],[139.36325,34.7884],[139.36302,34.78835],[139.36264,34.78839],[139.36244,34.78835],[139.36188,34.78846],[139.36116,34.78876],[139.36087,34.78894],[139.36061,34.78911],[139.36007,34.78963],[139.35972,34.78983],[139.35948,34.78989],[139.35927,34.7899],[139.35898,34.79002],[139.3582,34.79015],[139.35732,34.79005],[139.35707,34.79009],[139.35666,34.7903],[139.35642,34.79051],[139.35555,34.79106],[139.35562,34.79113],[139.35571,34.79117],[139.35565,34.79121],[139.35563,34.79126],[139.35583,34.7914],[139.35589,34.79149],[139.35587,34.79159],[139.35628,34.79169],[139.35631,34.79174],[139.35639,34.79177],[139.35646,34.79176],[139.35647,34.79169],[139.35655,34.79165],[139.35662,34.79166],[139.35682,34.79183],[139.35703,34.79181],[139.35708,34.79183],[139.35752,34.79215],[139.35768,34.79239],[139.35771,34.79248],[139.35768,34.79259],[139.35771,34.79264],[139.35792,34.79277],[139.35802,34.79278],[139.35808,34.79283],[139.3583,34.7929],[139.35856,34.79293],[139.35878,34.79324],[139.35885,34.7934],[139.35878,34.79341],[139.35878,34.79351],[139.35887,34.79366],[139.35896,34.79366],[139.35896,34.79371],[139.35872,34.79377],[139.35873,34.7938],[139.35885,34.79385],[139.35899,34.794],[139.35896,34.79407],[139.35901,34.79419],[139.359,34.79427],[139.35905,34.79437],[139.35907,34.79455],[139.35918,34.79479],[139.35923,34.79484],[139.35927,34.79501],[139.3596,34.79515],[139.35963,34.79511],[139.35955,34.79508],[139.3597,34.79507],[139.3597,34.79503],[139.3595,34.79498],[139.35966,34.79498],[139.35974,34.79491],[139.35981,34.79491],[139.36001,34.795],[139.35993,34.79516],[139.36001,34.79527],[139.36004,34.79536],[139.36003,34.79542],[139.36008,34.79548],[139.36011,34.79561],[139.36004,34.79569],[139.36001,34.79581],[139.36008,34.7959],[139.36012,34.796],[139.36008,34.79613],[139.36003,34.79619],[139.35997,34.79638],[139.35991,34.79647],[139.3601,34.7965],[139.3601,34.79654],[139.36004,34.79662],[139.36011,34.79664],[139.36032,34.79644],[139.36061,34.79634],[139.36034,34.79653],[139.36028,34.79673],[139.36037,34.79678],[139.3605,34.79674],[139.36065,34.79681],[139.36071,34.7969],[139.36078,34.79708],[139.3607,34.79735],[139.36064,34.79778],[139.36055,34.79789],[139.36051,34.79805],[139.36042,34.79809],[139.36045,34.79813],[139.36036,34.79842],[139.36036,34.7987],[139.36047,34.79892],[139.36066,34.79904],[139.36086,34.79911],[139.36113,34.79911],[139.36185,34.79893],[139.36291,34.79852]]]}},{"type":"Feature","properties":{"id":"area-13361003002","name":"岡田字平浜"},"geometry":{"type":"Polygon","coordinates":[[[139.36664,34.79651],[139.36738,34.7963],[139.36774,34.7963],[139.36827,34.79648],[139.36855,34.79653],[139.36896,34.79675],[139.36919,34.79682],[139.37024,34.79746],[139.37047,34.79755],[139.37078,34.79779],[139.37158,34.79827],[139.37224,34.79844],[139.3728,34.7983],[139.37298,34.79822],[139.37308,34.79818],[139.37281,34.79751],[139.37269,34.79674],[139.37272,34.79661],[139.37287,34.79651],[139.37259,34.79599],[139.37257,34.79582],[139.37251,34.79568],[139.37241,34.79554],[139.37235,34.79539],[139.37234,34.79494],[139.3724,34.79481],[139.37279,34.79431],[139.37297,34.79414],[139.37355,34.79373],[139.3748,34.79314],[139.37523,34.79287],[139.37558,34.79262],[139.37628,34.79203],[139.37481,34.79158],[139.3746,34.79157],[139.37447,34.7917],[139.37418,34.79207],[139.37272,34.79259],[139.37288,34.79289],[139.37288,34.7931],[139.37228,34.79326],[139.37196,34.79338],[139.37152,34.79369],[139.37122,34.79382],[139.3706,34.79395],[139.36984,34.79401],[139.36985,34.79406],[139.3698,34.79418],[139.36974,34.79424],[139.36956,34.79433],[139.36941,34.79451],[139.36906,34.79467],[139.36749,34.79514],[139.36746,34.79526],[139.36765,34.79585],[139.36637,34.79591],[139.36664,34.79651]]]}},{"type":"Feature","properties":{"id":"area-13361003003","name":"岡田字北野"},"geometry":{"type":"Polygon","coordinates":[[[139.37272,34.79259],[139.37247,34.79231],[139.37228,34.79218],[139.37211,34.79216],[139.37185,34.79224],[139.37166,34.79237],[139.3711,34.793],[139.37095,34.793],[139.37082,34.79294],[139.37049,34.79253],[139.37019,34.79212],[139.36993,34.79167],[139.36964,34.79114],[139.36942,34.79037],[139.36931,34.79007],[139.36873,34.79012],[139.36789,34.79047],[139.36984,34.79401],[139.3706,34.79395],[139.37122,34.79382],[139.37152,34.79369],[139.37196,34.79338],[139.37228,34.79326],[139.37288,34.7931],[139.37288,34.79289],[139.37272,34.79259]]]}},{"type":"Feature","properties":{"id":"area-13361003004","name":"岡田字小堀"},"geometry":{"type":"Polygon","coordinates":[[[139.37628,34.79203],[139.3771,34.79137],[139.3779,34.79056],[139.37866,34.78967],[139.37944,34.78943],[139.38028,34.78906],[139.3811,34.78848],[139.3821,34.78772],[139.38183,34.7875],[139.38138,34.78691],[139.38157,34.78653],[139.38118,34.78614],[139.37962,34.78714],[139.37855,34.78737],[139.37829,34.78734],[139.37767,34.78747],[139.37752,34.78777],[139.3766,34.78815],[139.37309,34.78846],[139.37098,34.78859],[139.3696,34.78937],[139.36931,34.79007],[139.36942,34.79037],[139.36964,34.79114],[139.36993,34.79167],[139.37019,34.79212],[139.37049,34.79253],[139.37082,34.79294],[139.37095,34.793],[139.3711,34.793],[139.37146,34.79257],[139.37166,34.79237],[139.37185,34.79224],[139.37211,34.79216],[139.37228,34.79218],[139.37247,34.79231],[139.37272,34.79259],[139.37418,34.79207],[139.37447,34.7917],[139.3746,34.79157],[139.37481,34.79158],[139.37628,34.79203]]]}},{"type":"Feature","properties":{"id":"area-13361003005","name":"岡田字橋の本"},"geometry":{"type":"Polygon","coordinates":[[[139.38016,34.78555],[139.38034,34.78547],[139.38084,34.78492],[139.38114,34.78419],[139.38162,34.78383],[139.38196,34.78344],[139.38208,34.78325],[139.38189,34.78273],[139.382,34.78092],[139.38174,34.78039],[139.38247,34.77968],[139.38281,34.77892],[139.38277,34.77845],[139.38182,34.77729],[139.38088,34.77694],[139.3796,34.77827],[139.37926,34.77979],[139.38106,34.78039],[139.38097,34.78157],[139.38127,34.78163],[139.38091,34.78253],[139.38048,34.78299],[139.38039,34.78396],[139.38024,34.78427],[139.37983,34.78405],[139.37959,34.78455],[139.37971,34.78532],[139.38016,34.78555]]]}},{"type":"Feature","properties":{"id":"area-13361003006","name":"岡田字沢立"},"geometry":{"type":"Polygon","coordinates":[[[139.38315,34.78395],[139.38324,34.78365],[139.38401,34.78355],[139.38419,34.78273],[139.38372,34.78225],[139.38407,34.78193],[139.38389,34.78173],[139.38482,34.78112],[139.38441,34.78071],[139.38438,34.78036],[139.38531,34.7802],[139.38626,34.77997],[139.38757,34.77982],[139.38806,34.78085],[139.3882,34.78137],[139.38888,34.78157],[139.38891,34.78147],[139.38871,34.78117],[139.38876,34.781],[139.38919,34.78082],[139.38937,34.78063],[139.38919,34.78024],[139.38922,34.77897],[139.38809,34.77872],[139.38831,34.77744],[139.38928,34.77757],[139.38994,34.77791],[139.39136,34.77801],[139.39311,34.77818],[139.39406,34.77813],[139.39462,34.77836],[139.39579,34.77847],[139.39579,34.77815],[139.39602,34.77811],[139.39602,34.77802],[139.39577,34.77776],[139.39606,34.77662],[139.39598,34.77607],[139.39681,34.77494],[139.39656,34.77436],[139.39643,34.77385],[139.39635,34.7734],[139.39641,34.77325],[139.3966,34.77301],[139.39685,34.77255],[139.39686,34.77239],[139.39682,34.7723],[139.39655,34.7719],[139.3967,34.77173],[139.39671,34.7715],[139.39657,34.77119],[139.3965,34.7708],[139.39655,34.77049],[139.39688,34.77014],[139.39711,34.76968],[139.39775,34.76892],[139.3984,34.76858],[139.39863,34.7681],[139.39868,34.76786],[139.39868,34.76772],[139.3986,34.76758],[139.39841,34.76736],[139.39816,34.76716],[139.39812,34.76641],[139.39825,34.76623],[139.39818,34.76596],[139.39841,34.76557],[139.39833,34.76512],[139.39833,34.76468],[139.39838,34.76435],[139.39838,34.76402],[139.39837,34.76376],[139.3983,34.76346],[139.39833,34.76326],[139.39831,34.76306],[139.39833,34.76297],[139.39845,34.76283],[139.39885,34.76243],[139.39898,34.76226],[139.39897,34.76199],[139.39885,34.76133],[139.3987,34.76118],[139.39885,34.75998],[139.39896,34.75974],[139.39887,34.7593],[139.39888,34.7589],[139.39912,34.75829],[139.39911,34.75815],[139.39904,34.75798],[139.3992,34.75718],[139.3989,34.75699],[139.39914,34.75662],[139.39928,34.75616],[139.39938,34.75599],[139.39916,34.75554],[139.39918,34.75544],[139.39898,34.75497],[139.39898,34.75487],[139.39932,34.75474],[139.3993,34.75438],[139.39861,34.75378],[139.39813,34.75314],[139.39793,34.75292],[139.39793,34.75261],[139.39787,34.7526],[139.39777,34.75212],[139.39728,34.75187],[139.39676,34.75165],[139.39646,34.75343],[139.39639,34.75423],[139.39586,34.75608],[139.39547,34.75768],[139.3949,34.75939],[139.39445,34.75954],[139.3947,34.76025],[139.39458,34.76097],[139.39395,34.76189],[139.39172,34.76734],[139.38442,34.77576],[139.38363,34.77543],[139.3805,34.77565],[139.38088,34.77694],[139.38182,34.77729],[139.38277,34.77845],[139.38281,34.77892],[139.38247,34.77968],[139.38174,34.78039],[139.382,34.78092],[139.38189,34.78273],[139.38208,34.78325],[139.38196,34.78344],[139.38266,34.78372],[139.38315,34.78395]]]}},{"type":"Feature","properties":{"id":"area-13361003007","name":"岡田字笹郷"},"geometry":{"type":"Polygon","coordinates":[[[139.38761,34.78451],[139.38769,34.7842],[139.3873,34.78406],[139.38687,34.78358],[139.38691,34.78344],[139.38554,34.78185],[139.38482,34.78112],[139.38389,34.78173],[139.38407,34.78193],[139.38372,34.78225],[139.38419,34.78273],[139.38401,34.78355],[139.38324,34.78365],[139.38315,34.78395],[139.38351,34.78415],[139.38373,34.7848],[139.38427,34.78515],[139.38469,34.78525],[139.38534,34.78491],[139.38592,34.78535],[139.3863,34.78538],[139.38694,34.78513],[139.38692,34.7856],[139.38763,34.78495],[139.38761,34.78451]]]}},{"type":"Feature","properties":{"id":"area-13361003008","name":"岡田字長坂"},"geometry":{"type":"Polygon","coordinates":[[[139.3821,34.78772],[139.38261,34.7875],[139.38328,34.78738],[139.38361,34.78722],[139.38386,34.78704],[139.38416,34.78692],[139.38486,34.78677],[139.3853,34.7866],[139.3856,34.78636],[139.38621,34.78593],[139.38663,34.78579],[139.38692,34.7856],[139.38694,34.78513],[139.3863,34.78538],[139.38592,34.78535],[139.38534,34.78491],[139.38469,34.78525],[139.38427,34.78515],[139.38373,34.7848],[139.38351,34.78415],[139.38266,34.78372],[139.38196,34.78344],[139.38162,34.78383],[139.38114,34.78419],[139.38084,34.78492],[139.38034,34.78547],[139.38016,34.78555],[139.37937,34.78613],[139.3791,34.78658],[139.37829,34.78734],[139.37855,34.78737],[139.37962,34.78714],[139.38118,34.78614],[139.38157,34.78653],[139.38138,34.78691],[139.38183,34.7875],[139.3821,34.78772]]]}},{"type":"Feature","properties":{"id":"area-13361003009","name":"岡田字大久保"},"geometry":{"type":"Polygon","coordinates":[[[139.37308,34.79818],[139.37325,34.798],[139.37354,34.79777],[139.3738,34.79738],[139.37428,34.797],[139.37455,34.79673],[139.3747,34.79651],[139.3748,34.7963],[139.37548,34.79553],[139.37596,34.79484],[139.37621,34.79462],[139.37671,34.79431],[139.37697,34.79418],[139.37742,34.79402],[139.37804,34.79394],[139.37875,34.79407],[139.37949,34.79433],[139.38011,34.79439],[139.38053,34.79429],[139.38073,34.79417],[139.3809,34.79417],[139.38099,34.79368],[139.38097,34.79332],[139.38109,34.79311],[139.38143,34.79272],[139.38172,34.79227],[139.38184,34.79221],[139.38179,34.79204],[139.3818,34.79196],[139.38191,34.79166],[139.38202,34.79148],[139.38219,34.79132],[139.38284,34.79083],[139.3832,34.79062],[139.38357,34.79045],[139.38394,34.79023],[139.38481,34.78984],[139.38527,34.78979],[139.38559,34.78969],[139.38565,34.7897],[139.38565,34.78966],[139.38592,34.78965],[139.38603,34.78972],[139.38618,34.78973],[139.38628,34.78977],[139.38688,34.78968],[139.38747,34.7895],[139.38763,34.78936],[139.3882,34.78919],[139.38846,34.78908],[139.38872,34.7894],[139.38879,34.78937],[139.38874,34.78931],[139.38878,34.78929],[139.38872,34.78919],[139.3891,34.78901],[139.38922,34.78889],[139.38984,34.78912],[139.38987,34.78905],[139.3898,34.78902],[139.38992,34.78859],[139.39069,34.78877],[139.39067,34.78888],[139.39096,34.78904],[139.39111,34.78885],[139.39137,34.78898],[139.39146,34.78867],[139.39188,34.78871],[139.39185,34.78862],[139.39151,34.78851],[139.39147,34.78839],[139.39166,34.78828],[139.39098,34.78714],[139.39054,34.78687],[139.39025,34.78663],[139.3902,34.78655],[139.39007,34.78648],[139.38996,34.78649],[139.38983,34.78643],[139.39017,34.78628],[139.39073,34.7863],[139.39084,34.7861],[139.3891,34.78509],[139.38896,34.78494],[139.38851,34.78473],[139.38794,34.78465],[139.38761,34.78451],[139.38763,34.78495],[139.38692,34.7856],[139.38663,34.78579],[139.38621,34.78593],[139.3856,34.78636],[139.3853,34.7866],[139.38486,34.78677],[139.38416,34.78692],[139.38386,34.78704],[139.38361,34.78722],[139.38328,34.78738],[139.38261,34.7875],[139.3821,34.78772],[139.3811,34.78848],[139.38028,34.78906],[139.37944,34.78943],[139.37866,34.78967],[139.3779,34.79056],[139.3771,34.79137],[139.37558,34.79262],[139.3748,34.79314],[139.37355,34.79373],[139.37297,34.79414],[139.37279,34.79431],[139.3724,34.79481],[139.37234,34.79494],[139.37235,34.79539],[139.37241,34.79554],[139.37251,34.79568],[139.37257,34.79582],[139.37259,34.79599],[139.37287,34.79651],[139.37272,34.79661],[139.37269,34.79674],[139.37281,34.79751],[139.37308,34.79818]]]}},{"type":"Feature","properties":{"id":"area-13361003010","name":"岡田字助田"},"geometry":{"type":"Polygon","coordinates":[[[139.39079,34.78501],[139.39061,34.78467],[139.3907,34.78443],[139.39109,34.7838],[139.39056,34.78347],[139.39056,34.78319],[139.39065,34.78292],[139.39067,34.78249],[139.39093,34.7825],[139.39126,34.78224],[139.39131,34.78208],[139.39154,34.78193],[139.39167,34.78197],[139.39184,34.78238],[139.39233,34.78177],[139.39242,34.78149],[139.39271,34.78162],[139.39316,34.78163],[139.39361,34.78153],[139.39386,34.78182],[139.39427,34.78187],[139.39415,34.78137],[139.39374,34.78056],[139.39365,34.78046],[139.39331,34.78036],[139.3936,34.78025],[139.39393,34.78],[139.39442,34.77968],[139.39478,34.7795],[139.39542,34.77885],[139.39574,34.77847],[139.39462,34.77836],[139.39406,34.77813],[139.39311,34.77818],[139.39136,34.77801],[139.38994,34.77791],[139.38928,34.77757],[139.38831,34.77744],[139.38809,34.77872],[139.38922,34.77897],[139.38919,34.78024],[139.38937,34.78063],[139.38919,34.78082],[139.38876,34.781],[139.38871,34.78117],[139.38891,34.78147],[139.38887,34.7816],[139.38888,34.78183],[139.38897,34.78198],[139.38878,34.78223],[139.38868,34.78284],[139.38783,34.78278],[139.38769,34.7842],[139.38761,34.78451],[139.38794,34.78465],[139.38851,34.78473],[139.38896,34.78494],[139.3891,34.78509],[139.39112,34.78627],[139.39135,34.78636],[139.39177,34.78647],[139.39182,34.78635],[139.39144,34.7861],[139.39137,34.78592],[139.39143,34.78565],[139.39118,34.78545],[139.39079,34.78501]]]}},{"type":"Feature","properties":{"id":"area-13361003011","name":"岡田字榎戸"},"geometry":{"type":"Polygon","coordinates":[[[139.38888,34.78157],[139.3882,34.78137],[139.38806,34.78085],[139.38757,34.77982],[139.38626,34.77997],[139.38531,34.7802],[139.38438,34.78036],[139.38441,34.78071],[139.38554,34.78185],[139.38691,34.78344],[139.38687,34.78358],[139.3873,34.78406],[139.38769,34.7842],[139.38783,34.78278],[139.38868,34.78284],[139.38878,34.78223],[139.38897,34.78198],[139.38888,34.78183],[139.38888,34.78157]]]}},{"type":"Feature","properties":{"id":"area-13361003012","name":"岡田字川の道"},"geometry":{"type":"Polygon","coordinates":[[[139.39227,34.78539],[139.39227,34.78517],[139.393,34.7846],[139.39334,34.78417],[139.39353,34.7839],[139.3936,34.78346],[139.39374,34.78324],[139.39385,34.78312],[139.39416,34.78292],[139.39423,34.78259],[139.39427,34.78187],[139.39386,34.78182],[139.39361,34.78153],[139.39316,34.78163],[139.39271,34.78162],[139.39242,34.78149],[139.39233,34.78177],[139.39184,34.78238],[139.39167,34.78197],[139.39154,34.78193],[139.39131,34.78208],[139.39126,34.78224],[139.39093,34.7825],[139.39067,34.78249],[139.39065,34.78292],[139.39056,34.78319],[139.39056,34.78347],[139.39109,34.7838],[139.3907,34.78443],[139.39061,34.78467],[139.39079,34.78501],[139.39114,34.78527],[139.39122,34.78512],[139.39138,34.78499],[139.39209,34.78522],[139.39227,34.78539]]]}},{"type":"Feature","properties":{"id":"area-13361003013","name":"岡田字七間沢"},"geometry":{"type":"Polygon","coordinates":[[[139.39505,34.78875],[139.39543,34.78881],[139.39562,34.78891],[139.39603,34.78884],[139.39612,34.78881],[139.39621,34.78867],[139.39688,34.7884],[139.39725,34.78815],[139.39738,34.78815],[139.39741,34.78806],[139.39758,34.78798],[139.39792,34.78791],[139.3985,34.78788],[139.39867,34.7879],[139.39916,34.78788],[139.39942,34.78789],[139.39986,34.78802],[139.40001,34.78813],[139.40002,34.78837],[139.40009,34.78845],[139.40002,34.78846],[139.40001,34.78849],[139.40011,34.78856],[139.40016,34.78856],[139.40021,34.78865],[139.40025,34.78866],[139.4004,34.78859],[139.40049,34.7886],[139.40057,34.78853],[139.4007,34.7885],[139.40074,34.78853],[139.40078,34.78849],[139.40103,34.78847],[139.40107,34.78826],[139.40112,34.78818],[139.40109,34.78802],[139.40111,34.78784],[139.40115,34.7878],[139.40125,34.7878],[139.40124,34.78772],[139.40129,34.78769],[139.40155,34.78759],[139.40214,34.78751],[139.40249,34.78719],[139.40287,34.78709],[139.40317,34.7871],[139.40306,34.78714],[139.40306,34.78716],[139.4032,34.78724],[139.40346,34.78726],[139.40375,34.78753],[139.40395,34.78748],[139.40417,34.78758],[139.40457,34.78759],[139.40459,34.78755],[139.40458,34.78749],[139.40461,34.78742],[139.4046,34.78736],[139.40464,34.78729],[139.40475,34.78724],[139.40497,34.78722],[139.40538,34.78733],[139.40555,34.78741],[139.40568,34.78755],[139.40574,34.78753],[139.40577,34.78746],[139.40595,34.78745],[139.40571,34.78723],[139.40532,34.78667],[139.40519,34.78642],[139.40502,34.78581],[139.40484,34.78534],[139.4047,34.78515],[139.404,34.7844],[139.40386,34.7842],[139.40358,34.78351],[139.40336,34.78325],[139.40309,34.78305],[139.40257,34.7825],[139.40233,34.78221],[139.40213,34.7819],[139.40173,34.78098],[139.40168,34.78055],[139.40172,34.77954],[139.40184,34.77864],[139.40127,34.77859],[139.40066,34.77841],[139.4004,34.77838],[139.40035,34.77844],[139.40044,34.77921],[139.4004,34.77951],[139.39959,34.77941],[139.39942,34.77947],[139.39929,34.77955],[139.39915,34.77953],[139.39893,34.77957],[139.39885,34.77962],[139.39873,34.77963],[139.39857,34.77957],[139.39844,34.7796],[139.39834,34.7797],[139.39819,34.77968],[139.39769,34.77939],[139.39715,34.77927],[139.39729,34.77886],[139.39612,34.7785],[139.39574,34.77847],[139.39542,34.77885],[139.39478,34.7795],[139.39442,34.77968],[139.39393,34.78],[139.3936,34.78025],[139.39331,34.78036],[139.3936,34.78044],[139.39371,34.78051],[139.39415,34.78137],[139.39427,34.78187],[139.39423,34.78259],[139.39416,34.78292],[139.39385,34.78312],[139.3936,34.78346],[139.39353,34.7839],[139.39334,34.78417],[139.393,34.7846],[139.39227,34.78517],[139.39227,34.78539],[139.39248,34.78551],[139.39276,34.78552],[139.39309,34.78533],[139.39341,34.78539],[139.39356,34.78569],[139.39353,34.7862],[139.39358,34.78638],[139.39388,34.7864],[139.39423,34.78647],[139.39457,34.78682],[139.3944,34.78724],[139.39446,34.78744],[139.39466,34.78759],[139.39481,34.78762],[139.39482,34.78809],[139.39486,34.78834],[139.39505,34.78875]]]}},{"type":"Feature","properties":{"id":"area-13361004000","name":"泉津"},"geometry":{"type":"Polygon","coordinates":[[[139.41503,34.78489],[139.415,34.78477],[139.41494,34.78478],[139.41489,34.78466],[139.41485,34.78467],[139.41478,34.78449],[139.41496,34.78431],[139.41494,34.78428],[139.41498,34.78423],[139.41495,34.78418],[139.41502,34.7841],[139.41513,34.78406],[139.41528,34.78374],[139.41519,34.7834],[139.41538,34.78329],[139.41553,34.78342],[139.41558,34.78334],[139.41602,34.78345],[139.41613,34.7836],[139.41623,34.78363],[139.41627,34.78352],[139.4162,34.78339],[139.41613,34.78332],[139.4162,34.78328],[139.41618,34.78319],[139.41625,34.78314],[139.41619,34.783],[139.41642,34.78294],[139.41665,34.78278],[139.41692,34.78275],[139.41717,34.78283],[139.4174,34.7828],[139.41745,34.78275],[139.41746,34.78264],[139.41753,34.78251],[139.41759,34.78247],[139.41754,34.78243],[139.41757,34.7824],[139.41775,34.78234],[139.41799,34.78239],[139.41794,34.78216],[139.41798,34.78205],[139.41808,34.78196],[139.41783,34.78178],[139.41771,34.78161],[139.4174,34.78176],[139.41727,34.78187],[139.41717,34.78202],[139.41616,34.78226],[139.41593,34.78223],[139.41576,34.78211],[139.41541,34.78226],[139.41525,34.78194],[139.41505,34.78194],[139.41469,34.78172],[139.41427,34.78189],[139.41409,34.78211],[139.41385,34.78233],[139.4137,34.7824],[139.41347,34.78272],[139.41332,34.78285],[139.41261,34.78291],[139.41242,34.78299],[139.41257,34.7833],[139.41276,34.7835],[139.41296,34.78339],[139.41346,34.78372],[139.41378,34.78431],[139.4138,34.78448],[139.41427,34.78477],[139.41434,34.78486],[139.41437,34.78486],[139.41437,34.7848],[139.41433,34.78472],[139.41414,34.78458],[139.41404,34.78443],[139.41403,34.7844],[139.41408,34.78426],[139.41414,34.78424],[139.41423,34.7843],[139.41428,34.78423],[139.41436,34.78421],[139.41438,34.78416],[139.41434,34.78406],[139.41435,34.78395],[139.41445,34.78387],[139.41457,34.78386],[139.41463,34.7838],[139.41499,34.78399],[139.41461,34.7844],[139.41477,34.78493],[139.41454,34.78517],[139.41467,34.78525],[139.41503,34.78489]]]}},{"type":"Feature","properties":{"id":"area-13361004001","name":"泉津字秋の原"},"geometry":{"type":"Polygon","coordinates":[[[139.40571,34.78723],[139.40599,34.78748],[139.40605,34.78742],[139.40615,34.78737],[139.4063,34.78737],[139.40653,34.78726],[139.40685,34.78717],[139.40698,34.787],[139.40721,34.78677],[139.40728,34.78662],[139.40744,34.78647],[139.4077,34.78644],[139.40787,34.78626],[139.40805,34.7862],[139.4082,34.78621],[139.40819,34.78615],[139.40831,34.78613],[139.40854,34.78616],[139.40868,34.78611],[139.40875,34.78628],[139.40877,34.78641],[139.40874,34.78653],[139.40879,34.78656],[139.40898,34.78647],[139.40898,34.78643],[139.40893,34.78638],[139.40892,34.78627],[139.40895,34.78623],[139.40936,34.78615],[139.40947,34.78618],[139.40952,34.78615],[139.40957,34.7862],[139.40993,34.78627],[139.41002,34.78633],[139.41038,34.78632],[139.41044,34.78635],[139.4105,34.78645],[139.41079,34.78653],[139.41105,34.7865],[139.41118,34.78638],[139.41127,34.78638],[139.41165,34.78677],[139.41177,34.78703],[139.4119,34.7871],[139.41201,34.78704],[139.41202,34.78693],[139.41205,34.78688],[139.4122,34.78688],[139.41216,34.78704],[139.4122,34.78707],[139.41225,34.78707],[139.4123,34.78697],[139.41243,34.78685],[139.41255,34.78688],[139.41254,34.78692],[139.41261,34.78698],[139.41274,34.78691],[139.41297,34.78695],[139.413,34.78698],[139.41301,34.78693],[139.4131,34.78688],[139.41324,34.78686],[139.41328,34.78678],[139.41338,34.78676],[139.41341,34.78672],[139.41339,34.78666],[139.41324,34.78653],[139.41282,34.7863],[139.41274,34.78617],[139.41271,34.78601],[139.41286,34.78605],[139.41291,34.786],[139.4129,34.78591],[139.41318,34.78589],[139.41311,34.78577],[139.41314,34.78563],[139.41297,34.78529],[139.41296,34.78516],[139.41285,34.78505],[139.41296,34.7849],[139.41283,34.78476],[139.41199,34.78443],[139.41178,34.78451],[139.41154,34.78453],[139.41125,34.78417],[139.41095,34.78416],[139.4108,34.78411],[139.41087,34.78377],[139.41052,34.78381],[139.40997,34.7831],[139.40946,34.78273],[139.40839,34.78239],[139.40753,34.78195],[139.40716,34.78157],[139.40695,34.78061],[139.40624,34.78058],[139.40553,34.78073],[139.40471,34.78016],[139.40415,34.77964],[139.40307,34.77915],[139.40285,34.77923],[139.40244,34.77925],[139.40178,34.7791],[139.40172,34.77954],[139.40168,34.78055],[139.40173,34.78098],[139.40213,34.7819],[139.40233,34.78221],[139.40257,34.7825],[139.40309,34.78305],[139.40336,34.78325],[139.40358,34.78351],[139.40386,34.7842],[139.404,34.7844],[139.4047,34.78515],[139.40484,34.78534],[139.40502,34.78581],[139.40519,34.78642],[139.40532,34.78667],[139.40571,34.78723]]]}},{"type":"Feature","properties":{"id":"area-13361004002","name":"泉津字川の原"},"geometry":{"type":"Polygon","coordinates":[[[139.41314,34.78563],[139.41353,34.78544],[139.4135,34.78539],[139.41332,34.78535],[139.41337,34.78525],[139.41347,34.78523],[139.4135,34.78519],[139.41342,34.78507],[139.41342,34.785],[139.41356,34.785],[139.41382,34.78513],[139.41389,34.78506],[139.41389,34.78499],[139.41376,34.78486],[139.41388,34.78483],[139.41374,34.78454],[139.4138,34.78448],[139.41378,34.78431],[139.41346,34.78372],[139.41296,34.78339],[139.41276,34.7835],[139.41257,34.7833],[139.41242,34.78299],[139.41189,34.78274],[139.41172,34.78277],[139.4114,34.78312],[139.41112,34.78321],[139.41095,34.78349],[139.4108,34.78411],[139.41095,34.78416],[139.41125,34.78417],[139.41154,34.78453],[139.41178,34.78451],[139.41199,34.78443],[139.41283,34.78476],[139.41296,34.7849],[139.41285,34.78505],[139.41296,34.78516],[139.41297,34.78529],[139.41314,34.78563]]]}},{"type":"Feature","properties":{"id":"area-13361004003","name":"泉津字大坂"},"geometry":{"type":"Polygon","coordinates":[[[139.41332,34.78285],[139.41347,34.78272],[139.4137,34.7824],[139.41385,34.78233],[139.41409,34.78211],[139.41413,34.78195],[139.41362,34.78139],[139.4138,34.78132],[139.41381,34.78101],[139.41428,34.78046],[139.41489,34.77982],[139.41477,34.77959],[139.41432,34.77959],[139.41415,34.77952],[139.41406,34.77967],[139.41411,34.77994],[139.41403,34.78037],[139.41372,34.78004],[139.4134,34.77916],[139.41292,34.77904],[139.41268,34.77848],[139.41281,34.77836],[139.41211,34.77819],[139.4119,34.77839],[139.41172,34.77871],[139.41146,34.77897],[139.41122,34.78022],[139.41123,34.78053],[139.41135,34.7807],[139.41174,34.78063],[139.41183,34.7807],[139.41165,34.78104],[139.41203,34.78131],[139.41241,34.78146],[139.41283,34.78133],[139.41292,34.7814],[139.41278,34.78164],[139.41247,34.78173],[139.41227,34.78168],[139.41213,34.78182],[139.4122,34.78205],[139.4122,34.78234],[139.41186,34.78266],[139.41189,34.78274],[139.41242,34.78299],[139.41261,34.78291],[139.41332,34.78285]]]}},{"type":"Feature","properties":{"id":"area-13361004004","name":"泉津字腰の下"},"geometry":{"type":"Polygon","coordinates":[[[139.41541,34.78226],[139.41595,34.782],[139.41614,34.78177],[139.41647,34.7804],[139.41643,34.7802],[139.41665,34.77997],[139.41699,34.77876],[139.41751,34.77899],[139.41779,34.77897],[139.41793,34.77888],[139.41861,34.7788],[139.4194,34.77845],[139.41969,34.77803],[139.41977,34.77772],[139.41977,34.77729],[139.41962,34.77709],[139.41897,34.77653],[139.41875,34.7758],[139.41856,34.7755],[139.41839,34.77568],[139.41805,34.77575],[139.41738,34.77554],[139.41729,34.77579],[139.41694,34.77605],[139.41671,34.77668],[139.41658,34.77682],[139.41637,34.77688],[139.4164,34.77704],[139.41676,34.77738],[139.41689,34.77772],[139.41667,34.77815],[139.41642,34.7776],[139.41602,34.77716],[139.41574,34.77661],[139.4152,34.77616],[139.41441,34.77581],[139.41399,34.77588],[139.41372,34.77604],[139.41349,34.77607],[139.41326,34.77648],[139.41271,34.77645],[139.41236,34.77683],[139.41206,34.77705],[139.41211,34.77819],[139.41281,34.77836],[139.41268,34.77848],[139.41292,34.77904],[139.4134,34.77916],[139.41372,34.78004],[139.41403,34.78037],[139.41411,34.77994],[139.41406,34.77967],[139.41415,34.77952],[139.41432,34.77959],[139.41477,34.77959],[139.41489,34.77982],[139.41428,34.78046],[139.41381,34.78101],[139.4138,34.78132],[139.41362,34.78139],[139.41413,34.78195],[139.41409,34.78211],[139.41427,34.78189],[139.41469,34.78172],[139.41505,34.78194],[139.41525,34.78194],[139.41541,34.78226]]]}},{"type":"Feature","properties":{"id":"area-13361004006","name":"泉津字道下"},"geometry":{"type":"Polygon","coordinates":[[[139.4225,34.77942],[139.42204,34.77975],[139.42134,34.78009],[139.42075,34.78032],[139.41986,34.78059],[139.41896,34.78105],[139.4185,34.78118],[139.41771,34.78161],[139.41783,34.78178],[139.41808,34.78196],[139.41846,34.7818],[139.41855,34.78183],[139.41874,34.78183],[139.419,34.78194],[139.41902,34.78187],[139.419,34.78175],[139.41912,34.78164],[139.41948,34.78163],[139.41955,34.78175],[139.4196,34.78168],[139.41975,34.78167],[139.41978,34.78155],[139.41984,34.78147],[139.41997,34.78144],[139.42006,34.78148],[139.42012,34.78144],[139.42024,34.78124],[139.42035,34.78113],[139.42053,34.7811],[139.42067,34.78112],[139.42074,34.78117],[139.42077,34.78135],[139.42083,34.7814],[139.42104,34.78138],[139.42135,34.78124],[139.42146,34.78123],[139.42205,34.78168],[139.42214,34.78173],[139.42225,34.78171],[139.4224,34.78163],[139.42257,34.78145],[139.42275,34.78143],[139.4226,34.78113],[139.42258,34.78099],[139.42262,34.7809],[139.42283,34.78087],[139.42303,34.78103],[139.4232,34.78105],[139.42332,34.78103],[139.42326,34.7809],[139.42328,34.78084],[139.42349,34.78084],[139.42351,34.78081],[139.42345,34.7807],[139.42346,34.78059],[139.42339,34.78052],[139.42337,34.78045],[139.42357,34.78029],[139.4238,34.78028],[139.42387,34.78037],[139.42401,34.78025],[139.42412,34.78021],[139.42414,34.78011],[139.42408,34.77987],[139.42408,34.77978],[139.42413,34.77969],[139.42464,34.7795],[139.42481,34.77948],[139.42482,34.77945],[139.42479,34.77933],[139.4246,34.77924],[139.42452,34.77915],[139.42451,34.7791],[139.42424,34.77859],[139.42358,34.77822],[139.42344,34.77851],[139.42316,34.77888],[139.42279,34.77926],[139.4225,34.77942]]]}},{"type":"Feature","properties":{"id":"area-13361004007","name":"泉津字不重"},"geometry":{"type":"Polygon","coordinates":[[[139.42251,34.77294],[139.42196,34.77288],[139.42064,34.77291],[139.41992,34.77296],[139.41937,34.77304],[139.41902,34.7732],[139.41852,34.7735],[139.41807,34.77408],[139.41807,34.77432],[139.4183,34.77472],[139.41834,34.77493],[139.41832,34.77513],[139.4184,34.77529],[139.41875,34.7758],[139.41897,34.77653],[139.41962,34.77709],[139.41977,34.77729],[139.41977,34.77772],[139.41969,34.77803],[139.4194,34.77845],[139.41861,34.7788],[139.41793,34.77888],[139.41773,34.77908],[139.41765,34.77936],[139.41832,34.78026],[139.41799,34.7806],[139.41797,34.78105],[139.41791,34.78118],[139.41794,34.78149],[139.4185,34.78118],[139.41896,34.78105],[139.41986,34.78059],[139.42075,34.78032],[139.42134,34.78009],[139.42204,34.77975],[139.4225,34.77942],[139.42279,34.77926],[139.42316,34.77888],[139.42344,34.77851],[139.42365,34.77808],[139.42467,34.77706],[139.42509,34.77673],[139.42525,34.77653],[139.42519,34.7763],[139.42494,34.77622],[139.42447,34.77477],[139.42427,34.77469],[139.42429,34.77444],[139.4242,34.77417],[139.42365,34.77317],[139.42251,34.77294]]]}},{"type":"Feature","properties":{"id":"area-13361004008","name":"泉津字木出場"},"geometry":{"type":"Polygon","coordinates":[[[139.42451,34.77909],[139.42461,34.77885],[139.42483,34.77864],[139.42496,34.77857],[139.42522,34.77855],[139.42573,34.77837],[139.42574,34.77827],[139.42567,34.77811],[139.42567,34.77805],[139.42575,34.77794],[139.42584,34.77794],[139.42576,34.77781],[139.42577,34.77776],[139.42579,34.7777],[139.42593,34.77756],[139.42601,34.77754],[139.42613,34.77759],[139.42614,34.77756],[139.42607,34.7775],[139.42641,34.77749],[139.42644,34.77733],[139.4265,34.77731],[139.42657,34.77737],[139.42665,34.77726],[139.42679,34.77738],[139.427,34.77746],[139.42699,34.77731],[139.42682,34.77705],[139.42697,34.77704],[139.42702,34.77693],[139.42722,34.77685],[139.42734,34.77673],[139.42736,34.77662],[139.42751,34.77652],[139.42755,34.77646],[139.42761,34.77645],[139.42783,34.77653],[139.42792,34.77644],[139.42803,34.77638],[139.42805,34.77632],[139.42796,34.7761],[139.42806,34.77614],[139.42818,34.77612],[139.42801,34.77602],[139.42799,34.77596],[139.42837,34.77609],[139.42853,34.77604],[139.42855,34.77597],[139.42854,34.77589],[139.42841,34.77582],[139.42854,34.77573],[139.42857,34.77567],[139.42853,34.77565],[139.42873,34.7753],[139.42884,34.77525],[139.42888,34.77526],[139.42891,34.77499],[139.42886,34.77479],[139.42872,34.77464],[139.42836,34.77445],[139.42765,34.77439],[139.4267,34.77372],[139.42571,34.77367],[139.42535,34.77355],[139.425,34.77362],[139.42365,34.77317],[139.4242,34.77417],[139.42429,34.77444],[139.42427,34.77469],[139.42447,34.77477],[139.42494,34.77622],[139.42519,34.7763],[139.42525,34.77653],[139.42509,34.77673],[139.42467,34.77706],[139.42365,34.77808],[139.42358,34.77822],[139.42424,34.77859],[139.42451,34.77909]]]}},{"type":"Feature","properties":{"id":"area-13361004009","name":"泉津字伊東無"},"geometry":{"type":"Polygon","coordinates":[[[139.41206,34.77705],[139.41236,34.77683],[139.41271,34.77645],[139.41326,34.77648],[139.41349,34.77607],[139.41372,34.77604],[139.41399,34.77588],[139.41441,34.77581],[139.4152,34.77616],[139.41574,34.77661],[139.41602,34.77716],[139.41642,34.7776],[139.41667,34.77815],[139.41689,34.77772],[139.41676,34.77738],[139.4164,34.77704],[139.41637,34.77688],[139.41658,34.77682],[139.41671,34.77668],[139.41694,34.77605],[139.41729,34.77579],[139.41738,34.77554],[139.41805,34.77575],[139.41839,34.77568],[139.41856,34.7755],[139.4184,34.77529],[139.41832,34.77513],[139.41834,34.77493],[139.4183,34.77472],[139.41807,34.77432],[139.41807,34.77408],[139.41826,34.77383],[139.41799,34.77372],[139.41775,34.77352],[139.41749,34.77302],[139.4172,34.77267],[139.41695,34.77225],[139.41646,34.77174],[139.41611,34.77149],[139.41575,34.77131],[139.41479,34.77094],[139.41379,34.77051],[139.41316,34.7703],[139.41235,34.76987],[139.41189,34.76951],[139.41105,34.76914],[139.40987,34.76876],[139.40935,34.76863],[139.40892,34.76863],[139.40927,34.76911],[139.40903,34.76967],[139.40886,34.7709],[139.40885,34.77125],[139.40893,34.77186],[139.40903,34.77256],[139.40919,34.77324],[139.40887,34.77436],[139.40836,34.77574],[139.40753,34.77655],[139.40873,34.77676],[139.40877,34.77659],[139.40951,34.77641],[139.41063,34.77648],[139.41077,34.77663],[139.41124,34.77667],[139.4112,34.7769],[139.41125,34.77706],[139.41147,34.77713],[139.41206,34.77705]]]}},{"type":"Feature","properties":{"id":"area-13361004010","name":"泉津字込内"},"geometry":{"type":"Polygon","coordinates":[[[139.40307,34.77915],[139.40312,34.77886],[139.40309,34.77852],[139.40303,34.77825],[139.40292,34.77803],[139.40256,34.77755],[139.40257,34.77736],[139.40286,34.77712],[139.40319,34.77695],[139.40342,34.77675],[139.40339,34.77625],[139.40352,34.77596],[139.40367,34.77579],[139.40394,34.77567],[139.40451,34.77551],[139.4046,34.77505],[139.40515,34.77359],[139.40524,34.77325],[139.40529,34.77294],[139.40525,34.77241],[139.40547,34.77164],[139.40567,34.77058],[139.40583,34.77021],[139.40641,34.77028],[139.40712,34.77029],[139.4074,34.77025],[139.40769,34.77007],[139.40785,34.76978],[139.408,34.76896],[139.40811,34.76867],[139.40813,34.76837],[139.40785,34.76812],[139.40718,34.76801],[139.40696,34.76791],[139.40672,34.76792],[139.40487,34.76833],[139.40419,34.76853],[139.40334,34.76896],[139.40316,34.7691],[139.40282,34.76948],[139.40251,34.76971],[139.40226,34.76973],[139.40203,34.76969],[139.40164,34.76968],[139.40116,34.76976],[139.40083,34.76975],[139.40006,34.76964],[139.39986,34.76995],[139.39935,34.7704],[139.39877,34.771],[139.3986,34.77129],[139.39869,34.77246],[139.39872,34.77503],[139.39857,34.7756],[139.39857,34.77587],[139.39879,34.77647],[139.39885,34.77691],[139.3988,34.77751],[139.39896,34.77782],[139.39899,34.77802],[139.39894,34.7784],[139.39893,34.77957],[139.39915,34.77953],[139.39929,34.77955],[139.39942,34.77947],[139.39959,34.77941],[139.4004,34.77951],[139.40044,34.77921],[139.40035,34.77844],[139.4004,34.77838],[139.40066,34.77841],[139.40127,34.77859],[139.40184,34.77864],[139.40178,34.7791],[139.40244,34.77925],[139.40285,34.77923],[139.40307,34.77915]]]}},{"type":"Feature","properties":{"id":"area-13361004011","name":"泉津字峠"},"geometry":{"type":"Polygon","coordinates":[[[139.40753,34.77655],[139.40836,34.77574],[139.40887,34.77436],[139.40919,34.77324],[139.40903,34.77256],[139.40893,34.77186],[139.40885,34.77125],[139.40886,34.7709],[139.40903,34.76967],[139.40927,34.76911],[139.40892,34.76863],[139.40854,34.76868],[139.40829,34.76856],[139.40813,34.76837],[139.40811,34.76867],[139.408,34.76896],[139.40785,34.76978],[139.40769,34.77007],[139.4074,34.77025],[139.40712,34.77029],[139.40641,34.77028],[139.40583,34.77021],[139.40567,34.77058],[139.40547,34.77164],[139.40525,34.77241],[139.40529,34.77294],[139.40524,34.77325],[139.40515,34.77359],[139.4046,34.77505],[139.40451,34.77551],[139.40484,34.77552],[139.40516,34.77561],[139.40533,34.77572],[139.40542,34.77588],[139.40553,34.77599],[139.40599,34.77595],[139.40634,34.77601],[139.40691,34.77624],[139.40753,34.77655]]]}},{"type":"Feature","properties":{"id":"area-13361004012","name":"泉津字波牛"},"geometry":{"type":"Polygon","coordinates":[[[139.41189,34.78274],[139.41186,34.78266],[139.4122,34.78234],[139.4122,34.78205],[139.41213,34.78182],[139.41227,34.78168],[139.41247,34.78173],[139.41278,34.78164],[139.41292,34.7814],[139.41283,34.78133],[139.41241,34.78146],[139.41203,34.78131],[139.41165,34.78104],[139.41183,34.7807],[139.41174,34.78063],[139.41135,34.7807],[139.41123,34.78053],[139.41122,34.78022],[139.41146,34.77897],[139.41172,34.77871],[139.4119,34.77839],[139.41211,34.77819],[139.41206,34.77705],[139.41147,34.77713],[139.41125,34.77706],[139.4112,34.7769],[139.41124,34.77667],[139.41077,34.77663],[139.41063,34.77648],[139.40951,34.77641],[139.40877,34.77659],[139.40873,34.77676],[139.40753,34.77655],[139.40691,34.77624],[139.40634,34.77601],[139.40599,34.77595],[139.40553,34.77599],[139.40542,34.77588],[139.40533,34.77572],[139.40516,34.77561],[139.40484,34.77552],[139.40451,34.77551],[139.40394,34.77567],[139.40367,34.77579],[139.40352,34.77596],[139.40339,34.77625],[139.40342,34.77675],[139.40319,34.77695],[139.40286,34.77712],[139.40257,34.77736],[139.40256,34.77755],[139.40292,34.77803],[139.40303,34.77825],[139.40309,34.77852],[139.40312,34.77886],[139.40307,34.77915],[139.40415,34.77964],[139.40471,34.78016],[139.40553,34.78073],[139.40624,34.78058],[139.40695,34.78061],[139.40716,34.78157],[139.40753,34.78195],[139.40839,34.78239],[139.40946,34.78273],[139.40997,34.7831],[139.41052,34.78381],[139.41087,34.78377],[139.41095,34.78349],[139.41112,34.78321],[139.4114,34.78312],[139.41172,34.78277],[139.41189,34.78274]]]}},{"type":"Feature","properties":{"id":"area-13361004013","name":"泉津字木積場"},"geometry":{"type":"Polygon","coordinates":[[[139.39893,34.77957],[139.39894,34.7784],[139.39899,34.77802],[139.39896,34.77782],[139.3988,34.77751],[139.39885,34.77691],[139.39879,34.77647],[139.39857,34.77587],[139.39857,34.7756],[139.39872,34.77503],[139.39869,34.77246],[139.3986,34.77129],[139.39877,34.771],[139.39935,34.7704],[139.39986,34.76995],[139.40006,34.76964],[139.40083,34.76975],[139.40116,34.76976],[139.40164,34.76968],[139.40203,34.76969],[139.40226,34.76973],[139.40251,34.76971],[139.40282,34.76948],[139.40316,34.7691],[139.40334,34.76896],[139.40419,34.76853],[139.40487,34.76833],[139.40607,34.76806],[139.40672,34.76792],[139.40696,34.76791],[139.40718,34.76801],[139.40785,34.76812],[139.40829,34.76856],[139.40854,34.76868],[139.40885,34.76863],[139.40935,34.76863],[139.40987,34.76876],[139.41105,34.76914],[139.41189,34.76951],[139.41235,34.76987],[139.41316,34.7703],[139.41379,34.77051],[139.41479,34.77094],[139.41575,34.77131],[139.41611,34.77149],[139.41646,34.77174],[139.41695,34.77225],[139.4172,34.77267],[139.41749,34.77302],[139.41775,34.77352],[139.41799,34.77372],[139.41826,34.77383],[139.41852,34.7735],[139.41902,34.7732],[139.41937,34.77304],[139.41992,34.77296],[139.42064,34.77291],[139.42196,34.77288],[139.42303,34.77302],[139.42365,34.77317],[139.425,34.77362],[139.42535,34.77355],[139.42571,34.77367],[139.4267,34.77372],[139.42765,34.77439],[139.42832,34.77445],[139.42815,34.77411],[139.42774,34.77376],[139.42744,34.77321],[139.42731,34.77219],[139.42732,34.77215],[139.42742,34.77207],[139.42725,34.77165],[139.42696,34.77125],[139.42696,34.77062],[139.4269,34.77042],[139.42678,34.77022],[139.42672,34.77013],[139.42646,34.76996],[139.42616,34.76981],[139.4259,34.76972],[139.42557,34.76948],[139.42555,34.76931],[139.42515,34.76904],[139.42497,34.76882],[139.42491,34.76865],[139.42519,34.76865],[139.42542,34.76856],[139.42576,34.76836],[139.42614,34.76819],[139.42625,34.7681],[139.42636,34.7681],[139.42649,34.76796],[139.42669,34.76791],[139.42689,34.76779],[139.42691,34.76771],[139.42687,34.76757],[139.42694,34.76741],[139.42698,34.76681],[139.42682,34.76658],[139.42678,34.76646],[139.4268,34.7664],[139.42695,34.76625],[139.42724,34.76614],[139.42767,34.76585],[139.42796,34.76591],[139.42843,34.76577],[139.4287,34.76553],[139.42908,34.76548],[139.42917,34.76538],[139.42935,34.76529],[139.42949,34.76514],[139.42977,34.76517],[139.42979,34.76509],[139.42995,34.76502],[139.42998,34.76488],[139.42842,34.76402],[139.42837,34.76408],[139.4278,34.76383],[139.42768,34.76405],[139.4276,34.76411],[139.42745,34.76415],[139.42732,34.7641],[139.42703,34.76366],[139.42691,34.76335],[139.42672,34.76326],[139.42656,34.76323],[139.42639,34.76314],[139.42619,34.76297],[139.42614,34.76283],[139.42597,34.76263],[139.42605,34.7624],[139.42607,34.76223],[139.42605,34.76217],[139.42565,34.76167],[139.42561,34.76156],[139.4257,34.76142],[139.42581,34.76115],[139.42574,34.76098],[139.42576,34.76087],[139.42534,34.76043],[139.42487,34.76002],[139.42453,34.75998],[139.42417,34.7601],[139.42263,34.75889],[139.42246,34.75868],[139.42211,34.75849],[139.42181,34.75824],[139.422,34.75776],[139.42181,34.75767],[139.42126,34.75753],[139.42098,34.75756],[139.4208,34.75747],[139.42057,34.75729],[139.42026,34.75736],[139.42005,34.75747],[139.41984,34.75791],[139.41974,34.75806],[139.41953,34.75823],[139.41892,34.75796],[139.41834,34.7576],[139.41797,34.75731],[139.41782,34.75726],[139.41729,34.75717],[139.41701,34.7572],[139.4166,34.75708],[139.41594,34.75697],[139.41575,34.75688],[139.41507,34.7568],[139.41453,34.7567],[139.41421,34.75677],[139.4136,34.75697],[139.40999,34.7556],[139.40949,34.75523],[139.40923,34.75531],[139.40894,34.75513],[139.40831,34.75499],[139.40828,34.75486],[139.40818,34.75468],[139.40818,34.75446],[139.40806,34.75414],[139.40792,34.75413],[139.40779,34.75405],[139.4075,34.75396],[139.40724,34.75401],[139.40633,34.75391],[139.40549,34.75389],[139.40522,34.75398],[139.40476,34.75394],[139.40445,34.75384],[139.40416,34.75342],[139.40093,34.75195],[139.40082,34.75129],[139.40076,34.7511],[139.40034,34.75053],[139.40006,34.75026],[139.39982,34.75011],[139.39983,34.7495],[139.39994,34.74897],[139.40025,34.74793],[139.40056,34.74709],[139.39842,34.74621],[139.39632,34.75115],[139.39636,34.75123],[139.39675,34.75165],[139.39728,34.75187],[139.39777,34.75212],[139.39787,34.7526],[139.39793,34.75261],[139.39793,34.75292],[139.39813,34.75314],[139.39861,34.75378],[139.3993,34.75438],[139.39932,34.75474],[139.39898,34.75487],[139.39898,34.75493],[139.39899,34.75502],[139.39918,34.75544],[139.39916,34.75554],[139.39938,34.75599],[139.39928,34.75616],[139.39914,34.75662],[139.3989,34.75699],[139.3992,34.75718],[139.39904,34.75798],[139.39911,34.75815],[139.39912,34.75829],[139.39888,34.7589],[139.39887,34.7593],[139.39896,34.75974],[139.39885,34.75998],[139.3987,34.76118],[139.39885,34.76133],[139.39897,34.76199],[139.39898,34.76226],[139.39885,34.76243],[139.39845,34.76283],[139.39831,34.76301],[139.39833,34.76326],[139.3983,34.76346],[139.39837,34.76376],[139.39838,34.76402],[139.39838,34.76435],[139.39833,34.76468],[139.39833,34.76512],[139.39841,34.76557],[139.39819,34.76593],[139.39825,34.76623],[139.39812,34.76641],[139.39816,34.76716],[139.39841,34.76736],[139.3986,34.76758],[139.39868,34.76772],[139.39868,34.76786],[139.39863,34.7681],[139.3984,34.76858],[139.39775,34.76892],[139.39711,34.76968],[139.39688,34.77014],[139.39655,34.77049],[139.3965,34.7708],[139.39657,34.77119],[139.39671,34.7715],[139.3967,34.77173],[139.39655,34.7719],[139.39682,34.7723],[139.39686,34.77239],[139.39685,34.77255],[139.3966,34.77301],[139.39641,34.77325],[139.39635,34.7734],[139.39643,34.77385],[139.39656,34.77436],[139.39681,34.77494],[139.39598,34.77607],[139.39606,34.77662],[139.39577,34.77776],[139.39602,34.77802],[139.39602,34.77811],[139.39579,34.77815],[139.39579,34.77847],[139.39612,34.7785],[139.39729,34.77886],[139.39715,34.77927],[139.39769,34.77939],[139.39819,34.77968],[139.39834,34.7797],[139.39844,34.7796],[139.39857,34.77957],[139.39873,34.77963],[139.39885,34.77962],[139.39893,34.77957]]]}},{"type":"Feature","properties":{"id":"area-13361004014","name":"泉津字福重"},"geometry":{"type":"Polygon","coordinates":[[[139.42888,34.77526],[139.42928,34.77547],[139.42936,34.77544],[139.42936,34.77538],[139.4293,34.77536],[139.42946,34.77518],[139.42985,34.77513],[139.4299,34.77501],[139.43003,34.77506],[139.43006,34.77501],[139.43033,34.77486],[139.43028,34.77472],[139.43034,34.7747],[139.43038,34.77463],[139.43031,34.77453],[139.43026,34.77436],[139.43052,34.77424],[139.43058,34.77411],[139.43056,34.77406],[139.43069,34.77392],[139.43086,34.77385],[139.43093,34.77377],[139.4311,34.77368],[139.43124,34.77369],[139.43123,34.77361],[139.43126,34.77354],[139.43147,34.77347],[139.43157,34.77349],[139.43161,34.77344],[139.43156,34.77341],[139.43159,34.77338],[139.43173,34.77335],[139.43181,34.7733],[139.43204,34.77334],[139.43217,34.77329],[139.43226,34.77308],[139.43245,34.77291],[139.43243,34.77286],[139.43258,34.77282],[139.43268,34.77276],[139.43299,34.77274],[139.43293,34.77265],[139.43301,34.7726],[139.43298,34.77251],[139.43324,34.77257],[139.43325,34.77252],[139.43318,34.77248],[139.43315,34.77242],[139.4333,34.77228],[139.4334,34.77225],[139.43337,34.77215],[139.43345,34.77211],[139.4335,34.77196],[139.43353,34.77182],[139.4335,34.77175],[139.43357,34.77161],[139.43364,34.77131],[139.43384,34.77117],[139.43385,34.7711],[139.43394,34.77102],[139.43407,34.77082],[139.43414,34.77079],[139.43413,34.77075],[139.43423,34.77064],[139.43421,34.77059],[139.43429,34.77048],[139.43446,34.77036],[139.43454,34.77026],[139.43463,34.77021],[139.43479,34.77024],[139.43499,34.77018],[139.43512,34.77019],[139.43519,34.77017],[139.4352,34.77013],[139.43525,34.7701],[139.43534,34.77011],[139.43538,34.77004],[139.43563,34.77014],[139.43575,34.77013],[139.43573,34.77001],[139.43562,34.77002],[139.43557,34.76999],[139.4357,34.76991],[139.4357,34.76987],[139.43536,34.7698],[139.43542,34.76975],[139.43543,34.76966],[139.4355,34.76964],[139.43551,34.76958],[139.43547,34.7695],[139.43538,34.76945],[139.43539,34.76942],[139.4355,34.76923],[139.4355,34.76917],[139.43553,34.76916],[139.4356,34.76901],[139.43565,34.76899],[139.43564,34.76894],[139.43576,34.76889],[139.43575,34.76882],[139.43584,34.76875],[139.43597,34.76874],[139.43594,34.76867],[139.43596,34.76865],[139.43597,34.76855],[139.43603,34.7685],[139.43599,34.76837],[139.43621,34.76831],[139.43621,34.76819],[139.43626,34.76816],[139.43629,34.76819],[139.43633,34.76812],[139.43629,34.76811],[139.43629,34.76798],[139.43633,34.76795],[139.43639,34.76797],[139.43641,34.76789],[139.43659,34.76785],[139.43655,34.76771],[139.43656,34.76765],[139.4368,34.76759],[139.43681,34.7675],[139.43667,34.76743],[139.43676,34.76742],[139.43676,34.76739],[139.4367,34.76738],[139.43673,34.76716],[139.43681,34.76699],[139.43681,34.76685],[139.43686,34.76677],[139.4369,34.76676],[139.43688,34.76666],[139.43697,34.76657],[139.43706,34.7664],[139.43718,34.76588],[139.43728,34.76586],[139.43734,34.76576],[139.43724,34.76567],[139.43714,34.76564],[139.43714,34.76551],[139.43718,34.76549],[139.4372,34.76544],[139.43714,34.76534],[139.4371,34.76514],[139.43717,34.76493],[139.43718,34.76478],[139.43763,34.76465],[139.43767,34.7646],[139.43765,34.76448],[139.43754,34.7644],[139.43754,34.76436],[139.43765,34.76435],[139.4378,34.7644],[139.43791,34.76435],[139.43795,34.76413],[139.4379,34.76406],[139.43788,34.76394],[139.43795,34.76368],[139.43794,34.76359],[139.43786,34.76342],[139.43797,34.76331],[139.43808,34.76308],[139.4383,34.763],[139.43837,34.763],[139.43833,34.76292],[139.43845,34.76288],[139.43837,34.76279],[139.43841,34.76263],[139.43849,34.76252],[139.4385,34.76231],[139.43859,34.76224],[139.43863,34.76214],[139.4387,34.76208],[139.43886,34.76183],[139.43886,34.76174],[139.43876,34.76161],[139.43877,34.76154],[139.43885,34.76143],[139.43885,34.76123],[139.43893,34.76113],[139.43923,34.76106],[139.43924,34.76102],[139.43919,34.76088],[139.43927,34.76069],[139.43937,34.76055],[139.43939,34.76038],[139.43973,34.76021],[139.43957,34.76004],[139.43961,34.75982],[139.43966,34.75971],[139.4396,34.75959],[139.43977,34.75929],[139.43974,34.75921],[139.4398,34.7592],[139.43982,34.75917],[139.43979,34.75911],[139.43983,34.75895],[139.43992,34.75894],[139.43993,34.75891],[139.4399,34.75876],[139.44006,34.75859],[139.43895,34.75863],[139.43869,34.75842],[139.43868,34.75829],[139.43865,34.75825],[139.43832,34.75803],[139.43787,34.75785],[139.43655,34.75746],[139.43551,34.75693],[139.43495,34.75692],[139.43407,34.75657],[139.43368,34.75651],[139.43329,34.75638],[139.43258,34.75622],[139.43161,34.75586],[139.43127,34.75583],[139.4308,34.75584],[139.43042,34.7558],[139.43022,34.75585],[139.43016,34.75584],[139.42985,34.7566],[139.42917,34.75705],[139.42904,34.75719],[139.42895,34.75737],[139.42889,34.75762],[139.42872,34.75789],[139.42862,34.7582],[139.42862,34.75836],[139.42851,34.75863],[139.42829,34.7588],[139.4281,34.75908],[139.42817,34.75921],[139.4275,34.75962],[139.42726,34.75966],[139.42702,34.75984],[139.42665,34.76003],[139.42643,34.76024],[139.42636,34.76063],[139.42599,34.76085],[139.42576,34.76087],[139.42574,34.76098],[139.42581,34.76115],[139.4257,34.76142],[139.42561,34.76156],[139.42565,34.76167],[139.42605,34.76217],[139.42607,34.76223],[139.42605,34.7624],[139.42597,34.76263],[139.42614,34.76283],[139.42619,34.76297],[139.42639,34.76314],[139.42656,34.76323],[139.42672,34.76326],[139.42691,34.76335],[139.42703,34.76366],[139.42732,34.7641],[139.42745,34.76415],[139.4276,34.76411],[139.42768,34.76405],[139.4278,34.76383],[139.42837,34.76408],[139.42842,34.76402],[139.42998,34.76488],[139.42995,34.76502],[139.42979,34.76509],[139.42977,34.76517],[139.42949,34.76514],[139.42935,34.76529],[139.42917,34.76538],[139.42908,34.76548],[139.4287,34.76553],[139.42843,34.76577],[139.42796,34.76591],[139.42767,34.76585],[139.42724,34.76614],[139.42695,34.76625],[139.4268,34.7664],[139.42678,34.76646],[139.42682,34.76658],[139.42698,34.76681],[139.42694,34.76741],[139.42687,34.76757],[139.42691,34.76771],[139.42689,34.76779],[139.42669,34.76791],[139.42649,34.76796],[139.42636,34.7681],[139.42625,34.7681],[139.42614,34.76819],[139.42576,34.76836],[139.42542,34.76856],[139.42519,34.76865],[139.42491,34.76865],[139.42497,34.76882],[139.42515,34.76904],[139.42555,34.76931],[139.42557,34.76948],[139.4259,34.76972],[139.42616,34.76981],[139.42646,34.76996],[139.42672,34.77013],[139.42678,34.77022],[139.4269,34.77042],[139.42696,34.77062],[139.42696,34.77125],[139.42725,34.77165],[139.42742,34.77207],[139.42732,34.77215],[139.42731,34.77219],[139.42744,34.77321],[139.42774,34.77376],[139.42815,34.77411],[139.42832,34.77445],[139.42872,34.77464],[139.42886,34.77479],[139.42891,34.77499],[139.42888,34.77526]]]}},{"type":"Feature","properties":{"id":"area-13361004015","name":"泉津字原野"},"geometry":{"type":"Polygon","coordinates":[[[139.44006,34.75859],[139.44018,34.75844],[139.44018,34.75838],[139.44013,34.75835],[139.44023,34.75826],[139.44024,34.7581],[139.44034,34.75803],[139.44053,34.75799],[139.44058,34.75796],[139.44055,34.75789],[139.44044,34.75785],[139.44051,34.75776],[139.44054,34.75754],[139.44072,34.75745],[139.44088,34.75727],[139.44089,34.7572],[139.44102,34.75707],[139.44094,34.75698],[139.44109,34.75695],[139.4409,34.75675],[139.4409,34.75666],[139.44086,34.75658],[139.44082,34.75627],[139.44083,34.75623],[139.44089,34.75621],[139.44097,34.75625],[139.44103,34.75623],[139.44103,34.75615],[139.44112,34.75617],[139.44122,34.75612],[139.44125,34.75605],[139.44121,34.75596],[139.4413,34.75592],[139.44129,34.75589],[139.44118,34.75587],[139.44129,34.75579],[139.4411,34.75568],[139.4411,34.75564],[139.44133,34.75555],[139.44146,34.75541],[139.44148,34.7553],[139.44148,34.75526],[139.44124,34.75502],[139.44095,34.75499],[139.4409,34.75478],[139.44077,34.75468],[139.44069,34.75444],[139.44066,34.75419],[139.4406,34.75405],[139.4406,34.7538],[139.44055,34.75364],[139.44056,34.75324],[139.4406,34.75298],[139.44078,34.75264],[139.44096,34.75239],[139.44104,34.75236],[139.4412,34.75192],[139.44139,34.75179],[139.44159,34.7518],[139.44174,34.75175],[139.44177,34.75169],[139.44176,34.7516],[139.44158,34.7515],[139.44159,34.75148],[139.44187,34.75139],[139.44194,34.75131],[139.44207,34.75123],[139.44205,34.75118],[139.44189,34.75104],[139.44198,34.75079],[139.44213,34.75068],[139.44214,34.75061],[139.44205,34.75048],[139.44207,34.75041],[139.4422,34.75039],[139.44218,34.75034],[139.44211,34.75032],[139.44213,34.75023],[139.44224,34.75023],[139.44227,34.7502],[139.44222,34.75015],[139.44209,34.75011],[139.44218,34.74996],[139.44224,34.74991],[139.44254,34.74981],[139.44257,34.74978],[139.44253,34.7497],[139.44266,34.74932],[139.44275,34.74934],[139.44283,34.74929],[139.44287,34.74922],[139.44284,34.74914],[139.4428,34.74913],[139.44267,34.74922],[139.44263,34.7492],[139.44266,34.74911],[139.44262,34.74902],[139.44268,34.74888],[139.44273,34.74883],[139.44276,34.74863],[139.44292,34.74861],[139.44295,34.74857],[139.44296,34.74852],[139.44283,34.74841],[139.44297,34.74809],[139.44342,34.74758],[139.44369,34.7474],[139.44409,34.74728],[139.4449,34.7472],[139.44504,34.74736],[139.44518,34.74765],[139.44529,34.74768],[139.44542,34.74764],[139.44565,34.74769],[139.44562,34.74735],[139.44572,34.74732],[139.44569,34.74723],[139.44575,34.74721],[139.44584,34.74724],[139.44591,34.74721],[139.44584,34.74697],[139.44572,34.7469],[139.44573,34.74688],[139.44582,34.74694],[139.44593,34.74691],[139.44598,34.74695],[139.44613,34.7468],[139.44615,34.74673],[139.4462,34.74675],[139.44627,34.74671],[139.44628,34.74658],[139.44635,34.74645],[139.44652,34.74639],[139.44662,34.74628],[139.4467,34.7461],[139.4468,34.74607],[139.44695,34.74569],[139.44694,34.74565],[139.44719,34.7454],[139.44718,34.74529],[139.44751,34.74529],[139.44756,34.74527],[139.44758,34.74515],[139.44755,34.74506],[139.4476,34.74494],[139.44779,34.74493],[139.44781,34.7448],[139.44793,34.74471],[139.44808,34.7445],[139.44814,34.74426],[139.44818,34.74422],[139.44816,34.74384],[139.44828,34.7438],[139.44833,34.74374],[139.44832,34.74371],[139.44822,34.74369],[139.44819,34.74365],[139.44823,34.74354],[139.44811,34.74348],[139.44811,34.74345],[139.44824,34.74342],[139.44825,34.74314],[139.44832,34.74305],[139.44848,34.74306],[139.44855,34.743],[139.4485,34.74292],[139.44839,34.74291],[139.44837,34.74278],[139.44861,34.74249],[139.44863,34.74234],[139.44876,34.74225],[139.44876,34.74221],[139.44866,34.74218],[139.44865,34.74202],[139.44884,34.74202],[139.44891,34.74198],[139.44885,34.74187],[139.44872,34.74177],[139.44871,34.74169],[139.44873,34.74166],[139.44907,34.74152],[139.44905,34.74144],[139.44886,34.74141],[139.44892,34.74123],[139.44892,34.74108],[139.44881,34.74092],[139.44881,34.74082],[139.44874,34.74066],[139.44876,34.74054],[139.44882,34.74047],[139.44902,34.74046],[139.44908,34.74033],[139.44923,34.74031],[139.44926,34.74026],[139.44917,34.74021],[139.44889,34.74026],[139.44878,34.74031],[139.44877,34.74037],[139.44869,34.74039],[139.44853,34.74004],[139.4484,34.73989],[139.44822,34.73958],[139.44819,34.7394],[139.44823,34.73911],[139.44828,34.73908],[139.44831,34.73889],[139.44848,34.73874],[139.44851,34.73868],[139.4484,34.7385],[139.4482,34.73843],[139.44817,34.73829],[139.44835,34.73815],[139.44849,34.73809],[139.44853,34.73798],[139.44852,34.73793],[139.44838,34.7379],[139.44829,34.73791],[139.44802,34.73814],[139.44799,34.73801],[139.44792,34.73804],[139.44787,34.73798],[139.44772,34.73792],[139.44756,34.73772],[139.44748,34.73755],[139.44735,34.73743],[139.44766,34.7372],[139.44769,34.73715],[139.44769,34.73709],[139.44764,34.73704],[139.44757,34.73702],[139.44734,34.7371],[139.44728,34.73707],[139.44711,34.73682],[139.44681,34.73654],[139.44679,34.73646],[139.44681,34.73627],[139.44671,34.73612],[139.44646,34.73601],[139.44617,34.73609],[139.44633,34.73574],[139.4463,34.7356],[139.44615,34.73555],[139.44568,34.73568],[139.44554,34.73566],[139.44545,34.73557],[139.44544,34.73541],[139.44538,34.73522],[139.44518,34.7351],[139.44496,34.73503],[139.44169,34.73759],[139.43647,34.73685],[139.43576,34.72752],[139.43019,34.72721],[139.42517,34.72592],[139.42385,34.72571],[139.4199,34.7242],[139.41539,34.72238],[139.40957,34.72009],[139.39842,34.74621],[139.40056,34.74709],[139.40025,34.74793],[139.39994,34.74897],[139.39983,34.7495],[139.39982,34.75011],[139.40006,34.75026],[139.40034,34.75053],[139.40076,34.7511],[139.40082,34.75129],[139.40093,34.75195],[139.40416,34.75342],[139.40445,34.75384],[139.40476,34.75394],[139.40522,34.75398],[139.40549,34.75389],[139.40633,34.75391],[139.40724,34.75401],[139.4075,34.75396],[139.40779,34.75405],[139.40792,34.75413],[139.40806,34.75414],[139.40818,34.75446],[139.40818,34.75468],[139.40828,34.75486],[139.40831,34.75499],[139.40894,34.75513],[139.40923,34.75531],[139.40949,34.75523],[139.40999,34.7556],[139.4136,34.75697],[139.41421,34.75677],[139.41453,34.7567],[139.41507,34.7568],[139.41575,34.75688],[139.41594,34.75697],[139.4166,34.75708],[139.41701,34.7572],[139.41729,34.75717],[139.41782,34.75726],[139.41797,34.75731],[139.41834,34.7576],[139.41892,34.75796],[139.41953,34.75823],[139.41974,34.75806],[139.41984,34.75791],[139.42005,34.75747],[139.42026,34.75736],[139.42057,34.75729],[139.4208,34.75747],[139.42098,34.75756],[139.42126,34.75753],[139.42184,34.75769],[139.422,34.75776],[139.42181,34.75824],[139.42211,34.75849],[139.42246,34.75868],[139.42263,34.75889],[139.42417,34.7601],[139.42453,34.75998],[139.42487,34.76002],[139.42534,34.76043],[139.42576,34.76087],[139.42599,34.76085],[139.42636,34.76063],[139.42643,34.76024],[139.42665,34.76003],[139.42702,34.75984],[139.42726,34.75966],[139.4275,34.75962],[139.42817,34.75921],[139.4281,34.75908],[139.42829,34.7588],[139.42851,34.75863],[139.42862,34.75836],[139.42862,34.7582],[139.42872,34.75789],[139.42889,34.75762],[139.42895,34.75737],[139.42904,34.75719],[139.42917,34.75705],[139.42985,34.7566],[139.43016,34.75584],[139.43022,34.75585],[139.43042,34.7558],[139.4308,34.75584],[139.43127,34.75583],[139.43161,34.75586],[139.43258,34.75622],[139.43329,34.75638],[139.43368,34.75651],[139.43407,34.75657],[139.43495,34.75692],[139.43551,34.75693],[139.43655,34.75746],[139.43787,34.75785],[139.43832,34.75803],[139.43865,34.75825],[139.43868,34.75829],[139.43869,34.75842],[139.43895,34.75863],[139.44006,34.75859]]]}},{"type":"Feature","properties":{"id":"area-13361004016","name":"泉津字河内"},"geometry":{"type":"Polygon","coordinates":[[[139.41717,34.78202],[139.41727,34.78187],[139.4174,34.78176],[139.41794,34.78149],[139.41791,34.78118],[139.41797,34.78105],[139.41799,34.7806],[139.41832,34.78026],[139.41765,34.77936],[139.41773,34.77908],[139.41793,34.77888],[139.41779,34.77897],[139.41751,34.77899],[139.41699,34.77876],[139.41665,34.77997],[139.41643,34.7802],[139.41647,34.7804],[139.41614,34.78177],[139.41595,34.782],[139.41576,34.78211],[139.41593,34.78223],[139.41616,34.78226],[139.41717,34.78202]]]}},{"type":"Feature","properties":{"id":"area-133610050","name":"波浮港"},"geometry":{"type":"MultiPolygon","coordinates":[[[[139.44682,34.71186],[139.44674,34.7119],[139.44656,34.71171],[139.44596,34.71149],[139.4456,34.71112],[139.44551,34.71091],[139.44526,34.71083],[139.44487,34.71059],[139.44484,34.71049],[139.44475,34.71042],[139.44452,34.71011],[139.44448,34.71001],[139.44441,34.70931],[139.44419,34.70892],[139.44411,34.70854],[139.44404,34.7079],[139.44392,34.70759],[139.44394,34.70739],[139.44386,34.70718],[139.44394,34.70694],[139.44372,34.70647],[139.44372,34.70621],[139.44365,34.70558],[139.44367,34.70552],[139.44362,34.70543],[139.44361,34.70516],[139.44348,34.70478],[139.44357,34.70434],[139.44356,34.70354],[139.44369,34.70316],[139.44392,34.70279],[139.44418,34.70248],[139.44435,34.70234],[139.44468,34.70218],[139.44475,34.70208],[139.44528,34.70172],[139.44555,34.70144],[139.44552,34.70139],[139.44555,34.70126],[139.4462,34.7006],[139.44657,34.70044],[139.44674,34.70042],[139.44687,34.70032],[139.44723,34.70022],[139.44744,34.70007],[139.44756,34.70003],[139.4477,34.70003],[139.44776,34.69996],[139.44786,34.69993],[139.44789,34.6998],[139.44794,34.69973],[139.44822,34.69953],[139.44852,34.69923],[139.44883,34.699],[139.44907,34.6987],[139.44938,34.69847],[139.44945,34.69837],[139.44948,34.69816],[139.44946,34.69806],[139.44937,34.69804],[139.44933,34.69792],[139.44946,34.69743],[139.44955,34.69728],[139.44984,34.6971],[139.44997,34.69695],[139.45001,34.69681],[139.45,34.69653],[139.44946,34.69589],[139.44935,34.69564],[139.44895,34.69523],[139.44897,34.69508],[139.44895,34.69504],[139.44885,34.69499],[139.44869,34.69501],[139.44857,34.69485],[139.448,34.69471],[139.44762,34.69451],[139.44746,34.69435],[139.4472,34.69396],[139.44715,34.6938],[139.44683,34.69341],[139.4468,34.69328],[139.44667,34.69306],[139.4466,34.69257],[139.44626,34.69185],[139.44624,34.69162],[139.44629,34.69135],[139.4462,34.69128],[139.44616,34.69117],[139.446,34.6905],[139.44605,34.69033],[139.44602,34.69021],[139.44583,34.68996],[139.44569,34.68984],[139.44565,34.68974],[139.44546,34.68956],[139.44533,34.68955],[139.44513,34.68945],[139.44493,34.68946],[139.44469,34.68937],[139.4446,34.68926],[139.4444,34.68889],[139.44431,34.68844],[139.44438,34.68838],[139.44449,34.68839],[139.44453,34.68837],[139.44457,34.68826],[139.44442,34.68825],[139.44437,34.6882],[139.44439,34.68803],[139.44454,34.68783],[139.44455,34.68776],[139.44455,34.68759],[139.44451,34.68755],[139.44447,34.68739],[139.44452,34.68731],[139.44454,34.6871],[139.44461,34.68697],[139.44451,34.68623],[139.44463,34.68594],[139.44471,34.68589],[139.44468,34.68568],[139.44473,34.68553],[139.44475,34.68521],[139.44486,34.68505],[139.44484,34.68465],[139.44482,34.68456],[139.44476,34.68451],[139.44464,34.68445],[139.44431,34.68451],[139.44415,34.68451],[139.4438,34.68432],[139.44359,34.68429],[139.44353,34.68425],[139.44332,34.68424],[139.44318,34.68439],[139.443,34.68439],[139.44286,34.68443],[139.44283,34.68442],[139.44283,34.68433],[139.44264,34.68429],[139.44257,34.68434],[139.44254,34.68451],[139.4425,34.68453],[139.44222,34.68457],[139.44221,34.6846],[139.44235,34.68473],[139.44231,34.68481],[139.44187,34.68493],[139.44169,34.68493],[139.44145,34.68505],[139.44068,34.68517],[139.44053,34.68514],[139.43997,34.68524],[139.43981,34.68537],[139.43978,34.68534],[139.43967,34.68542],[139.43937,34.68537],[139.43935,34.68544],[139.43941,34.68545],[139.43915,34.68615],[139.43919,34.68619],[139.43905,34.68659],[139.43894,34.68667],[139.43887,34.6866],[139.43882,34.68664],[139.43943,34.68722],[139.43936,34.6876],[139.43927,34.68775],[139.43877,34.68822],[139.43788,34.68869],[139.43738,34.68875],[139.43721,34.68873],[139.43661,34.68809],[139.43639,34.68746],[139.43639,34.68742],[139.43643,34.68741],[139.43656,34.6869],[139.43648,34.68685],[139.43683,34.68643],[139.43725,34.6862],[139.43727,34.68582],[139.43743,34.68551],[139.43747,34.68553],[139.4378,34.68507],[139.43833,34.68506],[139.43852,34.68495],[139.43852,34.68485],[139.43859,34.68471],[139.43858,34.6846],[139.43893,34.68397],[139.43907,34.68394],[139.4386,34.68389],[139.43763,34.68466],[139.43742,34.6849],[139.43731,34.68474],[139.43716,34.68434],[139.43698,34.68397],[139.43677,34.68416],[139.43671,34.6845],[139.43664,34.68461],[139.43623,34.68503],[139.43597,34.68522],[139.43577,34.68541],[139.43571,34.68615],[139.43572,34.68725],[139.43606,34.68841],[139.43575,34.68865],[139.43555,34.68888],[139.43535,34.68934],[139.43574,34.68959],[139.43625,34.68975],[139.43674,34.69044],[139.43823,34.69187],[139.43909,34.69319],[139.43866,34.69346],[139.43867,34.69363],[139.43854,34.69422],[139.43819,34.6946],[139.43739,34.69497],[139.43691,34.69527],[139.43731,34.69554],[139.43743,34.69583],[139.43751,34.69683],[139.43821,34.69886],[139.43859,34.69884],[139.4387,34.69905],[139.43894,34.69932],[139.43974,34.69974],[139.4401,34.70001],[139.44024,34.70041],[139.44016,34.70158],[139.44005,34.70201],[139.43991,34.70231],[139.43964,34.70261],[139.43926,34.70285],[139.43895,34.70315],[139.4386,34.70338],[139.43838,34.70393],[139.4386,34.70427],[139.43896,34.70463],[139.43926,34.70503],[139.43945,34.70537],[139.43954,34.70571],[139.4394,34.70658],[139.43957,34.70681],[139.43993,34.70701],[139.44048,34.70766],[139.4407,34.7082],[139.44105,34.70886],[139.44125,34.70931],[139.44139,34.70979],[139.44158,34.71026],[139.44191,34.71065],[139.4429,34.71131],[139.44348,34.71181],[139.44389,34.71226],[139.44449,34.71261],[139.44515,34.71294],[139.44562,34.7131],[139.44592,34.71325],[139.44611,34.71341],[139.44636,34.7135],[139.44661,34.71347],[139.44674,34.71331],[139.44672,34.71285],[139.44674,34.71249],[139.44689,34.71206],[139.44682,34.71186]]],[[[139.44517,34.7063],[139.44502,34.70632],[139.44498,34.7064],[139.44504,34.70644],[139.4451,34.70643],[139.44517,34.7063]]]]}},{"type":"Feature","properties":{"id":"area-13361006000","name":"差木地"},"geometry":{"type":"Polygon","coordinates":[[[139.40222,34.70285],[139.40242,34.70278],[139.40285,34.70286],[139.40302,34.70284],[139.40314,34.70271],[139.40309,34.70246],[139.40286,34.70201],[139.40285,34.70176],[139.40297,34.70149],[139.40329,34.70098],[139.40335,34.70085],[139.40328,34.70066],[139.40347,34.70034],[139.40345,34.70007],[139.40338,34.69975],[139.40399,34.69955],[139.40459,34.69927],[139.40527,34.69874],[139.4056,34.69909],[139.40569,34.69932],[139.40579,34.6994],[139.40596,34.69939],[139.40629,34.69898],[139.40642,34.699],[139.40656,34.69907],[139.40673,34.69909],[139.40701,34.69894],[139.40734,34.69837],[139.40757,34.69786],[139.40767,34.69778],[139.40785,34.69774],[139.40802,34.69777],[139.40818,34.69789],[139.40826,34.69805],[139.40802,34.69854],[139.40763,34.69887],[139.40793,34.69873],[139.4081,34.6987],[139.40829,34.69874],[139.40845,34.69891],[139.40861,34.69945],[139.40868,34.69952],[139.40879,34.69955],[139.40895,34.69952],[139.40914,34.69919],[139.40951,34.69841],[139.40958,34.69811],[139.40975,34.69776],[139.40992,34.69754],[139.41011,34.69737],[139.41046,34.69716],[139.41077,34.6971],[139.41117,34.69711],[139.41143,34.69715],[139.41165,34.69722],[139.412,34.69749],[139.41211,34.69753],[139.41223,34.69753],[139.4124,34.6971],[139.41265,34.69691],[139.41281,34.69685],[139.41296,34.697],[139.413,34.69715],[139.41293,34.69733],[139.41293,34.69787],[139.41299,34.698],[139.41308,34.69809],[139.41325,34.69813],[139.41372,34.69797],[139.41389,34.69797],[139.41402,34.698],[139.41405,34.69838],[139.4141,34.69849],[139.41431,34.69851],[139.41498,34.69833],[139.41507,34.69853],[139.415,34.69879],[139.41484,34.69915],[139.41482,34.69931],[139.41488,34.69949],[139.41505,34.69967],[139.41526,34.69963],[139.4156,34.69969],[139.41605,34.69987],[139.41618,34.69999],[139.41635,34.69975],[139.41667,34.69945],[139.41681,34.69915],[139.41707,34.69919],[139.41788,34.69952],[139.4186,34.6999],[139.41898,34.7],[139.41955,34.70031],[139.41969,34.69993],[139.41981,34.69849],[139.4199,34.69831],[139.4201,34.69817],[139.4203,34.69819],[139.42122,34.6984],[139.42183,34.69865],[139.42207,34.6987],[139.4225,34.6987],[139.42333,34.69841],[139.42369,34.69852],[139.42432,34.69865],[139.42462,34.69865],[139.42481,34.69859],[139.4248,34.69856],[139.42466,34.69839],[139.42443,34.69828],[139.42408,34.69799],[139.42401,34.69779],[139.42402,34.69757],[139.42415,34.69744],[139.42443,34.69735],[139.42473,34.69729],[139.4249,34.69719],[139.42515,34.69682],[139.42554,34.6968],[139.42629,34.69661],[139.42644,34.69679],[139.42668,34.697],[139.42686,34.69698],[139.4273,34.69669],[139.42749,34.6966],[139.42765,34.69657],[139.42772,34.69673],[139.42763,34.69723],[139.42769,34.69801],[139.42807,34.69807],[139.42841,34.69818],[139.42872,34.69832],[139.42999,34.69914],[139.43106,34.7001],[139.4316,34.70085],[139.43176,34.70093],[139.43188,34.70111],[139.43205,34.70123],[139.43219,34.70125],[139.43225,34.70123],[139.43215,34.70093],[139.43214,34.70061],[139.43237,34.70024],[139.43305,34.6994],[139.43349,34.69895],[139.43386,34.69863],[139.43414,34.6985],[139.43463,34.69848],[139.43551,34.6986],[139.43611,34.69881],[139.43632,34.69901],[139.43656,34.69911],[139.43701,34.69918],[139.43742,34.69939],[139.43768,34.69949],[139.43798,34.69953],[139.43853,34.69952],[139.43859,34.69884],[139.43821,34.69886],[139.43751,34.69683],[139.43743,34.69583],[139.43731,34.69554],[139.43691,34.69527],[139.43739,34.69497],[139.43819,34.6946],[139.43854,34.69422],[139.43867,34.69363],[139.43866,34.69346],[139.43909,34.69319],[139.43823,34.69187],[139.43674,34.69044],[139.43625,34.68975],[139.43574,34.68959],[139.43584,34.69057],[139.43525,34.69104],[139.43502,34.69112],[139.43435,34.69106],[139.43359,34.69113],[139.43331,34.69117],[139.43274,34.69137],[139.43229,34.69169],[139.4318,34.69221],[139.43142,34.69246],[139.43129,34.69258],[139.43078,34.69274],[139.43035,34.69278],[139.43013,34.69274],[139.42905,34.69217],[139.42875,34.69206],[139.42849,34.69204],[139.42817,34.69209],[139.42764,34.69253],[139.42709,34.69247],[139.42698,34.69244],[139.42656,34.69205],[139.42646,34.692],[139.42558,34.69177],[139.42545,34.69181],[139.42539,34.69169],[139.42563,34.69136],[139.42596,34.69101],[139.42601,34.69065],[139.42594,34.69034],[139.42627,34.69031],[139.42631,34.69018],[139.42643,34.69009],[139.42658,34.69004],[139.4267,34.68992],[139.42678,34.68931],[139.42675,34.68886],[139.42742,34.6883],[139.42775,34.68788],[139.42793,34.68774],[139.42852,34.68748],[139.4287,34.68738],[139.42884,34.68724],[139.42865,34.68701],[139.42847,34.68671],[139.42832,34.6864],[139.42834,34.68638],[139.42803,34.68636],[139.4279,34.68613],[139.42807,34.68588],[139.42805,34.68577],[139.42781,34.68565],[139.42763,34.6854],[139.42751,34.68498],[139.42714,34.6848],[139.4269,34.68454],[139.42668,34.68402],[139.42636,34.68378],[139.42576,34.68384],[139.42572,34.6838],[139.42549,34.68256],[139.42519,34.68265],[139.42453,34.6827],[139.42437,34.68278],[139.42437,34.68267],[139.42434,34.6826],[139.4242,34.68269],[139.42416,34.68278],[139.42409,34.68279],[139.42407,34.68257],[139.42402,34.6825],[139.42408,34.68238],[139.42399,34.6822],[139.424,34.68211],[139.42406,34.68208],[139.42408,34.68199],[139.42399,34.68196],[139.42406,34.68179],[139.42407,34.68166],[139.42402,34.68171],[139.42402,34.68159],[139.42387,34.68161],[139.42388,34.68156],[139.42383,34.68157],[139.4238,34.6816],[139.42381,34.68171],[139.4237,34.6818],[139.42369,34.68189],[139.42384,34.68205],[139.42382,34.68212],[139.42342,34.68205],[139.42332,34.6821],[139.42315,34.68212],[139.4231,34.68205],[139.42305,34.68221],[139.42294,34.68228],[139.42289,34.68225],[139.42287,34.68213],[139.42283,34.6821],[139.4228,34.68213],[139.4228,34.68226],[139.42277,34.68234],[139.42269,34.68234],[139.42257,34.68228],[139.42252,34.68236],[139.4224,34.68236],[139.42229,34.6825],[139.42221,34.68248],[139.42213,34.68253],[139.42078,34.68238],[139.41997,34.68212],[139.41976,34.68198],[139.41969,34.68198],[139.41963,34.68192],[139.41954,34.68195],[139.41938,34.68194],[139.41901,34.68176],[139.4188,34.68171],[139.4186,34.68159],[139.41848,34.68158],[139.41829,34.68147],[139.41789,34.68141],[139.41778,34.68143],[139.41761,34.68135],[139.41742,34.68135],[139.41735,34.68131],[139.41728,34.68121],[139.41711,34.68122],[139.41664,34.68114],[139.41658,34.6811],[139.41655,34.68087],[139.41643,34.6809],[139.41642,34.68102],[139.41638,34.68107],[139.41615,34.68105],[139.4161,34.68101],[139.41605,34.68079],[139.41601,34.68077],[139.4157,34.68093],[139.41572,34.68104],[139.41564,34.68123],[139.41569,34.68128],[139.41563,34.68138],[139.41529,34.68124],[139.41518,34.68107],[139.41531,34.68099],[139.41531,34.6809],[139.41527,34.68087],[139.41516,34.68084],[139.41505,34.68093],[139.41489,34.68078],[139.4147,34.68069],[139.41454,34.68068],[139.41402,34.68075],[139.4139,34.68082],[139.41364,34.68078],[139.4136,34.68093],[139.41367,34.68094],[139.41363,34.68106],[139.41368,34.68112],[139.41379,34.68111],[139.41382,34.68101],[139.41456,34.68089],[139.41506,34.68109],[139.41519,34.68133],[139.4151,34.68146],[139.41492,34.68138],[139.41473,34.68136],[139.41385,34.68138],[139.41378,34.68132],[139.41378,34.68127],[139.41365,34.68126],[139.41359,34.68129],[139.41357,34.68138],[139.41347,34.68143],[139.41348,34.68153],[139.41338,34.68148],[139.41331,34.68152],[139.41332,34.68159],[139.41344,34.68164],[139.41344,34.68167],[139.41338,34.68168],[139.41329,34.68163],[139.41323,34.68165],[139.41317,34.68178],[139.41298,34.68183],[139.41293,34.68181],[139.41289,34.68169],[139.41281,34.68175],[139.41272,34.68171],[139.41264,34.68161],[139.41251,34.68163],[139.41252,34.68152],[139.41249,34.68147],[139.41205,34.68138],[139.4118,34.68147],[139.41153,34.68151],[139.41135,34.68161],[139.41121,34.68162],[139.41116,34.68159],[139.41115,34.68153],[139.41103,34.68148],[139.41097,34.6813],[139.4108,34.68122],[139.41058,34.68125],[139.41051,34.68122],[139.4106,34.68111],[139.41066,34.68096],[139.41059,34.68081],[139.41053,34.68077],[139.41015,34.68073],[139.41003,34.68077],[139.40999,34.68076],[139.41003,34.6807],[139.41035,34.6807],[139.41039,34.68067],[139.41038,34.68064],[139.40973,34.68062],[139.40937,34.6807],[139.40871,34.68112],[139.40859,34.68102],[139.40854,34.68092],[139.40855,34.68082],[139.40861,34.68072],[139.40846,34.68063],[139.40832,34.68072],[139.40821,34.68072],[139.40821,34.68078],[139.40816,34.68081],[139.40795,34.68082],[139.40784,34.68091],[139.4078,34.68086],[139.40774,34.68086],[139.40772,34.68089],[139.40775,34.68099],[139.40769,34.68104],[139.40773,34.68107],[139.40783,34.68108],[139.40786,34.6811],[139.40783,34.68113],[139.40764,34.68114],[139.40757,34.68107],[139.40752,34.68114],[139.40749,34.68113],[139.40745,34.68103],[139.40739,34.68101],[139.40721,34.6811],[139.40718,34.68106],[139.40721,34.68101],[139.40738,34.68096],[139.40734,34.68091],[139.40716,34.68099],[139.40704,34.68098],[139.40701,34.68102],[139.40699,34.68112],[139.4069,34.68109],[139.40686,34.6811],[139.40694,34.68121],[139.40693,34.68126],[139.4069,34.68127],[139.40668,34.68104],[139.40662,34.68104],[139.40657,34.68113],[139.40658,34.6813],[139.40637,34.68137],[139.40619,34.68155],[139.40595,34.68154],[139.40592,34.68158],[139.40598,34.68164],[139.40596,34.68166],[139.40587,34.68168],[139.40567,34.68161],[139.40553,34.6816],[139.40548,34.68163],[139.40529,34.68194],[139.40518,34.68199],[139.40501,34.682],[139.40495,34.68222],[139.40487,34.68228],[139.40447,34.68239],[139.40436,34.68248],[139.40383,34.68251],[139.40344,34.68241],[139.40328,34.68244],[139.40317,34.68235],[139.40307,34.6824],[139.40295,34.6824],[139.40278,34.68227],[139.40272,34.68206],[139.40267,34.682],[139.40258,34.68205],[139.40249,34.68206],[139.40201,34.68194],[139.40185,34.68197],[139.40175,34.68207],[139.40166,34.68204],[139.4016,34.68209],[139.40142,34.68211],[139.40135,34.68216],[139.40132,34.68213],[139.40136,34.68203],[139.40131,34.68199],[139.40123,34.68199],[139.40118,34.68203],[139.40115,34.68219],[139.40106,34.6822],[139.40091,34.68216],[139.4008,34.6824],[139.40068,34.68243],[139.40055,34.68252],[139.40038,34.68254],[139.40033,34.68263],[139.40035,34.6827],[139.40025,34.6828],[139.40026,34.6829],[139.40018,34.68297],[139.40034,34.68313],[139.40027,34.68314],[139.40023,34.68324],[139.40006,34.6833],[139.4,34.68379],[139.39982,34.68384],[139.39973,34.68394],[139.39956,34.684],[139.39948,34.68401],[139.39933,34.68392],[139.39919,34.68391],[139.39911,34.68386],[139.39904,34.68388],[139.39886,34.68381],[139.39869,34.68381],[139.39855,34.68386],[139.39841,34.68382],[139.39825,34.68391],[139.39812,34.68391],[139.39778,34.68377],[139.39773,34.68372],[139.39773,34.68361],[139.3977,34.6836],[139.39759,34.68375],[139.3975,34.68371],[139.39749,34.68376],[139.39745,34.68374],[139.39742,34.68362],[139.3973,34.68362],[139.39727,34.68366],[139.39729,34.68385],[139.39704,34.68396],[139.39696,34.68395],[139.39684,34.68385],[139.39676,34.68383],[139.39656,34.68384],[139.39655,34.68387],[139.39659,34.68389],[139.39671,34.68388],[139.39645,34.68394],[139.39634,34.68389],[139.39636,34.68382],[139.39629,34.68384],[139.39626,34.68392],[139.39621,34.68391],[139.39616,34.68382],[139.39607,34.68394],[139.39586,34.68393],[139.39574,34.68397],[139.39569,34.68405],[139.39574,34.68411],[139.39563,34.68428],[139.39566,34.68431],[139.39572,34.68429],[139.39574,34.68432],[139.3955,34.68469],[139.39543,34.68469],[139.39522,34.68452],[139.39495,34.6846],[139.39507,34.68472],[139.39517,34.68493],[139.39521,34.6851],[139.39518,34.6852],[139.39524,34.68523],[139.39539,34.68525],[139.39544,34.68531],[139.39544,34.68537],[139.3954,34.68543],[139.39522,34.68543],[139.39516,34.68547],[139.39515,34.68553],[139.39524,34.68557],[139.39524,34.68565],[139.39496,34.68569],[139.39479,34.68577],[139.3947,34.68588],[139.39471,34.68591],[139.39476,34.68591],[139.3949,34.68578],[139.39495,34.68577],[139.39475,34.68626],[139.39478,34.68672],[139.39474,34.68695],[139.39481,34.6871],[139.39475,34.68716],[139.39457,34.6872],[139.39441,34.68719],[139.39447,34.68694],[139.39443,34.68686],[139.39428,34.68711],[139.39425,34.68711],[139.39419,34.687],[139.39408,34.687],[139.39397,34.68733],[139.39356,34.68743],[139.39349,34.68742],[139.39343,34.68738],[139.39342,34.68731],[139.39348,34.68728],[139.39369,34.68727],[139.39373,34.68719],[139.3937,34.68714],[139.39359,34.68712],[139.3936,34.68703],[139.3935,34.68691],[139.3934,34.68693],[139.39345,34.68709],[139.39343,34.68715],[139.39336,34.68714],[139.39331,34.68704],[139.39326,34.68703],[139.39312,34.68709],[139.39308,34.68717],[139.39317,34.68735],[139.39314,34.68736],[139.39301,34.68732],[139.39267,34.68698],[139.39249,34.68701],[139.39233,34.68688],[139.39229,34.6869],[139.39237,34.68703],[139.39217,34.687],[139.39203,34.68705],[139.39197,34.687],[139.39196,34.68691],[139.39189,34.68678],[139.3918,34.68673],[139.39173,34.68661],[139.3916,34.68655],[139.39146,34.68654],[139.39148,34.68661],[139.39131,34.68655],[139.39113,34.68653],[139.39094,34.68657],[139.39091,34.68661],[139.39094,34.6867],[139.3912,34.68702],[139.39124,34.68712],[139.39112,34.68738],[139.39118,34.68745],[139.39132,34.6875],[139.39134,34.68758],[139.39115,34.68762],[139.3911,34.68773],[139.3908,34.68774],[139.39073,34.68783],[139.39062,34.68787],[139.39042,34.68788],[139.3904,34.68797],[139.3903,34.68803],[139.39028,34.6881],[139.39044,34.68828],[139.3904,34.68832],[139.39013,34.68814],[139.38998,34.6881],[139.38993,34.68798],[139.38984,34.68802],[139.38983,34.68805],[139.38992,34.68819],[139.38989,34.68822],[139.38977,34.68823],[139.38975,34.68826],[139.38974,34.6884],[139.3897,34.68842],[139.38941,34.68929],[139.39103,34.69078],[139.39208,34.69162],[139.39364,34.69269],[139.39507,34.69398],[139.39515,34.69412],[139.39516,34.69445],[139.39525,34.69488],[139.3956,34.69537],[139.39592,34.69629],[139.39625,34.69665],[139.39643,34.69692],[139.39666,34.69718],[139.39686,34.69768],[139.39716,34.69778],[139.39746,34.69831],[139.39757,34.69913],[139.39804,34.69951],[139.39832,34.70003],[139.39839,34.7011],[139.39852,34.70138],[139.39875,34.7017],[139.39915,34.70192],[139.39943,34.70229],[139.39945,34.7026],[139.39933,34.70292],[139.3998,34.70375],[139.39992,34.7042],[139.40048,34.70481],[139.40074,34.70442],[139.40114,34.70433],[139.40138,34.70385],[139.40147,34.70338],[139.40153,34.70323],[139.40187,34.70315],[139.40222,34.70285]]]}},{"type":"Feature","properties":{"id":"area-13361006001","name":"差木地字クダッチ"},"geometry":{"type":"Polygon","coordinates":[[[139.4318,34.69221],[139.43229,34.69169],[139.43274,34.69137],[139.43331,34.69117],[139.43359,34.69113],[139.43435,34.69106],[139.43502,34.69112],[139.43525,34.69104],[139.43584,34.69057],[139.43574,34.68959],[139.43535,34.68934],[139.43555,34.68888],[139.43575,34.68865],[139.43606,34.68841],[139.43572,34.68725],[139.43571,34.68615],[139.43577,34.68541],[139.43597,34.68522],[139.43623,34.68503],[139.43664,34.68461],[139.43671,34.6845],[139.43677,34.68416],[139.43698,34.68397],[139.43716,34.68434],[139.43731,34.68474],[139.43742,34.6849],[139.43763,34.68466],[139.4386,34.68389],[139.43907,34.68394],[139.43921,34.68388],[139.43934,34.68375],[139.43945,34.68353],[139.43964,34.68333],[139.43966,34.68316],[139.43963,34.68292],[139.43977,34.68278],[139.43996,34.68272],[139.43988,34.68267],[139.4396,34.68271],[139.43966,34.68253],[139.43982,34.68254],[139.44026,34.68241],[139.4404,34.68227],[139.44057,34.68218],[139.44059,34.6821],[139.44084,34.68203],[139.44081,34.68196],[139.44036,34.68179],[139.44019,34.68165],[139.4402,34.68157],[139.44029,34.68155],[139.4405,34.68159],[139.44049,34.6814],[139.4406,34.68136],[139.4407,34.68126],[139.44277,34.68158],[139.44286,34.6812],[139.44262,34.68117],[139.44259,34.68127],[139.4419,34.68117],[139.44188,34.68122],[139.44137,34.68114],[139.44135,34.68122],[139.44105,34.68117],[139.44104,34.6812],[139.44086,34.68117],[139.44089,34.68112],[139.44083,34.68109],[139.44068,34.68113],[139.44056,34.68113],[139.44053,34.68109],[139.44058,34.68098],[139.44053,34.68086],[139.44059,34.68076],[139.44068,34.68069],[139.44069,34.68064],[139.44065,34.68059],[139.44042,34.68057],[139.44044,34.68047],[139.44032,34.6804],[139.44035,34.68036],[139.44034,34.68033],[139.44022,34.68038],[139.44016,34.68033],[139.44015,34.6802],[139.44029,34.68008],[139.44028,34.67986],[139.44018,34.6798],[139.4402,34.67976],[139.44014,34.67963],[139.44007,34.6796],[139.44005,34.67953],[139.43986,34.67938],[139.43966,34.67935],[139.43935,34.67911],[139.43919,34.67912],[139.43925,34.67899],[139.43924,34.67895],[139.43916,34.67895],[139.43909,34.67902],[139.43891,34.67897],[139.43889,34.67893],[139.43892,34.67882],[139.43883,34.67875],[139.43884,34.67869],[139.43881,34.67865],[139.43869,34.67864],[139.43858,34.67868],[139.43846,34.67862],[139.4383,34.67866],[139.4381,34.67853],[139.43795,34.67853],[139.43791,34.67849],[139.43784,34.67852],[139.43749,34.67843],[139.43739,34.67844],[139.43728,34.6784],[139.43722,34.67833],[139.4371,34.67838],[139.43672,34.67837],[139.43654,34.67843],[139.43632,34.6784],[139.43628,34.67837],[139.4362,34.67821],[139.43612,34.6782],[139.436,34.67828],[139.43596,34.67828],[139.43571,34.67823],[139.43546,34.67812],[139.43519,34.67807],[139.43486,34.67814],[139.43478,34.67821],[139.43474,34.67822],[139.43447,34.67811],[139.4344,34.678],[139.43409,34.67797],[139.4338,34.67813],[139.43368,34.67805],[139.43348,34.67813],[139.43342,34.6782],[139.43337,34.67838],[139.43333,34.6784],[139.43319,34.67839],[139.43301,34.67845],[139.43307,34.67835],[139.43309,34.67822],[139.43286,34.67823],[139.43279,34.67843],[139.43281,34.67849],[139.43275,34.6785],[139.43271,34.67847],[139.43262,34.67849],[139.43264,34.67862],[139.43268,34.67868],[139.43265,34.67873],[139.43228,34.67867],[139.43215,34.67862],[139.43198,34.67883],[139.43194,34.67902],[139.43185,34.67898],[139.43173,34.67899],[139.43157,34.67892],[139.43152,34.67896],[139.43152,34.67905],[139.43141,34.67902],[139.43117,34.67889],[139.43112,34.67879],[139.43095,34.67868],[139.43098,34.67866],[139.43114,34.67873],[139.43118,34.67868],[139.43114,34.67862],[139.43096,34.67852],[139.43074,34.67857],[139.43054,34.67857],[139.43008,34.67869],[139.42987,34.67886],[139.42981,34.67899],[139.42984,34.67909],[139.42989,34.67911],[139.43018,34.67896],[139.43,34.67915],[139.42998,34.6793],[139.42992,34.67941],[139.42992,34.67954],[139.42982,34.67936],[139.42973,34.67926],[139.42966,34.67924],[139.42967,34.67913],[139.42963,34.67911],[139.42936,34.67924],[139.42936,34.6793],[139.42947,34.6794],[139.42925,34.67947],[139.4292,34.67953],[139.42919,34.67963],[139.42923,34.67965],[139.42942,34.67957],[139.42962,34.67961],[139.42971,34.67969],[139.42975,34.67975],[139.42974,34.6798],[139.42949,34.67967],[139.42924,34.67971],[139.42909,34.67985],[139.42914,34.67995],[139.42904,34.67997],[139.42897,34.68006],[139.42904,34.68026],[139.42903,34.68049],[139.42892,34.68056],[139.42858,34.68063],[139.42849,34.68069],[139.42851,34.68073],[139.42865,34.68075],[139.42879,34.68089],[139.42876,34.68093],[139.42842,34.68077],[139.42823,34.68076],[139.42824,34.68067],[139.42817,34.68069],[139.42805,34.68087],[139.42809,34.68092],[139.4282,34.68089],[139.42815,34.68108],[139.42821,34.68125],[139.4281,34.68133],[139.42802,34.68128],[139.42803,34.68114],[139.42798,34.68111],[139.4279,34.68112],[139.42775,34.68123],[139.42764,34.68121],[139.42755,34.68114],[139.42729,34.68114],[139.42711,34.68102],[139.42687,34.68092],[139.42675,34.68099],[139.42667,34.68108],[139.42668,34.6812],[139.42647,34.68138],[139.42627,34.68176],[139.42609,34.68186],[139.42605,34.68196],[139.42594,34.68203],[139.42593,34.68209],[139.42599,34.68219],[139.42585,34.68214],[139.42579,34.68219],[139.42579,34.68229],[139.42602,34.68233],[139.42565,34.68241],[139.42549,34.68256],[139.42572,34.6838],[139.42576,34.68384],[139.42636,34.68378],[139.42668,34.68402],[139.4269,34.68454],[139.42714,34.6848],[139.42751,34.68498],[139.42763,34.6854],[139.42781,34.68565],[139.42805,34.68577],[139.42807,34.68588],[139.4279,34.68613],[139.42803,34.68636],[139.42834,34.68638],[139.42832,34.6864],[139.42847,34.68671],[139.42865,34.68701],[139.42884,34.68724],[139.4287,34.68738],[139.42852,34.68748],[139.42793,34.68774],[139.42775,34.68788],[139.42742,34.6883],[139.42675,34.68886],[139.42678,34.68931],[139.4267,34.68992],[139.42658,34.69004],[139.42643,34.69009],[139.42631,34.69018],[139.42627,34.69031],[139.42594,34.69034],[139.42601,34.69065],[139.42596,34.69101],[139.42563,34.69136],[139.42539,34.69169],[139.42545,34.69181],[139.42558,34.69177],[139.42646,34.692],[139.42656,34.69205],[139.42698,34.69244],[139.42709,34.69247],[139.42764,34.69253],[139.42817,34.69209],[139.42849,34.69204],[139.42875,34.69206],[139.42905,34.69217],[139.42969,34.6925],[139.42988,34.69263],[139.43013,34.69274],[139.43035,34.69278],[139.43078,34.69274],[139.43112,34.69265],[139.43129,34.69258],[139.43142,34.69246],[139.4318,34.69221]]]}},{"type":"Feature","properties":{"id":"area-13361006002","name":"差木地字奥山"},"geometry":{"type":"Polygon","coordinates":[[[139.44496,34.73503],[139.44492,34.735],[139.44495,34.73484],[139.4449,34.73477],[139.44476,34.73471],[139.44482,34.73456],[139.44481,34.73447],[139.44473,34.73442],[139.44461,34.73426],[139.44445,34.73422],[139.44443,34.73412],[139.44457,34.73394],[139.44455,34.73389],[139.44437,34.73384],[139.44432,34.73372],[139.4444,34.73362],[139.44457,34.73355],[139.44458,34.73351],[139.44415,34.7332],[139.44422,34.73312],[139.44413,34.733],[139.44419,34.73291],[139.44401,34.73259],[139.44394,34.73225],[139.44397,34.73214],[139.44392,34.73199],[139.44395,34.73165],[139.44404,34.73145],[139.44421,34.7314],[139.44447,34.73148],[139.44447,34.73131],[139.44454,34.73113],[139.44473,34.731],[139.44479,34.73087],[139.44503,34.73072],[139.44502,34.73067],[139.44495,34.73062],[139.44504,34.73056],[139.44501,34.73044],[139.44504,34.73017],[139.44493,34.7299],[139.44493,34.7297],[139.44498,34.72957],[139.44514,34.72943],[139.44525,34.72941],[139.44528,34.72928],[139.44537,34.72923],[139.44537,34.72885],[139.44544,34.72878],[139.44548,34.72865],[139.44538,34.72856],[139.44537,34.72848],[139.44547,34.72816],[139.44546,34.72808],[139.44537,34.72792],[139.44517,34.72769],[139.44512,34.72753],[139.44491,34.72723],[139.44489,34.72703],[139.44485,34.72692],[139.44478,34.72684],[139.44474,34.72659],[139.44472,34.72595],[139.44482,34.72517],[139.44506,34.72466],[139.44519,34.72449],[139.44545,34.72398],[139.44556,34.72384],[139.44563,34.72386],[139.44565,34.72377],[139.44581,34.72369],[139.44591,34.72369],[139.44608,34.72378],[139.44625,34.72376],[139.4466,34.72351],[139.44652,34.72343],[139.44627,34.72341],[139.44633,34.72335],[139.44633,34.72329],[139.44623,34.72326],[139.44615,34.72316],[139.44606,34.72319],[139.44605,34.72314],[139.44598,34.72313],[139.44592,34.72306],[139.4459,34.72295],[139.44592,34.72279],[139.4462,34.72225],[139.44624,34.72222],[139.44639,34.72222],[139.44649,34.72207],[139.44655,34.72207],[139.44666,34.72213],[139.44672,34.72211],[139.44684,34.72198],[139.44686,34.72185],[139.44695,34.72173],[139.44714,34.72154],[139.44724,34.72154],[139.44727,34.72172],[139.4473,34.72175],[139.44736,34.72174],[139.44734,34.72166],[139.44759,34.72151],[139.44757,34.72146],[139.44739,34.72144],[139.44737,34.72137],[139.44746,34.72132],[139.44769,34.72138],[139.44773,34.7213],[139.44783,34.7213],[139.44787,34.72125],[139.44778,34.72108],[139.44758,34.72108],[139.44749,34.72101],[139.44744,34.72084],[139.44751,34.72072],[139.44762,34.72062],[139.4479,34.72056],[139.44801,34.72033],[139.44819,34.72023],[139.44825,34.72013],[139.44836,34.72004],[139.44849,34.71998],[139.4487,34.72004],[139.44886,34.71995],[139.44887,34.71991],[139.4487,34.7198],[139.4488,34.71967],[139.44877,34.71964],[139.4487,34.71963],[139.44869,34.7196],[139.4487,34.71951],[139.44875,34.71941],[139.4489,34.71927],[139.44884,34.71924],[139.44893,34.719],[139.44894,34.71875],[139.44888,34.71865],[139.44888,34.71839],[139.44884,34.71824],[139.44885,34.71788],[139.44892,34.7178],[139.44883,34.71736],[139.44886,34.71723],[139.44885,34.7171],[139.44894,34.71693],[139.44903,34.71688],[139.44915,34.71686],[139.44918,34.71681],[139.44912,34.71666],[139.44912,34.71653],[139.44914,34.7165],[139.44921,34.71651],[139.44917,34.7164],[139.44932,34.71613],[139.44923,34.71566],[139.44928,34.71561],[139.4494,34.71558],[139.44943,34.71548],[139.4495,34.7155],[139.44954,34.71545],[139.4493,34.7153],[139.44917,34.71518],[139.44912,34.71507],[139.44913,34.71492],[139.44903,34.71472],[139.44905,34.71435],[139.44898,34.71419],[139.4489,34.7141],[139.44891,34.71397],[139.44888,34.7139],[139.44892,34.71379],[139.44891,34.71337],[139.44882,34.71323],[139.44863,34.71309],[139.44861,34.71303],[139.44864,34.71299],[139.44859,34.71297],[139.44844,34.71303],[139.44836,34.713],[139.44835,34.71293],[139.44839,34.71284],[139.44829,34.71268],[139.44809,34.7127],[139.44804,34.71267],[139.44804,34.71262],[139.44813,34.71248],[139.448,34.71252],[139.44779,34.71245],[139.44765,34.71231],[139.44751,34.71226],[139.44733,34.71203],[139.44726,34.71199],[139.44696,34.71207],[139.44695,34.71203],[139.44702,34.71198],[139.44703,34.71193],[139.44693,34.71197],[139.4469,34.71193],[139.44691,34.71182],[139.44685,34.71183],[139.44682,34.71186],[139.44689,34.71206],[139.44674,34.71249],[139.44672,34.71285],[139.44674,34.71331],[139.44661,34.71347],[139.44636,34.7135],[139.44611,34.71341],[139.44592,34.71325],[139.44562,34.7131],[139.44515,34.71294],[139.44449,34.71261],[139.44389,34.71226],[139.44348,34.71181],[139.4429,34.71131],[139.44191,34.71065],[139.44158,34.71026],[139.44139,34.70979],[139.44125,34.70931],[139.44105,34.70886],[139.4407,34.7082],[139.44048,34.70766],[139.43993,34.70701],[139.43957,34.70681],[139.4394,34.70658],[139.43954,34.70571],[139.43945,34.70537],[139.43926,34.70503],[139.43896,34.70463],[139.4386,34.70427],[139.43838,34.70393],[139.4386,34.70338],[139.43895,34.70315],[139.43926,34.70285],[139.43964,34.70261],[139.43991,34.70231],[139.44005,34.70201],[139.44016,34.70158],[139.44024,34.70041],[139.4401,34.70001],[139.43974,34.69974],[139.43894,34.69932],[139.4387,34.69905],[139.43859,34.69884],[139.43853,34.69952],[139.43798,34.69953],[139.43768,34.69949],[139.43742,34.69939],[139.43701,34.69918],[139.43656,34.69911],[139.43632,34.69901],[139.43611,34.69881],[139.43551,34.6986],[139.43463,34.69848],[139.43414,34.6985],[139.43386,34.69863],[139.43349,34.69895],[139.43305,34.6994],[139.43237,34.70024],[139.43214,34.70061],[139.43215,34.70093],[139.43225,34.70123],[139.43219,34.70125],[139.43205,34.70123],[139.43188,34.70111],[139.43176,34.70093],[139.4316,34.70085],[139.43106,34.7001],[139.42999,34.69914],[139.42872,34.69832],[139.42841,34.69818],[139.42807,34.69807],[139.42769,34.69801],[139.42763,34.69723],[139.42772,34.69673],[139.42765,34.69657],[139.42749,34.6966],[139.4273,34.69669],[139.42686,34.69698],[139.42668,34.697],[139.42644,34.69679],[139.42629,34.69661],[139.42554,34.6968],[139.42515,34.69682],[139.4249,34.69719],[139.42473,34.69729],[139.42443,34.69735],[139.42415,34.69744],[139.42402,34.69757],[139.42401,34.69779],[139.42408,34.69799],[139.42443,34.69828],[139.42466,34.69839],[139.4248,34.69856],[139.42481,34.69859],[139.42462,34.69865],[139.42432,34.69865],[139.42369,34.69852],[139.42333,34.69841],[139.4225,34.6987],[139.42207,34.6987],[139.42183,34.69865],[139.42122,34.6984],[139.4203,34.69819],[139.4201,34.69817],[139.4199,34.69831],[139.41981,34.69849],[139.41969,34.69993],[139.41955,34.70031],[139.41898,34.7],[139.4186,34.6999],[139.41788,34.69952],[139.41707,34.69919],[139.41681,34.69915],[139.41667,34.69945],[139.41635,34.69975],[139.41618,34.69999],[139.41605,34.69987],[139.4156,34.69969],[139.41526,34.69963],[139.41505,34.69967],[139.41488,34.69949],[139.41482,34.69931],[139.41484,34.69915],[139.415,34.69879],[139.41507,34.69853],[139.41498,34.69833],[139.41431,34.69851],[139.4141,34.69849],[139.41405,34.69838],[139.41402,34.698],[139.41389,34.69797],[139.41372,34.69797],[139.41325,34.69813],[139.41308,34.69809],[139.41299,34.698],[139.41293,34.69787],[139.41293,34.69733],[139.413,34.69715],[139.41296,34.697],[139.41281,34.69685],[139.41265,34.69691],[139.4124,34.6971],[139.41223,34.69753],[139.41211,34.69753],[139.412,34.69749],[139.41165,34.69722],[139.41143,34.69715],[139.41117,34.69711],[139.41077,34.6971],[139.41046,34.69716],[139.41011,34.69737],[139.40992,34.69754],[139.40975,34.69776],[139.40958,34.69811],[139.40951,34.69841],[139.40914,34.69919],[139.40895,34.69952],[139.40879,34.69955],[139.40868,34.69952],[139.40861,34.69945],[139.40845,34.69891],[139.40829,34.69874],[139.4081,34.6987],[139.40793,34.69873],[139.40763,34.69887],[139.40802,34.69854],[139.40826,34.69805],[139.40818,34.69789],[139.40802,34.69777],[139.40785,34.69774],[139.40767,34.69778],[139.40757,34.69786],[139.40734,34.69837],[139.40701,34.69894],[139.40673,34.69909],[139.40656,34.69907],[139.40642,34.699],[139.40629,34.69898],[139.40596,34.69939],[139.40579,34.6994],[139.40569,34.69932],[139.4056,34.69909],[139.40527,34.69874],[139.40459,34.69927],[139.40399,34.69955],[139.40338,34.69975],[139.40345,34.70007],[139.40347,34.70034],[139.40328,34.70066],[139.40335,34.70085],[139.40329,34.70098],[139.40297,34.70149],[139.40285,34.70176],[139.40286,34.70201],[139.40309,34.70246],[139.40314,34.70271],[139.40302,34.70284],[139.40285,34.70286],[139.40242,34.70278],[139.40222,34.70285],[139.40187,34.70315],[139.40153,34.70323],[139.40147,34.70338],[139.40138,34.70385],[139.40114,34.70433],[139.40074,34.70442],[139.40048,34.70481],[139.40351,34.70922],[139.40603,34.71871],[139.41539,34.72238],[139.4199,34.7242],[139.42385,34.72571],[139.42517,34.72592],[139.43019,34.72721],[139.43576,34.72752],[139.43647,34.73685],[139.44169,34.73759],[139.44496,34.73503]]]}},{"type":"Feature","properties":{"id":"area-13361007000","name":"野増"},"geometry":{"type":"Polygon","coordinates":[[[139.3531,34.73173],[139.35348,34.73121],[139.35393,34.73144],[139.35465,34.73257],[139.35433,34.7327],[139.35435,34.73276],[139.35468,34.73261],[139.35503,34.73257],[139.3551,34.73258],[139.35519,34.7327],[139.35518,34.7328],[139.35565,34.73275],[139.35618,34.73279],[139.35643,34.73269],[139.35644,34.73234],[139.35641,34.73233],[139.35643,34.7321],[139.35695,34.73187],[139.35693,34.73034],[139.35724,34.73021],[139.35742,34.73018],[139.35779,34.73024],[139.35833,34.73009],[139.35762,34.72977],[139.35714,34.72961],[139.35623,34.72952],[139.35625,34.72922],[139.35519,34.72891],[139.35503,34.72892],[139.35507,34.72918],[139.3548,34.72926],[139.35471,34.72918],[139.35461,34.72913],[139.35449,34.72936],[139.35418,34.72958],[139.35399,34.72938],[139.35389,34.72875],[139.35379,34.72853],[139.35357,34.72862],[139.35353,34.72878],[139.35348,34.72881],[139.35327,34.72881],[139.35316,34.72935],[139.35318,34.72955],[139.35315,34.72961],[139.3532,34.72969],[139.35319,34.72988],[139.35325,34.73062],[139.35329,34.73089],[139.35334,34.73099],[139.35284,34.73169],[139.35304,34.73205],[139.35298,34.73207],[139.35381,34.73354],[139.35406,34.73344],[139.3531,34.73173]]]}},{"type":"Feature","properties":{"id":"area-13361007001","name":"野増字間伏"},"geometry":{"type":"Polygon","coordinates":[[[139.38758,34.70835],[139.3875,34.70805],[139.38753,34.70781],[139.38758,34.7077],[139.38769,34.70759],[139.38811,34.7075],[139.38861,34.70752],[139.38873,34.70748],[139.3889,34.70736],[139.38908,34.70714],[139.38922,34.70711],[139.38952,34.70712],[139.38964,34.70707],[139.39016,34.70615],[139.39031,34.70597],[139.39074,34.70579],[139.39119,34.7059],[139.39146,34.70578],[139.39175,34.70574],[139.39227,34.70594],[139.39265,34.70598],[139.39292,34.70591],[139.39321,34.70568],[139.39346,34.70526],[139.39361,34.70525],[139.39386,34.70531],[139.39426,34.70551],[139.39439,34.70537],[139.39445,34.70521],[139.39462,34.70508],[139.39494,34.70503],[139.39522,34.70503],[139.39538,34.7051],[139.39549,34.70509],[139.39596,34.70473],[139.39609,34.70469],[139.39623,34.70469],[139.39677,34.70481],[139.39693,34.70477],[139.39715,34.70467],[139.39738,34.70465],[139.39779,34.70477],[139.39807,34.70479],[139.39831,34.70457],[139.39844,34.70458],[139.39889,34.70476],[139.39923,34.70469],[139.3995,34.70475],[139.39965,34.70488],[139.39981,34.70497],[139.40002,34.70499],[139.4003,34.70494],[139.40048,34.70481],[139.39992,34.7042],[139.3998,34.70375],[139.39933,34.70292],[139.39945,34.7026],[139.39943,34.70229],[139.39915,34.70192],[139.39875,34.7017],[139.39852,34.70138],[139.39839,34.7011],[139.39832,34.70003],[139.39804,34.69951],[139.39757,34.69913],[139.39746,34.69831],[139.39716,34.69778],[139.39686,34.69768],[139.39666,34.69718],[139.39643,34.69692],[139.39625,34.69665],[139.39592,34.69629],[139.3956,34.69537],[139.39525,34.69488],[139.39516,34.69445],[139.39515,34.69412],[139.39507,34.69398],[139.39364,34.69269],[139.39208,34.69162],[139.39103,34.69078],[139.38941,34.68929],[139.3897,34.68842],[139.38912,34.68887],[139.38904,34.68907],[139.389,34.6891],[139.38845,34.68917],[139.38821,34.68925],[139.38802,34.68945],[139.38743,34.68989],[139.3864,34.69019],[139.3862,34.69043],[139.38618,34.69061],[139.3862,34.6908],[139.38611,34.6909],[139.38609,34.69098],[139.386,34.69106],[139.38597,34.69137],[139.38591,34.69139],[139.38585,34.69134],[139.38575,34.69132],[139.38555,34.69141],[139.38526,34.69175],[139.38518,34.69191],[139.38518,34.6921],[139.38505,34.69206],[139.38496,34.69211],[139.38491,34.69225],[139.38514,34.69232],[139.38516,34.69234],[139.38515,34.69237],[139.38487,34.69239],[139.38477,34.69243],[139.38472,34.69248],[139.38474,34.69256],[139.38437,34.69254],[139.38433,34.69266],[139.38418,34.69275],[139.38403,34.69277],[139.38375,34.69268],[139.38364,34.69269],[139.38363,34.69274],[139.3837,34.69285],[139.38356,34.69293],[139.38358,34.69302],[139.38378,34.69315],[139.38404,34.69315],[139.38383,34.69327],[139.38383,34.69333],[139.38392,34.69343],[139.38407,34.6934],[139.38397,34.6935],[139.38398,34.69359],[139.38405,34.6937],[139.38392,34.6939],[139.38371,34.69417],[139.38304,34.69456],[139.38262,34.69477],[139.3824,34.6948],[139.38203,34.69494],[139.3825,34.69569],[139.38286,34.69618],[139.38314,34.69667],[139.38317,34.69685],[139.38312,34.69713],[139.38287,34.69759],[139.38237,34.69791],[139.38216,34.69809],[139.38203,34.6981],[139.38138,34.69803],[139.38048,34.69785],[139.3808,34.69844],[139.38099,34.70027],[139.38088,34.70058],[139.38094,34.70077],[139.38107,34.7009],[139.38116,34.70107],[139.38117,34.7014],[139.38112,34.70183],[139.38104,34.70197],[139.381,34.70211],[139.38099,34.70229],[139.38101,34.70257],[139.38128,34.70265],[139.38129,34.70279],[139.38108,34.70318],[139.38112,34.70348],[139.3811,34.70391],[139.38102,34.70423],[139.38073,34.70446],[139.38028,34.70496],[139.38018,34.70501],[139.38006,34.70514],[139.38008,34.70545],[139.38018,34.7057],[139.38041,34.70593],[139.38054,34.70622],[139.38056,34.70677],[139.38065,34.70711],[139.3812,34.7074],[139.38172,34.70754],[139.38202,34.70767],[139.38234,34.70791],[139.38251,34.70794],[139.38309,34.70777],[139.38322,34.70788],[139.3833,34.70803],[139.38374,34.70806],[139.3841,34.70817],[139.38459,34.70847],[139.38473,34.70846],[139.38497,34.70837],[139.38528,34.70818],[139.38557,34.70821],[139.38642,34.70849],[139.38657,34.70857],[139.38697,34.70866],[139.38731,34.70867],[139.38745,34.70861],[139.38756,34.70849],[139.38758,34.70835]]]}},{"type":"Feature","properties":{"id":"area-13361007002","name":"野増字大石"},"geometry":{"type":"Polygon","coordinates":[[[139.38237,34.69791],[139.38287,34.69759],[139.38312,34.69713],[139.38317,34.69685],[139.38314,34.69667],[139.38286,34.69618],[139.3825,34.69569],[139.38203,34.69494],[139.38151,34.6953],[139.38137,34.69533],[139.38128,34.69539],[139.37996,34.6959],[139.37964,34.69596],[139.37917,34.69599],[139.37991,34.6974],[139.38018,34.69751],[139.38031,34.69771],[139.38048,34.69785],[139.38138,34.69803],[139.38203,34.6981],[139.38216,34.69809],[139.38237,34.69791]]]}},{"type":"Feature","properties":{"id":"area-13361007003","name":"野増字大宮"},"geometry":{"type":"Polygon","coordinates":[[[139.36194,34.73462],[139.36192,34.7344],[139.36212,34.73422],[139.36241,34.73411],[139.36297,34.73413],[139.36337,34.73396],[139.36361,34.73393],[139.36365,34.73375],[139.36316,34.73371],[139.36286,34.73377],[139.36253,34.73365],[139.36208,34.73359],[139.36202,34.73355],[139.36174,34.73267],[139.36185,34.7326],[139.36199,34.73256],[139.36187,34.73251],[139.3615,34.73255],[139.36134,34.73249],[139.361,34.73226],[139.36081,34.73221],[139.36074,34.73214],[139.35967,34.7323],[139.3586,34.7323],[139.35826,34.7324],[139.35797,34.73236],[139.35738,34.73251],[139.35686,34.73252],[139.35618,34.73279],[139.35565,34.73275],[139.35518,34.7328],[139.35516,34.73288],[139.35504,34.73299],[139.35503,34.73301],[139.35507,34.73302],[139.35518,34.73297],[139.3552,34.73304],[139.35515,34.73309],[139.35519,34.73314],[139.3553,34.73314],[139.35532,34.7332],[139.35538,34.73322],[139.35536,34.7333],[139.35541,34.73329],[139.3555,34.73318],[139.35556,34.7333],[139.35562,34.73333],[139.35567,34.73342],[139.35567,34.73351],[139.35573,34.73356],[139.3558,34.73353],[139.35589,34.7336],[139.35625,34.73407],[139.35642,34.73457],[139.35656,34.73453],[139.35663,34.73456],[139.35725,34.73453],[139.3575,34.7346],[139.35777,34.73493],[139.35804,34.73508],[139.35802,34.73491],[139.3583,34.73486],[139.35888,34.73489],[139.35928,34.73504],[139.35983,34.73533],[139.3603,34.73522],[139.36075,34.73501],[139.36119,34.73466],[139.3617,34.73457],[139.36194,34.73462]]]}},{"type":"Feature","properties":{"id":"area-13361007004","name":"野増字のんなか"},"geometry":{"type":"Polygon","coordinates":[[[139.36074,34.73214],[139.36115,34.732],[139.36162,34.73205],[139.36177,34.73183],[139.36201,34.73171],[139.3618,34.73151],[139.36158,34.73146],[139.36132,34.73129],[139.36097,34.73084],[139.36095,34.73071],[139.36101,34.73061],[139.36056,34.73042],[139.36066,34.7301],[139.36002,34.73023],[139.3596,34.73015],[139.35938,34.73073],[139.35903,34.73092],[139.35878,34.73094],[139.3585,34.73101],[139.3574,34.73159],[139.35695,34.73187],[139.35643,34.7321],[139.35641,34.73233],[139.35644,34.73234],[139.35643,34.73269],[139.35686,34.73252],[139.35738,34.73251],[139.35797,34.73236],[139.35826,34.7324],[139.3586,34.7323],[139.35967,34.7323],[139.36074,34.73214]]]}},{"type":"Feature","properties":{"id":"area-13361007005","name":"野増字橋の沢"},"geometry":{"type":"Polygon","coordinates":[[[139.35881,34.73732],[139.35879,34.73722],[139.35854,34.73696],[139.3581,34.73637],[139.35837,34.73608],[139.35781,34.73582],[139.3577,34.73574],[139.35769,34.73553],[139.35798,34.7352],[139.35804,34.73508],[139.35777,34.73493],[139.3575,34.7346],[139.35725,34.73453],[139.35663,34.73456],[139.35656,34.73453],[139.35642,34.73457],[139.35646,34.73463],[139.35658,34.73466],[139.35669,34.73476],[139.35681,34.73497],[139.35688,34.7352],[139.35689,34.73558],[139.35688,34.73588],[139.35678,34.73656],[139.35671,34.73673],[139.35636,34.73732],[139.35638,34.73742],[139.35646,34.73752],[139.35646,34.73766],[139.35653,34.7377],[139.35653,34.73779],[139.35682,34.73784],[139.35697,34.73775],[139.3572,34.73771],[139.35737,34.73755],[139.35781,34.73732],[139.35808,34.73722],[139.35832,34.73732],[139.35859,34.73738],[139.35881,34.73732]]]}},{"type":"Feature","properties":{"id":"area-13361007006","name":"野増字マツコウ"},"geometry":{"type":"Polygon","coordinates":[[[139.35695,34.73186],[139.3574,34.73159],[139.3585,34.73101],[139.35878,34.73094],[139.35903,34.73092],[139.35938,34.73073],[139.3596,34.73015],[139.3593,34.73012],[139.35869,34.73017],[139.35846,34.73015],[139.35833,34.73009],[139.35779,34.73024],[139.35765,34.73056],[139.35693,34.73078],[139.35695,34.73186]]]}},{"type":"Feature","properties":{"id":"area-13361007007","name":"野増字ヲクノクボ"},"geometry":{"type":"Polygon","coordinates":[[[139.35693,34.73078],[139.35765,34.73056],[139.35779,34.73024],[139.35742,34.73018],[139.35724,34.73021],[139.35693,34.73034],[139.35693,34.73078]]]}},{"type":"Feature","properties":{"id":"area-13361007008","name":"野増字ワダ"},"geometry":{"type":"Polygon","coordinates":[[[139.35714,34.72961],[139.35746,34.72938],[139.35769,34.72904],[139.35701,34.72851],[139.35551,34.72853],[139.35503,34.72831],[139.35444,34.72835],[139.35376,34.72846],[139.35389,34.72875],[139.35399,34.72938],[139.35418,34.72958],[139.35449,34.72936],[139.35461,34.72913],[139.35471,34.72918],[139.3548,34.72926],[139.35507,34.72918],[139.35503,34.72892],[139.35519,34.72891],[139.35625,34.72922],[139.35623,34.72952],[139.35714,34.72961]]]}},{"type":"Feature","properties":{"id":"area-13361007009","name":"野増字アジコノナホウ"},"geometry":{"type":"Polygon","coordinates":[[[139.35354,34.71716],[139.35349,34.71719],[139.35339,34.71717],[139.3534,34.71723],[139.35349,34.71729],[139.35352,34.71736],[139.3534,34.71756],[139.35329,34.71756],[139.35328,34.71762],[139.35336,34.7177],[139.35336,34.71775],[139.35321,34.71791],[139.35317,34.7179],[139.35312,34.71794],[139.35307,34.71803],[139.35286,34.71818],[139.3528,34.71818],[139.35279,34.71823],[139.35269,34.71824],[139.35269,34.71827],[139.35276,34.7183],[139.35266,34.71846],[139.35259,34.71847],[139.35258,34.7185],[139.35271,34.71853],[139.3525,34.71875],[139.35251,34.71894],[139.35246,34.71898],[139.35246,34.71902],[139.35252,34.71906],[139.35252,34.7192],[139.35255,34.71926],[139.35246,34.71929],[139.35246,34.71932],[139.35248,34.71934],[139.35244,34.71953],[139.35251,34.71962],[139.35246,34.71997],[139.35342,34.71979],[139.35356,34.71987],[139.35375,34.72017],[139.35386,34.72025],[139.35407,34.72025],[139.35442,34.72031],[139.35466,34.72015],[139.35503,34.72021],[139.35529,34.72011],[139.35566,34.72005],[139.35589,34.72007],[139.35608,34.72019],[139.35624,34.72017],[139.35653,34.71998],[139.3569,34.71984],[139.35722,34.71963],[139.35761,34.71952],[139.35758,34.71923],[139.35793,34.71899],[139.35816,34.7189],[139.35837,34.71876],[139.35846,34.71866],[139.35838,34.71838],[139.35838,34.71827],[139.35849,34.71778],[139.35891,34.71734],[139.35914,34.7172],[139.35866,34.71706],[139.35824,34.71707],[139.35803,34.71671],[139.35789,34.71663],[139.35777,34.71673],[139.35748,34.71709],[139.35735,34.71711],[139.3572,34.71707],[139.35706,34.71712],[139.35697,34.71728],[139.35689,34.7176],[139.3567,34.7177],[139.35627,34.71767],[139.356,34.71771],[139.35546,34.71758],[139.35525,34.71764],[139.35492,34.71765],[139.35472,34.7176],[139.35449,34.71747],[139.3541,34.71741],[139.35354,34.71716]]]}},{"type":"Feature","properties":{"id":"area-13361007010","name":"野増字エンシュウアイノウ"},"geometry":{"type":"Polygon","coordinates":[[[139.37344,34.71689],[139.37399,34.71668],[139.37399,34.71657],[139.37346,34.71655],[139.37336,34.71636],[139.37367,34.71612],[139.37361,34.71595],[139.37304,34.7159],[139.37266,34.71544],[139.37278,34.71527],[139.37296,34.7152],[139.37339,34.71478],[139.37338,34.71416],[139.37347,34.71394],[139.37366,34.71393],[139.37397,34.71399],[139.37409,34.71392],[139.3741,34.71378],[139.37405,34.71351],[139.37395,34.71335],[139.3738,34.71324],[139.37359,34.71312],[139.37336,34.71306],[139.37311,34.7126],[139.37297,34.71216],[139.37286,34.71198],[139.37285,34.71173],[139.37299,34.71155],[139.37277,34.71127],[139.37241,34.71104],[139.37245,34.71092],[139.3726,34.71089],[139.37266,34.71082],[139.37262,34.71057],[139.37265,34.71038],[139.37262,34.71026],[139.37252,34.71019],[139.3723,34.71038],[139.37192,34.71036],[139.37149,34.71013],[139.37144,34.71003],[139.37147,34.70981],[139.37169,34.70969],[139.37186,34.70974],[139.37208,34.70987],[139.3724,34.70966],[139.37249,34.70942],[139.3727,34.70937],[139.37294,34.7094],[139.37347,34.70938],[139.37401,34.70945],[139.37425,34.70938],[139.37428,34.70924],[139.3742,34.70899],[139.37431,34.7086],[139.37512,34.70878],[139.37532,34.70876],[139.37563,34.70863],[139.37589,34.70871],[139.37621,34.70886],[139.3764,34.70887],[139.37676,34.70868],[139.37759,34.70868],[139.37773,34.70872],[139.37804,34.7089],[139.37817,34.70893],[139.37824,34.7089],[139.37825,34.70879],[139.3782,34.70866],[139.37805,34.70858],[139.378,34.70844],[139.37832,34.70835],[139.37889,34.70836],[139.37913,34.70812],[139.37919,34.708],[139.37918,34.70789],[139.37924,34.70777],[139.37931,34.70768],[139.37975,34.70781],[139.37995,34.70766],[139.38004,34.70748],[139.38006,34.70726],[139.38022,34.70717],[139.38065,34.70711],[139.38056,34.70677],[139.38054,34.70622],[139.38041,34.70593],[139.38018,34.7057],[139.38008,34.70545],[139.38006,34.70514],[139.38018,34.70501],[139.38028,34.70496],[139.38073,34.70446],[139.38102,34.70423],[139.3811,34.70391],[139.38112,34.70348],[139.38108,34.70318],[139.38129,34.70279],[139.38128,34.70265],[139.38101,34.70257],[139.38099,34.70229],[139.381,34.70211],[139.38104,34.70197],[139.38112,34.70183],[139.38117,34.7014],[139.38116,34.70107],[139.38107,34.7009],[139.38094,34.70077],[139.38088,34.70058],[139.38099,34.70027],[139.3808,34.69844],[139.38048,34.69785],[139.38031,34.69771],[139.38018,34.69751],[139.37991,34.6974],[139.37917,34.69599],[139.37901,34.69601],[139.37894,34.69599],[139.3789,34.69594],[139.37885,34.69596],[139.37865,34.69594],[139.37856,34.6958],[139.37857,34.69574],[139.37849,34.69574],[139.3784,34.69578],[139.3783,34.6959],[139.37819,34.69595],[139.37819,34.696],[139.37812,34.69596],[139.37805,34.69602],[139.37797,34.69601],[139.37787,34.69595],[139.37754,34.69601],[139.37731,34.69598],[139.37714,34.69588],[139.3771,34.69589],[139.37705,34.69596],[139.37708,34.69617],[139.37705,34.69621],[139.37699,34.69609],[139.37692,34.69614],[139.37675,34.6961],[139.37643,34.69612],[139.37621,34.69631],[139.37601,34.69655],[139.37596,34.69673],[139.37598,34.69678],[139.37615,34.69692],[139.37613,34.69694],[139.37602,34.6969],[139.37604,34.69699],[139.37588,34.69693],[139.37575,34.6968],[139.37571,34.69682],[139.37573,34.69695],[139.37569,34.69696],[139.3754,34.69669],[139.37536,34.69672],[139.37536,34.69682],[139.37525,34.69691],[139.37531,34.69702],[139.37529,34.6971],[139.37524,34.69713],[139.37515,34.69712],[139.37509,34.69692],[139.37501,34.69685],[139.37489,34.69681],[139.37471,34.69686],[139.37463,34.69693],[139.37464,34.69706],[139.37496,34.69731],[139.37507,34.69746],[139.3751,34.69756],[139.37486,34.69742],[139.37465,34.69746],[139.3745,34.69755],[139.37423,34.69778],[139.37414,34.69791],[139.37394,34.69809],[139.37383,34.69843],[139.37368,34.69862],[139.37342,34.69889],[139.37273,34.69935],[139.37241,34.69952],[139.37228,34.69953],[139.37205,34.69946],[139.37175,34.69958],[139.37161,34.69961],[139.37155,34.69972],[139.37147,34.69975],[139.37124,34.69969],[139.37106,34.69951],[139.37096,34.69949],[139.37092,34.69953],[139.37092,34.69958],[139.37095,34.69971],[139.37101,34.69976],[139.37092,34.69979],[139.37087,34.69986],[139.3708,34.6999],[139.37072,34.69988],[139.37066,34.6998],[139.37005,34.69992],[139.36974,34.69988],[139.36953,34.6999],[139.36957,34.69986],[139.36953,34.69983],[139.36942,34.69989],[139.36932,34.69986],[139.36919,34.69991],[139.36912,34.6999],[139.36905,34.7],[139.36899,34.69991],[139.36888,34.69987],[139.36877,34.69987],[139.36874,34.69993],[139.36882,34.70014],[139.36879,34.70017],[139.36876,34.70014],[139.36857,34.70016],[139.36835,34.70014],[139.36828,34.7],[139.36823,34.69998],[139.36828,34.69991],[139.36827,34.69982],[139.36813,34.69947],[139.36808,34.69946],[139.36791,34.6996],[139.36775,34.69986],[139.3678,34.69995],[139.36806,34.69979],[139.368,34.69988],[139.36808,34.69993],[139.36801,34.69992],[139.36798,34.69997],[139.36806,34.7],[139.36806,34.70005],[139.36778,34.70008],[139.36774,34.70038],[139.36763,34.70053],[139.36745,34.70042],[139.36739,34.70032],[139.36733,34.70037],[139.36733,34.70046],[139.36712,34.70043],[139.36708,34.70038],[139.36716,34.70032],[139.36713,34.70022],[139.36704,34.70025],[139.36704,34.7002],[139.36699,34.70017],[139.36681,34.70021],[139.36678,34.70026],[139.36679,34.70037],[139.36666,34.70046],[139.36638,34.70044],[139.36628,34.70036],[139.36598,34.70041],[139.36585,34.70038],[139.36568,34.70044],[139.36522,34.70041],[139.36495,34.70044],[139.36469,34.70055],[139.36449,34.70053],[139.36428,34.70064],[139.36432,34.70074],[139.36427,34.7008],[139.36396,34.70089],[139.36392,34.70114],[139.36379,34.70108],[139.36327,34.70117],[139.36305,34.7011],[139.36281,34.7011],[139.36271,34.70131],[139.36264,34.70135],[139.36263,34.70144],[139.36268,34.70152],[139.36248,34.70149],[139.36245,34.70154],[139.36254,34.7016],[139.36248,34.70166],[139.36251,34.70173],[139.36234,34.70171],[139.36235,34.70184],[139.36232,34.70186],[139.36228,34.70182],[139.36222,34.70182],[139.36215,34.70202],[139.36209,34.70198],[139.36211,34.70183],[139.36205,34.70173],[139.36191,34.70181],[139.36195,34.70199],[139.36192,34.70204],[139.36182,34.70188],[139.36156,34.70169],[139.36135,34.70164],[139.36125,34.70167],[139.36119,34.70175],[139.3612,34.70198],[139.36117,34.70203],[139.3611,34.70187],[139.36099,34.70204],[139.36088,34.70208],[139.36103,34.70192],[139.36103,34.70187],[139.36097,34.70187],[139.36085,34.70197],[139.36067,34.70221],[139.3607,34.7021],[139.36085,34.70191],[139.36078,34.70188],[139.36063,34.70192],[139.36067,34.70178],[139.36056,34.7017],[139.36044,34.70169],[139.3603,34.70173],[139.36016,34.70183],[139.36001,34.70201],[139.36005,34.70211],[139.36027,34.70224],[139.36028,34.70227],[139.36021,34.70231],[139.35999,34.7022],[139.35997,34.70222],[139.36,34.7023],[139.35996,34.70231],[139.35988,34.70224],[139.35989,34.70218],[139.35986,34.70213],[139.35974,34.70209],[139.35969,34.70212],[139.35972,34.70235],[139.35954,34.7023],[139.35948,34.70233],[139.35941,34.70232],[139.35918,34.70207],[139.35916,34.70194],[139.35902,34.70177],[139.359,34.70168],[139.35898,34.70167],[139.35896,34.70172],[139.35899,34.70194],[139.35892,34.70195],[139.35881,34.70176],[139.35869,34.7017],[139.35852,34.70145],[139.35843,34.70137],[139.35839,34.70141],[139.35845,34.70157],[139.35856,34.70173],[139.35849,34.7018],[139.3585,34.70185],[139.35858,34.70196],[139.35855,34.70205],[139.35864,34.70222],[139.35887,34.70251],[139.35884,34.70262],[139.35875,34.7027],[139.35876,34.70287],[139.35882,34.70294],[139.35884,34.70304],[139.35896,34.70309],[139.35888,34.70326],[139.3588,34.70325],[139.35892,34.7034],[139.35885,34.70347],[139.3589,34.70363],[139.35888,34.70372],[139.35907,34.70407],[139.35933,34.70417],[139.35933,34.70436],[139.35952,34.70451],[139.3595,34.70463],[139.3596,34.70521],[139.36031,34.70482],[139.36041,34.70496],[139.36038,34.70461],[139.36018,34.70426],[139.36018,34.70408],[139.36023,34.70395],[139.36039,34.70384],[139.36286,34.70278],[139.36673,34.70122],[139.36681,34.70198],[139.36661,34.70377],[139.36638,34.70424],[139.36587,34.70453],[139.36536,34.70583],[139.36534,34.7062],[139.36505,34.70647],[139.36495,34.70672],[139.3649,34.70705],[139.36484,34.70715],[139.36472,34.70711],[139.36457,34.70698],[139.36446,34.70706],[139.36445,34.70724],[139.36451,34.70764],[139.3648,34.7077],[139.36512,34.70786],[139.36556,34.7082],[139.36567,34.70833],[139.36584,34.70884],[139.36629,34.70894],[139.36652,34.70917],[139.36685,34.70928],[139.36715,34.70954],[139.36778,34.70966],[139.36832,34.70984],[139.36904,34.71076],[139.36977,34.712],[139.37007,34.71212],[139.37024,34.71229],[139.36976,34.71268],[139.36998,34.71288],[139.36981,34.71302],[139.36962,34.71346],[139.36992,34.71356],[139.37008,34.71391],[139.37032,34.71407],[139.37043,34.71422],[139.37049,34.71455],[139.37179,34.7156],[139.37176,34.71578],[139.37189,34.71603],[139.37217,34.71622],[139.37235,34.71643],[139.37253,34.71645],[139.37318,34.71669],[139.37344,34.71689]]]}},{"type":"Feature","properties":{"id":"area-13361007011","name":"野増字ゼンニョウ"},"geometry":{"type":"Polygon","coordinates":[[[139.35454,34.72529],[139.35521,34.72459],[139.35573,34.7243],[139.35561,34.72416],[139.35557,34.72398],[139.3557,34.72384],[139.35615,34.72359],[139.3563,34.72343],[139.35689,34.72306],[139.35679,34.72295],[139.35691,34.72281],[139.35691,34.72275],[139.35643,34.72276],[139.35552,34.72316],[139.35525,34.72323],[139.35512,34.7233],[139.35498,34.7235],[139.35454,34.72371],[139.35427,34.72395],[139.35405,34.7241],[139.35367,34.72432],[139.35349,34.72439],[139.35315,34.72429],[139.35304,34.72416],[139.35288,34.72426],[139.35285,34.72443],[139.35287,34.72461],[139.35292,34.72477],[139.35307,34.72507],[139.35342,34.72513],[139.35347,34.7252],[139.35344,34.72528],[139.35325,34.72545],[139.35321,34.72555],[139.35371,34.72633],[139.35387,34.72589],[139.35454,34.72529]]]}},{"type":"Feature","properties":{"id":"area-13361007012","name":"野増字王若"},"geometry":{"type":"Polygon","coordinates":[[[139.35366,34.72799],[139.3542,34.72785],[139.35426,34.72771],[139.35506,34.7275],[139.3552,34.72736],[139.35537,34.72701],[139.35654,34.72626],[139.35683,34.72613],[139.35671,34.72563],[139.35675,34.72539],[139.35673,34.72513],[139.35651,34.72476],[139.35592,34.72496],[139.35454,34.72529],[139.35387,34.72589],[139.35371,34.72633],[139.35366,34.72672],[139.35364,34.72766],[139.35366,34.72799]]]}},{"type":"Feature","properties":{"id":"area-13361007013","name":"野増字ヲワナ"},"geometry":{"type":"Polygon","coordinates":[[[139.35945,34.73012],[139.36002,34.73023],[139.36066,34.7301],[139.36056,34.73042],[139.36101,34.73061],[139.36095,34.73071],[139.36097,34.73084],[139.36132,34.73129],[139.36158,34.73146],[139.3618,34.73151],[139.36201,34.73171],[139.36209,34.73127],[139.36218,34.73111],[139.36242,34.73087],[139.36258,34.73031],[139.36254,34.73023],[139.36254,34.73012],[139.36261,34.72966],[139.3626,34.72954],[139.36263,34.72946],[139.36251,34.7292],[139.36292,34.72894],[139.3642,34.72876],[139.36465,34.72846],[139.36467,34.72798],[139.36422,34.7276],[139.36326,34.72741],[139.36266,34.72751],[139.36223,34.72733],[139.36162,34.72758],[139.36113,34.72795],[139.36093,34.72801],[139.35931,34.72768],[139.35875,34.72807],[139.35842,34.7281],[139.35801,34.72799],[139.3579,34.72801],[139.35775,34.72799],[139.35772,34.72793],[139.35763,34.72746],[139.35889,34.72713],[139.359,34.72706],[139.35915,34.72688],[139.35932,34.72688],[139.35962,34.72615],[139.35894,34.72594],[139.35878,34.72583],[139.35856,34.72584],[139.35847,34.72589],[139.35831,34.72587],[139.35828,34.72579],[139.3583,34.72566],[139.35838,34.72554],[139.35852,34.72541],[139.35869,34.72533],[139.359,34.72528],[139.35928,34.72532],[139.35951,34.72544],[139.35964,34.72557],[139.35976,34.72551],[139.35988,34.72532],[139.36034,34.72512],[139.36032,34.72489],[139.36041,34.7247],[139.36067,34.72457],[139.36084,34.72455],[139.36089,34.72443],[139.36123,34.72429],[139.36129,34.72419],[139.36125,34.7241],[139.36077,34.72396],[139.36057,34.72386],[139.36028,34.72385],[139.36007,34.72373],[139.35994,34.72369],[139.35992,34.72364],[139.35984,34.72357],[139.35954,34.72342],[139.35939,34.72302],[139.35982,34.72297],[139.36064,34.7226],[139.36076,34.7226],[139.36097,34.72269],[139.36111,34.72284],[139.3612,34.72286],[139.36129,34.72281],[139.36151,34.72255],[139.36179,34.72234],[139.36214,34.72222],[139.36269,34.72221],[139.36326,34.72216],[139.36339,34.72159],[139.36337,34.72148],[139.36274,34.72115],[139.36216,34.72065],[139.36323,34.72018],[139.36386,34.72005],[139.36442,34.71984],[139.36476,34.71965],[139.36536,34.71918],[139.36574,34.71909],[139.36625,34.71905],[139.36671,34.71911],[139.36729,34.71923],[139.36798,34.71953],[139.37012,34.71928],[139.37079,34.71944],[139.37115,34.71944],[139.37195,34.71914],[139.37271,34.71911],[139.37301,34.71905],[139.37303,34.71897],[139.373,34.71892],[139.37281,34.7187],[139.37282,34.71866],[139.373,34.71846],[139.37292,34.71809],[139.37292,34.7178],[139.37265,34.71795],[139.37225,34.71805],[139.37151,34.71808],[139.37134,34.71805],[139.37136,34.7175],[139.37153,34.71726],[139.37232,34.71669],[139.37267,34.7167],[139.3732,34.71689],[139.37344,34.71689],[139.37318,34.71669],[139.37253,34.71645],[139.37235,34.71643],[139.37217,34.71622],[139.37189,34.71603],[139.37176,34.71578],[139.37179,34.7156],[139.37049,34.71455],[139.37043,34.71422],[139.37032,34.71407],[139.37008,34.71391],[139.36992,34.71356],[139.36962,34.71346],[139.36981,34.71302],[139.36998,34.71288],[139.36976,34.71268],[139.37024,34.71229],[139.37007,34.71212],[139.36977,34.712],[139.36904,34.71076],[139.36832,34.70984],[139.36778,34.70966],[139.36715,34.70954],[139.36685,34.70928],[139.36652,34.70917],[139.36629,34.70894],[139.36584,34.70884],[139.36579,34.709],[139.3658,34.70931],[139.36571,34.70948],[139.36569,34.70966],[139.36564,34.70973],[139.36546,34.70985],[139.36525,34.70981],[139.36519,34.70972],[139.36471,34.71038],[139.36466,34.71067],[139.36415,34.71112],[139.36401,34.71147],[139.36386,34.71194],[139.36381,34.71247],[139.36387,34.71269],[139.36411,34.71292],[139.36416,34.71321],[139.36461,34.71391],[139.36474,34.71464],[139.36472,34.71484],[139.36491,34.71508],[139.36493,34.71534],[139.36485,34.71553],[139.36435,34.71555],[139.36414,34.71543],[139.3638,34.71543],[139.36318,34.71553],[139.36279,34.71568],[139.36246,34.71566],[139.36198,34.71579],[139.36167,34.71571],[139.36154,34.71571],[139.36135,34.71578],[139.36085,34.71579],[139.36054,34.71597],[139.36033,34.71594],[139.36021,34.71585],[139.35996,34.71583],[139.3592,34.71634],[139.3589,34.71637],[139.35872,34.71655],[139.35859,34.7166],[139.35814,34.71657],[139.35789,34.71663],[139.35803,34.71671],[139.35824,34.71707],[139.35866,34.71706],[139.35914,34.7172],[139.35891,34.71734],[139.35849,34.71778],[139.35838,34.71827],[139.35838,34.71838],[139.35846,34.71866],[139.35837,34.71876],[139.35816,34.7189],[139.35793,34.71899],[139.35758,34.71923],[139.35761,34.71952],[139.35722,34.71963],[139.3569,34.71984],[139.35653,34.71998],[139.35624,34.72017],[139.35608,34.72019],[139.35589,34.72007],[139.35566,34.72005],[139.35529,34.72011],[139.35503,34.72021],[139.35466,34.72015],[139.35442,34.72031],[139.35407,34.72025],[139.35386,34.72025],[139.35375,34.72017],[139.35356,34.71987],[139.35342,34.71979],[139.35246,34.71997],[139.35249,34.72021],[139.35254,34.72024],[139.3525,34.72028],[139.3525,34.72033],[139.35253,34.72033],[139.35257,34.7205],[139.35254,34.72054],[139.35249,34.72085],[139.35239,34.72099],[139.35245,34.72105],[139.35243,34.72112],[139.35231,34.72119],[139.35245,34.72117],[139.35258,34.7213],[139.35254,34.72157],[139.35249,34.72169],[139.35254,34.72183],[139.35252,34.72196],[139.35247,34.72219],[139.35238,34.72239],[139.35245,34.72286],[139.35241,34.72298],[139.35241,34.7233],[139.35249,34.7235],[139.3525,34.72377],[139.35296,34.72398],[139.35304,34.72416],[139.35315,34.72429],[139.35349,34.72439],[139.35367,34.72432],[139.35427,34.72395],[139.35454,34.72371],[139.35498,34.7235],[139.35512,34.7233],[139.35525,34.72323],[139.35552,34.72316],[139.35643,34.72276],[139.35691,34.72275],[139.35691,34.72281],[139.35679,34.72295],[139.35689,34.72306],[139.35676,34.72331],[139.35675,34.72348],[139.35668,34.72364],[139.35632,34.72399],[139.35521,34.72459],[139.35454,34.72529],[139.35592,34.72496],[139.35651,34.72476],[139.35673,34.72513],[139.35675,34.72539],[139.35671,34.72563],[139.35683,34.72613],[139.35654,34.72626],[139.35537,34.72701],[139.3552,34.72736],[139.35506,34.7275],[139.35426,34.72771],[139.3542,34.72785],[139.35366,34.72799],[139.35376,34.72846],[139.35444,34.72835],[139.35503,34.72831],[139.35551,34.72853],[139.35701,34.72851],[139.35769,34.72904],[139.35746,34.72938],[139.35714,34.72961],[139.35762,34.72977],[139.35846,34.73015],[139.35869,34.73017],[139.35945,34.73012]]]}},{"type":"Feature","properties":{"id":"area-13361007014","name":"野増字ツヅコ沢"},"geometry":{"type":"Polygon","coordinates":[[[139.35379,34.72853],[139.35369,34.72814],[139.35304,34.72821],[139.35303,34.72827],[139.3529,34.72839],[139.35294,34.72846],[139.35321,34.7285],[139.3532,34.72866],[139.35327,34.72881],[139.35348,34.72881],[139.35353,34.72878],[139.35357,34.72862],[139.35379,34.72853]]]}},{"type":"Feature","properties":{"id":"area-13361007015","name":"野増字王の上"},"geometry":{"type":"Polygon","coordinates":[[[139.35369,34.72814],[139.35364,34.72766],[139.35364,34.72712],[139.35371,34.72633],[139.35321,34.72555],[139.35325,34.72545],[139.35344,34.72528],[139.35347,34.7252],[139.35342,34.72513],[139.35307,34.72507],[139.35292,34.72477],[139.35287,34.72461],[139.35286,34.72432],[139.35293,34.72422],[139.35304,34.72416],[139.35296,34.72398],[139.3525,34.72377],[139.35248,34.72393],[139.35249,34.72401],[139.35253,34.72406],[139.35249,34.72411],[139.35238,34.725],[139.35235,34.72506],[139.35227,34.72505],[139.35217,34.72482],[139.35216,34.72488],[139.35207,34.72493],[139.35212,34.72502],[139.35219,34.72508],[139.3523,34.72511],[139.35232,34.72517],[139.35226,34.72526],[139.35229,34.72533],[139.35224,34.72539],[139.35211,34.72539],[139.35211,34.72542],[139.35223,34.72543],[139.35231,34.72533],[139.35228,34.72526],[139.3524,34.72514],[139.35251,34.72509],[139.35256,34.72511],[139.35275,34.7254],[139.35269,34.7254],[139.35262,34.72544],[139.3527,34.72549],[139.35272,34.72559],[139.35273,34.72576],[139.35265,34.72599],[139.35277,34.72603],[139.35277,34.72608],[139.35294,34.72608],[139.35297,34.72611],[139.35323,34.72677],[139.3533,34.72704],[139.35328,34.72725],[139.35311,34.72758],[139.35291,34.72774],[139.35295,34.72779],[139.35288,34.728],[139.35293,34.72809],[139.35286,34.72816],[139.35288,34.72819],[139.353,34.72819],[139.35304,34.72821],[139.35369,34.72814]]]}},{"type":"Feature","properties":{"id":"area-13361007016","name":"野増字下平"},"geometry":{"type":"Polygon","coordinates":[[[139.36451,34.70764],[139.36445,34.70724],[139.36446,34.70706],[139.36457,34.70698],[139.36472,34.70711],[139.36484,34.70715],[139.3649,34.70705],[139.36495,34.70672],[139.36505,34.70647],[139.36534,34.7062],[139.36536,34.70583],[139.36587,34.70453],[139.36638,34.70424],[139.36661,34.70377],[139.36681,34.70198],[139.36673,34.70122],[139.36286,34.70278],[139.36039,34.70384],[139.36023,34.70395],[139.36018,34.70408],[139.36018,34.70426],[139.36038,34.70461],[139.36041,34.70496],[139.36059,34.70523],[139.36072,34.70532],[139.36083,34.70547],[139.36169,34.70594],[139.362,34.70607],[139.36239,34.70605],[139.36277,34.70615],[139.36307,34.70629],[139.36351,34.70628],[139.36366,34.70634],[139.36382,34.70669],[139.36414,34.707],[139.36439,34.70756],[139.36451,34.70764]]]}},{"type":"Feature","properties":{"id":"area-13361007017","name":"野増字下センバ"},"geometry":{"type":"Polygon","coordinates":[[[139.36381,34.71247],[139.36386,34.71194],[139.36401,34.71147],[139.36415,34.71112],[139.36466,34.71067],[139.36471,34.71038],[139.36519,34.70972],[139.36525,34.70981],[139.36546,34.70985],[139.36564,34.70973],[139.36569,34.70966],[139.36571,34.70948],[139.3658,34.70931],[139.36579,34.709],[139.36584,34.70884],[139.36567,34.70833],[139.36556,34.7082],[139.36512,34.70786],[139.3648,34.7077],[139.36455,34.70767],[139.36439,34.70756],[139.36414,34.707],[139.36382,34.70669],[139.36366,34.70634],[139.36351,34.70628],[139.36307,34.70629],[139.36277,34.70615],[139.36239,34.70605],[139.362,34.70607],[139.36169,34.70594],[139.36083,34.70547],[139.36072,34.70532],[139.36059,34.70523],[139.36031,34.70482],[139.3596,34.70521],[139.35959,34.70542],[139.35967,34.70554],[139.35969,34.70588],[139.35959,34.70597],[139.3597,34.706],[139.35987,34.7064],[139.35982,34.70672],[139.35973,34.70689],[139.35978,34.70697],[139.35978,34.70707],[139.35985,34.70719],[139.35987,34.70735],[139.36,34.70747],[139.35993,34.70757],[139.36008,34.7077],[139.36008,34.70785],[139.36021,34.70795],[139.3602,34.70806],[139.3603,34.70803],[139.36038,34.70808],[139.36035,34.70819],[139.36037,34.70831],[139.36051,34.70835],[139.36061,34.70843],[139.36072,34.70856],[139.36075,34.70869],[139.36087,34.70876],[139.36089,34.70888],[139.36108,34.70919],[139.36112,34.70951],[139.36122,34.70964],[139.36108,34.71018],[139.36098,34.71038],[139.36129,34.71058],[139.36207,34.71079],[139.36222,34.71097],[139.36279,34.71122],[139.36299,34.71162],[139.36312,34.71179],[139.36336,34.71181],[139.36357,34.71223],[139.36381,34.71247]]]}},{"type":"Feature","properties":{"id":"area-13361007018","name":"野増字ツワイ"},"geometry":{"type":"Polygon","coordinates":[[[139.35789,34.71663],[139.35814,34.71657],[139.35859,34.7166],[139.35872,34.71655],[139.3589,34.71637],[139.3592,34.71634],[139.35996,34.71583],[139.36021,34.71585],[139.36033,34.71594],[139.36054,34.71597],[139.36085,34.71579],[139.36135,34.71578],[139.36154,34.71571],[139.36167,34.71571],[139.36198,34.71579],[139.36246,34.71566],[139.36279,34.71568],[139.36318,34.71553],[139.3638,34.71543],[139.36414,34.71543],[139.36435,34.71555],[139.36485,34.71553],[139.36493,34.71534],[139.36491,34.71508],[139.36472,34.71484],[139.36474,34.71464],[139.36461,34.71391],[139.36416,34.71321],[139.36411,34.71292],[139.36387,34.71269],[139.36381,34.71244],[139.36357,34.71223],[139.36336,34.71181],[139.36312,34.71179],[139.36299,34.71162],[139.36279,34.71122],[139.36222,34.71097],[139.36207,34.71079],[139.36129,34.71058],[139.36098,34.71038],[139.3605,34.71106],[139.36015,34.71141],[139.36003,34.71143],[139.3599,34.71136],[139.35986,34.71139],[139.35996,34.71146],[139.35993,34.71148],[139.35988,34.71144],[139.35975,34.71146],[139.35962,34.71168],[139.35962,34.71184],[139.35957,34.71187],[139.35947,34.71183],[139.35945,34.71186],[139.3594,34.71186],[139.35938,34.71206],[139.35913,34.71233],[139.35905,34.71234],[139.35903,34.71239],[139.35857,34.71268],[139.35853,34.7127],[139.35854,34.71275],[139.35838,34.71278],[139.35817,34.71305],[139.35794,34.71326],[139.35788,34.71326],[139.35782,34.71338],[139.3577,34.7134],[139.3577,34.71346],[139.35762,34.71353],[139.35729,34.71378],[139.35731,34.71383],[139.35701,34.71395],[139.35702,34.71413],[139.35692,34.71417],[139.35682,34.71431],[139.35672,34.71436],[139.35662,34.71436],[139.35654,34.71432],[139.35651,34.71436],[139.35653,34.7144],[139.35662,34.71443],[139.35653,34.71458],[139.35656,34.71467],[139.3565,34.71472],[139.35654,34.71481],[139.35649,34.71485],[139.35651,34.71492],[139.35645,34.71505],[139.35647,34.71511],[139.35645,34.71521],[139.35636,34.71533],[139.35631,34.71533],[139.35627,34.71539],[139.35625,34.71551],[139.35611,34.71559],[139.35606,34.7157],[139.35597,34.71576],[139.35592,34.71576],[139.35588,34.71582],[139.35574,34.71586],[139.35568,34.71591],[139.35561,34.71591],[139.35555,34.71603],[139.35541,34.71602],[139.35527,34.71608],[139.35527,34.71613],[139.35522,34.71615],[139.3552,34.71623],[139.35515,34.71625],[139.3548,34.71627],[139.35474,34.71636],[139.35455,34.71637],[139.35448,34.71644],[139.35446,34.71653],[139.35442,34.71651],[139.35432,34.71657],[139.35416,34.7167],[139.35419,34.71677],[139.35405,34.71682],[139.35399,34.7168],[139.35391,34.71689],[139.3538,34.71694],[139.35381,34.71699],[139.35359,34.71702],[139.35354,34.71716],[139.3541,34.71741],[139.35449,34.71747],[139.35472,34.7176],[139.35492,34.71765],[139.35525,34.71764],[139.35546,34.71758],[139.356,34.71771],[139.35627,34.71767],[139.3567,34.7177],[139.35689,34.7176],[139.35697,34.71728],[139.35706,34.71712],[139.3572,34.71707],[139.35735,34.71711],[139.35748,34.71709],[139.35777,34.71673],[139.35789,34.71663]]]}},{"type":"Feature","properties":{"id":"area-13361007019","name":"野増字前世"},"geometry":{"type":"Polygon","coordinates":[[[139.35689,34.72306],[139.3563,34.72343],[139.35615,34.72359],[139.3557,34.72384],[139.35557,34.72398],[139.35561,34.72416],[139.35573,34.7243],[139.35632,34.72399],[139.35668,34.72364],[139.35675,34.72348],[139.35676,34.72331],[139.35689,34.72306]]]}},{"type":"Feature","properties":{"id":"area-13361007020","name":"野増字上山"},"geometry":{"type":"Polygon","coordinates":[[[139.39632,34.75115],[139.40957,34.72009],[139.40603,34.71871],[139.40351,34.70922],[139.40048,34.70481],[139.4003,34.70494],[139.40002,34.70499],[139.39981,34.70497],[139.39965,34.70488],[139.3995,34.70475],[139.39923,34.70469],[139.39889,34.70476],[139.39844,34.70458],[139.39831,34.70457],[139.39807,34.70479],[139.39779,34.70477],[139.39738,34.70465],[139.39715,34.70467],[139.39693,34.70477],[139.39677,34.70481],[139.39623,34.70469],[139.39609,34.70469],[139.39596,34.70473],[139.39549,34.70509],[139.39538,34.7051],[139.39522,34.70503],[139.39494,34.70503],[139.39462,34.70508],[139.39445,34.70521],[139.39439,34.70537],[139.39426,34.70551],[139.39386,34.70531],[139.39361,34.70525],[139.39346,34.70526],[139.39321,34.70568],[139.39292,34.70591],[139.39265,34.70598],[139.39227,34.70594],[139.39175,34.70574],[139.39146,34.70578],[139.39119,34.7059],[139.39074,34.70579],[139.39031,34.70597],[139.39016,34.70615],[139.38964,34.70707],[139.38952,34.70712],[139.38922,34.70711],[139.38908,34.70714],[139.3889,34.70736],[139.38873,34.70748],[139.38861,34.70752],[139.38811,34.7075],[139.38769,34.70759],[139.38758,34.7077],[139.38753,34.70781],[139.3875,34.70805],[139.38758,34.70835],[139.38756,34.70849],[139.38745,34.70861],[139.38731,34.70867],[139.38697,34.70866],[139.38657,34.70857],[139.38642,34.70849],[139.38557,34.70821],[139.38528,34.70818],[139.38497,34.70837],[139.38473,34.70846],[139.38459,34.70847],[139.3841,34.70817],[139.38374,34.70806],[139.3833,34.70803],[139.38322,34.70788],[139.38309,34.70777],[139.38251,34.70794],[139.38234,34.70791],[139.38202,34.70767],[139.38172,34.70754],[139.3812,34.7074],[139.38065,34.70711],[139.38022,34.70717],[139.38006,34.70726],[139.38004,34.70748],[139.37995,34.70766],[139.37975,34.70781],[139.37931,34.70768],[139.37924,34.70777],[139.37918,34.70789],[139.37919,34.708],[139.37913,34.70812],[139.37889,34.70836],[139.37832,34.70835],[139.378,34.70844],[139.37805,34.70858],[139.3782,34.70866],[139.37825,34.70879],[139.37824,34.7089],[139.37817,34.70893],[139.37804,34.7089],[139.37773,34.70872],[139.37759,34.70868],[139.37676,34.70868],[139.3764,34.70887],[139.37621,34.70886],[139.37589,34.70871],[139.37563,34.70863],[139.37532,34.70876],[139.37512,34.70878],[139.37431,34.7086],[139.3742,34.70899],[139.37428,34.70924],[139.37425,34.70938],[139.37401,34.70945],[139.37347,34.70938],[139.37294,34.7094],[139.3727,34.70937],[139.37249,34.70942],[139.3724,34.70966],[139.37208,34.70987],[139.37186,34.70974],[139.37169,34.70969],[139.37147,34.70981],[139.37144,34.71003],[139.37149,34.71013],[139.37163,34.71023],[139.37192,34.71036],[139.3723,34.71038],[139.37252,34.71019],[139.37262,34.71026],[139.37265,34.71038],[139.37262,34.71057],[139.37266,34.71082],[139.3726,34.71089],[139.37245,34.71092],[139.37241,34.71104],[139.37277,34.71127],[139.37299,34.71155],[139.37285,34.71173],[139.37286,34.71198],[139.37297,34.71216],[139.37311,34.7126],[139.37327,34.71291],[139.37336,34.71306],[139.37359,34.71312],[139.37395,34.71335],[139.37405,34.71351],[139.3741,34.71378],[139.37409,34.71392],[139.37397,34.71399],[139.37366,34.71393],[139.37347,34.71394],[139.37338,34.71416],[139.37339,34.71478],[139.37296,34.7152],[139.37278,34.71527],[139.37266,34.71544],[139.37304,34.7159],[139.37361,34.71595],[139.37367,34.71612],[139.37336,34.71636],[139.37346,34.71655],[139.37399,34.71657],[139.37399,34.71668],[139.37344,34.71689],[139.3732,34.71689],[139.37267,34.7167],[139.37232,34.71669],[139.37153,34.71726],[139.37136,34.7175],[139.37134,34.71805],[139.37151,34.71808],[139.37225,34.71805],[139.37265,34.71795],[139.37292,34.7178],[139.37292,34.71809],[139.373,34.71846],[139.37282,34.71866],[139.37281,34.7187],[139.373,34.71892],[139.37303,34.71897],[139.37301,34.71905],[139.37271,34.71911],[139.37195,34.71914],[139.37115,34.71944],[139.37079,34.71944],[139.37012,34.71928],[139.36798,34.71953],[139.36729,34.71923],[139.36671,34.71911],[139.36625,34.71905],[139.36574,34.71909],[139.36536,34.71918],[139.36476,34.71965],[139.36442,34.71984],[139.36386,34.72005],[139.36323,34.72018],[139.36216,34.72065],[139.36274,34.72115],[139.36337,34.72148],[139.36339,34.72159],[139.36326,34.72216],[139.36269,34.72221],[139.36214,34.72222],[139.36179,34.72234],[139.36151,34.72255],[139.36129,34.72281],[139.3612,34.72286],[139.36111,34.72284],[139.36097,34.72269],[139.36076,34.7226],[139.36064,34.7226],[139.35982,34.72297],[139.35939,34.72302],[139.35954,34.72342],[139.35984,34.72357],[139.35992,34.72364],[139.35994,34.72369],[139.36007,34.72373],[139.36028,34.72385],[139.36057,34.72386],[139.36077,34.72396],[139.36125,34.7241],[139.36129,34.72419],[139.36123,34.72429],[139.36089,34.72443],[139.36084,34.72455],[139.36067,34.72457],[139.36041,34.7247],[139.36032,34.72489],[139.36034,34.72512],[139.35988,34.72532],[139.35976,34.72551],[139.35964,34.72557],[139.35951,34.72544],[139.35928,34.72532],[139.359,34.72528],[139.35869,34.72533],[139.35852,34.72541],[139.35838,34.72554],[139.3583,34.72566],[139.35828,34.72579],[139.35831,34.72587],[139.35847,34.72589],[139.35856,34.72584],[139.35878,34.72583],[139.35894,34.72594],[139.35962,34.72615],[139.35932,34.72688],[139.35915,34.72688],[139.359,34.72706],[139.35889,34.72713],[139.35763,34.72746],[139.35772,34.72793],[139.35775,34.72799],[139.3579,34.72801],[139.35801,34.72799],[139.35842,34.7281],[139.35875,34.72807],[139.35931,34.72768],[139.36093,34.72801],[139.36113,34.72795],[139.36162,34.72758],[139.36223,34.72733],[139.36266,34.72751],[139.36326,34.72741],[139.36422,34.7276],[139.36467,34.72798],[139.36465,34.72846],[139.3642,34.72876],[139.36292,34.72894],[139.36251,34.7292],[139.36263,34.72946],[139.3626,34.72954],[139.36261,34.72966],[139.36254,34.73012],[139.36254,34.73023],[139.36258,34.73031],[139.36242,34.73087],[139.36218,34.73111],[139.36209,34.73127],[139.36201,34.73171],[139.36177,34.73183],[139.36162,34.73205],[139.36115,34.732],[139.36074,34.73214],[139.36081,34.73221],[139.361,34.73226],[139.36134,34.73249],[139.3615,34.73255],[139.36187,34.73251],[139.36199,34.73256],[139.36185,34.7326],[139.36174,34.73267],[139.36202,34.73355],[139.36208,34.73359],[139.36253,34.73365],[139.36286,34.73377],[139.36316,34.73371],[139.36365,34.73375],[139.36361,34.73393],[139.36337,34.73396],[139.36297,34.73413],[139.36241,34.73411],[139.36212,34.73422],[139.36192,34.7344],[139.36194,34.73462],[139.36228,34.73466],[139.36242,34.73471],[139.36279,34.73471],[139.36328,34.73491],[139.36374,34.73488],[139.36441,34.73521],[139.36462,34.73514],[139.36481,34.73501],[139.36517,34.7349],[139.36546,34.73475],[139.36566,34.73472],[139.36591,34.73474],[139.36634,34.73451],[139.3666,34.7345],[139.36676,34.73458],[139.36729,34.73449],[139.3678,34.73464],[139.36797,34.73472],[139.36851,34.73505],[139.36874,34.73529],[139.36931,34.73551],[139.36955,34.73548],[139.36974,34.73564],[139.37,34.73579],[139.37016,34.73581],[139.37045,34.73596],[139.3707,34.73599],[139.37099,34.7359],[139.37148,34.73593],[139.37202,34.73619],[139.37248,34.73653],[139.37308,34.73674],[139.3751,34.73682],[139.37596,34.73696],[139.3768,34.73675],[139.37782,34.73702],[139.37829,34.737],[139.37898,34.73708],[139.37954,34.73726],[139.37993,34.73725],[139.38075,34.73739],[139.38115,34.73742],[139.38143,34.73739],[139.38213,34.73789],[139.38292,34.73878],[139.38355,34.74062],[139.38367,34.74132],[139.38388,34.74148],[139.38444,34.7415],[139.38488,34.74173],[139.38522,34.74218],[139.38602,34.74388],[139.38653,34.74467],[139.38746,34.74541],[139.38861,34.74651],[139.38923,34.74671],[139.39171,34.74705],[139.39406,34.74819],[139.39477,34.74885],[139.39529,34.74939],[139.39557,34.7502],[139.39594,34.7507],[139.39622,34.75097],[139.39632,34.75115]]]}}]}