{"type":"FeatureCollection","features":[{"type":"Feature","properties":{"id":"muni-06201","name":"山形市"},"geometry":{"type":"Polygon","coordinates":[[[140.19201,38.22406],[140.18996,38.22202],[140.18793,38.22206],[140.18433,38.22313],[140.18305,38.22283],[140.18163,38.22372],[140.18021,38.22326],[140.17938,38.22423],[140.17937,38.22501],[140.18038,38.22613],[140.18318,38.22686],[140.18389,38.22785],[140.18564,38.22853],[140.18632,38.23005],[140.18753,38.23085],[140.1883,38.23259],[140.18954,38.23319],[140.19108,38.23321],[140.19451,38.23591],[140.19821,38.23695],[140.20336,38.237],[140.20437,38.23758],[140.20522,38.23632],[140.20652,38.23719],[140.20733,38.2367],[140.20662,38.23551],[140.20515,38.23498],[140.20744,38.23369],[140.2088,38.23362],[140.21282,38.23485],[140.2143,38.23769],[140.2131,38.23904],[140.21079,38.23994],[140.21216,38.24338],[140.214,38.24487],[140.21386,38.2459],[140.21307,38.24669],[140.21481,38.24691],[140.21475,38.24863],[140.21718,38.25023],[140.20952,38.24971],[140.20705,38.25243],[140.20928,38.25569],[140.20993,38.25824],[140.2139,38.26107],[140.21356,38.2618],[140.21408,38.2629],[140.21367,38.2638],[140.21106,38.26572],[140.20776,38.26696],[140.20769,38.26996],[140.20725,38.27077],[140.20565,38.27162],[140.20654,38.27268],[140.20938,38.27427],[140.21159,38.27395],[140.21257,38.27332],[140.21436,38.27354],[140.21499,38.27473],[140.2165,38.27559],[140.21764,38.27479],[140.22178,38.27359],[140.22289,38.27243],[140.22732,38.26998],[140.22861,38.27089],[140.23157,38.27158],[140.23311,38.27055],[140.23649,38.27248],[140.23771,38.27228],[140.24014,38.27321],[140.24102,38.27274],[140.24175,38.27117],[140.2436,38.27098],[140.24316,38.26963],[140.24701,38.2698],[140.25172,38.26878],[140.2525,38.26922],[140.25225,38.26957],[140.25315,38.27213],[140.25709,38.27338],[140.26568,38.27352],[140.27079,38.2759],[140.2719,38.27696],[140.27401,38.27663],[140.27489,38.27738],[140.2773,38.27772],[140.27688,38.27982],[140.27766,38.28119],[140.27672,38.28202],[140.27661,38.28274],[140.27743,38.28399],[140.27894,38.28475],[140.27916,38.2855],[140.2763,38.28705],[140.27602,38.28891],[140.27708,38.29013],[140.27655,38.29172],[140.28076,38.29265],[140.28268,38.29552],[140.285,38.29673],[140.28527,38.30044],[140.28726,38.30207],[140.28734,38.30462],[140.28825,38.30567],[140.28641,38.30613],[140.28653,38.30658],[140.28614,38.3067],[140.28504,38.30642],[140.28508,38.30809],[140.28453,38.30808],[140.28428,38.31262],[140.28788,38.31382],[140.28944,38.31371],[140.28909,38.31457],[140.29166,38.31463],[140.29161,38.31551],[140.29306,38.31553],[140.29308,38.31502],[140.29712,38.31648],[140.29683,38.31568],[140.29805,38.31514],[140.29898,38.3163],[140.30046,38.31576],[140.30143,38.31785],[140.30385,38.31885],[140.30322,38.32066],[140.30402,38.32137],[140.30385,38.32296],[140.30502,38.32375],[140.30366,38.32531],[140.30441,38.32633],[140.30601,38.32712],[140.30398,38.32812],[140.3054,38.32955],[140.30679,38.33337],[140.30433,38.33387],[140.30563,38.33782],[140.30806,38.33734],[140.30905,38.33919],[140.31219,38.33896],[140.31225,38.34109],[140.31611,38.3411],[140.317,38.33965],[140.31908,38.33929],[140.31973,38.33805],[140.32114,38.33788],[140.3218,38.33894],[140.3236,38.33824],[140.32321,38.33763],[140.32481,38.3375],[140.3248,38.33212],[140.33009,38.33165],[140.33009,38.33061],[140.32925,38.33011],[140.32902,38.32681],[140.33234,38.32505],[140.33542,38.32443],[140.3476,38.32394],[140.35337,38.32148],[140.36084,38.31919],[140.37433,38.31701],[140.38167,38.31524],[140.38819,38.31449],[140.3942,38.31287],[140.4015,38.31207],[140.40783,38.3104],[140.40882,38.31161],[140.40453,38.313],[140.40481,38.31453],[140.40668,38.31426],[140.40694,38.31462],[140.40608,38.31505],[140.4069,38.31657],[140.40833,38.31588],[140.40986,38.31819],[140.40781,38.31951],[140.40815,38.32025],[140.40964,38.32105],[140.41093,38.32025],[140.41221,38.3202],[140.41193,38.31951],[140.41302,38.31802],[140.41232,38.31729],[140.41326,38.31596],[140.41845,38.31248],[140.41863,38.31397],[140.42224,38.31678],[140.4248,38.31756],[140.42525,38.31896],[140.43139,38.31978],[140.43378,38.32201],[140.43717,38.32288],[140.43939,38.32483],[140.44028,38.32594],[140.43931,38.3267],[140.43933,38.32865],[140.43891,38.32919],[140.44015,38.33186],[140.44247,38.33519],[140.44613,38.33729],[140.44657,38.33881],[140.45133,38.33821],[140.45305,38.33716],[140.45559,38.33729],[140.45622,38.33684],[140.46033,38.33786],[140.46426,38.33712],[140.46721,38.33747],[140.47042,38.33703],[140.47733,38.34014],[140.47846,38.33943],[140.47868,38.34032],[140.481,38.33978],[140.48244,38.34247],[140.48428,38.34317],[140.49021,38.34318],[140.49377,38.34516],[140.49662,38.34533],[140.49842,38.34601],[140.50029,38.34576],[140.50201,38.34682],[140.50555,38.34694],[140.51257,38.35031],[140.51468,38.35209],[140.51737,38.35076],[140.51968,38.35046],[140.52188,38.34947],[140.52205,38.34845],[140.52125,38.34775],[140.52225,38.34451],[140.52363,38.34279],[140.52375,38.33958],[140.5249,38.33666],[140.5249,38.33286],[140.52731,38.33015],[140.52762,38.32763],[140.52996,38.32545],[140.52903,38.32444],[140.52898,38.32342],[140.52843,38.32281],[140.52957,38.32097],[140.52777,38.32031],[140.52782,38.31923],[140.52596,38.31854],[140.52557,38.31754],[140.5236,38.31683],[140.52175,38.31416],[140.52139,38.31123],[140.51996,38.30967],[140.5159,38.31118],[140.51176,38.3113],[140.50955,38.31332],[140.50695,38.31421],[140.50406,38.31446],[140.5045,38.31294],[140.50418,38.30874],[140.50213,38.30534],[140.5003,38.30388],[140.49651,38.30402],[140.49467,38.30261],[140.49295,38.30276],[140.49257,38.30213],[140.49253,38.30134],[140.49328,38.30033],[140.49208,38.29656],[140.49297,38.29547],[140.49265,38.29314],[140.49311,38.29082],[140.49419,38.28816],[140.4958,38.28612],[140.49542,38.28523],[140.49679,38.2831],[140.49521,38.28148],[140.49231,38.28013],[140.49064,38.27612],[140.48805,38.27441],[140.48166,38.2732],[140.47956,38.27347],[140.47654,38.27257],[140.47507,38.27163],[140.4731,38.2718],[140.47235,38.27018],[140.47133,38.26937],[140.47168,38.26793],[140.47133,38.26532],[140.47241,38.26428],[140.47287,38.2606],[140.47049,38.25931],[140.46943,38.25588],[140.47078,38.25515],[140.47276,38.2523],[140.47145,38.25124],[140.47105,38.24932],[140.4701,38.24832],[140.46974,38.24618],[140.47009,38.24525],[140.4693,38.24283],[140.47099,38.23462],[140.46751,38.23247],[140.46864,38.2313],[140.46926,38.22842],[140.47264,38.22673],[140.47435,38.22415],[140.47193,38.21986],[140.47119,38.21708],[140.47099,38.21333],[140.4719,38.21141],[140.4733,38.20989],[140.47283,38.20824],[140.47328,38.20563],[140.47448,38.20352],[140.47712,38.20084],[140.47734,38.19927],[140.47824,38.19831],[140.47788,38.19576],[140.47882,38.19441],[140.47733,38.19146],[140.47807,38.19076],[140.47844,38.18901],[140.4781,38.187],[140.47942,38.18568],[140.47992,38.18284],[140.47888,38.18178],[140.47857,38.18009],[140.47636,38.17804],[140.47496,38.17576],[140.46942,38.17066],[140.46954,38.16688],[140.46878,38.16461],[140.46895,38.16323],[140.46674,38.16104],[140.46733,38.15929],[140.46721,38.15701],[140.46144,38.15423],[140.45907,38.15379],[140.45541,38.15206],[140.45278,38.15143],[140.45172,38.15055],[140.45022,38.14686],[140.44602,38.14357],[140.43977,38.14382],[140.43881,38.14581],[140.43662,38.14807],[140.43574,38.15037],[140.43393,38.15042],[140.43188,38.15173],[140.4311,38.15166],[140.42923,38.14981],[140.42356,38.14905],[140.42008,38.14806],[140.41452,38.14878],[140.40996,38.15125],[140.40427,38.1512],[140.39819,38.15267],[140.39579,38.15201],[140.39516,38.15292],[140.39658,38.1544],[140.39652,38.15486],[140.39212,38.15443],[140.38909,38.15774],[140.39016,38.1616],[140.38564,38.16363],[140.38326,38.16272],[140.38174,38.16145],[140.38114,38.16159],[140.38075,38.16095],[140.37958,38.16113],[140.37869,38.16051],[140.37784,38.16062],[140.37811,38.16137],[140.37719,38.16205],[140.37496,38.16064],[140.37371,38.16081],[140.37201,38.15981],[140.36813,38.15931],[140.36701,38.15821],[140.36573,38.15845],[140.3655,38.15896],[140.36415,38.15833],[140.36154,38.15989],[140.35969,38.16228],[140.35608,38.16248],[140.35603,38.16322],[140.35245,38.16518],[140.35075,38.16467],[140.34627,38.16674],[140.34464,38.16651],[140.34286,38.16693],[140.34111,38.16809],[140.33757,38.16765],[140.33454,38.16947],[140.33213,38.16865],[140.33139,38.16935],[140.32962,38.16969],[140.32725,38.16937],[140.32497,38.1709],[140.32224,38.17059],[140.3217,38.17139],[140.31984,38.17198],[140.31911,38.17268],[140.31764,38.17244],[140.31562,38.1735],[140.31458,38.17312],[140.31194,38.17379],[140.31224,38.17529],[140.31315,38.17542],[140.31264,38.17621],[140.31289,38.17677],[140.31457,38.17927],[140.31401,38.18014],[140.3147,38.17987],[140.31557,38.1806],[140.31405,38.18173],[140.31351,38.18159],[140.31421,38.18316],[140.31364,38.18333],[140.31436,38.18438],[140.31378,38.18473],[140.31347,38.18443],[140.3127,38.18539],[140.31236,38.18506],[140.31075,38.18569],[140.31084,38.18651],[140.30909,38.18744],[140.30947,38.18837],[140.30916,38.18856],[140.30877,38.18804],[140.30837,38.18905],[140.30573,38.18905],[140.30594,38.19006],[140.30503,38.18933],[140.30405,38.1897],[140.30332,38.18873],[140.30357,38.18855],[140.30206,38.18756],[140.30091,38.18466],[140.29619,38.1854],[140.29502,38.18384],[140.2957,38.18268],[140.29269,38.18341],[140.291,38.18178],[140.28919,38.17839],[140.2876,38.1788],[140.28735,38.17831],[140.28673,38.1788],[140.28579,38.17871],[140.28538,38.17937],[140.28509,38.18067],[140.28258,38.18478],[140.28168,38.18747],[140.27861,38.18657],[140.27835,38.18714],[140.27749,38.18695],[140.27713,38.18781],[140.27669,38.18772],[140.27657,38.18889],[140.27694,38.18916],[140.27802,38.18862],[140.27808,38.18913],[140.27778,38.18952],[140.27825,38.19151],[140.27709,38.19228],[140.2765,38.19182],[140.27641,38.18977],[140.27404,38.18809],[140.2727,38.18599],[140.27278,38.18411],[140.27103,38.18253],[140.27004,38.18227],[140.26958,38.1791],[140.26851,38.17829],[140.26534,38.17776],[140.26449,38.1781],[140.2609,38.17365],[140.25788,38.17289],[140.25552,38.17381],[140.2537,38.17719],[140.25077,38.17771],[140.24898,38.17964],[140.24819,38.18139],[140.24841,38.18273],[140.24667,38.18496],[140.24647,38.18656],[140.24564,38.18753],[140.24533,38.18889],[140.2465,38.18933],[140.24734,38.19137],[140.24838,38.19223],[140.24877,38.19375],[140.24977,38.19429],[140.24827,38.19505],[140.24384,38.19559],[140.24452,38.19793],[140.24253,38.20152],[140.24292,38.2023],[140.24534,38.2021],[140.24613,38.20393],[140.24704,38.20454],[140.24524,38.20628],[140.24502,38.20729],[140.24553,38.2082],[140.24482,38.20834],[140.24458,38.20931],[140.24018,38.21037],[140.23595,38.20726],[140.23437,38.20852],[140.23413,38.20947],[140.23217,38.21077],[140.23204,38.21167],[140.23099,38.21183],[140.22807,38.20998],[140.22605,38.21147],[140.22428,38.21057],[140.22309,38.21081],[140.22165,38.21221],[140.21962,38.21327],[140.21795,38.21315],[140.21714,38.21145],[140.21601,38.21092],[140.21097,38.21069],[140.20471,38.21434],[140.20422,38.21529],[140.20342,38.21528],[140.20224,38.21708],[140.20018,38.21779],[140.1993,38.21922],[140.19889,38.22124],[140.19782,38.22222],[140.19667,38.22447],[140.19413,38.22416],[140.1935,38.22342],[140.19201,38.22406]]]}},{"type":"Feature","properties":{"id":"muni-06202","name":"米沢市"},"geometry":{"type":"MultiPolygon","coordinates":[[[[140.06225,37.96514],[140.06507,37.96677],[140.06525,37.96773],[140.06681,37.96736],[140.0669,37.96848],[140.06962,37.96934],[140.07434,37.97175],[140.07375,37.97362],[140.07489,37.97495],[140.07412,37.9761],[140.07439,37.97647],[140.07516,37.97539],[140.08065,37.97418],[140.08052,37.97548],[140.08125,37.97598],[140.08341,37.97604],[140.08416,37.97475],[140.0853,37.97482],[140.0886,37.97576],[140.0889,37.97662],[140.09043,37.97725],[140.09203,37.97723],[140.09349,37.9767],[140.09328,37.97558],[140.09541,37.97552],[140.09551,37.97478],[140.09962,37.97453],[140.09919,37.97202],[140.1015,37.97171],[140.10123,37.97056],[140.1043,37.96992],[140.10544,37.97004],[140.10599,37.97358],[140.10742,37.97547],[140.1088,37.97459],[140.11005,37.9745],[140.11006,37.97409],[140.11051,37.97427],[140.11162,37.97596],[140.11048,37.9785],[140.11267,37.97973],[140.11237,37.97927],[140.11403,37.9786],[140.11179,37.97518],[140.1159,37.97398],[140.11602,37.97429],[140.11829,37.97381],[140.12015,37.97869],[140.1212,37.97837],[140.1217,37.97938],[140.12098,37.97962],[140.12139,37.98018],[140.12091,37.98031],[140.12194,37.98238],[140.12283,37.98212],[140.12445,37.98404],[140.12346,37.9846],[140.12451,37.98582],[140.12554,37.98528],[140.12707,37.98702],[140.13214,37.9849],[140.12969,37.97995],[140.12883,37.98021],[140.1266,37.97574],[140.12743,37.97548],[140.12702,37.97468],[140.12817,37.97432],[140.12592,37.96985],[140.12617,37.96932],[140.1256,37.96943],[140.12483,37.9684],[140.12435,37.96846],[140.12294,37.96622],[140.12189,37.96643],[140.1214,37.96544],[140.12426,37.96612],[140.12409,37.96525],[140.12461,37.96615],[140.12477,37.96568],[140.12815,37.9657],[140.13121,37.96968],[140.13305,37.9694],[140.13647,37.97338],[140.13803,37.97447],[140.13814,37.97562],[140.13739,37.97624],[140.13692,37.97757],[140.13754,37.97835],[140.13914,37.97898],[140.14223,37.97853],[140.14241,37.97959],[140.14749,37.97922],[140.14788,37.9781],[140.14605,37.9741],[140.14497,37.97294],[140.14471,37.97126],[140.14626,37.96814],[140.14667,37.96775],[140.1476,37.96831],[140.14845,37.97083],[140.14896,37.97059],[140.14995,37.97117],[140.15116,37.97064],[140.15066,37.96982],[140.15171,37.96921],[140.15156,37.96658],[140.15198,37.96599],[140.15281,37.966],[140.15322,37.9653],[140.15251,37.96483],[140.15359,37.96364],[140.15341,37.96317],[140.15472,37.9633],[140.15532,37.96422],[140.15634,37.96416],[140.15826,37.96372],[140.15777,37.96316],[140.16032,37.9625],[140.16087,37.96033],[140.16064,37.95823],[140.16088,37.9575],[140.16197,37.9572],[140.16274,37.95562],[140.16249,37.95465],[140.1643,37.95448],[140.1657,37.95358],[140.1655,37.95304],[140.16388,37.95284],[140.16488,37.9515],[140.16413,37.9514],[140.1641,37.95102],[140.16674,37.95127],[140.16566,37.94992],[140.16477,37.94973],[140.16483,37.94899],[140.16403,37.94845],[140.16487,37.94754],[140.16521,37.94544],[140.16596,37.94519],[140.16655,37.94356],[140.1657,37.9402],[140.16441,37.93926],[140.16582,37.93826],[140.16597,37.9375],[140.16733,37.9371],[140.16872,37.93883],[140.17016,37.93873],[140.17614,37.93685],[140.17708,37.93588],[140.17902,37.93508],[140.18209,37.93621],[140.18193,37.93817],[140.18286,37.93866],[140.18529,37.9388],[140.18885,37.93776],[140.19238,37.93778],[140.18765,37.93588],[140.18616,37.93591],[140.18714,37.93306],[140.18428,37.93173],[140.18395,37.93116],[140.18458,37.93035],[140.1846,37.9291],[140.18703,37.92916],[140.18772,37.92855],[140.18745,37.92733],[140.19054,37.92502],[140.1902,37.92213],[140.18742,37.92108],[140.18812,37.91962],[140.18747,37.91831],[140.18959,37.91776],[140.18981,37.91308],[140.19551,37.90785],[140.1957,37.90567],[140.19522,37.90478],[140.19286,37.90365],[140.1946,37.90051],[140.19274,37.89972],[140.19327,37.89945],[140.20047,37.89903],[140.20284,37.8976],[140.20561,37.89941],[140.20697,37.89711],[140.21219,37.896],[140.21439,37.89778],[140.216,37.89774],[140.21765,37.90043],[140.22187,37.90086],[140.22389,37.90392],[140.22529,37.90434],[140.22594,37.90672],[140.22279,37.90901],[140.22254,37.90999],[140.22569,37.91126],[140.22891,37.91365],[140.23092,37.91697],[140.23526,37.9177],[140.23904,37.91917],[140.24651,37.91633],[140.24705,37.91756],[140.25062,37.91998],[140.25447,37.92028],[140.25632,37.92097],[140.25882,37.92094],[140.26295,37.92265],[140.26407,37.91999],[140.26372,37.91934],[140.26626,37.91903],[140.26735,37.91787],[140.26614,37.91615],[140.2665,37.91358],[140.26447,37.91206],[140.26509,37.91022],[140.26453,37.9092],[140.26457,37.90628],[140.26542,37.90523],[140.26537,37.90271],[140.26609,37.89965],[140.26739,37.89889],[140.267,37.89657],[140.26836,37.89526],[140.26848,37.89434],[140.27067,37.89085],[140.26935,37.88978],[140.26668,37.88891],[140.26713,37.88663],[140.26569,37.88647],[140.26452,37.88517],[140.26564,37.88352],[140.26447,37.88163],[140.26471,37.87947],[140.26626,37.87818],[140.26745,37.87784],[140.26983,37.87455],[140.26903,37.87362],[140.26851,37.87135],[140.26944,37.87003],[140.26895,37.86901],[140.26987,37.86669],[140.26946,37.86536],[140.26787,37.86502],[140.26578,37.8627],[140.2653,37.86131],[140.26553,37.85888],[140.26746,37.85712],[140.26675,37.85584],[140.26539,37.85491],[140.26659,37.85302],[140.26607,37.85074],[140.26695,37.85002],[140.26667,37.84851],[140.26741,37.84775],[140.26618,37.84483],[140.26254,37.84214],[140.26197,37.84028],[140.26501,37.83895],[140.26236,37.83713],[140.26344,37.83593],[140.26261,37.83568],[140.26198,37.8346],[140.2632,37.83213],[140.26502,37.83043],[140.26567,37.82833],[140.26699,37.82705],[140.26754,37.82577],[140.26925,37.82545],[140.26887,37.82395],[140.27133,37.82357],[140.27434,37.82201],[140.27561,37.82074],[140.27678,37.82125],[140.27733,37.82077],[140.27809,37.82121],[140.27953,37.82063],[140.27997,37.81943],[140.28142,37.81833],[140.28358,37.81817],[140.28535,37.81599],[140.28514,37.81544],[140.28648,37.81556],[140.28715,37.81389],[140.28794,37.81377],[140.28987,37.815],[140.29115,37.81509],[140.29367,37.81346],[140.29321,37.81225],[140.29349,37.81139],[140.29422,37.81099],[140.29598,37.81106],[140.29643,37.80955],[140.29868,37.80864],[140.29874,37.80744],[140.29454,37.80463],[140.29211,37.80403],[140.29095,37.80289],[140.29042,37.8011],[140.28635,37.80073],[140.28218,37.79816],[140.28174,37.79657],[140.28257,37.79254],[140.28199,37.79156],[140.28013,37.7903],[140.27927,37.78866],[140.27685,37.78763],[140.27724,37.78591],[140.27838,37.78472],[140.2763,37.78177],[140.2741,37.78154],[140.27226,37.78051],[140.26823,37.78034],[140.26603,37.77903],[140.26526,37.77767],[140.26316,37.77591],[140.26289,37.77501],[140.2638,37.77427],[140.26316,37.77305],[140.26037,37.77064],[140.25664,37.76918],[140.25554,37.76783],[140.2556,37.76608],[140.25458,37.76412],[140.25027,37.76168],[140.24918,37.76029],[140.24442,37.75829],[140.24431,37.75726],[140.24321,37.75636],[140.24293,37.75454],[140.24026,37.75353],[140.24043,37.7508],[140.23877,37.748],[140.23755,37.74663],[140.23525,37.74604],[140.22897,37.74589],[140.22668,37.74657],[140.22258,37.74672],[140.21988,37.74596],[140.21582,37.74843],[140.21104,37.74819],[140.2084,37.74917],[140.20672,37.74901],[140.20463,37.74771],[140.20071,37.75052],[140.1995,37.7524],[140.19687,37.75309],[140.19101,37.75335],[140.18607,37.75611],[140.18438,37.75656],[140.17748,37.75681],[140.17642,37.75739],[140.17502,37.75732],[140.17358,37.75637],[140.17218,37.75622],[140.16884,37.75695],[140.1683,37.75658],[140.16523,37.75686],[140.16019,37.7558],[140.15724,37.75415],[140.15409,37.75327],[140.14984,37.75278],[140.1477,37.74936],[140.1437,37.74648],[140.14173,37.74439],[140.14028,37.7402],[140.14073,37.73823],[140.1375,37.73904],[140.13494,37.73686],[140.13324,37.73664],[140.12764,37.73397],[140.11943,37.7343],[140.11408,37.73514],[140.1085,37.73747],[140.10596,37.73758],[140.10367,37.73689],[140.10204,37.73757],[140.10127,37.73831],[140.10095,37.73956],[140.0987,37.74071],[140.09831,37.74245],[140.09668,37.74335],[140.09633,37.74655],[140.09579,37.74758],[140.09434,37.74936],[140.0906,37.75155],[140.08887,37.75519],[140.08715,37.75609],[140.08584,37.75793],[140.08475,37.75815],[140.08235,37.75733],[140.08041,37.7559],[140.07663,37.75739],[140.06873,37.75797],[140.06829,37.75922],[140.06741,37.76005],[140.06745,37.76175],[140.06681,37.76347],[140.06703,37.76454],[140.06508,37.76743],[140.06329,37.768],[140.06207,37.76946],[140.05827,37.77123],[140.05549,37.77086],[140.05332,37.77116],[140.05434,37.77506],[140.05247,37.77874],[140.05115,37.77947],[140.05033,37.77901],[140.04812,37.77892],[140.04511,37.77492],[140.04419,37.77283],[140.04147,37.77146],[140.03748,37.7681],[140.03431,37.76747],[140.03144,37.76853],[140.02719,37.76651],[140.02415,37.76639],[140.02161,37.76541],[140.01923,37.76221],[140.01536,37.76297],[140.0126,37.76182],[140.01,37.76392],[140.00872,37.76266],[140.00168,37.75941],[140.00032,37.76001],[139.99882,37.76146],[139.99263,37.75869],[139.98961,37.75989],[139.98689,37.7602],[139.98466,37.76156],[139.98316,37.76428],[139.9802,37.76498],[139.97808,37.76623],[139.97795,37.76784],[139.97845,37.76881],[139.97793,37.77047],[139.97858,37.77126],[139.9789,37.77355],[139.97591,37.77555],[139.97319,37.77591],[139.97302,37.77728],[139.97194,37.77786],[139.97194,37.77908],[139.97078,37.77928],[139.97001,37.7809],[139.96734,37.78385],[139.96734,37.78539],[139.96861,37.78756],[139.96861,37.78852],[139.96719,37.79042],[139.9644,37.79156],[139.96021,37.7958],[139.95956,37.79758],[139.95968,37.7992],[139.96036,37.80099],[139.96182,37.80219],[139.96209,37.806],[139.96012,37.80815],[139.95991,37.81075],[139.95866,37.81257],[139.95787,37.81486],[139.95567,37.81574],[139.95287,37.81573],[139.94986,37.8164],[139.9481,37.81823],[139.94501,37.81922],[139.94009,37.82264],[139.93844,37.82646],[139.93751,37.82713],[139.93729,37.82803],[139.93792,37.82892],[139.93825,37.8312],[139.93928,37.83221],[139.9374,37.83587],[139.9373,37.83749],[139.93599,37.83957],[139.93498,37.84379],[139.9353,37.84712],[139.93596,37.84809],[139.93601,37.84955],[139.93526,37.8512],[139.93613,37.85501],[139.93807,37.85663],[139.9365,37.85791],[139.93627,37.86033],[139.93804,37.86413],[139.93778,37.8654],[139.93886,37.86673],[139.94081,37.86697],[139.94293,37.86808],[139.94425,37.87065],[139.94679,37.87122],[139.94709,37.87228],[139.94857,37.87319],[139.94945,37.8748],[139.95333,37.87572],[139.95679,37.87765],[139.95822,37.87718],[139.95908,37.88037],[139.96167,37.88334],[139.96248,37.88355],[139.96411,37.88277],[139.96666,37.88398],[139.97102,37.88351],[139.97268,37.88424],[139.97387,37.88377],[139.97675,37.88534],[139.97894,37.88556],[139.9791,37.88674],[139.98261,37.88905],[139.98179,37.89091],[139.98189,37.89195],[139.98006,37.89221],[139.98022,37.89371],[139.97951,37.89442],[139.98008,37.89537],[139.98201,37.89558],[139.98296,37.89501],[139.98532,37.89506],[139.98633,37.89446],[139.98737,37.89511],[139.98815,37.89496],[139.98829,37.89433],[139.99085,37.89438],[139.99099,37.89559],[139.99288,37.89725],[139.99623,37.89786],[139.99802,37.89871],[139.99922,37.89833],[139.99963,37.89735],[140.00603,37.8975],[140.00924,37.89888],[140.01043,37.90039],[140.01269,37.9012],[140.01532,37.90589],[140.01476,37.90863],[140.01817,37.91015],[140.02226,37.91473],[140.02545,37.91634],[140.0269,37.91647],[140.03423,37.92029],[140.0346,37.92171],[140.03374,37.92333],[140.03385,37.92482],[140.03236,37.92621],[140.03358,37.92762],[140.03384,37.92862],[140.03092,37.93162],[140.03296,37.93761],[140.03301,37.93908],[140.03421,37.9409],[140.03502,37.94159],[140.03841,37.94229],[140.04295,37.94114],[140.0467,37.93957],[140.04867,37.94065],[140.05135,37.94073],[140.05152,37.94203],[140.05708,37.94746],[140.05651,37.94787],[140.05511,37.94732],[140.05249,37.94725],[140.05047,37.94884],[140.05023,37.94996],[140.05115,37.95135],[140.05203,37.95534],[140.05393,37.95782],[140.05687,37.96028],[140.05809,37.9622],[140.05984,37.96354],[140.06186,37.96415],[140.06225,37.96514]]],[[[140.16518,37.95629],[140.16369,37.95569],[140.16306,37.95602],[140.16518,37.95629]]]]}},{"type":"Feature","properties":{"id":"muni-06203","name":"鶴岡市"},"geometry":{"type":"Polygon","coordinates":[[[139.53916,38.55793],[139.54023,38.55912],[139.54141,38.55929],[139.5412,38.56034],[139.54049,38.56024],[139.54068,38.56076],[139.54103,38.5604],[139.54168,38.56072],[139.54213,38.56213],[139.54258,38.56039],[139.54356,38.56028],[139.54256,38.55997],[139.54214,38.56073],[139.54146,38.56047],[139.54169,38.5591],[139.54366,38.55985],[139.54448,38.55883],[139.54362,38.55943],[139.5437,38.5586],[139.54433,38.55818],[139.5467,38.55861],[139.54774,38.55994],[139.54855,38.55994],[139.54822,38.56008],[139.54872,38.56031],[139.5484,38.56034],[139.54829,38.56213],[139.54583,38.56247],[139.54588,38.56333],[139.54313,38.56222],[139.54701,38.56392],[139.54709,38.5649],[139.54749,38.56489],[139.54799,38.56592],[139.54761,38.56673],[139.54961,38.56661],[139.55289,38.57007],[139.55417,38.57329],[139.55383,38.57431],[139.55257,38.57498],[139.55327,38.57533],[139.55472,38.57407],[139.55535,38.57534],[139.55529,38.57409],[139.55581,38.57447],[139.5556,38.57479],[139.55669,38.57479],[139.55738,38.57533],[139.55809,38.57675],[139.55797,38.57729],[139.55712,38.57724],[139.55851,38.5778],[139.55848,38.57879],[139.55877,38.57885],[139.55893,38.57896],[139.55846,38.57887],[139.55752,38.57971],[139.55653,38.57959],[139.55648,38.5802],[139.55724,38.58047],[139.55761,38.58134],[139.55762,38.58088],[139.55798,38.58132],[139.55877,38.58098],[139.55987,38.5816],[139.55991,38.58274],[139.5589,38.58334],[139.55929,38.58363],[139.55904,38.58417],[139.55988,38.58446],[139.55946,38.58469],[139.56,38.58634],[139.55938,38.58649],[139.56052,38.5868],[139.55982,38.58725],[139.56084,38.58699],[139.56137,38.58776],[139.56059,38.58798],[139.56185,38.58855],[139.56168,38.58916],[139.56314,38.58981],[139.56292,38.59035],[139.56329,38.58997],[139.56425,38.59158],[139.56331,38.5915],[139.5631,38.5907],[139.56222,38.59141],[139.56303,38.59138],[139.56258,38.59177],[139.56295,38.59218],[139.56466,38.59173],[139.5654,38.59235],[139.56551,38.59296],[139.56404,38.59479],[139.5644,38.59516],[139.56403,38.59554],[139.56553,38.59633],[139.56598,38.59685],[139.56549,38.59711],[139.56639,38.59786],[139.56718,38.59781],[139.56688,38.59824],[139.56735,38.59806],[139.56874,38.599],[139.56823,38.59894],[139.56962,38.59929],[139.57005,38.60025],[139.56983,38.60113],[139.57039,38.60191],[139.56854,38.60242],[139.56928,38.60293],[139.56875,38.60318],[139.57106,38.60342],[139.57195,38.60431],[139.57232,38.60395],[139.57439,38.60559],[139.57483,38.60831],[139.57467,38.60934],[139.57393,38.60968],[139.5743,38.60963],[139.57424,38.60989],[139.57356,38.60974],[139.57398,38.61151],[139.57375,38.61042],[139.57445,38.60987],[139.57502,38.61038],[139.57451,38.61055],[139.57622,38.61121],[139.57719,38.61234],[139.57599,38.61296],[139.57642,38.61368],[139.57697,38.61306],[139.57756,38.61319],[139.57801,38.61369],[139.57725,38.61386],[139.57684,38.61343],[139.57738,38.61426],[139.57752,38.61387],[139.57799,38.61382],[139.57738,38.6147],[139.57793,38.61441],[139.57839,38.61542],[139.57949,38.6157],[139.57904,38.61613],[139.58045,38.61663],[139.58266,38.61891],[139.58226,38.6197],[139.58284,38.6196],[139.58276,38.62014],[139.58494,38.62198],[139.58482,38.62149],[139.58517,38.62164],[139.58486,38.62239],[139.58743,38.62581],[139.5875,38.62741],[139.5882,38.62747],[139.58856,38.6282],[139.5886,38.63059],[139.58804,38.63053],[139.58862,38.6307],[139.58892,38.63142],[139.58862,38.63152],[139.58902,38.63171],[139.5884,38.63179],[139.58914,38.63211],[139.58975,38.63322],[139.59097,38.6332],[139.59165,38.63556],[139.59119,38.63607],[139.59193,38.63589],[139.5926,38.63709],[139.5904,38.63781],[139.59156,38.64012],[139.59151,38.64127],[139.59186,38.64132],[139.59206,38.63998],[139.59071,38.63785],[139.59153,38.6376],[139.59164,38.63848],[139.5927,38.63815],[139.59329,38.63924],[139.59222,38.63959],[139.59241,38.63994],[139.59476,38.63924],[139.59552,38.6397],[139.59589,38.64134],[139.59497,38.64204],[139.59606,38.64449],[139.59587,38.64602],[139.59503,38.64594],[139.59488,38.64662],[139.59602,38.64654],[139.59715,38.64769],[139.59656,38.64834],[139.59727,38.64833],[139.59717,38.6489],[139.59791,38.64856],[139.59818,38.64886],[139.59822,38.65042],[139.59928,38.65059],[139.60007,38.6513],[139.59989,38.65188],[139.60121,38.65383],[139.60066,38.65381],[139.60045,38.65434],[139.60101,38.65463],[139.60053,38.65466],[139.60201,38.65506],[139.60207,38.65589],[139.60285,38.65639],[139.6026,38.65678],[139.60388,38.65721],[139.60506,38.65842],[139.60488,38.65871],[139.60535,38.65866],[139.60582,38.65931],[139.60543,38.65985],[139.60606,38.66045],[139.60532,38.66046],[139.60595,38.66068],[139.60569,38.66113],[139.6111,38.66461],[139.6111,38.66564],[139.61043,38.66569],[139.6101,38.66635],[139.6104,38.66646],[139.60986,38.66664],[139.60997,38.66711],[139.6106,38.66721],[139.61014,38.6686],[139.61054,38.66887],[139.60968,38.66853],[139.60961,38.66931],[139.6104,38.66956],[139.61007,38.66935],[139.61047,38.66901],[139.61077,38.66961],[139.61153,38.67],[139.61097,38.66962],[139.61337,38.67],[139.61497,38.67092],[139.61592,38.67213],[139.6151,38.67272],[139.61496,38.67442],[139.62138,38.67867],[139.62178,38.68057],[139.62263,38.68096],[139.62243,38.68144],[139.6234,38.68167],[139.62488,38.68461],[139.62605,38.68555],[139.62712,38.68757],[139.62876,38.68759],[139.63061,38.68677],[139.63116,38.6872],[139.63016,38.68633],[139.63047,38.68669],[139.62839,38.68733],[139.62764,38.68684],[139.62998,38.68618],[139.63087,38.68537],[139.63127,38.68577],[139.6309,38.68608],[139.63142,38.68579],[139.63117,38.68554],[139.63221,38.6849],[139.63284,38.68566],[139.63253,38.68603],[139.63302,38.6857],[139.63242,38.68497],[139.63536,38.68475],[139.63842,38.68673],[139.63806,38.68749],[139.63895,38.68766],[139.63925,38.6872],[139.6395,38.68836],[139.64022,38.68861],[139.64071,38.68826],[139.64134,38.68868],[139.64211,38.69066],[139.64328,38.69148],[139.6432,38.69238],[139.64483,38.69309],[139.64481,38.69183],[139.64761,38.69282],[139.65005,38.69534],[139.65087,38.69776],[139.65155,38.69754],[139.65177,38.69867],[139.65135,38.69883],[139.65188,38.69929],[139.6516,38.69979],[139.65241,38.70199],[139.65313,38.70196],[139.65337,38.70283],[139.6542,38.70336],[139.65581,38.70293],[139.65789,38.70339],[139.65775,38.70406],[139.65864,38.70364],[139.65925,38.70392],[139.65901,38.70407],[139.65911,38.70428],[139.65951,38.70384],[139.66063,38.70433],[139.66132,38.70593],[139.66064,38.70635],[139.66057,38.7068],[139.66105,38.70689],[139.66052,38.70712],[139.66196,38.70685],[139.66343,38.70843],[139.66277,38.71065],[139.66326,38.71108],[139.66261,38.71139],[139.66322,38.71153],[139.662,38.71244],[139.663,38.71223],[139.66283,38.71285],[139.66374,38.71265],[139.66386,38.71325],[139.66444,38.71321],[139.66402,38.71386],[139.6649,38.71349],[139.66547,38.7142],[139.66608,38.71366],[139.66739,38.71399],[139.6676,38.71449],[139.66663,38.71583],[139.66763,38.71539],[139.66717,38.71633],[139.66906,38.71752],[139.66898,38.71818],[139.66936,38.71792],[139.67078,38.71841],[139.67055,38.71879],[139.6711,38.71856],[139.6709,38.7188],[139.67195,38.71908],[139.67228,38.71866],[139.67343,38.71918],[139.67587,38.71877],[139.67587,38.71838],[139.67746,38.71976],[139.67664,38.71842],[139.67621,38.71842],[139.67654,38.7173],[139.68118,38.71758],[139.68118,38.71892],[139.67894,38.7189],[139.67832,38.71807],[139.67712,38.71804],[139.677,38.71819],[139.6782,38.71815],[139.67889,38.71903],[139.68234,38.71902],[139.6831,38.71963],[139.68269,38.71913],[139.68313,38.71889],[139.68378,38.71959],[139.68354,38.71982],[139.68493,38.72092],[139.68519,38.72248],[139.68426,38.72322],[139.68381,38.72303],[139.68266,38.72427],[139.6815,38.72444],[139.68181,38.72462],[139.68121,38.72508],[139.68223,38.72536],[139.6818,38.72596],[139.68219,38.72614],[139.68311,38.72604],[139.68387,38.7248],[139.6842,38.725],[139.68385,38.72465],[139.68413,38.72426],[139.68369,38.72437],[139.68517,38.72252],[139.6853,38.72289],[139.68735,38.72267],[139.68872,38.72306],[139.68798,38.7227],[139.6879,38.72233],[139.688,38.72232],[139.68918,38.72329],[139.69027,38.72312],[139.68934,38.72332],[139.69134,38.72457],[139.69148,38.72433],[139.69156,38.72431],[139.69121,38.72482],[139.69201,38.725],[139.69313,38.72686],[139.69317,38.72782],[139.69376,38.72774],[139.69361,38.72814],[139.69424,38.7278],[139.69567,38.72873],[139.69646,38.72846],[139.69858,38.73052],[139.69888,38.732],[139.6971,38.735],[139.69943,38.73599],[139.69859,38.73687],[139.69962,38.73661],[139.70061,38.73719],[139.70082,38.73756],[139.70038,38.73792],[139.70231,38.73943],[139.7022,38.74036],[139.70579,38.74448],[139.70742,38.74376],[139.70895,38.74422],[139.70847,38.74424],[139.70887,38.74477],[139.70833,38.74518],[139.70841,38.7458],[139.70749,38.74585],[139.70715,38.74541],[139.70677,38.74576],[139.70726,38.74578],[139.70639,38.74615],[139.70697,38.7471],[139.7079,38.74725],[139.70827,38.74844],[139.70754,38.75044],[139.70808,38.7505],[139.71026,38.75281],[139.71242,38.75334],[139.71231,38.75371],[139.71364,38.75427],[139.71475,38.75408],[139.71478,38.75453],[139.71513,38.75423],[139.71559,38.75475],[139.71687,38.75479],[139.71736,38.75529],[139.71639,38.75573],[139.71814,38.75711],[139.71892,38.75703],[139.71916,38.75755],[139.72138,38.75824],[139.7222,38.75804],[139.72206,38.75874],[139.72297,38.75875],[139.72338,38.75911],[139.72318,38.75961],[139.72409,38.76055],[139.72351,38.75981],[139.72388,38.75954],[139.72485,38.76077],[139.72414,38.76068],[139.72418,38.76187],[139.72234,38.76289],[139.7226,38.7633],[139.723,38.7629],[139.72401,38.76314],[139.72477,38.76245],[139.72487,38.76283],[139.72653,38.76238],[139.72677,38.76286],[139.7267,38.7624],[139.72719,38.76269],[139.72757,38.76217],[139.72882,38.76258],[139.72933,38.76455],[139.72911,38.76357],[139.72974,38.76308],[139.73034,38.76379],[139.73233,38.76282],[139.73261,38.76322],[139.73271,38.76317],[139.73193,38.76244],[139.73255,38.76194],[139.7345,38.76276],[139.73383,38.76462],[139.73329,38.76449],[139.73379,38.76375],[139.73308,38.76348],[139.73345,38.76367],[139.73307,38.76467],[139.73232,38.76486],[139.73239,38.76546],[139.73145,38.7664],[139.72953,38.7662],[139.73257,38.76664],[139.73299,38.76708],[139.73235,38.76752],[139.73441,38.76862],[139.73441,38.76902],[139.73647,38.76945],[139.73709,38.77046],[139.73786,38.7702],[139.73971,38.77086],[139.73932,38.7714],[139.7405,38.77258],[139.74123,38.77264],[139.74107,38.77331],[139.74228,38.77339],[139.74199,38.77383],[139.74269,38.77337],[139.74244,38.77378],[139.74414,38.77398],[139.7445,38.77439],[139.7442,38.77462],[139.7458,38.77455],[139.74676,38.77559],[139.74689,38.77547],[139.74695,38.77519],[139.74709,38.77501],[139.74707,38.77606],[139.74712,38.77556],[139.74724,38.77545],[139.74753,38.77535],[139.74725,38.77628],[139.7485,38.77845],[139.74841,38.77907],[139.74922,38.7794],[139.74972,38.78091],[139.75057,38.78057],[139.75058,38.78005],[139.75075,38.77982],[139.75085,38.77989],[139.75063,38.78061],[139.7497,38.78098],[139.75034,38.78126],[139.75235,38.78473],[139.75343,38.78566],[139.75357,38.78524],[139.75387,38.78511],[139.75342,38.78569],[139.75415,38.78769],[139.75854,38.79426],[139.76176,38.80058],[139.76711,38.80114],[139.76838,38.8041],[139.78789,38.8038],[139.7893,38.80585],[139.79302,38.81418],[139.80159,38.81261],[139.80304,38.81178],[139.80407,38.81234],[139.80518,38.81104],[139.80542,38.81242],[139.80839,38.81253],[139.80837,38.81042],[139.81127,38.80985],[139.81075,38.80818],[139.81119,38.8081],[139.81279,38.81321],[139.82337,38.8111],[139.82238,38.81685],[139.82293,38.81827],[139.82463,38.81854],[139.82261,38.81648],[139.8229,38.8149],[139.82414,38.81398],[139.8236,38.81253],[139.82493,38.81002],[139.82445,38.80845],[139.82308,38.80871],[139.82222,38.80611],[139.82405,38.80679],[139.8245,38.80647],[139.82306,38.80424],[139.82122,38.80454],[139.82041,38.80223],[139.82146,38.80194],[139.82111,38.80114],[139.82303,38.80059],[139.82312,38.79922],[139.82112,38.79643],[139.82043,38.79627],[139.8208,38.79513],[139.81998,38.79466],[139.82002,38.79392],[139.8191,38.79354],[139.81894,38.79236],[139.81827,38.79294],[139.81695,38.79247],[139.81568,38.79277],[139.81259,38.79485],[139.8109,38.79481],[139.80963,38.78855],[139.81195,38.78826],[139.81107,38.78617],[139.81164,38.78609],[139.81091,38.78541],[139.81252,38.78479],[139.81382,38.78544],[139.81326,38.78613],[139.81365,38.78669],[139.81368,38.78626],[139.81505,38.78631],[139.81498,38.78726],[139.81687,38.78735],[139.8169,38.78639],[139.81765,38.78641],[139.8182,38.78547],[139.8201,38.78471],[139.82043,38.7837],[139.82472,38.7839],[139.82466,38.78462],[139.83218,38.78464],[139.83226,38.78376],[139.83383,38.78383],[139.8342,38.78122],[139.83735,38.78137],[139.8377,38.78015],[139.83892,38.78271],[139.84331,38.78271],[139.8438,38.77781],[139.84442,38.7761],[139.85117,38.77108],[139.85388,38.76696],[139.85367,38.76305],[139.85231,38.76009],[139.84905,38.75525],[139.84867,38.75377],[139.84908,38.75227],[139.8518,38.75015],[139.85555,38.74913],[139.85623,38.75086],[139.85729,38.75109],[139.8575,38.75068],[139.8587,38.75076],[139.85878,38.74999],[139.86076,38.75011],[139.86086,38.74918],[139.86731,38.74956],[139.86766,38.74654],[139.8704,38.74674],[139.87117,38.74735],[139.87033,38.75448],[139.86582,38.75977],[139.86889,38.75998],[139.87107,38.76535],[139.87436,38.76445],[139.87484,38.76545],[139.87562,38.76525],[139.87639,38.7671],[139.87566,38.76727],[139.87661,38.76814],[139.8805,38.76708],[139.88179,38.76997],[139.87994,38.77053],[139.88205,38.77541],[139.88375,38.7793],[139.8857,38.77874],[139.88899,38.78631],[139.88779,38.78702],[139.88923,38.78859],[139.88969,38.78834],[139.88903,38.78963],[139.88951,38.78999],[139.88719,38.79239],[139.88508,38.79304],[139.88334,38.79423],[139.88009,38.79381],[139.87585,38.79558],[139.87419,38.79771],[139.87423,38.80024],[139.87181,38.80343],[139.87194,38.80481],[139.87056,38.80566],[139.87143,38.80748],[139.86961,38.80811],[139.86881,38.80978],[139.86899,38.81125],[139.87063,38.81308],[139.87035,38.81407],[139.86899,38.81488],[139.86645,38.8138],[139.8636,38.81596],[139.86113,38.81708],[139.8615,38.81855],[139.86028,38.81932],[139.85946,38.82182],[139.85992,38.82193],[139.8602,38.82101],[139.86239,38.82274],[139.86319,38.82221],[139.86438,38.82334],[139.86607,38.82226],[139.86789,38.82371],[139.86739,38.82417],[139.86885,38.82514],[139.86835,38.82561],[139.86984,38.82661],[139.87062,38.82572],[139.87032,38.82511],[139.87284,38.82422],[139.87204,38.82408],[139.87194,38.82351],[139.87138,38.82448],[139.87088,38.82385],[139.8722,38.82307],[139.87322,38.82105],[139.87573,38.82068],[139.87663,38.8213],[139.87913,38.82148],[139.88414,38.82089],[139.88725,38.81959],[139.88766,38.8202],[139.88822,38.82003],[139.88765,38.81924],[139.88944,38.81803],[139.89347,38.81756],[139.89607,38.81667],[139.8973,38.8147],[139.89832,38.81443],[139.89884,38.81335],[139.89962,38.81304],[139.89994,38.81233],[139.8994,38.81179],[139.90043,38.81078],[139.9001,38.81005],[139.90111,38.80978],[139.9007,38.80891],[139.89975,38.80914],[139.8997,38.81061],[139.89877,38.80992],[139.89943,38.80925],[139.89937,38.80859],[139.9008,38.80794],[139.90136,38.80688],[139.90452,38.80552],[139.90842,38.80243],[139.91028,38.80193],[139.91749,38.79828],[139.91877,38.79375],[139.91816,38.79134],[139.92002,38.78928],[139.91982,38.78841],[139.92198,38.78751],[139.92214,38.78818],[139.92255,38.78806],[139.92235,38.78739],[139.92287,38.78723],[139.92747,38.7869],[139.92839,38.78556],[139.93134,38.78444],[139.93211,38.78201],[139.93329,38.78138],[139.93365,38.78038],[139.93677,38.77993],[139.93688,38.77887],[139.93759,38.77875],[139.937,38.77758],[139.94032,38.77568],[139.9415,38.77344],[139.94796,38.77182],[139.94813,38.76755],[139.94886,38.76514],[139.94533,38.76],[139.9449,38.75726],[139.94521,38.75453],[139.94457,38.75331],[139.94602,38.75289],[139.94639,38.75368],[139.95949,38.75003],[139.95996,38.75102],[139.96156,38.75059],[139.96287,38.75126],[139.96495,38.75322],[139.96967,38.75196],[139.97086,38.75123],[139.97292,38.7512],[139.97332,38.752],[139.9746,38.75253],[139.97403,38.75313],[139.97419,38.75357],[139.97832,38.75465],[139.97918,38.75395],[139.97908,38.75258],[139.98092,38.75121],[139.98278,38.75059],[139.98432,38.75104],[139.98665,38.75081],[139.98878,38.74907],[139.99076,38.74824],[139.99491,38.74765],[139.99416,38.7473],[139.99424,38.74675],[139.99565,38.74272],[139.99325,38.74286],[139.99392,38.74161],[139.99518,38.74174],[139.99582,38.74233],[139.99617,38.74104],[139.99446,38.73789],[139.99522,38.73658],[139.99474,38.73432],[139.99674,38.73284],[139.9961,38.73105],[139.994,38.73124],[139.99358,38.73007],[139.99689,38.72869],[139.9993,38.72498],[139.99902,38.72357],[139.99552,38.71849],[139.99357,38.71767],[139.99239,38.71778],[139.99164,38.71526],[139.98924,38.71425],[139.98912,38.71311],[139.9879,38.71078],[139.98798,38.70856],[139.98667,38.70765],[139.99016,38.70474],[139.99108,38.70204],[139.99184,38.70155],[139.99072,38.69814],[139.99024,38.69829],[139.98767,38.69581],[139.98865,38.69469],[139.98858,38.6916],[139.98908,38.68941],[139.98842,38.68718],[139.98952,38.68511],[139.98749,38.68268],[139.98714,38.67897],[139.98574,38.67849],[139.98725,38.67673],[139.98711,38.67373],[139.98639,38.67247],[139.98841,38.67248],[139.98563,38.67101],[139.98447,38.66953],[139.9859,38.66956],[139.98604,38.66449],[139.98347,38.66306],[139.9833,38.6624],[139.98424,38.65945],[139.98583,38.65771],[139.98587,38.65529],[139.98706,38.65336],[139.98741,38.65168],[139.98902,38.64988],[139.9919,38.64489],[139.99307,38.64182],[139.99584,38.63902],[139.99658,38.6363],[139.99262,38.62823],[139.99132,38.62701],[139.9916,38.6248],[139.98933,38.62046],[139.98884,38.61844],[139.98934,38.61684],[139.98865,38.61649],[139.98903,38.61447],[139.98973,38.61395],[139.98947,38.6122],[139.99039,38.60793],[139.99212,38.60611],[139.99224,38.60456],[139.99486,38.60246],[139.99612,38.60025],[139.99815,38.59934],[139.99987,38.59703],[140.00163,38.59578],[140.00407,38.59499],[140.00518,38.59312],[140.01043,38.59276],[140.01961,38.589],[140.02079,38.58666],[140.02058,38.58381],[140.0211,38.57808],[140.02217,38.5751],[140.02241,38.57281],[140.02396,38.57133],[140.02473,38.56839],[140.02709,38.56596],[140.02687,38.56464],[140.02735,38.56274],[140.02922,38.56144],[140.03025,38.55982],[140.03021,38.55869],[140.02883,38.55633],[140.02948,38.55501],[140.02955,38.55341],[140.0288,38.55153],[140.02709,38.54986],[140.02648,38.54687],[140.0248,38.54685],[140.02015,38.54526],[140.01634,38.5448],[140.01211,38.54297],[140.01177,38.54181],[140.0082,38.53943],[140.00759,38.53937],[140.0042,38.54132],[140.00092,38.54005],[139.99856,38.53969],[139.99757,38.53878],[139.99523,38.53786],[139.99325,38.53813],[139.99303,38.53687],[139.98914,38.53475],[139.98673,38.53195],[139.98342,38.53009],[139.98115,38.5276],[139.97749,38.52564],[139.97462,38.52326],[139.96708,38.52104],[139.96424,38.51823],[139.95734,38.51666],[139.95619,38.5158],[139.95416,38.51531],[139.95353,38.51331],[139.95099,38.51308],[139.95031,38.51222],[139.95016,38.51154],[139.9518,38.50998],[139.94823,38.50819],[139.94749,38.50643],[139.94493,38.50618],[139.94299,38.50705],[139.94036,38.50454],[139.93943,38.50481],[139.93869,38.50425],[139.93691,38.50415],[139.93556,38.50484],[139.93208,38.50239],[139.933,38.50184],[139.93259,38.50078],[139.93356,38.49931],[139.93348,38.49823],[139.93475,38.49743],[139.93513,38.49661],[139.93438,38.49542],[139.93454,38.49455],[139.93686,38.49401],[139.93778,38.49272],[139.9419,38.48994],[139.94214,38.48899],[139.93953,38.486],[139.93263,38.48463],[139.93079,38.48191],[139.92994,38.48177],[139.9289,38.48082],[139.9276,38.48079],[139.92619,38.4797],[139.92864,38.47756],[139.92788,38.4741],[139.92926,38.47411],[139.92974,38.47174],[139.93182,38.47081],[139.93259,38.46972],[139.92762,38.46533],[139.92877,38.46422],[139.92869,38.46299],[139.92799,38.46183],[139.9292,38.45968],[139.92487,38.45511],[139.92488,38.45302],[139.92418,38.452],[139.92513,38.44993],[139.92629,38.44911],[139.92943,38.44835],[139.93236,38.44846],[139.93348,38.44793],[139.93311,38.44649],[139.93422,38.44218],[139.93326,38.44063],[139.93312,38.4387],[139.93372,38.43839],[139.93327,38.43787],[139.93419,38.43697],[139.93442,38.43564],[139.93346,38.43418],[139.93511,38.43362],[139.93375,38.43331],[139.93365,38.43266],[139.93214,38.43171],[139.9313,38.42864],[139.92961,38.42673],[139.92976,38.42319],[139.92811,38.42219],[139.92721,38.42037],[139.92397,38.41984],[139.92222,38.41864],[139.91845,38.41884],[139.91704,38.4183],[139.91711,38.4174],[139.91607,38.41625],[139.91593,38.41264],[139.91439,38.41065],[139.91697,38.40625],[139.91655,38.40386],[139.91698,38.40213],[139.91833,38.40024],[139.9205,38.39445],[139.92129,38.39348],[139.91998,38.39099],[139.91733,38.38923],[139.91648,38.38758],[139.91292,38.38674],[139.91187,38.38424],[139.91025,38.38263],[139.91099,38.3809],[139.91005,38.37945],[139.91293,38.37447],[139.91203,38.37306],[139.91742,38.36719],[139.91372,38.36281],[139.91458,38.36183],[139.91096,38.35748],[139.91035,38.35517],[139.907,38.35325],[139.90659,38.35237],[139.9048,38.35112],[139.90265,38.34859],[139.90486,38.34572],[139.90287,38.34208],[139.90306,38.33987],[139.9023,38.33931],[139.90141,38.33746],[139.89921,38.33629],[139.89833,38.33501],[139.89786,38.33221],[139.89546,38.33084],[139.89222,38.33184],[139.88908,38.32992],[139.88774,38.32825],[139.88311,38.32623],[139.88196,38.32385],[139.8807,38.32347],[139.87997,38.32195],[139.87704,38.31974],[139.87485,38.31658],[139.87255,38.31742],[139.87217,38.31796],[139.87251,38.31876],[139.86817,38.32059],[139.86652,38.32195],[139.86632,38.32278],[139.86566,38.32321],[139.8658,38.32431],[139.86511,38.32569],[139.8643,38.32667],[139.86273,38.32735],[139.86217,38.32888],[139.85873,38.33004],[139.8557,38.33303],[139.85436,38.33349],[139.85324,38.33313],[139.85133,38.33385],[139.84732,38.3367],[139.84694,38.33818],[139.84795,38.33951],[139.84777,38.34119],[139.84865,38.34287],[139.84535,38.34335],[139.83853,38.34279],[139.83688,38.34391],[139.82951,38.34419],[139.82772,38.34472],[139.82713,38.3451],[139.82552,38.34917],[139.82597,38.35046],[139.82392,38.35044],[139.82004,38.35186],[139.81857,38.35311],[139.81657,38.35601],[139.81328,38.35536],[139.81037,38.35566],[139.80539,38.35464],[139.80418,38.35537],[139.80174,38.35369],[139.80066,38.35354],[139.79867,38.35179],[139.79524,38.35107],[139.79287,38.34957],[139.79011,38.34878],[139.78964,38.34897],[139.78881,38.35097],[139.78593,38.35197],[139.78517,38.35279],[139.78143,38.35284],[139.77832,38.35373],[139.77655,38.35332],[139.77491,38.35399],[139.77058,38.35296],[139.76911,38.35451],[139.76676,38.35596],[139.76507,38.35858],[139.76146,38.3611],[139.75574,38.35979],[139.7534,38.35989],[139.75231,38.35899],[139.74994,38.35945],[139.74595,38.36203],[139.74393,38.36443],[139.74063,38.36497],[139.73973,38.36681],[139.73508,38.36989],[139.73455,38.37114],[139.73209,38.37194],[139.72876,38.37727],[139.72941,38.37923],[139.73108,38.38144],[139.72946,38.38301],[139.72932,38.38445],[139.7276,38.38552],[139.72553,38.38866],[139.72576,38.39113],[139.72375,38.39226],[139.72276,38.39377],[139.72117,38.39398],[139.71219,38.38693],[139.71055,38.38655],[139.70974,38.38682],[139.70887,38.38891],[139.70641,38.39093],[139.70471,38.39374],[139.70424,38.39521],[139.70474,38.39648],[139.70367,38.39769],[139.70337,38.40025],[139.70396,38.40163],[139.7042,38.40445],[139.70533,38.407],[139.70845,38.40916],[139.71189,38.41252],[139.71242,38.41505],[139.71449,38.4182],[139.71539,38.41875],[139.71513,38.42007],[139.71582,38.42075],[139.71712,38.42106],[139.71667,38.42302],[139.71793,38.42469],[139.7178,38.42611],[139.71856,38.42884],[139.71661,38.43172],[139.71682,38.43332],[139.7164,38.4341],[139.71842,38.43802],[139.71786,38.43965],[139.71842,38.44529],[139.71777,38.44746],[139.72005,38.45083],[139.71745,38.45414],[139.71772,38.45579],[139.71716,38.45736],[139.71563,38.45809],[139.71518,38.45935],[139.71512,38.46364],[139.719,38.46625],[139.71573,38.46732],[139.71329,38.46968],[139.71304,38.47099],[139.71212,38.47221],[139.71216,38.47571],[139.71137,38.47691],[139.71249,38.47953],[139.71331,38.47962],[139.71488,38.47881],[139.71597,38.47908],[139.71932,38.48214],[139.72067,38.48267],[139.72113,38.48348],[139.72416,38.48442],[139.72527,38.48555],[139.72575,38.48684],[139.72491,38.48817],[139.72529,38.48894],[139.72472,38.4902],[139.72063,38.49251],[139.72035,38.49345],[139.72117,38.49616],[139.71809,38.49727],[139.71714,38.49825],[139.71422,38.49812],[139.70988,38.49963],[139.70622,38.49989],[139.70473,38.49924],[139.70239,38.49917],[139.70074,38.50301],[139.69832,38.50308],[139.69617,38.50378],[139.69317,38.50688],[139.68062,38.50488],[139.67055,38.50677],[139.66667,38.50651],[139.66394,38.50857],[139.66149,38.50838],[139.65916,38.50739],[139.65566,38.50822],[139.65332,38.507],[139.64962,38.50787],[139.64713,38.51042],[139.64457,38.51034],[139.63736,38.51141],[139.63717,38.51233],[139.6358,38.51317],[139.63686,38.5158],[139.634,38.51821],[139.63231,38.51884],[139.63129,38.52206],[139.6266,38.52219],[139.62455,38.52327],[139.62328,38.52316],[139.62214,38.52397],[139.62148,38.52552],[139.61772,38.52623],[139.6154,38.52581],[139.61394,38.5262],[139.61106,38.52405],[139.60952,38.52399],[139.60784,38.52508],[139.60564,38.52378],[139.59977,38.522],[139.5975,38.52407],[139.5971,38.5251],[139.59567,38.52587],[139.59515,38.52709],[139.59269,38.52884],[139.59065,38.52898],[139.58804,38.53062],[139.58795,38.53165],[139.58683,38.5325],[139.58558,38.53307],[139.58408,38.53258],[139.58168,38.53294],[139.58182,38.53463],[139.58112,38.53573],[139.57995,38.53675],[139.57855,38.53702],[139.57879,38.5379],[139.57725,38.53967],[139.57533,38.53893],[139.57275,38.53911],[139.5711,38.53846],[139.56929,38.53924],[139.56945,38.53965],[139.56502,38.54259],[139.56435,38.54352],[139.56268,38.54273],[139.56073,38.54288],[139.55956,38.54349],[139.55892,38.54513],[139.55659,38.54526],[139.5568,38.54775],[139.55634,38.54861],[139.5563,38.54808],[139.55487,38.54772],[139.55225,38.5477],[139.55265,38.54985],[139.55,38.55328],[139.54913,38.55378],[139.54804,38.55294],[139.54756,38.5529],[139.5474,38.55254],[139.54771,38.55222],[139.54757,38.55177],[139.54712,38.55274],[139.548,38.55309],[139.54698,38.5535],[139.54627,38.55445],[139.54506,38.55422],[139.54553,38.55444],[139.54505,38.55512],[139.54439,38.55486],[139.54463,38.5544],[139.54432,38.55487],[139.54444,38.55521],[139.54503,38.55516],[139.54451,38.55598],[139.54338,38.55553],[139.54504,38.55368],[139.54401,38.55437],[139.54286,38.55624],[139.54337,38.55557],[139.54407,38.55585],[139.54341,38.55705],[139.5428,38.55711],[139.54357,38.55742],[139.54299,38.55832],[139.54153,38.55839],[139.5418,38.55777],[139.54143,38.55837],[139.53916,38.55793]]]}},{"type":"Feature","properties":{"id":"muni-06204","name":"酒田市"},"geometry":{"type":"MultiPolygon","coordinates":[[[[139.52026,39.1868],[139.52249,39.18748],[139.52273,39.18621],[139.52238,39.18524],[139.52111,39.18528],[139.52029,39.18586],[139.52026,39.1868]]],[[[139.55973,39.19409],[139.55985,39.19416],[139.55985,39.19403],[139.55973,39.19409]]],[[[139.5375,39.19094],[139.53739,39.18987],[139.53896,39.1921],[139.53781,39.19264],[139.53757,39.19359],[139.53875,39.1928],[139.53899,39.19344],[139.53863,39.19528],[139.53757,39.19628],[139.53931,39.19579],[139.54064,39.19717],[139.54144,39.19657],[139.54218,39.1971],[139.54242,39.198],[139.54295,39.19803],[139.54264,39.19825],[139.5432,39.19859],[139.54311,39.19911],[139.54351,39.19891],[139.54346,39.1994],[139.54447,39.1993],[139.5446,39.19891],[139.54365,39.19877],[139.54494,39.19833],[139.54432,39.1983],[139.54452,39.19782],[139.54593,39.19851],[139.54661,39.19964],[139.54726,39.19978],[139.5469,39.19992],[139.54839,39.20048],[139.54781,39.2006],[139.54788,39.20156],[139.54846,39.20174],[139.54898,39.20109],[139.54862,39.20187],[139.54926,39.20302],[139.54769,39.20482],[139.54817,39.20506],[139.5457,39.20414],[139.54534,39.20432],[139.54575,39.20428],[139.54577,39.20472],[139.54521,39.20465],[139.54644,39.20524],[139.54635,39.2058],[139.54696,39.20612],[139.54547,39.20659],[139.54538,39.20717],[139.54604,39.20731],[139.54528,39.20767],[139.54601,39.20859],[139.54689,39.20751],[139.54707,39.20813],[139.54659,39.2087],[139.54743,39.20865],[139.54664,39.20901],[139.54664,39.20909],[139.54698,39.20921],[139.54711,39.20935],[139.54615,39.20996],[139.54649,39.21064],[139.5491,39.21045],[139.54968,39.20949],[139.55011,39.20961],[139.54985,39.20929],[139.55068,39.20937],[139.55156,39.20801],[139.55236,39.20869],[139.55287,39.20857],[139.55258,39.20798],[139.55336,39.2075],[139.55407,39.20811],[139.55385,39.2072],[139.5546,39.20736],[139.55488,39.20658],[139.55535,39.20697],[139.55568,39.20616],[139.55603,39.20612],[139.55799,39.20476],[139.55855,39.20477],[139.55795,39.20456],[139.55604,39.20602],[139.55522,39.20558],[139.55633,39.20461],[139.55698,39.20498],[139.55587,39.20429],[139.55628,39.20387],[139.55696,39.20409],[139.55655,39.20364],[139.55776,39.20303],[139.55818,39.2037],[139.55915,39.20371],[139.55942,39.20284],[139.55851,39.20287],[139.5602,39.20239],[139.55961,39.20278],[139.56008,39.20287],[139.56026,39.20268],[139.56026,39.202],[139.56305,39.20053],[139.56467,39.19858],[139.5637,39.19724],[139.56447,39.19678],[139.56298,39.19574],[139.56167,39.19548],[139.56111,39.19611],[139.56046,39.19585],[139.56069,39.19513],[139.55986,39.19564],[139.55999,39.19505],[139.55942,39.19492],[139.55893,39.19525],[139.55944,39.1958],[139.55821,39.19581],[139.55783,39.19462],[139.55702,39.19414],[139.55579,39.19361],[139.55558,39.19375],[139.55696,39.19417],[139.55671,39.19456],[139.55417,39.19354],[139.55467,39.19299],[139.55536,39.19334],[139.55595,39.19313],[139.55465,39.19292],[139.55403,39.1936],[139.55364,39.1933],[139.55428,39.19305],[139.55334,39.19305],[139.55396,39.19282],[139.55323,39.1927],[139.55373,39.19241],[139.55317,39.19255],[139.55337,39.19214],[139.55185,39.19173],[139.55147,39.19049],[139.55143,39.19103],[139.55042,39.19079],[139.54993,39.18991],[139.55088,39.19058],[139.54957,39.18878],[139.55016,39.18973],[139.54978,39.18989],[139.54795,39.1878],[139.54845,39.18767],[139.5499,39.18862],[139.54853,39.18764],[139.54785,39.18591],[139.54835,39.18494],[139.54745,39.18606],[139.54812,39.18684],[139.54738,39.18702],[139.54695,39.18423],[139.54865,39.18354],[139.55092,39.18447],[139.54933,39.18212],[139.54847,39.18208],[139.54725,39.1828],[139.54794,39.18223],[139.54783,39.18149],[139.54648,39.1822],[139.54689,39.18298],[139.54616,39.18308],[139.54658,39.18261],[139.54631,39.18257],[139.54598,39.18302],[139.54595,39.18257],[139.54535,39.18322],[139.54554,39.18231],[139.54399,39.1819],[139.54225,39.18264],[139.54198,39.18319],[139.54267,39.18345],[139.54193,39.18399],[139.54228,39.18447],[139.53938,39.18433],[139.53938,39.18491],[139.5388,39.1852],[139.53895,39.18584],[139.53815,39.18617],[139.53825,39.18696],[139.53781,39.18688],[139.5382,39.18763],[139.53669,39.19027],[139.53697,39.19114],[139.5375,39.19094]]],[[[139.54083,39.19762],[139.53993,39.1979],[139.53958,39.19835],[139.54089,39.19866],[139.54083,39.19762]]],[[[139.55163,39.20949],[139.55134,39.20994],[139.55174,39.20982],[139.55163,39.20949]]],[[[139.55112,39.21055],[139.55121,39.21039],[139.55103,39.21045],[139.55112,39.21055]]],[[[139.55521,39.21431],[139.5558,39.21451],[139.5554,39.21406],[139.55521,39.21431]]],[[[139.55051,39.21457],[139.54974,39.2147],[139.54969,39.21487],[139.55093,39.21522],[139.55051,39.21457]]],[[[139.77842,38.835],[139.78237,38.84567],[139.78317,38.84633],[139.78264,38.84789],[139.78322,38.84709],[139.7838,38.84735],[139.79061,38.84562],[139.79095,38.84644],[139.78436,38.84825],[139.78418,38.84987],[139.79053,38.86448],[139.8006,38.89507],[139.80484,38.90608],[139.80478,38.9096],[139.80553,38.91046],[139.80491,38.91152],[139.80585,38.91235],[139.80553,38.9131],[139.80621,38.91404],[139.80585,38.91487],[139.80649,38.91582],[139.80636,38.9169],[139.80756,38.91822],[139.80791,38.91985],[139.80755,38.92182],[139.81391,38.91755],[139.81639,38.91803],[139.81631,38.91739],[139.81553,38.91719],[139.81541,38.91665],[139.81652,38.91523],[139.81718,38.91069],[139.81877,38.90827],[139.81931,38.90852],[139.8178,38.91087],[139.8176,38.91341],[139.82018,38.91166],[139.8226,38.90771],[139.82649,38.90328],[139.83081,38.90575],[139.83026,38.9056],[139.83056,38.90613],[139.82871,38.90713],[139.82696,38.9096],[139.8273,38.91094],[139.82618,38.91077],[139.8207,38.91784],[139.81777,38.91965],[139.81488,38.92224],[139.80914,38.92519],[139.81559,38.92231],[139.81649,38.92146],[139.81694,38.92184],[139.81665,38.92152],[139.81842,38.92022],[139.8202,38.92085],[139.81756,38.92231],[139.81717,38.92206],[139.81755,38.92237],[139.82036,38.92083],[139.82227,38.91879],[139.8218,38.91847],[139.82246,38.91864],[139.82325,38.91755],[139.82395,38.9174],[139.82732,38.91327],[139.82777,38.9135],[139.83018,38.91064],[139.82977,38.91044],[139.82891,38.91147],[139.82833,38.91117],[139.82976,38.90947],[139.83283,38.90961],[139.832,38.90969],[139.83139,38.91191],[139.83375,38.91337],[139.83083,38.91271],[139.82302,38.92096],[139.82405,38.92036],[139.82473,38.92095],[139.82355,38.92175],[139.82269,38.9212],[139.82046,38.92254],[139.82155,38.922],[139.8221,38.92237],[139.8214,38.92282],[139.82216,38.9224],[139.82305,38.92282],[139.82217,38.92321],[139.82027,38.92266],[139.81605,38.92455],[139.8187,38.92531],[139.81677,38.92628],[139.81977,38.93027],[139.81902,38.93064],[139.81877,38.92974],[139.81603,38.92677],[139.81237,38.92597],[139.80927,38.92727],[139.80896,38.92766],[139.80935,38.9274],[139.80991,38.92851],[139.80788,38.92843],[139.80994,38.92856],[139.80994,38.92982],[139.80522,38.93068],[139.80292,38.93015],[139.80517,38.93073],[139.80788,38.93619],[139.8146,38.93422],[139.81457,38.93558],[139.81591,38.93693],[139.8163,38.93809],[139.81567,38.93911],[139.81698,38.94041],[139.81776,38.94297],[139.81167,38.94481],[139.81423,38.95028],[139.81244,38.95093],[139.81645,38.94974],[139.8169,38.95064],[139.81655,38.95088],[139.82179,38.9493],[139.824,38.95327],[139.83153,38.95467],[139.83177,38.95387],[139.83348,38.95418],[139.8339,38.95284],[139.83442,38.95293],[139.83377,38.95509],[139.83413,38.95545],[139.83442,38.9542],[139.83504,38.95432],[139.83587,38.95601],[139.83458,38.95638],[139.8341,38.95574],[139.83448,38.95655],[139.83603,38.95611],[139.83467,38.95651],[139.83465,38.95727],[139.83741,38.96284],[139.83374,38.96391],[139.83357,38.96284],[139.83449,38.96116],[139.8326,38.95761],[139.83017,38.95887],[139.82945,38.9585],[139.82945,38.95798],[139.82564,38.95729],[139.82453,38.95764],[139.82555,38.95733],[139.82602,38.95835],[139.8243,38.95885],[139.8238,38.95786],[139.82423,38.9589],[139.82196,38.95959],[139.8216,38.95891],[139.82224,38.95871],[139.82238,38.9586],[139.82288,38.95907],[139.82351,38.95861],[139.82294,38.95902],[139.82245,38.95851],[139.82205,38.95859],[139.82064,38.95905],[139.82078,38.95966],[139.81992,38.95968],[139.8208,38.95971],[139.82076,38.95908],[139.82148,38.95894],[139.82182,38.95963],[139.81887,38.96052],[139.82602,38.97488],[139.8324,38.97324],[139.83688,38.9786],[139.8395,38.9836],[139.83909,38.98424],[139.83991,38.98431],[139.84041,38.98536],[139.8431,38.9844],[139.84582,38.98208],[139.8484,38.98119],[139.85008,38.9784],[139.85189,38.97671],[139.85394,38.97584],[139.85611,38.97579],[139.85828,38.97629],[139.86111,38.97859],[139.86704,38.97977],[139.86672,38.98151],[139.86741,38.98181],[139.86716,38.9838],[139.86849,38.99034],[139.86783,38.991],[139.87156,38.99085],[139.87247,38.99499],[139.87017,38.99506],[139.86732,38.99711],[139.86912,39.00041],[139.87322,38.99972],[139.87328,39.00069],[139.87667,39.00022],[139.87687,39.00111],[139.89684,38.99833],[139.89659,38.99744],[139.89822,38.99719],[139.89976,38.99845],[139.9007,39.00001],[139.90172,39.00001],[139.90013,38.99167],[139.90645,38.99151],[139.90631,38.98956],[139.90859,38.99061],[139.90871,38.98915],[139.91852,38.98955],[139.91617,38.98742],[139.91636,38.9843],[139.92114,38.98546],[139.93281,38.98647],[139.94304,38.98869],[139.94701,38.99061],[139.9474,38.9929],[139.94974,38.99418],[139.9603,38.99643],[139.9633,38.99659],[139.96599,38.99824],[139.97052,39.00239],[139.97259,39.00242],[139.97448,39.00331],[139.97579,39.00224],[139.9756,39.0012],[139.97682,39.0012],[139.98682,39.00655],[139.99134,39.00833],[139.99254,39.00767],[139.99661,39.00789],[139.99698,39.00837],[140.00343,39.00749],[140.0056,39.00793],[140.00629,39.00705],[140.00666,39.00719],[140.00653,39.00783],[140.01349,39.00884],[140.01574,39.01145],[140.01631,39.015],[140.01559,39.01718],[140.01599,39.01906],[140.01706,39.02006],[140.01675,39.02139],[140.0186,39.0235],[140.01975,39.02408],[140.02082,39.02719],[140.02084,39.02878],[140.02155,39.0295],[140.02196,39.03127],[140.02342,39.03333],[140.02447,39.03378],[140.0257,39.03691],[140.02862,39.04202],[140.03091,39.04459],[140.03331,39.04499],[140.03455,39.04595],[140.03866,39.04654],[140.03927,39.05086],[140.03885,39.05317],[140.03775,39.0554],[140.03747,39.05869],[140.04002,39.06931],[140.0433,39.07058],[140.05989,39.0828],[140.06243,39.09283],[140.06394,39.09149],[140.0762,39.08605],[140.08396,39.08505],[140.09626,39.08492],[140.09835,39.08398],[140.1022,39.08342],[140.10332,39.08238],[140.10605,39.08167],[140.11129,39.07911],[140.11468,39.07836],[140.11498,39.07499],[140.11669,39.07292],[140.11651,39.07009],[140.11691,39.06832],[140.12024,39.06802],[140.12093,39.06682],[140.12458,39.06391],[140.12749,39.06307],[140.13001,39.06296],[140.13228,39.06385],[140.13325,39.06335],[140.13493,39.06469],[140.13667,39.06496],[140.13786,39.06573],[140.13779,39.06473],[140.13843,39.0639],[140.14396,39.06142],[140.14392,39.05919],[140.14601,39.05734],[140.14606,39.05619],[140.1481,39.05523],[140.14781,39.05358],[140.14873,39.05297],[140.15109,39.0493],[140.14528,39.04717],[140.14019,39.04606],[140.1389,39.04489],[140.13755,39.04454],[140.13673,39.04349],[140.13507,39.0429],[140.13367,39.03734],[140.13121,39.03385],[140.12566,39.03074],[140.12276,39.03088],[140.12118,39.02868],[140.12103,39.02772],[140.11949,39.02762],[140.12,39.02693],[140.1189,39.02469],[140.118,39.02468],[140.1164,39.02563],[140.11443,39.02458],[140.11504,39.02112],[140.1167,39.02032],[140.11874,39.01849],[140.1178,39.01636],[140.11779,39.01481],[140.12059,39.014],[140.12103,39.01346],[140.12167,39.00985],[140.11955,39.00796],[140.12037,39.00652],[140.12095,39.00251],[140.12041,39.00203],[140.11906,39.00195],[140.1179,39.00087],[140.11913,38.9984],[140.1175,38.99705],[140.11721,38.99486],[140.11831,38.99367],[140.11507,38.99373],[140.1146,38.99577],[140.11321,38.99662],[140.11033,38.99327],[140.11002,38.99215],[140.11019,38.99019],[140.11157,38.98766],[140.11124,38.98519],[140.11416,38.98484],[140.11586,38.98194],[140.11747,38.98198],[140.12056,38.98113],[140.12266,38.98135],[140.1245,38.98077],[140.12586,38.98124],[140.12775,38.98114],[140.13083,38.98331],[140.1323,38.98368],[140.1334,38.98216],[140.13704,38.98191],[140.13908,38.97943],[140.14091,38.97925],[140.14143,38.97777],[140.14329,38.97802],[140.14397,38.97632],[140.14388,38.97351],[140.14469,38.97342],[140.14506,38.97225],[140.14602,38.97239],[140.14726,38.97001],[140.14438,38.96877],[140.14509,38.96699],[140.14133,38.9641],[140.13995,38.96203],[140.13763,38.96097],[140.13857,38.95935],[140.13924,38.95947],[140.14019,38.95873],[140.13967,38.95816],[140.14065,38.95609],[140.14107,38.95422],[140.14056,38.95354],[140.14136,38.95155],[140.14395,38.95078],[140.14396,38.94965],[140.143,38.94971],[140.14253,38.9477],[140.14129,38.946],[140.13773,38.94353],[140.13592,38.94436],[140.13468,38.94387],[140.13305,38.9453],[140.13071,38.94533],[140.12929,38.94607],[140.12675,38.94556],[140.12578,38.94359],[140.12326,38.94296],[140.12141,38.94135],[140.12064,38.93711],[140.12269,38.93222],[140.12176,38.92984],[140.12202,38.92465],[140.12377,38.92222],[140.12389,38.92137],[140.125,38.92039],[140.12748,38.91967],[140.1279,38.91832],[140.13038,38.91627],[140.13536,38.9162],[140.13896,38.91737],[140.14012,38.91619],[140.14007,38.9148],[140.13886,38.91129],[140.13515,38.90743],[140.13283,38.90573],[140.12803,38.90376],[140.123,38.89903],[140.11975,38.89754],[140.11831,38.89483],[140.1193,38.89114],[140.11563,38.88782],[140.11781,38.88683],[140.11789,38.88566],[140.11725,38.88434],[140.11852,38.88265],[140.11459,38.87753],[140.11905,38.87519],[140.12067,38.87364],[140.12056,38.87289],[140.1176,38.8721],[140.11421,38.86917],[140.11017,38.8687],[140.10525,38.86664],[140.10121,38.86715],[140.10036,38.86635],[140.0964,38.86484],[140.0953,38.86365],[140.09249,38.86367],[140.09359,38.86264],[140.09145,38.86228],[140.08916,38.8595],[140.08875,38.85825],[140.09034,38.85604],[140.09039,38.8539],[140.08968,38.85264],[140.08846,38.85174],[140.08986,38.84894],[140.08959,38.84678],[140.08815,38.84477],[140.08776,38.84236],[140.09049,38.84207],[140.09436,38.83986],[140.09686,38.83886],[140.09955,38.83852],[140.10139,38.83731],[140.10499,38.8371],[140.11314,38.83523],[140.11484,38.83367],[140.11512,38.83211],[140.11746,38.83117],[140.11691,38.82601],[140.11742,38.82446],[140.11719,38.82308],[140.1178,38.82196],[140.11737,38.82092],[140.11539,38.82007],[140.11227,38.81745],[140.107,38.81834],[140.10498,38.81797],[140.10041,38.81825],[140.09588,38.81765],[140.09171,38.81821],[140.08923,38.81914],[140.0844,38.81798],[140.08225,38.81708],[140.07972,38.81474],[140.07689,38.81414],[140.0769,38.81067],[140.07802,38.80966],[140.07899,38.80709],[140.08078,38.8051],[140.08517,38.80227],[140.08543,38.80112],[140.08529,38.80062],[140.08267,38.7992],[140.07332,38.79777],[140.07486,38.79518],[140.07478,38.7933],[140.07294,38.79363],[140.07174,38.79306],[140.06969,38.79298],[140.06923,38.79137],[140.06703,38.7909],[140.06724,38.78946],[140.06441,38.78834],[140.06374,38.78869],[140.06107,38.78859],[140.05976,38.78944],[140.05537,38.78909],[140.05205,38.78663],[140.05043,38.78456],[140.04886,38.78389],[140.04682,38.78205],[140.04257,38.78149],[140.04066,38.77964],[140.03843,38.77618],[140.03565,38.77444],[140.03417,38.77414],[140.03265,38.77649],[140.02763,38.78849],[140.02598,38.79039],[140.02436,38.79142],[140.01896,38.79354],[140.013,38.79487],[140.00923,38.79459],[140.00105,38.7911],[139.99725,38.79255],[139.99593,38.79411],[139.99455,38.79715],[139.99373,38.80519],[139.993,38.80782],[139.99212,38.8089],[139.98861,38.81029],[139.97994,38.81598],[139.97686,38.81732],[139.97586,38.81567],[139.97872,38.81453],[139.97858,38.81421],[139.97397,38.81535],[139.97359,38.81446],[139.96659,38.81622],[139.96705,38.81638],[139.96749,38.81958],[139.96796,38.82594],[139.96756,38.82651],[139.9684,38.82693],[139.9675,38.82812],[139.96851,38.82862],[139.96624,38.83143],[139.96432,38.8305],[139.95464,38.83404],[139.95387,38.8334],[139.95238,38.83449],[139.94919,38.83238],[139.94673,38.83466],[139.94805,38.83553],[139.94547,38.83795],[139.94617,38.83841],[139.94315,38.84111],[139.94539,38.84368],[139.94808,38.84523],[139.94665,38.84797],[139.94448,38.84763],[139.94345,38.84853],[139.94262,38.84781],[139.93378,38.85411],[139.93617,38.85622],[139.93966,38.85789],[139.9402,38.85795],[139.94029,38.85694],[139.94645,38.86398],[139.93866,38.87135],[139.93096,38.87606],[139.91916,38.88042],[139.91606,38.88075],[139.917,38.8832],[139.91776,38.88375],[139.91701,38.88391],[139.91657,38.88551],[139.90949,38.88466],[139.90122,38.88481],[139.90259,38.88386],[139.90163,38.88337],[139.90252,38.88285],[139.90019,38.88291],[139.90047,38.88193],[139.90617,38.87596],[139.90395,38.87582],[139.90382,38.87396],[139.90179,38.87405],[139.90157,38.87175],[139.90067,38.87177],[139.90231,38.8712],[139.89998,38.87053],[139.90041,38.86961],[139.88884,38.8664],[139.88922,38.86555],[139.88854,38.86536],[139.88772,38.86657],[139.8853,38.86849],[139.88385,38.86758],[139.88317,38.86595],[139.88442,38.86559],[139.88575,38.85646],[139.88827,38.85666],[139.8884,38.85575],[139.89145,38.85603],[139.89191,38.85378],[139.88972,38.85391],[139.89013,38.85129],[139.88396,38.84966],[139.88385,38.84883],[139.88023,38.84901],[139.879,38.84795],[139.87823,38.84873],[139.87855,38.84921],[139.87418,38.85069],[139.87263,38.8527],[139.87334,38.85412],[139.86774,38.85584],[139.86819,38.85675],[139.8658,38.8575],[139.86625,38.85839],[139.86133,38.85993],[139.86087,38.859],[139.85689,38.86023],[139.85737,38.86115],[139.84874,38.86386],[139.84844,38.86337],[139.84786,38.86353],[139.84744,38.86273],[139.84787,38.8623],[139.84778,38.85847],[139.84822,38.85771],[139.85299,38.85496],[139.85769,38.85366],[139.85684,38.84986],[139.85754,38.84977],[139.85667,38.84592],[139.85842,38.84562],[139.85756,38.8419],[139.85453,38.84232],[139.85408,38.84369],[139.85426,38.84595],[139.85322,38.84792],[139.85266,38.84779],[139.85351,38.84607],[139.85339,38.84348],[139.85548,38.83926],[139.85948,38.83634],[139.85968,38.8344],[139.85876,38.83422],[139.85824,38.83325],[139.85942,38.83241],[139.86057,38.82902],[139.86277,38.82964],[139.86444,38.82944],[139.86326,38.82594],[139.86111,38.82637],[139.86076,38.82547],[139.85893,38.82551],[139.85892,38.82469],[139.85722,38.8247],[139.85724,38.82691],[139.85649,38.82684],[139.85485,38.82546],[139.85329,38.825],[139.84717,38.82445],[139.84706,38.82657],[139.84591,38.82664],[139.84345,38.82611],[139.84388,38.82501],[139.84315,38.82467],[139.84114,38.82484],[139.83894,38.82742],[139.83487,38.82992],[139.83112,38.83191],[139.82444,38.83427],[139.82364,38.83517],[139.8229,38.83774],[139.82176,38.83876],[139.8128,38.84074],[139.81284,38.84018],[139.81476,38.83839],[139.81438,38.83181],[139.81506,38.82898],[139.81627,38.82788],[139.81527,38.8266],[139.81518,38.82494],[139.81406,38.82377],[139.81558,38.82387],[139.81632,38.82316],[139.81473,38.82255],[139.81603,38.8211],[139.81906,38.81988],[139.81948,38.82042],[139.82012,38.82021],[139.81987,38.81997],[139.8207,38.81946],[139.82196,38.81939],[139.82276,38.81878],[139.82227,38.81597],[139.82337,38.8111],[139.81279,38.81321],[139.81119,38.8081],[139.81075,38.80818],[139.81127,38.80985],[139.80837,38.81042],[139.80839,38.81253],[139.80542,38.81242],[139.80518,38.81104],[139.80407,38.81234],[139.80304,38.81178],[139.80159,38.81261],[139.79302,38.81418],[139.7893,38.80585],[139.78789,38.8038],[139.76838,38.8041],[139.76711,38.80114],[139.76176,38.80058],[139.76189,38.80134],[139.76387,38.80382],[139.77397,38.82497],[139.77405,38.82503],[139.77409,38.82487],[139.77423,38.82478],[139.77444,38.82474],[139.77411,38.8253],[139.77842,38.835]]],[[[139.55987,39.19397],[139.55995,39.1939],[139.55986,39.19391],[139.55987,39.19397]]],[[[139.56274,39.19463],[139.5631,39.19481],[139.56323,39.19457],[139.56274,39.19463]]],[[[139.56484,39.19566],[139.56581,39.1948],[139.56502,39.1946],[139.56423,39.19474],[139.56384,39.1954],[139.56484,39.19566]]],[[[139.56734,39.19888],[139.56754,39.19893],[139.56752,39.19879],[139.56734,39.19888]]],[[[139.56722,39.19915],[139.56731,39.19897],[139.56717,39.19899],[139.56722,39.19915]]],[[[139.56801,39.19935],[139.56869,39.19973],[139.56854,39.19938],[139.56801,39.19935]]]]}},{"type":"Feature","properties":{"id":"muni-06205","name":"新庄市"},"geometry":{"type":"MultiPolygon","coordinates":[[[[140.24866,38.71887],[140.24914,38.71815],[140.24871,38.7171],[140.24763,38.71642],[140.24692,38.71663],[140.24755,38.71717],[140.24619,38.71859],[140.24641,38.71925],[140.24714,38.71874],[140.24866,38.71887]]],[[[140.24996,38.78489],[140.25179,38.78643],[140.25283,38.78568],[140.25031,38.78412],[140.24793,38.78396],[140.24797,38.78455],[140.24996,38.78489]]],[[[140.29502,38.703],[140.28931,38.70433],[140.28452,38.70171],[140.28391,38.70052],[140.28188,38.69893],[140.27897,38.69888],[140.27793,38.69839],[140.27558,38.69984],[140.2715,38.69953],[140.26567,38.70136],[140.26391,38.69892],[140.26294,38.69891],[140.26319,38.69795],[140.26243,38.69731],[140.26074,38.69843],[140.25882,38.70132],[140.25739,38.70586],[140.26208,38.70561],[140.26219,38.7063],[140.26307,38.70634],[140.26263,38.70751],[140.26295,38.70832],[140.26118,38.71228],[140.26134,38.71304],[140.26054,38.71457],[140.25847,38.71503],[140.25888,38.71613],[140.25781,38.71632],[140.25788,38.71679],[140.2566,38.71594],[140.25583,38.71597],[140.25806,38.71748],[140.26158,38.71749],[140.26236,38.71792],[140.26455,38.71756],[140.26527,38.71771],[140.26557,38.71849],[140.26481,38.71937],[140.26136,38.71917],[140.26098,38.71958],[140.26053,38.71918],[140.25907,38.71997],[140.25873,38.71945],[140.25842,38.71992],[140.25767,38.71979],[140.25749,38.71906],[140.25611,38.71937],[140.25539,38.71826],[140.25344,38.71819],[140.25149,38.71969],[140.25014,38.71912],[140.24881,38.71949],[140.24874,38.72036],[140.24654,38.72126],[140.24529,38.72232],[140.24485,38.72043],[140.24425,38.71978],[140.24322,38.71958],[140.23921,38.72033],[140.23628,38.722],[140.23312,38.72299],[140.22776,38.7232],[140.2279,38.72249],[140.22432,38.72176],[140.22374,38.72078],[140.21646,38.71903],[140.21162,38.71857],[140.20884,38.71643],[140.20881,38.71485],[140.20824,38.71392],[140.20404,38.7122],[140.20296,38.71313],[140.20136,38.71335],[140.19803,38.7153],[140.19643,38.71505],[140.19573,38.71642],[140.19472,38.71702],[140.19393,38.71919],[140.19298,38.72002],[140.19344,38.72271],[140.19559,38.72235],[140.1973,38.72267],[140.20273,38.72566],[140.20015,38.72842],[140.20135,38.72923],[140.20299,38.73256],[140.20331,38.73454],[140.20276,38.73861],[140.20517,38.73966],[140.20685,38.73957],[140.20736,38.74147],[140.2084,38.74277],[140.20711,38.74362],[140.2052,38.74713],[140.20526,38.74951],[140.20393,38.74943],[140.20277,38.75077],[140.20167,38.75086],[140.1993,38.74909],[140.20065,38.75477],[140.19953,38.75657],[140.20682,38.75936],[140.20806,38.75876],[140.20853,38.75937],[140.20984,38.75976],[140.21046,38.76077],[140.21394,38.76279],[140.21405,38.76436],[140.21462,38.765],[140.21693,38.7652],[140.21828,38.76617],[140.2184,38.76726],[140.21989,38.76796],[140.22534,38.76598],[140.22741,38.76606],[140.22845,38.76522],[140.22907,38.76567],[140.22866,38.76676],[140.23074,38.76953],[140.23451,38.76934],[140.23834,38.77061],[140.23919,38.77018],[140.24078,38.77035],[140.24142,38.76943],[140.24108,38.76864],[140.24278,38.76711],[140.24642,38.76662],[140.24892,38.76839],[140.25076,38.76839],[140.25212,38.76979],[140.25366,38.76954],[140.25474,38.77022],[140.25284,38.77261],[140.25474,38.77233],[140.25863,38.77322],[140.26023,38.77265],[140.26,38.77326],[140.26867,38.77716],[140.26873,38.77867],[140.266,38.77967],[140.26595,38.78047],[140.26847,38.78041],[140.26908,38.78132],[140.27076,38.7817],[140.27337,38.78318],[140.27395,38.78434],[140.2723,38.78362],[140.27138,38.78531],[140.27241,38.78603],[140.27108,38.78807],[140.26912,38.78792],[140.26861,38.7884],[140.26871,38.78971],[140.26809,38.79],[140.26505,38.78834],[140.26313,38.79049],[140.26246,38.78967],[140.2587,38.78761],[140.25785,38.78659],[140.2543,38.78632],[140.25396,38.78666],[140.25628,38.78744],[140.25755,38.78729],[140.25956,38.7892],[140.26115,38.78906],[140.26214,38.79009],[140.26147,38.79112],[140.26243,38.79445],[140.26478,38.79467],[140.26493,38.79523],[140.26545,38.79524],[140.26539,38.79414],[140.26605,38.794],[140.26752,38.79523],[140.26713,38.79544],[140.26875,38.7974],[140.26825,38.79835],[140.269,38.79877],[140.26958,38.80156],[140.27037,38.80016],[140.2715,38.80033],[140.27296,38.80282],[140.28003,38.80442],[140.28071,38.80484],[140.2804,38.80621],[140.28321,38.80718],[140.28412,38.80655],[140.28473,38.8068],[140.28418,38.80833],[140.28456,38.80858],[140.28453,38.80966],[140.28507,38.8103],[140.28691,38.81089],[140.28755,38.81196],[140.28736,38.8132],[140.28819,38.81473],[140.28768,38.81584],[140.28822,38.81658],[140.28895,38.81699],[140.29053,38.81688],[140.29307,38.81884],[140.29443,38.81874],[140.29515,38.81808],[140.29613,38.81874],[140.29816,38.81873],[140.29861,38.81833],[140.29956,38.81867],[140.29956,38.82024],[140.30146,38.82164],[140.30259,38.82372],[140.3001,38.82481],[140.30594,38.82386],[140.3085,38.82418],[140.31111,38.82386],[140.31355,38.82461],[140.3134,38.82658],[140.31213,38.82654],[140.31034,38.82754],[140.31081,38.82822],[140.31343,38.82704],[140.31288,38.83393],[140.30593,38.83361],[140.30585,38.83442],[140.30264,38.83426],[140.30221,38.83943],[140.29218,38.83913],[140.29181,38.84412],[140.29624,38.84433],[140.29445,38.84634],[140.29415,38.8487],[140.29612,38.84856],[140.29652,38.84775],[140.29745,38.84739],[140.29922,38.84761],[140.2996,38.84707],[140.30028,38.84753],[140.30178,38.84707],[140.30465,38.84801],[140.30692,38.84814],[140.30701,38.84706],[140.31031,38.8472],[140.31047,38.84547],[140.31464,38.84526],[140.31271,38.8484],[140.31422,38.84868],[140.31426,38.84772],[140.3176,38.84702],[140.31856,38.8473],[140.31822,38.84825],[140.32515,38.85063],[140.32737,38.84952],[140.33625,38.84877],[140.33944,38.84758],[140.34712,38.84678],[140.34916,38.84614],[140.35151,38.84443],[140.35378,38.84376],[140.35433,38.84442],[140.35701,38.84437],[140.35854,38.8454],[140.36047,38.84545],[140.36334,38.84446],[140.36503,38.84552],[140.36792,38.8455],[140.36861,38.84507],[140.36909,38.84554],[140.36979,38.84469],[140.37104,38.84421],[140.37369,38.84453],[140.37599,38.84332],[140.37805,38.84361],[140.37968,38.84459],[140.3807,38.8445],[140.38221,38.8466],[140.38363,38.84723],[140.38722,38.84623],[140.38813,38.84645],[140.38947,38.84749],[140.39198,38.84817],[140.39489,38.85055],[140.39596,38.85409],[140.39751,38.85608],[140.40044,38.8563],[140.40323,38.85824],[140.40398,38.86119],[140.40367,38.86412],[140.40484,38.8652],[140.40469,38.86619],[140.4072,38.86625],[140.41071,38.86495],[140.41123,38.86423],[140.41345,38.8638],[140.41444,38.86538],[140.41946,38.86662],[140.42311,38.86623],[140.42684,38.86444],[140.42874,38.86604],[140.43194,38.8669],[140.43388,38.86877],[140.43845,38.87007],[140.43873,38.87339],[140.44085,38.87485],[140.44136,38.87651],[140.44313,38.87847],[140.44696,38.87973],[140.4485,38.88133],[140.45169,38.88281],[140.45366,38.88455],[140.45605,38.88433],[140.45746,38.88522],[140.45845,38.88524],[140.46084,38.88779],[140.46244,38.88824],[140.46538,38.88809],[140.46733,38.89186],[140.47074,38.89277],[140.47239,38.89475],[140.47536,38.89618],[140.47804,38.89622],[140.4848,38.90176],[140.48686,38.90267],[140.4904,38.90166],[140.49287,38.90224],[140.49397,38.90142],[140.49446,38.89898],[140.49304,38.89716],[140.49195,38.89322],[140.49059,38.89197],[140.49042,38.88966],[140.48733,38.88638],[140.48718,38.88492],[140.48513,38.88095],[140.48484,38.87902],[140.48584,38.87572],[140.48574,38.87241],[140.48759,38.86944],[140.48636,38.86828],[140.48603,38.86731],[140.48601,38.863],[140.48285,38.86149],[140.48204,38.8602],[140.47966,38.85911],[140.47597,38.85871],[140.47451,38.85625],[140.47221,38.85465],[140.47184,38.85385],[140.46813,38.85194],[140.46536,38.84895],[140.46328,38.84906],[140.46174,38.84824],[140.45968,38.8454],[140.45266,38.84322],[140.44993,38.8416],[140.44863,38.84044],[140.4482,38.83838],[140.44726,38.83762],[140.4492,38.83479],[140.44944,38.83239],[140.44759,38.83236],[140.44594,38.83118],[140.44428,38.831],[140.44215,38.82999],[140.43955,38.82629],[140.43826,38.82518],[140.4384,38.82367],[140.43722,38.82282],[140.43656,38.82116],[140.43089,38.82037],[140.42926,38.81924],[140.42765,38.81557],[140.42543,38.81402],[140.42423,38.80985],[140.42169,38.80776],[140.42118,38.80626],[140.42152,38.805],[140.41944,38.80453],[140.41982,38.80344],[140.41933,38.80248],[140.41962,38.80179],[140.4213,38.80095],[140.4216,38.79851],[140.42398,38.79708],[140.42528,38.79553],[140.42508,38.79103],[140.42552,38.78938],[140.42373,38.78821],[140.42306,38.78528],[140.42179,38.7842],[140.42054,38.78184],[140.41856,38.77976],[140.41842,38.77839],[140.41665,38.77755],[140.41346,38.77737],[140.41253,38.77604],[140.41096,38.77541],[140.40941,38.77156],[140.40676,38.76932],[140.40582,38.76737],[140.40398,38.76649],[140.40296,38.76482],[140.40087,38.76356],[140.39918,38.76118],[140.39428,38.75867],[140.39022,38.75564],[140.38958,38.75377],[140.39029,38.75232],[140.38721,38.74982],[140.38503,38.74635],[140.38319,38.74676],[140.37968,38.74644],[140.37654,38.74702],[140.37557,38.74675],[140.37202,38.74776],[140.36956,38.74732],[140.36867,38.7463],[140.36271,38.74508],[140.36261,38.7439],[140.35966,38.74229],[140.35845,38.73897],[140.35906,38.73693],[140.35698,38.73381],[140.35422,38.73294],[140.35336,38.73139],[140.35256,38.73121],[140.35191,38.73026],[140.34753,38.7303],[140.34521,38.72928],[140.34285,38.72739],[140.34021,38.72639],[140.33828,38.72622],[140.33673,38.72538],[140.33478,38.72542],[140.32928,38.72279],[140.32716,38.72267],[140.32485,38.71884],[140.32363,38.71841],[140.32236,38.71705],[140.31986,38.71731],[140.31915,38.7156],[140.31533,38.71579],[140.31363,38.71486],[140.31358,38.71307],[140.31293,38.71245],[140.31358,38.71185],[140.31362,38.71095],[140.31282,38.70967],[140.31173,38.70897],[140.30908,38.7088],[140.30915,38.70653],[140.30779,38.70627],[140.30503,38.70411],[140.30323,38.70177],[140.30223,38.70119],[140.30264,38.69987],[140.29837,38.70152],[140.29653,38.70173],[140.29502,38.703]]]]}},{"type":"Feature","properties":{"id":"muni-06206","name":"寒河江市"},"geometry":{"type":"MultiPolygon","coordinates":[[[[140.21889,38.34739],[140.21751,38.34567],[140.21547,38.34568],[140.21463,38.34636],[140.21401,38.34811],[140.21548,38.34954],[140.21826,38.34973],[140.21912,38.34932],[140.21889,38.34739]]],[[[140.19753,38.4091],[140.19372,38.41096],[140.19373,38.4121],[140.19459,38.4125],[140.19538,38.41374],[140.19451,38.41486],[140.1964,38.41596],[140.19628,38.41654],[140.19556,38.41675],[140.19636,38.41801],[140.1957,38.4188],[140.19828,38.42212],[140.19868,38.42608],[140.20046,38.42951],[140.20004,38.43156],[140.20057,38.4332],[140.2013,38.4332],[140.19923,38.43529],[140.19709,38.43636],[140.19326,38.43575],[140.19153,38.43485],[140.19042,38.43858],[140.18896,38.43877],[140.18525,38.4413],[140.18545,38.44549],[140.18618,38.44843],[140.18228,38.45773],[140.17974,38.4608],[140.18098,38.46428],[140.18086,38.46552],[140.18213,38.46761],[140.18149,38.46919],[140.18227,38.47088],[140.18431,38.47224],[140.18626,38.47284],[140.18688,38.47396],[140.18846,38.47516],[140.18862,38.47594],[140.18525,38.47836],[140.18568,38.48017],[140.18334,38.48316],[140.18224,38.48368],[140.18147,38.48556],[140.18005,38.48648],[140.17859,38.48989],[140.17601,38.48997],[140.17603,38.49104],[140.17679,38.49189],[140.17515,38.49506],[140.17077,38.49825],[140.17073,38.49929],[140.16977,38.50037],[140.16451,38.50233],[140.16342,38.50529],[140.16207,38.50582],[140.16071,38.50712],[140.15794,38.50804],[140.15691,38.50898],[140.15322,38.51066],[140.15011,38.51579],[140.15116,38.51802],[140.15396,38.52004],[140.15576,38.52257],[140.15801,38.52254],[140.15842,38.52512],[140.16112,38.52739],[140.16205,38.53072],[140.16259,38.53129],[140.16544,38.53154],[140.16728,38.53022],[140.16759,38.5309],[140.16939,38.53209],[140.17141,38.53257],[140.17232,38.53338],[140.17677,38.53452],[140.17857,38.53567],[140.17938,38.53499],[140.18004,38.53255],[140.18356,38.53187],[140.18601,38.53198],[140.18966,38.53315],[140.19208,38.53263],[140.19844,38.53244],[140.20786,38.53313],[140.21056,38.5329],[140.21058,38.52937],[140.21134,38.52803],[140.2151,38.52631],[140.21771,38.52353],[140.22084,38.52163],[140.22655,38.51946],[140.23198,38.52007],[140.23484,38.51924],[140.23711,38.51663],[140.23704,38.51332],[140.23869,38.51125],[140.24041,38.5079],[140.23992,38.50566],[140.2407,38.50358],[140.23964,38.50281],[140.24152,38.50173],[140.24243,38.50038],[140.24403,38.49939],[140.24419,38.49749],[140.24506,38.49598],[140.24487,38.49516],[140.24591,38.4943],[140.24581,38.49363],[140.24642,38.49276],[140.24469,38.49083],[140.24618,38.48735],[140.24508,38.4854],[140.24616,38.48431],[140.24619,38.48302],[140.24698,38.48234],[140.24693,38.48073],[140.24627,38.48017],[140.24691,38.47878],[140.24794,38.47869],[140.24783,38.47636],[140.24965,38.47566],[140.25067,38.4737],[140.25292,38.47332],[140.25457,38.47205],[140.25454,38.47091],[140.25668,38.46785],[140.26115,38.46696],[140.26316,38.46489],[140.26091,38.46012],[140.26299,38.45816],[140.26177,38.45774],[140.26102,38.45653],[140.25705,38.45493],[140.25465,38.45281],[140.25411,38.45099],[140.25612,38.44728],[140.25524,38.44588],[140.25598,38.44441],[140.25528,38.44195],[140.25701,38.43988],[140.25709,38.43607],[140.2588,38.43291],[140.26105,38.43089],[140.26104,38.42868],[140.26163,38.42797],[140.26034,38.42671],[140.26051,38.4261],[140.26244,38.42463],[140.26476,38.42475],[140.2667,38.42297],[140.2675,38.42023],[140.26938,38.41899],[140.26888,38.41827],[140.27094,38.41756],[140.27006,38.41575],[140.27142,38.41532],[140.26958,38.41416],[140.27097,38.41281],[140.2687,38.41142],[140.26812,38.41049],[140.27474,38.40992],[140.2745,38.41072],[140.28346,38.41242],[140.28476,38.40881],[140.28446,38.40863],[140.288,38.40876],[140.28815,38.40518],[140.29069,38.40522],[140.29093,38.40421],[140.28924,38.39944],[140.29157,38.39887],[140.2898,38.39484],[140.30142,38.38946],[140.30051,38.38808],[140.3017,38.3876],[140.30131,38.38701],[140.30363,38.38612],[140.3031,38.3852],[140.30706,38.38452],[140.30659,38.38304],[140.31894,38.3807],[140.32158,38.37636],[140.31958,38.37307],[140.3141,38.36643],[140.31189,38.36472],[140.30912,38.36356],[140.30855,38.35565],[140.30654,38.35357],[140.30718,38.35236],[140.30898,38.35269],[140.3102,38.34845],[140.30979,38.34747],[140.30849,38.348],[140.30688,38.34532],[140.30599,38.34672],[140.30604,38.35084],[140.30167,38.35155],[140.29654,38.35387],[140.29331,38.35434],[140.29199,38.35373],[140.29242,38.35338],[140.29169,38.35283],[140.2935,38.35135],[140.29303,38.351],[140.29319,38.34669],[140.29288,38.34674],[140.29242,38.34502],[140.29014,38.34339],[140.28788,38.34514],[140.28781,38.34465],[140.28488,38.34448],[140.28531,38.34381],[140.28465,38.34332],[140.28346,38.34396],[140.2842,38.34318],[140.28285,38.34211],[140.27086,38.34486],[140.26918,38.34926],[140.27203,38.35236],[140.27223,38.35497],[140.27111,38.35703],[140.26834,38.3597],[140.26673,38.35926],[140.26633,38.35861],[140.26415,38.35948],[140.26254,38.35658],[140.26308,38.35635],[140.26263,38.35551],[140.26295,38.3554],[140.26138,38.35336],[140.26212,38.35253],[140.26136,38.35206],[140.25897,38.35204],[140.25615,38.35329],[140.25416,38.35189],[140.25389,38.35069],[140.25114,38.35085],[140.24912,38.3494],[140.24525,38.34949],[140.24442,38.34866],[140.24218,38.34875],[140.24164,38.34833],[140.23996,38.34924],[140.23893,38.34921],[140.23809,38.34853],[140.23648,38.34828],[140.23405,38.34636],[140.23277,38.34625],[140.23013,38.34439],[140.22803,38.34406],[140.22648,38.34288],[140.22261,38.34203],[140.22226,38.343],[140.22122,38.34368],[140.22153,38.3455],[140.22392,38.3474],[140.22457,38.34963],[140.2238,38.35114],[140.22442,38.35176],[140.2251,38.35549],[140.22603,38.35665],[140.2259,38.35821],[140.2241,38.35927],[140.22233,38.36264],[140.22188,38.36464],[140.22074,38.36308],[140.2195,38.36455],[140.21946,38.36703],[140.2186,38.36727],[140.21821,38.36874],[140.21502,38.36874],[140.21345,38.36966],[140.20959,38.37623],[140.20982,38.37712],[140.21313,38.3802],[140.21348,38.38327],[140.21411,38.3839],[140.21482,38.38404],[140.21572,38.38323],[140.21802,38.38016],[140.21922,38.38062],[140.21845,38.38254],[140.21737,38.38365],[140.21811,38.38392],[140.21773,38.38441],[140.2183,38.38505],[140.21788,38.38547],[140.21852,38.38726],[140.21797,38.38833],[140.21618,38.38947],[140.20712,38.39298],[140.20156,38.39299],[140.19782,38.39123],[140.19602,38.39149],[140.19201,38.39108],[140.18635,38.39371],[140.18581,38.39416],[140.18584,38.39487],[140.18338,38.39551],[140.18173,38.39659],[140.18156,38.39932],[140.18281,38.39926],[140.18379,38.40028],[140.18649,38.40091],[140.1874,38.40332],[140.18837,38.40397],[140.19056,38.40376],[140.19285,38.40302],[140.19358,38.40216],[140.19628,38.40167],[140.19814,38.40247],[140.19806,38.40322],[140.19876,38.40369],[140.19995,38.40276],[140.20172,38.40233],[140.20508,38.4028],[140.20563,38.40374],[140.20522,38.40527],[140.2055,38.40623],[140.20075,38.40655],[140.19753,38.4091]]]]}},{"type":"Feature","properties":{"id":"muni-06207","name":"上山市"},"geometry":{"type":"Polygon","coordinates":[[[140.18552,38.22266],[140.18996,38.22202],[140.19077,38.22233],[140.19181,38.224],[140.1935,38.22342],[140.19413,38.22416],[140.19667,38.22447],[140.19782,38.22222],[140.19889,38.22124],[140.1993,38.21922],[140.20018,38.21779],[140.20224,38.21708],[140.20342,38.21528],[140.20422,38.21529],[140.20471,38.21434],[140.21097,38.21069],[140.21601,38.21092],[140.21714,38.21145],[140.21795,38.21315],[140.21962,38.21327],[140.22165,38.21221],[140.22309,38.21081],[140.22428,38.21057],[140.22605,38.21147],[140.22807,38.20998],[140.23099,38.21183],[140.23204,38.21167],[140.23217,38.21077],[140.23413,38.20947],[140.23437,38.20852],[140.23595,38.20726],[140.24018,38.21037],[140.24458,38.20931],[140.24482,38.20834],[140.24553,38.2082],[140.24502,38.20729],[140.24524,38.20628],[140.24704,38.20454],[140.24613,38.20393],[140.24534,38.2021],[140.24292,38.2023],[140.24253,38.20152],[140.24452,38.19793],[140.24384,38.19559],[140.24827,38.19505],[140.24977,38.19429],[140.24877,38.19375],[140.24838,38.19223],[140.24734,38.19137],[140.2465,38.18933],[140.24533,38.18889],[140.24564,38.18753],[140.24647,38.18656],[140.24667,38.18496],[140.24841,38.18273],[140.24819,38.18139],[140.24898,38.17964],[140.25077,38.17771],[140.2537,38.17719],[140.25552,38.17381],[140.25788,38.17289],[140.2609,38.17365],[140.26449,38.1781],[140.26534,38.17776],[140.26851,38.17829],[140.26958,38.1791],[140.27004,38.18227],[140.27103,38.18253],[140.27278,38.18411],[140.2727,38.18599],[140.27404,38.18809],[140.27641,38.18977],[140.2765,38.19182],[140.27709,38.19228],[140.27825,38.19151],[140.27778,38.18952],[140.27808,38.18913],[140.27802,38.18862],[140.27694,38.18916],[140.27657,38.18889],[140.27669,38.18772],[140.27713,38.18781],[140.27749,38.18695],[140.27835,38.18714],[140.27861,38.18657],[140.28168,38.18747],[140.28258,38.18478],[140.28509,38.18067],[140.28538,38.17937],[140.28579,38.17871],[140.28673,38.1788],[140.28735,38.17831],[140.2876,38.1788],[140.28919,38.17839],[140.291,38.18178],[140.29269,38.18341],[140.2957,38.18268],[140.29502,38.18384],[140.29619,38.1854],[140.30091,38.18466],[140.30206,38.18756],[140.30357,38.18855],[140.30332,38.18873],[140.30405,38.1897],[140.30503,38.18933],[140.30594,38.19006],[140.30573,38.18905],[140.30837,38.18905],[140.30877,38.18804],[140.30916,38.18856],[140.30947,38.18837],[140.30909,38.18744],[140.31084,38.18651],[140.31075,38.18569],[140.31236,38.18506],[140.3127,38.18539],[140.31347,38.18443],[140.31378,38.18473],[140.31436,38.18438],[140.31364,38.18333],[140.31421,38.18316],[140.31351,38.18159],[140.31405,38.18173],[140.31557,38.1806],[140.3147,38.17987],[140.31401,38.18014],[140.31457,38.17927],[140.31264,38.17621],[140.31315,38.17542],[140.31224,38.17529],[140.31187,38.17385],[140.31458,38.17312],[140.31562,38.1735],[140.31764,38.17244],[140.31911,38.17268],[140.31984,38.17198],[140.3217,38.17139],[140.32239,38.17054],[140.32497,38.1709],[140.32715,38.1694],[140.32962,38.16969],[140.33139,38.16935],[140.33213,38.16865],[140.33454,38.16947],[140.33757,38.16765],[140.34111,38.16809],[140.34286,38.16693],[140.34464,38.16651],[140.34627,38.16674],[140.35075,38.16467],[140.35245,38.16518],[140.35603,38.16322],[140.35608,38.16248],[140.35969,38.16228],[140.36154,38.15989],[140.36436,38.15831],[140.3655,38.15896],[140.36573,38.15845],[140.36701,38.15821],[140.36813,38.15931],[140.37201,38.15981],[140.37371,38.16081],[140.37496,38.16064],[140.37719,38.16205],[140.37811,38.16137],[140.37784,38.16062],[140.37869,38.16051],[140.37958,38.16113],[140.38075,38.16095],[140.38114,38.16159],[140.38174,38.16145],[140.38326,38.16272],[140.38564,38.16363],[140.39016,38.1616],[140.38909,38.15774],[140.39212,38.15443],[140.39652,38.15486],[140.39658,38.1544],[140.39516,38.15292],[140.39579,38.15201],[140.39819,38.15267],[140.40427,38.1512],[140.40996,38.15125],[140.41584,38.14842],[140.42008,38.14806],[140.42356,38.14905],[140.42862,38.14966],[140.42997,38.15029],[140.4314,38.15179],[140.43393,38.15042],[140.4355,38.15049],[140.43662,38.14807],[140.43881,38.14581],[140.43977,38.14382],[140.44602,38.14357],[140.443,38.13978],[140.44255,38.1366],[140.44274,38.13574],[140.44404,38.1343],[140.4447,38.13164],[140.44576,38.12983],[140.44076,38.12976],[140.43657,38.12827],[140.43014,38.12686],[140.42472,38.12138],[140.42393,38.11923],[140.42538,38.11699],[140.42555,38.11495],[140.42381,38.11318],[140.42309,38.11099],[140.42131,38.10918],[140.41724,38.10289],[140.41931,38.09944],[140.4182,38.09671],[140.41846,38.09501],[140.41956,38.09325],[140.41939,38.09077],[140.42131,38.08812],[140.42094,38.08563],[140.41978,38.08501],[140.41871,38.08181],[140.41748,38.08025],[140.41559,38.0788],[140.41359,38.07828],[140.41318,38.07688],[140.40924,38.07652],[140.40444,38.07398],[140.40348,38.07077],[140.40223,38.06968],[140.40027,38.0703],[140.39538,38.06942],[140.39229,38.07078],[140.38412,38.07093],[140.38309,38.07132],[140.38016,38.06911],[140.38163,38.06771],[140.38229,38.06398],[140.38004,38.06212],[140.37718,38.06067],[140.37459,38.05732],[140.36847,38.05632],[140.36469,38.05628],[140.36006,38.05798],[140.35567,38.05847],[140.35137,38.05689],[140.35082,38.05486],[140.34995,38.05398],[140.34736,38.05435],[140.34459,38.05327],[140.34367,38.05335],[140.34297,38.05461],[140.34062,38.05513],[140.33608,38.05517],[140.33461,38.05626],[140.33178,38.05623],[140.32863,38.05518],[140.32478,38.05492],[140.32285,38.05582],[140.31974,38.05534],[140.3178,38.0559],[140.31689,38.05798],[140.31565,38.05845],[140.31187,38.05696],[140.30861,38.05785],[140.30458,38.05407],[140.30248,38.05359],[140.29995,38.05422],[140.29685,38.05714],[140.29237,38.05568],[140.29126,38.0578],[140.2898,38.05798],[140.28921,38.05918],[140.28851,38.05932],[140.28546,38.05846],[140.28218,38.05949],[140.277,38.05624],[140.27577,38.05662],[140.27382,38.05807],[140.27152,38.05831],[140.26918,38.05933],[140.26868,38.06272],[140.26572,38.06372],[140.26511,38.06493],[140.26571,38.06696],[140.26237,38.06992],[140.26148,38.07232],[140.25614,38.07518],[140.25496,38.075],[140.25311,38.07568],[140.25047,38.07919],[140.24789,38.08153],[140.24396,38.08096],[140.24142,38.08236],[140.2382,38.08102],[140.23351,38.08243],[140.23304,38.08393],[140.2362,38.08521],[140.23769,38.08784],[140.23761,38.08881],[140.23626,38.09129],[140.23644,38.09199],[140.23778,38.09287],[140.23773,38.09453],[140.23402,38.09623],[140.23101,38.09531],[140.22893,38.09546],[140.22412,38.0984],[140.21952,38.09795],[140.21632,38.09902],[140.2128,38.09882],[140.21212,38.09936],[140.21197,38.10093],[140.21068,38.10263],[140.21118,38.10458],[140.21044,38.10479],[140.21072,38.10534],[140.20981,38.1056],[140.21064,38.10728],[140.21019,38.10815],[140.2107,38.10863],[140.21032,38.11066],[140.20909,38.11163],[140.20737,38.1124],[140.20407,38.11265],[140.20198,38.11438],[140.20119,38.11679],[140.19454,38.11623],[140.19128,38.11831],[140.18986,38.11728],[140.18868,38.1174],[140.18898,38.11964],[140.19074,38.12114],[140.1909,38.12182],[140.18932,38.12212],[140.18899,38.12297],[140.18723,38.12322],[140.18524,38.12468],[140.18533,38.12747],[140.18306,38.12909],[140.18406,38.13046],[140.18288,38.13347],[140.18348,38.13538],[140.186,38.13445],[140.18762,38.13447],[140.18752,38.13602],[140.18681,38.13673],[140.18788,38.13747],[140.1889,38.13745],[140.1907,38.13601],[140.19087,38.13473],[140.19232,38.13377],[140.1932,38.13402],[140.19339,38.13334],[140.19463,38.13275],[140.19543,38.13495],[140.19638,38.13565],[140.20464,38.13754],[140.20671,38.13735],[140.20737,38.13818],[140.20709,38.13967],[140.20764,38.14099],[140.21001,38.14261],[140.20753,38.14343],[140.20706,38.14405],[140.20745,38.14527],[140.20717,38.14639],[140.20628,38.1472],[140.20557,38.14907],[140.20402,38.14961],[140.20231,38.15102],[140.20245,38.15198],[140.20383,38.15336],[140.20337,38.15534],[140.20578,38.15703],[140.20546,38.15822],[140.20467,38.15863],[140.20384,38.16008],[140.20384,38.16153],[140.2063,38.16475],[140.20118,38.16602],[140.19842,38.16838],[140.19832,38.16919],[140.20017,38.17082],[140.19974,38.17159],[140.2004,38.17678],[140.20007,38.17784],[140.20222,38.17996],[140.20266,38.18192],[140.20193,38.18267],[140.1984,38.1835],[140.19733,38.18477],[140.19677,38.18483],[140.19637,38.18544],[140.19767,38.18828],[140.19394,38.18949],[140.19325,38.19113],[140.1937,38.19386],[140.19289,38.19522],[140.19311,38.19702],[140.19252,38.19812],[140.19347,38.19987],[140.19365,38.20074],[140.19306,38.20237],[140.1939,38.2037],[140.1923,38.20608],[140.19302,38.20825],[140.19296,38.21023],[140.19271,38.21048],[140.19208,38.20997],[140.19148,38.21068],[140.19134,38.21357],[140.18905,38.21632],[140.18887,38.21741],[140.18516,38.22132],[140.18552,38.22266]]]}},{"type":"Feature","properties":{"id":"muni-06208","name":"村山市"},"geometry":{"type":"Polygon","coordinates":[[[140.31976,38.4584],[140.31913,38.45772],[140.31784,38.45746],[140.31652,38.45796],[140.31662,38.45834],[140.31537,38.45854],[140.31556,38.45922],[140.31323,38.45961],[140.31304,38.45892],[140.31098,38.45928],[140.3076,38.46085],[140.30606,38.45993],[140.3041,38.46089],[140.30272,38.46252],[140.30308,38.46318],[140.30285,38.46552],[140.29705,38.46449],[140.29415,38.46628],[140.29302,38.46632],[140.29067,38.46865],[140.28897,38.46923],[140.28448,38.46931],[140.28276,38.47008],[140.28094,38.46996],[140.27837,38.47156],[140.2764,38.47199],[140.27405,38.47185],[140.27289,38.47301],[140.27106,38.4729],[140.26981,38.4734],[140.26505,38.47352],[140.26337,38.47281],[140.25444,38.47217],[140.25292,38.47332],[140.25067,38.4737],[140.24965,38.47566],[140.24783,38.47636],[140.24794,38.47869],[140.24691,38.47878],[140.24627,38.48017],[140.24693,38.48073],[140.24698,38.48234],[140.24619,38.48302],[140.24616,38.48431],[140.24508,38.4854],[140.24618,38.48735],[140.24469,38.49083],[140.24642,38.49276],[140.24581,38.49363],[140.24591,38.4943],[140.24487,38.49516],[140.24506,38.49598],[140.24419,38.49749],[140.24403,38.49939],[140.24243,38.50038],[140.24152,38.50173],[140.23964,38.50281],[140.2407,38.50358],[140.23992,38.50566],[140.24041,38.5079],[140.23869,38.51125],[140.23704,38.51332],[140.23703,38.51677],[140.23383,38.51983],[140.23158,38.52008],[140.22655,38.51946],[140.21848,38.52297],[140.2151,38.52631],[140.21134,38.52803],[140.21058,38.52937],[140.21056,38.5329],[140.20845,38.53306],[140.21071,38.53372],[140.21248,38.53789],[140.21291,38.54016],[140.21346,38.54097],[140.21481,38.54122],[140.21763,38.54577],[140.22216,38.54588],[140.22642,38.54912],[140.22952,38.55016],[140.23546,38.55111],[140.23577,38.55628],[140.23785,38.55825],[140.23831,38.55929],[140.23803,38.56084],[140.23719,38.56132],[140.23732,38.56303],[140.23972,38.56598],[140.24105,38.56855],[140.24478,38.56865],[140.248,38.57084],[140.25047,38.57178],[140.25228,38.57157],[140.25451,38.57235],[140.25858,38.57248],[140.26017,38.57205],[140.26478,38.56905],[140.26728,38.56829],[140.27161,38.5682],[140.27512,38.56709],[140.27728,38.56714],[140.27991,38.56793],[140.28108,38.56898],[140.28247,38.56907],[140.28263,38.57052],[140.28624,38.57388],[140.29223,38.57768],[140.29341,38.57736],[140.29687,38.57483],[140.29756,38.57496],[140.30041,38.57785],[140.30302,38.57869],[140.30428,38.57899],[140.30584,38.57726],[140.31003,38.57663],[140.31156,38.57774],[140.31188,38.57863],[140.31378,38.57895],[140.31683,38.57685],[140.31747,38.57602],[140.31729,38.57385],[140.31873,38.57257],[140.32218,38.57142],[140.3258,38.56886],[140.32623,38.56697],[140.3279,38.5652],[140.32789,38.56383],[140.32851,38.56317],[140.3355,38.56251],[140.33787,38.56136],[140.34201,38.55755],[140.34593,38.55724],[140.34632,38.55628],[140.34814,38.55631],[140.34817,38.5557],[140.34549,38.5551],[140.3446,38.55406],[140.34479,38.55341],[140.34739,38.55321],[140.34751,38.55233],[140.34996,38.55282],[140.35115,38.55412],[140.3516,38.55419],[140.35173,38.55373],[140.35226,38.55397],[140.35362,38.55551],[140.35818,38.5539],[140.36104,38.55131],[140.36652,38.5516],[140.36774,38.54992],[140.36909,38.54626],[140.36932,38.54386],[140.36986,38.54345],[140.37062,38.54382],[140.37069,38.54632],[140.37832,38.54447],[140.37907,38.54745],[140.38244,38.55486],[140.3852,38.56402],[140.38778,38.56687],[140.38943,38.5699],[140.3905,38.5702],[140.39092,38.56973],[140.39069,38.56794],[140.39172,38.56819],[140.39211,38.56763],[140.39349,38.56745],[140.39447,38.56599],[140.39722,38.56638],[140.39823,38.569],[140.39931,38.56859],[140.40192,38.56931],[140.40316,38.56887],[140.40273,38.56939],[140.40511,38.56954],[140.40887,38.56911],[140.41219,38.56574],[140.41186,38.5622],[140.41327,38.56029],[140.41248,38.55767],[140.41429,38.55669],[140.41775,38.55214],[140.41937,38.55399],[140.42068,38.55461],[140.42145,38.55844],[140.42207,38.55874],[140.42198,38.55916],[140.4226,38.55934],[140.42321,38.55806],[140.42354,38.55966],[140.42408,38.56009],[140.42561,38.56047],[140.42679,38.55923],[140.42899,38.55871],[140.42915,38.55813],[140.43026,38.55753],[140.43576,38.55688],[140.43648,38.55297],[140.43736,38.5514],[140.43748,38.54846],[140.43652,38.54656],[140.43713,38.54131],[140.43759,38.54076],[140.43619,38.53869],[140.43652,38.53596],[140.43613,38.53481],[140.43453,38.53198],[140.43234,38.53127],[140.43266,38.52845],[140.43129,38.52744],[140.43043,38.52597],[140.43015,38.52408],[140.43425,38.52009],[140.43456,38.51664],[140.43835,38.5138],[140.44138,38.51267],[140.44194,38.51161],[140.44366,38.51117],[140.44426,38.51045],[140.44404,38.50926],[140.4455,38.50776],[140.44879,38.50835],[140.45086,38.51019],[140.45232,38.50985],[140.45356,38.50939],[140.45444,38.50806],[140.45586,38.50725],[140.45761,38.5041],[140.45857,38.50328],[140.46155,38.50274],[140.46364,38.49701],[140.4619,38.49427],[140.46118,38.49194],[140.46031,38.49101],[140.46127,38.48843],[140.46096,38.487],[140.4555,38.48655],[140.45195,38.48729],[140.44776,38.48697],[140.44583,38.48615],[140.44296,38.48343],[140.44123,38.47856],[140.44112,38.47669],[140.4391,38.47429],[140.43414,38.47222],[140.43235,38.47027],[140.43057,38.46981],[140.42681,38.4692],[140.42376,38.47096],[140.42165,38.47084],[140.42109,38.46977],[140.42106,38.46823],[140.41887,38.46629],[140.41605,38.469],[140.41067,38.4676],[140.40693,38.46859],[140.40457,38.46802],[140.40183,38.46883],[140.39753,38.46899],[140.39523,38.46858],[140.39518,38.46802],[140.38917,38.46848],[140.38839,38.46971],[140.38774,38.46929],[140.38275,38.46949],[140.38243,38.46961],[140.3825,38.47234],[140.36691,38.47254],[140.3669,38.47061],[140.35993,38.47072],[140.35999,38.47358],[140.35944,38.47394],[140.35812,38.47398],[140.35788,38.47211],[140.35712,38.47106],[140.35398,38.4706],[140.35132,38.47172],[140.35034,38.47422],[140.34633,38.47366],[140.34438,38.47051],[140.34523,38.47013],[140.34546,38.46796],[140.34474,38.46523],[140.34205,38.4673],[140.34117,38.46572],[140.34136,38.4645],[140.34635,38.46052],[140.34967,38.46275],[140.35069,38.46489],[140.35037,38.46508],[140.35156,38.46617],[140.35571,38.46732],[140.35841,38.46653],[140.35935,38.46417],[140.35931,38.46294],[140.35922,38.46247],[140.35673,38.46285],[140.3551,38.46068],[140.34977,38.45915],[140.35078,38.45835],[140.34807,38.45568],[140.3472,38.45464],[140.3475,38.45427],[140.3465,38.45337],[140.34552,38.45486],[140.34658,38.45662],[140.3453,38.45794],[140.34211,38.45487],[140.34133,38.45636],[140.34045,38.45695],[140.33707,38.45795],[140.33697,38.45755],[140.33271,38.45792],[140.33244,38.4562],[140.32977,38.45588],[140.32883,38.45505],[140.32824,38.45561],[140.32574,38.4557],[140.32794,38.4559],[140.32762,38.45618],[140.32435,38.45641],[140.32212,38.45713],[140.3225,38.45799],[140.32184,38.45839],[140.31976,38.4584]]]}},{"type":"Feature","properties":{"id":"muni-06209","name":"長井市"},"geometry":{"type":"Polygon","coordinates":[[[140.00557,38.08135],[140.00295,38.08191],[140.00336,38.08304],[140.00248,38.08322],[140.00188,38.08281],[140.00146,38.08346],[140.00066,38.0829],[140.00028,38.08298],[140.00039,38.08367],[139.99843,38.08386],[139.99888,38.08495],[139.99609,38.0852],[139.99624,38.08635],[139.99295,38.08665],[139.99312,38.08787],[139.99039,38.0881],[139.99055,38.08925],[139.98759,38.0895],[139.98791,38.09069],[139.98379,38.09087],[139.98391,38.09136],[139.98091,38.08962],[139.97592,38.08801],[139.97062,38.08769],[139.96875,38.08793],[139.96751,38.08868],[139.95654,38.08698],[139.95646,38.08648],[139.95491,38.08555],[139.95104,38.08625],[139.94921,38.08712],[139.94755,38.0868],[139.94692,38.08861],[139.94593,38.08954],[139.94567,38.09115],[139.94352,38.09138],[139.94303,38.09228],[139.94162,38.09257],[139.94188,38.09439],[139.93186,38.09996],[139.92996,38.1005],[139.92836,38.09946],[139.92843,38.0984],[139.92753,38.09726],[139.92658,38.0971],[139.92475,38.0982],[139.92472,38.09885],[139.92382,38.09976],[139.92245,38.10047],[139.92312,38.10199],[139.921,38.10132],[139.91604,38.10088],[139.9135,38.0981],[139.91016,38.09937],[139.90688,38.09974],[139.90577,38.10119],[139.90528,38.10434],[139.90419,38.10501],[139.90382,38.10622],[139.90077,38.10724],[139.89854,38.10721],[139.89799,38.10775],[139.89653,38.11139],[139.89515,38.1128],[139.89593,38.11534],[139.89574,38.11693],[139.89484,38.11776],[139.89428,38.1216],[139.89318,38.12209],[139.89311,38.12273],[139.89122,38.12455],[139.88732,38.13109],[139.88696,38.13608],[139.88728,38.13701],[139.89165,38.13994],[139.89296,38.1434],[139.89474,38.14442],[139.89482,38.14631],[139.89528,38.14704],[139.89636,38.14741],[139.8964,38.14844],[139.89551,38.14923],[139.89499,38.15075],[139.89257,38.15312],[139.88783,38.15478],[139.88494,38.15484],[139.88261,38.15638],[139.88192,38.15795],[139.88185,38.15862],[139.88347,38.16153],[139.88442,38.16203],[139.88106,38.16554],[139.88089,38.16642],[139.87979,38.16743],[139.87977,38.16835],[139.87897,38.16898],[139.8787,38.1732],[139.87989,38.1739],[139.87948,38.17504],[139.88021,38.17666],[139.88012,38.17756],[139.87862,38.17826],[139.87848,38.17875],[139.88065,38.18128],[139.88044,38.18606],[139.88257,38.18926],[139.88257,38.19042],[139.88113,38.19156],[139.88009,38.1933],[139.87914,38.19657],[139.8793,38.19755],[139.87751,38.19953],[139.87939,38.20116],[139.88176,38.20225],[139.88398,38.20619],[139.88676,38.20763],[139.88729,38.20907],[139.89047,38.21092],[139.89155,38.21287],[139.89534,38.21474],[139.89647,38.21591],[139.89927,38.21662],[139.90007,38.21937],[139.89985,38.22205],[139.90301,38.22537],[139.90238,38.22861],[139.90304,38.23146],[139.90278,38.23336],[139.90219,38.23379],[139.9023,38.23498],[139.90526,38.23704],[139.9061,38.23987],[139.90689,38.24066],[139.90945,38.24144],[139.9107,38.24259],[139.91096,38.24409],[139.91187,38.24551],[139.91666,38.24656],[139.91864,38.24536],[139.91911,38.24397],[139.92381,38.23942],[139.92672,38.23819],[139.92989,38.23756],[139.93177,38.23453],[139.93368,38.23329],[139.93804,38.23256],[139.9413,38.23098],[139.94442,38.23054],[139.94423,38.22826],[139.94488,38.2268],[139.94287,38.22546],[139.94257,38.22466],[139.94102,38.22356],[139.9409,38.22282],[139.94528,38.22098],[139.94481,38.21947],[139.94511,38.21879],[139.94214,38.21484],[139.94086,38.2088],[139.94347,38.20757],[139.94562,38.20726],[139.94786,38.20599],[139.95123,38.20646],[139.95374,38.20563],[139.95552,38.20592],[139.95791,38.20443],[139.96112,38.20341],[139.95806,38.20067],[139.95784,38.19913],[139.9582,38.19837],[139.95994,38.19692],[139.9615,38.19654],[139.96099,38.19465],[139.96268,38.19345],[139.96595,38.19204],[139.96824,38.19162],[139.96713,38.19007],[139.96844,38.18712],[139.96919,38.18681],[139.97019,38.18485],[139.97144,38.1843],[139.97446,38.18433],[139.97544,38.1826],[139.97774,38.18143],[139.97779,38.17949],[139.98324,38.17973],[139.9829,38.17889],[139.98402,38.17854],[139.99178,38.17992],[139.99385,38.17958],[139.99638,38.17811],[139.99975,38.17715],[140.00245,38.17663],[140.00806,38.17673],[140.01009,38.17508],[140.01453,38.17496],[140.01609,38.17441],[140.0188,38.17244],[140.02352,38.17095],[140.02461,38.17003],[140.02474,38.16916],[140.02641,38.16793],[140.02855,38.1672],[140.03202,38.16459],[140.04062,38.15946],[140.04413,38.15823],[140.04446,38.15865],[140.04488,38.15818],[140.04514,38.1586],[140.04648,38.15822],[140.05189,38.15497],[140.05163,38.14864],[140.05205,38.1485],[140.05251,38.1431],[140.05616,38.14131],[140.05642,38.14191],[140.05718,38.14121],[140.06084,38.14047],[140.06284,38.13919],[140.06689,38.13801],[140.06857,38.137],[140.07158,38.13786],[140.07291,38.13675],[140.07595,38.13671],[140.07882,38.13505],[140.07955,38.13384],[140.08134,38.13251],[140.08221,38.1311],[140.08192,38.12888],[140.08434,38.12993],[140.0852,38.13121],[140.08749,38.1288],[140.09019,38.12889],[140.09192,38.13116],[140.09129,38.13245],[140.09372,38.13451],[140.09416,38.13649],[140.09648,38.13732],[140.09766,38.13859],[140.09833,38.1377],[140.10036,38.13677],[140.10097,38.13584],[140.10083,38.13493],[140.10359,38.1337],[140.10454,38.13186],[140.10905,38.13042],[140.10987,38.1292],[140.10973,38.1285],[140.10851,38.12804],[140.10679,38.1259],[140.10454,38.12549],[140.10503,38.12303],[140.10689,38.12161],[140.10586,38.12051],[140.1055,38.11824],[140.10648,38.11573],[140.10618,38.11493],[140.10864,38.11258],[140.10787,38.11169],[140.10738,38.10965],[140.10651,38.10918],[140.10627,38.10777],[140.10337,38.10658],[140.10256,38.10452],[140.10123,38.10352],[140.10129,38.10255],[140.10026,38.10196],[140.10205,38.10064],[140.1022,38.09908],[140.09965,38.09773],[140.09653,38.09759],[140.09617,38.09617],[140.09712,38.09368],[140.09588,38.09275],[140.09686,38.09076],[140.09479,38.08945],[140.09435,38.08781],[140.09187,38.08561],[140.09154,38.08479],[140.08873,38.08381],[140.08875,38.08337],[140.08992,38.08282],[140.08856,38.08114],[140.08945,38.07938],[140.08434,38.07728],[140.08481,38.0762],[140.08425,38.07532],[140.08266,38.0747],[140.07917,38.07115],[140.0774,38.07094],[140.07534,38.06919],[140.07313,38.06863],[140.07049,38.06538],[140.06909,38.06606],[140.06376,38.06643],[140.06403,38.06512],[140.06247,38.06336],[140.06176,38.06345],[140.06091,38.06073],[140.05986,38.0601],[140.05964,38.0584],[140.05799,38.05745],[140.0559,38.05869],[140.05591,38.05669],[140.05646,38.05613],[140.05591,38.05592],[140.05599,38.05444],[140.05526,38.05326],[140.05552,38.05216],[140.05652,38.0513],[140.0554,38.04999],[140.04701,38.05049],[140.04624,38.05011],[140.04509,38.05038],[140.04457,38.04966],[140.04499,38.04956],[140.04489,38.04898],[140.04553,38.04884],[140.04522,38.04858],[140.04422,38.04867],[140.04272,38.04961],[140.04254,38.04902],[140.04216,38.04951],[140.0406,38.04881],[140.04009,38.0492],[140.03929,38.04869],[140.04073,38.04732],[140.03635,38.04451],[140.03653,38.0442],[140.03579,38.04414],[140.0359,38.04361],[140.03308,38.04323],[140.03234,38.04178],[140.02867,38.04503],[140.02907,38.04583],[140.02855,38.04589],[140.02785,38.04499],[140.02425,38.04799],[140.02092,38.05352],[140.02236,38.05699],[140.02325,38.0612],[140.02276,38.06204],[140.02329,38.06375],[140.02235,38.06428],[140.02305,38.06502],[140.02218,38.06552],[140.02276,38.06617],[140.02301,38.06854],[140.02383,38.07],[140.02323,38.07052],[140.0211,38.07058],[140.02114,38.07127],[140.0201,38.07136],[140.02009,38.07202],[140.01424,38.07149],[140.01432,38.07421],[140.01342,38.07435],[140.01546,38.07943],[140.01491,38.07918],[140.01089,38.08017],[140.01128,38.08129],[140.00596,38.08246],[140.00557,38.08135]]]}},{"type":"Feature","properties":{"id":"muni-06210","name":"天童市"},"geometry":{"type":"MultiPolygon","coordinates":[[[[140.30479,38.34127],[140.30691,38.34165],[140.30593,38.33875],[140.30409,38.33913],[140.30479,38.34127]]],[[[140.30317,38.34395],[140.30476,38.34535],[140.30636,38.34462],[140.30553,38.34311],[140.30317,38.34395]]],[[[140.31015,38.3483],[140.30898,38.35269],[140.30718,38.35236],[140.30654,38.35357],[140.30855,38.35565],[140.30912,38.36356],[140.31189,38.36472],[140.3141,38.36643],[140.31958,38.37307],[140.32158,38.37636],[140.32303,38.37561],[140.32564,38.37973],[140.32512,38.37975],[140.32537,38.38267],[140.32924,38.38383],[140.33163,38.38368],[140.33187,38.38614],[140.3343,38.386],[140.33455,38.38734],[140.33328,38.38982],[140.32844,38.39272],[140.33176,38.39957],[140.3326,38.40036],[140.33559,38.39909],[140.3376,38.39881],[140.34034,38.39742],[140.34736,38.3971],[140.34942,38.39621],[140.35232,38.39725],[140.35601,38.39781],[140.36049,38.40009],[140.36286,38.39984],[140.3646,38.40131],[140.36625,38.40183],[140.36786,38.40156],[140.37356,38.3965],[140.37441,38.39643],[140.3753,38.39713],[140.37922,38.39628],[140.38165,38.39669],[140.3859,38.39525],[140.39263,38.39651],[140.39356,38.39598],[140.39755,38.39535],[140.40242,38.39515],[140.40337,38.39529],[140.40325,38.39653],[140.40529,38.39664],[140.40508,38.39916],[140.41235,38.40083],[140.41262,38.40018],[140.41584,38.40105],[140.41676,38.40006],[140.4183,38.40242],[140.42222,38.40406],[140.42861,38.40483],[140.4338,38.40439],[140.43665,38.40366],[140.43665,38.40311],[140.43214,38.39883],[140.43189,38.39756],[140.43522,38.39762],[140.43978,38.39536],[140.44294,38.3932],[140.44389,38.38987],[140.44621,38.39012],[140.44879,38.38685],[140.45591,38.38611],[140.45646,38.38383],[140.45959,38.38206],[140.46055,38.38011],[140.46521,38.37735],[140.4662,38.37357],[140.46904,38.37255],[140.4709,38.36917],[140.47274,38.3696],[140.47621,38.36791],[140.47862,38.36813],[140.4798,38.36582],[140.48297,38.36516],[140.48706,38.36142],[140.49467,38.35901],[140.4955,38.35688],[140.49847,38.35474],[140.49933,38.35337],[140.50787,38.35497],[140.51108,38.35402],[140.51291,38.35397],[140.5148,38.35211],[140.51257,38.35031],[140.50555,38.34694],[140.50201,38.34682],[140.50029,38.34576],[140.49842,38.34601],[140.49662,38.34533],[140.49377,38.34516],[140.49021,38.34318],[140.48428,38.34317],[140.48244,38.34247],[140.481,38.33978],[140.47868,38.34032],[140.47846,38.33943],[140.47733,38.34014],[140.47427,38.33863],[140.47261,38.33834],[140.47067,38.33707],[140.46721,38.33747],[140.46455,38.33709],[140.46033,38.33786],[140.45622,38.33684],[140.45559,38.33729],[140.45305,38.33716],[140.45133,38.33821],[140.44657,38.33881],[140.44613,38.33729],[140.44247,38.33519],[140.44015,38.33186],[140.43891,38.32919],[140.43933,38.32865],[140.43931,38.3267],[140.44028,38.32594],[140.43939,38.32483],[140.43717,38.32288],[140.43378,38.32201],[140.43139,38.31978],[140.42525,38.31896],[140.4248,38.31756],[140.42224,38.31678],[140.41863,38.31397],[140.41845,38.31248],[140.41326,38.31596],[140.41232,38.31729],[140.41302,38.31802],[140.41193,38.31951],[140.41221,38.3202],[140.41093,38.32025],[140.40964,38.32105],[140.40815,38.32025],[140.40781,38.31951],[140.40986,38.31819],[140.40833,38.31588],[140.4069,38.31657],[140.40608,38.31505],[140.40694,38.31462],[140.40668,38.31426],[140.40481,38.31453],[140.40453,38.313],[140.40882,38.31161],[140.40783,38.3104],[140.4015,38.31207],[140.3942,38.31287],[140.38819,38.31449],[140.38167,38.31524],[140.37433,38.31701],[140.36084,38.31919],[140.35337,38.32148],[140.3476,38.32394],[140.33499,38.32447],[140.33116,38.32548],[140.32902,38.32681],[140.32925,38.33011],[140.33009,38.33061],[140.33009,38.33165],[140.3248,38.33212],[140.32481,38.3375],[140.32321,38.33763],[140.3236,38.33824],[140.3218,38.33894],[140.32114,38.33788],[140.31973,38.33805],[140.31908,38.33929],[140.317,38.33965],[140.31611,38.3411],[140.31225,38.34109],[140.3114,38.34243],[140.31342,38.3437],[140.3144,38.3435],[140.31484,38.34412],[140.31442,38.34439],[140.31103,38.34299],[140.3071,38.34497],[140.30688,38.34532],[140.30849,38.348],[140.30979,38.34747],[140.31015,38.3483]]]]}},{"type":"Feature","properties":{"id":"muni-06211","name":"東根市"},"geometry":{"type":"Polygon","coordinates":[[[140.37544,38.39712],[140.37441,38.39643],[140.37356,38.3965],[140.36786,38.40156],[140.36625,38.40183],[140.3646,38.40131],[140.36286,38.39984],[140.36049,38.40009],[140.35601,38.39781],[140.35232,38.39725],[140.34942,38.39621],[140.34736,38.3971],[140.34034,38.39742],[140.3376,38.39881],[140.33559,38.39909],[140.33232,38.40049],[140.33304,38.40266],[140.33416,38.40258],[140.33487,38.40362],[140.33497,38.40299],[140.33625,38.40255],[140.33711,38.40411],[140.33872,38.40357],[140.34104,38.40552],[140.34046,38.40897],[140.34092,38.41173],[140.33601,38.4132],[140.33686,38.4143],[140.33742,38.41422],[140.33762,38.41565],[140.33814,38.41573],[140.33778,38.41695],[140.33846,38.41831],[140.33675,38.41879],[140.33824,38.42323],[140.33749,38.4234],[140.33715,38.42232],[140.33745,38.42384],[140.33517,38.42368],[140.33301,38.42289],[140.33258,38.42097],[140.32946,38.42067],[140.3287,38.42204],[140.32742,38.42205],[140.32784,38.42505],[140.34331,38.42646],[140.34714,38.43031],[140.33848,38.43533],[140.33844,38.43839],[140.33883,38.43942],[140.33835,38.43978],[140.3386,38.44023],[140.33936,38.43995],[140.34024,38.44153],[140.33772,38.4463],[140.3388,38.44664],[140.33785,38.44852],[140.33899,38.44886],[140.33879,38.44924],[140.34071,38.44901],[140.34184,38.44939],[140.34397,38.45172],[140.34632,38.45305],[140.3475,38.45427],[140.3472,38.45464],[140.34807,38.45568],[140.35078,38.45835],[140.34977,38.45915],[140.3551,38.46068],[140.35673,38.46285],[140.35922,38.46247],[140.35931,38.46294],[140.35935,38.46417],[140.35841,38.46653],[140.35571,38.46732],[140.35156,38.46617],[140.35037,38.46508],[140.35069,38.46489],[140.34967,38.46275],[140.34635,38.46052],[140.3419,38.46397],[140.34117,38.46572],[140.34205,38.4673],[140.34474,38.46523],[140.34544,38.46671],[140.34523,38.47013],[140.34438,38.47051],[140.34633,38.47366],[140.35034,38.47422],[140.35132,38.47172],[140.35432,38.47058],[140.35712,38.47106],[140.35788,38.47211],[140.35812,38.47398],[140.35876,38.47396],[140.35999,38.47358],[140.35993,38.47072],[140.3669,38.47061],[140.36691,38.47254],[140.3825,38.47234],[140.38243,38.46961],[140.38774,38.46929],[140.38839,38.46971],[140.38917,38.46848],[140.39171,38.46821],[140.39518,38.46802],[140.39523,38.46858],[140.39837,38.46902],[140.40183,38.46883],[140.40457,38.46802],[140.40693,38.46859],[140.41067,38.4676],[140.41605,38.469],[140.41887,38.46629],[140.42106,38.46823],[140.42109,38.46977],[140.42165,38.47084],[140.42376,38.47096],[140.42681,38.4692],[140.43057,38.46981],[140.43235,38.47027],[140.43414,38.47222],[140.4391,38.47429],[140.44112,38.47669],[140.44123,38.47856],[140.44296,38.48343],[140.44553,38.48599],[140.44776,38.48697],[140.45195,38.48729],[140.45745,38.48653],[140.46027,38.4867],[140.46133,38.48747],[140.46254,38.48662],[140.46333,38.48422],[140.46618,38.4821],[140.46747,38.48191],[140.46842,38.48263],[140.47062,38.48239],[140.47346,38.48121],[140.47665,38.48231],[140.47919,38.48385],[140.48089,38.48572],[140.48368,38.48577],[140.48535,38.48631],[140.48841,38.48599],[140.49375,38.48635],[140.49616,38.48589],[140.49743,38.48504],[140.50231,38.48509],[140.51586,38.48318],[140.51626,38.48164],[140.51894,38.48013],[140.51598,38.47669],[140.51655,38.47503],[140.51962,38.47359],[140.52148,38.47212],[140.5215,38.46898],[140.52556,38.46489],[140.52606,38.4628],[140.52718,38.46191],[140.52977,38.45719],[140.53275,38.45921],[140.53495,38.45936],[140.53701,38.46035],[140.5397,38.46084],[140.54304,38.45878],[140.5456,38.45816],[140.55245,38.45861],[140.55466,38.45944],[140.55578,38.45648],[140.55692,38.4552],[140.55706,38.45407],[140.5587,38.45251],[140.56069,38.4523],[140.56714,38.45025],[140.57028,38.4516],[140.57222,38.45175],[140.57332,38.45369],[140.57508,38.45387],[140.57834,38.45235],[140.58075,38.44703],[140.58252,38.44706],[140.58575,38.44624],[140.58555,38.44425],[140.58639,38.44115],[140.58605,38.44062],[140.58272,38.43913],[140.58184,38.43774],[140.58031,38.43731],[140.5805,38.4349],[140.5817,38.43366],[140.58103,38.43189],[140.58051,38.42712],[140.57921,38.4249],[140.57938,38.42326],[140.57791,38.42219],[140.57833,38.42046],[140.57346,38.41578],[140.57204,38.41526],[140.57127,38.41338],[140.5713,38.41053],[140.57364,38.40785],[140.57336,38.40543],[140.57443,38.40426],[140.57391,38.40297],[140.57454,38.39661],[140.57665,38.39571],[140.5781,38.39275],[140.57601,38.3917],[140.57403,38.38961],[140.57177,38.38849],[140.57154,38.38744],[140.56772,38.38534],[140.56545,38.38052],[140.56418,38.37895],[140.56388,38.37723],[140.56142,38.37716],[140.56048,38.37777],[140.55623,38.37759],[140.55427,38.37655],[140.55252,38.37644],[140.55107,38.37497],[140.5496,38.37229],[140.55019,38.37078],[140.54756,38.36859],[140.54692,38.36601],[140.54572,38.36431],[140.5439,38.36396],[140.5412,38.36216],[140.53405,38.36225],[140.52936,38.36001],[140.52639,38.35766],[140.52503,38.35537],[140.52281,38.35327],[140.52161,38.34975],[140.51723,38.35081],[140.5148,38.35211],[140.51291,38.35397],[140.51108,38.35402],[140.50787,38.35497],[140.49933,38.35337],[140.49847,38.35474],[140.4955,38.35688],[140.49467,38.35901],[140.48706,38.36142],[140.48297,38.36516],[140.4798,38.36582],[140.47862,38.36813],[140.47621,38.36791],[140.47274,38.3696],[140.4709,38.36917],[140.46904,38.37255],[140.4662,38.37357],[140.46521,38.37735],[140.46055,38.38011],[140.45959,38.38206],[140.45646,38.38383],[140.45591,38.38611],[140.44879,38.38685],[140.44621,38.39012],[140.44389,38.38987],[140.44294,38.3932],[140.43978,38.39536],[140.43522,38.39762],[140.43189,38.39756],[140.43214,38.39883],[140.43665,38.40311],[140.43665,38.40366],[140.42909,38.40483],[140.42222,38.40406],[140.4183,38.40242],[140.41676,38.40006],[140.41584,38.40105],[140.41262,38.40018],[140.41235,38.40083],[140.40508,38.39916],[140.40529,38.39664],[140.40325,38.39653],[140.40337,38.39529],[140.40242,38.39515],[140.39755,38.39535],[140.39356,38.39598],[140.39263,38.39651],[140.3859,38.39525],[140.38165,38.39669],[140.37922,38.39628],[140.37544,38.39712]]]}},{"type":"Feature","properties":{"id":"muni-06212","name":"尾花沢市"},"geometry":{"type":"Polygon","coordinates":[[[140.40192,38.58595],[140.40132,38.58768],[140.40195,38.58828],[140.40191,38.58912],[140.39924,38.58893],[140.39723,38.58735],[140.39381,38.58992],[140.39171,38.58944],[140.38727,38.58977],[140.38634,38.58906],[140.38508,38.58916],[140.38449,38.58859],[140.38368,38.58883],[140.38414,38.58931],[140.38326,38.59094],[140.38373,38.59113],[140.38343,38.59183],[140.38041,38.59448],[140.37976,38.5961],[140.37883,38.59641],[140.37901,38.59675],[140.37854,38.59666],[140.37765,38.59775],[140.37809,38.59848],[140.3773,38.59867],[140.3776,38.59947],[140.37886,38.59832],[140.38041,38.59825],[140.38061,38.599],[140.37905,38.60228],[140.38031,38.60272],[140.37843,38.60526],[140.37929,38.60557],[140.37829,38.60829],[140.37767,38.60923],[140.37648,38.60874],[140.37564,38.60998],[140.37748,38.61046],[140.37919,38.61321],[140.37912,38.61518],[140.37636,38.61788],[140.37669,38.62061],[140.38084,38.62439],[140.38106,38.62769],[140.37635,38.62908],[140.37548,38.63007],[140.37433,38.6291],[140.37513,38.62834],[140.37487,38.62804],[140.37178,38.62724],[140.37154,38.62833],[140.37228,38.62898],[140.37055,38.63132],[140.37066,38.63265],[140.3692,38.63638],[140.366,38.6398],[140.36291,38.6387],[140.36339,38.6394],[140.36298,38.63939],[140.36267,38.64047],[140.36223,38.64045],[140.36259,38.64111],[140.36152,38.64118],[140.36108,38.64066],[140.36038,38.64107],[140.3581,38.63857],[140.35376,38.64103],[140.35299,38.63931],[140.34983,38.63906],[140.3507,38.64086],[140.34623,38.64219],[140.35093,38.64469],[140.35259,38.64705],[140.3536,38.64973],[140.35013,38.65024],[140.3457,38.64926],[140.34476,38.64865],[140.34386,38.64897],[140.34183,38.64869],[140.33991,38.64669],[140.33683,38.64593],[140.3309,38.64749],[140.32863,38.64862],[140.32736,38.64986],[140.32508,38.65056],[140.32455,38.65004],[140.32457,38.64909],[140.32284,38.64883],[140.32253,38.64651],[140.32063,38.64787],[140.31788,38.64834],[140.31569,38.64747],[140.31573,38.64878],[140.31736,38.65027],[140.31802,38.65163],[140.31839,38.65468],[140.3194,38.65668],[140.31979,38.65848],[140.31942,38.66157],[140.31991,38.66401],[140.31842,38.6655],[140.31843,38.6671],[140.31764,38.66861],[140.31789,38.67032],[140.31551,38.67067],[140.31553,38.67484],[140.31475,38.67647],[140.31288,38.67746],[140.31275,38.67902],[140.31436,38.68003],[140.31693,38.68029],[140.31674,38.68183],[140.31845,38.68252],[140.31984,38.68137],[140.32144,38.68123],[140.32312,38.67908],[140.32522,38.67891],[140.32749,38.68007],[140.33072,38.67919],[140.33204,38.68009],[140.3352,38.68047],[140.33781,38.68209],[140.33946,38.68213],[140.34123,38.68354],[140.3437,38.68329],[140.34631,38.68458],[140.34684,38.68559],[140.34811,38.6859],[140.34922,38.68796],[140.35087,38.68786],[140.35187,38.68907],[140.35383,38.68784],[140.35698,38.68815],[140.35887,38.6866],[140.36274,38.68696],[140.36486,38.68554],[140.37324,38.6845],[140.37475,38.68542],[140.37566,38.68664],[140.37667,38.68679],[140.37772,38.68882],[140.38021,38.69067],[140.38095,38.69235],[140.38303,38.6933],[140.3832,38.69399],[140.38614,38.69449],[140.38737,38.696],[140.39082,38.69594],[140.39086,38.69757],[140.39214,38.69999],[140.39526,38.70167],[140.40074,38.70308],[140.40254,38.70295],[140.40708,38.7037],[140.40818,38.70343],[140.41309,38.70478],[140.41504,38.70477],[140.41693,38.70314],[140.41665,38.7025],[140.41798,38.7009],[140.41959,38.6998],[140.42147,38.69933],[140.42366,38.6999],[140.42488,38.70106],[140.42514,38.70421],[140.42774,38.70463],[140.4289,38.70618],[140.43043,38.70695],[140.43077,38.70814],[140.43363,38.70838],[140.43643,38.70976],[140.43715,38.71175],[140.43898,38.71365],[140.44079,38.7141],[140.44279,38.71543],[140.44579,38.71408],[140.45001,38.71759],[140.45102,38.7178],[140.45204,38.71922],[140.45858,38.72177],[140.45973,38.72132],[140.46047,38.71804],[140.46157,38.71623],[140.46103,38.71501],[140.46117,38.71291],[140.4617,38.71216],[140.46371,38.71137],[140.46498,38.70833],[140.46395,38.70683],[140.46454,38.7047],[140.46388,38.70407],[140.46424,38.70275],[140.46826,38.70373],[140.4717,38.70341],[140.47133,38.69746],[140.47448,38.69479],[140.47603,38.69532],[140.48071,38.69494],[140.48187,38.69575],[140.48244,38.69505],[140.48335,38.69573],[140.48533,38.69399],[140.4911,38.69165],[140.49426,38.69393],[140.49436,38.69659],[140.49532,38.69758],[140.50279,38.69819],[140.505,38.69725],[140.50824,38.69331],[140.51053,38.69216],[140.5114,38.69062],[140.5138,38.69111],[140.5143,38.69024],[140.51507,38.69004],[140.51839,38.69082],[140.52084,38.69216],[140.52034,38.6932],[140.52048,38.6941],[140.52478,38.69415],[140.52588,38.69222],[140.52825,38.69062],[140.53009,38.68815],[140.53234,38.68806],[140.53698,38.68548],[140.53931,38.68554],[140.54062,38.68271],[140.54356,38.67961],[140.54461,38.6778],[140.54474,38.67653],[140.54635,38.6746],[140.54596,38.67284],[140.54697,38.67115],[140.54497,38.66868],[140.54659,38.66656],[140.54742,38.66415],[140.54847,38.66329],[140.54902,38.66129],[140.54299,38.65637],[140.54577,38.65456],[140.54562,38.65092],[140.54653,38.64973],[140.54409,38.64816],[140.5402,38.63844],[140.53754,38.6359],[140.53738,38.6343],[140.54225,38.62959],[140.5418,38.62682],[140.54329,38.62412],[140.54686,38.62201],[140.54724,38.62072],[140.54978,38.61994],[140.54884,38.61856],[140.54978,38.61628],[140.55223,38.61334],[140.55404,38.61228],[140.55638,38.61199],[140.55821,38.6111],[140.56016,38.60959],[140.56084,38.60803],[140.56215,38.60722],[140.56211,38.60475],[140.55822,38.60256],[140.55918,38.60075],[140.55858,38.59783],[140.56648,38.59474],[140.56934,38.5942],[140.56824,38.58951],[140.57094,38.58749],[140.57313,38.58501],[140.57341,38.58395],[140.57302,38.57742],[140.57379,38.57602],[140.57546,38.57449],[140.57492,38.57233],[140.57665,38.57046],[140.57821,38.57047],[140.57862,38.56842],[140.57795,38.56753],[140.57459,38.56615],[140.57161,38.56349],[140.56906,38.56294],[140.56757,38.56052],[140.56633,38.56033],[140.56713,38.55884],[140.56878,38.55824],[140.56987,38.55565],[140.56784,38.55273],[140.56627,38.5518],[140.5666,38.54987],[140.56516,38.5481],[140.5646,38.54578],[140.56241,38.54503],[140.56014,38.54298],[140.56011,38.54235],[140.55635,38.54288],[140.5542,38.54128],[140.55447,38.53914],[140.55406,38.5381],[140.5548,38.53698],[140.55446,38.53446],[140.55616,38.53363],[140.55515,38.53082],[140.55593,38.5298],[140.55805,38.52992],[140.56217,38.52682],[140.56509,38.52692],[140.56828,38.5278],[140.57014,38.52624],[140.57178,38.52572],[140.57099,38.52454],[140.56864,38.52282],[140.56773,38.52038],[140.56776,38.51911],[140.57035,38.51768],[140.57028,38.5154],[140.56858,38.51407],[140.56639,38.51392],[140.56343,38.51072],[140.56429,38.51008],[140.56493,38.50857],[140.56869,38.50628],[140.56927,38.50539],[140.56918,38.50404],[140.56734,38.50249],[140.56743,38.50126],[140.57068,38.49926],[140.57222,38.49735],[140.57341,38.49708],[140.5738,38.49482],[140.57699,38.49372],[140.57883,38.49438],[140.58007,38.49292],[140.58351,38.4911],[140.58908,38.49048],[140.59401,38.48893],[140.59808,38.48716],[140.5989,38.48493],[140.5997,38.48424],[140.60151,38.48398],[140.60425,38.4824],[140.60278,38.47934],[140.60298,38.47773],[140.60592,38.47469],[140.60802,38.46959],[140.60796,38.4667],[140.60628,38.4632],[140.60834,38.45821],[140.61681,38.45705],[140.61864,38.45643],[140.61986,38.45537],[140.61937,38.45471],[140.61453,38.45427],[140.6131,38.45342],[140.61127,38.45059],[140.60951,38.44637],[140.60856,38.4458],[140.60815,38.4446],[140.60436,38.44413],[140.60294,38.44309],[140.60213,38.44122],[140.60049,38.44061],[140.59776,38.437],[140.59701,38.43681],[140.59236,38.44178],[140.59091,38.43985],[140.58954,38.43918],[140.586,38.44053],[140.58646,38.44139],[140.58561,38.44375],[140.58575,38.44624],[140.58252,38.44706],[140.58075,38.44703],[140.57834,38.45235],[140.57508,38.45387],[140.57332,38.45369],[140.57222,38.45175],[140.57028,38.4516],[140.56682,38.45025],[140.56069,38.4523],[140.5587,38.45251],[140.55706,38.45407],[140.55692,38.4552],[140.55578,38.45648],[140.55466,38.45944],[140.55245,38.45861],[140.5456,38.45816],[140.54304,38.45878],[140.5397,38.46084],[140.53701,38.46035],[140.53495,38.45936],[140.53275,38.45921],[140.52977,38.45719],[140.52718,38.46191],[140.52606,38.4628],[140.52556,38.46489],[140.5215,38.46898],[140.52148,38.47212],[140.51962,38.47359],[140.51655,38.47503],[140.51598,38.47669],[140.51894,38.48013],[140.51626,38.48164],[140.51621,38.48265],[140.51557,38.48329],[140.50231,38.48509],[140.49743,38.48504],[140.49574,38.486],[140.49144,38.48649],[140.48089,38.48572],[140.47919,38.48385],[140.47403,38.48127],[140.46842,38.48263],[140.46747,38.48191],[140.46618,38.4821],[140.46333,38.48422],[140.46301,38.4858],[140.46133,38.48747],[140.46036,38.49022],[140.46041,38.49122],[140.46118,38.49194],[140.4619,38.49427],[140.46364,38.49701],[140.46155,38.50274],[140.45857,38.50328],[140.45761,38.5041],[140.45586,38.50725],[140.45444,38.50806],[140.45356,38.50939],[140.45232,38.50985],[140.45086,38.51019],[140.44879,38.50835],[140.4455,38.50776],[140.44404,38.50926],[140.44426,38.51045],[140.44366,38.51117],[140.44194,38.51161],[140.44138,38.51267],[140.43835,38.5138],[140.43456,38.51664],[140.43425,38.52009],[140.43015,38.52408],[140.43043,38.52597],[140.43129,38.52744],[140.43266,38.52845],[140.43234,38.53127],[140.43453,38.53198],[140.43613,38.53481],[140.43652,38.53596],[140.43619,38.53869],[140.43759,38.54076],[140.43713,38.54131],[140.43652,38.54656],[140.43748,38.54846],[140.43736,38.5514],[140.43648,38.55297],[140.43576,38.55688],[140.43026,38.55753],[140.42915,38.55813],[140.42899,38.55871],[140.42679,38.55923],[140.42561,38.56047],[140.42387,38.56001],[140.42321,38.55806],[140.4226,38.55934],[140.42198,38.55916],[140.42207,38.55874],[140.42145,38.55844],[140.42068,38.55461],[140.41937,38.55399],[140.41775,38.55214],[140.41739,38.55239],[140.41429,38.55669],[140.41248,38.55767],[140.41327,38.56029],[140.41186,38.5622],[140.41226,38.56504],[140.41184,38.56621],[140.40828,38.56937],[140.40187,38.5696],[140.40374,38.57182],[140.40389,38.57268],[140.40325,38.57296],[140.40393,38.57311],[140.4036,38.57534],[140.40227,38.57662],[140.39985,38.57674],[140.39946,38.5778],[140.40007,38.57775],[140.40031,38.57712],[140.40223,38.57737],[140.40264,38.57783],[140.40061,38.57777],[140.40057,38.57894],[140.39934,38.57897],[140.40039,38.58092],[140.40065,38.58377],[140.40134,38.58369],[140.40124,38.58487],[140.40192,38.58595]]]}},{"type":"Feature","properties":{"id":"muni-06213","name":"南陽市"},"geometry":{"type":"Polygon","coordinates":[[[140.134,38.02447],[140.13338,38.02342],[140.13184,38.02327],[140.13132,38.02272],[140.12587,38.02305],[140.12431,38.02416],[140.12296,38.02676],[140.12141,38.02732],[140.1199,38.02715],[140.11904,38.02615],[140.11916,38.02496],[140.1222,38.02354],[140.12406,38.02067],[140.12352,38.02037],[140.12107,38.02129],[140.11978,38.02315],[140.11724,38.02422],[140.11704,38.0271],[140.11629,38.02767],[140.11456,38.02777],[140.11176,38.02627],[140.11003,38.02638],[140.10951,38.02527],[140.10806,38.02544],[140.10765,38.02619],[140.1082,38.02592],[140.10854,38.02997],[140.10743,38.02893],[140.10669,38.02911],[140.10671,38.0322],[140.10975,38.03146],[140.10985,38.03183],[140.112,38.03198],[140.11147,38.03537],[140.11054,38.03623],[140.1093,38.0361],[140.1085,38.03528],[140.1086,38.03382],[140.10772,38.03286],[140.10487,38.03292],[140.10232,38.03102],[140.10014,38.03232],[140.09938,38.03378],[140.09978,38.0357],[140.1023,38.03804],[140.10402,38.03754],[140.1039,38.03699],[140.10476,38.03632],[140.10491,38.03525],[140.1049,38.03889],[140.10541,38.03873],[140.10585,38.04016],[140.10483,38.04065],[140.10485,38.04178],[140.10439,38.04177],[140.10407,38.0427],[140.10345,38.0427],[140.10413,38.04178],[140.10303,38.04204],[140.09922,38.0403],[140.09853,38.04168],[140.09574,38.04063],[140.09528,38.04104],[140.09569,38.04211],[140.09686,38.043],[140.09985,38.04389],[140.10012,38.04568],[140.09855,38.04715],[140.09578,38.04709],[140.09404,38.04772],[140.09398,38.0501],[140.09267,38.04979],[140.09227,38.05067],[140.09038,38.05022],[140.09126,38.0473],[140.09037,38.04718],[140.09022,38.04788],[140.08678,38.04799],[140.08506,38.04773],[140.08208,38.04597],[140.07839,38.04643],[140.07806,38.04743],[140.08141,38.04632],[140.08171,38.04997],[140.07837,38.05032],[140.07557,38.0494],[140.07523,38.05044],[140.07383,38.05187],[140.07333,38.05388],[140.07013,38.05517],[140.06959,38.05584],[140.07014,38.06013],[140.07243,38.063],[140.07228,38.06368],[140.07049,38.06538],[140.07313,38.06863],[140.07534,38.06919],[140.0774,38.07094],[140.07917,38.07115],[140.08266,38.0747],[140.08425,38.07532],[140.08481,38.0762],[140.08434,38.07728],[140.08945,38.07938],[140.08856,38.08114],[140.08992,38.08282],[140.08875,38.08337],[140.08873,38.08381],[140.09154,38.08479],[140.09187,38.08561],[140.09435,38.08781],[140.09479,38.08945],[140.09686,38.09076],[140.09588,38.09275],[140.09712,38.09368],[140.09617,38.09617],[140.09653,38.09759],[140.09965,38.09773],[140.1022,38.09908],[140.10205,38.10064],[140.10026,38.10196],[140.10129,38.10255],[140.10123,38.10352],[140.10256,38.10452],[140.10337,38.10658],[140.10627,38.10777],[140.10651,38.10918],[140.10738,38.10965],[140.10787,38.11169],[140.1087,38.11278],[140.10618,38.11493],[140.10648,38.11573],[140.1055,38.11824],[140.10586,38.12051],[140.10689,38.12161],[140.10503,38.12303],[140.10457,38.12556],[140.10679,38.1259],[140.10851,38.12804],[140.10973,38.1285],[140.10981,38.12905],[140.11486,38.12894],[140.11519,38.13049],[140.11665,38.1326],[140.11663,38.13429],[140.11779,38.13539],[140.11936,38.13599],[140.12085,38.1355],[140.12511,38.13669],[140.12946,38.13716],[140.12866,38.14014],[140.12697,38.14226],[140.12728,38.14408],[140.12619,38.146],[140.12758,38.14822],[140.13257,38.15243],[140.13241,38.15533],[140.1334,38.15603],[140.1334,38.15683],[140.13444,38.15846],[140.13427,38.15942],[140.13593,38.16066],[140.13685,38.16295],[140.13981,38.16544],[140.13992,38.16657],[140.14179,38.16815],[140.14482,38.16912],[140.14591,38.17023],[140.1458,38.17134],[140.14685,38.17212],[140.14688,38.1729],[140.14537,38.17339],[140.14522,38.1742],[140.14437,38.17487],[140.1446,38.17674],[140.14804,38.17914],[140.14879,38.18101],[140.15026,38.18269],[140.15041,38.18519],[140.15253,38.18621],[140.15168,38.18766],[140.15271,38.19011],[140.15336,38.19072],[140.15429,38.19029],[140.15671,38.19038],[140.15832,38.19116],[140.15921,38.193],[140.15792,38.19632],[140.15888,38.1976],[140.16014,38.19778],[140.16113,38.1988],[140.16121,38.19991],[140.16198,38.20005],[140.16332,38.2025],[140.16338,38.20421],[140.16489,38.20534],[140.16454,38.20607],[140.16538,38.20793],[140.16527,38.20943],[140.16589,38.21174],[140.16692,38.21256],[140.16676,38.21365],[140.16797,38.21454],[140.16862,38.21602],[140.16848,38.21897],[140.17255,38.22066],[140.17252,38.22215],[140.17334,38.22287],[140.17875,38.22151],[140.17956,38.22175],[140.18021,38.22326],[140.18125,38.22368],[140.18336,38.22276],[140.18456,38.22308],[140.18555,38.22265],[140.18516,38.22132],[140.18887,38.21741],[140.18905,38.21632],[140.19134,38.21357],[140.19148,38.21068],[140.19208,38.20997],[140.19271,38.21048],[140.19296,38.21023],[140.19302,38.20825],[140.1923,38.20608],[140.1939,38.2037],[140.19306,38.20237],[140.19365,38.20074],[140.19251,38.19785],[140.19311,38.19702],[140.19289,38.19522],[140.1937,38.19386],[140.19319,38.19171],[140.19394,38.18949],[140.19767,38.18828],[140.19637,38.18544],[140.1977,38.18397],[140.20008,38.18282],[140.20193,38.18267],[140.20266,38.18192],[140.20222,38.17996],[140.20007,38.17784],[140.2004,38.17678],[140.19974,38.17159],[140.20017,38.17082],[140.19841,38.1696],[140.19836,38.16859],[140.20118,38.16602],[140.2063,38.16475],[140.20384,38.16153],[140.20384,38.16008],[140.20467,38.15863],[140.20546,38.15822],[140.20578,38.15703],[140.20337,38.15534],[140.20383,38.15336],[140.20245,38.15198],[140.20231,38.15102],[140.20402,38.14961],[140.20557,38.14907],[140.20628,38.1472],[140.20717,38.14639],[140.20745,38.14527],[140.20706,38.14405],[140.20753,38.14343],[140.21001,38.14261],[140.20764,38.14099],[140.20709,38.13967],[140.20737,38.13818],[140.20671,38.13735],[140.20464,38.13754],[140.19638,38.13565],[140.19543,38.13495],[140.19463,38.13275],[140.19339,38.13334],[140.1932,38.13402],[140.19232,38.13377],[140.19087,38.13473],[140.1907,38.13601],[140.1889,38.13745],[140.18788,38.13747],[140.18681,38.13673],[140.18752,38.13602],[140.18762,38.13447],[140.186,38.13445],[140.18348,38.13538],[140.18288,38.13347],[140.18406,38.13046],[140.18315,38.12877],[140.18533,38.12747],[140.18524,38.12468],[140.18723,38.12322],[140.18899,38.12297],[140.18932,38.12212],[140.1909,38.12182],[140.19074,38.12114],[140.18898,38.11964],[140.18868,38.1174],[140.18986,38.11728],[140.19128,38.11831],[140.19454,38.11623],[140.20119,38.11679],[140.20198,38.11438],[140.20407,38.11265],[140.20784,38.1123],[140.21032,38.11066],[140.2107,38.10863],[140.21016,38.10792],[140.21064,38.10728],[140.20981,38.1056],[140.21072,38.10534],[140.21044,38.10479],[140.21118,38.10458],[140.21068,38.10263],[140.21197,38.10093],[140.21227,38.09916],[140.21298,38.09879],[140.21632,38.09902],[140.21913,38.09797],[140.22412,38.0984],[140.22974,38.09526],[140.23421,38.0962],[140.2378,38.09444],[140.23778,38.09287],[140.23644,38.09199],[140.23626,38.09129],[140.23761,38.08881],[140.23769,38.08784],[140.2362,38.08521],[140.23304,38.08393],[140.23347,38.08247],[140.23198,38.08153],[140.2275,38.07903],[140.22301,38.07754],[140.22036,38.07605],[140.21633,38.07551],[140.21521,38.0743],[140.21541,38.07346],[140.212,38.07213],[140.21078,38.07007],[140.20775,38.06794],[140.20769,38.06495],[140.20694,38.06385],[140.20737,38.06115],[140.20707,38.06008],[140.20316,38.05794],[140.20247,38.05617],[140.19891,38.05481],[140.19963,38.05259],[140.19942,38.05057],[140.20161,38.04847],[140.21186,38.04631],[140.2126,38.04321],[140.20514,38.04147],[140.20531,38.04067],[140.19712,38.04002],[140.19433,38.03742],[140.19143,38.03757],[140.18784,38.0387],[140.18472,38.04072],[140.18084,38.04104],[140.17498,38.03741],[140.17255,38.03468],[140.17023,38.03479],[140.17012,38.03376],[140.16915,38.03354],[140.16896,38.03268],[140.168,38.0318],[140.16854,38.02998],[140.16818,38.02912],[140.1672,38.02893],[140.16723,38.02785],[140.16573,38.02583],[140.16466,38.02509],[140.16003,38.02488],[140.15897,38.02419],[140.15704,38.01938],[140.15183,38.01995],[140.15015,38.02087],[140.14803,38.02055],[140.1496,38.02177],[140.14775,38.02066],[140.14576,38.02124],[140.14564,38.02396],[140.14153,38.02278],[140.13607,38.02445],[140.134,38.02447]]]}},{"type":"Feature","properties":{"id":"muni-06301","name":"山辺町"},"geometry":{"type":"Polygon","coordinates":[[[140.20706,38.25273],[140.20864,38.25024],[140.20952,38.24971],[140.21718,38.25023],[140.21475,38.24863],[140.21481,38.24691],[140.21307,38.24669],[140.21386,38.2459],[140.214,38.24487],[140.21216,38.24338],[140.21079,38.23994],[140.2131,38.23904],[140.2143,38.23769],[140.21282,38.23485],[140.20904,38.23365],[140.20744,38.23369],[140.20515,38.23498],[140.20662,38.23551],[140.20733,38.2367],[140.20652,38.23719],[140.20522,38.23632],[140.20415,38.23761],[140.20336,38.237],[140.19821,38.23695],[140.19451,38.23591],[140.19108,38.23321],[140.18954,38.23319],[140.1883,38.23259],[140.18753,38.23085],[140.18632,38.23005],[140.18614,38.22907],[140.18539,38.22836],[140.18389,38.22785],[140.18318,38.22686],[140.17978,38.22573],[140.17938,38.22423],[140.18021,38.22326],[140.17956,38.22175],[140.17875,38.22151],[140.17414,38.22248],[140.173,38.22338],[140.1737,38.22543],[140.17321,38.22685],[140.17358,38.22773],[140.17261,38.22871],[140.17277,38.23147],[140.17122,38.23366],[140.17229,38.23569],[140.1714,38.23786],[140.17002,38.23957],[140.16605,38.24078],[140.1603,38.24363],[140.1562,38.2429],[140.15481,38.24314],[140.15447,38.24243],[140.152,38.24307],[140.15311,38.24445],[140.15209,38.24608],[140.15327,38.24865],[140.15539,38.24974],[140.15662,38.2523],[140.15385,38.25607],[140.15531,38.25887],[140.15711,38.26004],[140.15826,38.26295],[140.16055,38.26535],[140.16123,38.26796],[140.16299,38.27162],[140.16258,38.27249],[140.16277,38.27359],[140.16149,38.27536],[140.16656,38.27648],[140.16797,38.28012],[140.17123,38.28364],[140.17516,38.28482],[140.17777,38.28652],[140.18088,38.28486],[140.18054,38.28782],[140.17927,38.28856],[140.17913,38.28962],[140.18076,38.29316],[140.18213,38.29368],[140.18257,38.29474],[140.1845,38.29385],[140.18742,38.29054],[140.18985,38.28999],[140.1933,38.29198],[140.19525,38.29239],[140.19399,38.29714],[140.19208,38.29888],[140.19233,38.29973],[140.19177,38.3011],[140.19012,38.3025],[140.1905,38.30355],[140.19314,38.30483],[140.19376,38.30629],[140.19214,38.30719],[140.18908,38.31115],[140.18888,38.31453],[140.18926,38.31597],[140.19244,38.31809],[140.19173,38.31874],[140.19188,38.32],[140.19306,38.32225],[140.19405,38.3222],[140.19367,38.32302],[140.19435,38.32334],[140.19387,38.32359],[140.19579,38.32389],[140.19565,38.32467],[140.19651,38.32513],[140.19622,38.32556],[140.19776,38.32531],[140.19659,38.32635],[140.19835,38.32685],[140.1989,38.32817],[140.20172,38.32804],[140.20234,38.32887],[140.20393,38.32853],[140.20487,38.32926],[140.2046,38.32837],[140.20596,38.3278],[140.20687,38.3267],[140.20672,38.3261],[140.20861,38.32564],[140.21009,38.32411],[140.21006,38.32322],[140.2119,38.32134],[140.212,38.31929],[140.2145,38.31826],[140.21462,38.31759],[140.22015,38.3157],[140.22125,38.31345],[140.22307,38.31175],[140.22479,38.30787],[140.22823,38.30588],[140.23118,38.30592],[140.23369,38.30728],[140.23618,38.30682],[140.24449,38.31071],[140.2469,38.31032],[140.25277,38.31161],[140.25321,38.31284],[140.25589,38.31346],[140.25792,38.31468],[140.25968,38.31447],[140.2606,38.31541],[140.26316,38.3165],[140.27936,38.31871],[140.28012,38.315],[140.28164,38.31179],[140.28428,38.31262],[140.28453,38.30808],[140.28508,38.30809],[140.28504,38.30642],[140.28614,38.3067],[140.28653,38.30658],[140.28641,38.30613],[140.28825,38.30567],[140.28734,38.30462],[140.28726,38.30207],[140.28527,38.30044],[140.285,38.29673],[140.28268,38.29552],[140.28076,38.29265],[140.27655,38.29172],[140.27708,38.29013],[140.27602,38.28891],[140.2763,38.28705],[140.27916,38.2855],[140.27894,38.28475],[140.27743,38.28399],[140.27661,38.28274],[140.27672,38.28202],[140.27766,38.28119],[140.27688,38.27982],[140.2773,38.27772],[140.27489,38.27738],[140.27401,38.27663],[140.2719,38.27696],[140.27079,38.2759],[140.26568,38.27352],[140.25709,38.27338],[140.25315,38.27213],[140.25225,38.26957],[140.2525,38.26922],[140.25172,38.26878],[140.24701,38.2698],[140.24316,38.26963],[140.2436,38.27098],[140.24175,38.27117],[140.24102,38.27274],[140.24014,38.27321],[140.23771,38.27228],[140.23649,38.27248],[140.23317,38.27057],[140.23157,38.27158],[140.22861,38.27089],[140.22741,38.26997],[140.22289,38.27243],[140.22178,38.27359],[140.21764,38.27479],[140.2165,38.27559],[140.21499,38.27473],[140.21443,38.27356],[140.21354,38.27338],[140.20938,38.27427],[140.20707,38.27312],[140.20565,38.27162],[140.20725,38.27077],[140.20769,38.26996],[140.20776,38.26696],[140.20964,38.26656],[140.21367,38.2638],[140.21408,38.2629],[140.21356,38.2618],[140.21395,38.26118],[140.20993,38.25824],[140.20928,38.25569],[140.20706,38.25273]]]}},{"type":"Feature","properties":{"id":"muni-06302","name":"中山町"},"geometry":{"type":"Polygon","coordinates":[[[140.28796,38.31384],[140.28164,38.31179],[140.28012,38.315],[140.27936,38.31871],[140.27492,38.31783],[140.26628,38.31719],[140.26316,38.3165],[140.2606,38.31541],[140.25968,38.31447],[140.25792,38.31468],[140.25589,38.31346],[140.25357,38.313],[140.253,38.31263],[140.25277,38.31161],[140.2469,38.31032],[140.24449,38.31071],[140.23618,38.30682],[140.23369,38.30728],[140.23118,38.30592],[140.22794,38.30591],[140.22479,38.30787],[140.22307,38.31175],[140.22125,38.31345],[140.22015,38.3157],[140.21462,38.31759],[140.2145,38.31826],[140.212,38.31929],[140.2119,38.32134],[140.21006,38.32322],[140.21009,38.32411],[140.20861,38.32564],[140.20672,38.3261],[140.20687,38.3267],[140.20596,38.3278],[140.2046,38.32837],[140.20493,38.32921],[140.20429,38.32881],[140.2042,38.32983],[140.2057,38.33164],[140.20675,38.33206],[140.2074,38.33461],[140.20814,38.33554],[140.2153,38.33035],[140.21893,38.32922],[140.21969,38.3309],[140.21948,38.3317],[140.22047,38.33289],[140.22018,38.33393],[140.2218,38.33475],[140.22166,38.33565],[140.22266,38.3368],[140.22196,38.33974],[140.22261,38.34203],[140.22648,38.34288],[140.22803,38.34406],[140.23013,38.34439],[140.23277,38.34625],[140.23405,38.34636],[140.23648,38.34828],[140.23809,38.34853],[140.23893,38.34921],[140.23996,38.34924],[140.24164,38.34833],[140.24218,38.34875],[140.24442,38.34866],[140.24525,38.34949],[140.24912,38.3494],[140.25114,38.35085],[140.25389,38.35069],[140.25416,38.35189],[140.25615,38.35329],[140.25897,38.35204],[140.26136,38.35206],[140.26212,38.35253],[140.26138,38.35336],[140.26166,38.35379],[140.26277,38.35337],[140.26332,38.35419],[140.2624,38.35456],[140.26308,38.35635],[140.26254,38.35658],[140.26415,38.35948],[140.26633,38.35861],[140.26673,38.35926],[140.26834,38.3597],[140.27111,38.35703],[140.27223,38.35497],[140.27203,38.35236],[140.26918,38.34926],[140.27086,38.34486],[140.28285,38.34211],[140.2842,38.34318],[140.28346,38.34396],[140.28465,38.34332],[140.28531,38.34381],[140.28488,38.34448],[140.28781,38.34465],[140.28788,38.34514],[140.29014,38.34339],[140.29242,38.34502],[140.29288,38.34674],[140.29319,38.34669],[140.29303,38.351],[140.2935,38.35135],[140.29169,38.35283],[140.29242,38.35338],[140.29199,38.35373],[140.29331,38.35434],[140.29654,38.35387],[140.30167,38.35155],[140.30604,38.35084],[140.30599,38.34672],[140.3071,38.34497],[140.30834,38.34416],[140.31103,38.34299],[140.31415,38.34445],[140.31484,38.34412],[140.3144,38.3435],[140.31342,38.3437],[140.3114,38.34243],[140.31229,38.34093],[140.31219,38.33896],[140.30905,38.33919],[140.30806,38.33734],[140.30563,38.33782],[140.30433,38.33387],[140.30679,38.33337],[140.3054,38.32955],[140.30398,38.32812],[140.30601,38.32712],[140.30441,38.32633],[140.30366,38.32531],[140.30502,38.32375],[140.30385,38.32296],[140.30402,38.32137],[140.30322,38.32066],[140.30385,38.31885],[140.30143,38.31785],[140.30046,38.31576],[140.29898,38.3163],[140.29805,38.31514],[140.29683,38.31568],[140.29712,38.31648],[140.29308,38.31502],[140.29306,38.31553],[140.29161,38.31551],[140.29166,38.31463],[140.28909,38.31457],[140.28944,38.31371],[140.28796,38.31384]]]}},{"type":"Feature","properties":{"id":"muni-06321","name":"河北町"},"geometry":{"type":"Polygon","coordinates":[[[140.34046,38.40897],[140.34104,38.40552],[140.33872,38.40357],[140.33711,38.40411],[140.33625,38.40255],[140.33497,38.40299],[140.33487,38.40362],[140.33416,38.40258],[140.33304,38.40266],[140.33232,38.40049],[140.3326,38.40036],[140.33176,38.39957],[140.32844,38.39272],[140.33328,38.38982],[140.33455,38.38734],[140.3343,38.386],[140.33187,38.38614],[140.33163,38.38368],[140.32924,38.38383],[140.32537,38.38267],[140.32512,38.37975],[140.32564,38.37973],[140.32303,38.37561],[140.32158,38.37636],[140.31894,38.3807],[140.30659,38.38304],[140.30706,38.38452],[140.3031,38.3852],[140.30363,38.38612],[140.30131,38.38701],[140.3017,38.3876],[140.30051,38.38808],[140.30142,38.38946],[140.2898,38.39484],[140.29157,38.39887],[140.28924,38.39944],[140.29093,38.40421],[140.29069,38.40522],[140.28815,38.40518],[140.288,38.40876],[140.28446,38.40863],[140.28476,38.40881],[140.28346,38.41242],[140.2745,38.41072],[140.27474,38.40992],[140.26812,38.41049],[140.2687,38.41142],[140.27097,38.41281],[140.26958,38.41416],[140.27142,38.41532],[140.27006,38.41575],[140.27094,38.41756],[140.26888,38.41827],[140.26938,38.41899],[140.2675,38.42023],[140.2667,38.42297],[140.26476,38.42475],[140.26244,38.42463],[140.26051,38.4261],[140.26034,38.42671],[140.26163,38.42797],[140.26104,38.42868],[140.26105,38.43089],[140.2588,38.43291],[140.25709,38.43607],[140.25701,38.43988],[140.25528,38.44195],[140.25598,38.44441],[140.25524,38.44588],[140.25612,38.44728],[140.25411,38.45099],[140.25465,38.45281],[140.25705,38.45493],[140.26102,38.45653],[140.26177,38.45774],[140.26299,38.45816],[140.26091,38.46012],[140.26316,38.46489],[140.26115,38.46696],[140.25636,38.4681],[140.25454,38.47091],[140.25444,38.47217],[140.26337,38.47281],[140.26505,38.47352],[140.27289,38.47301],[140.27405,38.47185],[140.2764,38.47199],[140.27837,38.47156],[140.28029,38.47011],[140.28276,38.47008],[140.28448,38.46931],[140.28897,38.46923],[140.29067,38.46865],[140.29302,38.46632],[140.29415,38.46628],[140.29705,38.46449],[140.30285,38.46552],[140.30308,38.46318],[140.30272,38.46252],[140.3041,38.46089],[140.30606,38.45993],[140.3076,38.46085],[140.31098,38.45928],[140.31304,38.45892],[140.31323,38.45961],[140.31556,38.45922],[140.31537,38.45854],[140.31662,38.45834],[140.31652,38.45796],[140.31784,38.45746],[140.3203,38.45857],[140.32184,38.45839],[140.3225,38.45799],[140.32212,38.45713],[140.32435,38.45641],[140.32762,38.45618],[140.32794,38.4559],[140.32574,38.4557],[140.32824,38.45561],[140.32883,38.45505],[140.32977,38.45588],[140.33244,38.4562],[140.33271,38.45792],[140.33697,38.45755],[140.33707,38.45795],[140.34045,38.45695],[140.34133,38.45636],[140.34211,38.45487],[140.34551,38.45785],[140.34658,38.45662],[140.34552,38.45486],[140.34632,38.45305],[140.34397,38.45172],[140.34184,38.44939],[140.34071,38.44901],[140.33879,38.44924],[140.33899,38.44886],[140.33785,38.44852],[140.3388,38.44664],[140.33772,38.4463],[140.34024,38.44153],[140.33936,38.43995],[140.3386,38.44023],[140.33835,38.43978],[140.33883,38.43942],[140.33844,38.43839],[140.33848,38.43533],[140.34714,38.43031],[140.34331,38.42646],[140.32784,38.42505],[140.32733,38.42322],[140.32742,38.42205],[140.3287,38.42204],[140.32946,38.42067],[140.33258,38.42097],[140.33301,38.42289],[140.33517,38.42368],[140.33745,38.42384],[140.33715,38.42232],[140.33749,38.4234],[140.33824,38.42323],[140.33675,38.41879],[140.33846,38.41831],[140.33778,38.41695],[140.33814,38.41573],[140.33762,38.41565],[140.33742,38.41422],[140.33686,38.4143],[140.33601,38.4132],[140.34092,38.41173],[140.34046,38.40897]]]}},{"type":"Feature","properties":{"id":"muni-06322","name":"西川町"},"geometry":{"type":"Polygon","coordinates":[[[140.09696,38.40708],[140.09255,38.40591],[140.08865,38.40666],[140.08744,38.40533],[140.08413,38.40509],[140.08295,38.40408],[140.08264,38.40312],[140.08051,38.4026],[140.07957,38.40026],[140.07811,38.39903],[140.07044,38.39554],[140.06921,38.3941],[140.06908,38.39316],[140.06697,38.39301],[140.06674,38.39149],[140.06744,38.38993],[140.06707,38.3868],[140.06661,38.38609],[140.06695,38.38505],[140.06336,38.38368],[140.06382,38.38205],[140.06264,38.3818],[140.06235,38.38073],[140.06095,38.38115],[140.06,38.38261],[140.05766,38.38332],[140.05596,38.38471],[140.05282,38.38526],[140.05148,38.38607],[140.04846,38.38634],[140.04754,38.38812],[140.04732,38.39024],[140.04591,38.39165],[140.04171,38.39287],[140.03901,38.39707],[140.035,38.39931],[140.03345,38.39931],[140.03227,38.40034],[140.02532,38.40308],[140.02353,38.40485],[140.01929,38.40365],[140.01862,38.40152],[140.01742,38.40039],[140.01362,38.39994],[140.0132,38.39731],[140.01225,38.39659],[140.0124,38.39388],[140.01154,38.39156],[140.0123,38.38888],[140.01138,38.38815],[140.01122,38.38722],[140.00965,38.38651],[140.01077,38.38401],[140.00853,38.38188],[140.00681,38.38144],[140.0053,38.38003],[140.00775,38.37608],[140.01017,38.3754],[140.01171,38.37421],[140.01,38.37284],[140.00973,38.37095],[140.00868,38.36978],[140.01025,38.36838],[140.01134,38.36597],[140.00893,38.36178],[140.00918,38.36051],[140.01024,38.35933],[140.00981,38.35801],[140.00722,38.35414],[140.00662,38.35147],[140.00745,38.3504],[140.00735,38.34908],[140.00831,38.34817],[140.00836,38.344],[140.00907,38.34307],[140.0078,38.34102],[140.00771,38.34004],[140.00869,38.33977],[140.00933,38.33775],[140.01022,38.33719],[140.00996,38.33577],[140.00832,38.33496],[140.00698,38.33338],[140.00296,38.3333],[140.00253,38.33219],[139.99989,38.33187],[139.9992,38.33094],[139.99791,38.33043],[139.99662,38.33037],[139.99583,38.33157],[139.99358,38.33312],[139.99229,38.33287],[139.99201,38.32992],[139.99109,38.32995],[139.98824,38.32849],[139.98866,38.32621],[139.98845,38.32375],[139.98732,38.32345],[139.9868,38.32115],[139.98336,38.32022],[139.98289,38.31933],[139.98141,38.31956],[139.97936,38.31813],[139.97787,38.318],[139.97444,38.3162],[139.97206,38.31416],[139.97129,38.31418],[139.97112,38.31478],[139.96662,38.31468],[139.96308,38.31581],[139.96109,38.31488],[139.96089,38.31443],[139.9616,38.31381],[139.96129,38.31333],[139.96209,38.31159],[139.95892,38.30959],[139.95643,38.30934],[139.95456,38.30749],[139.95416,38.30501],[139.95247,38.30323],[139.9522,38.30119],[139.95083,38.29991],[139.95175,38.29809],[139.95137,38.29356],[139.94965,38.29189],[139.94872,38.28943],[139.94785,38.2888],[139.94817,38.28762],[139.94789,38.28661],[139.94558,38.28419],[139.94713,38.28159],[139.9461,38.28015],[139.94624,38.27727],[139.94596,38.27576],[139.94498,38.27453],[139.94512,38.27351],[139.94412,38.27283],[139.94078,38.27223],[139.93866,38.26967],[139.93611,38.26942],[139.93224,38.26793],[139.92528,38.26662],[139.92366,38.26578],[139.92135,38.26333],[139.91738,38.26611],[139.91614,38.26772],[139.9158,38.26941],[139.91505,38.27003],[139.91335,38.2703],[139.91129,38.2726],[139.90654,38.27383],[139.90092,38.27617],[139.8992,38.27612],[139.8978,38.27812],[139.89812,38.28201],[139.89902,38.28398],[139.89889,38.28577],[139.89945,38.28704],[139.89862,38.29162],[139.89879,38.29301],[139.89223,38.2979],[139.88954,38.29911],[139.88837,38.30082],[139.8799,38.30298],[139.87922,38.30371],[139.879,38.30623],[139.87669,38.31015],[139.87661,38.31291],[139.87585,38.31347],[139.87499,38.31578],[139.87488,38.31671],[139.87568,38.31822],[139.87997,38.32195],[139.88064,38.32341],[139.88196,38.32385],[139.88296,38.32611],[139.88774,38.32825],[139.89085,38.33127],[139.89255,38.33193],[139.89582,38.33086],[139.89786,38.33221],[139.89833,38.33501],[139.89921,38.33629],[139.90141,38.33746],[139.9023,38.33931],[139.90306,38.33987],[139.90287,38.34208],[139.90486,38.34572],[139.90265,38.34859],[139.9048,38.35112],[139.90659,38.35237],[139.907,38.35325],[139.91035,38.35517],[139.91096,38.35748],[139.91458,38.36183],[139.91372,38.36281],[139.91742,38.36719],[139.91203,38.37306],[139.91293,38.37447],[139.91005,38.37945],[139.91099,38.3809],[139.91025,38.38263],[139.91187,38.38424],[139.91292,38.38674],[139.91648,38.38758],[139.91733,38.38923],[139.9194,38.39035],[139.92116,38.39267],[139.92127,38.39372],[139.9205,38.39445],[139.91786,38.40117],[139.91698,38.40213],[139.91655,38.40386],[139.9169,38.40644],[139.91439,38.41044],[139.91604,38.41298],[139.91615,38.41655],[139.91711,38.4174],[139.91704,38.4183],[139.91834,38.41881],[139.92222,38.41864],[139.92397,38.41984],[139.92721,38.42037],[139.92811,38.42219],[139.92976,38.42319],[139.92961,38.42673],[139.9313,38.42864],[139.93214,38.43171],[139.93365,38.43266],[139.93375,38.43331],[139.93511,38.43362],[139.93346,38.43418],[139.93442,38.43564],[139.93419,38.43697],[139.93327,38.43787],[139.93372,38.43839],[139.93312,38.4387],[139.93326,38.44063],[139.93422,38.44218],[139.93311,38.44649],[139.93348,38.44793],[139.93236,38.44846],[139.92943,38.44835],[139.92629,38.44911],[139.92513,38.44993],[139.92416,38.45215],[139.92488,38.45302],[139.92487,38.45511],[139.9292,38.45968],[139.92799,38.46183],[139.92869,38.46299],[139.92877,38.46422],[139.92762,38.46533],[139.93259,38.46972],[139.93182,38.47081],[139.92974,38.47174],[139.92926,38.47411],[139.92788,38.4741],[139.92864,38.47756],[139.92622,38.47978],[139.9276,38.48079],[139.9289,38.48082],[139.92994,38.48177],[139.93079,38.48191],[139.93263,38.48463],[139.93953,38.486],[139.94214,38.48899],[139.9419,38.48994],[139.93778,38.49272],[139.93686,38.49401],[139.93454,38.49455],[139.93438,38.49542],[139.93513,38.49661],[139.93475,38.49743],[139.93348,38.49823],[139.93356,38.49931],[139.93259,38.50078],[139.933,38.50184],[139.93204,38.50232],[139.93556,38.50484],[139.93691,38.50415],[139.93869,38.50425],[139.93943,38.50481],[139.94036,38.50454],[139.94299,38.50705],[139.94493,38.50618],[139.94749,38.50643],[139.94823,38.50819],[139.9518,38.50998],[139.95016,38.51154],[139.95031,38.51222],[139.95099,38.51308],[139.95353,38.51331],[139.95416,38.51531],[139.95619,38.5158],[139.95734,38.51666],[139.96424,38.51823],[139.96708,38.52104],[139.97462,38.52326],[139.97749,38.52564],[139.98115,38.5276],[139.98342,38.53009],[139.98673,38.53195],[139.98914,38.53475],[139.99303,38.53687],[139.99325,38.53813],[139.99523,38.53786],[139.99757,38.53878],[139.99856,38.53969],[140.00092,38.54005],[140.0042,38.54132],[140.00759,38.53937],[140.0082,38.53943],[140.01177,38.54181],[140.01211,38.54297],[140.01634,38.5448],[140.02015,38.54526],[140.0248,38.54685],[140.02648,38.54687],[140.02696,38.54517],[140.0302,38.54212],[140.03404,38.53659],[140.03601,38.53165],[140.03541,38.52983],[140.03598,38.52787],[140.03596,38.52494],[140.03694,38.52371],[140.03708,38.52117],[140.03831,38.52046],[140.03888,38.51951],[140.03916,38.518],[140.03607,38.51693],[140.03567,38.51295],[140.03703,38.51057],[140.03699,38.50807],[140.03542,38.50569],[140.03737,38.50511],[140.03862,38.50398],[140.03847,38.50275],[140.03914,38.50128],[140.04136,38.50114],[140.04179,38.49929],[140.04618,38.49874],[140.0503,38.49637],[140.05253,38.49746],[140.0562,38.49775],[140.05682,38.49998],[140.05967,38.49904],[140.06269,38.50009],[140.06403,38.50117],[140.06524,38.50364],[140.06665,38.50457],[140.07015,38.50419],[140.07455,38.50504],[140.07474,38.5066],[140.07664,38.50791],[140.07765,38.50969],[140.07923,38.51082],[140.08699,38.51253],[140.08967,38.51208],[140.09679,38.50851],[140.09794,38.50685],[140.1003,38.50558],[140.10078,38.50457],[140.10274,38.50367],[140.10426,38.50089],[140.10636,38.50052],[140.11343,38.49445],[140.11505,38.49369],[140.11798,38.4933],[140.12238,38.49376],[140.12278,38.49513],[140.12659,38.49693],[140.12433,38.49783],[140.12325,38.50017],[140.12318,38.5013],[140.125,38.50432],[140.12949,38.50572],[140.1335,38.50801],[140.13714,38.50831],[140.13872,38.50796],[140.14039,38.50875],[140.14166,38.50876],[140.14274,38.50942],[140.14353,38.51092],[140.14646,38.5128],[140.15098,38.51428],[140.15322,38.51066],[140.15691,38.50898],[140.15794,38.50804],[140.16071,38.50712],[140.16207,38.50582],[140.16342,38.50529],[140.16451,38.50233],[140.16977,38.50037],[140.17073,38.49929],[140.17077,38.49825],[140.17533,38.49485],[140.17679,38.49189],[140.17603,38.49104],[140.17601,38.48997],[140.17859,38.48989],[140.18005,38.48648],[140.18147,38.48556],[140.18224,38.48368],[140.18334,38.48316],[140.18568,38.48017],[140.18525,38.47836],[140.18862,38.47594],[140.18846,38.47516],[140.18688,38.47396],[140.18626,38.47284],[140.18431,38.47224],[140.18227,38.47088],[140.18149,38.46919],[140.18213,38.46761],[140.18086,38.46552],[140.18098,38.46428],[140.17975,38.46125],[140.18105,38.45876],[140.18228,38.45773],[140.18618,38.44843],[140.18545,38.44549],[140.18522,38.44135],[140.18896,38.43877],[140.19042,38.43858],[140.19153,38.43485],[140.19326,38.43575],[140.19709,38.43636],[140.19923,38.43529],[140.2013,38.4332],[140.20057,38.4332],[140.20004,38.43156],[140.20046,38.42951],[140.19868,38.42608],[140.19828,38.42212],[140.1957,38.4188],[140.19636,38.41801],[140.19556,38.41675],[140.19628,38.41654],[140.1964,38.41596],[140.19451,38.41486],[140.19538,38.41374],[140.19459,38.4125],[140.19381,38.41224],[140.19364,38.41121],[140.19753,38.4091],[140.20075,38.40655],[140.2055,38.40623],[140.20522,38.40527],[140.20563,38.40374],[140.20508,38.4028],[140.20172,38.40233],[140.19995,38.40276],[140.19876,38.40369],[140.19806,38.40322],[140.19814,38.40247],[140.19628,38.40167],[140.19358,38.40216],[140.19285,38.40302],[140.19056,38.40376],[140.18837,38.40397],[140.1874,38.40332],[140.18649,38.40091],[140.18379,38.40028],[140.18281,38.39926],[140.18156,38.39932],[140.18002,38.40028],[140.1773,38.40036],[140.17599,38.40145],[140.17323,38.40202],[140.16652,38.40056],[140.16239,38.40332],[140.15699,38.40242],[140.15278,38.40327],[140.1511,38.40201],[140.1501,38.40201],[140.14812,38.40292],[140.14748,38.40262],[140.14704,38.40372],[140.14357,38.40393],[140.14029,38.4078],[140.13909,38.40629],[140.13707,38.40557],[140.13537,38.40379],[140.13174,38.40293],[140.13023,38.40397],[140.12809,38.40438],[140.12303,38.4035],[140.12063,38.40395],[140.11895,38.4034],[140.11653,38.40157],[140.11444,38.40315],[140.11366,38.40456],[140.11163,38.40456],[140.10701,38.40683],[140.10477,38.40728],[140.09968,38.40641],[140.09696,38.40708]]]}},{"type":"Feature","properties":{"id":"muni-06323","name":"朝日町"},"geometry":{"type":"Polygon","coordinates":[[[140.07016,38.32076],[140.07178,38.31999],[140.07251,38.31887],[140.07393,38.31901],[140.07996,38.31542],[140.08162,38.31663],[140.0858,38.31704],[140.08758,38.31884],[140.0872,38.32173],[140.0881,38.32354],[140.08769,38.32509],[140.08841,38.32646],[140.09258,38.32882],[140.0941,38.33226],[140.09825,38.33581],[140.09775,38.33947],[140.09819,38.34032],[140.0998,38.34146],[140.10191,38.34037],[140.10378,38.34061],[140.10438,38.34195],[140.10403,38.34449],[140.10504,38.34593],[140.10698,38.34655],[140.10898,38.34794],[140.10857,38.35045],[140.11062,38.35046],[140.11408,38.34875],[140.1179,38.34912],[140.11953,38.34948],[140.121,38.35154],[140.12508,38.35194],[140.13002,38.35367],[140.13122,38.3534],[140.13404,38.35441],[140.13659,38.35389],[140.13729,38.35426],[140.13753,38.3538],[140.14023,38.35354],[140.14157,38.35285],[140.14261,38.3535],[140.14319,38.35265],[140.14304,38.35374],[140.14491,38.355],[140.1442,38.3561],[140.14526,38.35604],[140.14513,38.35657],[140.14583,38.35643],[140.14602,38.3574],[140.14688,38.35738],[140.1463,38.35784],[140.14674,38.35853],[140.14724,38.35777],[140.14823,38.35835],[140.14963,38.36017],[140.15096,38.3609],[140.15176,38.36308],[140.15421,38.3629],[140.15589,38.36216],[140.15536,38.36097],[140.15627,38.35988],[140.1603,38.35845],[140.16478,38.3587],[140.17043,38.35738],[140.17152,38.35743],[140.17283,38.3602],[140.17422,38.36079],[140.17424,38.36021],[140.17624,38.35808],[140.17657,38.35594],[140.17823,38.35475],[140.17885,38.35317],[140.17985,38.35266],[140.18468,38.35377],[140.18655,38.35258],[140.18869,38.35195],[140.1928,38.35438],[140.19737,38.35376],[140.19854,38.35262],[140.19858,38.34931],[140.19009,38.34558],[140.18723,38.34633],[140.18632,38.34579],[140.18626,38.34339],[140.18802,38.34043],[140.18854,38.3381],[140.18482,38.33372],[140.18411,38.32918],[140.18246,38.32788],[140.18142,38.32548],[140.18235,38.32448],[140.18435,38.32424],[140.19222,38.32832],[140.19392,38.32827],[140.19582,38.32901],[140.19617,38.328],[140.19728,38.32759],[140.19796,38.32829],[140.1989,38.32817],[140.19835,38.32685],[140.19656,38.32631],[140.19776,38.32531],[140.19622,38.32556],[140.19651,38.32513],[140.19565,38.32467],[140.19579,38.32389],[140.19387,38.32359],[140.19435,38.32334],[140.19367,38.32302],[140.19405,38.3222],[140.19306,38.32225],[140.19188,38.32],[140.19173,38.31874],[140.19244,38.31809],[140.18926,38.31597],[140.18888,38.31453],[140.18908,38.31115],[140.19214,38.30719],[140.19376,38.30629],[140.19314,38.30483],[140.1905,38.30355],[140.19012,38.3025],[140.19177,38.3011],[140.19233,38.29973],[140.19208,38.29888],[140.19399,38.29714],[140.19525,38.29239],[140.1933,38.29198],[140.18985,38.28999],[140.18742,38.29054],[140.1845,38.29385],[140.18257,38.29474],[140.18213,38.29368],[140.18076,38.29316],[140.17913,38.28962],[140.17927,38.28856],[140.18054,38.28782],[140.18088,38.28486],[140.17777,38.28652],[140.17516,38.28482],[140.17123,38.28364],[140.16797,38.28012],[140.16656,38.27648],[140.16149,38.27536],[140.16277,38.27359],[140.16258,38.27249],[140.16299,38.27162],[140.16123,38.26796],[140.16055,38.26535],[140.15826,38.26295],[140.15711,38.26004],[140.15531,38.25887],[140.15385,38.25607],[140.15662,38.2523],[140.15539,38.24974],[140.15327,38.24865],[140.15209,38.24608],[140.15311,38.24445],[140.152,38.24307],[140.15031,38.24423],[140.14967,38.24397],[140.14349,38.24482],[140.14375,38.2457],[140.14442,38.24607],[140.14563,38.24497],[140.15107,38.24437],[140.15079,38.24531],[140.14916,38.24679],[140.14862,38.24859],[140.14685,38.24952],[140.14698,38.25056],[140.14488,38.25349],[140.14353,38.25414],[140.14154,38.25417],[140.14167,38.25564],[140.13978,38.25647],[140.13931,38.25509],[140.13648,38.25355],[140.1336,38.2549],[140.13007,38.25579],[140.12858,38.25695],[140.12749,38.25719],[140.12627,38.25655],[140.1248,38.25691],[140.12239,38.25362],[140.11895,38.25229],[140.11545,38.24978],[140.11544,38.249],[140.11453,38.24774],[140.11345,38.24752],[140.111,38.25033],[140.10607,38.25214],[140.10569,38.25107],[140.10432,38.24989],[140.09545,38.24627],[140.09434,38.24362],[140.09213,38.24154],[140.09094,38.24206],[140.09066,38.24142],[140.09,38.24139],[140.0891,38.24188],[140.08882,38.24283],[140.08785,38.2431],[140.08669,38.24424],[140.08688,38.24551],[140.08624,38.24779],[140.08716,38.24887],[140.08645,38.25021],[140.08215,38.25329],[140.07831,38.25811],[140.07665,38.25869],[140.07517,38.26092],[140.07437,38.26354],[140.07318,38.26401],[140.07199,38.26688],[140.07104,38.26726],[140.07143,38.26906],[140.07062,38.2701],[140.06763,38.2671],[140.06436,38.26565],[140.06288,38.26589],[140.05751,38.26259],[140.05534,38.26196],[140.05043,38.2563],[140.04819,38.25486],[140.04789,38.2521],[140.04716,38.25145],[140.04687,38.25044],[140.0472,38.25014],[140.04556,38.2468],[140.0418,38.2444],[140.0387,38.24593],[140.0371,38.24629],[140.0348,38.24574],[140.03262,38.24727],[140.02917,38.24766],[140.02584,38.24709],[140.02435,38.24509],[140.02261,38.24391],[140.01811,38.24486],[140.0125,38.24335],[140.01291,38.24053],[140.01262,38.23958],[140.00884,38.23664],[140.00921,38.23532],[140.00776,38.23438],[140.00765,38.23349],[140.00824,38.23276],[140.00685,38.23165],[140.00759,38.23019],[140.00671,38.2295],[140.00701,38.22835],[140.00398,38.22589],[140.00049,38.22509],[139.9989,38.22283],[139.99885,38.22035],[139.99793,38.21949],[139.99703,38.21743],[139.99552,38.21617],[139.99648,38.21433],[139.99647,38.21317],[139.99603,38.21178],[139.99407,38.21014],[139.99414,38.20807],[139.99354,38.20678],[139.9942,38.20547],[139.99211,38.20376],[139.99187,38.2024],[139.99059,38.20123],[139.99043,38.20028],[139.9887,38.1993],[139.98864,38.19818],[139.98942,38.19684],[139.99031,38.19648],[139.99151,38.19472],[139.99419,38.1927],[139.99419,38.19056],[139.99242,38.18958],[139.99264,38.18802],[139.99089,38.18788],[139.98871,38.18651],[139.98526,38.18258],[139.98409,38.18216],[139.98188,38.18328],[139.97878,38.1805],[139.97788,38.18057],[139.97753,38.18171],[139.97544,38.1826],[139.97446,38.18433],[139.97042,38.18466],[139.96919,38.18681],[139.96844,38.18712],[139.96713,38.19007],[139.96824,38.19162],[139.96595,38.19204],[139.96106,38.19459],[139.9615,38.19654],[139.95994,38.19692],[139.95788,38.199],[139.95806,38.20067],[139.96112,38.20341],[139.95791,38.20443],[139.95552,38.20592],[139.95374,38.20563],[139.95123,38.20646],[139.94786,38.20599],[139.94562,38.20726],[139.94347,38.20757],[139.94086,38.2088],[139.94214,38.21484],[139.94511,38.21879],[139.94481,38.21947],[139.94528,38.22098],[139.9409,38.22282],[139.94102,38.22356],[139.94257,38.22466],[139.94287,38.22546],[139.94488,38.2268],[139.94423,38.22826],[139.94442,38.23054],[139.9413,38.23098],[139.93804,38.23256],[139.93368,38.23329],[139.93177,38.23453],[139.92989,38.23756],[139.92672,38.23819],[139.92381,38.23942],[139.91911,38.24397],[139.91864,38.24536],[139.91666,38.24656],[139.91646,38.24953],[139.9169,38.25056],[139.91607,38.25414],[139.91884,38.25644],[139.91981,38.25817],[139.92227,38.2605],[139.92135,38.26166],[139.92106,38.26305],[139.92366,38.26578],[139.92528,38.26662],[139.93224,38.26793],[139.93611,38.26942],[139.93851,38.26961],[139.94078,38.27223],[139.94412,38.27283],[139.94515,38.27352],[139.94912,38.27247],[139.95156,38.27255],[139.9541,38.27031],[139.95707,38.26925],[139.96201,38.26945],[139.96352,38.27019],[139.96578,38.27009],[139.96696,38.27102],[139.96775,38.271],[139.97083,38.27274],[139.97058,38.27485],[139.97225,38.27688],[139.97415,38.27798],[139.97527,38.28025],[139.97566,38.28338],[139.97689,38.28531],[139.9789,38.28664],[139.97965,38.28804],[139.98382,38.28917],[139.98914,38.29147],[139.99062,38.29149],[139.9934,38.29243],[139.99459,38.29385],[139.99768,38.29418],[139.99969,38.29699],[140.00342,38.2992],[140.00347,38.30042],[140.00405,38.30106],[140.00783,38.30082],[140.00828,38.30193],[140.00762,38.30383],[140.00767,38.3063],[140.00848,38.30658],[140.00957,38.30803],[140.01054,38.30797],[140.0144,38.31226],[140.01323,38.31419],[140.01981,38.31463],[140.02004,38.31317],[140.02377,38.31087],[140.02354,38.30958],[140.02273,38.30845],[140.02455,38.30605],[140.02385,38.30476],[140.02509,38.3024],[140.02608,38.30203],[140.02665,38.30082],[140.02846,38.3008],[140.02932,38.29914],[140.03539,38.30283],[140.03804,38.30303],[140.04236,38.30475],[140.04491,38.30736],[140.04776,38.31253],[140.04737,38.31484],[140.0493,38.31459],[140.05226,38.31567],[140.05258,38.31776],[140.05426,38.3203],[140.06257,38.32233],[140.0654,38.3219],[140.0686,38.32329],[140.06993,38.3225],[140.07016,38.32076]]]}},{"type":"Feature","properties":{"id":"muni-06324","name":"大江町"},"geometry":{"type":"MultiPolygon","coordinates":[[[[140.09258,38.32882],[140.08855,38.32659],[140.08813,38.32596],[140.08768,38.32491],[140.0881,38.32354],[140.0872,38.32173],[140.08758,38.31884],[140.08688,38.31797],[140.0858,38.31704],[140.08162,38.31663],[140.08005,38.31541],[140.07393,38.31901],[140.07251,38.31887],[140.07178,38.31999],[140.07016,38.32076],[140.06993,38.3225],[140.06918,38.32325],[140.0654,38.3219],[140.06257,38.32233],[140.05426,38.3203],[140.05258,38.31776],[140.05226,38.31567],[140.0493,38.31459],[140.04737,38.31484],[140.04776,38.31253],[140.04491,38.30736],[140.04236,38.30475],[140.03804,38.30303],[140.03539,38.30283],[140.02932,38.29914],[140.02846,38.3008],[140.02665,38.30082],[140.02608,38.30203],[140.02509,38.3024],[140.02385,38.30476],[140.02455,38.30605],[140.02273,38.30845],[140.02354,38.30958],[140.02377,38.31087],[140.02004,38.31317],[140.01981,38.31463],[140.01323,38.31419],[140.0144,38.31226],[140.01054,38.30797],[140.00957,38.30803],[140.00848,38.30658],[140.00767,38.3063],[140.00762,38.30383],[140.00828,38.30193],[140.00783,38.30082],[140.00405,38.30106],[140.00347,38.30042],[140.00342,38.2992],[139.99969,38.29699],[139.99768,38.29418],[139.99459,38.29385],[139.9934,38.29243],[139.99062,38.29149],[139.98914,38.29147],[139.98382,38.28917],[139.97965,38.28804],[139.9789,38.28664],[139.97689,38.28531],[139.97566,38.28338],[139.97527,38.28025],[139.97415,38.27798],[139.97225,38.27688],[139.97058,38.27485],[139.97073,38.27264],[139.96578,38.27009],[139.96352,38.27019],[139.9622,38.26949],[139.95836,38.26914],[139.9541,38.27031],[139.95156,38.27255],[139.94912,38.27247],[139.94512,38.27351],[139.94498,38.27453],[139.94596,38.27576],[139.94624,38.27727],[139.9461,38.28015],[139.94713,38.28159],[139.94558,38.28419],[139.94789,38.28661],[139.94817,38.28762],[139.94785,38.2888],[139.94872,38.28943],[139.94965,38.29189],[139.95137,38.29356],[139.95175,38.29809],[139.95083,38.29991],[139.9522,38.30119],[139.95247,38.30323],[139.95416,38.30501],[139.95456,38.30749],[139.95643,38.30934],[139.95892,38.30959],[139.96209,38.31159],[139.96129,38.31333],[139.9616,38.31381],[139.96089,38.31443],[139.96109,38.31488],[139.96308,38.31581],[139.96662,38.31468],[139.97112,38.31478],[139.97129,38.31418],[139.97206,38.31416],[139.97444,38.3162],[139.97787,38.318],[139.97936,38.31813],[139.98141,38.31956],[139.98289,38.31933],[139.98336,38.32022],[139.9868,38.32115],[139.98732,38.32345],[139.98845,38.32375],[139.98866,38.32621],[139.98824,38.32849],[139.99109,38.32995],[139.99201,38.32992],[139.99229,38.33287],[139.99358,38.33312],[139.99583,38.33157],[139.99662,38.33037],[139.99791,38.33043],[139.9992,38.33094],[139.99989,38.33187],[140.00253,38.33219],[140.00296,38.3333],[140.00698,38.33338],[140.00832,38.33496],[140.00996,38.33577],[140.01022,38.33719],[140.00933,38.33775],[140.00869,38.33977],[140.00771,38.34004],[140.0078,38.34102],[140.00907,38.34307],[140.00836,38.344],[140.00831,38.34817],[140.00735,38.34908],[140.00745,38.3504],[140.00662,38.35147],[140.00722,38.35414],[140.00981,38.35801],[140.01024,38.35933],[140.00918,38.36051],[140.00893,38.36178],[140.01134,38.36597],[140.01025,38.36838],[140.00868,38.36978],[140.00973,38.37095],[140.01,38.37284],[140.01171,38.37421],[140.01017,38.3754],[140.00775,38.37608],[140.0053,38.38003],[140.00681,38.38144],[140.00853,38.38188],[140.01077,38.38401],[140.00965,38.38651],[140.01122,38.38722],[140.01138,38.38815],[140.0123,38.38888],[140.01154,38.39156],[140.0124,38.39388],[140.01225,38.39659],[140.0132,38.39731],[140.01357,38.39989],[140.01742,38.40039],[140.01849,38.40129],[140.01901,38.40335],[140.01977,38.40391],[140.02345,38.40487],[140.02532,38.40308],[140.03227,38.40034],[140.03345,38.39931],[140.03525,38.3992],[140.03906,38.39703],[140.04171,38.39287],[140.04591,38.39165],[140.04742,38.39006],[140.04754,38.38812],[140.04846,38.38634],[140.05148,38.38607],[140.05282,38.38526],[140.05596,38.38471],[140.05766,38.38332],[140.06,38.38261],[140.06095,38.38115],[140.06219,38.38072],[140.06264,38.3818],[140.0638,38.38199],[140.06344,38.38375],[140.06695,38.38505],[140.06661,38.38609],[140.06707,38.3868],[140.06744,38.38993],[140.06674,38.39149],[140.06697,38.39301],[140.06908,38.39316],[140.06921,38.3941],[140.07044,38.39554],[140.07811,38.39903],[140.07957,38.40026],[140.08051,38.4026],[140.08264,38.40312],[140.08295,38.40408],[140.08413,38.40509],[140.08744,38.40533],[140.08865,38.40666],[140.09255,38.40591],[140.09684,38.40709],[140.09968,38.40641],[140.10477,38.40728],[140.10701,38.40683],[140.11163,38.40456],[140.11366,38.40456],[140.11444,38.40315],[140.11653,38.40157],[140.11895,38.4034],[140.12063,38.40395],[140.12303,38.4035],[140.12809,38.40438],[140.13023,38.40397],[140.13174,38.40293],[140.13537,38.40379],[140.13707,38.40557],[140.13909,38.40629],[140.14042,38.4078],[140.14357,38.40393],[140.14704,38.40372],[140.14748,38.40262],[140.14812,38.40292],[140.1501,38.40201],[140.1511,38.40201],[140.15278,38.40327],[140.15699,38.40242],[140.16239,38.40332],[140.16652,38.40056],[140.17323,38.40202],[140.17599,38.40145],[140.1773,38.40036],[140.18002,38.40028],[140.18156,38.39932],[140.18195,38.39635],[140.18436,38.39511],[140.18584,38.39487],[140.18608,38.39388],[140.19035,38.39215],[140.19069,38.39138],[140.1975,38.39116],[140.20128,38.39294],[140.20712,38.39298],[140.21618,38.38947],[140.21841,38.38765],[140.21788,38.38547],[140.2183,38.38505],[140.21773,38.38441],[140.21812,38.38394],[140.21737,38.38365],[140.21845,38.38254],[140.21922,38.38062],[140.21802,38.38016],[140.21572,38.38323],[140.21482,38.38404],[140.21411,38.3839],[140.21348,38.38327],[140.21313,38.3802],[140.20957,38.37655],[140.21345,38.36966],[140.21502,38.36874],[140.21821,38.36874],[140.2186,38.36727],[140.21946,38.36703],[140.2195,38.36455],[140.22074,38.36308],[140.22188,38.36464],[140.22233,38.36264],[140.2241,38.35927],[140.2259,38.35821],[140.22603,38.35665],[140.2251,38.35549],[140.22442,38.35176],[140.2238,38.35114],[140.2245,38.34916],[140.22326,38.34655],[140.22158,38.34561],[140.22122,38.34368],[140.22253,38.34245],[140.22255,38.34085],[140.22196,38.33974],[140.22266,38.3368],[140.22166,38.33565],[140.2218,38.33475],[140.22018,38.33393],[140.22047,38.33289],[140.21948,38.3317],[140.21969,38.3309],[140.21893,38.32922],[140.2153,38.33035],[140.20814,38.33554],[140.2074,38.33461],[140.20675,38.33206],[140.2057,38.33164],[140.2042,38.32983],[140.20413,38.32859],[140.20338,38.32882],[140.20305,38.32845],[140.20234,38.32887],[140.20172,38.32804],[140.19796,38.32829],[140.19728,38.32759],[140.19617,38.328],[140.196,38.32893],[140.19471,38.32882],[140.19431,38.32835],[140.19196,38.32821],[140.18459,38.32431],[140.18206,38.3246],[140.18142,38.32548],[140.18246,38.32788],[140.18411,38.32918],[140.18468,38.33345],[140.18854,38.3381],[140.18802,38.34043],[140.18626,38.34339],[140.18632,38.34579],[140.18723,38.34633],[140.19009,38.34558],[140.19858,38.34931],[140.19868,38.35162],[140.19819,38.35334],[140.1928,38.35438],[140.18869,38.35195],[140.18655,38.35258],[140.18468,38.35377],[140.17985,38.35266],[140.17885,38.35317],[140.17823,38.35475],[140.17657,38.35594],[140.17624,38.35808],[140.17424,38.36021],[140.17422,38.36079],[140.17283,38.3602],[140.17152,38.35743],[140.17043,38.35738],[140.16478,38.3587],[140.1603,38.35845],[140.15627,38.35988],[140.15536,38.36097],[140.15589,38.36216],[140.15421,38.3629],[140.15183,38.3631],[140.15096,38.3609],[140.14963,38.36017],[140.14823,38.35835],[140.14724,38.35777],[140.14674,38.35853],[140.1463,38.35784],[140.14688,38.35738],[140.14602,38.3574],[140.14583,38.35643],[140.14513,38.35657],[140.14526,38.35604],[140.1442,38.3561],[140.14491,38.355],[140.14304,38.35374],[140.14319,38.35265],[140.14261,38.3535],[140.14157,38.35285],[140.14023,38.35354],[140.13753,38.3538],[140.13729,38.35426],[140.13659,38.35389],[140.13404,38.35441],[140.13122,38.3534],[140.13002,38.35367],[140.12508,38.35194],[140.121,38.35154],[140.11953,38.34948],[140.1179,38.34912],[140.11408,38.34875],[140.11062,38.35046],[140.10857,38.35045],[140.10898,38.34794],[140.10698,38.34655],[140.10504,38.34593],[140.10403,38.34449],[140.10438,38.34195],[140.10367,38.34048],[140.10165,38.34043],[140.0998,38.34146],[140.09793,38.34007],[140.09825,38.33581],[140.0941,38.33226],[140.09258,38.32882]]],[[[140.22593,38.37598],[140.22714,38.37404],[140.22907,38.37224],[140.23288,38.3708],[140.22835,38.37201],[140.2254,38.37434],[140.22521,38.37525],[140.22408,38.3757],[140.22455,38.37671],[140.22386,38.37696],[140.22446,38.37746],[140.22532,38.37655],[140.225,38.37614],[140.22593,38.37598]]],[[[140.23202,38.37606],[140.23126,38.37553],[140.23099,38.37555],[140.2309,38.37615],[140.23202,38.37606]]],[[[140.22621,38.37971],[140.22776,38.37997],[140.22662,38.37935],[140.22693,38.37907],[140.22795,38.37981],[140.22898,38.37942],[140.22885,38.37883],[140.22979,38.37797],[140.2299,38.37682],[140.23178,38.37679],[140.23185,38.37646],[140.22966,38.37642],[140.22972,38.37598],[140.2288,38.37531],[140.22779,38.37618],[140.2289,38.37661],[140.22823,38.37719],[140.22761,38.37635],[140.22646,38.37736],[140.22585,38.37696],[140.22539,38.37736],[140.22667,38.37849],[140.2253,38.37974],[140.22451,38.37892],[140.2242,38.3792],[140.22467,38.37951],[140.22371,38.37962],[140.22424,38.3803],[140.22558,38.38025],[140.22621,38.37971]]],[[[140.22086,38.38026],[140.22166,38.38061],[140.2222,38.37976],[140.22311,38.3801],[140.22342,38.37984],[140.22238,38.37945],[140.22281,38.37818],[140.22345,38.37848],[140.22355,38.37807],[140.22225,38.3775],[140.22187,38.37779],[140.2227,38.37822],[140.22185,38.37978],[140.22093,38.37955],[140.22125,38.3783],[140.21964,38.38017],[140.22019,38.38098],[140.22086,38.38026]]],[[[140.23099,38.37871],[140.23067,38.37933],[140.22969,38.3794],[140.22967,38.3801],[140.23113,38.38006],[140.23183,38.37952],[140.2318,38.3786],[140.23099,38.37871]]],[[[140.22356,38.38083],[140.2228,38.38056],[140.22278,38.38076],[140.22356,38.38083]]],[[[140.26277,38.35337],[140.26166,38.35379],[140.26221,38.35464],[140.26332,38.35419],[140.26277,38.35337]]],[[[140.26826,38.35468],[140.26859,38.35553],[140.26811,38.35547],[140.2681,38.35587],[140.26896,38.35588],[140.26882,38.35529],[140.27,38.35527],[140.26992,38.35429],[140.26826,38.35468]]],[[[140.26805,38.35603],[140.26746,38.35576],[140.26786,38.35602],[140.26764,38.35701],[140.26817,38.35701],[140.26773,38.35719],[140.26807,38.35755],[140.26842,38.35707],[140.26875,38.35733],[140.26896,38.35596],[140.26805,38.35603]]],[[[140.23947,38.37065],[140.24017,38.37095],[140.2404,38.37052],[140.23947,38.37065]]],[[[140.23383,38.37783],[140.23233,38.37662],[140.23215,38.37695],[140.23302,38.3772],[140.23254,38.37734],[140.23276,38.37804],[140.23383,38.37783]]],[[[140.233,38.38015],[140.23327,38.38073],[140.23355,38.38024],[140.233,38.38015]]],[[[140.23811,38.38209],[140.23744,38.38141],[140.23672,38.38193],[140.23921,38.38278],[140.24006,38.38343],[140.24166,38.38614],[140.24207,38.38594],[140.24229,38.38647],[140.24274,38.38618],[140.24182,38.38402],[140.24277,38.38225],[140.2421,38.38208],[140.24126,38.38267],[140.24093,38.38209],[140.24263,38.38148],[140.24245,38.38099],[140.2419,38.38111],[140.24212,38.38],[140.2451,38.37964],[140.24445,38.37606],[140.24075,38.3765],[140.2404,38.37698],[140.23675,38.37467],[140.23591,38.37551],[140.23362,38.37542],[140.23332,38.37647],[140.23688,38.37712],[140.23644,38.37715],[140.23627,38.37815],[140.23448,38.37831],[140.23378,38.38003],[140.23403,38.38091],[140.23336,38.38147],[140.23532,38.3812],[140.23508,38.38039],[140.23433,38.37999],[140.2346,38.37934],[140.23639,38.37943],[140.23567,38.38011],[140.23723,38.37994],[140.23676,38.38104],[140.23794,38.38082],[140.23868,38.3822],[140.23811,38.38209]]]]}},{"type":"Feature","properties":{"id":"muni-06341","name":"大石田町"},"geometry":{"type":"MultiPolygon","coordinates":[[[[140.38778,38.56687],[140.3852,38.56402],[140.38411,38.56125],[140.38244,38.55486],[140.37907,38.54745],[140.37832,38.54447],[140.37069,38.54632],[140.37062,38.54382],[140.36986,38.54345],[140.36932,38.54386],[140.36909,38.54626],[140.36774,38.54992],[140.36652,38.5516],[140.36104,38.55131],[140.35818,38.5539],[140.35362,38.55551],[140.35226,38.55397],[140.35173,38.55373],[140.3516,38.55419],[140.35115,38.55412],[140.34996,38.55282],[140.34751,38.55233],[140.34739,38.55321],[140.34479,38.55341],[140.3446,38.55406],[140.34549,38.5551],[140.34817,38.5557],[140.34814,38.55631],[140.34632,38.55628],[140.34593,38.55724],[140.34201,38.55755],[140.33787,38.56136],[140.3355,38.56251],[140.32851,38.56317],[140.32789,38.56383],[140.3279,38.5652],[140.32623,38.56697],[140.3258,38.56886],[140.32218,38.57142],[140.31873,38.57257],[140.31729,38.57385],[140.31747,38.57602],[140.31683,38.57685],[140.31378,38.57895],[140.31188,38.57863],[140.31156,38.57774],[140.31003,38.57663],[140.30584,38.57726],[140.30428,38.57899],[140.30302,38.57869],[140.30041,38.57785],[140.29756,38.57496],[140.29687,38.57483],[140.29341,38.57736],[140.29223,38.57768],[140.28624,38.57388],[140.28263,38.57052],[140.28247,38.56907],[140.28108,38.56898],[140.27991,38.56793],[140.27728,38.56714],[140.27512,38.56709],[140.27161,38.5682],[140.26728,38.56829],[140.26478,38.56905],[140.26017,38.57205],[140.25858,38.57248],[140.25451,38.57235],[140.25228,38.57157],[140.25047,38.57178],[140.24652,38.56999],[140.24682,38.57215],[140.24738,38.57301],[140.24853,38.57364],[140.25472,38.57458],[140.25585,38.57588],[140.25668,38.57954],[140.2578,38.57978],[140.25797,38.58056],[140.25993,38.58216],[140.26103,38.58227],[140.26292,38.5838],[140.26541,38.58475],[140.26578,38.58521],[140.26542,38.58583],[140.26621,38.58628],[140.26693,38.58782],[140.26724,38.58974],[140.26904,38.5901],[140.26878,38.59118],[140.27043,38.59198],[140.27115,38.59299],[140.27001,38.59358],[140.26987,38.59419],[140.27076,38.5952],[140.27294,38.59606],[140.27345,38.59809],[140.27482,38.59936],[140.27584,38.60332],[140.28042,38.60353],[140.28082,38.60428],[140.28049,38.60528],[140.28245,38.60488],[140.28488,38.60605],[140.28611,38.60567],[140.288,38.60608],[140.28908,38.60668],[140.29024,38.60839],[140.29108,38.60816],[140.29424,38.60952],[140.29436,38.61005],[140.29678,38.61125],[140.29758,38.61127],[140.29792,38.61197],[140.30078,38.61319],[140.30281,38.61512],[140.30224,38.61697],[140.30281,38.61807],[140.30114,38.62031],[140.30041,38.62425],[140.30077,38.62643],[140.30013,38.63153],[140.3009,38.6323],[140.30025,38.63303],[140.30104,38.63492],[140.29999,38.63636],[140.30015,38.63877],[140.29932,38.64028],[140.2996,38.6413],[140.30236,38.64198],[140.30483,38.64336],[140.30877,38.64276],[140.30938,38.64354],[140.31237,38.64443],[140.3149,38.64682],[140.31721,38.64827],[140.32063,38.64787],[140.32253,38.64651],[140.32284,38.64883],[140.32457,38.64909],[140.32455,38.65004],[140.32508,38.65056],[140.32736,38.64986],[140.32863,38.64862],[140.3309,38.64749],[140.33683,38.64593],[140.33991,38.64669],[140.34183,38.64869],[140.34386,38.64897],[140.34476,38.64865],[140.3457,38.64926],[140.35073,38.65023],[140.3536,38.64973],[140.35225,38.64643],[140.34976,38.64377],[140.34623,38.64219],[140.3507,38.64086],[140.34983,38.63906],[140.35299,38.63931],[140.35376,38.64103],[140.3581,38.63857],[140.36038,38.64107],[140.36108,38.64066],[140.36152,38.64118],[140.36259,38.64111],[140.36223,38.64045],[140.36267,38.64047],[140.36298,38.63939],[140.36339,38.6394],[140.36291,38.6387],[140.366,38.6398],[140.3692,38.63638],[140.37066,38.63265],[140.37055,38.63132],[140.37228,38.62898],[140.37154,38.62833],[140.37178,38.62724],[140.37487,38.62804],[140.37513,38.62834],[140.37433,38.6291],[140.37548,38.63007],[140.37635,38.62908],[140.38106,38.62769],[140.38084,38.62439],[140.37669,38.62061],[140.37636,38.61788],[140.37912,38.61518],[140.37919,38.61321],[140.37748,38.61046],[140.37564,38.60998],[140.37648,38.60874],[140.37767,38.60923],[140.37829,38.60829],[140.37929,38.60557],[140.37843,38.60526],[140.38031,38.60272],[140.37905,38.60228],[140.38061,38.599],[140.38041,38.59825],[140.37886,38.59832],[140.3776,38.59947],[140.3773,38.59867],[140.37809,38.59848],[140.37765,38.59775],[140.37854,38.59666],[140.37901,38.59675],[140.37883,38.59641],[140.37976,38.5961],[140.38041,38.59448],[140.38343,38.59183],[140.38373,38.59113],[140.38326,38.59094],[140.38414,38.58931],[140.38368,38.58883],[140.38449,38.58859],[140.38508,38.58916],[140.38634,38.58906],[140.38727,38.58977],[140.39171,38.58944],[140.39381,38.58992],[140.39723,38.58735],[140.39924,38.58893],[140.40191,38.58912],[140.40195,38.58828],[140.40132,38.58768],[140.40192,38.58595],[140.40124,38.58487],[140.40134,38.58369],[140.40065,38.58377],[140.40039,38.58092],[140.39934,38.57897],[140.40057,38.57894],[140.40061,38.57777],[140.40264,38.57783],[140.40223,38.57737],[140.40031,38.57712],[140.40007,38.57775],[140.39946,38.5778],[140.39985,38.57674],[140.40227,38.57662],[140.4036,38.57534],[140.40393,38.57311],[140.40325,38.57296],[140.40389,38.57268],[140.40374,38.57182],[140.40187,38.5696],[140.40331,38.56951],[140.40273,38.56939],[140.40316,38.56887],[140.40192,38.56931],[140.39931,38.56859],[140.39823,38.569],[140.39722,38.56638],[140.39447,38.56599],[140.39349,38.56745],[140.39211,38.56763],[140.39172,38.56819],[140.39069,38.56794],[140.39089,38.56993],[140.39036,38.57017],[140.38943,38.5699],[140.38778,38.56687]]],[[[140.36666,38.65481],[140.36685,38.65503],[140.3669,38.65487],[140.36666,38.65481]]]]}},{"type":"Feature","properties":{"id":"muni-06361","name":"金山町"},"geometry":{"type":"Polygon","coordinates":[[[140.2939,38.85644],[140.2929,38.85684],[140.29006,38.86098],[140.29122,38.86167],[140.29265,38.86093],[140.29451,38.86188],[140.29721,38.86232],[140.29809,38.86397],[140.29055,38.86855],[140.28841,38.86914],[140.28605,38.86904],[140.28357,38.873],[140.28156,38.875],[140.28117,38.87577],[140.28244,38.87904],[140.28501,38.88301],[140.28513,38.89057],[140.2823,38.89066],[140.28203,38.88981],[140.28053,38.88907],[140.2817,38.89],[140.2818,38.89096],[140.28564,38.89129],[140.28904,38.89359],[140.28973,38.89558],[140.29135,38.89777],[140.29076,38.89904],[140.29166,38.90145],[140.29051,38.90199],[140.29049,38.90274],[140.2927,38.90403],[140.29339,38.90641],[140.295,38.90708],[140.29572,38.90815],[140.29555,38.90996],[140.29592,38.91084],[140.295,38.91162],[140.29246,38.91179],[140.29054,38.91485],[140.29027,38.91618],[140.28886,38.91673],[140.28906,38.91764],[140.28777,38.91985],[140.28836,38.92234],[140.28922,38.92379],[140.28923,38.92576],[140.29003,38.9268],[140.29033,38.92989],[140.29112,38.93081],[140.29085,38.93345],[140.29406,38.93663],[140.29574,38.93686],[140.29809,38.93904],[140.30157,38.94032],[140.30279,38.94332],[140.30652,38.94553],[140.30875,38.94933],[140.31234,38.94964],[140.31323,38.95229],[140.31718,38.95389],[140.31872,38.9555],[140.32032,38.95627],[140.32703,38.95738],[140.32871,38.95691],[140.32966,38.95611],[140.33178,38.95589],[140.33686,38.95779],[140.34016,38.95607],[140.3436,38.95596],[140.35299,38.96215],[140.35526,38.96277],[140.35724,38.96449],[140.36061,38.96502],[140.36458,38.96428],[140.36597,38.96351],[140.36813,38.9649],[140.37245,38.96164],[140.37387,38.96159],[140.37508,38.96062],[140.37711,38.96001],[140.37843,38.96022],[140.38047,38.95969],[140.38359,38.9569],[140.38503,38.95759],[140.38923,38.9575],[140.39349,38.95838],[140.39602,38.95651],[140.39636,38.95551],[140.40079,38.95271],[140.40086,38.95136],[140.40332,38.95019],[140.4042,38.95002],[140.40704,38.95087],[140.40918,38.95218],[140.41039,38.95033],[140.41445,38.9487],[140.41706,38.94865],[140.41782,38.94621],[140.41767,38.94267],[140.42026,38.94224],[140.42264,38.94098],[140.42377,38.93847],[140.4242,38.93513],[140.42846,38.93314],[140.43156,38.93559],[140.43415,38.93667],[140.43495,38.93844],[140.43684,38.94002],[140.44131,38.94135],[140.44377,38.94363],[140.446,38.94398],[140.44959,38.94556],[140.45138,38.94428],[140.4512,38.94083],[140.45162,38.93768],[140.4554,38.93624],[140.45836,38.93387],[140.45813,38.93132],[140.45929,38.92823],[140.46191,38.92569],[140.46233,38.92463],[140.4626,38.92199],[140.46189,38.9208],[140.46211,38.91955],[140.46388,38.91884],[140.46461,38.91752],[140.46651,38.91661],[140.47169,38.91507],[140.47391,38.91611],[140.47949,38.91474],[140.48169,38.91655],[140.48246,38.91666],[140.48463,38.912],[140.48761,38.91051],[140.49014,38.90798],[140.49245,38.90654],[140.49212,38.90459],[140.49241,38.90217],[140.4904,38.90166],[140.48686,38.90267],[140.4862,38.90248],[140.4798,38.89803],[140.47804,38.89622],[140.47536,38.89618],[140.47239,38.89475],[140.47074,38.89277],[140.46733,38.89186],[140.46538,38.88809],[140.46244,38.88824],[140.46098,38.88784],[140.45845,38.88524],[140.45746,38.88522],[140.45605,38.88433],[140.4533,38.88437],[140.45169,38.88281],[140.4485,38.88133],[140.44696,38.87973],[140.44305,38.87841],[140.44136,38.87651],[140.44085,38.87485],[140.43873,38.87339],[140.43845,38.87007],[140.43388,38.86877],[140.43194,38.8669],[140.42874,38.86604],[140.42684,38.86444],[140.42311,38.86623],[140.41946,38.86662],[140.41444,38.86538],[140.41345,38.8638],[140.41123,38.86423],[140.41071,38.86495],[140.4072,38.86625],[140.40469,38.86619],[140.40484,38.8652],[140.40367,38.86412],[140.40398,38.86119],[140.40323,38.85824],[140.40044,38.8563],[140.39751,38.85608],[140.39596,38.85409],[140.39489,38.85055],[140.39198,38.84817],[140.38947,38.84749],[140.38813,38.84645],[140.38722,38.84623],[140.38363,38.84723],[140.38221,38.8466],[140.3807,38.8445],[140.37968,38.84459],[140.37805,38.84361],[140.37599,38.84332],[140.37369,38.84453],[140.37104,38.84421],[140.36979,38.84469],[140.36909,38.84554],[140.36861,38.84507],[140.36792,38.8455],[140.36503,38.84552],[140.36334,38.84446],[140.36047,38.84545],[140.35854,38.8454],[140.35701,38.84437],[140.35433,38.84442],[140.35378,38.84376],[140.35151,38.84443],[140.34916,38.84614],[140.34712,38.84678],[140.33944,38.84758],[140.33625,38.84877],[140.32737,38.84952],[140.32515,38.85063],[140.31822,38.84825],[140.31856,38.8473],[140.3176,38.84702],[140.31426,38.84772],[140.31422,38.84868],[140.31271,38.8484],[140.31464,38.84526],[140.31047,38.84547],[140.31031,38.8472],[140.30701,38.84706],[140.30692,38.84814],[140.30465,38.84801],[140.30178,38.84707],[140.30028,38.84753],[140.2996,38.84707],[140.29867,38.84766],[140.29745,38.84739],[140.29635,38.84785],[140.29612,38.84856],[140.29415,38.8487],[140.29311,38.84989],[140.29286,38.85229],[140.29382,38.85478],[140.2939,38.85644]]]}},{"type":"Feature","properties":{"id":"muni-06362","name":"最上町"},"geometry":{"type":"Polygon","coordinates":[[[140.39846,38.7438],[140.39343,38.7471],[140.39145,38.74972],[140.3891,38.75161],[140.39037,38.75246],[140.38958,38.75377],[140.38974,38.75458],[140.39022,38.75564],[140.39216,38.75724],[140.39918,38.76118],[140.40087,38.76356],[140.40296,38.76482],[140.40398,38.76649],[140.40582,38.76737],[140.40676,38.76932],[140.40941,38.77156],[140.41096,38.77541],[140.41253,38.77604],[140.41346,38.77737],[140.41665,38.77755],[140.41842,38.77839],[140.41856,38.77976],[140.42054,38.78184],[140.42179,38.7842],[140.42306,38.78528],[140.42373,38.78821],[140.42552,38.78938],[140.42508,38.79103],[140.42533,38.79531],[140.42398,38.79708],[140.42166,38.79843],[140.42138,38.80082],[140.41962,38.80179],[140.41928,38.80287],[140.41982,38.80344],[140.41944,38.80453],[140.42152,38.805],[140.42118,38.80626],[140.42169,38.80776],[140.42423,38.80985],[140.42543,38.81402],[140.42765,38.81557],[140.42835,38.81775],[140.42969,38.81972],[140.43089,38.82037],[140.43663,38.82121],[140.43722,38.82282],[140.4384,38.82367],[140.43826,38.82518],[140.43955,38.82629],[140.44215,38.82999],[140.44428,38.831],[140.44594,38.83118],[140.44759,38.83236],[140.44944,38.83239],[140.4492,38.83479],[140.44726,38.83762],[140.4482,38.83838],[140.44863,38.84044],[140.44993,38.8416],[140.45266,38.84322],[140.45968,38.8454],[140.46174,38.84824],[140.46328,38.84906],[140.46536,38.84895],[140.46813,38.85194],[140.47184,38.85385],[140.47221,38.85465],[140.47451,38.85625],[140.47597,38.85871],[140.47966,38.85911],[140.48204,38.8602],[140.48285,38.86149],[140.48601,38.863],[140.48603,38.86731],[140.48636,38.86828],[140.48759,38.86944],[140.48574,38.87241],[140.48584,38.87572],[140.48484,38.87902],[140.48516,38.88109],[140.48718,38.88492],[140.48733,38.88638],[140.49042,38.88966],[140.49059,38.89197],[140.49195,38.89322],[140.49304,38.89716],[140.49447,38.899],[140.50008,38.89495],[140.5042,38.89472],[140.51156,38.89913],[140.51591,38.90033],[140.52485,38.89954],[140.52563,38.89906],[140.52609,38.89748],[140.52929,38.89914],[140.53469,38.90061],[140.53831,38.90013],[140.54105,38.89615],[140.54459,38.89291],[140.54743,38.89114],[140.54774,38.89042],[140.54552,38.88571],[140.54584,38.88367],[140.54737,38.88192],[140.54729,38.88081],[140.54395,38.87773],[140.54335,38.87645],[140.54272,38.87602],[140.54145,38.87635],[140.54004,38.87246],[140.53884,38.87146],[140.53904,38.86972],[140.5385,38.86888],[140.53963,38.86771],[140.53975,38.86547],[140.53924,38.86434],[140.54007,38.86225],[140.54133,38.86135],[140.54773,38.86127],[140.5508,38.85952],[140.55338,38.85889],[140.55417,38.85727],[140.55649,38.85554],[140.55714,38.85251],[140.55695,38.85053],[140.55763,38.85014],[140.55762,38.84936],[140.55896,38.84741],[140.56281,38.84859],[140.56632,38.84813],[140.56932,38.84691],[140.56973,38.84571],[140.57366,38.84256],[140.5754,38.84209],[140.57648,38.84123],[140.5795,38.84176],[140.58225,38.84057],[140.58365,38.83936],[140.58472,38.8375],[140.58633,38.83655],[140.58871,38.8361],[140.5906,38.83639],[140.5904,38.83396],[140.59242,38.83186],[140.59281,38.82785],[140.59842,38.82612],[140.59885,38.82524],[140.59845,38.82226],[140.59963,38.81941],[140.59934,38.81734],[140.59651,38.81519],[140.59643,38.81405],[140.59544,38.81282],[140.5954,38.81091],[140.59743,38.80947],[140.59769,38.80858],[140.59639,38.80645],[140.59653,38.80402],[140.59567,38.80228],[140.59891,38.79978],[140.59885,38.79681],[140.59977,38.7954],[140.59997,38.79364],[140.59918,38.79178],[140.60333,38.78888],[140.60301,38.78554],[140.60356,38.78367],[140.60687,38.78247],[140.60895,38.78311],[140.61033,38.78273],[140.61349,38.78082],[140.61399,38.7795],[140.61373,38.77878],[140.61532,38.77767],[140.6208,38.77583],[140.62392,38.77551],[140.62738,38.77396],[140.62934,38.77443],[140.63118,38.77593],[140.63337,38.7761],[140.63598,38.77762],[140.63968,38.77669],[140.64152,38.77579],[140.6434,38.772],[140.64505,38.77141],[140.6461,38.76965],[140.64425,38.76577],[140.64316,38.76471],[140.64103,38.76435],[140.6385,38.76282],[140.63647,38.76233],[140.63491,38.761],[140.63429,38.75978],[140.63443,38.75773],[140.63401,38.75647],[140.63319,38.7545],[140.63243,38.75424],[140.63212,38.75345],[140.63208,38.7495],[140.631,38.74678],[140.62895,38.74646],[140.62907,38.7452],[140.62833,38.74391],[140.62297,38.74163],[140.6205,38.73897],[140.62059,38.73796],[140.62205,38.73706],[140.62126,38.73471],[140.62152,38.73321],[140.62024,38.73045],[140.61735,38.72867],[140.6166,38.72745],[140.6121,38.72529],[140.61115,38.72407],[140.60827,38.7227],[140.60706,38.7215],[140.60734,38.71971],[140.60685,38.71773],[140.60748,38.71574],[140.60743,38.71326],[140.60905,38.70898],[140.60877,38.70766],[140.60715,38.70624],[140.6062,38.70378],[140.6069,38.7029],[140.61052,38.70192],[140.61396,38.70187],[140.61627,38.70074],[140.61933,38.70016],[140.62252,38.7005],[140.62338,38.70007],[140.6235,38.69936],[140.62064,38.69641],[140.62336,38.69292],[140.62395,38.69148],[140.62344,38.68954],[140.62442,38.68762],[140.62433,38.68696],[140.62342,38.68588],[140.62134,38.68479],[140.62123,38.68254],[140.62195,38.68131],[140.62017,38.68051],[140.62037,38.6796],[140.61955,38.67774],[140.62077,38.67624],[140.61926,38.67347],[140.61714,38.67127],[140.61518,38.67035],[140.61428,38.66925],[140.61364,38.66556],[140.61212,38.66411],[140.61223,38.66265],[140.61351,38.66183],[140.60955,38.66052],[140.60837,38.6581],[140.60599,38.65539],[140.60633,38.65483],[140.60585,38.65309],[140.6044,38.65101],[140.60468,38.64955],[140.60575,38.64882],[140.60307,38.64521],[140.60206,38.64294],[140.60197,38.64068],[140.60054,38.63962],[140.59687,38.63919],[140.5954,38.6372],[140.59227,38.63615],[140.58963,38.63382],[140.58784,38.63396],[140.58354,38.63549],[140.5795,38.63578],[140.57814,38.63672],[140.578,38.63799],[140.57582,38.63927],[140.5732,38.63765],[140.57091,38.63848],[140.56946,38.63813],[140.5657,38.64558],[140.5626,38.64814],[140.55718,38.64789],[140.55459,38.64722],[140.55321,38.64772],[140.55128,38.64751],[140.55011,38.64862],[140.54648,38.64979],[140.54562,38.65092],[140.54577,38.65456],[140.54297,38.65624],[140.54902,38.66129],[140.54847,38.66329],[140.54742,38.66415],[140.54659,38.66656],[140.54497,38.66868],[140.54697,38.67115],[140.54596,38.67284],[140.54628,38.67477],[140.54474,38.67653],[140.54461,38.6778],[140.54356,38.67961],[140.54062,38.68271],[140.53945,38.68544],[140.53698,38.68548],[140.53234,38.68806],[140.53009,38.68815],[140.52825,38.69062],[140.52588,38.69222],[140.52507,38.69401],[140.52048,38.6941],[140.52073,38.69202],[140.51874,38.69093],[140.51507,38.69004],[140.5143,38.69024],[140.5138,38.69111],[140.5114,38.69062],[140.51053,38.69216],[140.50824,38.69331],[140.505,38.69725],[140.50279,38.69819],[140.49532,38.69758],[140.49436,38.69659],[140.49426,38.69393],[140.4911,38.69165],[140.48533,38.69399],[140.48335,38.69573],[140.48244,38.69505],[140.48187,38.69575],[140.48071,38.69494],[140.47603,38.69532],[140.47448,38.69479],[140.47133,38.69746],[140.4717,38.70341],[140.46826,38.70373],[140.46424,38.70275],[140.46388,38.70407],[140.46454,38.7047],[140.46395,38.70683],[140.46498,38.70833],[140.46371,38.71137],[140.4617,38.71216],[140.46117,38.71291],[140.46103,38.71501],[140.46157,38.71623],[140.46047,38.71804],[140.45983,38.72112],[140.45717,38.72295],[140.45622,38.72478],[140.45408,38.72612],[140.45429,38.72953],[140.45069,38.73171],[140.45019,38.73426],[140.45159,38.73654],[140.4498,38.73768],[140.44946,38.73899],[140.44689,38.73995],[140.44194,38.73757],[140.43947,38.73762],[140.43702,38.73952],[140.43587,38.74114],[140.43317,38.74133],[140.43173,38.74057],[140.42663,38.7397],[140.42433,38.74018],[140.42073,38.74232],[140.41778,38.74188],[140.41546,38.74087],[140.40726,38.74093],[140.40426,38.74133],[140.40139,38.74319],[140.39846,38.7438]]]}},{"type":"Feature","properties":{"id":"muni-06363","name":"舟形町"},"geometry":{"type":"Polygon","coordinates":[[[140.25913,38.6839],[140.2622,38.68495],[140.26324,38.68591],[140.26136,38.68733],[140.26095,38.68849],[140.2571,38.69162],[140.25782,38.69211],[140.25682,38.69303],[140.25706,38.69406],[140.25635,38.69747],[140.2574,38.69847],[140.25995,38.69782],[140.26129,38.69834],[140.26258,38.69736],[140.26319,38.69795],[140.26294,38.69891],[140.26391,38.69892],[140.26567,38.70136],[140.2715,38.69953],[140.27558,38.69984],[140.27781,38.69841],[140.27897,38.69888],[140.28111,38.69873],[140.28313,38.69973],[140.28452,38.70171],[140.28956,38.70441],[140.29475,38.70312],[140.29632,38.70181],[140.29837,38.70152],[140.30264,38.69987],[140.30223,38.70119],[140.30323,38.70177],[140.30503,38.70411],[140.30779,38.70627],[140.30915,38.70653],[140.30908,38.7088],[140.31173,38.70897],[140.31282,38.70967],[140.31362,38.71095],[140.31358,38.71185],[140.31293,38.71245],[140.31358,38.71307],[140.31363,38.71486],[140.31533,38.71579],[140.31915,38.7156],[140.31986,38.71731],[140.32236,38.71705],[140.32363,38.71841],[140.32485,38.71884],[140.32716,38.72267],[140.32928,38.72279],[140.33478,38.72542],[140.33673,38.72538],[140.33828,38.72622],[140.34021,38.72639],[140.34285,38.72739],[140.34521,38.72928],[140.34753,38.7303],[140.35191,38.73026],[140.35256,38.73121],[140.35336,38.73139],[140.35422,38.73294],[140.35698,38.73381],[140.35906,38.73693],[140.35845,38.73897],[140.35966,38.74229],[140.36261,38.7439],[140.36271,38.74508],[140.36867,38.7463],[140.36956,38.74732],[140.37202,38.74776],[140.37557,38.74675],[140.37654,38.74702],[140.37968,38.74644],[140.38319,38.74676],[140.38503,38.74635],[140.38721,38.74982],[140.3891,38.75161],[140.39598,38.74506],[140.39846,38.7438],[140.40139,38.74319],[140.4044,38.7413],[140.41352,38.7407],[140.42087,38.74231],[140.42433,38.74018],[140.42663,38.7397],[140.43173,38.74057],[140.43317,38.74133],[140.43567,38.74118],[140.43934,38.7377],[140.4416,38.73751],[140.44689,38.73995],[140.44946,38.73899],[140.4498,38.73768],[140.45159,38.73654],[140.45019,38.73426],[140.45069,38.73171],[140.45429,38.72953],[140.45408,38.72612],[140.45641,38.72462],[140.45709,38.72304],[140.45858,38.72177],[140.45204,38.71922],[140.45102,38.7178],[140.45001,38.71759],[140.44579,38.71408],[140.44279,38.71543],[140.44079,38.7141],[140.43898,38.71365],[140.43715,38.71175],[140.43643,38.70976],[140.43363,38.70838],[140.43077,38.70814],[140.43043,38.70695],[140.4289,38.70618],[140.42774,38.70463],[140.42514,38.70421],[140.42488,38.70106],[140.42366,38.6999],[140.42147,38.69933],[140.41959,38.6998],[140.41798,38.7009],[140.41665,38.7025],[140.41693,38.70314],[140.41504,38.70477],[140.41309,38.70478],[140.40818,38.70343],[140.40708,38.7037],[140.40254,38.70295],[140.40074,38.70308],[140.39526,38.70167],[140.39214,38.69999],[140.39086,38.69757],[140.39082,38.69594],[140.38737,38.696],[140.38614,38.69449],[140.3832,38.69399],[140.38303,38.6933],[140.38095,38.69235],[140.38021,38.69067],[140.37772,38.68882],[140.37667,38.68679],[140.37566,38.68664],[140.37475,38.68542],[140.37324,38.6845],[140.36486,38.68554],[140.36274,38.68696],[140.35887,38.6866],[140.35698,38.68815],[140.35383,38.68784],[140.35187,38.68907],[140.35087,38.68786],[140.34922,38.68796],[140.34811,38.6859],[140.34684,38.68559],[140.34631,38.68458],[140.3437,38.68329],[140.34123,38.68354],[140.33946,38.68213],[140.33781,38.68209],[140.3352,38.68047],[140.33204,38.68009],[140.33072,38.67919],[140.32749,38.68007],[140.32522,38.67891],[140.32312,38.67908],[140.32144,38.68123],[140.31984,38.68137],[140.31845,38.68252],[140.31674,38.68183],[140.31693,38.68029],[140.31436,38.68003],[140.31275,38.67902],[140.31288,38.67746],[140.31475,38.67647],[140.31553,38.67484],[140.31551,38.67067],[140.31789,38.67032],[140.31764,38.66861],[140.31843,38.6671],[140.31842,38.6655],[140.31991,38.66401],[140.31941,38.66132],[140.31978,38.65836],[140.31839,38.65468],[140.31802,38.65163],[140.31736,38.65027],[140.31573,38.64878],[140.31581,38.64746],[140.3135,38.64528],[140.3122,38.64435],[140.30938,38.64354],[140.30877,38.64276],[140.30483,38.64336],[140.30236,38.64198],[140.2996,38.6413],[140.29932,38.64028],[140.30015,38.63877],[140.29999,38.63636],[140.30104,38.63492],[140.30025,38.63303],[140.3009,38.6323],[140.30013,38.63153],[140.30077,38.62643],[140.30041,38.62425],[140.30114,38.62031],[140.30281,38.61807],[140.30224,38.61697],[140.30281,38.61512],[140.30078,38.61319],[140.29792,38.61197],[140.29758,38.61127],[140.29678,38.61125],[140.29436,38.61005],[140.29424,38.60952],[140.29108,38.60816],[140.29024,38.60839],[140.28908,38.60668],[140.288,38.60608],[140.28611,38.60567],[140.28488,38.60605],[140.28245,38.60488],[140.28049,38.60528],[140.28082,38.60428],[140.28042,38.60353],[140.27584,38.60332],[140.27482,38.59936],[140.27345,38.59809],[140.27294,38.59606],[140.27076,38.5952],[140.26987,38.59419],[140.27001,38.59358],[140.27115,38.59299],[140.27043,38.59198],[140.26878,38.59118],[140.26904,38.5901],[140.26724,38.58974],[140.26693,38.58782],[140.26621,38.58628],[140.26542,38.58583],[140.26578,38.58521],[140.26541,38.58475],[140.26292,38.5838],[140.26103,38.58227],[140.25993,38.58216],[140.25797,38.58056],[140.2578,38.57978],[140.25668,38.57954],[140.25585,38.57588],[140.25472,38.57458],[140.24798,38.5734],[140.24697,38.57251],[140.24654,38.56998],[140.24566,38.56913],[140.24386,38.56845],[140.24105,38.56855],[140.24311,38.57416],[140.24312,38.57758],[140.24234,38.57819],[140.24333,38.57876],[140.24193,38.5812],[140.24078,38.58197],[140.24088,38.58258],[140.2401,38.58362],[140.23803,38.58485],[140.23759,38.58809],[140.2368,38.58947],[140.23862,38.59226],[140.23914,38.59411],[140.24393,38.59581],[140.24664,38.59617],[140.25107,38.59837],[140.25179,38.59998],[140.25169,38.60123],[140.25318,38.60284],[140.25323,38.60375],[140.25463,38.60472],[140.25498,38.60689],[140.25422,38.60892],[140.25451,38.61027],[140.25258,38.61185],[140.25202,38.61575],[140.2503,38.618],[140.24974,38.62051],[140.24355,38.6231],[140.24212,38.62339],[140.23983,38.62298],[140.23886,38.62353],[140.23788,38.62511],[140.23535,38.62634],[140.23565,38.63006],[140.23378,38.6316],[140.23326,38.6333],[140.23556,38.63614],[140.2372,38.63698],[140.2387,38.63928],[140.24001,38.63904],[140.23968,38.64011],[140.24069,38.6399],[140.24149,38.63871],[140.24352,38.63988],[140.24386,38.64124],[140.24583,38.64304],[140.24666,38.64504],[140.24772,38.64544],[140.24855,38.64725],[140.25021,38.64799],[140.25133,38.64786],[140.2524,38.65009],[140.25641,38.65111],[140.25755,38.65206],[140.25643,38.65333],[140.25466,38.65423],[140.25358,38.65592],[140.25142,38.65727],[140.2504,38.66042],[140.24917,38.66187],[140.24823,38.66228],[140.24797,38.66347],[140.25031,38.6668],[140.25116,38.66717],[140.25133,38.66829],[140.25231,38.66911],[140.25373,38.6694],[140.25349,38.67103],[140.25224,38.67274],[140.25231,38.67357],[140.2499,38.67633],[140.25241,38.67713],[140.25616,38.68068],[140.2584,38.68153],[140.25767,38.6831],[140.25825,38.68332],[140.25654,38.68541],[140.25913,38.6839]]]}},{"type":"Feature","properties":{"id":"muni-06364","name":"真室川町"},"geometry":{"type":"Polygon","coordinates":[[[140.22471,38.85363],[140.22143,38.85441],[140.21929,38.85785],[140.21907,38.85897],[140.21607,38.86127],[140.21571,38.86205],[140.21455,38.86245],[140.21243,38.86651],[140.21072,38.86688],[140.20966,38.86788],[140.2079,38.86822],[140.20628,38.86967],[140.2056,38.86834],[140.20337,38.86764],[140.20292,38.86805],[140.20087,38.8676],[140.19937,38.86823],[140.19716,38.86816],[140.19448,38.87025],[140.18787,38.87166],[140.18661,38.8704],[140.18205,38.8695],[140.1805,38.86955],[140.17815,38.87083],[140.17575,38.87117],[140.16954,38.86918],[140.16765,38.87004],[140.16494,38.86964],[140.16113,38.87013],[140.15832,38.86837],[140.15528,38.86771],[140.15215,38.86957],[140.15187,38.87037],[140.14967,38.87072],[140.14779,38.87203],[140.14623,38.87248],[140.1446,38.87231],[140.14189,38.87317],[140.14118,38.87402],[140.13987,38.87452],[140.13753,38.87465],[140.13493,38.87392],[140.13308,38.87458],[140.13114,38.87407],[140.12866,38.8744],[140.12552,38.87284],[140.12067,38.87364],[140.11905,38.87519],[140.11462,38.87729],[140.11656,38.88059],[140.11852,38.88265],[140.11725,38.88434],[140.11789,38.88566],[140.11781,38.88683],[140.11563,38.88782],[140.1193,38.89114],[140.11859,38.89266],[140.11887,38.8939],[140.11826,38.89468],[140.11959,38.89737],[140.123,38.89903],[140.12885,38.90437],[140.13283,38.90573],[140.13515,38.90743],[140.13886,38.91129],[140.14018,38.91533],[140.13981,38.91671],[140.13875,38.9174],[140.13536,38.9162],[140.13038,38.91627],[140.1279,38.91832],[140.12748,38.91967],[140.125,38.92039],[140.12389,38.92137],[140.12195,38.92512],[140.12176,38.92984],[140.12269,38.93222],[140.12066,38.93697],[140.12126,38.94104],[140.12304,38.94283],[140.12578,38.94359],[140.12685,38.9456],[140.12929,38.94607],[140.13071,38.94533],[140.13305,38.9453],[140.13468,38.94387],[140.13592,38.94436],[140.13773,38.94353],[140.14129,38.946],[140.14253,38.9477],[140.143,38.94971],[140.14396,38.94965],[140.14395,38.95078],[140.14136,38.95155],[140.14056,38.95354],[140.14107,38.95422],[140.14065,38.95609],[140.13967,38.95816],[140.14019,38.95873],[140.13924,38.95947],[140.13857,38.95935],[140.13763,38.96097],[140.13995,38.96203],[140.14133,38.9641],[140.14509,38.96699],[140.14438,38.96877],[140.14726,38.96995],[140.14602,38.97239],[140.14506,38.97225],[140.14469,38.97342],[140.14388,38.97351],[140.14397,38.97632],[140.14329,38.97802],[140.14143,38.97777],[140.14091,38.97925],[140.13908,38.97943],[140.13704,38.98191],[140.1334,38.98216],[140.13222,38.98368],[140.13083,38.98331],[140.12775,38.98114],[140.12586,38.98124],[140.12434,38.98077],[140.12266,38.98135],[140.12056,38.98113],[140.11747,38.98198],[140.11602,38.98186],[140.11416,38.98484],[140.11124,38.98519],[140.11157,38.98766],[140.11019,38.99019],[140.11024,38.99309],[140.11321,38.99662],[140.1146,38.99577],[140.11507,38.99373],[140.11831,38.99367],[140.11721,38.99486],[140.1175,38.99705],[140.11913,38.9984],[140.1179,39.00087],[140.11906,39.00195],[140.12087,39.00231],[140.12037,39.00652],[140.11955,39.00796],[140.12167,39.00985],[140.12091,39.01376],[140.11779,39.01481],[140.1178,39.01636],[140.11874,39.01849],[140.1167,39.02032],[140.11504,39.02112],[140.11507,39.02253],[140.11434,39.02434],[140.1164,39.02563],[140.118,39.02468],[140.1189,39.02469],[140.12,39.02693],[140.11949,39.02762],[140.12103,39.02772],[140.12118,39.02868],[140.12276,39.03088],[140.12566,39.03074],[140.13121,39.03385],[140.13367,39.03734],[140.13507,39.0429],[140.13673,39.04349],[140.13755,39.04454],[140.1389,39.04489],[140.1399,39.04592],[140.14528,39.04717],[140.15109,39.0493],[140.15258,39.04827],[140.15738,39.04913],[140.16035,39.0533],[140.16245,39.05431],[140.16428,39.05385],[140.16591,39.0526],[140.17099,39.05118],[140.17497,39.05741],[140.18106,39.05794],[140.18406,39.05876],[140.18754,39.05854],[140.18803,39.05887],[140.18882,39.06157],[140.19131,39.06135],[140.19382,39.06039],[140.19812,39.06125],[140.20132,39.05953],[140.20185,39.05782],[140.20174,39.05629],[140.20333,39.05526],[140.20473,39.05346],[140.20404,39.05206],[140.2042,39.05072],[140.20326,39.04874],[140.20166,39.04727],[140.20293,39.04567],[140.20231,39.04245],[140.20353,39.03943],[140.20263,39.03779],[140.2006,39.03567],[140.20143,39.03504],[140.20827,39.0345],[140.21086,39.03314],[140.21327,39.03253],[140.21791,39.03315],[140.21942,39.03195],[140.22188,39.03121],[140.22223,39.02985],[140.22365,39.02857],[140.22563,39.02825],[140.22744,39.02719],[140.23231,39.02709],[140.23659,39.02763],[140.2399,39.02983],[140.24519,39.0309],[140.24879,39.02815],[140.25125,39.02783],[140.25282,39.02832],[140.25475,39.03126],[140.2573,39.03326],[140.25937,39.03386],[140.26063,39.03522],[140.26217,39.03466],[140.26615,39.03134],[140.26749,39.03133],[140.27062,39.03257],[140.27427,39.03067],[140.27598,39.03094],[140.28256,39.02858],[140.28662,39.02804],[140.28934,39.02595],[140.29039,39.0257],[140.29205,39.02379],[140.29384,39.01968],[140.29386,39.01827],[140.2973,39.01839],[140.29904,39.0176],[140.30024,39.01801],[140.30203,39.01722],[140.30368,39.01511],[140.31058,39.01358],[140.31306,39.01742],[140.31719,39.02226],[140.31782,39.02432],[140.31867,39.02511],[140.31832,39.02708],[140.31738,39.02814],[140.31849,39.02935],[140.31872,39.03123],[140.32044,39.03098],[140.32162,39.03231],[140.32534,39.03326],[140.32879,39.03477],[140.33088,39.0327],[140.33191,39.03066],[140.33751,39.02978],[140.34426,39.02589],[140.35433,39.02386],[140.3579,39.02531],[140.36202,39.02602],[140.36143,39.02424],[140.36155,39.02298],[140.36096,39.02209],[140.36124,39.02098],[140.36087,39.01985],[140.36276,39.01787],[140.36265,39.01354],[140.36408,39.01273],[140.3641,39.00954],[140.36503,39.00884],[140.36573,39.00699],[140.36705,39.00547],[140.37068,39.00416],[140.37269,39.00131],[140.37327,38.99969],[140.37461,38.99831],[140.37421,38.99749],[140.37441,38.99591],[140.37613,38.99455],[140.37896,38.99539],[140.38328,38.99404],[140.38679,38.99446],[140.38996,38.9922],[140.3948,38.99131],[140.40204,38.99249],[140.40576,38.99182],[140.41063,38.99408],[140.41348,38.99009],[140.42057,38.9924],[140.4241,38.99246],[140.42915,38.9918],[140.43198,38.99203],[140.43233,38.98959],[140.4344,38.98875],[140.43639,38.98649],[140.4378,38.98203],[140.43974,38.98139],[140.44226,38.98147],[140.4455,38.98035],[140.44646,38.97923],[140.44598,38.97812],[140.44633,38.97325],[140.44978,38.97285],[140.45102,38.9721],[140.4506,38.96911],[140.44984,38.96796],[140.4509,38.96506],[140.44986,38.96328],[140.4517,38.96192],[140.45254,38.95968],[140.45371,38.95875],[140.45297,38.95629],[140.45367,38.95229],[140.45241,38.95047],[140.45111,38.94699],[140.44959,38.94556],[140.44769,38.94466],[140.44377,38.94363],[140.44131,38.94135],[140.43684,38.94002],[140.43495,38.93844],[140.43415,38.93667],[140.43156,38.93559],[140.42846,38.93314],[140.4242,38.93513],[140.42377,38.93847],[140.42264,38.94098],[140.42026,38.94224],[140.41767,38.94267],[140.41782,38.94621],[140.41706,38.94865],[140.41445,38.9487],[140.41039,38.95033],[140.40918,38.95218],[140.40704,38.95087],[140.4042,38.95002],[140.40332,38.95019],[140.40086,38.95136],[140.40079,38.95271],[140.39636,38.95551],[140.39602,38.95651],[140.39349,38.95838],[140.38923,38.9575],[140.38503,38.95759],[140.38359,38.9569],[140.38047,38.95969],[140.37843,38.96022],[140.37711,38.96001],[140.37508,38.96062],[140.37387,38.96159],[140.37245,38.96164],[140.36813,38.9649],[140.36597,38.96351],[140.36458,38.96428],[140.36061,38.96502],[140.35724,38.96449],[140.35526,38.96277],[140.35299,38.96215],[140.3436,38.95596],[140.34016,38.95607],[140.33686,38.95779],[140.33178,38.95589],[140.32966,38.95611],[140.32871,38.95691],[140.32703,38.95738],[140.32032,38.95627],[140.31872,38.9555],[140.31718,38.95389],[140.31323,38.95229],[140.31234,38.94964],[140.30875,38.94933],[140.30652,38.94553],[140.30279,38.94332],[140.30157,38.94032],[140.29809,38.93904],[140.29574,38.93686],[140.29406,38.93663],[140.29103,38.93392],[140.29112,38.93081],[140.29033,38.92989],[140.29003,38.9268],[140.28923,38.92576],[140.28922,38.92379],[140.28836,38.92234],[140.28777,38.91985],[140.28906,38.91764],[140.28886,38.91673],[140.29027,38.91618],[140.29054,38.91485],[140.29246,38.91179],[140.295,38.91162],[140.29592,38.91084],[140.29555,38.90996],[140.29572,38.90815],[140.295,38.90708],[140.29339,38.90641],[140.2927,38.90403],[140.29049,38.90274],[140.29051,38.90199],[140.29166,38.90145],[140.29076,38.89904],[140.29135,38.89777],[140.28973,38.89558],[140.28904,38.89359],[140.28564,38.89129],[140.2818,38.89096],[140.2817,38.89],[140.28053,38.88907],[140.28203,38.88981],[140.2823,38.89066],[140.28513,38.89057],[140.28501,38.88301],[140.28244,38.87904],[140.28117,38.87577],[140.28156,38.875],[140.28357,38.873],[140.28605,38.86904],[140.28841,38.86914],[140.29055,38.86855],[140.29809,38.86397],[140.29721,38.86232],[140.29451,38.86188],[140.29265,38.86093],[140.29122,38.86167],[140.29006,38.86098],[140.2929,38.85684],[140.29395,38.85642],[140.29368,38.85424],[140.29286,38.85229],[140.29311,38.84989],[140.29416,38.84883],[140.29445,38.84634],[140.2962,38.84427],[140.29181,38.84412],[140.29208,38.84073],[140.28837,38.84053],[140.28827,38.84136],[140.28754,38.84186],[140.28521,38.84025],[140.2823,38.83987],[140.28232,38.83894],[140.28469,38.83865],[140.28725,38.83699],[140.28684,38.83576],[140.28502,38.83702],[140.28263,38.83782],[140.27968,38.83779],[140.27772,38.83669],[140.27732,38.83573],[140.27742,38.8339],[140.27635,38.83349],[140.27434,38.83397],[140.27415,38.83312],[140.27073,38.83306],[140.27031,38.83399],[140.26333,38.83381],[140.26057,38.83329],[140.2604,38.83358],[140.26205,38.83538],[140.26173,38.8372],[140.26214,38.83862],[140.26416,38.84048],[140.26132,38.84189],[140.25484,38.84238],[140.25188,38.83999],[140.24961,38.84078],[140.24643,38.84054],[140.24449,38.83967],[140.24306,38.83988],[140.24229,38.83922],[140.2422,38.83956],[140.24071,38.83963],[140.23555,38.83657],[140.2362,38.83808],[140.23567,38.84055],[140.23107,38.84466],[140.22921,38.84724],[140.22801,38.85019],[140.22603,38.85186],[140.22466,38.8524],[140.22471,38.85363]]]}},{"type":"Feature","properties":{"id":"muni-06365","name":"大蔵村"},"geometry":{"type":"MultiPolygon","coordinates":[[[[140.25247,38.61212],[140.25451,38.61027],[140.2542,38.60909],[140.25498,38.60689],[140.25477,38.60507],[140.25323,38.60375],[140.25318,38.60284],[140.25175,38.60135],[140.25179,38.59998],[140.25107,38.59837],[140.24664,38.59617],[140.24393,38.59581],[140.23914,38.59411],[140.23862,38.59226],[140.2368,38.58947],[140.23759,38.58809],[140.23803,38.58485],[140.2401,38.58362],[140.24088,38.58258],[140.24078,38.58197],[140.24151,38.58167],[140.24305,38.57955],[140.24332,38.57866],[140.24234,38.57819],[140.24312,38.57758],[140.24321,38.57505],[140.2429,38.57297],[140.2421,38.57199],[140.24208,38.5708],[140.24105,38.56855],[140.23972,38.56598],[140.23732,38.56303],[140.23719,38.56132],[140.23803,38.56084],[140.23831,38.55929],[140.23785,38.55825],[140.23577,38.55628],[140.23546,38.55111],[140.22952,38.55016],[140.22642,38.54912],[140.22216,38.54588],[140.21763,38.54577],[140.21481,38.54122],[140.21316,38.5406],[140.21248,38.53789],[140.21055,38.53363],[140.20845,38.53306],[140.19879,38.53244],[140.19208,38.53263],[140.18966,38.53315],[140.18601,38.53198],[140.18356,38.53187],[140.18004,38.53255],[140.17938,38.53499],[140.17857,38.53567],[140.17677,38.53452],[140.17232,38.53338],[140.17141,38.53257],[140.16939,38.53209],[140.16759,38.5309],[140.16728,38.53022],[140.16544,38.53154],[140.1628,38.53139],[140.16205,38.53072],[140.16177,38.52898],[140.16049,38.52647],[140.15842,38.52512],[140.15801,38.52254],[140.15576,38.52257],[140.15396,38.52004],[140.15116,38.51802],[140.15012,38.51602],[140.15098,38.51428],[140.14646,38.5128],[140.14353,38.51092],[140.14274,38.50942],[140.14166,38.50876],[140.14039,38.50875],[140.13872,38.50796],[140.13714,38.50831],[140.1335,38.50801],[140.12949,38.50572],[140.12478,38.50416],[140.12318,38.5013],[140.12336,38.4997],[140.1244,38.49776],[140.12659,38.49693],[140.12278,38.49513],[140.12238,38.49376],[140.11798,38.4933],[140.11505,38.49369],[140.11343,38.49445],[140.10636,38.50052],[140.10426,38.50089],[140.10274,38.50367],[140.10078,38.50457],[140.1003,38.50558],[140.09794,38.50685],[140.09679,38.50851],[140.08983,38.51202],[140.08738,38.51249],[140.07934,38.51088],[140.07765,38.50969],[140.07664,38.50791],[140.07474,38.5066],[140.07455,38.50504],[140.07015,38.50419],[140.06665,38.50457],[140.06524,38.50364],[140.06403,38.50117],[140.06269,38.50009],[140.05967,38.49904],[140.05682,38.49998],[140.0562,38.49775],[140.05253,38.49746],[140.05049,38.49635],[140.04618,38.49874],[140.04179,38.49929],[140.04136,38.50114],[140.03914,38.50128],[140.03847,38.50275],[140.03862,38.50398],[140.03737,38.50511],[140.03542,38.50569],[140.03699,38.50807],[140.03703,38.51057],[140.03567,38.51295],[140.03607,38.51693],[140.03918,38.51808],[140.03836,38.5204],[140.03708,38.52117],[140.03694,38.52371],[140.03596,38.52494],[140.03598,38.52787],[140.03541,38.52983],[140.03601,38.53165],[140.03556,38.53305],[140.03833,38.53192],[140.04031,38.52953],[140.04194,38.52918],[140.0438,38.52771],[140.04759,38.52759],[140.05448,38.52837],[140.05514,38.52884],[140.0549,38.5309],[140.05729,38.53291],[140.06334,38.53593],[140.06737,38.5364],[140.069,38.53872],[140.07033,38.5395],[140.07344,38.54019],[140.0741,38.54275],[140.07609,38.54323],[140.07827,38.54584],[140.07804,38.54832],[140.07685,38.55106],[140.07839,38.5524],[140.07976,38.55289],[140.08318,38.55605],[140.08807,38.55718],[140.09621,38.55686],[140.09724,38.55725],[140.09919,38.56173],[140.09754,38.56677],[140.09927,38.56972],[140.10061,38.57001],[140.10248,38.56956],[140.1047,38.57079],[140.10554,38.57184],[140.10752,38.57273],[140.10791,38.57603],[140.1104,38.5784],[140.11257,38.57844],[140.1151,38.57754],[140.11727,38.5782],[140.11729,38.57961],[140.11636,38.58081],[140.11444,38.58121],[140.1123,38.58317],[140.1127,38.58596],[140.1114,38.5873],[140.11179,38.58905],[140.10993,38.59029],[140.10934,38.59278],[140.10778,38.59516],[140.10743,38.59857],[140.10537,38.59982],[140.10496,38.60136],[140.10718,38.60305],[140.10729,38.60391],[140.10649,38.60459],[140.10678,38.6062],[140.10636,38.60755],[140.10905,38.6088],[140.1082,38.61089],[140.10998,38.61255],[140.11159,38.61272],[140.11177,38.61486],[140.11094,38.6159],[140.11137,38.61673],[140.11354,38.61699],[140.11616,38.6164],[140.11925,38.61773],[140.12101,38.61729],[140.12303,38.61502],[140.12639,38.61482],[140.12863,38.61548],[140.13069,38.61441],[140.13373,38.61474],[140.13575,38.61417],[140.13886,38.61596],[140.14046,38.61897],[140.14324,38.61935],[140.14464,38.62071],[140.14811,38.62191],[140.14921,38.62358],[140.15132,38.62443],[140.15294,38.62442],[140.15363,38.62548],[140.15592,38.62607],[140.15271,38.62948],[140.15246,38.63126],[140.15485,38.63181],[140.16262,38.63081],[140.16416,38.63117],[140.16605,38.63246],[140.16944,38.63087],[140.17718,38.6296],[140.18051,38.63425],[140.18323,38.63624],[140.18369,38.63902],[140.18297,38.64009],[140.18329,38.64118],[140.18656,38.64243],[140.18617,38.64666],[140.18868,38.65183],[140.19214,38.65214],[140.19218,38.6509],[140.19301,38.651],[140.19417,38.65224],[140.19893,38.65444],[140.19859,38.65527],[140.19509,38.65578],[140.19446,38.65704],[140.19494,38.65769],[140.195,38.65927],[140.19535,38.65916],[140.1953,38.65722],[140.19614,38.65707],[140.19625,38.65961],[140.19504,38.66103],[140.19899,38.66942],[140.19913,38.67075],[140.19534,38.67193],[140.19412,38.67321],[140.19245,38.67339],[140.19081,38.67515],[140.19042,38.67684],[140.19228,38.68018],[140.18958,38.68632],[140.19005,38.68663],[140.19152,38.6912],[140.19286,38.69198],[140.19419,38.69394],[140.19574,38.69448],[140.19166,38.69917],[140.19241,38.7001],[140.19193,38.70177],[140.19566,38.70596],[140.19517,38.70693],[140.19814,38.70891],[140.19856,38.7103],[140.20024,38.71229],[140.19867,38.71366],[140.19803,38.7153],[140.20136,38.71335],[140.20296,38.71313],[140.20404,38.7122],[140.20824,38.71392],[140.20881,38.71485],[140.20884,38.71643],[140.21162,38.71857],[140.21646,38.71903],[140.22374,38.72078],[140.22432,38.72176],[140.2279,38.72249],[140.22776,38.7232],[140.22898,38.7234],[140.23386,38.7228],[140.23628,38.722],[140.23854,38.72058],[140.24205,38.71964],[140.24425,38.71978],[140.24485,38.72043],[140.24529,38.72232],[140.24654,38.72126],[140.24874,38.72036],[140.24881,38.71949],[140.25014,38.71912],[140.25149,38.71969],[140.25344,38.71819],[140.25539,38.71826],[140.25611,38.71937],[140.25749,38.71906],[140.25767,38.71979],[140.25842,38.71992],[140.25873,38.71945],[140.25907,38.71997],[140.26053,38.71918],[140.26098,38.71958],[140.26136,38.71917],[140.26481,38.71937],[140.26557,38.71849],[140.26527,38.71771],[140.26455,38.71756],[140.26236,38.71792],[140.26158,38.71749],[140.25806,38.71748],[140.25583,38.71597],[140.2566,38.71594],[140.25788,38.71679],[140.25781,38.71632],[140.25888,38.71613],[140.25847,38.71503],[140.26066,38.71448],[140.26295,38.70832],[140.26263,38.70751],[140.26307,38.70634],[140.26219,38.7063],[140.26208,38.70561],[140.25739,38.70586],[140.2586,38.70175],[140.26088,38.69828],[140.25995,38.69782],[140.2574,38.69847],[140.25635,38.69747],[140.25706,38.69406],[140.25682,38.69303],[140.25782,38.69211],[140.2571,38.69162],[140.26095,38.68849],[140.26136,38.68733],[140.26324,38.68591],[140.2622,38.68495],[140.25913,38.6839],[140.25654,38.68541],[140.25825,38.68332],[140.25767,38.6831],[140.2584,38.68153],[140.25616,38.68068],[140.25241,38.67713],[140.2499,38.67633],[140.25231,38.67357],[140.25224,38.67274],[140.25349,38.67103],[140.25373,38.6694],[140.25231,38.66911],[140.25133,38.66829],[140.25116,38.66717],[140.25031,38.6668],[140.24797,38.66347],[140.24823,38.66228],[140.24917,38.66187],[140.2504,38.66042],[140.25142,38.65727],[140.25358,38.65592],[140.25466,38.65423],[140.25643,38.65333],[140.25755,38.65206],[140.25641,38.65111],[140.2524,38.65009],[140.25133,38.64786],[140.25021,38.64799],[140.24855,38.64725],[140.24772,38.64544],[140.24666,38.64504],[140.24583,38.64304],[140.24386,38.64124],[140.24352,38.63988],[140.24149,38.63871],[140.24069,38.6399],[140.23968,38.64011],[140.24001,38.63904],[140.2387,38.63928],[140.2372,38.63698],[140.23556,38.63614],[140.23326,38.6333],[140.23378,38.6316],[140.23565,38.63006],[140.23535,38.62634],[140.23788,38.62511],[140.23886,38.62353],[140.23983,38.62298],[140.24212,38.62339],[140.24355,38.6231],[140.24974,38.62051],[140.2503,38.618],[140.25202,38.61575],[140.25247,38.61212]]],[[[140.26292,38.71683],[140.26026,38.71597],[140.26,38.71649],[140.26282,38.71724],[140.26292,38.71683]]],[[[140.25574,38.72183],[140.25606,38.7213],[140.25627,38.72175],[140.25795,38.72171],[140.25751,38.72092],[140.25905,38.72013],[140.25632,38.71982],[140.25431,38.72031],[140.25392,38.72082],[140.25344,38.72057],[140.25311,38.72074],[140.25341,38.72123],[140.25167,38.72179],[140.2526,38.72236],[140.25392,38.7218],[140.25574,38.72183]]],[[[140.25433,38.72238],[140.25401,38.72334],[140.2546,38.72331],[140.25467,38.72374],[140.25674,38.72323],[140.25433,38.72238]]],[[[140.25241,38.72375],[140.25251,38.72335],[140.25084,38.72317],[140.25147,38.7243],[140.25242,38.72437],[140.25301,38.72389],[140.25241,38.72375]]],[[[140.23001,38.73171],[140.23006,38.73189],[140.23018,38.73178],[140.23001,38.73171]]]]}},{"type":"Feature","properties":{"id":"muni-06366","name":"鮭川村"},"geometry":{"type":"Polygon","coordinates":[[[140.20534,38.78874],[140.20091,38.78938],[140.20073,38.79058],[140.19967,38.79172],[140.1994,38.79283],[140.19859,38.79331],[140.19883,38.79462],[140.19654,38.7954],[140.19475,38.79429],[140.19285,38.79381],[140.19202,38.79287],[140.1879,38.79258],[140.18212,38.79324],[140.17975,38.79791],[140.17844,38.79871],[140.17731,38.80039],[140.17226,38.79939],[140.17264,38.80006],[140.17201,38.80018],[140.17061,38.802],[140.17067,38.80259],[140.17129,38.80245],[140.17173,38.80345],[140.17101,38.80403],[140.16954,38.80438],[140.16871,38.80388],[140.16702,38.80415],[140.16105,38.80175],[140.15874,38.80365],[140.16014,38.80537],[140.16151,38.80488],[140.16321,38.805],[140.16478,38.80646],[140.16623,38.80582],[140.16676,38.80629],[140.16901,38.80655],[140.16867,38.80806],[140.17038,38.80906],[140.17045,38.80997],[140.16859,38.81139],[140.16463,38.81115],[140.16288,38.81225],[140.15888,38.81048],[140.15754,38.80832],[140.1568,38.80798],[140.15353,38.8089],[140.15299,38.80868],[140.15133,38.80783],[140.14864,38.80362],[140.1455,38.80185],[140.14376,38.80257],[140.14203,38.80402],[140.14027,38.80456],[140.13615,38.80855],[140.13415,38.80793],[140.13091,38.8086],[140.12624,38.81273],[140.1243,38.81633],[140.12234,38.81721],[140.12036,38.81952],[140.1172,38.82087],[140.1178,38.82196],[140.11719,38.82308],[140.11742,38.82446],[140.11691,38.82601],[140.11759,38.83082],[140.11714,38.8314],[140.11512,38.83211],[140.11484,38.83367],[140.11387,38.83472],[140.11249,38.83545],[140.10737,38.83662],[140.10139,38.83731],[140.09955,38.83852],[140.09686,38.83886],[140.09436,38.83986],[140.09049,38.84207],[140.08776,38.84236],[140.08815,38.84477],[140.08959,38.84678],[140.08986,38.84894],[140.08846,38.85174],[140.08968,38.85264],[140.09039,38.8539],[140.09034,38.85604],[140.08883,38.85784],[140.08916,38.8595],[140.09145,38.86228],[140.09359,38.86264],[140.09249,38.86367],[140.0953,38.86365],[140.0964,38.86484],[140.10036,38.86635],[140.10082,38.86702],[140.10525,38.86664],[140.11017,38.8687],[140.11467,38.86938],[140.116,38.87105],[140.11831,38.87246],[140.12056,38.87289],[140.12067,38.87364],[140.1261,38.8728],[140.12866,38.8744],[140.13114,38.87407],[140.13308,38.87458],[140.13493,38.87392],[140.13753,38.87465],[140.13987,38.87452],[140.14118,38.87402],[140.14189,38.87317],[140.1446,38.87231],[140.14623,38.87248],[140.14779,38.87203],[140.14967,38.87072],[140.15187,38.87037],[140.15215,38.86957],[140.15528,38.86771],[140.15832,38.86837],[140.16113,38.87013],[140.16494,38.86964],[140.16765,38.87004],[140.16954,38.86918],[140.17575,38.87117],[140.17815,38.87083],[140.1805,38.86955],[140.18205,38.8695],[140.18661,38.8704],[140.18787,38.87166],[140.19448,38.87025],[140.19716,38.86816],[140.19937,38.86823],[140.20087,38.8676],[140.20292,38.86805],[140.20337,38.86764],[140.2056,38.86834],[140.20628,38.86967],[140.2079,38.86822],[140.20966,38.86788],[140.21072,38.86688],[140.21243,38.86651],[140.21455,38.86245],[140.21571,38.86205],[140.21607,38.86127],[140.21907,38.85897],[140.21929,38.85785],[140.22143,38.85441],[140.22471,38.85363],[140.22441,38.85278],[140.22495,38.85206],[140.22603,38.85186],[140.22801,38.85019],[140.22921,38.84724],[140.23107,38.84466],[140.23567,38.84055],[140.2362,38.83808],[140.23555,38.83657],[140.24071,38.83963],[140.2422,38.83956],[140.24229,38.83922],[140.24306,38.83988],[140.24449,38.83967],[140.24643,38.84054],[140.24961,38.84078],[140.25188,38.83999],[140.25484,38.84238],[140.26118,38.84191],[140.26416,38.84048],[140.26214,38.83862],[140.26173,38.8372],[140.26205,38.83538],[140.2604,38.83358],[140.26057,38.83329],[140.26333,38.83381],[140.27031,38.83399],[140.27073,38.83306],[140.27415,38.83312],[140.27419,38.83394],[140.27624,38.83348],[140.27737,38.83384],[140.27772,38.83669],[140.27968,38.83779],[140.28263,38.83782],[140.287,38.83582],[140.28725,38.83699],[140.28469,38.83865],[140.28232,38.83894],[140.2823,38.83987],[140.28521,38.84025],[140.2876,38.84186],[140.28827,38.84136],[140.28837,38.84053],[140.29208,38.84073],[140.29218,38.83913],[140.30221,38.83943],[140.30264,38.83426],[140.30585,38.83442],[140.30593,38.83361],[140.31288,38.83393],[140.31343,38.82704],[140.31081,38.82822],[140.31034,38.82754],[140.31213,38.82654],[140.3134,38.82658],[140.31355,38.82461],[140.31111,38.82386],[140.3085,38.82418],[140.30594,38.82386],[140.3001,38.82481],[140.30259,38.82372],[140.30146,38.82164],[140.29956,38.82024],[140.29956,38.81867],[140.29861,38.81833],[140.29816,38.81873],[140.29613,38.81874],[140.29515,38.81808],[140.29443,38.81874],[140.29307,38.81884],[140.29053,38.81688],[140.28895,38.81699],[140.28822,38.81658],[140.28768,38.81584],[140.28819,38.81473],[140.28736,38.8132],[140.28755,38.81196],[140.28691,38.81089],[140.28507,38.8103],[140.28453,38.80966],[140.28456,38.80858],[140.28418,38.80833],[140.28473,38.8068],[140.28412,38.80655],[140.28321,38.80718],[140.2804,38.80621],[140.28071,38.80484],[140.28003,38.80442],[140.27296,38.80282],[140.2715,38.80033],[140.27037,38.80016],[140.26958,38.80156],[140.269,38.79877],[140.26825,38.79835],[140.26875,38.7974],[140.26713,38.79544],[140.26752,38.79523],[140.26605,38.794],[140.26539,38.79414],[140.26545,38.79524],[140.26493,38.79523],[140.26478,38.79467],[140.26243,38.79445],[140.26147,38.79112],[140.26214,38.79009],[140.26115,38.78906],[140.25956,38.7892],[140.25755,38.78729],[140.25628,38.78744],[140.25396,38.78666],[140.2543,38.78632],[140.25785,38.78659],[140.2587,38.78761],[140.26246,38.78967],[140.26313,38.79049],[140.26505,38.78834],[140.26809,38.79],[140.26871,38.78971],[140.26852,38.7885],[140.26912,38.78792],[140.27108,38.78807],[140.27241,38.78603],[140.27138,38.78531],[140.2723,38.78362],[140.27395,38.78434],[140.27337,38.78318],[140.27076,38.7817],[140.26908,38.78132],[140.26847,38.78041],[140.26595,38.78047],[140.266,38.77967],[140.26873,38.77867],[140.26867,38.77716],[140.26,38.77326],[140.26023,38.77265],[140.25863,38.77322],[140.25474,38.77233],[140.25261,38.77249],[140.25475,38.77029],[140.25366,38.76954],[140.25212,38.76979],[140.25076,38.76839],[140.24892,38.76839],[140.24608,38.76661],[140.24278,38.76711],[140.24108,38.76864],[140.24142,38.76943],[140.24078,38.77035],[140.23919,38.77018],[140.23834,38.77061],[140.23451,38.76934],[140.23074,38.76953],[140.22866,38.76676],[140.22907,38.76567],[140.22845,38.76522],[140.22741,38.76606],[140.22534,38.76598],[140.22032,38.768],[140.2184,38.76726],[140.21828,38.76617],[140.21693,38.7652],[140.2158,38.76532],[140.21282,38.76764],[140.21052,38.76769],[140.20923,38.77202],[140.20562,38.77427],[140.20557,38.7755],[140.20642,38.77632],[140.2044,38.77785],[140.20627,38.78396],[140.20487,38.78581],[140.20558,38.78813],[140.20534,38.78874]]]}},{"type":"Feature","properties":{"id":"muni-06367","name":"戸沢村"},"geometry":{"type":"Polygon","coordinates":[[[140.19344,38.72271],[140.19293,38.72017],[140.19393,38.71919],[140.19472,38.71702],[140.19573,38.71642],[140.19643,38.71505],[140.19803,38.7153],[140.19867,38.71366],[140.20024,38.71229],[140.19856,38.7103],[140.19814,38.70891],[140.19517,38.70693],[140.19566,38.70596],[140.19193,38.70177],[140.19241,38.7001],[140.19166,38.69917],[140.19574,38.69448],[140.19419,38.69394],[140.19286,38.69198],[140.19152,38.6912],[140.19005,38.68663],[140.18958,38.68632],[140.19228,38.68018],[140.19039,38.6765],[140.19081,38.67515],[140.19245,38.67339],[140.19412,38.67321],[140.19534,38.67193],[140.19909,38.67087],[140.19899,38.66942],[140.19504,38.66103],[140.19625,38.65961],[140.19614,38.65707],[140.1953,38.65722],[140.19535,38.65916],[140.195,38.65927],[140.19494,38.65769],[140.19446,38.65704],[140.19509,38.65578],[140.19859,38.65527],[140.19893,38.65444],[140.19417,38.65224],[140.19301,38.651],[140.19218,38.6509],[140.19214,38.65214],[140.18868,38.65183],[140.18617,38.64666],[140.18656,38.64243],[140.18329,38.64118],[140.18297,38.64009],[140.18369,38.63902],[140.18323,38.63624],[140.18051,38.63425],[140.17718,38.6296],[140.16944,38.63087],[140.16605,38.63246],[140.16416,38.63117],[140.16262,38.63081],[140.15443,38.63182],[140.15246,38.63126],[140.15233,38.63056],[140.15271,38.62948],[140.15544,38.62698],[140.15581,38.62596],[140.15363,38.62548],[140.15294,38.62442],[140.15132,38.62443],[140.14921,38.62358],[140.14811,38.62191],[140.14464,38.62071],[140.14324,38.61935],[140.14046,38.61897],[140.13886,38.61596],[140.13787,38.61571],[140.13618,38.61427],[140.13373,38.61474],[140.13069,38.61441],[140.12863,38.61548],[140.12639,38.61482],[140.12303,38.61502],[140.12101,38.61729],[140.11925,38.61773],[140.11616,38.6164],[140.11354,38.61699],[140.11163,38.61681],[140.11094,38.6159],[140.10928,38.61667],[140.10873,38.61913],[140.10826,38.61941],[140.10648,38.61967],[140.10288,38.62143],[140.101,38.62123],[140.09741,38.62179],[140.0953,38.62271],[140.09476,38.62342],[140.09463,38.62529],[140.09348,38.62592],[140.09152,38.62814],[140.08993,38.62797],[140.08926,38.62865],[140.08613,38.62865],[140.085,38.62998],[140.083,38.62948],[140.08107,38.62984],[140.08005,38.63168],[140.08042,38.63374],[140.08012,38.63401],[140.07707,38.63441],[140.07192,38.63386],[140.07076,38.636],[140.06965,38.63692],[140.06912,38.64102],[140.06432,38.6401],[140.06362,38.6408],[140.06247,38.64389],[140.06281,38.64789],[140.0611,38.6497],[140.05936,38.65378],[140.05651,38.65674],[140.05515,38.65753],[140.05511,38.65879],[140.05419,38.65939],[140.05084,38.65947],[140.04879,38.65729],[140.04816,38.65725],[140.04626,38.65794],[140.04451,38.6596],[140.04329,38.65994],[140.04291,38.66058],[140.04349,38.6621],[140.04257,38.6644],[140.04329,38.66566],[140.04182,38.66919],[140.03995,38.67038],[140.03957,38.67198],[140.03651,38.67458],[140.03358,38.67413],[140.0328,38.67613],[140.03318,38.67751],[140.03198,38.67924],[140.0351,38.68044],[140.03965,38.68107],[140.0426,38.68348],[140.04157,38.68411],[140.04197,38.68885],[140.04072,38.69156],[140.04199,38.69224],[140.04194,38.69559],[140.0427,38.6968],[140.04057,38.69824],[140.03891,38.70014],[140.04001,38.70135],[140.04234,38.70221],[140.04495,38.70464],[140.04615,38.70476],[140.04985,38.70759],[140.0496,38.70818],[140.05047,38.71097],[140.05276,38.715],[140.0522,38.71895],[140.05595,38.7221],[140.05572,38.72452],[140.05622,38.7262],[140.05396,38.72641],[140.05353,38.72717],[140.0506,38.72743],[140.04986,38.72984],[140.0464,38.73065],[140.04651,38.73327],[140.04575,38.73512],[140.0436,38.73758],[140.04351,38.73984],[140.04292,38.74047],[140.04397,38.74152],[140.04369,38.74301],[140.04496,38.7436],[140.04366,38.7439],[140.04264,38.74556],[140.04011,38.74646],[140.03971,38.74707],[140.03997,38.74806],[140.034,38.74926],[140.03554,38.7519],[140.03855,38.75289],[140.03863,38.75398],[140.03695,38.75501],[140.03453,38.76241],[140.02877,38.77022],[140.02963,38.77417],[140.03164,38.7764],[140.03265,38.77649],[140.03417,38.77414],[140.0365,38.77492],[140.03843,38.77618],[140.04066,38.77964],[140.04257,38.78149],[140.04682,38.78205],[140.04886,38.78389],[140.05043,38.78456],[140.05205,38.78663],[140.05579,38.78927],[140.05976,38.78944],[140.06107,38.78859],[140.06374,38.78869],[140.06441,38.78834],[140.06724,38.78946],[140.06703,38.7909],[140.06923,38.79137],[140.06969,38.79298],[140.07174,38.79306],[140.07294,38.79363],[140.07478,38.7933],[140.07486,38.79518],[140.07332,38.79777],[140.08267,38.7992],[140.08529,38.80062],[140.08517,38.80227],[140.07978,38.80604],[140.07677,38.81134],[140.07689,38.81414],[140.07972,38.81474],[140.08225,38.81708],[140.0844,38.81798],[140.08923,38.81914],[140.09171,38.81821],[140.09588,38.81765],[140.10041,38.81825],[140.10498,38.81797],[140.107,38.81834],[140.11165,38.81738],[140.11715,38.8209],[140.12036,38.81952],[140.12234,38.81721],[140.1243,38.81633],[140.12624,38.81273],[140.12747,38.81197],[140.12991,38.80921],[140.13128,38.80841],[140.13415,38.80793],[140.13615,38.80855],[140.14027,38.80456],[140.14203,38.80402],[140.14376,38.80257],[140.1455,38.80185],[140.14864,38.80362],[140.15133,38.80783],[140.15299,38.80868],[140.15353,38.8089],[140.1568,38.80798],[140.15754,38.80832],[140.15888,38.81048],[140.16288,38.81225],[140.16463,38.81115],[140.16859,38.81139],[140.17045,38.80997],[140.17038,38.80906],[140.16867,38.80806],[140.16901,38.80655],[140.16676,38.80629],[140.16623,38.80582],[140.16478,38.80646],[140.16321,38.805],[140.16151,38.80488],[140.16014,38.80537],[140.15874,38.80365],[140.16105,38.80175],[140.16702,38.80415],[140.16871,38.80388],[140.16954,38.80438],[140.17101,38.80403],[140.17173,38.80345],[140.17129,38.80245],[140.17067,38.80259],[140.17061,38.802],[140.17201,38.80018],[140.17264,38.80006],[140.17226,38.79939],[140.17731,38.80039],[140.17844,38.79871],[140.17975,38.79791],[140.18212,38.79324],[140.18992,38.79262],[140.19202,38.79287],[140.19285,38.79381],[140.19527,38.79451],[140.19638,38.79538],[140.19869,38.79478],[140.19859,38.79331],[140.1994,38.79283],[140.19967,38.79172],[140.20073,38.79058],[140.20091,38.78938],[140.20509,38.78897],[140.20558,38.78813],[140.20487,38.78581],[140.20627,38.78386],[140.2044,38.77785],[140.20642,38.77632],[140.20557,38.7755],[140.20562,38.77427],[140.20923,38.77202],[140.21052,38.76769],[140.21282,38.76764],[140.2158,38.76532],[140.21415,38.76457],[140.21402,38.76287],[140.21342,38.76232],[140.21046,38.76077],[140.20984,38.75976],[140.20853,38.75937],[140.20806,38.75876],[140.20682,38.75936],[140.19953,38.75657],[140.20065,38.75477],[140.1993,38.74909],[140.20167,38.75086],[140.20277,38.75077],[140.20393,38.74943],[140.20526,38.74951],[140.2052,38.74713],[140.20711,38.74362],[140.2084,38.74277],[140.20736,38.74147],[140.20685,38.73957],[140.20517,38.73966],[140.20276,38.73861],[140.20331,38.73454],[140.20299,38.73256],[140.20135,38.72923],[140.20015,38.72842],[140.20273,38.72566],[140.19857,38.72312],[140.19601,38.72239],[140.19344,38.72271]]]}},{"type":"Feature","properties":{"id":"muni-06381","name":"高畠町"},"geometry":{"type":"MultiPolygon","coordinates":[[[[140.11255,37.97966],[140.11048,37.9785],[140.11246,37.98033],[140.1148,37.98438],[140.11357,37.9853],[140.1134,37.98609],[140.11444,37.98717],[140.11587,37.98737],[140.11478,37.98874],[140.11593,37.98938],[140.11594,37.98989],[140.11779,37.98996],[140.11775,37.99093],[140.11834,37.991],[140.11822,37.99259],[140.11872,37.99335],[140.11932,37.99268],[140.11915,37.99464],[140.11976,37.99526],[140.12189,37.99475],[140.12329,37.99867],[140.12579,38.00041],[140.12745,38.00073],[140.13044,38.00239],[140.13098,38.00418],[140.13253,38.00558],[140.13289,38.00708],[140.13224,38.01181],[140.13135,38.01262],[140.12888,38.01245],[140.12876,38.01323],[140.13122,38.01438],[140.13558,38.01446],[140.13615,38.01377],[140.13653,38.014],[140.13624,38.01524],[140.13663,38.01537],[140.13563,38.01622],[140.13539,38.01801],[140.13425,38.01935],[140.13103,38.01801],[140.13048,38.01815],[140.13046,38.01732],[140.12568,38.01759],[140.12551,38.01995],[140.1263,38.02039],[140.12621,38.02299],[140.13132,38.02272],[140.13184,38.02327],[140.13338,38.02342],[140.13423,38.02455],[140.13607,38.02445],[140.14153,38.02278],[140.14564,38.02396],[140.14576,38.02124],[140.14775,38.02066],[140.1496,38.02177],[140.14803,38.02055],[140.15015,38.02087],[140.15183,38.01995],[140.15704,38.01938],[140.15897,38.02419],[140.16003,38.02488],[140.16466,38.02509],[140.16573,38.02583],[140.16723,38.02785],[140.1672,38.02893],[140.16818,38.02912],[140.16854,38.02998],[140.168,38.0318],[140.16896,38.03268],[140.16915,38.03354],[140.17012,38.03376],[140.17023,38.03479],[140.17255,38.03468],[140.17498,38.03741],[140.18084,38.04104],[140.18472,38.04072],[140.18784,38.0387],[140.19143,38.03757],[140.19433,38.03742],[140.19712,38.04002],[140.20531,38.04067],[140.20514,38.04147],[140.2126,38.04321],[140.21186,38.04631],[140.20161,38.04847],[140.19942,38.05057],[140.19963,38.05259],[140.19891,38.05481],[140.20247,38.05617],[140.20316,38.05794],[140.20707,38.06008],[140.20737,38.06115],[140.20694,38.06385],[140.20769,38.06495],[140.20775,38.06794],[140.21078,38.07007],[140.21242,38.07245],[140.21541,38.07346],[140.21521,38.0743],[140.21633,38.07551],[140.22036,38.07605],[140.22301,38.07754],[140.2275,38.07903],[140.23347,38.08247],[140.2382,38.08102],[140.24142,38.08236],[140.24396,38.08096],[140.24782,38.08157],[140.25047,38.07919],[140.25311,38.07568],[140.25496,38.075],[140.25614,38.07518],[140.26148,38.07232],[140.26237,38.06992],[140.26571,38.06696],[140.26511,38.06493],[140.26572,38.06372],[140.26868,38.06272],[140.26918,38.05933],[140.27152,38.05831],[140.27382,38.05807],[140.27511,38.05689],[140.27885,38.05516],[140.27863,38.05433],[140.2806,38.052],[140.28349,38.05005],[140.28277,38.04861],[140.28182,38.04386],[140.27925,38.04361],[140.27817,38.04077],[140.27859,38.03979],[140.27581,38.036],[140.27697,38.03296],[140.27576,38.03104],[140.27601,38.02868],[140.2776,38.02863],[140.27869,38.02803],[140.28081,38.02538],[140.28146,38.01895],[140.28356,38.01774],[140.28322,38.01589],[140.28429,38.01489],[140.28662,38.01098],[140.2868,38.00858],[140.29004,38.00745],[140.28233,38.0011],[140.2797,37.99625],[140.27653,37.99341],[140.27644,37.99094],[140.27504,37.98888],[140.27534,37.98802],[140.27471,37.98235],[140.27665,37.98109],[140.27875,37.97866],[140.27963,37.97833],[140.27995,37.97688],[140.27635,37.97508],[140.27541,37.97287],[140.27423,37.97128],[140.27324,37.97083],[140.27108,37.96699],[140.27163,37.96635],[140.27226,37.96339],[140.27197,37.96054],[140.27261,37.9595],[140.2721,37.95816],[140.27321,37.95677],[140.27617,37.95661],[140.27623,37.95453],[140.27814,37.9527],[140.27739,37.95176],[140.27745,37.95021],[140.27677,37.94872],[140.27531,37.9473],[140.27746,37.94547],[140.27916,37.94225],[140.28107,37.94156],[140.27934,37.93947],[140.27828,37.93931],[140.27884,37.93741],[140.2788,37.93465],[140.27931,37.93369],[140.27851,37.93251],[140.27851,37.93035],[140.27598,37.92862],[140.27574,37.92776],[140.27664,37.92718],[140.27649,37.92631],[140.27401,37.92403],[140.27376,37.92268],[140.27144,37.91946],[140.26735,37.91787],[140.26626,37.91903],[140.26372,37.91934],[140.26402,37.92019],[140.26301,37.92258],[140.26241,37.92272],[140.25882,37.92094],[140.25632,37.92097],[140.25447,37.92028],[140.25062,37.91998],[140.24705,37.91756],[140.24651,37.91633],[140.23904,37.91917],[140.23526,37.9177],[140.23092,37.91697],[140.22891,37.91365],[140.22569,37.91126],[140.22254,37.90999],[140.22279,37.90901],[140.22594,37.90672],[140.22529,37.90434],[140.22389,37.90392],[140.22187,37.90086],[140.21765,37.90043],[140.216,37.89774],[140.21439,37.89778],[140.21219,37.896],[140.20697,37.89711],[140.20561,37.89941],[140.20284,37.8976],[140.20047,37.89903],[140.19291,37.89954],[140.1946,37.90051],[140.19286,37.90365],[140.19522,37.90478],[140.1957,37.90567],[140.19551,37.90785],[140.18981,37.91308],[140.18959,37.91776],[140.18747,37.91831],[140.18812,37.91962],[140.18742,37.92108],[140.1902,37.92213],[140.19054,37.92502],[140.18745,37.92733],[140.18772,37.92855],[140.18703,37.92916],[140.1846,37.9291],[140.18458,37.93035],[140.18395,37.93116],[140.18428,37.93173],[140.18714,37.93306],[140.18616,37.93591],[140.18765,37.93588],[140.19238,37.93778],[140.18885,37.93776],[140.18529,37.9388],[140.18286,37.93866],[140.18193,37.93817],[140.18209,37.93621],[140.17902,37.93508],[140.17708,37.93588],[140.17614,37.93685],[140.17016,37.93873],[140.16872,37.93883],[140.16733,37.9371],[140.16597,37.9375],[140.16582,37.93826],[140.16441,37.93926],[140.1657,37.9402],[140.16655,37.94356],[140.16596,37.94519],[140.16521,37.94544],[140.16487,37.94754],[140.16403,37.94845],[140.16483,37.94899],[140.16477,37.94973],[140.16566,37.94992],[140.16674,37.95127],[140.1641,37.95102],[140.16413,37.9514],[140.16488,37.9515],[140.16388,37.95284],[140.1655,37.95304],[140.1657,37.95358],[140.1643,37.95448],[140.16249,37.95465],[140.16274,37.95562],[140.16197,37.9572],[140.16088,37.9575],[140.16064,37.95823],[140.16087,37.96033],[140.16032,37.9625],[140.15777,37.96316],[140.15826,37.96372],[140.15634,37.96416],[140.15532,37.96422],[140.15472,37.9633],[140.15341,37.96317],[140.15359,37.96364],[140.15251,37.96483],[140.15322,37.9653],[140.15281,37.966],[140.15198,37.96599],[140.15156,37.96658],[140.15171,37.96921],[140.15066,37.96982],[140.15116,37.97064],[140.14995,37.97117],[140.14896,37.97059],[140.14845,37.97083],[140.1476,37.96831],[140.14667,37.96775],[140.14626,37.96814],[140.14471,37.97126],[140.14497,37.97294],[140.14605,37.9741],[140.14788,37.9781],[140.14749,37.97922],[140.14241,37.97959],[140.14223,37.97853],[140.13914,37.97898],[140.13754,37.97835],[140.13692,37.97757],[140.13739,37.97624],[140.13814,37.97562],[140.13803,37.97447],[140.13647,37.97338],[140.13305,37.9694],[140.13121,37.96968],[140.12815,37.9657],[140.12477,37.96568],[140.12461,37.96615],[140.12409,37.96525],[140.12426,37.96612],[140.1214,37.96544],[140.12189,37.96643],[140.12294,37.96622],[140.12435,37.96846],[140.12483,37.9684],[140.1256,37.96943],[140.12617,37.96932],[140.12592,37.96985],[140.12817,37.97432],[140.12702,37.97468],[140.12743,37.97548],[140.1266,37.97574],[140.12883,37.98021],[140.12969,37.97995],[140.13214,37.9849],[140.12707,37.98702],[140.12554,37.98528],[140.12451,37.98582],[140.12346,37.9846],[140.12445,37.98404],[140.12283,37.98212],[140.12194,37.98238],[140.12091,37.98031],[140.12139,37.98018],[140.12098,37.97962],[140.1217,37.97938],[140.1212,37.97837],[140.12015,37.97869],[140.11829,37.97381],[140.11602,37.97429],[140.1159,37.97398],[140.11179,37.97518],[140.11403,37.9786],[140.11237,37.97927],[140.11255,37.97966]]],[[[140.13305,38.02624],[140.13187,38.02624],[140.13186,38.02735],[140.13269,38.02734],[140.13305,38.02624]]],[[[140.13636,38.02761],[140.13395,38.02569],[140.13358,38.02876],[140.13299,38.02874],[140.13829,38.02919],[140.13716,38.02891],[140.13636,38.02761]]]]}},{"type":"Feature","properties":{"id":"muni-06382","name":"川西町"},"geometry":{"type":"MultiPolygon","coordinates":[[[[140.07439,37.97647],[140.07489,37.97495],[140.07375,37.97362],[140.07434,37.97175],[140.06962,37.96934],[140.0669,37.96848],[140.06681,37.96736],[140.06525,37.96773],[140.06507,37.96677],[140.06235,37.96525],[140.06186,37.96415],[140.05984,37.96354],[140.05809,37.9622],[140.05687,37.96028],[140.05393,37.95782],[140.05212,37.95551],[140.05115,37.95135],[140.05025,37.95004],[140.05047,37.94884],[140.05249,37.94725],[140.05511,37.94732],[140.05651,37.94787],[140.05708,37.94746],[140.05152,37.94203],[140.05135,37.94073],[140.04867,37.94065],[140.0467,37.93957],[140.04295,37.94114],[140.03841,37.94229],[140.03446,37.94122],[140.03301,37.93908],[140.03296,37.93761],[140.03092,37.93162],[140.03384,37.92862],[140.03358,37.92762],[140.03236,37.92621],[140.03385,37.92482],[140.03374,37.92333],[140.0346,37.92171],[140.03423,37.92029],[140.0269,37.91647],[140.02545,37.91634],[140.02226,37.91473],[140.01817,37.91015],[140.01476,37.90863],[140.01534,37.90606],[140.01435,37.9039],[140.01269,37.9012],[140.01032,37.90032],[140.00924,37.89888],[140.00459,37.89733],[139.99963,37.89735],[139.99922,37.89833],[139.9979,37.89869],[139.99623,37.89786],[139.99245,37.89704],[139.99094,37.89551],[139.99085,37.89438],[139.98829,37.89433],[139.98815,37.89496],[139.98737,37.89511],[139.98633,37.89446],[139.98532,37.89506],[139.98296,37.89501],[139.98201,37.89558],[139.98008,37.89537],[139.97951,37.89442],[139.98022,37.89371],[139.98006,37.89221],[139.98189,37.89195],[139.98179,37.89091],[139.98261,37.88905],[139.9791,37.88674],[139.97894,37.88556],[139.97675,37.88534],[139.97387,37.88377],[139.97268,37.88424],[139.97102,37.88351],[139.96666,37.88398],[139.96411,37.88277],[139.9622,37.88355],[139.9597,37.88141],[139.95822,37.87718],[139.95679,37.87765],[139.95333,37.87572],[139.94974,37.87482],[139.94853,37.87539],[139.94764,37.87692],[139.94528,37.87879],[139.94271,37.88027],[139.93894,37.88506],[139.93832,37.88709],[139.93855,37.89113],[139.93804,37.89241],[139.93864,37.89552],[139.93555,37.8987],[139.93618,37.90313],[139.93766,37.90405],[139.93959,37.90359],[139.94259,37.90473],[139.9452,37.90495],[139.94631,37.90611],[139.94508,37.90838],[139.94574,37.90969],[139.94507,37.91193],[139.94445,37.91237],[139.94476,37.91288],[139.94398,37.91628],[139.94209,37.91789],[139.94174,37.92045],[139.94116,37.92102],[139.94115,37.92202],[139.94242,37.92394],[139.94229,37.92482],[139.94015,37.92524],[139.93694,37.92679],[139.93453,37.92613],[139.93222,37.92743],[139.92864,37.9268],[139.92646,37.92822],[139.92363,37.93116],[139.9235,37.93268],[139.92226,37.93436],[139.92179,37.9362],[139.92306,37.9392],[139.92425,37.94019],[139.92407,37.94183],[139.93178,37.94587],[139.93133,37.9492],[139.93318,37.94926],[139.93397,37.94982],[139.93935,37.94773],[139.94378,37.94825],[139.94693,37.94738],[139.94891,37.94764],[139.95001,37.9472],[139.95224,37.9477],[139.95266,37.94968],[139.95139,37.95062],[139.95099,37.95154],[139.95237,37.9527],[139.95198,37.95926],[139.95374,37.96225],[139.95642,37.96424],[139.957,37.96614],[139.95872,37.96707],[139.95916,37.96798],[139.96109,37.96828],[139.96375,37.97001],[139.96427,37.97088],[139.96177,37.97223],[139.96357,37.97469],[139.96211,37.97557],[139.96226,37.97647],[139.96135,37.97715],[139.96138,37.97779],[139.96191,37.97841],[139.96191,37.97939],[139.96369,37.98195],[139.96391,37.98434],[139.96225,37.98684],[139.96321,37.98874],[139.96442,37.98936],[139.96436,37.9902],[139.96605,37.99166],[139.96779,37.99426],[139.96784,37.99519],[139.96855,37.99584],[139.96799,37.99641],[139.96818,37.99871],[139.96979,37.99896],[139.97175,37.9984],[139.97285,38.00021],[139.97576,38.00047],[139.9763,38.00184],[139.97571,38.00316],[139.97633,38.00361],[139.97601,38.00673],[139.97972,38.00853],[139.98286,38.0087],[139.9898,38.00656],[139.9925,38.00785],[139.99338,38.00938],[139.99441,38.00913],[139.99659,38.00986],[139.99826,38.00966],[140.00074,38.01064],[140.00278,38.00979],[140.00637,38.01007],[140.00901,38.00885],[140.01216,38.00893],[140.01422,38.01075],[140.01776,38.01071],[140.01835,38.0128],[140.01893,38.01322],[140.02327,38.01392],[140.02331,38.01543],[140.02611,38.01719],[140.02694,38.01896],[140.02661,38.01929],[140.02824,38.02079],[140.02811,38.0225],[140.02863,38.0231],[140.03056,38.02406],[140.03468,38.02403],[140.03629,38.02576],[140.03468,38.02828],[140.03497,38.03076],[140.0334,38.03135],[140.03196,38.03311],[140.03194,38.03586],[140.03295,38.03792],[140.03064,38.04006],[140.03067,38.04072],[140.02966,38.04059],[140.02995,38.04123],[140.02863,38.04154],[140.02885,38.04227],[140.02959,38.04222],[140.03087,38.04304],[140.03234,38.04178],[140.03308,38.04323],[140.0359,38.04361],[140.03579,38.04414],[140.03653,38.0442],[140.03635,38.04451],[140.04073,38.04732],[140.03929,38.04869],[140.04009,38.0492],[140.0406,38.04881],[140.04216,38.04951],[140.04254,38.04902],[140.04272,38.04961],[140.04422,38.04867],[140.04522,38.04858],[140.04553,38.04884],[140.04489,38.04898],[140.04499,38.04956],[140.04457,38.04966],[140.04509,38.05038],[140.04624,38.05011],[140.04701,38.05049],[140.0554,38.04999],[140.05652,38.0513],[140.05552,38.05216],[140.05526,38.05326],[140.05599,38.05444],[140.05591,38.05592],[140.05646,38.05613],[140.05591,38.05669],[140.0559,38.05869],[140.05799,38.05745],[140.05964,38.0584],[140.05986,38.0601],[140.06091,38.06073],[140.06176,38.06345],[140.06247,38.06336],[140.06403,38.06512],[140.0637,38.06637],[140.06414,38.06661],[140.06924,38.06601],[140.07228,38.06368],[140.07227,38.06248],[140.07014,38.06013],[140.06959,38.05584],[140.07013,38.05517],[140.07333,38.05388],[140.07383,38.05187],[140.07523,38.05044],[140.07557,38.0494],[140.07837,38.05032],[140.08171,38.04997],[140.08141,38.04632],[140.07806,38.04743],[140.07839,38.04643],[140.08208,38.04597],[140.08506,38.04773],[140.08678,38.04799],[140.09022,38.04788],[140.09037,38.04718],[140.09126,38.0473],[140.09038,38.05022],[140.09227,38.05067],[140.09267,38.04979],[140.09398,38.0501],[140.09404,38.04772],[140.09578,38.04709],[140.09855,38.04715],[140.10012,38.04568],[140.09985,38.04389],[140.09686,38.043],[140.09569,38.04211],[140.09528,38.04104],[140.09574,38.04063],[140.09853,38.04168],[140.09922,38.0403],[140.10303,38.04204],[140.10413,38.04178],[140.10345,38.0427],[140.10407,38.0427],[140.10439,38.04177],[140.10485,38.04178],[140.10483,38.04065],[140.10585,38.04016],[140.10541,38.03873],[140.1049,38.03889],[140.10491,38.03525],[140.10476,38.03632],[140.1039,38.03699],[140.10402,38.03754],[140.1023,38.03804],[140.09978,38.0357],[140.09938,38.03378],[140.10014,38.03232],[140.10232,38.03102],[140.10487,38.03292],[140.10772,38.03286],[140.1086,38.03382],[140.1085,38.03528],[140.1093,38.0361],[140.11101,38.03586],[140.11193,38.03401],[140.112,38.03198],[140.10985,38.03183],[140.10975,38.03146],[140.10671,38.0322],[140.10669,38.02911],[140.10743,38.02893],[140.10854,38.02997],[140.1082,38.02592],[140.10765,38.02619],[140.10806,38.02544],[140.10951,38.02527],[140.11003,38.02638],[140.11176,38.02627],[140.11456,38.02777],[140.11629,38.02767],[140.11704,38.0271],[140.11724,38.02422],[140.11957,38.0233],[140.12185,38.02083],[140.12384,38.02037],[140.12389,38.02103],[140.1222,38.02354],[140.11954,38.02451],[140.11896,38.0254],[140.11923,38.02662],[140.1199,38.02715],[140.12257,38.02697],[140.12345,38.02629],[140.12431,38.02416],[140.12621,38.02299],[140.1263,38.02039],[140.12551,38.01995],[140.12568,38.01759],[140.13046,38.01732],[140.13048,38.01815],[140.13103,38.01801],[140.13425,38.01935],[140.13539,38.01801],[140.13563,38.01622],[140.13663,38.01537],[140.13624,38.01524],[140.13632,38.01372],[140.13558,38.01446],[140.13122,38.01438],[140.12876,38.01323],[140.12888,38.01245],[140.13135,38.01262],[140.13224,38.01181],[140.13289,38.00708],[140.13253,38.00558],[140.13098,38.00418],[140.13044,38.00239],[140.12745,38.00073],[140.12579,38.00041],[140.12329,37.99867],[140.12189,37.99475],[140.11976,37.99526],[140.11915,37.99464],[140.11932,37.99268],[140.11872,37.99335],[140.11822,37.99259],[140.11834,37.991],[140.11775,37.99093],[140.11779,37.98996],[140.11594,37.98989],[140.11593,37.98938],[140.11478,37.98874],[140.11587,37.98737],[140.11444,37.98717],[140.1134,37.98609],[140.11357,37.9853],[140.1148,37.98438],[140.11246,37.98033],[140.11048,37.9785],[140.11153,37.9765],[140.11149,37.97553],[140.11006,37.97409],[140.11005,37.9745],[140.1088,37.97459],[140.10742,37.97547],[140.10676,37.97489],[140.10599,37.97358],[140.10544,37.97004],[140.10334,37.96985],[140.1029,37.97041],[140.10123,37.97056],[140.1015,37.97171],[140.09919,37.97202],[140.09962,37.97453],[140.09551,37.97478],[140.09541,37.97552],[140.09328,37.97558],[140.09349,37.9767],[140.09203,37.97723],[140.09043,37.97725],[140.0889,37.97662],[140.0886,37.97576],[140.0853,37.97482],[140.08416,37.97475],[140.08341,37.97604],[140.08125,37.97598],[140.08052,37.97548],[140.08065,37.97418],[140.07516,37.97539],[140.07439,37.97647]]],[[[140.11592,38.03088],[140.11586,38.0303],[140.11653,38.03026],[140.11644,38.02944],[140.11469,38.02903],[140.1139,38.02949],[140.11433,38.03001],[140.11329,38.03109],[140.11455,38.03155],[140.11592,38.03088]]]]}},{"type":"Feature","properties":{"id":"muni-06401","name":"小国町"},"geometry":{"type":"Polygon","coordinates":[[[139.92135,38.26333],[139.92135,38.26166],[139.92227,38.2605],[139.91981,38.25817],[139.91884,38.25644],[139.91671,38.25504],[139.91595,38.25379],[139.9169,38.25056],[139.91644,38.2492],[139.91675,38.24668],[139.91172,38.24541],[139.9107,38.24259],[139.90945,38.24144],[139.90689,38.24066],[139.9061,38.23987],[139.90526,38.23704],[139.9023,38.23498],[139.90219,38.23379],[139.90278,38.23336],[139.90304,38.23146],[139.90238,38.22861],[139.90301,38.22537],[139.89985,38.22205],[139.90007,38.21937],[139.89927,38.21662],[139.89647,38.21591],[139.89534,38.21474],[139.89155,38.21287],[139.89047,38.21092],[139.88729,38.20907],[139.88676,38.20763],[139.88398,38.20619],[139.88176,38.20225],[139.87939,38.20116],[139.87751,38.19953],[139.8793,38.19755],[139.87914,38.19657],[139.88009,38.1933],[139.88113,38.19156],[139.88257,38.19042],[139.88257,38.18926],[139.88044,38.18606],[139.88065,38.18128],[139.87848,38.17875],[139.87862,38.17826],[139.88012,38.17756],[139.88021,38.17666],[139.87948,38.17504],[139.87989,38.1739],[139.8787,38.1732],[139.87897,38.16898],[139.87977,38.16835],[139.87979,38.16743],[139.88089,38.16642],[139.88106,38.16554],[139.88442,38.16203],[139.88347,38.16153],[139.88185,38.15862],[139.88192,38.15795],[139.88261,38.15638],[139.88494,38.15484],[139.88783,38.15478],[139.89257,38.15312],[139.89499,38.15075],[139.89551,38.14923],[139.89643,38.14825],[139.89636,38.14741],[139.89528,38.14704],[139.89482,38.14631],[139.89474,38.14442],[139.89296,38.1434],[139.89165,38.13994],[139.88728,38.13701],[139.88696,38.13608],[139.88732,38.13109],[139.89122,38.12455],[139.89311,38.12273],[139.89318,38.12209],[139.89428,38.1216],[139.89484,38.11776],[139.89574,38.11693],[139.89593,38.11534],[139.89515,38.1128],[139.89653,38.11139],[139.89848,38.10725],[139.89767,38.10647],[139.89531,38.10568],[139.89523,38.10327],[139.8937,38.1016],[139.89152,38.10038],[139.8902,38.10041],[139.88985,38.09971],[139.88891,38.09937],[139.88937,38.09572],[139.88814,38.09495],[139.88877,38.09306],[139.88847,38.09175],[139.88907,38.09049],[139.8888,38.089],[139.88767,38.08749],[139.8863,38.08679],[139.88832,38.08425],[139.88892,38.08239],[139.89021,38.08121],[139.89162,38.08082],[139.89375,38.07787],[139.89496,38.07731],[139.89996,38.07692],[139.90144,38.0752],[139.90227,38.0749],[139.90321,38.07337],[139.90751,38.0703],[139.90909,38.06725],[139.91046,38.06597],[139.90865,38.05661],[139.90946,38.05554],[139.90801,38.05379],[139.90815,38.05276],[139.91119,38.05119],[139.91692,38.04994],[139.91797,38.04784],[139.91691,38.04665],[139.91697,38.04403],[139.91817,38.04262],[139.91742,38.04177],[139.91734,38.03941],[139.91835,38.0362],[139.91971,38.03564],[139.91915,38.03517],[139.91925,38.03454],[139.92039,38.03319],[139.92197,38.02961],[139.92252,38.02474],[139.92163,38.02077],[139.92304,38.01539],[139.92296,38.0127],[139.92255,38.01204],[139.91907,38.01104],[139.91924,38.00889],[139.91694,38.00584],[139.91596,38.0055],[139.9136,38.00653],[139.90929,38.00491],[139.90584,38.00223],[139.90501,38.00205],[139.90339,37.99978],[139.90197,37.9994],[139.90151,37.99808],[139.90349,37.99359],[139.90325,37.99173],[139.90096,37.99062],[139.89992,37.98938],[139.89916,37.98521],[139.89823,37.98289],[139.89084,37.98185],[139.88552,37.97934],[139.88124,37.97809],[139.87537,37.97866],[139.86991,37.97984],[139.86588,37.9796],[139.86508,37.9788],[139.86242,37.97775],[139.85994,37.9774],[139.85696,37.97898],[139.85613,37.97891],[139.85624,37.97343],[139.85259,37.96966],[139.853,37.96891],[139.85238,37.96778],[139.85334,37.96699],[139.85325,37.96595],[139.85143,37.96578],[139.85096,37.96502],[139.85253,37.96326],[139.85336,37.96304],[139.85363,37.96195],[139.85241,37.96102],[139.85072,37.96065],[139.85023,37.9594],[139.85322,37.95895],[139.85497,37.95818],[139.85624,37.95566],[139.86135,37.95596],[139.8609,37.95492],[139.85703,37.95428],[139.85373,37.95123],[139.85364,37.94603],[139.85404,37.94402],[139.85502,37.94294],[139.85367,37.93993],[139.85392,37.93777],[139.85172,37.9371],[139.84859,37.93526],[139.84832,37.93304],[139.84903,37.93194],[139.84835,37.93011],[139.84622,37.92754],[139.84603,37.92648],[139.84317,37.92556],[139.84168,37.92633],[139.83664,37.92675],[139.83479,37.92333],[139.83398,37.92274],[139.82922,37.92415],[139.82818,37.92525],[139.82534,37.92434],[139.82517,37.92387],[139.82601,37.92216],[139.82554,37.91957],[139.8216,37.91659],[139.81764,37.91583],[139.81388,37.91179],[139.81162,37.91179],[139.80738,37.90525],[139.80759,37.90405],[139.80575,37.9027],[139.80717,37.90044],[139.81111,37.89852],[139.81209,37.8919],[139.81149,37.89028],[139.80975,37.88879],[139.80647,37.88766],[139.80289,37.88752],[139.80168,37.8867],[139.79816,37.88717],[139.79491,37.88607],[139.79251,37.88426],[139.78989,37.88404],[139.78908,37.88351],[139.78885,37.88231],[139.78683,37.8799],[139.78605,37.8795],[139.78375,37.87943],[139.78009,37.87849],[139.77766,37.87856],[139.77854,37.87466],[139.77688,37.87241],[139.7759,37.86865],[139.77363,37.86818],[139.77179,37.86691],[139.76874,37.86707],[139.76553,37.86477],[139.76354,37.86395],[139.76247,37.86228],[139.75854,37.85877],[139.75353,37.8603],[139.75147,37.86046],[139.75017,37.85575],[139.74924,37.85402],[139.74939,37.8532],[139.74673,37.85067],[139.74422,37.84533],[139.74129,37.84215],[139.73637,37.84001],[139.73641,37.83929],[139.73554,37.83857],[139.73548,37.83512],[139.7335,37.83401],[139.73235,37.83231],[139.73206,37.83071],[139.73036,37.83042],[139.72935,37.831],[139.72774,37.83317],[139.72725,37.83507],[139.72391,37.8369],[139.72067,37.83961],[139.71906,37.84185],[139.71876,37.84488],[139.71572,37.8471],[139.71507,37.84957],[139.71553,37.85098],[139.71513,37.85269],[139.71103,37.85463],[139.70695,37.85482],[139.70534,37.85422],[139.70522,37.85371],[139.70336,37.8527],[139.70112,37.85212],[139.69962,37.85084],[139.69792,37.84783],[139.69093,37.84842],[139.69051,37.84732],[139.68779,37.84655],[139.68093,37.84701],[139.67879,37.84998],[139.67926,37.85179],[139.676,37.85403],[139.67092,37.85588],[139.66839,37.85742],[139.66755,37.85863],[139.66521,37.85909],[139.6624,37.86093],[139.65942,37.86199],[139.657,37.86411],[139.65705,37.86625],[139.65638,37.86709],[139.65675,37.86859],[139.65777,37.86948],[139.65733,37.8704],[139.65781,37.87193],[139.65238,37.87333],[139.65123,37.87437],[139.65134,37.87509],[139.6505,37.8764],[139.64712,37.87698],[139.64523,37.87793],[139.64283,37.87789],[139.63848,37.88],[139.63833,37.88248],[139.63754,37.88394],[139.63541,37.88533],[139.63515,37.8864],[139.63401,37.88749],[139.63157,37.88908],[139.63115,37.89174],[139.63025,37.8923],[139.62964,37.89374],[139.63019,37.89706],[139.63233,37.89923],[139.63173,37.90138],[139.63004,37.90299],[139.62944,37.90442],[139.62823,37.9056],[139.62811,37.90671],[139.62619,37.90884],[139.62827,37.91182],[139.62724,37.91333],[139.62686,37.91618],[139.62454,37.91756],[139.62416,37.91872],[139.6252,37.91926],[139.6248,37.92004],[139.62502,37.92089],[139.62657,37.92226],[139.62675,37.92469],[139.62747,37.92543],[139.62965,37.92536],[139.63063,37.92652],[139.63217,37.93031],[139.63608,37.93183],[139.63774,37.9331],[139.63955,37.93467],[139.63948,37.93559],[139.64027,37.93686],[139.63995,37.9385],[139.64061,37.94007],[139.63959,37.94131],[139.64134,37.9428],[139.64093,37.9445],[139.64297,37.94671],[139.64183,37.95087],[139.64024,37.95204],[139.64009,37.95265],[139.64095,37.95424],[139.64202,37.95505],[139.64263,37.95809],[139.64229,37.95925],[139.64532,37.96253],[139.64441,37.96394],[139.64447,37.96505],[139.64314,37.96705],[139.63991,37.96777],[139.63809,37.96972],[139.63819,37.97067],[139.64001,37.97235],[139.64059,37.97456],[139.64227,37.97728],[139.64438,37.9795],[139.64359,37.98073],[139.64159,37.98199],[139.63955,37.98413],[139.63944,37.98563],[139.64008,37.98716],[139.64237,37.98831],[139.64497,37.99172],[139.64465,37.99328],[139.64354,37.99445],[139.64374,37.99528],[139.65031,37.99635],[139.65427,37.99621],[139.65256,38.00177],[139.65266,38.00382],[139.65351,38.00606],[139.653,38.00817],[139.65321,38.00976],[139.65451,38.01455],[139.65352,38.01755],[139.65361,38.01909],[139.65254,38.02029],[139.65229,38.02146],[139.65333,38.02484],[139.65523,38.02762],[139.65681,38.02849],[139.65612,38.0311],[139.65629,38.0342],[139.65722,38.03673],[139.65876,38.03838],[139.66224,38.03975],[139.67404,38.04033],[139.67661,38.04131],[139.67798,38.04252],[139.68001,38.04294],[139.68013,38.04423],[139.68148,38.04579],[139.6818,38.04927],[139.69086,38.05279],[139.6917,38.05459],[139.69219,38.05716],[139.69172,38.05907],[139.69031,38.06129],[139.68614,38.06455],[139.6868,38.0663],[139.69131,38.07078],[139.69134,38.07234],[139.69062,38.07404],[139.68987,38.07473],[139.68701,38.07548],[139.6747,38.07643],[139.67291,38.07712],[139.67236,38.07829],[139.67284,38.08038],[139.67349,38.08075],[139.67223,38.08222],[139.67181,38.08426],[139.6729,38.08548],[139.67209,38.08791],[139.67307,38.08995],[139.67483,38.09128],[139.67525,38.09237],[139.67676,38.09272],[139.67997,38.0953],[139.68317,38.10391],[139.68261,38.10789],[139.68435,38.10862],[139.68636,38.111],[139.68851,38.11111],[139.69114,38.11223],[139.69386,38.11564],[139.6934,38.11697],[139.69183,38.11765],[139.69063,38.11899],[139.68841,38.13442],[139.68993,38.13684],[139.68986,38.13843],[139.69062,38.14062],[139.68983,38.14187],[139.68994,38.14319],[139.69153,38.14516],[139.69233,38.14837],[139.69057,38.15008],[139.69049,38.15526],[139.68885,38.15697],[139.68732,38.15708],[139.68486,38.15925],[139.68538,38.16075],[139.68558,38.166],[139.6826,38.1693],[139.68224,38.17143],[139.68464,38.17355],[139.6875,38.178],[139.68773,38.18222],[139.69022,38.18187],[139.69237,38.18246],[139.69357,38.18464],[139.69603,38.18521],[139.69636,38.18647],[139.69596,38.18897],[139.69851,38.1916],[139.69832,38.19488],[139.70043,38.19635],[139.7026,38.19937],[139.70051,38.20128],[139.69924,38.2018],[139.69872,38.2029],[139.70528,38.20427],[139.70889,38.20444],[139.71315,38.20663],[139.71551,38.20609],[139.71839,38.20447],[139.72023,38.2045],[139.72161,38.20586],[139.72338,38.20524],[139.72449,38.20297],[139.7281,38.20212],[139.73097,38.20088],[139.73493,38.202],[139.73877,38.202],[139.74113,38.1998],[139.74311,38.2],[139.74337,38.19923],[139.74491,38.1985],[139.74678,38.19625],[139.74963,38.19602],[139.75066,38.19484],[139.75495,38.19319],[139.75864,38.19325],[139.76092,38.19548],[139.76247,38.19837],[139.76403,38.19897],[139.76698,38.19807],[139.76874,38.19806],[139.76997,38.19723],[139.77429,38.1985],[139.77593,38.19825],[139.77908,38.19607],[139.78153,38.19363],[139.78287,38.19369],[139.78615,38.19258],[139.78652,38.19428],[139.78874,38.19577],[139.78994,38.19744],[139.79174,38.19837],[139.79395,38.19855],[139.79617,38.20111],[139.80029,38.20238],[139.80128,38.20327],[139.80125,38.20449],[139.80225,38.20653],[139.80684,38.20696],[139.80939,38.20909],[139.8108,38.21138],[139.81635,38.21275],[139.81921,38.21281],[139.82044,38.21459],[139.8228,38.21534],[139.82563,38.2173],[139.83092,38.21995],[139.83648,38.22131],[139.83841,38.22348],[139.84108,38.22419],[139.84395,38.22375],[139.84688,38.22458],[139.84837,38.22564],[139.85591,38.22859],[139.86031,38.2312],[139.86406,38.23517],[139.86459,38.23673],[139.86399,38.23895],[139.8644,38.24049],[139.86567,38.24155],[139.86651,38.24455],[139.86845,38.24645],[139.86861,38.24798],[139.86923,38.24862],[139.87182,38.24935],[139.8757,38.25235],[139.87582,38.25312],[139.87508,38.25457],[139.87631,38.25804],[139.87652,38.26166],[139.87902,38.26259],[139.88228,38.2646],[139.8846,38.26521],[139.88873,38.26944],[139.89052,38.26998],[139.89319,38.27182],[139.89553,38.27234],[139.89998,38.27611],[139.90092,38.27617],[139.90654,38.27383],[139.91129,38.2726],[139.91335,38.2703],[139.91505,38.27003],[139.9158,38.26941],[139.91614,38.26772],[139.9172,38.26632],[139.92135,38.26333]]]}},{"type":"Feature","properties":{"id":"muni-06402","name":"白鷹町"},"geometry":{"type":"Polygon","coordinates":[[[140.06317,38.13908],[140.06084,38.14047],[140.05718,38.14121],[140.05642,38.14191],[140.05616,38.14131],[140.05251,38.1431],[140.05205,38.1485],[140.05163,38.14864],[140.05189,38.15497],[140.04648,38.15822],[140.04514,38.1586],[140.04488,38.15818],[140.04446,38.15865],[140.04413,38.15823],[140.04062,38.15946],[140.03202,38.16459],[140.02855,38.1672],[140.02641,38.16793],[140.02474,38.16916],[140.02461,38.17003],[140.02352,38.17095],[140.0188,38.17244],[140.01609,38.17441],[140.01453,38.17496],[140.01009,38.17508],[140.00806,38.17673],[140.00245,38.17663],[139.99975,38.17715],[139.99638,38.17811],[139.99385,38.17958],[139.99178,38.17992],[139.98402,38.17854],[139.9829,38.17889],[139.98324,38.17973],[139.9777,38.17957],[139.97788,38.18057],[139.97878,38.1805],[139.98188,38.18328],[139.98409,38.18216],[139.98526,38.18258],[139.98871,38.18651],[139.99089,38.18788],[139.99264,38.18802],[139.99242,38.18958],[139.99419,38.19056],[139.99419,38.1927],[139.99151,38.19472],[139.99031,38.19648],[139.98942,38.19684],[139.98864,38.19818],[139.9887,38.1993],[139.99043,38.20028],[139.99059,38.20123],[139.99187,38.2024],[139.99211,38.20376],[139.9942,38.20547],[139.99354,38.20678],[139.99414,38.20807],[139.99407,38.21014],[139.99603,38.21178],[139.99647,38.21317],[139.99648,38.21433],[139.99552,38.21617],[139.99703,38.21743],[139.99793,38.21949],[139.99885,38.22035],[139.9989,38.22283],[140.00049,38.22509],[140.00398,38.22589],[140.00701,38.22835],[140.00671,38.2295],[140.00759,38.23019],[140.00685,38.23165],[140.00824,38.23276],[140.00765,38.23349],[140.00776,38.23438],[140.00921,38.23532],[140.00884,38.23664],[140.01262,38.23958],[140.01291,38.24053],[140.0125,38.24335],[140.01811,38.24486],[140.02261,38.24391],[140.02435,38.24509],[140.02584,38.24709],[140.02917,38.24766],[140.03262,38.24727],[140.0348,38.24574],[140.0371,38.24629],[140.0387,38.24593],[140.0418,38.2444],[140.04556,38.2468],[140.0472,38.25014],[140.04687,38.25044],[140.04716,38.25145],[140.04789,38.2521],[140.04819,38.25486],[140.05043,38.2563],[140.05534,38.26196],[140.05751,38.26259],[140.06288,38.26589],[140.06436,38.26565],[140.06763,38.2671],[140.07062,38.2701],[140.07143,38.26906],[140.07104,38.26726],[140.07199,38.26688],[140.07318,38.26401],[140.07437,38.26354],[140.07517,38.26092],[140.07665,38.25869],[140.07831,38.25811],[140.08215,38.25329],[140.08645,38.25021],[140.08716,38.24887],[140.08624,38.24779],[140.08688,38.24551],[140.08669,38.24424],[140.08785,38.2431],[140.08882,38.24283],[140.0891,38.24188],[140.09,38.24139],[140.09066,38.24142],[140.09094,38.24206],[140.09213,38.24154],[140.09434,38.24362],[140.09545,38.24627],[140.10432,38.24989],[140.10569,38.25107],[140.10607,38.25214],[140.111,38.25033],[140.11345,38.24752],[140.11453,38.24774],[140.11544,38.249],[140.11545,38.24978],[140.11895,38.25229],[140.12239,38.25362],[140.1248,38.25691],[140.12627,38.25655],[140.12788,38.25718],[140.13007,38.25579],[140.1336,38.2549],[140.13648,38.25355],[140.13931,38.25509],[140.13978,38.25647],[140.14033,38.2564],[140.14167,38.25564],[140.14154,38.25417],[140.14353,38.25414],[140.14481,38.25356],[140.14698,38.25056],[140.14685,38.24952],[140.14862,38.24859],[140.14916,38.24679],[140.15079,38.24531],[140.15107,38.24437],[140.14563,38.24497],[140.14442,38.24607],[140.14375,38.2457],[140.14359,38.24475],[140.14967,38.24397],[140.15031,38.24423],[140.1523,38.2429],[140.15446,38.24243],[140.15481,38.24314],[140.1562,38.2429],[140.1603,38.24363],[140.16605,38.24078],[140.17002,38.23957],[140.1714,38.23786],[140.17229,38.23569],[140.17122,38.23366],[140.17277,38.23147],[140.17261,38.22871],[140.17358,38.22773],[140.17321,38.22685],[140.1737,38.22543],[140.17298,38.22356],[140.17334,38.22287],[140.17252,38.22215],[140.17255,38.22066],[140.16848,38.21897],[140.16862,38.21602],[140.16797,38.21454],[140.16676,38.21365],[140.16692,38.21256],[140.16589,38.21174],[140.16527,38.20943],[140.16538,38.20793],[140.16454,38.20607],[140.16489,38.20534],[140.16338,38.20421],[140.16332,38.2025],[140.16198,38.20005],[140.16121,38.19991],[140.16113,38.1988],[140.16014,38.19778],[140.15888,38.1976],[140.15792,38.19632],[140.15921,38.193],[140.15832,38.19116],[140.15671,38.19038],[140.15429,38.19029],[140.15325,38.19069],[140.15169,38.18783],[140.15253,38.18621],[140.15041,38.18519],[140.15026,38.18269],[140.14879,38.18101],[140.14804,38.17914],[140.1446,38.17674],[140.14437,38.17487],[140.14522,38.1742],[140.14537,38.17339],[140.14688,38.1729],[140.14685,38.17212],[140.1458,38.17134],[140.14591,38.17023],[140.14482,38.16912],[140.14179,38.16815],[140.13992,38.16657],[140.13981,38.16544],[140.13685,38.16295],[140.13593,38.16066],[140.13427,38.15942],[140.13444,38.15846],[140.1334,38.15683],[140.1334,38.15603],[140.13241,38.15533],[140.13257,38.15243],[140.12758,38.14822],[140.12619,38.146],[140.12728,38.14408],[140.12697,38.14226],[140.12866,38.14014],[140.12946,38.13716],[140.12511,38.13669],[140.12085,38.1355],[140.11936,38.13599],[140.11779,38.13539],[140.11663,38.13429],[140.11665,38.1326],[140.11519,38.13049],[140.11521,38.12925],[140.11441,38.12885],[140.11159,38.12885],[140.10981,38.12905],[140.10905,38.13042],[140.10454,38.13186],[140.10359,38.1337],[140.10083,38.13493],[140.10097,38.13584],[140.10036,38.13677],[140.09833,38.1377],[140.09756,38.13858],[140.09648,38.13732],[140.09416,38.13649],[140.09372,38.13451],[140.09129,38.13245],[140.09192,38.13116],[140.09041,38.12906],[140.0891,38.12856],[140.08732,38.12891],[140.0852,38.13121],[140.08434,38.12993],[140.08192,38.12888],[140.08221,38.1311],[140.08134,38.13251],[140.07955,38.13384],[140.07882,38.13505],[140.07587,38.13675],[140.07291,38.13675],[140.07158,38.13786],[140.06857,38.137],[140.067,38.13797],[140.06317,38.13908]]]}},{"type":"Feature","properties":{"id":"muni-06403","name":"飯豊町"},"geometry":{"type":"Polygon","coordinates":[[[139.93178,37.94587],[139.92407,37.94183],[139.92422,37.94011],[139.92306,37.9392],[139.92179,37.93664],[139.92226,37.93436],[139.9235,37.93268],[139.92363,37.93116],[139.92646,37.92822],[139.92864,37.9268],[139.93222,37.92743],[139.93453,37.92613],[139.93694,37.92679],[139.94015,37.92524],[139.94229,37.92482],[139.94242,37.92394],[139.94115,37.92202],[139.94116,37.92102],[139.94174,37.92045],[139.94209,37.91789],[139.94398,37.91628],[139.94476,37.91288],[139.94445,37.91237],[139.94507,37.91193],[139.94574,37.90969],[139.94508,37.90838],[139.94629,37.90603],[139.9452,37.90495],[139.94259,37.90473],[139.93959,37.90359],[139.93766,37.90405],[139.93633,37.90332],[139.93555,37.8987],[139.93864,37.89552],[139.93804,37.89241],[139.93855,37.89113],[139.93832,37.88709],[139.93894,37.88506],[139.94189,37.88106],[139.94749,37.87708],[139.94835,37.87557],[139.94945,37.8748],[139.94857,37.87319],[139.94709,37.87228],[139.94679,37.87122],[139.94425,37.87065],[139.94293,37.86808],[139.94081,37.86697],[139.93886,37.86673],[139.93778,37.8654],[139.93804,37.86413],[139.93627,37.86033],[139.9365,37.85791],[139.93807,37.85663],[139.93613,37.85501],[139.93526,37.8512],[139.93601,37.84955],[139.93596,37.84809],[139.9353,37.84712],[139.93498,37.84379],[139.93599,37.83957],[139.9373,37.83749],[139.9374,37.83587],[139.93928,37.83221],[139.93825,37.8312],[139.93792,37.82892],[139.93729,37.82803],[139.93247,37.8297],[139.9279,37.82717],[139.92798,37.82601],[139.93035,37.82548],[139.92968,37.82454],[139.93023,37.82235],[139.92755,37.82114],[139.9282,37.81945],[139.92707,37.81753],[139.92536,37.81602],[139.92542,37.81372],[139.92283,37.81326],[139.91967,37.81369],[139.91763,37.81317],[139.91628,37.81434],[139.912,37.81361],[139.90702,37.81526],[139.90282,37.81376],[139.89903,37.81019],[139.89412,37.81039],[139.89213,37.80992],[139.88906,37.81099],[139.8866,37.80901],[139.88494,37.81021],[139.88246,37.8108],[139.87977,37.80998],[139.87893,37.81063],[139.87878,37.81169],[139.87596,37.81338],[139.87661,37.81632],[139.87636,37.81702],[139.87371,37.81657],[139.87218,37.81704],[139.87066,37.81905],[139.86893,37.81931],[139.86825,37.81988],[139.86655,37.82319],[139.86339,37.82487],[139.85719,37.82655],[139.85583,37.82612],[139.85338,37.82359],[139.85176,37.82348],[139.85058,37.82142],[139.84441,37.8197],[139.84153,37.81678],[139.84017,37.81654],[139.83794,37.81462],[139.83634,37.81442],[139.83461,37.81559],[139.83128,37.81539],[139.82965,37.8148],[139.82656,37.81199],[139.82481,37.81332],[139.82153,37.81205],[139.81993,37.81029],[139.81878,37.81],[139.81771,37.80834],[139.81591,37.80767],[139.81559,37.80666],[139.81425,37.80592],[139.81335,37.80428],[139.80985,37.80321],[139.80431,37.80569],[139.80406,37.81031],[139.80262,37.81397],[139.8034,37.81514],[139.80009,37.81658],[139.79555,37.81714],[139.79456,37.81786],[139.79325,37.82072],[139.79074,37.82152],[139.78883,37.823],[139.78881,37.82509],[139.78814,37.82667],[139.78645,37.82853],[139.7847,37.8296],[139.78286,37.83187],[139.78037,37.83157],[139.77857,37.83032],[139.7765,37.82981],[139.77318,37.82991],[139.77217,37.82934],[139.77187,37.82833],[139.76938,37.82863],[139.76564,37.82697],[139.7635,37.82673],[139.76164,37.82569],[139.75858,37.82488],[139.75781,37.82436],[139.75763,37.82355],[139.75507,37.82193],[139.7501,37.82136],[139.74879,37.82077],[139.74149,37.82027],[139.73853,37.82321],[139.73844,37.82529],[139.73635,37.82801],[139.73274,37.83079],[139.73206,37.83071],[139.73235,37.83231],[139.7335,37.83401],[139.73548,37.83512],[139.73554,37.83857],[139.73641,37.83929],[139.73637,37.84001],[139.74129,37.84215],[139.74422,37.84533],[139.74673,37.85067],[139.74939,37.8532],[139.74924,37.85402],[139.75017,37.85575],[139.75147,37.86046],[139.75353,37.8603],[139.75854,37.85877],[139.76247,37.86228],[139.76354,37.86395],[139.76553,37.86477],[139.76874,37.86707],[139.77179,37.86691],[139.77363,37.86818],[139.7759,37.86865],[139.77688,37.87241],[139.77854,37.87466],[139.77766,37.87856],[139.78009,37.87849],[139.78375,37.87943],[139.78605,37.8795],[139.78683,37.8799],[139.78885,37.88231],[139.78908,37.88351],[139.78989,37.88404],[139.79251,37.88426],[139.79491,37.88607],[139.79816,37.88717],[139.80168,37.8867],[139.80289,37.88752],[139.80647,37.88766],[139.80975,37.88879],[139.81149,37.89028],[139.81209,37.8919],[139.81111,37.89852],[139.80717,37.90044],[139.80575,37.9027],[139.80759,37.90405],[139.80738,37.90525],[139.81162,37.91179],[139.81388,37.91179],[139.81764,37.91583],[139.8216,37.91659],[139.82554,37.91957],[139.82601,37.92216],[139.82517,37.92387],[139.82534,37.92434],[139.82818,37.92525],[139.82922,37.92415],[139.83398,37.92274],[139.83479,37.92333],[139.83664,37.92675],[139.84168,37.92633],[139.84317,37.92556],[139.84603,37.92648],[139.84622,37.92754],[139.84835,37.93011],[139.84903,37.93194],[139.84832,37.93304],[139.84859,37.93526],[139.85172,37.9371],[139.85392,37.93777],[139.85367,37.93993],[139.85502,37.94294],[139.85404,37.94402],[139.85364,37.94603],[139.85373,37.95123],[139.85703,37.95428],[139.8609,37.95492],[139.86135,37.95596],[139.85624,37.95566],[139.85497,37.95818],[139.85322,37.95895],[139.85023,37.9594],[139.85072,37.96065],[139.85241,37.96102],[139.85363,37.96195],[139.85336,37.96304],[139.85253,37.96326],[139.85096,37.96502],[139.85143,37.96578],[139.85325,37.96595],[139.85334,37.96699],[139.85238,37.96778],[139.853,37.96891],[139.85259,37.96966],[139.85624,37.97343],[139.85613,37.97891],[139.85696,37.97898],[139.85994,37.9774],[139.86242,37.97775],[139.86508,37.9788],[139.86588,37.9796],[139.86991,37.97984],[139.87537,37.97866],[139.88124,37.97809],[139.88552,37.97934],[139.89084,37.98185],[139.89823,37.98289],[139.89916,37.98521],[139.89992,37.98938],[139.90096,37.99062],[139.90325,37.99173],[139.90349,37.99359],[139.90151,37.99808],[139.90197,37.9994],[139.90339,37.99978],[139.90501,38.00205],[139.90584,38.00223],[139.90929,38.00491],[139.9136,38.00653],[139.91596,38.0055],[139.91694,38.00584],[139.91924,38.00889],[139.91907,38.01104],[139.92255,38.01204],[139.92296,38.0127],[139.92304,38.01539],[139.92163,38.02077],[139.92252,38.02474],[139.92197,38.02961],[139.92039,38.03319],[139.91925,38.03454],[139.91915,38.03517],[139.91971,38.03564],[139.91835,38.0362],[139.91734,38.03941],[139.91742,38.04177],[139.91817,38.04262],[139.91697,38.04403],[139.91691,38.04665],[139.91797,38.04784],[139.91692,38.04994],[139.91119,38.05119],[139.90815,38.05276],[139.90801,38.05379],[139.90946,38.05554],[139.90865,38.05661],[139.91046,38.06597],[139.90909,38.06725],[139.90751,38.0703],[139.90321,38.07337],[139.90227,38.0749],[139.90144,38.0752],[139.89996,38.07692],[139.89496,38.07731],[139.89375,38.07787],[139.89162,38.08082],[139.89021,38.08121],[139.88892,38.08239],[139.88832,38.08425],[139.8863,38.08679],[139.88767,38.08749],[139.8888,38.089],[139.88907,38.09049],[139.88847,38.09175],[139.88877,38.09306],[139.88814,38.09495],[139.88937,38.09572],[139.88891,38.09937],[139.88985,38.09971],[139.8902,38.10041],[139.89152,38.10038],[139.8937,38.1016],[139.89523,38.10327],[139.89531,38.10568],[139.89767,38.10647],[139.89848,38.10725],[139.90111,38.10717],[139.90382,38.10622],[139.90419,38.10501],[139.90528,38.10434],[139.90577,38.10119],[139.90688,38.09974],[139.91016,38.09937],[139.9135,38.0981],[139.91604,38.10088],[139.921,38.10132],[139.92312,38.10199],[139.92245,38.10047],[139.92382,38.09976],[139.92472,38.09885],[139.92475,38.0982],[139.92658,38.0971],[139.92753,38.09726],[139.92843,38.0984],[139.92836,38.09946],[139.92996,38.1005],[139.93186,38.09996],[139.94188,38.09439],[139.94162,38.09257],[139.94303,38.09228],[139.94352,38.09138],[139.94567,38.09115],[139.94593,38.08954],[139.94692,38.08861],[139.94755,38.0868],[139.94921,38.08712],[139.95104,38.08625],[139.95491,38.08555],[139.95646,38.08648],[139.95654,38.08698],[139.96751,38.08868],[139.96875,38.08793],[139.97062,38.08769],[139.97592,38.08801],[139.98091,38.08962],[139.98391,38.09136],[139.98379,38.09087],[139.98791,38.09069],[139.98759,38.0895],[139.99055,38.08925],[139.99039,38.0881],[139.99312,38.08787],[139.99295,38.08665],[139.99624,38.08635],[139.99609,38.0852],[139.99888,38.08495],[139.99843,38.08386],[140.00039,38.08367],[140.00028,38.08298],[140.00146,38.08346],[140.00188,38.08281],[140.00248,38.08322],[140.00336,38.08304],[140.00295,38.08191],[140.00557,38.08135],[140.00596,38.08246],[140.01128,38.08129],[140.01089,38.08017],[140.01491,38.07918],[140.01546,38.07943],[140.01342,38.07435],[140.01432,38.07421],[140.01424,38.07149],[140.02009,38.07202],[140.0201,38.07136],[140.02114,38.07127],[140.0211,38.07058],[140.02323,38.07052],[140.02383,38.07],[140.02301,38.06854],[140.02276,38.06617],[140.02218,38.06552],[140.02305,38.06502],[140.02235,38.06428],[140.02329,38.06375],[140.02276,38.06204],[140.02325,38.0612],[140.02236,38.05699],[140.02092,38.05352],[140.02425,38.04799],[140.02785,38.04499],[140.02855,38.04589],[140.02907,38.04583],[140.02867,38.04503],[140.03096,38.04313],[140.02959,38.04222],[140.02885,38.04227],[140.02863,38.04154],[140.02995,38.04123],[140.02966,38.04059],[140.03067,38.04072],[140.03064,38.04006],[140.03295,38.03792],[140.03194,38.03586],[140.03196,38.03311],[140.0334,38.03135],[140.03497,38.03076],[140.03468,38.02828],[140.03629,38.02576],[140.03468,38.02403],[140.03056,38.02406],[140.02863,38.0231],[140.02811,38.0225],[140.02824,38.02079],[140.02661,38.01929],[140.02694,38.01896],[140.02611,38.01719],[140.02331,38.01543],[140.02327,38.01392],[140.01893,38.01322],[140.01835,38.0128],[140.01776,38.01071],[140.01422,38.01075],[140.01216,38.00893],[140.00901,38.00885],[140.00637,38.01007],[140.00278,38.00979],[140.00074,38.01064],[139.99826,38.00966],[139.99659,38.00986],[139.99441,38.00913],[139.99338,38.00938],[139.9925,38.00785],[139.9898,38.00656],[139.98246,38.00874],[139.97972,38.00853],[139.97613,38.00684],[139.97593,38.00453],[139.97633,38.00361],[139.97571,38.00316],[139.9763,38.00184],[139.97589,38.00062],[139.9744,38.00006],[139.97285,38.00021],[139.97175,37.9984],[139.96979,37.99896],[139.96818,37.99871],[139.96799,37.99641],[139.96855,37.99584],[139.96784,37.99519],[139.96779,37.99426],[139.96605,37.99166],[139.96436,37.9902],[139.96442,37.98936],[139.96321,37.98874],[139.9623,37.98702],[139.96329,37.98485],[139.96391,37.98442],[139.96381,37.98247],[139.96191,37.97939],[139.96132,37.97731],[139.96222,37.97658],[139.96211,37.97557],[139.96357,37.97469],[139.96177,37.97223],[139.96427,37.97088],[139.96375,37.97001],[139.96109,37.96828],[139.95916,37.96798],[139.95872,37.96707],[139.957,37.96614],[139.95642,37.96424],[139.95374,37.96225],[139.95198,37.95926],[139.95237,37.9527],[139.95099,37.95154],[139.95139,37.95062],[139.95266,37.94968],[139.95241,37.94785],[139.95001,37.9472],[139.94891,37.94764],[139.94644,37.94741],[139.94378,37.94825],[139.93935,37.94773],[139.93397,37.94982],[139.93318,37.94926],[139.93133,37.9492],[139.93178,37.94587]]]}},{"type":"Feature","properties":{"id":"muni-06426","name":"三川町"},"geometry":{"type":"Polygon","coordinates":[[[139.8191,38.79354],[139.82016,38.79408],[139.82008,38.79478],[139.8208,38.79513],[139.82043,38.79627],[139.82112,38.79643],[139.82315,38.79932],[139.82303,38.80059],[139.82111,38.80114],[139.82146,38.80194],[139.82041,38.80223],[139.82122,38.80454],[139.82306,38.80424],[139.8245,38.80647],[139.82405,38.80679],[139.82222,38.80611],[139.82308,38.80871],[139.82445,38.80845],[139.82488,38.80974],[139.82471,38.811],[139.8236,38.81253],[139.82414,38.81398],[139.8229,38.8149],[139.82261,38.81648],[139.82469,38.81841],[139.82293,38.81827],[139.82218,38.81928],[139.8207,38.81946],[139.81987,38.81997],[139.82012,38.82021],[139.81948,38.82042],[139.81906,38.81988],[139.81603,38.8211],[139.81473,38.82244],[139.81637,38.82304],[139.81565,38.82384],[139.81406,38.82385],[139.81518,38.82494],[139.81527,38.8266],[139.81627,38.82788],[139.81506,38.82898],[139.81438,38.83181],[139.81476,38.83839],[139.81267,38.84038],[139.813,38.84077],[139.82176,38.83876],[139.8229,38.83774],[139.82364,38.83517],[139.82444,38.83427],[139.83073,38.83207],[139.83433,38.83022],[139.83798,38.82814],[139.84037,38.82611],[139.84114,38.82484],[139.84184,38.82466],[139.84388,38.82501],[139.84345,38.82611],[139.8464,38.82664],[139.84706,38.82657],[139.84717,38.82445],[139.85095,38.82454],[139.85485,38.82546],[139.85589,38.82651],[139.85724,38.82691],[139.85722,38.8247],[139.85892,38.82469],[139.85893,38.82551],[139.86076,38.82547],[139.86111,38.82637],[139.86326,38.82594],[139.86444,38.82944],[139.86598,38.8282],[139.86928,38.82708],[139.86984,38.82661],[139.86835,38.82561],[139.86885,38.82514],[139.86739,38.82417],[139.86789,38.82371],[139.86607,38.82226],[139.86438,38.82334],[139.86319,38.82221],[139.86239,38.82274],[139.8602,38.82101],[139.85992,38.82193],[139.85946,38.82182],[139.86028,38.81932],[139.8615,38.81855],[139.86113,38.81708],[139.8636,38.81596],[139.86645,38.8138],[139.86899,38.81488],[139.87035,38.81407],[139.87063,38.81308],[139.86899,38.81125],[139.86881,38.80978],[139.86961,38.80811],[139.87143,38.80748],[139.87056,38.80566],[139.87194,38.80481],[139.87181,38.80343],[139.87423,38.80024],[139.87419,38.79771],[139.87585,38.79558],[139.88009,38.79381],[139.88334,38.79423],[139.88508,38.79304],[139.88719,38.79239],[139.88951,38.78999],[139.88903,38.78963],[139.88969,38.78834],[139.88923,38.78859],[139.88779,38.78702],[139.88899,38.78631],[139.8857,38.77874],[139.88375,38.7793],[139.88205,38.77541],[139.87994,38.77053],[139.88179,38.76997],[139.8805,38.76708],[139.87661,38.76814],[139.87566,38.76727],[139.87639,38.7671],[139.87562,38.76525],[139.87484,38.76545],[139.87436,38.76445],[139.87107,38.76535],[139.86889,38.75998],[139.86582,38.75977],[139.87014,38.75483],[139.87053,38.75354],[139.87117,38.74735],[139.8704,38.74674],[139.86766,38.74654],[139.86731,38.74956],[139.86086,38.74918],[139.86076,38.75011],[139.85878,38.74999],[139.8587,38.75076],[139.8575,38.75068],[139.85729,38.75109],[139.85623,38.75086],[139.85555,38.74913],[139.8518,38.75015],[139.84908,38.75227],[139.84867,38.75377],[139.84905,38.75525],[139.85231,38.76009],[139.85367,38.76305],[139.85388,38.76696],[139.85117,38.77108],[139.84442,38.7761],[139.8438,38.77781],[139.84331,38.78271],[139.83892,38.78271],[139.8377,38.78015],[139.83735,38.78137],[139.8342,38.78122],[139.83383,38.78383],[139.83226,38.78376],[139.83218,38.78464],[139.82466,38.78462],[139.82472,38.7839],[139.82043,38.7837],[139.8201,38.78471],[139.8182,38.78547],[139.81765,38.78641],[139.8169,38.78639],[139.81687,38.78735],[139.81498,38.78726],[139.81505,38.78631],[139.81368,38.78626],[139.81365,38.78669],[139.81326,38.78613],[139.81382,38.78544],[139.81252,38.78479],[139.81091,38.78541],[139.81164,38.78609],[139.81107,38.78617],[139.81195,38.78826],[139.80963,38.78855],[139.8109,38.79481],[139.81259,38.79485],[139.81527,38.79294],[139.81676,38.79248],[139.81776,38.79299],[139.81868,38.79287],[139.81894,38.79236],[139.8191,38.79354]]]}},{"type":"Feature","properties":{"id":"muni-06428","name":"庄内町"},"geometry":{"type":"Polygon","coordinates":[[[139.90163,38.80668],[139.9008,38.80794],[139.89937,38.80859],[139.89943,38.80925],[139.89877,38.80992],[139.8997,38.81061],[139.89975,38.80914],[139.9007,38.80891],[139.90111,38.80978],[139.9001,38.81005],[139.90043,38.81078],[139.8994,38.81179],[139.89994,38.81233],[139.89962,38.81304],[139.89884,38.81335],[139.89832,38.81443],[139.8973,38.8147],[139.89584,38.8168],[139.89347,38.81756],[139.88944,38.81803],[139.88765,38.81924],[139.88822,38.82003],[139.88766,38.8202],[139.88725,38.81959],[139.88414,38.82089],[139.87913,38.82148],[139.87663,38.8213],[139.87608,38.82071],[139.874,38.82077],[139.87311,38.82113],[139.8722,38.82307],[139.87088,38.82385],[139.87138,38.82448],[139.87194,38.82351],[139.87204,38.82408],[139.87284,38.82422],[139.87032,38.82511],[139.87062,38.82572],[139.86896,38.82728],[139.86598,38.8282],[139.86374,38.82967],[139.86057,38.82902],[139.85942,38.83241],[139.85824,38.83325],[139.85876,38.83422],[139.85968,38.8344],[139.85953,38.83622],[139.85504,38.83989],[139.85353,38.843],[139.85351,38.84607],[139.85266,38.84779],[139.85322,38.84792],[139.85419,38.84622],[139.85408,38.84369],[139.85453,38.84232],[139.85756,38.8419],[139.85842,38.84562],[139.85667,38.84592],[139.85754,38.84977],[139.85684,38.84986],[139.85769,38.85366],[139.85299,38.85496],[139.84822,38.85771],[139.84778,38.85847],[139.84787,38.8623],[139.84744,38.86273],[139.84786,38.86353],[139.84844,38.86337],[139.84874,38.86386],[139.85737,38.86115],[139.85689,38.86023],[139.86087,38.859],[139.86133,38.85993],[139.86625,38.85839],[139.8658,38.8575],[139.86819,38.85675],[139.86774,38.85584],[139.87334,38.85412],[139.87263,38.8527],[139.87418,38.85069],[139.87855,38.84921],[139.87821,38.84879],[139.87884,38.84802],[139.8793,38.84793],[139.88023,38.84901],[139.88385,38.84883],[139.88396,38.84966],[139.89013,38.85129],[139.88972,38.85391],[139.89191,38.85378],[139.89145,38.85603],[139.8884,38.85575],[139.88827,38.85666],[139.88575,38.85646],[139.88442,38.86559],[139.88317,38.86595],[139.88385,38.86758],[139.8853,38.86849],[139.88772,38.86657],[139.88854,38.86536],[139.88922,38.86555],[139.88884,38.8664],[139.90041,38.86961],[139.89998,38.87053],[139.90231,38.8712],[139.90067,38.87177],[139.90157,38.87175],[139.90179,38.87405],[139.90382,38.87396],[139.90395,38.87582],[139.90617,38.87596],[139.90047,38.88193],[139.90019,38.88291],[139.90252,38.88285],[139.90163,38.88337],[139.90259,38.88386],[139.90122,38.88481],[139.90949,38.88466],[139.91657,38.88551],[139.91701,38.88391],[139.91776,38.88375],[139.917,38.8832],[139.91606,38.88075],[139.91916,38.88042],[139.93096,38.87606],[139.93866,38.87135],[139.94645,38.86398],[139.94029,38.85694],[139.9402,38.85795],[139.93966,38.85789],[139.93617,38.85622],[139.93378,38.85411],[139.94262,38.84781],[139.94345,38.84853],[139.94448,38.84763],[139.94665,38.84797],[139.94808,38.84523],[139.94539,38.84368],[139.94315,38.84111],[139.94617,38.83841],[139.94547,38.83795],[139.94805,38.83553],[139.94673,38.83466],[139.94919,38.83238],[139.95238,38.83449],[139.95387,38.8334],[139.95464,38.83404],[139.96432,38.8305],[139.96624,38.83143],[139.96851,38.82862],[139.9675,38.82812],[139.9684,38.82693],[139.96756,38.82651],[139.96796,38.82594],[139.96749,38.81958],[139.96705,38.81638],[139.96659,38.81622],[139.97359,38.81446],[139.97397,38.81535],[139.97858,38.81421],[139.97872,38.81453],[139.97586,38.81567],[139.97686,38.81732],[139.97994,38.81598],[139.98861,38.81029],[139.99212,38.8089],[139.993,38.80782],[139.99373,38.80519],[139.99387,38.80134],[139.99472,38.79664],[139.99663,38.79308],[139.99894,38.79165],[140.00105,38.7911],[140.00923,38.79459],[140.01379,38.7948],[140.01896,38.79354],[140.02436,38.79142],[140.02598,38.79039],[140.02763,38.78849],[140.02909,38.78431],[140.03282,38.77658],[140.03164,38.7764],[140.02997,38.77485],[140.02877,38.77022],[140.03453,38.76241],[140.03695,38.75501],[140.03863,38.75398],[140.03855,38.75289],[140.03554,38.7519],[140.034,38.74926],[140.03997,38.74806],[140.03971,38.74707],[140.04011,38.74646],[140.04264,38.74556],[140.04366,38.7439],[140.04496,38.7436],[140.04369,38.74301],[140.04397,38.74152],[140.04292,38.74047],[140.04351,38.73984],[140.0436,38.73758],[140.04575,38.73512],[140.04651,38.73327],[140.0464,38.73065],[140.04986,38.72984],[140.0506,38.72743],[140.05353,38.72717],[140.05396,38.72641],[140.05622,38.7262],[140.05572,38.72452],[140.05595,38.7221],[140.0522,38.71895],[140.05276,38.715],[140.05047,38.71097],[140.0496,38.70818],[140.04985,38.70759],[140.04615,38.70476],[140.04495,38.70464],[140.04234,38.70221],[140.04001,38.70135],[140.03891,38.70014],[140.04057,38.69824],[140.0427,38.6968],[140.04194,38.69559],[140.04199,38.69224],[140.04072,38.69156],[140.04197,38.68885],[140.04157,38.68411],[140.0426,38.68348],[140.03965,38.68107],[140.0351,38.68044],[140.03198,38.67924],[140.03318,38.67751],[140.0328,38.67613],[140.03358,38.67413],[140.03651,38.67458],[140.03957,38.67198],[140.03995,38.67038],[140.04182,38.66919],[140.04329,38.66566],[140.04257,38.6644],[140.04349,38.6621],[140.04291,38.66058],[140.04329,38.65994],[140.04451,38.6596],[140.04626,38.65794],[140.04816,38.65725],[140.04879,38.65729],[140.05084,38.65947],[140.05419,38.65939],[140.05511,38.65879],[140.05515,38.65753],[140.05651,38.65674],[140.05936,38.65378],[140.0611,38.6497],[140.06281,38.64789],[140.06247,38.64389],[140.06362,38.6408],[140.06432,38.6401],[140.06912,38.64102],[140.06965,38.63692],[140.07076,38.636],[140.07192,38.63386],[140.07707,38.63441],[140.08012,38.63401],[140.08042,38.63374],[140.08005,38.63168],[140.08107,38.62984],[140.083,38.62948],[140.085,38.62998],[140.08613,38.62865],[140.08926,38.62865],[140.08993,38.62797],[140.09152,38.62814],[140.09348,38.62592],[140.09463,38.62529],[140.09488,38.62314],[140.09657,38.62197],[140.101,38.62123],[140.10288,38.62143],[140.10648,38.61967],[140.10873,38.61913],[140.10928,38.61667],[140.11164,38.61519],[140.11159,38.61272],[140.10998,38.61255],[140.1082,38.61089],[140.10905,38.6088],[140.10636,38.60755],[140.10678,38.6062],[140.10649,38.60459],[140.10729,38.60391],[140.10718,38.60305],[140.10496,38.60136],[140.10537,38.59982],[140.10743,38.59857],[140.10778,38.59516],[140.10934,38.59278],[140.10993,38.59029],[140.11179,38.58905],[140.1114,38.5873],[140.1127,38.58596],[140.1123,38.58317],[140.11454,38.58116],[140.11621,38.58094],[140.1174,38.57895],[140.11717,38.57811],[140.11526,38.57755],[140.11257,38.57844],[140.11014,38.57827],[140.10791,38.57603],[140.10752,38.57273],[140.10554,38.57184],[140.1047,38.57079],[140.10263,38.56962],[140.10043,38.57001],[140.09906,38.56952],[140.09754,38.56677],[140.09919,38.56173],[140.09724,38.55725],[140.09621,38.55686],[140.08807,38.55718],[140.08318,38.55605],[140.07976,38.55289],[140.07839,38.5524],[140.07685,38.55106],[140.07804,38.54832],[140.07827,38.54584],[140.07609,38.54323],[140.0741,38.54275],[140.07344,38.54019],[140.07033,38.5395],[140.069,38.53872],[140.06737,38.5364],[140.06334,38.53593],[140.05729,38.53291],[140.0549,38.5309],[140.05514,38.52884],[140.05448,38.52837],[140.04759,38.52759],[140.0438,38.52771],[140.04194,38.52918],[140.04031,38.52953],[140.03833,38.53192],[140.03556,38.53305],[140.03251,38.53888],[140.0302,38.54212],[140.02693,38.54524],[140.02648,38.54687],[140.0266,38.54876],[140.02917,38.55218],[140.02952,38.55481],[140.02883,38.55633],[140.0297,38.55748],[140.03032,38.55957],[140.02922,38.56144],[140.02735,38.56274],[140.02687,38.56464],[140.02709,38.56596],[140.02473,38.56839],[140.02396,38.57133],[140.02241,38.57281],[140.02217,38.5751],[140.0211,38.57808],[140.02058,38.58381],[140.02079,38.58666],[140.02013,38.5882],[140.01927,38.58926],[140.01772,38.58957],[140.01336,38.59184],[140.00799,38.59319],[140.00518,38.59312],[140.00407,38.59499],[140.00163,38.59578],[139.99987,38.59703],[139.99815,38.59934],[139.99612,38.60025],[139.99486,38.60246],[139.99224,38.60456],[139.99212,38.60611],[139.99039,38.60793],[139.98947,38.6122],[139.98973,38.61395],[139.98903,38.61447],[139.98865,38.61649],[139.98934,38.61684],[139.989,38.61936],[139.9916,38.6248],[139.99137,38.62713],[139.99262,38.62823],[139.99658,38.6363],[139.99584,38.63902],[139.99307,38.64182],[139.9919,38.64489],[139.98902,38.64988],[139.98741,38.65168],[139.98706,38.65336],[139.98587,38.65529],[139.98583,38.65771],[139.98424,38.65945],[139.9833,38.6624],[139.98347,38.66306],[139.98604,38.66449],[139.9859,38.66956],[139.98447,38.66953],[139.98563,38.67101],[139.98841,38.67248],[139.98639,38.67247],[139.98711,38.67373],[139.98725,38.67673],[139.98574,38.67849],[139.98714,38.67897],[139.98749,38.68268],[139.98952,38.68511],[139.98842,38.68718],[139.98908,38.68941],[139.98858,38.6916],[139.98865,38.69469],[139.98767,38.69581],[139.99024,38.69829],[139.99072,38.69814],[139.99184,38.70155],[139.99108,38.70204],[139.99016,38.70474],[139.98667,38.70765],[139.98798,38.70856],[139.9879,38.71078],[139.98912,38.71311],[139.98924,38.71425],[139.99164,38.71526],[139.99239,38.71778],[139.99357,38.71767],[139.99552,38.71849],[139.99902,38.72357],[139.9993,38.72498],[139.99689,38.72869],[139.99358,38.73007],[139.994,38.73124],[139.9961,38.73105],[139.99674,38.73284],[139.99474,38.73432],[139.99522,38.73658],[139.99446,38.73789],[139.99617,38.74104],[139.99582,38.74233],[139.99518,38.74174],[139.99392,38.74161],[139.99325,38.74286],[139.99565,38.74272],[139.99424,38.74675],[139.99416,38.7473],[139.99491,38.74765],[139.99076,38.74824],[139.98878,38.74907],[139.98665,38.75081],[139.98432,38.75104],[139.98278,38.75059],[139.98092,38.75121],[139.97908,38.75258],[139.97918,38.75395],[139.97832,38.75465],[139.97419,38.75357],[139.97403,38.75313],[139.9746,38.75253],[139.97332,38.752],[139.97292,38.7512],[139.97086,38.75123],[139.96967,38.75196],[139.96495,38.75322],[139.96287,38.75126],[139.96156,38.75059],[139.95996,38.75102],[139.95949,38.75003],[139.94639,38.75368],[139.94602,38.75289],[139.94457,38.75331],[139.94521,38.75453],[139.9449,38.75726],[139.94533,38.76],[139.94886,38.76514],[139.94808,38.7679],[139.94807,38.77169],[139.94697,38.77235],[139.9415,38.77344],[139.94032,38.77568],[139.937,38.77758],[139.93759,38.77875],[139.93688,38.77887],[139.93677,38.77993],[139.93365,38.78038],[139.93329,38.78138],[139.93211,38.78201],[139.93134,38.78444],[139.92839,38.78556],[139.92747,38.7869],[139.92287,38.78723],[139.92235,38.78739],[139.92255,38.78806],[139.92214,38.78818],[139.92198,38.78751],[139.91982,38.78841],[139.92002,38.78928],[139.91816,38.79134],[139.91877,38.79375],[139.91738,38.79839],[139.91028,38.80193],[139.90842,38.80243],[139.90452,38.80552],[139.90163,38.80668]]]}},{"type":"Feature","properties":{"id":"muni-06461","name":"遊佐町"},"geometry":{"type":"Polygon","coordinates":[[[139.85341,39.0176],[139.85627,39.02558],[139.85843,39.02874],[139.85938,39.03238],[139.86405,39.04339],[139.8691,39.05876],[139.87065,39.06647],[139.86726,39.06705],[139.86726,39.06712],[139.8709,39.06648],[139.87116,39.06846],[139.87042,39.06858],[139.86995,39.06887],[139.87227,39.06834],[139.87278,39.06961],[139.87265,39.0705],[139.87032,39.07036],[139.86986,39.06991],[139.87023,39.06969],[139.87159,39.06973],[139.8702,39.06965],[139.86983,39.06988],[139.86781,39.06803],[139.87036,39.07056],[139.8686,39.0709],[139.86966,39.07196],[139.86805,39.07258],[139.8675,39.07368],[139.86855,39.07362],[139.86884,39.07401],[139.86824,39.07401],[139.86893,39.07413],[139.86869,39.07448],[139.86921,39.07452],[139.86946,39.07532],[139.87277,39.07774],[139.87259,39.07968],[139.87112,39.07995],[139.8721,39.08028],[139.87089,39.08037],[139.8711,39.08199],[139.87222,39.08195],[139.87222,39.08425],[139.87357,39.08812],[139.87485,39.08908],[139.87623,39.08919],[139.87721,39.09022],[139.87839,39.09508],[139.87945,39.09618],[139.87945,39.0971],[139.87866,39.09762],[139.87865,39.09826],[139.87734,39.09984],[139.8788,39.10243],[139.87827,39.10434],[139.87687,39.10492],[139.87773,39.10533],[139.87347,39.10604],[139.8737,39.10724],[139.87302,39.1076],[139.87349,39.10834],[139.87291,39.10845],[139.8736,39.11008],[139.87257,39.11077],[139.87035,39.11102],[139.86934,39.11211],[139.86911,39.11331],[139.87012,39.11482],[139.86892,39.11573],[139.86978,39.11729],[139.86953,39.11821],[139.90627,39.11892],[139.9455,39.11294],[139.94812,39.11726],[139.99446,39.10557],[139.99765,39.11584],[140.00774,39.12305],[140.06238,39.13357],[140.06165,39.11139],[140.06302,39.10671],[140.06708,39.09984],[140.06722,39.09854],[140.06592,39.09648],[140.06243,39.09283],[140.05989,39.0828],[140.0433,39.07058],[140.04002,39.06931],[140.03747,39.05869],[140.03775,39.0554],[140.03885,39.05317],[140.03927,39.05086],[140.03866,39.04654],[140.03455,39.04595],[140.03331,39.04499],[140.03091,39.04459],[140.02862,39.04202],[140.0257,39.03691],[140.02447,39.03378],[140.02342,39.03333],[140.02196,39.03127],[140.02155,39.0295],[140.02084,39.02878],[140.02082,39.02719],[140.01975,39.02408],[140.0186,39.0235],[140.01675,39.02139],[140.01706,39.02006],[140.01599,39.01906],[140.01559,39.01718],[140.01631,39.015],[140.01574,39.01145],[140.01349,39.00884],[140.00653,39.00783],[140.00666,39.00719],[140.00629,39.00705],[140.0056,39.00793],[140.00343,39.00749],[139.99698,39.00837],[139.99661,39.00789],[139.99254,39.00767],[139.99134,39.00833],[139.98682,39.00655],[139.97682,39.0012],[139.9756,39.0012],[139.97579,39.00224],[139.97448,39.00331],[139.97259,39.00242],[139.97052,39.00239],[139.96599,38.99824],[139.9633,38.99659],[139.9603,38.99643],[139.94974,38.99418],[139.9474,38.9929],[139.94701,38.99061],[139.94304,38.98869],[139.93281,38.98647],[139.92114,38.98546],[139.91636,38.9843],[139.91617,38.98742],[139.91852,38.98955],[139.90871,38.98915],[139.90859,38.99061],[139.90631,38.98956],[139.90645,38.99151],[139.90013,38.99167],[139.90172,39.00001],[139.9007,39.00001],[139.89976,38.99845],[139.89822,38.99719],[139.89659,38.99744],[139.89684,38.99833],[139.87687,39.00111],[139.87667,39.00022],[139.87328,39.00069],[139.87322,38.99972],[139.86912,39.00041],[139.86732,38.99711],[139.87017,38.99506],[139.87247,38.99499],[139.87156,38.99085],[139.86783,38.991],[139.86849,38.99034],[139.86716,38.9838],[139.86741,38.98181],[139.86672,38.98151],[139.86704,38.97977],[139.86111,38.97859],[139.85807,38.97619],[139.85467,38.97573],[139.85313,38.97607],[139.85103,38.97736],[139.8484,38.98119],[139.84582,38.98208],[139.8431,38.9844],[139.84041,38.98536],[139.84224,38.98969],[139.84212,38.99247],[139.84252,38.99181],[139.84362,38.9932],[139.84505,38.99821],[139.84793,39.00502],[139.85018,39.00895],[139.85207,39.01556],[139.85341,39.0176]]]}}]}