{"type":"FeatureCollection","features":[{"type":"Feature","properties":{"id":"muni-11101","name":"さいたま市西区"},"geometry":{"type":"Polygon","coordinates":[[[139.55165,35.89522],[139.55101,35.89626],[139.551,35.89731],[139.55377,35.90071],[139.55497,35.90448],[139.55402,35.90496],[139.55401,35.90675],[139.55176,35.90739],[139.55218,35.9094],[139.5518,35.91039],[139.55097,35.91102],[139.55,35.91079],[139.54844,35.91234],[139.54938,35.91403],[139.54922,35.91449],[139.54991,35.91493],[139.54929,35.91535],[139.55014,35.91599],[139.54967,35.91702],[139.55034,35.91782],[139.54956,35.91809],[139.54948,35.91903],[139.54792,35.91991],[139.54684,35.92179],[139.54589,35.92222],[139.54685,35.92286],[139.5463,35.92352],[139.54727,35.92449],[139.54645,35.92499],[139.54588,35.92639],[139.54687,35.92717],[139.5478,35.92666],[139.54853,35.9274],[139.55016,35.92597],[139.55057,35.92623],[139.55036,35.92856],[139.55125,35.92891],[139.55063,35.92893],[139.55087,35.93033],[139.54785,35.93427],[139.5468,35.93419],[139.54361,35.93249],[139.54262,35.93356],[139.54022,35.93487],[139.54368,35.93776],[139.54783,35.93432],[139.55104,35.93454],[139.55114,35.93217],[139.55145,35.93221],[139.55139,35.9354],[139.55182,35.93606],[139.55311,35.93597],[139.55381,35.93494],[139.55327,35.93476],[139.55382,35.9337],[139.55666,35.93557],[139.55773,35.93329],[139.5581,35.93329],[139.55811,35.93255],[139.55897,35.93248],[139.55921,35.93186],[139.55798,35.93162],[139.55803,35.93067],[139.55956,35.9303],[139.55897,35.92991],[139.55922,35.92944],[139.55991,35.93001],[139.56073,35.92893],[139.56033,35.92849],[139.55919,35.92931],[139.55901,35.92869],[139.56036,35.92779],[139.56059,35.92715],[139.56112,35.92655],[139.56073,35.92647],[139.56103,35.9258],[139.56187,35.92578],[139.56239,35.92621],[139.56139,35.92741],[139.56152,35.9268],[139.56077,35.92708],[139.56048,35.9279],[139.56084,35.92897],[139.56055,35.92971],[139.56136,35.92982],[139.56085,35.93171],[139.56126,35.93293],[139.56444,35.9347],[139.56436,35.93899],[139.56557,35.93995],[139.57414,35.94398],[139.57528,35.94299],[139.58,35.94311],[139.58157,35.94419],[139.58517,35.94544],[139.587,35.9453],[139.58947,35.94315],[139.59062,35.94102],[139.59158,35.9405],[139.59205,35.93959],[139.5934,35.93952],[139.596,35.93685],[139.59761,35.93638],[139.59741,35.93493],[139.59919,35.93132],[139.59889,35.92853],[139.59807,35.9263],[139.59539,35.9228],[139.59476,35.92076],[139.59543,35.91774],[139.59928,35.91172],[139.59891,35.90963],[139.5973,35.90727],[139.59858,35.9054],[139.59776,35.90334],[139.59837,35.9013],[139.59796,35.90059],[139.59711,35.90057],[139.59559,35.89866],[139.59678,35.89841],[139.59686,35.89772],[139.59793,35.89746],[139.59755,35.89639],[139.59698,35.8966],[139.59661,35.89511],[139.59821,35.89323],[139.59727,35.89241],[139.59732,35.89121],[139.59885,35.88968],[139.60203,35.88966],[139.60308,35.88889],[139.60341,35.88731],[139.6025,35.8849],[139.60173,35.87886],[139.60079,35.87925],[139.60066,35.88014],[139.59767,35.88083],[139.59237,35.88099],[139.58935,35.8805],[139.58317,35.88043],[139.58333,35.88008],[139.58279,35.87992],[139.58132,35.88218],[139.57658,35.88017],[139.57532,35.88179],[139.57276,35.88047],[139.57106,35.8821],[139.56878,35.88071],[139.57416,35.87517],[139.57617,35.87205],[139.5635,35.87224],[139.55785,35.87482],[139.55794,35.87593],[139.55994,35.87822],[139.56026,35.87945],[139.55987,35.88038],[139.55062,35.88403],[139.54963,35.88678],[139.55008,35.88784],[139.55322,35.88843],[139.5556,35.88731],[139.55661,35.88735],[139.55789,35.88854],[139.55832,35.88973],[139.55809,35.89086],[139.55673,35.89207],[139.55165,35.89522]]]}},{"type":"Feature","properties":{"id":"muni-11102","name":"さいたま市北区"},"geometry":{"type":"Polygon","coordinates":[[[139.59208,35.96187],[139.5987,35.9613],[139.6001,35.95959],[139.611,35.96443],[139.61383,35.96621],[139.61465,35.96591],[139.61549,35.96628],[139.61589,35.9661],[139.61553,35.96566],[139.61871,35.96455],[139.62041,35.96194],[139.61975,35.96169],[139.62052,35.9604],[139.62121,35.96067],[139.62715,35.95016],[139.63109,35.94822],[139.63704,35.94117],[139.63762,35.94235],[139.63852,35.94138],[139.64251,35.93924],[139.64212,35.93605],[139.64274,35.93412],[139.64188,35.92959],[139.64232,35.92812],[139.6419,35.92699],[139.64284,35.92626],[139.64289,35.92493],[139.6435,35.92463],[139.64199,35.92436],[139.63871,35.92223],[139.6379,35.92351],[139.6378,35.92523],[139.63821,35.92583],[139.63492,35.92439],[139.6292,35.92291],[139.62674,35.92166],[139.62521,35.91869],[139.62028,35.91691],[139.61835,35.92208],[139.6151,35.92118],[139.61492,35.91978],[139.61153,35.91951],[139.61154,35.91629],[139.60519,35.91573],[139.60497,35.91444],[139.60334,35.9144],[139.60349,35.91528],[139.6031,35.91538],[139.60063,35.9144],[139.59768,35.9151],[139.59708,35.91485],[139.59524,35.91815],[139.59479,35.9211],[139.59564,35.92323],[139.59839,35.92685],[139.59889,35.92853],[139.59919,35.93132],[139.5974,35.93524],[139.59776,35.93851],[139.59962,35.94121],[139.59937,35.94396],[139.59782,35.94578],[139.59667,35.9486],[139.59407,35.95153],[139.59179,35.95526],[139.59223,35.95545],[139.59198,35.95654],[139.59235,35.95671],[139.59121,35.95731],[139.59063,35.95706],[139.5877,35.96103],[139.58848,35.96192],[139.58931,35.96123],[139.59033,35.96155],[139.59092,35.96113],[139.59167,35.96124],[139.59208,35.96187]]]}},{"type":"Feature","properties":{"id":"muni-11103","name":"さいたま市大宮区"},"geometry":{"type":"Polygon","coordinates":[[[139.59821,35.89323],[139.59661,35.89509],[139.59698,35.8966],[139.59755,35.89639],[139.59793,35.89746],[139.59686,35.89772],[139.59678,35.89841],[139.59559,35.89866],[139.59711,35.90057],[139.59796,35.90059],[139.59837,35.9013],[139.59776,35.90334],[139.59858,35.9054],[139.5973,35.90727],[139.59891,35.90963],[139.59928,35.91172],[139.59708,35.91485],[139.59768,35.9151],[139.60063,35.9144],[139.6031,35.91538],[139.60349,35.91528],[139.60334,35.9144],[139.60497,35.91444],[139.60519,35.91573],[139.61154,35.91629],[139.61153,35.91951],[139.61492,35.91978],[139.6151,35.92118],[139.61835,35.92208],[139.62028,35.91691],[139.62521,35.91869],[139.62674,35.92166],[139.62783,35.92237],[139.63492,35.92439],[139.63823,35.92584],[139.6378,35.92523],[139.63802,35.92296],[139.63871,35.92223],[139.64165,35.92414],[139.64396,35.9209],[139.64369,35.91731],[139.64485,35.91798],[139.64468,35.91677],[139.64672,35.91442],[139.64799,35.91201],[139.64919,35.91121],[139.64925,35.91067],[139.64742,35.91073],[139.64842,35.90836],[139.64881,35.90416],[139.64974,35.90132],[139.64531,35.9016],[139.64419,35.90092],[139.64405,35.8995],[139.64263,35.89885],[139.64288,35.89803],[139.64521,35.89883],[139.64607,35.89723],[139.6449,35.8968],[139.64617,35.89535],[139.6467,35.89336],[139.64718,35.89308],[139.64659,35.89233],[139.64719,35.88983],[139.64493,35.88993],[139.64501,35.88878],[139.64445,35.88903],[139.644,35.8903],[139.64253,35.89131],[139.64335,35.89133],[139.64411,35.89197],[139.64464,35.89336],[139.64411,35.89363],[139.64416,35.89283],[139.6418,35.89203],[139.64225,35.89108],[139.64197,35.89056],[139.64047,35.89046],[139.63761,35.8889],[139.63712,35.88965],[139.63594,35.88928],[139.63413,35.89221],[139.63448,35.89269],[139.63388,35.89386],[139.63251,35.89442],[139.63197,35.89565],[139.62892,35.898],[139.62846,35.89787],[139.62903,35.89637],[139.62857,35.89636],[139.62542,35.90067],[139.62581,35.90064],[139.62514,35.90167],[139.62261,35.90136],[139.6221,35.90238],[139.62161,35.90244],[139.61959,35.90121],[139.62196,35.89655],[139.62141,35.89643],[139.62277,35.8932],[139.62219,35.89304],[139.62108,35.89431],[139.61994,35.89396],[139.61982,35.89428],[139.612,35.8941],[139.61148,35.89531],[139.60713,35.89619],[139.60617,35.89253],[139.60609,35.88988],[139.60438,35.88888],[139.60391,35.8875],[139.60324,35.88727],[139.60308,35.88889],[139.60256,35.88947],[139.59885,35.88968],[139.59732,35.89121],[139.59727,35.89241],[139.59821,35.89323]]]}},{"type":"Feature","properties":{"id":"muni-11104","name":"さいたま市見沼区"},"geometry":{"type":"Polygon","coordinates":[[[139.63077,35.94845],[139.62715,35.95016],[139.62582,35.95249],[139.63192,35.95393],[139.6343,35.95361],[139.63564,35.9545],[139.63647,35.95439],[139.63694,35.95506],[139.63836,35.95357],[139.64006,35.95412],[139.64118,35.95376],[139.64138,35.95225],[139.64311,35.95122],[139.64285,35.9508],[139.64497,35.95132],[139.64538,35.95173],[139.64513,35.95329],[139.64593,35.95326],[139.64656,35.95435],[139.64756,35.95396],[139.64929,35.95727],[139.65023,35.96147],[139.64877,35.96161],[139.64921,35.96386],[139.65243,35.96309],[139.65348,35.96334],[139.65314,35.96229],[139.65379,35.96199],[139.65428,35.96226],[139.65425,35.96333],[139.65737,35.96399],[139.65807,35.96355],[139.6594,35.96468],[139.66061,35.96466],[139.66206,35.96542],[139.66492,35.96516],[139.66584,35.96466],[139.66611,35.96504],[139.66763,35.96444],[139.66563,35.96376],[139.66613,35.96319],[139.66843,35.96365],[139.66826,35.96288],[139.6687,35.96271],[139.66954,35.96406],[139.6703,35.96374],[139.67119,35.96253],[139.66965,35.96225],[139.66933,35.9613],[139.6697,35.96101],[139.67188,35.96192],[139.67311,35.96107],[139.67233,35.96077],[139.67317,35.95948],[139.67381,35.95948],[139.67474,35.9586],[139.6737,35.95797],[139.67597,35.95743],[139.67608,35.95628],[139.67707,35.95461],[139.67666,35.95384],[139.67784,35.95376],[139.67688,35.95246],[139.67776,35.95239],[139.67917,35.95152],[139.67909,35.9511],[139.68172,35.95063],[139.68229,35.94982],[139.68247,35.94899],[139.68144,35.94897],[139.68144,35.94839],[139.68242,35.94823],[139.68178,35.94672],[139.68248,35.94507],[139.68227,35.94456],[139.68107,35.94453],[139.68105,35.9434],[139.68249,35.94279],[139.68099,35.94216],[139.68222,35.94112],[139.68317,35.93741],[139.68247,35.93454],[139.68472,35.9325],[139.68782,35.93172],[139.68901,35.93026],[139.69177,35.92982],[139.6923,35.92858],[139.69323,35.92851],[139.6928,35.92846],[139.69267,35.92697],[139.69309,35.92591],[139.69426,35.92622],[139.6944,35.92527],[139.69542,35.92527],[139.69573,35.92337],[139.69653,35.92248],[139.69773,35.92207],[139.6971,35.91979],[139.69862,35.91675],[139.70023,35.91573],[139.69934,35.91607],[139.69851,35.91539],[139.69526,35.91847],[139.69449,35.91808],[139.69246,35.91691],[139.69598,35.91375],[139.6955,35.91386],[139.69273,35.9118],[139.69351,35.90851],[139.69463,35.90782],[139.69349,35.90697],[139.69389,35.90629],[139.69853,35.90212],[139.70086,35.89893],[139.70114,35.89744],[139.70066,35.89264],[139.69395,35.89407],[139.69423,35.89515],[139.68902,35.89572],[139.68618,35.89484],[139.6861,35.89323],[139.67849,35.89385],[139.67858,35.89422],[139.67771,35.89433],[139.67848,35.89644],[139.6696,35.89703],[139.66973,35.89808],[139.6686,35.8979],[139.66702,35.90042],[139.66553,35.89932],[139.66646,35.89924],[139.66662,35.89891],[139.666,35.89838],[139.66047,35.89739],[139.66083,35.89385],[139.65201,35.89423],[139.65013,35.89726],[139.65048,35.89742],[139.64986,35.89861],[139.64942,35.89845],[139.64894,35.89936],[139.64841,35.90105],[139.64837,35.90141],[139.64972,35.90155],[139.64887,35.90388],[139.64842,35.90836],[139.64742,35.91073],[139.64925,35.91067],[139.64919,35.91121],[139.64799,35.91201],[139.64672,35.91442],[139.64468,35.91677],[139.64485,35.91798],[139.64369,35.91731],[139.64396,35.9209],[139.64165,35.92414],[139.6435,35.92463],[139.64289,35.92493],[139.64284,35.92626],[139.6419,35.92699],[139.64232,35.92812],[139.64188,35.92959],[139.64274,35.93412],[139.64212,35.93605],[139.64257,35.93907],[139.63832,35.94151],[139.63762,35.94235],[139.63704,35.94117],[139.63077,35.94845]]]}},{"type":"Feature","properties":{"id":"muni-11105","name":"さいたま市中央区"},"geometry":{"type":"Polygon","coordinates":[[[139.62,35.87008],[139.62097,35.86983],[139.62114,35.86885],[139.61904,35.86932],[139.61711,35.87129],[139.61342,35.87774],[139.61239,35.87736],[139.61022,35.87787],[139.60824,35.8775],[139.6063,35.87787],[139.60568,35.87853],[139.60414,35.87819],[139.60442,35.88147],[139.60892,35.88204],[139.60873,35.88304],[139.60922,35.88317],[139.60972,35.88453],[139.61039,35.88476],[139.60903,35.88546],[139.60867,35.88641],[139.60704,35.8877],[139.60461,35.88897],[139.60609,35.88988],[139.60617,35.89253],[139.60713,35.89619],[139.61148,35.89531],[139.612,35.8941],[139.61982,35.89428],[139.61994,35.89396],[139.62108,35.89431],[139.62219,35.89304],[139.62277,35.8932],[139.62141,35.89643],[139.62196,35.89655],[139.61959,35.90121],[139.62161,35.90244],[139.6221,35.90238],[139.62261,35.90136],[139.62514,35.90167],[139.62581,35.90064],[139.62542,35.90067],[139.62857,35.89636],[139.62903,35.89637],[139.62846,35.89787],[139.62892,35.898],[139.63197,35.89565],[139.63251,35.89442],[139.63388,35.89386],[139.63448,35.89269],[139.63413,35.89221],[139.6371,35.88733],[139.63611,35.88721],[139.63357,35.88997],[139.63365,35.8892],[139.63314,35.88905],[139.63339,35.88875],[139.63277,35.88833],[139.63294,35.88799],[139.63392,35.88684],[139.63613,35.88704],[139.63843,35.88345],[139.64068,35.88396],[139.64123,35.88311],[139.63708,35.88165],[139.63815,35.87439],[139.63799,35.8712],[139.63847,35.87072],[139.63936,35.87112],[139.63982,35.86943],[139.64172,35.86921],[139.64162,35.8685],[139.6424,35.86855],[139.64275,35.86786],[139.64403,35.86762],[139.64491,35.86816],[139.64488,35.86869],[139.64585,35.86877],[139.64591,35.86815],[139.64225,35.86597],[139.64002,35.86566],[139.64039,35.86069],[139.64002,35.86043],[139.64057,35.8588],[139.63957,35.85749],[139.64005,35.85611],[139.63989,35.85507],[139.63936,35.85467],[139.63831,35.85745],[139.63845,35.85846],[139.63769,35.85969],[139.63706,35.85957],[139.63668,35.86056],[139.63606,35.86044],[139.63414,35.86343],[139.63199,35.86279],[139.63129,35.86554],[139.62993,35.86638],[139.62748,35.86561],[139.62701,35.86663],[139.62583,35.8663],[139.62427,35.86933],[139.62455,35.87019],[139.62527,35.87039],[139.62462,35.87185],[139.62192,35.87204],[139.62187,35.87265],[139.62132,35.87243],[139.62095,35.8709],[139.62,35.87008]]]}},{"type":"Feature","properties":{"id":"muni-11106","name":"さいたま市桜区"},"geometry":{"type":"Polygon","coordinates":[[[139.57853,35.86469],[139.57661,35.87133],[139.57416,35.87517],[139.56878,35.88071],[139.57106,35.8821],[139.57276,35.88047],[139.57532,35.88179],[139.57658,35.88017],[139.58132,35.88218],[139.58279,35.87992],[139.58333,35.88008],[139.58317,35.88043],[139.58935,35.8805],[139.59237,35.88099],[139.59767,35.88083],[139.60066,35.88014],[139.60079,35.87925],[139.60173,35.87886],[139.60266,35.88542],[139.60341,35.88731],[139.60416,35.88792],[139.60397,35.88838],[139.60505,35.88902],[139.6052,35.88842],[139.60597,35.88844],[139.60704,35.8877],[139.60867,35.88641],[139.60903,35.88546],[139.61039,35.88476],[139.60972,35.88453],[139.60922,35.88317],[139.60873,35.88304],[139.60892,35.88204],[139.60442,35.88147],[139.60414,35.87819],[139.60568,35.87853],[139.6063,35.87787],[139.60824,35.8775],[139.61022,35.87787],[139.61239,35.87736],[139.61342,35.87774],[139.61711,35.87129],[139.61904,35.86932],[139.62114,35.86885],[139.62084,35.86936],[139.6213,35.86948],[139.61989,35.87027],[139.62095,35.8709],[139.62132,35.87243],[139.62187,35.87265],[139.62192,35.87204],[139.62462,35.87185],[139.62527,35.87039],[139.62455,35.87019],[139.62427,35.86933],[139.62583,35.8663],[139.62701,35.86663],[139.62748,35.86561],[139.63006,35.86632],[139.63134,35.86545],[139.63196,35.86281],[139.63414,35.86343],[139.63571,35.86115],[139.63751,35.855],[139.63655,35.85339],[139.63449,35.85282],[139.63306,35.85165],[139.63326,35.84875],[139.63453,35.84555],[139.63571,35.84417],[139.63478,35.84372],[139.63519,35.84359],[139.63571,35.8412],[139.63173,35.84015],[139.63271,35.83872],[139.62921,35.83887],[139.62868,35.83943],[139.62648,35.83865],[139.62367,35.83688],[139.61645,35.83422],[139.61547,35.83531],[139.6142,35.83534],[139.61273,35.83453],[139.61014,35.83177],[139.60806,35.83372],[139.6065,35.83689],[139.60704,35.84144],[139.60099,35.84444],[139.59687,35.84909],[139.59153,35.85262],[139.58706,35.85923],[139.5842,35.86131],[139.5795,35.86321],[139.57853,35.86469]]]}},{"type":"Feature","properties":{"id":"muni-11107","name":"さいたま市浦和区"},"geometry":{"type":"Polygon","coordinates":[[[139.63708,35.88165],[139.64123,35.88311],[139.64068,35.88396],[139.63843,35.88345],[139.63613,35.88704],[139.63392,35.88684],[139.63277,35.88833],[139.63365,35.8892],[139.63357,35.88997],[139.63611,35.88721],[139.63703,35.88729],[139.63592,35.88927],[139.63712,35.88965],[139.63761,35.8889],[139.64047,35.89046],[139.64197,35.89056],[139.64225,35.89108],[139.6418,35.89203],[139.64416,35.89283],[139.64411,35.89363],[139.64464,35.89336],[139.64411,35.89197],[139.64258,35.89118],[139.644,35.8903],[139.64472,35.88868],[139.64516,35.88919],[139.64493,35.88993],[139.64719,35.88983],[139.64659,35.89233],[139.64718,35.89308],[139.6467,35.89336],[139.64617,35.89535],[139.6449,35.8968],[139.64607,35.89723],[139.64521,35.89883],[139.64288,35.89803],[139.64263,35.89885],[139.64405,35.8995],[139.64419,35.90092],[139.64531,35.9016],[139.64837,35.90141],[139.64869,35.89983],[139.64942,35.89845],[139.64986,35.89861],[139.65048,35.89742],[139.65013,35.89726],[139.65216,35.89414],[139.66201,35.89366],[139.66513,35.89455],[139.66515,35.89399],[139.66258,35.89047],[139.66404,35.88917],[139.66576,35.88584],[139.66642,35.88657],[139.66706,35.88479],[139.66873,35.8826],[139.6683,35.88252],[139.66855,35.88169],[139.66719,35.88126],[139.66805,35.87913],[139.66694,35.87906],[139.66805,35.87512],[139.66719,35.8735],[139.66778,35.87244],[139.66646,35.87058],[139.66549,35.8704],[139.66457,35.86933],[139.66457,35.86761],[139.66606,35.86221],[139.66785,35.86002],[139.66483,35.85834],[139.66626,35.85749],[139.66695,35.85495],[139.66773,35.85486],[139.66579,35.85114],[139.66395,35.85051],[139.66442,35.84897],[139.66296,35.84883],[139.66285,35.84704],[139.65895,35.84713],[139.65814,35.84665],[139.65692,35.84916],[139.6555,35.85038],[139.64925,35.8504],[139.64989,35.85443],[139.64789,35.85459],[139.64807,35.85536],[139.64744,35.85541],[139.64736,35.85615],[139.64524,35.85505],[139.6453,35.85683],[139.64444,35.85671],[139.64434,35.85762],[139.64303,35.85752],[139.64292,35.85854],[139.6402,35.85834],[139.64057,35.8588],[139.64002,35.86043],[139.64039,35.86069],[139.64002,35.86566],[139.64225,35.86597],[139.64591,35.86815],[139.64585,35.86877],[139.64488,35.86869],[139.64491,35.86816],[139.64403,35.86762],[139.64275,35.86786],[139.6424,35.86855],[139.64162,35.8685],[139.64172,35.86921],[139.63982,35.86943],[139.63936,35.87112],[139.63847,35.87072],[139.63799,35.8712],[139.63815,35.87439],[139.63708,35.88165]]]}},{"type":"Feature","properties":{"id":"muni-11108","name":"さいたま市南区"},"geometry":{"type":"Polygon","coordinates":[[[139.62648,35.83865],[139.62898,35.83951],[139.62921,35.83887],[139.63271,35.83872],[139.63173,35.84015],[139.63571,35.8412],[139.63519,35.84359],[139.63478,35.84372],[139.63571,35.84417],[139.63453,35.84555],[139.63326,35.84875],[139.63306,35.85165],[139.63449,35.85282],[139.63655,35.85339],[139.63751,35.855],[139.63607,35.86043],[139.63668,35.86056],[139.63706,35.85957],[139.63769,35.85969],[139.63845,35.85846],[139.63831,35.85745],[139.6393,35.85468],[139.63991,35.85513],[139.64005,35.8566],[139.63955,35.85689],[139.64,35.85832],[139.64292,35.85854],[139.64303,35.85752],[139.64434,35.85762],[139.64444,35.85671],[139.6453,35.85683],[139.64524,35.85505],[139.64736,35.85615],[139.64744,35.85541],[139.64807,35.85536],[139.64789,35.85459],[139.64989,35.85443],[139.64925,35.8504],[139.6555,35.85038],[139.65692,35.84916],[139.65814,35.84665],[139.65895,35.84713],[139.66285,35.84704],[139.66296,35.84883],[139.66442,35.84897],[139.66395,35.85051],[139.66551,35.8509],[139.66689,35.85276],[139.66683,35.85347],[139.66773,35.85486],[139.66695,35.85495],[139.66626,35.85749],[139.66483,35.85834],[139.66785,35.86002],[139.66657,35.86157],[139.67086,35.86387],[139.67498,35.86019],[139.67662,35.86171],[139.67418,35.86466],[139.67461,35.86589],[139.67636,35.86671],[139.67855,35.86699],[139.68167,35.86644],[139.68265,35.86696],[139.68289,35.86667],[139.6819,35.8661],[139.68309,35.86473],[139.6838,35.86496],[139.68533,35.86411],[139.68714,35.86457],[139.68767,35.86527],[139.6876,35.867],[139.68842,35.86676],[139.68869,35.86657],[139.68758,35.86418],[139.68905,35.86388],[139.68949,35.86332],[139.69068,35.86419],[139.69132,35.86374],[139.69211,35.86441],[139.69338,35.86375],[139.69385,35.86406],[139.69449,35.86341],[139.6946,35.86176],[139.69534,35.86129],[139.69495,35.86106],[139.69517,35.86032],[139.69722,35.85895],[139.69815,35.85749],[139.69749,35.85727],[139.69722,35.85622],[139.6938,35.85406],[139.69497,35.85369],[139.69622,35.85497],[139.698,35.85396],[139.69685,35.85346],[139.69625,35.85407],[139.69572,35.85374],[139.69648,35.85298],[139.69556,35.85243],[139.6962,35.85213],[139.69623,35.85159],[139.69558,35.85122],[139.69567,35.84848],[139.69172,35.84828],[139.69117,35.84781],[139.68825,35.8475],[139.68806,35.84824],[139.6861,35.84856],[139.68473,35.84946],[139.68317,35.84928],[139.68135,35.84974],[139.67622,35.85174],[139.67558,35.85131],[139.67529,35.85029],[139.6761,35.8495],[139.67575,35.84909],[139.67747,35.84778],[139.67639,35.84762],[139.6763,35.84703],[139.67671,35.84684],[139.67645,35.84642],[139.67716,35.84621],[139.6768,35.8455],[139.6774,35.84538],[139.67783,35.84417],[139.67517,35.84261],[139.67503,35.84163],[139.67631,35.8413],[139.67747,35.84175],[139.67913,35.8402],[139.67843,35.83996],[139.67794,35.83896],[139.67738,35.83952],[139.67562,35.83893],[139.67614,35.83858],[139.67566,35.83848],[139.67691,35.83295],[139.66834,35.83556],[139.66827,35.83302],[139.66312,35.82927],[139.66252,35.82926],[139.66248,35.82866],[139.65999,35.8288],[139.66034,35.82915],[139.65949,35.83027],[139.65803,35.82954],[139.65343,35.83527],[139.6519,35.83511],[139.65215,35.83401],[139.64979,35.83357],[139.64994,35.83277],[139.64514,35.83185],[139.64647,35.82964],[139.6457,35.8295],[139.6434,35.82992],[139.64249,35.83086],[139.64118,35.83034],[139.64106,35.83222],[139.63441,35.83065],[139.63342,35.83086],[139.63301,35.82946],[139.63158,35.82962],[139.63153,35.82922],[139.63071,35.82914],[139.62816,35.83078],[139.62421,35.83466],[139.61891,35.82922],[139.61704,35.83026],[139.61645,35.83422],[139.62367,35.83688],[139.62648,35.83865]]]}},{"type":"Feature","properties":{"id":"muni-11109","name":"さいたま市緑区"},"geometry":{"type":"Polygon","coordinates":[[[139.67498,35.86019],[139.67086,35.86387],[139.66657,35.86157],[139.66606,35.86221],[139.66457,35.86761],[139.66457,35.86933],[139.66549,35.8704],[139.66646,35.87058],[139.66778,35.87244],[139.66719,35.8735],[139.66805,35.87512],[139.66694,35.87906],[139.66805,35.87913],[139.66719,35.88126],[139.66855,35.88169],[139.6683,35.88252],[139.66873,35.8826],[139.66706,35.88479],[139.66642,35.88657],[139.66576,35.88584],[139.66404,35.88917],[139.66258,35.89047],[139.66515,35.89399],[139.66513,35.89455],[139.66346,35.89381],[139.66083,35.89385],[139.66047,35.89739],[139.666,35.89838],[139.66662,35.89891],[139.66646,35.89924],[139.66553,35.89932],[139.66702,35.90042],[139.6686,35.8979],[139.66973,35.89808],[139.6696,35.89703],[139.67848,35.89644],[139.67771,35.89433],[139.67858,35.89422],[139.67849,35.89385],[139.6861,35.89323],[139.68618,35.89484],[139.68902,35.89572],[139.69423,35.89515],[139.69395,35.89407],[139.70066,35.89264],[139.70114,35.89744],[139.70086,35.89893],[139.69853,35.90212],[139.69349,35.90697],[139.69463,35.90782],[139.69351,35.90851],[139.69273,35.9118],[139.6955,35.91386],[139.69598,35.91375],[139.69246,35.91691],[139.69526,35.91847],[139.69851,35.91539],[139.69934,35.91607],[139.70086,35.91562],[139.70175,35.91645],[139.70229,35.91621],[139.70476,35.91375],[139.70441,35.91315],[139.70483,35.91331],[139.70515,35.91246],[139.70602,35.91256],[139.70668,35.91157],[139.70834,35.912],[139.70863,35.911],[139.71157,35.91149],[139.71183,35.91105],[139.71023,35.90993],[139.71065,35.90968],[139.7146,35.9094],[139.71608,35.90832],[139.71774,35.90908],[139.71872,35.90756],[139.72054,35.90803],[139.7217,35.90763],[139.72185,35.90721],[139.7211,35.90647],[139.72131,35.90551],[139.72241,35.90544],[139.72407,35.90351],[139.72805,35.90155],[139.73169,35.89889],[139.73293,35.89575],[139.73616,35.89408],[139.73746,35.89037],[139.73869,35.88915],[139.73934,35.88923],[139.74085,35.88829],[139.74084,35.88771],[139.74168,35.88814],[139.74209,35.8878],[139.74295,35.88622],[139.7413,35.88726],[139.74097,35.8868],[139.74465,35.883],[139.74244,35.88156],[139.74128,35.88271],[139.73983,35.88171],[139.73961,35.88204],[139.7377,35.88121],[139.73966,35.87905],[139.73999,35.8785],[139.73912,35.87835],[139.74103,35.87574],[139.73934,35.87513],[139.7389,35.87595],[139.73852,35.87566],[139.73894,35.87448],[139.73817,35.87439],[139.73848,35.87405],[139.73966,35.87452],[139.73978,35.87403],[139.73913,35.87361],[139.73971,35.87339],[139.73998,35.87182],[139.74172,35.87203],[139.74179,35.8717],[139.73978,35.87139],[139.73995,35.87017],[139.73948,35.86984],[139.73916,35.87025],[139.73847,35.86996],[139.73855,35.87032],[139.73776,35.87062],[139.73657,35.86958],[139.7365,35.8706],[139.73497,35.87135],[139.73471,35.87165],[139.73505,35.87188],[139.73351,35.87359],[139.73402,35.87388],[139.7332,35.87459],[139.73362,35.87503],[139.73264,35.87656],[139.73081,35.87559],[139.72917,35.87615],[139.72805,35.87812],[139.72527,35.87611],[139.72465,35.87707],[139.72242,35.87642],[139.71903,35.87916],[139.7134,35.87674],[139.72018,35.87049],[139.72016,35.86933],[139.71937,35.86804],[139.71827,35.86786],[139.71763,35.86707],[139.7181,35.86423],[139.71885,35.86331],[139.71869,35.86257],[139.71235,35.86178],[139.71208,35.86104],[139.71146,35.86109],[139.71071,35.86009],[139.71155,35.86003],[139.71163,35.86056],[139.7137,35.86042],[139.71322,35.85839],[139.71205,35.85848],[139.71167,35.85793],[139.71127,35.85797],[139.71134,35.85853],[139.71058,35.85859],[139.70994,35.85702],[139.70888,35.85709],[139.70846,35.8596],[139.70705,35.85871],[139.7041,35.8615],[139.70472,35.86204],[139.7043,35.86233],[139.70347,35.86185],[139.70284,35.86204],[139.69919,35.85977],[139.69969,35.85841],[139.69815,35.85749],[139.69722,35.85895],[139.69517,35.86032],[139.69495,35.86106],[139.69534,35.86129],[139.6946,35.86176],[139.69449,35.86341],[139.69385,35.86406],[139.69338,35.86375],[139.69211,35.86441],[139.69132,35.86374],[139.69068,35.86419],[139.68949,35.86332],[139.68905,35.86388],[139.68758,35.86418],[139.68869,35.86657],[139.68773,35.867],[139.68767,35.86527],[139.68714,35.86457],[139.68533,35.86411],[139.6838,35.86496],[139.68309,35.86473],[139.6819,35.8661],[139.68289,35.86667],[139.68265,35.86696],[139.68167,35.86644],[139.67855,35.86699],[139.676,35.86659],[139.67461,35.86589],[139.67418,35.86466],[139.67662,35.86171],[139.67498,35.86019]]]}},{"type":"Feature","properties":{"id":"muni-11110","name":"さいたま市岩槻区"},"geometry":{"type":"Polygon","coordinates":[[[139.67474,35.9586],[139.67381,35.95948],[139.67317,35.95948],[139.67233,35.96077],[139.67311,35.96107],[139.67188,35.96192],[139.6697,35.96101],[139.66933,35.9613],[139.66965,35.96225],[139.67119,35.96253],[139.66997,35.96393],[139.66954,35.96406],[139.66844,35.96274],[139.66855,35.96362],[139.66613,35.96319],[139.66564,35.96367],[139.66751,35.96425],[139.66684,35.96485],[139.66611,35.96504],[139.66584,35.96466],[139.66228,35.96542],[139.66061,35.96466],[139.6594,35.96468],[139.65807,35.96355],[139.65799,35.9659],[139.65407,35.96486],[139.65325,35.96801],[139.65424,35.96883],[139.65423,35.96981],[139.65665,35.96921],[139.65656,35.97004],[139.65751,35.97135],[139.66166,35.97351],[139.66246,35.97276],[139.66305,35.97319],[139.66356,35.9726],[139.66481,35.97263],[139.66529,35.97351],[139.6646,35.97442],[139.66593,35.9756],[139.66685,35.97492],[139.66771,35.97567],[139.66948,35.97428],[139.67172,35.97388],[139.67193,35.97463],[139.67365,35.97624],[139.67501,35.97485],[139.67652,35.97422],[139.68383,35.97559],[139.6862,35.97562],[139.69453,35.97404],[139.69313,35.97554],[139.68727,35.97679],[139.68689,35.97758],[139.68702,35.9798],[139.68785,35.98144],[139.68965,35.98372],[139.6909,35.98452],[139.69306,35.98809],[139.69381,35.98783],[139.69459,35.98887],[139.69443,35.98977],[139.69557,35.99134],[139.69177,35.99924],[139.69282,35.99967],[139.69181,36.00127],[139.69111,36.00098],[139.69053,36.00191],[139.69172,36.00239],[139.69231,36.00148],[139.69384,36.00248],[139.6947,36.00188],[139.69523,36.00235],[139.69994,35.99796],[139.70125,35.99821],[139.70298,35.9978],[139.70744,35.99509],[139.70787,35.99555],[139.7084,35.99465],[139.71036,35.99521],[139.70949,35.99391],[139.71588,35.99114],[139.71651,35.99203],[139.71862,35.99142],[139.71945,35.99075],[139.71892,35.98997],[139.71963,35.98966],[139.71942,35.98939],[139.72596,35.9847],[139.72515,35.98441],[139.72567,35.98237],[139.72598,35.98187],[139.72666,35.98236],[139.72688,35.98196],[139.72408,35.97575],[139.72568,35.97127],[139.72494,35.97138],[139.72423,35.97219],[139.72115,35.96867],[139.71829,35.96863],[139.71722,35.96803],[139.71696,35.96856],[139.71523,35.96805],[139.71496,35.96851],[139.71395,35.96845],[139.71326,35.96914],[139.71371,35.96934],[139.71284,35.96957],[139.71253,35.97034],[139.71037,35.97101],[139.71305,35.96886],[139.71175,35.96793],[139.71272,35.96859],[139.71313,35.9683],[139.71244,35.96762],[139.71265,35.96682],[139.71448,35.96721],[139.71292,35.96761],[139.71346,35.96826],[139.71348,35.96778],[139.71422,35.96825],[139.71473,35.96801],[139.71415,35.96778],[139.71462,35.96736],[139.71448,35.96674],[139.7135,35.96667],[139.71335,35.96627],[139.7141,35.96578],[139.71386,35.96559],[139.71145,35.96705],[139.71195,35.96758],[139.71168,35.96787],[139.7109,35.96725],[139.71313,35.96425],[139.71416,35.96449],[139.717,35.96296],[139.71681,35.96134],[139.71773,35.96015],[139.72058,35.95936],[139.72585,35.96121],[139.72243,35.95872],[139.72072,35.95837],[139.72072,35.95727],[139.71938,35.95537],[139.7197,35.95483],[139.71922,35.9543],[139.7195,35.95219],[139.72277,35.95237],[139.72346,35.95338],[139.72311,35.95387],[139.7243,35.95357],[139.72485,35.95443],[139.72606,35.95408],[139.72558,35.95336],[139.72616,35.95311],[139.72683,35.95415],[139.72794,35.95367],[139.72926,35.9552],[139.73061,35.95458],[139.73117,35.9554],[139.73251,35.95522],[139.73296,35.9559],[139.73244,35.95614],[139.733,35.957],[139.73441,35.95694],[139.73494,35.9574],[139.73541,35.95646],[139.73507,35.95635],[139.73529,35.95585],[139.7346,35.95615],[139.73424,35.95558],[139.73503,35.95462],[139.73458,35.95394],[139.73609,35.95398],[139.7369,35.95247],[139.73793,35.95282],[139.73897,35.9517],[139.74157,35.9513],[139.74196,35.95196],[139.74589,35.95239],[139.75002,35.9426],[139.75118,35.94246],[139.75145,35.94199],[139.75141,35.94148],[139.75021,35.9419],[139.74955,35.94153],[139.75249,35.94008],[139.75413,35.93789],[139.75495,35.93836],[139.75536,35.93791],[139.75732,35.93788],[139.75679,35.93747],[139.75724,35.93712],[139.75633,35.93564],[139.75496,35.93563],[139.7548,35.93518],[139.75419,35.93533],[139.75396,35.93468],[139.75337,35.93482],[139.75317,35.93421],[139.75373,35.93407],[139.75293,35.93358],[139.75351,35.93344],[139.75322,35.93265],[139.75263,35.9328],[139.75224,35.93168],[139.75282,35.93154],[139.75262,35.93101],[139.74967,35.92841],[139.74925,35.927],[139.74539,35.92673],[139.74543,35.92605],[139.74659,35.92547],[139.74661,35.92486],[139.74611,35.92469],[139.74699,35.92267],[139.74668,35.92219],[139.74813,35.922],[139.74536,35.91756],[139.74861,35.915],[139.7495,35.9112],[139.7523,35.91166],[139.7527,35.91019],[139.75443,35.91048],[139.7552,35.90746],[139.75564,35.90467],[139.75408,35.90444],[139.75474,35.90185],[139.7526,35.90151],[139.75209,35.89928],[139.7529,35.89891],[139.75254,35.89857],[139.75289,35.89832],[139.75324,35.89867],[139.75391,35.8982],[139.75262,35.89718],[139.75353,35.89595],[139.75333,35.89562],[139.75141,35.89485],[139.74995,35.89556],[139.74923,35.89522],[139.74955,35.89473],[139.74919,35.89448],[139.74849,35.89485],[139.74746,35.89413],[139.74682,35.89448],[139.74496,35.89392],[139.74604,35.89252],[139.74842,35.89077],[139.7476,35.88754],[139.7501,35.88268],[139.75281,35.88003],[139.74827,35.88165],[139.74705,35.88381],[139.74295,35.88622],[139.74189,35.88802],[139.74098,35.88763],[139.74075,35.88838],[139.73934,35.88923],[139.73869,35.88915],[139.73726,35.89059],[139.73716,35.89212],[139.73616,35.89408],[139.73283,35.89586],[139.73169,35.89889],[139.72805,35.90155],[139.72407,35.90351],[139.72241,35.90544],[139.72131,35.90551],[139.7211,35.90647],[139.72185,35.90721],[139.7217,35.90763],[139.72054,35.90803],[139.71872,35.90756],[139.71774,35.90908],[139.71608,35.90832],[139.7146,35.9094],[139.71065,35.90968],[139.71023,35.90993],[139.71183,35.91105],[139.71157,35.91149],[139.70863,35.911],[139.70834,35.912],[139.70668,35.91157],[139.70602,35.91256],[139.70515,35.91246],[139.70483,35.91331],[139.70441,35.91315],[139.70476,35.91375],[139.70229,35.91621],[139.70175,35.91645],[139.7013,35.91578],[139.70024,35.91569],[139.69862,35.91675],[139.6971,35.91979],[139.69773,35.92207],[139.69653,35.92248],[139.69573,35.92337],[139.69542,35.92527],[139.6944,35.92527],[139.69426,35.92622],[139.69309,35.92591],[139.69267,35.92697],[139.6928,35.92846],[139.69323,35.92851],[139.6923,35.92858],[139.69141,35.93008],[139.68901,35.93026],[139.68782,35.93172],[139.68472,35.9325],[139.68247,35.93454],[139.68317,35.93741],[139.68222,35.94112],[139.68099,35.94216],[139.68249,35.94279],[139.68105,35.9434],[139.68107,35.94453],[139.68227,35.94456],[139.68248,35.94507],[139.68178,35.94672],[139.68242,35.94823],[139.68144,35.94839],[139.68144,35.94897],[139.68247,35.94899],[139.6824,35.94954],[139.68172,35.95063],[139.67909,35.9511],[139.67917,35.95152],[139.67776,35.95239],[139.67688,35.95246],[139.67784,35.95376],[139.67666,35.95384],[139.67707,35.95461],[139.67608,35.95628],[139.67597,35.95743],[139.6737,35.95797],[139.67474,35.9586]]]}},{"type":"Feature","properties":{"id":"muni-11201","name":"川越市"},"geometry":{"type":"Polygon","coordinates":[[[139.38369,35.90987],[139.38489,35.91004],[139.3839,35.91265],[139.38453,35.91318],[139.38251,35.91522],[139.38418,35.91658],[139.38515,35.91655],[139.38187,35.91807],[139.38256,35.91945],[139.38007,35.92038],[139.37738,35.9154],[139.38095,35.92228],[139.38375,35.9224],[139.38389,35.92162],[139.38486,35.9215],[139.38469,35.9205],[139.3857,35.91757],[139.38528,35.91719],[139.38553,35.91645],[139.38726,35.91443],[139.38858,35.91467],[139.38883,35.91406],[139.4009,35.91851],[139.40302,35.91971],[139.40478,35.92143],[139.41186,35.92406],[139.41289,35.92289],[139.41533,35.92433],[139.41616,35.9236],[139.41573,35.92345],[139.41599,35.92296],[139.42047,35.92481],[139.41754,35.92696],[139.41789,35.92734],[139.41879,35.92677],[139.41931,35.9273],[139.41716,35.92869],[139.41801,35.92985],[139.41627,35.93009],[139.4185,35.93189],[139.4182,35.93208],[139.42047,35.93448],[139.4201,35.93472],[139.42287,35.93692],[139.42216,35.93729],[139.42365,35.93685],[139.42495,35.93824],[139.42888,35.94041],[139.42787,35.94249],[139.42732,35.94239],[139.42715,35.94282],[139.42765,35.94296],[139.42715,35.94407],[139.42815,35.94495],[139.42702,35.9455],[139.42738,35.94633],[139.42553,35.94856],[139.42579,35.949],[139.42507,35.94876],[139.42491,35.94968],[139.42439,35.94955],[139.42374,35.95088],[139.4207,35.95275],[139.42268,35.95457],[139.4211,35.95571],[139.42411,35.95849],[139.42548,35.95737],[139.42909,35.95844],[139.43028,35.95836],[139.43072,35.95884],[139.43274,35.95856],[139.4337,35.95878],[139.43421,35.96001],[139.43572,35.96063],[139.43676,35.96178],[139.43772,35.96172],[139.4387,35.96243],[139.44097,35.96182],[139.44095,35.9612],[139.43931,35.96126],[139.43902,35.96075],[139.43676,35.96146],[139.43598,35.9605],[139.43633,35.95948],[139.43793,35.96008],[139.43927,35.95962],[139.43921,35.95858],[139.44342,35.95849],[139.44364,35.95789],[139.44354,35.95648],[139.44223,35.95638],[139.4422,35.95366],[139.44101,35.95372],[139.43684,35.95203],[139.43555,35.9522],[139.43345,35.95145],[139.43491,35.9448],[139.45073,35.94853],[139.45053,35.94884],[139.45326,35.94985],[139.45442,35.95146],[139.45533,35.95159],[139.45517,35.95309],[139.45978,35.95441],[139.46185,35.95656],[139.46233,35.95804],[139.46549,35.95895],[139.4666,35.96028],[139.46756,35.96036],[139.46905,35.95897],[139.47014,35.9589],[139.4707,35.96077],[139.47381,35.96005],[139.47652,35.96086],[139.47764,35.95993],[139.4764,35.95757],[139.47767,35.95647],[139.47895,35.95623],[139.48013,35.95693],[139.48381,35.95638],[139.48679,35.95648],[139.48723,35.95754],[139.48546,35.95894],[139.48583,35.95937],[139.48721,35.95929],[139.4894,35.95865],[139.48975,35.95526],[139.49215,35.95486],[139.49422,35.95543],[139.49732,35.95492],[139.49879,35.95797],[139.49956,35.95847],[139.50294,35.95602],[139.50439,35.95559],[139.50491,35.95413],[139.5074,35.95426],[139.51337,35.95258],[139.51374,35.95317],[139.51655,35.95225],[139.51618,35.95145],[139.51977,35.95044],[139.52424,35.94828],[139.52516,35.94877],[139.52662,35.94818],[139.52719,35.94998],[139.52643,35.9499],[139.52638,35.95089],[139.53177,35.94946],[139.53176,35.94987],[139.53315,35.95007],[139.53352,35.95135],[139.53475,35.95103],[139.53571,35.94942],[139.5349,35.94856],[139.53622,35.94785],[139.53745,35.9458],[139.54475,35.94405],[139.54525,35.9428],[139.54577,35.94267],[139.54542,35.94053],[139.54393,35.93827],[139.54133,35.93605],[139.54032,35.93822],[139.54061,35.93899],[139.54002,35.94033],[139.53892,35.94071],[139.53821,35.93981],[139.53963,35.93801],[139.54029,35.93796],[139.54075,35.93627],[139.54139,35.93585],[139.54022,35.93487],[139.54262,35.93356],[139.54333,35.93267],[139.54785,35.93427],[139.5506,35.93109],[139.55063,35.92893],[139.55125,35.92891],[139.55036,35.92856],[139.55057,35.92623],[139.55016,35.92597],[139.54853,35.9274],[139.5478,35.92666],[139.54687,35.92717],[139.54588,35.92639],[139.54645,35.92499],[139.54727,35.92449],[139.5463,35.92352],[139.54685,35.92286],[139.54618,35.92269],[139.54592,35.92206],[139.54677,35.92186],[139.54792,35.91991],[139.54948,35.91903],[139.54956,35.91809],[139.55034,35.91782],[139.54967,35.91702],[139.55014,35.91599],[139.54929,35.91535],[139.54991,35.91493],[139.54922,35.91449],[139.54938,35.91403],[139.54844,35.91234],[139.55,35.91079],[139.55097,35.91102],[139.5518,35.91039],[139.55218,35.9094],[139.55176,35.90739],[139.55401,35.90675],[139.55402,35.90496],[139.55497,35.90448],[139.55377,35.90071],[139.551,35.89731],[139.5511,35.89601],[139.55256,35.89445],[139.55743,35.89147],[139.55819,35.89068],[139.55832,35.88973],[139.55789,35.88854],[139.55661,35.88735],[139.5556,35.88731],[139.55447,35.88811],[139.55263,35.88844],[139.55034,35.88797],[139.5498,35.88718],[139.5489,35.88784],[139.54815,35.88764],[139.54773,35.88854],[139.54541,35.8872],[139.54395,35.88565],[139.54475,35.88498],[139.54406,35.88445],[139.54527,35.88358],[139.54301,35.88345],[139.54373,35.88224],[139.54665,35.88251],[139.54729,35.88139],[139.54573,35.88143],[139.54367,35.88036],[139.54346,35.881],[139.54264,35.88066],[139.54233,35.87974],[139.54262,35.87828],[139.54216,35.87768],[139.53662,35.87977],[139.53162,35.87996],[139.5276,35.88128],[139.52585,35.88249],[139.52358,35.88525],[139.52304,35.88689],[139.52408,35.88753],[139.52495,35.88961],[139.52649,35.89069],[139.52637,35.8917],[139.52337,35.89251],[139.52241,35.89135],[139.52087,35.89059],[139.51824,35.89059],[139.51671,35.88947],[139.51648,35.88807],[139.51453,35.88842],[139.51543,35.88491],[139.51401,35.88388],[139.51516,35.88222],[139.51627,35.88244],[139.51245,35.8807],[139.51279,35.88009],[139.50931,35.87911],[139.50969,35.87889],[139.5093,35.8784],[139.50573,35.87532],[139.5033,35.87245],[139.50231,35.87197],[139.49817,35.86713],[139.50212,35.86485],[139.49762,35.86738],[139.49392,35.86541],[139.49565,35.86439],[139.49277,35.86215],[139.49141,35.86344],[139.48947,35.86212],[139.48916,35.86017],[139.48805,35.85936],[139.48605,35.85926],[139.48322,35.85744],[139.48038,35.85764],[139.47971,35.85725],[139.47982,35.85678],[139.4778,35.85623],[139.47657,35.85645],[139.47413,35.85554],[139.47112,35.85572],[139.46839,35.85437],[139.46852,35.85406],[139.46949,35.85436],[139.47149,35.8555],[139.47439,35.85526],[139.4767,35.8512],[139.48901,35.85551],[139.49224,35.8527],[139.48487,35.84948],[139.4855,35.84864],[139.48401,35.84798],[139.48454,35.84716],[139.48386,35.84686],[139.48694,35.84228],[139.48398,35.84007],[139.48271,35.84138],[139.48162,35.8399],[139.4781,35.83738],[139.47255,35.84446],[139.47173,35.8442],[139.46907,35.84802],[139.4667,35.847],[139.46442,35.85039],[139.46618,35.85149],[139.4605,35.85807],[139.45976,35.85774],[139.45882,35.85894],[139.46018,35.86199],[139.45974,35.8623],[139.46059,35.86344],[139.46359,35.86512],[139.4634,35.86575],[139.46593,35.86769],[139.46474,35.86957],[139.46378,35.86988],[139.46426,35.8704],[139.46202,35.87378],[139.46189,35.8761],[139.46247,35.87663],[139.46211,35.8778],[139.4546,35.87097],[139.45395,35.87133],[139.45607,35.87434],[139.45523,35.87397],[139.45582,35.87505],[139.45412,35.87592],[139.4557,35.87994],[139.45595,35.88056],[139.45707,35.88011],[139.46118,35.88704],[139.4606,35.88783],[139.45987,35.88798],[139.45863,35.88685],[139.45796,35.88733],[139.45726,35.88712],[139.44704,35.87933],[139.4409,35.88494],[139.4376,35.88262],[139.43713,35.88345],[139.43661,35.883],[139.43476,35.88381],[139.43272,35.88173],[139.43326,35.88419],[139.43381,35.88409],[139.4337,35.88476],[139.43168,35.8853],[139.43109,35.8865],[139.43152,35.88814],[139.4306,35.88871],[139.42926,35.88856],[139.42813,35.89124],[139.4271,35.89151],[139.42657,35.8923],[139.42462,35.89271],[139.42448,35.89202],[139.42315,35.89269],[139.42285,35.89197],[139.41857,35.89502],[139.41806,35.89427],[139.41733,35.89461],[139.41786,35.89645],[139.41591,35.89669],[139.41628,35.89792],[139.41326,35.89749],[139.41343,35.89851],[139.41296,35.89843],[139.41154,35.90107],[139.40809,35.90032],[139.40643,35.8989],[139.39889,35.89487],[139.39856,35.89368],[139.39641,35.89905],[139.39668,35.89937],[139.39513,35.9015],[139.39425,35.90192],[139.39316,35.90431],[139.39377,35.90475],[139.39352,35.90683],[139.3924,35.90826],[139.38151,35.90801],[139.38157,35.909],[139.38467,35.90877],[139.38369,35.90987]]]}},{"type":"Feature","properties":{"id":"muni-11202","name":"熊谷市"},"geometry":{"type":"Polygon","coordinates":[[[139.35132,36.10331],[139.34496,36.10409],[139.34485,36.10345],[139.34386,36.10358],[139.34391,36.10149],[139.34499,36.10175],[139.34483,36.10009],[139.34295,36.09928],[139.34323,36.09756],[139.34288,36.09775],[139.34222,36.09685],[139.34217,36.09528],[139.34286,36.09319],[139.34236,36.09],[139.34048,36.09018],[139.33937,36.08878],[139.33773,36.08918],[139.33541,36.08875],[139.33528,36.09112],[139.33464,36.09187],[139.33049,36.09007],[139.33093,36.0907],[139.33018,36.09211],[139.33106,36.09351],[139.33125,36.09551],[139.33011,36.09698],[139.32845,36.0969],[139.32701,36.09846],[139.32595,36.09873],[139.32295,36.09539],[139.32138,36.09086],[139.32073,36.09078],[139.32022,36.09164],[139.31842,36.09217],[139.31709,36.09417],[139.31796,36.09475],[139.31693,36.09548],[139.31596,36.09715],[139.3145,36.09744],[139.3137,36.09856],[139.3132,36.09824],[139.31086,36.10173],[139.31068,36.10394],[139.31221,36.10443],[139.31198,36.10597],[139.30984,36.10528],[139.30843,36.10549],[139.30527,36.10853],[139.3035,36.1091],[139.30097,36.11087],[139.30027,36.11209],[139.30622,36.11175],[139.30722,36.1142],[139.31078,36.11555],[139.31162,36.11717],[139.31037,36.12274],[139.31184,36.12515],[139.31254,36.12757],[139.31252,36.13156],[139.3116,36.13612],[139.31173,36.1384],[139.30726,36.13905],[139.30803,36.14179],[139.30995,36.14186],[139.30981,36.14277],[139.31081,36.14288],[139.31137,36.14356],[139.3122,36.14325],[139.31392,36.1437],[139.31376,36.14463],[139.31307,36.14526],[139.31478,36.14621],[139.31425,36.14647],[139.31441,36.14761],[139.31323,36.14771],[139.31335,36.14882],[139.31104,36.14902],[139.3112,36.15009],[139.31035,36.15019],[139.31031,36.15124],[139.30979,36.15129],[139.31011,36.15229],[139.30968,36.1526],[139.30519,36.15165],[139.3036,36.1537],[139.3,36.15606],[139.29886,36.15493],[139.29621,36.15504],[139.2938,36.15752],[139.29426,36.15767],[139.29408,36.15802],[139.28985,36.16076],[139.2918,36.16271],[139.29334,36.16167],[139.29747,36.16568],[139.29588,36.16675],[139.30451,36.17046],[139.30674,36.172],[139.30301,36.17523],[139.30876,36.1763],[139.31281,36.17791],[139.31773,36.1744],[139.31868,36.1753],[139.32108,36.17494],[139.32375,36.17555],[139.32667,36.17676],[139.32699,36.178],[139.32579,36.17938],[139.32352,36.18063],[139.32635,36.18226],[139.32766,36.18355],[139.33338,36.17932],[139.33263,36.18478],[139.32962,36.1891],[139.32921,36.1907],[139.32997,36.19258],[139.32992,36.19439],[139.33039,36.19468],[139.3299,36.19597],[139.331,36.19664],[139.33117,36.19781],[139.33204,36.19847],[139.33139,36.19917],[139.33186,36.19944],[139.33164,36.19968],[139.33349,36.20079],[139.33454,36.20242],[139.33325,36.20438],[139.3338,36.20452],[139.33311,36.20625],[139.33315,36.21002],[139.33541,36.21214],[139.33623,36.21195],[139.33639,36.2177],[139.33434,36.22],[139.33477,36.22035],[139.33347,36.22294],[139.33382,36.22298],[139.33351,36.22498],[139.33585,36.22662],[139.33497,36.22793],[139.33574,36.23069],[139.33516,36.23512],[139.3331,36.23618],[139.32925,36.24053],[139.33417,36.24318],[139.33696,36.24305],[139.34032,36.24388],[139.33976,36.24595],[139.3452,36.24796],[139.34644,36.24987],[139.34708,36.25173],[139.34659,36.25188],[139.34742,36.25359],[139.35077,36.25405],[139.35147,36.25394],[139.35376,36.25129],[139.35555,36.2526],[139.35766,36.25335],[139.3589,36.25355],[139.36045,36.25308],[139.3653,36.24986],[139.3697,36.24613],[139.37593,36.24485],[139.37746,36.24408],[139.37823,36.24309],[139.37891,36.24322],[139.37923,36.24081],[139.38165,36.23736],[139.38555,36.23546],[139.39198,36.22921],[139.39248,36.22799],[139.40222,36.22436],[139.4181,36.21679],[139.42006,36.21448],[139.42003,36.21061],[139.42426,36.21041],[139.42612,36.2096],[139.4395,36.20039],[139.44356,36.19709],[139.44216,36.19471],[139.43611,36.19524],[139.43347,36.19609],[139.42822,36.1963],[139.42576,36.19784],[139.42417,36.19812],[139.42048,36.19551],[139.42021,36.19437],[139.42168,36.19268],[139.42059,36.19008],[139.41719,36.18856],[139.41739,36.18816],[139.42022,36.18876],[139.41993,36.18808],[139.42269,36.18629],[139.42247,36.18499],[139.42131,36.18491],[139.4215,36.18333],[139.42037,36.18325],[139.4209,36.17882],[139.4214,36.17894],[139.42205,36.175],[139.42088,36.17491],[139.421,36.17404],[139.42205,36.17412],[139.42222,36.17276],[139.42116,36.1727],[139.42132,36.17127],[139.42256,36.17181],[139.4223,36.17081],[139.42334,36.16979],[139.43505,36.17054],[139.43525,36.1636],[139.43701,36.16386],[139.43755,36.16202],[139.43847,36.16162],[139.43768,36.16062],[139.43639,36.16004],[139.43355,36.15951],[139.43195,36.15872],[139.43284,36.15524],[139.43361,36.14709],[139.43186,36.14731],[139.4328,36.147],[139.43231,36.14679],[139.43219,36.14586],[139.43185,36.14701],[139.42685,36.14666],[139.42522,36.14711],[139.42505,36.14788],[139.42366,36.14792],[139.42482,36.14771],[139.42479,36.14707],[139.42384,36.14713],[139.42321,36.14741],[139.42313,36.14793],[139.42361,36.14817],[139.42212,36.14815],[139.42334,36.1413],[139.42332,36.14085],[139.42264,36.1407],[139.42275,36.13885],[139.42337,36.13889],[139.42391,36.13767],[139.42444,36.13767],[139.42541,36.13567],[139.4273,36.1349],[139.42739,36.13415],[139.42915,36.13422],[139.42974,36.13163],[139.4313,36.13158],[139.43139,36.12702],[139.43375,36.12705],[139.43378,36.12576],[139.4323,36.12574],[139.4321,36.12438],[139.43145,36.12438],[139.43149,36.12365],[139.4309,36.12366],[139.4309,36.12317],[139.4298,36.12316],[139.42932,36.12258],[139.43003,36.12171],[139.42879,36.12111],[139.42923,36.12027],[139.43005,36.12013],[139.43006,36.11963],[139.43116,36.12116],[139.43332,36.12111],[139.43425,36.11995],[139.43413,36.11857],[139.43189,36.11583],[139.4294,36.11419],[139.42926,36.11314],[139.43128,36.11105],[139.43682,36.10771],[139.43835,36.10486],[139.43715,36.1043],[139.43281,36.10421],[139.43275,36.10371],[139.43182,36.10412],[139.43067,36.10304],[139.43255,36.10078],[139.43267,36.09424],[139.43495,36.08812],[139.43337,36.0872],[139.43312,36.08562],[139.43553,36.08432],[139.43829,36.08471],[139.44161,36.08325],[139.44663,36.08342],[139.44626,36.08298],[139.44716,36.08298],[139.44497,36.08061],[139.4426,36.07975],[139.44176,36.07884],[139.43714,36.07663],[139.43492,36.07661],[139.43025,36.07352],[139.42818,36.07462],[139.42686,36.07225],[139.42581,36.07276],[139.4252,36.07246],[139.42605,36.07214],[139.4254,36.07153],[139.42312,36.07003],[139.42145,36.06971],[139.42312,36.07192],[139.41903,36.07427],[139.40875,36.0763],[139.40557,36.07536],[139.40685,36.08053],[139.4066,36.08116],[139.40866,36.08357],[139.41036,36.08407],[139.41292,36.09009],[139.41086,36.09187],[139.41114,36.09317],[139.41065,36.09405],[139.40945,36.09308],[139.40734,36.09508],[139.40592,36.09428],[139.40412,36.09533],[139.40415,36.09595],[139.40281,36.0963],[139.40055,36.0981],[139.39859,36.09889],[139.39858,36.09986],[139.39744,36.09984],[139.39735,36.10114],[139.39628,36.10111],[139.39628,36.10023],[139.39281,36.10409],[139.39169,36.10419],[139.39167,36.1049],[139.3905,36.10521],[139.38907,36.10484],[139.38864,36.10351],[139.38743,36.10329],[139.3872,36.10172],[139.38578,36.10133],[139.38365,36.09811],[139.38139,36.09604],[139.3797,36.09644],[139.37567,36.09941],[139.37534,36.10075],[139.37058,36.09949],[139.359,36.10036],[139.35132,36.10331]]]}},{"type":"Feature","properties":{"id":"muni-11203","name":"川口市"},"geometry":{"type":"Polygon","coordinates":[[[139.67622,35.85174],[139.68317,35.84928],[139.68473,35.84946],[139.6861,35.84856],[139.68806,35.84824],[139.68825,35.8475],[139.69117,35.84781],[139.69172,35.84828],[139.69567,35.84848],[139.69558,35.85122],[139.69623,35.85159],[139.6962,35.85213],[139.69556,35.85243],[139.69648,35.85298],[139.69572,35.85374],[139.69625,35.85407],[139.69685,35.85346],[139.698,35.85396],[139.69622,35.85497],[139.69497,35.85369],[139.6938,35.85406],[139.69741,35.85639],[139.69749,35.85727],[139.69969,35.85841],[139.69919,35.85977],[139.7017,35.86101],[139.70146,35.86133],[139.7043,35.86233],[139.70472,35.86204],[139.7041,35.8615],[139.70705,35.85871],[139.70846,35.8596],[139.70888,35.85709],[139.70994,35.85702],[139.71058,35.85859],[139.71134,35.85853],[139.71127,35.85797],[139.71167,35.85793],[139.71205,35.85848],[139.71322,35.85839],[139.7137,35.86042],[139.71163,35.86056],[139.71155,35.86003],[139.71071,35.86009],[139.71078,35.8606],[139.71208,35.86104],[139.71274,35.86201],[139.71869,35.86257],[139.71885,35.86331],[139.7181,35.86423],[139.71763,35.86707],[139.71978,35.86854],[139.72018,35.87049],[139.7134,35.87674],[139.71903,35.87916],[139.72242,35.87642],[139.72465,35.87707],[139.72527,35.87611],[139.72805,35.87812],[139.72917,35.87615],[139.73081,35.87559],[139.73264,35.87656],[139.73362,35.87503],[139.7332,35.87459],[139.73402,35.87388],[139.73351,35.87359],[139.73505,35.87188],[139.73471,35.87165],[139.73497,35.87135],[139.7365,35.8706],[139.73632,35.86981],[139.73691,35.86958],[139.73776,35.87062],[139.73855,35.87032],[139.73847,35.86996],[139.7397,35.86996],[139.73978,35.87139],[139.74179,35.8717],[139.74172,35.87203],[139.73998,35.87182],[139.73971,35.87339],[139.73913,35.87361],[139.73978,35.87403],[139.73966,35.87452],[139.73848,35.87405],[139.73817,35.87439],[139.73894,35.87448],[139.73852,35.87566],[139.7389,35.87595],[139.73934,35.87513],[139.74103,35.87574],[139.73912,35.87835],[139.73999,35.8785],[139.73966,35.87905],[139.7377,35.88121],[139.73961,35.88204],[139.73983,35.88171],[139.74128,35.88271],[139.74244,35.88156],[139.74465,35.883],[139.74097,35.8868],[139.7413,35.88726],[139.74705,35.88381],[139.74838,35.88158],[139.75281,35.88003],[139.75307,35.87915],[139.75659,35.87763],[139.75883,35.87381],[139.76183,35.87027],[139.76518,35.86987],[139.77014,35.86653],[139.76672,35.86533],[139.76618,35.86452],[139.76355,35.86346],[139.76523,35.85764],[139.76645,35.85623],[139.77482,35.85181],[139.77143,35.84832],[139.77551,35.84443],[139.77623,35.84486],[139.77812,35.8431],[139.77944,35.84043],[139.7791,35.83883],[139.7772,35.83891],[139.77675,35.83793],[139.77801,35.83748],[139.77837,35.83512],[139.77983,35.8357],[139.7808,35.83505],[139.77841,35.83402],[139.7792,35.83312],[139.78289,35.83278],[139.78274,35.83107],[139.78509,35.82933],[139.7854,35.82785],[139.78775,35.82796],[139.78717,35.82632],[139.78822,35.82537],[139.78829,35.82461],[139.78732,35.82435],[139.78632,35.82497],[139.78629,35.82457],[139.78177,35.82391],[139.7813,35.82361],[139.78219,35.82304],[139.78148,35.82264],[139.77965,35.82196],[139.77945,35.82256],[139.7766,35.82129],[139.77645,35.82083],[139.77515,35.82089],[139.77205,35.81996],[139.77118,35.81843],[139.76773,35.81904],[139.76748,35.8175],[139.76633,35.81736],[139.76526,35.8164],[139.76584,35.81583],[139.76101,35.8126],[139.75701,35.81192],[139.75536,35.81277],[139.75487,35.81035],[139.75414,35.81097],[139.75402,35.81037],[139.75244,35.81054],[139.75204,35.81121],[139.75125,35.81071],[139.75039,35.80936],[139.75065,35.80638],[139.75518,35.80311],[139.75579,35.80196],[139.76055,35.79756],[139.75985,35.79489],[139.75524,35.79001],[139.75612,35.78859],[139.75537,35.7872],[139.75373,35.78703],[139.75367,35.78634],[139.75276,35.78617],[139.75119,35.7865],[139.74883,35.78605],[139.74674,35.78673],[139.74664,35.78526],[139.74546,35.78316],[139.73805,35.78021],[139.73862,35.78725],[139.7367,35.78882],[139.73331,35.78996],[139.72531,35.78715],[139.72325,35.7887],[139.72254,35.7905],[139.72006,35.79184],[139.71678,35.79226],[139.71033,35.79215],[139.70734,35.7927],[139.7049,35.79372],[139.69749,35.79861],[139.69811,35.80081],[139.69505,35.80132],[139.69663,35.80598],[139.69777,35.80571],[139.69834,35.80613],[139.69826,35.80735],[139.69906,35.80964],[139.69892,35.81374],[139.69929,35.81518],[139.70199,35.81656],[139.70154,35.81753],[139.70231,35.81811],[139.70174,35.81906],[139.70739,35.81911],[139.70765,35.82348],[139.7084,35.82346],[139.7085,35.82503],[139.70985,35.82498],[139.71004,35.82616],[139.68886,35.82912],[139.68169,35.83182],[139.67693,35.83286],[139.67566,35.83848],[139.67614,35.83858],[139.67562,35.83893],[139.67738,35.83952],[139.67794,35.83896],[139.67843,35.83996],[139.67913,35.8402],[139.67747,35.84175],[139.67631,35.8413],[139.67503,35.84163],[139.67517,35.84261],[139.67783,35.84417],[139.6774,35.84538],[139.6768,35.8455],[139.67716,35.84621],[139.67645,35.84642],[139.67671,35.84684],[139.6763,35.84703],[139.67639,35.84762],[139.67747,35.84778],[139.67586,35.84896],[139.6761,35.8495],[139.67529,35.85029],[139.67558,35.85131],[139.67622,35.85174]]]}},{"type":"Feature","properties":{"id":"muni-11206","name":"行田市"},"geometry":{"type":"MultiPolygon","coordinates":[[[[139.42331,36.14911],[139.42366,36.14988],[139.42365,36.14913],[139.42331,36.14911]]],[[[139.42204,36.15049],[139.42321,36.15078],[139.4233,36.15019],[139.42209,36.15013],[139.42204,36.15049]]],[[[139.42171,36.15064],[139.42055,36.15336],[139.42121,36.15345],[139.42111,36.15404],[139.42044,36.15433],[139.42357,36.15432],[139.42359,36.1534],[139.42428,36.15345],[139.42439,36.15255],[139.42413,36.1533],[139.42393,36.15255],[139.42218,36.15357],[139.42139,36.15352],[139.42139,36.15315],[139.42241,36.15239],[139.42171,36.15277],[139.42126,36.15246],[139.42127,36.15207],[139.42242,36.15204],[139.4224,36.15146],[139.42317,36.1515],[139.42317,36.15102],[139.42203,36.15096],[139.42159,36.15149],[139.42171,36.15064]]],[[[139.42253,36.15291],[139.42206,36.15308],[139.42216,36.15325],[139.42253,36.15291]]],[[[139.42199,36.15338],[139.42172,36.15312],[139.42174,36.15339],[139.42199,36.15338]]],[[[139.42403,36.15603],[139.42378,36.15627],[139.42401,36.15629],[139.42403,36.15603]]],[[[139.4226,36.15655],[139.4228,36.15578],[139.42261,36.15578],[139.4226,36.15655]]],[[[139.4225,36.15766],[139.42308,36.15786],[139.42307,36.15754],[139.4225,36.15766]]],[[[139.42313,36.1579],[139.4235,36.15821],[139.42349,36.1579],[139.42313,36.1579]]],[[[139.42428,36.15849],[139.42394,36.1581],[139.42393,36.15845],[139.42428,36.15849]]],[[[139.43165,36.11086],[139.42945,36.11263],[139.42929,36.11401],[139.43329,36.11721],[139.43413,36.11857],[139.43425,36.11995],[139.43332,36.12111],[139.43196,36.1214],[139.43078,36.12088],[139.43006,36.11963],[139.43005,36.12013],[139.42923,36.12027],[139.42879,36.12111],[139.43003,36.12171],[139.42932,36.12258],[139.4298,36.12316],[139.4309,36.12317],[139.4309,36.12366],[139.43149,36.12365],[139.43145,36.12438],[139.4321,36.12438],[139.4323,36.12574],[139.43378,36.12576],[139.43375,36.12705],[139.43139,36.12702],[139.4313,36.13158],[139.42974,36.13163],[139.42915,36.13422],[139.42739,36.13415],[139.4273,36.1349],[139.42541,36.13567],[139.42444,36.13767],[139.42391,36.13767],[139.42337,36.13889],[139.42275,36.13885],[139.42264,36.1407],[139.42332,36.14085],[139.42334,36.1413],[139.42212,36.14815],[139.42361,36.14817],[139.42313,36.14793],[139.42321,36.14741],[139.42384,36.14713],[139.42479,36.14707],[139.42482,36.14771],[139.42366,36.14792],[139.42505,36.14788],[139.42522,36.14711],[139.42685,36.14666],[139.43185,36.14701],[139.43219,36.14586],[139.43231,36.14679],[139.4328,36.147],[139.43186,36.14731],[139.43361,36.14709],[139.43284,36.15524],[139.43195,36.15872],[139.43355,36.15951],[139.43639,36.16004],[139.43768,36.16062],[139.43847,36.16162],[139.43755,36.16202],[139.43701,36.16386],[139.43525,36.1636],[139.43505,36.17054],[139.42334,36.16979],[139.4223,36.17081],[139.42256,36.17181],[139.42132,36.17127],[139.42116,36.1727],[139.42222,36.17276],[139.42205,36.17412],[139.421,36.17404],[139.42088,36.17491],[139.42205,36.175],[139.4214,36.17894],[139.4209,36.17882],[139.42037,36.18325],[139.4215,36.18333],[139.42131,36.18491],[139.42247,36.18499],[139.42269,36.18629],[139.41993,36.18808],[139.42022,36.18876],[139.41739,36.18816],[139.41719,36.18856],[139.42059,36.19008],[139.42168,36.19268],[139.42021,36.19437],[139.42048,36.19551],[139.42417,36.19812],[139.42576,36.19784],[139.42822,36.1963],[139.43347,36.19609],[139.43611,36.19524],[139.44216,36.19471],[139.44356,36.19709],[139.45573,36.19116],[139.4622,36.18955],[139.46539,36.18924],[139.48609,36.19128],[139.4956,36.19455],[139.49598,36.18879],[139.49683,36.18707],[139.50183,36.18247],[139.49956,36.18191],[139.49995,36.17964],[139.49768,36.17936],[139.49815,36.17668],[139.48862,36.17663],[139.48834,36.17368],[139.48786,36.17284],[139.49051,36.17055],[139.49159,36.17016],[139.49375,36.1671],[139.49524,36.1664],[139.49568,36.16574],[139.49504,36.16525],[139.49685,36.16291],[139.49765,36.16304],[139.49751,36.16398],[139.49609,36.16495],[139.49639,36.16521],[139.49775,36.16435],[139.49799,36.16305],[139.49743,36.16236],[139.49798,36.16081],[139.49778,36.16013],[139.4985,36.15876],[139.49796,36.15852],[139.49755,36.15736],[139.49865,36.15581],[139.50351,36.15559],[139.50778,36.1543],[139.50944,36.15468],[139.51163,36.15409],[139.51398,36.15267],[139.51497,36.14719],[139.51387,36.14446],[139.51605,36.13821],[139.51856,36.13796],[139.5195,36.13854],[139.52272,36.13884],[139.52427,36.1384],[139.52408,36.13502],[139.52561,36.13229],[139.52687,36.13184],[139.52879,36.1323],[139.52996,36.13177],[139.5338,36.12923],[139.5357,36.12642],[139.53134,36.1208],[139.53112,36.11737],[139.53047,36.1187],[139.52954,36.11896],[139.52936,36.11851],[139.52673,36.11796],[139.52159,36.11982],[139.52015,36.12098],[139.51868,36.12068],[139.5171,36.12218],[139.51492,36.12245],[139.51065,36.12448],[139.50858,36.12477],[139.50683,36.12348],[139.50796,36.12106],[139.50751,36.11933],[139.50689,36.11884],[139.50614,36.11525],[139.5017,36.11244],[139.49724,36.1118],[139.49476,36.11036],[139.4974,36.10917],[139.49533,36.10704],[139.49672,36.10616],[139.49747,36.10694],[139.50286,36.10343],[139.50198,36.1036],[139.49784,36.09908],[139.49597,36.09551],[139.49613,36.09451],[139.49341,36.09194],[139.49462,36.09046],[139.49382,36.09024],[139.48772,36.09152],[139.48535,36.09294],[139.48511,36.09427],[139.48319,36.09626],[139.48262,36.09757],[139.48041,36.09789],[139.48418,36.10421],[139.48394,36.10474],[139.47931,36.10334],[139.47894,36.10421],[139.47768,36.10383],[139.4773,36.10472],[139.47495,36.10402],[139.47374,36.10575],[139.46962,36.10787],[139.46696,36.10985],[139.46612,36.11279],[139.46321,36.11268],[139.46256,36.11398],[139.4618,36.11373],[139.46071,36.11589],[139.45972,36.11586],[139.45854,36.1116],[139.44721,36.11788],[139.44685,36.11747],[139.44556,36.11826],[139.44532,36.11783],[139.44461,36.11823],[139.44324,36.11696],[139.4416,36.11661],[139.44131,36.11758],[139.43797,36.11696],[139.43731,36.11624],[139.43813,36.11573],[139.43727,36.11441],[139.43653,36.11431],[139.43596,36.11277],[139.43445,36.11274],[139.4343,36.11227],[139.43377,36.11235],[139.43165,36.11086]]],[[[139.42974,36.14756],[139.4307,36.14788],[139.43075,36.14757],[139.42974,36.14756]]],[[[139.42504,36.15235],[139.42505,36.15139],[139.42478,36.15138],[139.42461,36.15236],[139.42504,36.15235]]],[[[139.42427,36.1563],[139.42484,36.15658],[139.42485,36.15646],[139.42427,36.1563]]],[[[139.42468,36.15674],[139.42488,36.15728],[139.42487,36.15671],[139.42468,36.15674]]],[[[139.42546,36.15737],[139.42534,36.1567],[139.42524,36.15735],[139.42546,36.15737]]],[[[139.42683,36.1576],[139.4267,36.1572],[139.42668,36.1576],[139.42683,36.1576]]],[[[139.42892,36.15786],[139.42904,36.15722],[139.42876,36.15726],[139.42892,36.15786]]],[[[139.42351,36.15749],[139.42474,36.15797],[139.42469,36.15733],[139.42351,36.15749]]],[[[139.42594,36.15777],[139.42508,36.15781],[139.4251,36.15817],[139.42548,36.15814],[139.42594,36.15777]]]]}},{"type":"Feature","properties":{"id":"muni-11207","name":"秩父市"},"geometry":{"type":"Polygon","coordinates":[[[138.95297,35.87354],[138.95023,35.86966],[138.94909,35.86895],[138.94633,35.8686],[138.94542,35.86788],[138.94599,35.86423],[138.94284,35.8598],[138.94398,35.85576],[138.94396,35.85433],[138.94067,35.85279],[138.93449,35.851],[138.93218,35.85097],[138.93106,35.84987],[138.92667,35.84875],[138.9229,35.8505],[138.91147,35.85292],[138.91019,35.8523],[138.90907,35.85078],[138.90608,35.84917],[138.89967,35.84686],[138.89782,35.84572],[138.89375,35.84021],[138.89247,35.83973],[138.88895,35.84284],[138.88574,35.84709],[138.88212,35.84745],[138.88003,35.84684],[138.8779,35.84768],[138.87467,35.85077],[138.87223,35.85477],[138.86941,35.85718],[138.86506,35.85914],[138.86214,35.85884],[138.85953,35.85762],[138.85777,35.85836],[138.85667,35.86484],[138.85083,35.86585],[138.84909,35.86686],[138.84553,35.8676],[138.84388,35.86601],[138.84083,35.86467],[138.83816,35.8643],[138.83466,35.8624],[138.83319,35.86229],[138.83102,35.86293],[138.8303,35.865],[138.82795,35.86584],[138.82593,35.86519],[138.82473,35.8656],[138.82208,35.86457],[138.81945,35.86528],[138.81386,35.86332],[138.81178,35.86565],[138.80984,35.86668],[138.80819,35.8702],[138.80458,35.86975],[138.79791,35.87186],[138.7921,35.87544],[138.79198,35.8798],[138.79301,35.88197],[138.79222,35.88261],[138.79191,35.88407],[138.79194,35.88707],[138.79099,35.89168],[138.78829,35.89408],[138.78237,35.89713],[138.78114,35.89897],[138.77762,35.90035],[138.77173,35.9006],[138.76585,35.89903],[138.75688,35.9027],[138.75369,35.90282],[138.74964,35.90165],[138.73849,35.90592],[138.73739,35.90572],[138.73634,35.90427],[138.73458,35.90385],[138.73309,35.90459],[138.72921,35.90853],[138.72885,35.91151],[138.73047,35.91559],[138.72832,35.91733],[138.7323,35.91945],[138.73376,35.9229],[138.73564,35.92433],[138.73662,35.92629],[138.73716,35.92643],[138.7391,35.93125],[138.73924,35.93267],[138.73754,35.93637],[138.73927,35.93888],[138.73116,35.94526],[138.73155,35.9464],[138.73068,35.94982],[138.72896,35.95151],[138.72869,35.95364],[138.72576,35.95776],[138.72104,35.95909],[138.71966,35.96145],[138.71964,35.96276],[138.71462,35.96539],[138.7133,35.96744],[138.71133,35.9716],[138.71224,35.97389],[138.71236,35.9816],[138.71307,35.98391],[138.71231,35.9852],[138.71413,35.98593],[138.71562,35.99097],[138.71659,35.99277],[138.71941,35.99384],[138.72229,35.99381],[138.72329,35.99454],[138.72633,35.99437],[138.72976,35.99825],[138.73213,35.99846],[138.73561,36.00152],[138.73592,36.00323],[138.73741,36.0044],[138.73658,36.00645],[138.74373,36.01012],[138.74458,36.01357],[138.74839,36.01539],[138.74939,36.01669],[138.74864,36.01863],[138.74973,36.02019],[138.74974,36.02216],[138.75078,36.02488],[138.75267,36.02611],[138.75352,36.0284],[138.75283,36.02944],[138.75303,36.0306],[138.75464,36.03427],[138.7601,36.03492],[138.76176,36.036],[138.76879,36.03876],[138.77074,36.03831],[138.77331,36.03881],[138.77522,36.03811],[138.77593,36.03731],[138.78058,36.0369],[138.78152,36.0345],[138.78227,36.03385],[138.78669,36.03325],[138.78773,36.03164],[138.78783,36.03061],[138.79098,36.02927],[138.79505,36.03019],[138.80191,36.03281],[138.8026,36.03343],[138.80493,36.03343],[138.80618,36.03403],[138.80889,36.03288],[138.81158,36.03353],[138.81399,36.03346],[138.81597,36.03525],[138.81952,36.03568],[138.82569,36.03743],[138.82862,36.03722],[138.83006,36.0366],[138.83167,36.03475],[138.83489,36.03389],[138.83657,36.0341],[138.83815,36.03341],[138.83892,36.03354],[138.84018,36.03132],[138.84198,36.03001],[138.84146,36.02822],[138.84222,36.02666],[138.84162,36.02593],[138.84094,36.02274],[138.83936,36.02227],[138.83827,36.01997],[138.83883,36.01605],[138.83862,36.01361],[138.84061,36.0111],[138.83913,36.00748],[138.84083,36.00618],[138.84026,36.00526],[138.84017,36.00261],[138.83948,36.00087],[138.84198,36.00027],[138.84253,35.99959],[138.84524,35.99846],[138.84772,35.99548],[138.84972,35.99523],[138.85064,35.99328],[138.85264,35.9919],[138.85324,35.99083],[138.85439,35.99033],[138.85468,35.98917],[138.85687,35.98688],[138.85928,35.98527],[138.86049,35.98513],[138.86216,35.98415],[138.86599,35.98079],[138.8684,35.98129],[138.87486,35.97894],[138.8768,35.97634],[138.88382,35.97316],[138.88663,35.97449],[138.89155,35.97426],[138.89598,35.97305],[138.89854,35.97541],[138.89989,35.97542],[138.90154,35.97451],[138.90321,35.97428],[138.90544,35.9724],[138.90926,35.97213],[138.91025,35.97125],[138.91251,35.97082],[138.91342,35.97009],[138.915,35.97047],[138.91711,35.97025],[138.91816,35.96982],[138.91834,35.96808],[138.92096,35.96715],[138.92319,35.9667],[138.92431,35.96693],[138.92689,35.97005],[138.92874,35.97049],[138.93209,35.97027],[138.93462,35.96925],[138.93667,35.96922],[138.93841,35.96836],[138.93965,35.96686],[138.94311,35.96641],[138.94361,35.96794],[138.94432,35.96856],[138.94648,35.96952],[138.95113,35.97023],[138.95127,35.97349],[138.95252,35.97432],[138.95426,35.97697],[138.95782,35.97957],[138.96304,35.97824],[138.96431,35.97837],[138.96601,35.97887],[138.96955,35.98117],[138.97031,35.98104],[138.97078,35.98009],[138.97206,35.98051],[138.97376,35.9791],[138.97745,35.98169],[138.9801,35.98235],[138.9814,35.9832],[138.98389,35.98173],[138.98457,35.98082],[138.9845,35.97996],[138.98601,35.97893],[138.99221,35.97908],[138.99215,35.97746],[138.993,35.97615],[138.99736,35.97719],[139.00038,35.97928],[139.00355,35.98007],[139.00851,35.97996],[139.00847,35.97833],[139.00928,35.97619],[139.01087,35.97476],[139.01278,35.97178],[139.01249,35.96885],[139.01184,35.96768],[139.01275,35.96668],[139.01456,35.96804],[139.01734,35.96699],[139.01996,35.96799],[139.02021,35.96856],[139.02357,35.96793],[139.02869,35.9687],[139.0287,35.96964],[139.0311,35.97086],[139.03234,35.97247],[139.03386,35.97274],[139.03488,35.97379],[139.0357,35.97329],[139.03668,35.97411],[139.03759,35.974],[139.03839,35.9751],[139.04089,35.97602],[139.04207,35.9772],[139.04321,35.97893],[139.0426,35.97952],[139.04386,35.98271],[139.04499,35.98363],[139.04701,35.98782],[139.05001,35.99182],[139.05207,35.99286],[139.04749,35.99448],[139.04413,35.99701],[139.04174,36.00048],[139.04013,36.00171],[139.04569,36.00416],[139.04944,36.00755],[139.04908,36.00858],[139.04968,36.00858],[139.05005,36.01003],[139.0487,36.01127],[139.04896,36.01229],[139.04985,36.01283],[139.04895,36.01449],[139.04792,36.01532],[139.05026,36.01784],[139.04988,36.02072],[139.04864,36.02096],[139.04803,36.02196],[139.04589,36.02188],[139.04607,36.0228],[139.04464,36.02349],[139.0392,36.02397],[139.03885,36.0234],[139.03943,36.02184],[139.0383,36.0205],[139.03532,36.01931],[139.03317,36.01947],[139.03243,36.01863],[139.02866,36.0182],[139.02854,36.0178],[139.02666,36.01736],[139.02551,36.01618],[139.02428,36.01597],[139.02201,36.01801],[139.02108,36.01848],[139.02018,36.01827],[139.01772,36.0216],[139.01658,36.02189],[139.01581,36.02343],[139.01423,36.02385],[139.01362,36.02508],[139.00946,36.02788],[139.00642,36.02835],[139.0046,36.02786],[139.0026,36.02795],[139.00139,36.02876],[138.9994,36.02872],[138.99798,36.02941],[138.99674,36.03076],[138.99409,36.0306],[138.99,36.03294],[138.98658,36.03339],[138.98414,36.03429],[138.98325,36.0378],[138.97967,36.03837],[138.97756,36.03948],[138.97532,36.03965],[138.97386,36.04101],[138.96945,36.04324],[138.96893,36.04398],[138.97003,36.04681],[138.9712,36.04753],[138.97221,36.05023],[138.97197,36.0513],[138.97255,36.05337],[138.96879,36.05474],[138.96835,36.05532],[138.9662,36.05521],[138.96507,36.05547],[138.9654,36.05613],[138.96329,36.05616],[138.95928,36.05946],[138.95516,36.05963],[138.95156,36.06191],[138.95004,36.06208],[138.94835,36.06457],[138.94744,36.06499],[138.94688,36.06628],[138.94549,36.06655],[138.94478,36.0674],[138.94378,36.06941],[138.94358,36.07126],[138.94031,36.07239],[138.94034,36.07476],[138.93894,36.07477],[138.93528,36.07681],[138.93465,36.07841],[138.93336,36.07896],[138.93302,36.08058],[138.93178,36.08196],[138.93184,36.08597],[138.93121,36.08827],[138.93387,36.09053],[138.93717,36.09203],[138.93781,36.09305],[138.94498,36.09483],[138.94621,36.09672],[138.94823,36.09854],[138.95016,36.09954],[138.95008,36.10123],[138.95163,36.1033],[138.95433,36.10472],[138.95518,36.10572],[138.95647,36.10581],[138.9569,36.10692],[138.95776,36.10754],[138.95793,36.10995],[138.9562,36.11141],[138.95604,36.1125],[138.95698,36.11791],[138.95793,36.11892],[138.95843,36.12061],[138.95814,36.12414],[138.96002,36.12423],[138.96398,36.12598],[138.96515,36.12588],[138.96611,36.1248],[138.96743,36.1243],[138.96947,36.12474],[138.97144,36.12283],[138.97443,36.12095],[138.97431,36.11957],[138.97655,36.11698],[138.97671,36.11568],[138.97601,36.11423],[138.97705,36.11296],[138.97678,36.11186],[138.97622,36.11152],[138.97709,36.10975],[138.98243,36.10875],[138.98711,36.1057],[138.98856,36.10405],[138.98948,36.10012],[138.99077,36.09924],[138.98997,36.09693],[138.99179,36.09584],[138.99277,36.09448],[138.99316,36.09536],[138.9969,36.09709],[139.00351,36.09753],[139.00545,36.09856],[139.00724,36.09803],[139.00765,36.0976],[139.00754,36.09608],[139.00687,36.09562],[139.00607,36.09305],[139.00457,36.09088],[139.0049,36.09021],[139.00423,36.08748],[139.0043,36.08601],[139.00482,36.08547],[139.0073,36.08594],[139.01459,36.08516],[139.01638,36.0829],[139.01844,36.08236],[139.01827,36.08134],[139.02022,36.07798],[139.02122,36.07783],[139.02312,36.07599],[139.02803,36.07416],[139.03342,36.07086],[139.03542,36.07012],[139.04039,36.0707],[139.04111,36.07222],[139.04489,36.07475],[139.04655,36.0749],[139.04842,36.07384],[139.05065,36.07387],[139.05321,36.07274],[139.05529,36.07286],[139.05546,36.07111],[139.05501,36.06987],[139.05623,36.06504],[139.05574,36.06355],[139.05353,36.06103],[139.05418,36.0607],[139.05758,36.06007],[139.05834,36.05913],[139.06925,36.06372],[139.07017,36.06346],[139.07091,36.06223],[139.0732,36.06266],[139.08078,36.06562],[139.08396,36.0659],[139.08617,36.0681],[139.08753,36.06481],[139.09061,36.06382],[139.09196,36.06291],[139.09545,36.05809],[139.09641,36.0574],[139.09986,36.05837],[139.10074,36.05908],[139.10624,36.06021],[139.11055,36.059],[139.11265,36.05791],[139.11523,36.05573],[139.11557,36.05313],[139.11645,36.0523],[139.11713,36.05064],[139.11696,36.04956],[139.11913,36.04746],[139.11871,36.04627],[139.1196,36.04353],[139.12208,36.04236],[139.12317,36.04046],[139.12597,36.03898],[139.12531,36.0379],[139.12613,36.03606],[139.12429,36.03543],[139.12405,36.03461],[139.12777,36.03332],[139.12884,36.03396],[139.13062,36.03258],[139.1321,36.03319],[139.13653,36.03233],[139.13755,36.03129],[139.13909,36.0311],[139.14291,36.02937],[139.14384,36.02803],[139.14889,36.02868],[139.15289,36.02703],[139.15352,36.02591],[139.15327,36.02306],[139.15898,36.01742],[139.1601,36.01514],[139.16317,36.01321],[139.16457,36.00954],[139.16447,36.00846],[139.16899,36.00435],[139.17278,36.00263],[139.17581,35.99925],[139.17648,35.99786],[139.17505,35.9947],[139.17593,35.99286],[139.17453,35.98909],[139.17203,35.99026],[139.1696,35.99252],[139.16654,35.99372],[139.16386,35.99578],[139.1584,35.99479],[139.15476,35.9954],[139.15387,35.99611],[139.15125,35.9964],[139.14973,35.9971],[139.1477,35.99678],[139.14545,35.99809],[139.14355,35.99853],[139.14194,35.9978],[139.13897,35.99785],[139.13707,35.9989],[139.13064,35.99974],[139.12627,36.00102],[139.12328,36.00028],[139.12119,35.99829],[139.11928,35.99748],[139.11686,35.99821],[139.11637,35.99877],[139.11565,35.99804],[139.11429,35.99826],[139.11345,35.99912],[139.11254,36.00321],[139.11106,36.0052],[139.11102,36.00647],[139.10999,36.00711],[139.11028,36.00758],[139.1086,36.00854],[139.10721,36.00691],[139.10645,36.00903],[139.1035,36.00671],[139.10088,36.00688],[139.10117,36.00623],[139.09988,36.00342],[139.09728,36.00065],[139.09762,35.99929],[139.09646,35.9998],[139.09547,35.99905],[139.09564,35.99851],[139.09473,35.99788],[139.09409,35.9961],[139.09318,35.99542],[139.09305,35.99496],[139.09356,35.99458],[139.09281,35.99298],[139.09337,35.99204],[139.09126,35.99191],[139.09308,35.9913],[139.09349,35.99073],[139.09018,35.98884],[139.09228,35.98882],[139.09061,35.98781],[139.09077,35.98572],[139.09005,35.98446],[139.09019,35.98255],[139.08714,35.97577],[139.08761,35.97192],[139.08679,35.97123],[139.08707,35.96881],[139.08787,35.96852],[139.08829,35.96613],[139.09005,35.96397],[139.09163,35.96075],[139.09283,35.95987],[139.09329,35.95804],[139.09276,35.95565],[139.09315,35.95447],[139.09767,35.95138],[139.09788,35.94834],[139.09621,35.94401],[139.09771,35.94083],[139.09571,35.93575],[139.09817,35.93433],[139.09974,35.92939],[139.10079,35.92818],[139.10277,35.92738],[139.10292,35.92551],[139.10484,35.92351],[139.11257,35.91962],[139.11255,35.91767],[139.11363,35.91607],[139.11367,35.91435],[139.11175,35.90772],[139.11387,35.905],[139.11827,35.90223],[139.11932,35.89898],[139.12031,35.89746],[139.12075,35.89497],[139.11834,35.89138],[139.11856,35.89058],[139.11809,35.88906],[139.11578,35.88614],[139.1142,35.88439],[139.11069,35.88232],[139.1107,35.87676],[139.10869,35.87503],[139.10885,35.87433],[139.10795,35.87284],[139.10559,35.87121],[139.10416,35.86949],[139.10023,35.86718],[139.09923,35.86855],[139.09573,35.86938],[139.09139,35.86893],[139.08928,35.87112],[139.08412,35.87334],[139.08272,35.87487],[139.08025,35.87527],[139.07709,35.87475],[139.07205,35.87098],[139.06258,35.87283],[139.05943,35.87445],[139.05796,35.87736],[139.05408,35.87751],[139.05015,35.87865],[139.04557,35.88328],[139.04424,35.88362],[139.04321,35.8852],[139.03985,35.88648],[139.0372,35.88923],[139.02957,35.89263],[139.02526,35.8953],[139.02399,35.8971],[139.02046,35.89729],[139.01821,35.89857],[139.01572,35.89812],[139.01308,35.89834],[139.01025,35.89716],[139.00674,35.89365],[139.00681,35.89006],[139.00592,35.88846],[139.00058,35.88406],[138.99597,35.88428],[138.99458,35.88304],[138.99321,35.88292],[138.9909,35.88185],[138.98867,35.88122],[138.98527,35.88106],[138.98359,35.8825],[138.97889,35.88489],[138.97626,35.88318],[138.97309,35.88194],[138.96764,35.88163],[138.96682,35.88052],[138.96686,35.87905],[138.96498,35.87747],[138.95431,35.8748],[138.95424,35.87397],[138.95297,35.87354]]]}},{"type":"Feature","properties":{"id":"muni-11208","name":"所沢市"},"geometry":{"type":"Polygon","coordinates":[[[139.3886,35.79169],[139.38879,35.79394],[139.38774,35.79383],[139.38799,35.79653],[139.38991,35.8],[139.38791,35.80186],[139.38606,35.80571],[139.38466,35.80566],[139.38563,35.80756],[139.38763,35.80826],[139.38666,35.80691],[139.38828,35.80758],[139.38942,35.80634],[139.39064,35.80689],[139.39158,35.8067],[139.39217,35.80795],[139.39322,35.80742],[139.39674,35.80913],[139.3978,35.80932],[139.39774,35.80871],[139.39847,35.80908],[139.39817,35.80966],[139.39974,35.8094],[139.39951,35.80873],[139.40029,35.80901],[139.40016,35.80956],[139.40117,35.80919],[139.40451,35.81121],[139.40594,35.8108],[139.40711,35.81117],[139.40775,35.81216],[139.40841,35.81125],[139.40948,35.81245],[139.41035,35.81215],[139.41359,35.81397],[139.41496,35.8136],[139.41655,35.8149],[139.4172,35.81448],[139.41827,35.815],[139.41877,35.81554],[139.4177,35.81607],[139.41858,35.81759],[139.41892,35.81782],[139.41943,35.81738],[139.42465,35.8206],[139.42444,35.81899],[139.42872,35.81907],[139.42862,35.8177],[139.4293,35.81769],[139.42932,35.8184],[139.43119,35.81828],[139.43121,35.81882],[139.43268,35.81878],[139.43272,35.82161],[139.43775,35.82128],[139.44149,35.82006],[139.43799,35.82407],[139.44619,35.829],[139.44992,35.83073],[139.44881,35.83359],[139.44835,35.83858],[139.44955,35.83232],[139.45407,35.83419],[139.45346,35.83611],[139.46329,35.844],[139.46579,35.83729],[139.46599,35.83797],[139.47117,35.83789],[139.47378,35.83274],[139.4782,35.8349],[139.47478,35.83929],[139.47605,35.84006],[139.48007,35.83489],[139.4825,35.8388],[139.48752,35.834],[139.48768,35.83288],[139.48997,35.83092],[139.48971,35.83074],[139.50198,35.81654],[139.5034,35.81418],[139.50794,35.81498],[139.5148,35.81739],[139.51702,35.81977],[139.52045,35.82225],[139.52212,35.82115],[139.53019,35.82471],[139.53253,35.82517],[139.53322,35.82333],[139.53351,35.82015],[139.5341,35.82024],[139.53458,35.81921],[139.53413,35.81756],[139.53541,35.81807],[139.53685,35.81595],[139.53769,35.81601],[139.53989,35.81981],[139.54205,35.8182],[139.54131,35.81728],[139.54196,35.81544],[139.54274,35.81485],[139.54416,35.81486],[139.54516,35.81342],[139.54488,35.81318],[139.54607,35.81242],[139.54291,35.80829],[139.5375,35.80418],[139.53281,35.79789],[139.52976,35.79468],[139.52562,35.79165],[139.52292,35.79175],[139.5236,35.79044],[139.52169,35.78881],[139.5193,35.78804],[139.51597,35.7887],[139.51368,35.78829],[139.51262,35.78548],[139.50903,35.7848],[139.50679,35.78293],[139.50519,35.78289],[139.50456,35.7833],[139.49889,35.78211],[139.49819,35.78147],[139.49685,35.77835],[139.49566,35.78136],[139.49363,35.78147],[139.49367,35.77944],[139.49275,35.7796],[139.49269,35.78017],[139.49051,35.78025],[139.49025,35.78086],[139.48979,35.78048],[139.49034,35.78011],[139.49018,35.77934],[139.48905,35.77905],[139.48911,35.77981],[139.48691,35.78012],[139.48525,35.78097],[139.48279,35.78102],[139.48031,35.77995],[139.47997,35.78027],[139.47891,35.77976],[139.47915,35.7794],[139.4784,35.77854],[139.47661,35.77793],[139.47548,35.77668],[139.4764,35.77536],[139.47491,35.77535],[139.4737,35.77597],[139.47392,35.77475],[139.47132,35.7742],[139.47056,35.77316],[139.46991,35.77416],[139.46896,35.77422],[139.46467,35.77349],[139.46369,35.77277],[139.46144,35.77344],[139.4592,35.77212],[139.4589,35.77046],[139.45812,35.76965],[139.45528,35.76985],[139.45382,35.76942],[139.45289,35.76859],[139.45135,35.76915],[139.44988,35.76854],[139.44799,35.76889],[139.44702,35.76864],[139.44481,35.76658],[139.44332,35.7672],[139.44085,35.76709],[139.44001,35.76775],[139.43962,35.76903],[139.43873,35.76943],[139.43736,35.76793],[139.43618,35.76749],[139.43311,35.76762],[139.43205,35.7666],[139.4289,35.76737],[139.42756,35.76678],[139.425,35.76762],[139.42391,35.76727],[139.42214,35.76813],[139.41993,35.76625],[139.41783,35.76656],[139.41659,35.76606],[139.41566,35.76723],[139.41393,35.76743],[139.41314,35.76835],[139.4119,35.7681],[139.40996,35.76885],[139.40721,35.76862],[139.40432,35.76933],[139.40315,35.76858],[139.40178,35.76878],[139.40046,35.76836],[139.39798,35.76444],[139.39539,35.7644],[139.39187,35.76309],[139.39087,35.76351],[139.39066,35.76416],[139.39193,35.76689],[139.38955,35.76711],[139.38923,35.76654],[139.38491,35.76536],[139.38206,35.76629],[139.38081,35.76607],[139.37971,35.76768],[139.37983,35.76867],[139.37907,35.77055],[139.38094,35.77367],[139.382,35.7742],[139.38419,35.77397],[139.38602,35.7753],[139.38724,35.77414],[139.3909,35.77536],[139.39198,35.77505],[139.39335,35.77372],[139.39523,35.77451],[139.39449,35.77578],[139.39515,35.7779],[139.39594,35.77885],[139.39527,35.78214],[139.39286,35.78335],[139.38833,35.78349],[139.38779,35.78479],[139.3859,35.78683],[139.3859,35.78893],[139.38682,35.7904],[139.38704,35.79184],[139.3886,35.79169]]]}},{"type":"Feature","properties":{"id":"muni-11209","name":"飯能市"},"geometry":{"type":"Polygon","coordinates":[[[139.21498,35.84588],[139.21386,35.84554],[139.21261,35.84666],[139.20992,35.84626],[139.20727,35.84655],[139.20525,35.84508],[139.20487,35.84284],[139.20346,35.84117],[139.19948,35.84126],[139.19803,35.84108],[139.1968,35.8402],[139.19264,35.84018],[139.1893,35.84126],[139.18671,35.84285],[139.18413,35.84276],[139.18363,35.84349],[139.18167,35.8437],[139.18123,35.84456],[139.17531,35.84716],[139.17427,35.84825],[139.17096,35.84862],[139.16911,35.85001],[139.1661,35.84996],[139.16344,35.85095],[139.16225,35.85206],[139.15954,35.85692],[139.15295,35.85939],[139.14728,35.86259],[139.14167,35.86307],[139.13557,35.86522],[139.13253,35.86427],[139.13107,35.86433],[139.12885,35.86546],[139.12737,35.86546],[139.126,35.86493],[139.12181,35.86488],[139.11926,35.86424],[139.1157,35.86441],[139.11402,35.86527],[139.11155,35.86462],[139.10975,35.86561],[139.10768,35.86553],[139.10527,35.86639],[139.10258,35.86649],[139.10131,35.86597],[139.10023,35.86718],[139.10416,35.86949],[139.10559,35.87121],[139.10666,35.87163],[139.10885,35.87433],[139.10869,35.87503],[139.11052,35.8764],[139.11069,35.88232],[139.1142,35.88439],[139.11578,35.88614],[139.11809,35.88906],[139.11856,35.89058],[139.11834,35.89138],[139.12075,35.89497],[139.12031,35.89746],[139.11932,35.89898],[139.11827,35.90223],[139.11387,35.905],[139.11175,35.90772],[139.11367,35.91435],[139.11363,35.91607],[139.11255,35.91767],[139.11257,35.91962],[139.10767,35.92238],[139.10538,35.92308],[139.10292,35.92551],[139.10277,35.92738],[139.10754,35.92911],[139.1124,35.93021],[139.11301,35.93077],[139.11717,35.93087],[139.12338,35.93472],[139.12575,35.93527],[139.12644,35.93628],[139.12947,35.93666],[139.13192,35.93766],[139.13383,35.93747],[139.13542,35.93805],[139.13807,35.93815],[139.14148,35.9395],[139.14219,35.9393],[139.14387,35.94209],[139.14809,35.94421],[139.15144,35.94311],[139.15379,35.94392],[139.15478,35.94355],[139.15641,35.94507],[139.15796,35.94566],[139.1605,35.94525],[139.1621,35.94574],[139.16258,35.94602],[139.16258,35.94702],[139.16351,35.94891],[139.16822,35.94972],[139.16787,35.95067],[139.1685,35.95225],[139.16844,35.9543],[139.16998,35.95565],[139.17229,35.95968],[139.17444,35.95958],[139.17431,35.9604],[139.17565,35.96353],[139.17575,35.96497],[139.17651,35.96529],[139.17726,35.96819],[139.1787,35.9697],[139.1803,35.96818],[139.18408,35.9687],[139.18634,35.96702],[139.18751,35.96739],[139.1907,35.96684],[139.19304,35.96782],[139.20095,35.96637],[139.20161,35.96581],[139.202,35.96275],[139.20805,35.96],[139.21131,35.95776],[139.21273,35.95634],[139.21297,35.95479],[139.21446,35.95372],[139.21486,35.95285],[139.21687,35.95202],[139.21817,35.94916],[139.22054,35.94854],[139.22203,35.94689],[139.22195,35.94591],[139.2259,35.94605],[139.22812,35.94566],[139.22911,35.94338],[139.23145,35.9423],[139.23195,35.94106],[139.2351,35.93983],[139.23373,35.93675],[139.2352,35.93492],[139.2365,35.93447],[139.23698,35.93022],[139.23878,35.93017],[139.24252,35.92871],[139.24807,35.92544],[139.24715,35.92366],[139.24737,35.92294],[139.2533,35.9221],[139.25509,35.9231],[139.25454,35.92504],[139.26007,35.92315],[139.26198,35.92324],[139.26253,35.92413],[139.26326,35.92425],[139.26473,35.92214],[139.26725,35.92099],[139.26809,35.91944],[139.26721,35.91797],[139.26768,35.91686],[139.26939,35.91586],[139.27049,35.91428],[139.27368,35.91265],[139.27226,35.91093],[139.27088,35.90802],[139.27068,35.90577],[139.27001,35.9048],[139.2706,35.90208],[139.27388,35.90126],[139.27699,35.90196],[139.27659,35.90131],[139.27731,35.90062],[139.27755,35.89898],[139.27821,35.8981],[139.27897,35.89801],[139.27958,35.89678],[139.27928,35.89393],[139.27965,35.89175],[139.27923,35.8904],[139.28048,35.88834],[139.27906,35.88724],[139.27943,35.88534],[139.27914,35.88268],[139.28073,35.88207],[139.28226,35.88296],[139.28305,35.88262],[139.27648,35.87767],[139.27661,35.87584],[139.27546,35.8741],[139.27638,35.87387],[139.27713,35.87267],[139.2788,35.87236],[139.28163,35.87321],[139.28073,35.87144],[139.28206,35.86994],[139.28889,35.87199],[139.29104,35.86821],[139.29215,35.86874],[139.29487,35.86892],[139.29601,35.86847],[139.29947,35.87065],[139.30054,35.87093],[139.30192,35.87042],[139.30279,35.87109],[139.30395,35.87077],[139.30556,35.87162],[139.30723,35.87173],[139.30742,35.87316],[139.30845,35.87385],[139.30963,35.87242],[139.30979,35.87292],[139.3107,35.87318],[139.31225,35.87199],[139.31312,35.87269],[139.31602,35.87272],[139.3162,35.87487],[139.31841,35.87799],[139.31978,35.87867],[139.324,35.87903],[139.32805,35.88232],[139.33041,35.88146],[139.33502,35.87822],[139.33804,35.8794],[139.33795,35.87783],[139.33952,35.87926],[139.34205,35.88001],[139.34416,35.87987],[139.34552,35.88068],[139.35098,35.8797],[139.35344,35.87745],[139.35495,35.8772],[139.35766,35.8778],[139.36261,35.88029],[139.36534,35.88434],[139.36646,35.88409],[139.36832,35.88065],[139.37009,35.87861],[139.3645,35.87321],[139.36928,35.87071],[139.37151,35.87031],[139.37233,35.87113],[139.37342,35.87028],[139.37449,35.86846],[139.37259,35.86675],[139.37382,35.8657],[139.36511,35.85916],[139.36476,35.8606],[139.36059,35.8592],[139.35988,35.8613],[139.35873,35.86096],[139.35813,35.8621],[139.35569,35.86171],[139.35404,35.86088],[139.35277,35.86113],[139.35321,35.85946],[139.34996,35.85897],[139.35165,35.85265],[139.34696,35.85219],[139.3472,35.8519],[139.34661,35.85184],[139.34669,35.85122],[139.34449,35.84991],[139.34519,35.84593],[139.34497,35.84408],[139.34545,35.8435],[139.34473,35.83855],[139.34563,35.83579],[139.34515,35.83395],[139.3461,35.8325],[139.34578,35.83027],[139.34618,35.82914],[139.34422,35.82733],[139.33987,35.82796],[139.33923,35.82846],[139.33854,35.82792],[139.33824,35.82767],[139.3386,35.82731],[139.33799,35.82684],[139.33817,35.82611],[139.33928,35.82524],[139.33868,35.82493],[139.33776,35.82202],[139.33645,35.82276],[139.33506,35.82287],[139.3329,35.82562],[139.33179,35.82618],[139.32957,35.82659],[139.32924,35.82573],[139.32722,35.8269],[139.32636,35.82656],[139.32371,35.82371],[139.32143,35.82291],[139.31969,35.82117],[139.31645,35.81903],[139.316,35.82319],[139.31495,35.82397],[139.31504,35.82495],[139.31458,35.82518],[139.3126,35.8253],[139.30818,35.82434],[139.30513,35.82281],[139.30509,35.82405],[139.30415,35.82402],[139.30415,35.82482],[139.30264,35.82417],[139.30309,35.82551],[139.30223,35.82735],[139.30227,35.82863],[139.30128,35.8295],[139.30196,35.8312],[139.30115,35.83292],[139.30197,35.83437],[139.30097,35.83522],[139.30018,35.83535],[139.30001,35.83461],[139.29692,35.83535],[139.29569,35.83363],[139.29102,35.83776],[139.28617,35.83678],[139.28529,35.83584],[139.28302,35.83681],[139.28171,35.83955],[139.2807,35.83989],[139.28102,35.84016],[139.28055,35.84013],[139.27985,35.84111],[139.27974,35.83912],[139.27809,35.83964],[139.2711,35.83952],[139.26858,35.83813],[139.26312,35.83714],[139.26069,35.83583],[139.25912,35.83632],[139.25866,35.83712],[139.25655,35.83704],[139.25636,35.83765],[139.25228,35.8383],[139.25102,35.83739],[139.24786,35.83744],[139.24409,35.83681],[139.24309,35.83832],[139.24182,35.83826],[139.24118,35.83932],[139.24049,35.83954],[139.23999,35.83918],[139.2389,35.84054],[139.23685,35.84009],[139.23519,35.83791],[139.23418,35.83785],[139.23313,35.83694],[139.23174,35.83656],[139.2301,35.83685],[139.22784,35.83848],[139.22761,35.83912],[139.22458,35.84055],[139.22003,35.84131],[139.21952,35.84261],[139.21581,35.8444],[139.21498,35.84588]]]}},{"type":"Feature","properties":{"id":"muni-11210","name":"加須市"},"geometry":{"type":"Polygon","coordinates":[[[139.5703,36.13705],[139.57339,36.13743],[139.5738,36.13862],[139.57231,36.13893],[139.57224,36.13818],[139.57152,36.13938],[139.56957,36.14044],[139.56966,36.14304],[139.5709,36.14311],[139.57134,36.1422],[139.57286,36.14206],[139.57351,36.14597],[139.57312,36.14587],[139.57353,36.14721],[139.57425,36.14707],[139.57444,36.14773],[139.57264,36.14882],[139.57257,36.15029],[139.58179,36.15078],[139.58606,36.15037],[139.58965,36.1654],[139.59507,36.16484],[139.59561,36.16432],[139.5964,36.16147],[139.59711,36.16124],[139.59967,36.16193],[139.60713,36.15944],[139.60895,36.15934],[139.60821,36.1602],[139.60811,36.16125],[139.60942,36.1651],[139.60926,36.16658],[139.61202,36.16866],[139.61318,36.17125],[139.61251,36.17353],[139.61078,36.1747],[139.60833,36.1785],[139.60653,36.18008],[139.60729,36.18159],[139.60709,36.18246],[139.60499,36.1835],[139.60538,36.18492],[139.60286,36.18626],[139.60343,36.1878],[139.60338,36.19065],[139.60399,36.19073],[139.60391,36.19133],[139.60325,36.19134],[139.6028,36.19313],[139.60505,36.19286],[139.60534,36.19434],[139.60626,36.19429],[139.60958,36.19645],[139.61297,36.19362],[139.62389,36.18612],[139.62601,36.19198],[139.62668,36.19261],[139.62625,36.19322],[139.62877,36.19529],[139.63759,36.19738],[139.64074,36.19737],[139.64787,36.19618],[139.64947,36.19632],[139.65056,36.19707],[139.65158,36.19878],[139.64969,36.20332],[139.64954,36.20673],[139.64992,36.2075],[139.64896,36.20958],[139.64919,36.21091],[139.65278,36.21297],[139.66093,36.21519],[139.66161,36.21499],[139.66442,36.2116],[139.66281,36.21061],[139.66088,36.20829],[139.6619,36.20794],[139.66238,36.20721],[139.66408,36.20756],[139.66756,36.20689],[139.67211,36.20901],[139.67386,36.20903],[139.67456,36.20851],[139.67527,36.20488],[139.67693,36.20177],[139.67796,36.20091],[139.68011,36.20035],[139.68145,36.20047],[139.68487,36.20363],[139.68637,36.20349],[139.68795,36.19607],[139.68929,36.19453],[139.69331,36.19177],[139.69405,36.19061],[139.69271,36.1869],[139.69135,36.18056],[139.69092,36.17648],[139.69112,36.17234],[139.69431,36.1659],[139.6955,36.15759],[139.69785,36.15437],[139.69902,36.1511],[139.70293,36.14498],[139.6976,36.14338],[139.6939,36.14164],[139.68619,36.13754],[139.68591,36.13784],[139.68293,36.13546],[139.68302,36.13356],[139.68535,36.12672],[139.68527,36.1238],[139.68389,36.12325],[139.68212,36.1233],[139.67914,36.12458],[139.67646,36.1218],[139.67443,36.12187],[139.66997,36.12053],[139.66742,36.12036],[139.66441,36.11645],[139.66425,36.11249],[139.66628,36.10942],[139.66902,36.10793],[139.66859,36.10697],[139.66505,36.10675],[139.66258,36.10755],[139.65928,36.1062],[139.65727,36.10598],[139.65677,36.10512],[139.65713,36.10507],[139.65558,36.10343],[139.6491,36.10359],[139.64963,36.10329],[139.64954,36.10194],[139.6455,36.10342],[139.64434,36.10138],[139.64693,36.09774],[139.64591,36.09768],[139.64351,36.09526],[139.64304,36.09439],[139.64406,36.09292],[139.64144,36.08893],[139.63953,36.08701],[139.63744,36.08817],[139.63551,36.08777],[139.63219,36.08502],[139.63197,36.08417],[139.63066,36.08373],[139.63095,36.08249],[139.63353,36.08177],[139.63362,36.0805],[139.63278,36.07929],[139.62818,36.07988],[139.62211,36.08206],[139.61742,36.08287],[139.61616,36.08257],[139.61434,36.08373],[139.61508,36.08174],[139.61201,36.08461],[139.60441,36.08744],[139.60187,36.08594],[139.60289,36.08528],[139.60195,36.08409],[139.60241,36.08323],[139.60058,36.08114],[139.60017,36.0793],[139.59919,36.07901],[139.59943,36.07854],[139.59889,36.0789],[139.59796,36.07859],[139.59753,36.07745],[139.59606,36.07659],[139.59305,36.07275],[139.591,36.07365],[139.59007,36.07291],[139.58916,36.0733],[139.58957,36.07366],[139.58946,36.07525],[139.58626,36.07625],[139.58594,36.07761],[139.58488,36.07799],[139.5818,36.07515],[139.58289,36.07443],[139.58384,36.07532],[139.58464,36.07424],[139.58404,36.07351],[139.58451,36.07278],[139.5835,36.07307],[139.5829,36.07269],[139.58207,36.07118],[139.58137,36.07161],[139.58183,36.07236],[139.5808,36.0733],[139.58161,36.07386],[139.5809,36.07434],[139.58173,36.07508],[139.58086,36.07563],[139.57649,36.07195],[139.57092,36.07158],[139.56824,36.07291],[139.56771,36.0722],[139.56659,36.07274],[139.5656,36.07129],[139.5645,36.07182],[139.56392,36.07104],[139.5625,36.07119],[139.5606,36.07215],[139.55993,36.07143],[139.55295,36.07926],[139.55256,36.07862],[139.5519,36.07893],[139.55229,36.0795],[139.54904,36.08108],[139.54722,36.07864],[139.53975,36.08203],[139.53974,36.08315],[139.54004,36.08345],[139.54073,36.08303],[139.54286,36.08623],[139.54115,36.0872],[139.54632,36.09239],[139.54662,36.09329],[139.54809,36.09289],[139.54878,36.09404],[139.54966,36.09351],[139.55127,36.09347],[139.55133,36.09439],[139.55083,36.09503],[139.55172,36.09601],[139.55122,36.09642],[139.55381,36.10141],[139.552,36.10217],[139.55111,36.10049],[139.54824,36.10168],[139.54662,36.10031],[139.54445,36.10232],[139.54365,36.10127],[139.54317,36.10152],[139.54184,36.10027],[139.53891,36.10362],[139.53739,36.1063],[139.5308,36.11174],[139.53063,36.11292],[139.5323,36.11539],[139.53112,36.11737],[139.53127,36.12059],[139.53568,36.1265],[139.53282,36.13006],[139.52879,36.1323],[139.52595,36.13205],[139.52446,36.13421],[139.52391,36.13662],[139.52583,36.14219],[139.52487,36.1442],[139.52531,36.14593],[139.52578,36.14653],[139.52735,36.14336],[139.5321,36.13985],[139.53927,36.13728],[139.54398,36.13689],[139.54754,36.13726],[139.54958,36.13809],[139.55254,36.13712],[139.55502,36.13747],[139.56433,36.13685],[139.56602,36.13728],[139.5703,36.13705]]]}},{"type":"Feature","properties":{"id":"muni-11211","name":"本庄市"},"geometry":{"type":"Polygon","coordinates":[[[139.06058,36.13346],[139.0631,36.13912],[139.06559,36.14221],[139.06787,36.14396],[139.07218,36.14239],[139.07229,36.14364],[139.07542,36.14808],[139.07492,36.14899],[139.07303,36.14887],[139.06987,36.15018],[139.06981,36.15124],[139.06837,36.15325],[139.06957,36.15713],[139.06785,36.15801],[139.06701,36.15997],[139.06762,36.16058],[139.06744,36.16209],[139.06904,36.16295],[139.06979,36.16228],[139.07398,36.16127],[139.07762,36.16189],[139.07859,36.1627],[139.07837,36.16426],[139.0765,36.16679],[139.07678,36.1675],[139.07833,36.16853],[139.07728,36.16996],[139.07514,36.17096],[139.07575,36.17211],[139.07572,36.17437],[139.07817,36.17591],[139.07544,36.17697],[139.0767,36.1779],[139.07699,36.17959],[139.07979,36.18214],[139.07892,36.18358],[139.08258,36.18473],[139.08231,36.1866],[139.08167,36.18666],[139.08199,36.1876],[139.08269,36.187],[139.08338,36.18705],[139.08266,36.1877],[139.08344,36.18852],[139.08345,36.18938],[139.08413,36.18948],[139.08506,36.18879],[139.08515,36.18686],[139.08552,36.18875],[139.08958,36.18794],[139.09272,36.18913],[139.0939,36.19124],[139.09414,36.19268],[139.09519,36.19226],[139.0962,36.19287],[139.09668,36.19386],[139.09819,36.19306],[139.09873,36.19373],[139.09919,36.19372],[139.09893,36.19315],[139.10026,36.1937],[139.10041,36.19342],[139.09892,36.19271],[139.09919,36.19236],[139.09722,36.1919],[139.09859,36.19086],[139.09828,36.19155],[139.1022,36.1931],[139.10389,36.19459],[139.10352,36.19475],[139.10468,36.19474],[139.10677,36.1964],[139.10718,36.1963],[139.1083,36.19804],[139.11163,36.19994],[139.11132,36.20175],[139.10931,36.20181],[139.10995,36.20453],[139.10944,36.20625],[139.10741,36.20751],[139.10838,36.2077],[139.10981,36.20725],[139.11369,36.20769],[139.11437,36.20645],[139.11558,36.20621],[139.1183,36.20421],[139.12088,36.2042],[139.12148,36.20375],[139.11948,36.20171],[139.12264,36.19974],[139.12313,36.19856],[139.12465,36.19826],[139.1261,36.19974],[139.12551,36.20012],[139.12611,36.2007],[139.12683,36.20016],[139.12745,36.20081],[139.12883,36.20092],[139.12953,36.20236],[139.12968,36.20411],[139.12908,36.20408],[139.12645,36.2059],[139.13047,36.21186],[139.12978,36.21429],[139.12937,36.21419],[139.12779,36.21569],[139.12972,36.21782],[139.13207,36.21646],[139.13635,36.22134],[139.13825,36.22024],[139.14143,36.22389],[139.14291,36.22303],[139.14356,36.22386],[139.14441,36.22335],[139.14583,36.22501],[139.14517,36.2254],[139.146,36.22634],[139.14704,36.22573],[139.14721,36.22663],[139.14836,36.22673],[139.14838,36.22638],[139.14911,36.22674],[139.16032,36.23493],[139.16332,36.23402],[139.16557,36.23452],[139.16558,36.235],[139.16681,36.23547],[139.16681,36.23594],[139.16833,36.23698],[139.16901,36.23677],[139.16889,36.23724],[139.17054,36.23787],[139.16975,36.23914],[139.17018,36.23919],[139.1707,36.23837],[139.17176,36.23872],[139.17083,36.23973],[139.16799,36.23905],[139.16317,36.23878],[139.16271,36.2397],[139.16291,36.2405],[139.15943,36.24211],[139.1611,36.24424],[139.15928,36.24508],[139.1603,36.24621],[139.16047,36.24712],[139.15952,36.24708],[139.15943,36.24792],[139.15827,36.24795],[139.15799,36.24751],[139.15671,36.24783],[139.15597,36.24852],[139.15671,36.24994],[139.15532,36.25018],[139.15794,36.25233],[139.15999,36.25301],[139.16127,36.2541],[139.16178,36.25475],[139.16091,36.25514],[139.16259,36.25755],[139.16322,36.25803],[139.16397,36.25756],[139.1661,36.25982],[139.16446,36.26055],[139.16446,36.26099],[139.16237,36.26159],[139.16377,36.26266],[139.16187,36.26424],[139.16433,36.26617],[139.16727,36.26673],[139.16823,36.26583],[139.16923,36.26646],[139.16833,36.26704],[139.16943,36.27485],[139.17931,36.26979],[139.19818,36.26196],[139.20118,36.26284],[139.20363,36.26228],[139.20534,36.26319],[139.20773,36.26265],[139.21011,36.26125],[139.21092,36.26159],[139.21185,36.26046],[139.21158,36.25647],[139.22379,36.25878],[139.23006,36.253],[139.23202,36.25249],[139.23326,36.25075],[139.23303,36.24996],[139.23369,36.24863],[139.23585,36.24694],[139.23818,36.2456],[139.23885,36.24584],[139.24372,36.24455],[139.24342,36.23944],[139.2426,36.23793],[139.24574,36.23753],[139.24614,36.23462],[139.24679,36.23478],[139.24774,36.23237],[139.24518,36.23172],[139.24571,36.23016],[139.24498,36.22999],[139.24461,36.22871],[139.24247,36.22803],[139.24252,36.22635],[139.24318,36.22627],[139.24162,36.22426],[139.23882,36.22449],[139.23877,36.22417],[139.23622,36.22489],[139.23606,36.22406],[139.23295,36.22537],[139.23198,36.22331],[139.23027,36.2238],[139.23045,36.22441],[139.22846,36.22383],[139.22823,36.22483],[139.22674,36.22509],[139.22607,36.22578],[139.22694,36.2265],[139.22834,36.22591],[139.22942,36.22611],[139.22958,36.2273],[139.23062,36.22813],[139.22861,36.22899],[139.22659,36.22881],[139.22651,36.22938],[139.226,36.22935],[139.22589,36.22808],[139.22514,36.22835],[139.22474,36.22935],[139.22514,36.23231],[139.22488,36.23204],[139.22404,36.23261],[139.22373,36.23192],[139.22415,36.23156],[139.22425,36.22881],[139.22358,36.22905],[139.22174,36.22826],[139.21891,36.22818],[139.21973,36.22653],[139.21849,36.22648],[139.21787,36.22567],[139.21676,36.22204],[139.21443,36.22164],[139.21425,36.2221],[139.21463,36.22202],[139.21139,36.22379],[139.21147,36.22255],[139.20962,36.22198],[139.20924,36.22255],[139.20605,36.22072],[139.20147,36.21956],[139.19854,36.21781],[139.19677,36.21602],[139.19589,36.21427],[139.1948,36.21353],[139.19503,36.21232],[139.19605,36.21185],[139.19582,36.21022],[139.19336,36.21042],[139.19412,36.20881],[139.1939,36.20821],[139.19124,36.20656],[139.19155,36.20788],[139.19066,36.20956],[139.18254,36.20922],[139.18095,36.20972],[139.18151,36.21049],[139.18007,36.21105],[139.17252,36.21071],[139.16793,36.20802],[139.16633,36.208],[139.16495,36.20702],[139.16295,36.20512],[139.16195,36.2014],[139.16136,36.20136],[139.16035,36.20003],[139.1578,36.20016],[139.15623,36.20117],[139.15565,36.20087],[139.15626,36.19951],[139.15456,36.2001],[139.15579,36.1973],[139.15698,36.19709],[139.15732,36.19626],[139.16151,36.19632],[139.16043,36.19294],[139.15661,36.19183],[139.1559,36.19092],[139.15539,36.18805],[139.15334,36.18435],[139.15359,36.1826],[139.15275,36.18192],[139.15078,36.18206],[139.15047,36.18137],[139.15094,36.18116],[139.1502,36.18131],[139.15293,36.1771],[139.15433,36.17621],[139.15159,36.17257],[139.15011,36.17144],[139.14986,36.1696],[139.14832,36.16777],[139.1447,36.16512],[139.14331,36.16502],[139.14279,36.16454],[139.14335,36.16134],[139.1425,36.16044],[139.14284,36.15989],[139.14469,36.15937],[139.14488,36.15758],[139.14708,36.15574],[139.14754,36.15374],[139.14687,36.15294],[139.14471,36.15214],[139.1422,36.15199],[139.14106,36.15026],[139.1388,36.14831],[139.13663,36.14773],[139.13713,36.14526],[139.13659,36.14557],[139.13469,36.14493],[139.13183,36.14527],[139.12963,36.14606],[139.12633,36.14832],[139.12277,36.14755],[139.12115,36.14643],[139.11953,36.14691],[139.11679,36.14403],[139.11186,36.14206],[139.10919,36.14356],[139.10625,36.14399],[139.10496,36.14182],[139.10349,36.14097],[139.10128,36.13651],[139.10016,36.13618],[139.09891,36.13765],[139.09551,36.13782],[139.09214,36.13558],[139.0884,36.13165],[139.08671,36.12913],[139.08761,36.12736],[139.08784,36.12368],[139.083,36.12314],[139.08224,36.12154],[139.0801,36.12187],[139.07931,36.121],[139.07736,36.12069],[139.0747,36.11928],[139.07242,36.11943],[139.07123,36.11901],[139.0714,36.11963],[139.06913,36.11944],[139.06799,36.12067],[139.06301,36.12204],[139.06206,36.12305],[139.0586,36.12346],[139.05813,36.12547],[139.05656,36.12617],[139.05883,36.13058],[139.05781,36.13207],[139.05809,36.13338],[139.06058,36.13346]]]}},{"type":"Feature","properties":{"id":"muni-11212","name":"東松山市"},"geometry":{"type":"Polygon","coordinates":[[[139.39635,35.98483],[139.39568,35.98405],[139.39435,35.9841],[139.39388,35.98312],[139.3931,35.98473],[139.39135,35.98477],[139.3906,35.98379],[139.38981,35.98356],[139.38563,35.9849],[139.38466,35.98446],[139.38461,35.98274],[139.37946,35.98161],[139.37852,35.98255],[139.37713,35.98199],[139.37623,35.98255],[139.3745,35.98519],[139.3758,35.98623],[139.37775,35.98633],[139.37674,35.98793],[139.37706,35.98818],[139.3727,35.99113],[139.37198,35.99093],[139.37112,35.9919],[139.37123,35.99275],[139.36896,35.9937],[139.36871,35.99431],[139.37004,35.99544],[139.36942,35.99535],[139.36924,35.99647],[139.36612,35.99763],[139.3639,35.99919],[139.36224,35.9989],[139.36156,35.99941],[139.36167,36.00037],[139.36021,36.00039],[139.3573,36.00245],[139.35438,36.00348],[139.35295,36.00367],[139.35153,36.00288],[139.34942,36.00409],[139.34758,36.00394],[139.34708,36.00534],[139.34471,36.00855],[139.34366,36.00927],[139.34245,36.00896],[139.33774,36.01442],[139.33686,36.0145],[139.33763,36.01618],[139.33685,36.01698],[139.33676,36.01895],[139.33622,36.0194],[139.33699,36.02065],[139.33733,36.02235],[139.33692,36.023],[139.33786,36.02451],[139.33746,36.02476],[139.33851,36.02558],[139.34015,36.02513],[139.34065,36.02565],[139.33768,36.02738],[139.33557,36.02972],[139.3341,36.02931],[139.33334,36.02828],[139.33282,36.0283],[139.33261,36.02912],[139.33361,36.02929],[139.33309,36.03004],[139.33358,36.03056],[139.33171,36.03112],[139.33131,36.03166],[139.33146,36.0335],[139.33023,36.03809],[139.33102,36.04123],[139.34198,36.04068],[139.35526,36.03773],[139.35742,36.04114],[139.36825,36.03666],[139.3703,36.03992],[139.37236,36.03908],[139.37435,36.04209],[139.38572,36.04086],[139.38562,36.04269],[139.3828,36.04811],[139.38228,36.04821],[139.38253,36.04887],[139.38416,36.04946],[139.3847,36.0514],[139.38574,36.05102],[139.38585,36.05138],[139.38379,36.0548],[139.38199,36.05539],[139.38262,36.0567],[139.38217,36.05691],[139.38096,36.06163],[139.37833,36.06448],[139.37825,36.06717],[139.37885,36.06948],[139.37751,36.07287],[139.37906,36.07668],[139.37673,36.08192],[139.37662,36.08377],[139.37688,36.08458],[139.38039,36.08735],[139.38185,36.09105],[139.38418,36.09374],[139.38473,36.09554],[139.38646,36.09732],[139.38743,36.10329],[139.38855,36.10345],[139.38907,36.10484],[139.3905,36.10521],[139.39167,36.1049],[139.39169,36.10419],[139.39281,36.10409],[139.39628,36.10023],[139.39628,36.10111],[139.39735,36.10114],[139.39744,36.09984],[139.39858,36.09986],[139.39859,36.09889],[139.40055,36.0981],[139.40281,36.0963],[139.40415,36.09595],[139.40412,36.09533],[139.40592,36.09428],[139.40734,36.09508],[139.40945,36.09308],[139.41065,36.09405],[139.41114,36.09317],[139.41086,36.09187],[139.41292,36.09009],[139.41036,36.08407],[139.40866,36.08357],[139.4066,36.08116],[139.40685,36.08053],[139.40557,36.07536],[139.40875,36.0763],[139.41821,36.07451],[139.42312,36.07192],[139.41879,36.06605],[139.41666,36.06428],[139.41727,36.06331],[139.41715,36.05821],[139.41905,36.05576],[139.41709,36.05585],[139.41366,36.05489],[139.41446,36.05403],[139.41624,36.05481],[139.41715,36.05326],[139.41922,36.0531],[139.4173,36.05291],[139.41822,36.05048],[139.41956,36.0495],[139.42021,36.04682],[139.42108,36.0469],[139.42047,36.04573],[139.42076,36.04537],[139.42014,36.04456],[139.41968,36.04461],[139.41999,36.04353],[139.41915,36.04284],[139.41944,36.03948],[139.4208,36.03944],[139.42094,36.0385],[139.41858,36.03647],[139.41816,36.03526],[139.41918,36.0348],[139.41978,36.0354],[139.4227,36.03428],[139.42408,36.0319],[139.42573,36.03101],[139.43226,36.0248],[139.43203,36.02369],[139.43321,36.02359],[139.43341,36.02298],[139.43536,36.02309],[139.43598,36.02272],[139.43521,36.02184],[139.43788,36.01876],[139.43891,36.01565],[139.43984,36.01463],[139.43958,36.01349],[139.44033,36.01267],[139.44158,36.01217],[139.44144,36.01335],[139.44447,36.01343],[139.44608,36.01449],[139.44569,36.01489],[139.44831,36.01531],[139.44868,36.01556],[139.44847,36.01608],[139.45055,36.01624],[139.45047,36.01559],[139.45135,36.01538],[139.45105,36.01438],[139.45,36.01468],[139.44996,36.01399],[139.45371,36.01345],[139.45476,36.0114],[139.45587,36.01253],[139.45719,36.01192],[139.45663,36.01078],[139.456,36.01054],[139.45558,36.0112],[139.45517,36.01094],[139.45395,36.00832],[139.45483,36.00837],[139.45464,36.00505],[139.45001,36.0051],[139.44755,36.00469],[139.44628,36.00376],[139.44302,36.00518],[139.43952,36.00355],[139.43449,36.00484],[139.43394,36.00386],[139.43322,36.00402],[139.43315,36.00369],[139.43007,36.00513],[139.42956,36.00442],[139.42879,36.00516],[139.42632,36.00576],[139.42674,36.00689],[139.42566,36.00728],[139.42534,36.00672],[139.42373,36.00687],[139.42283,36.00616],[139.42506,36.00412],[139.42289,36.00284],[139.42287,36.00176],[139.4239,36.00013],[139.42334,35.99839],[139.42483,35.99755],[139.42999,35.99794],[139.42278,35.99392],[139.4197,35.99414],[139.41417,35.99112],[139.41158,35.99053],[139.40755,35.98825],[139.40496,35.98549],[139.39635,35.98483]]]}},{"type":"Feature","properties":{"id":"muni-11214","name":"春日部市"},"geometry":{"type":"MultiPolygon","coordinates":[[[[139.7109,35.97125],[139.71109,35.97102],[139.71067,35.97104],[139.7109,35.97125]]],[[[139.71294,35.96809],[139.71272,35.96859],[139.71175,35.96793],[139.71305,35.96886],[139.71037,35.97101],[139.71253,35.97034],[139.71284,35.96957],[139.71371,35.96934],[139.71326,35.96914],[139.71395,35.96845],[139.71496,35.96851],[139.71523,35.96805],[139.71696,35.96856],[139.71722,35.96803],[139.71829,35.96863],[139.72115,35.96867],[139.72423,35.97219],[139.72563,35.97122],[139.7241,35.97591],[139.72688,35.98196],[139.72666,35.98236],[139.72598,35.98187],[139.72567,35.98237],[139.72515,35.98441],[139.72596,35.9847],[139.71942,35.98939],[139.71963,35.98966],[139.71892,35.98997],[139.71945,35.99075],[139.71862,35.99142],[139.71651,35.99203],[139.71588,35.99114],[139.70949,35.99391],[139.71036,35.99521],[139.70823,35.99478],[139.70791,35.9955],[139.7138,36.00489],[139.71624,36.00385],[139.71592,36.00351],[139.71701,36.00302],[139.71751,36.00121],[139.72242,35.99828],[139.72428,35.99845],[139.72473,35.99909],[139.72631,35.99941],[139.72772,35.99917],[139.7286,35.99811],[139.72968,35.99903],[139.73401,35.998],[139.74059,35.99816],[139.74217,35.99879],[139.74234,35.99793],[139.74397,35.99675],[139.74498,35.99684],[139.74392,36.00104],[139.74485,36.00079],[139.74592,36.00148],[139.74733,36.00106],[139.74731,36.00037],[139.75254,36.00067],[139.75763,35.99955],[139.76008,36.00478],[139.76456,36.00459],[139.7648,36.0054],[139.76867,36.005],[139.76887,36.00634],[139.76964,36.00628],[139.76942,36.00742],[139.77015,36.00794],[139.7706,36.00751],[139.77198,36.00847],[139.7733,36.00735],[139.77384,36.00884],[139.77459,36.00795],[139.77555,36.00851],[139.77624,36.00773],[139.7753,36.00717],[139.77618,36.00613],[139.77717,36.00665],[139.77912,36.00445],[139.78125,36.00501],[139.78112,36.01042],[139.77912,36.01129],[139.78018,36.01211],[139.78335,36.01248],[139.78345,36.013],[139.7826,36.01407],[139.7837,36.01523],[139.78341,36.01626],[139.78382,36.01728],[139.78019,36.01952],[139.77793,36.02596],[139.79866,36.03651],[139.79886,36.03555],[139.80096,36.0332],[139.80294,36.03384],[139.80465,36.03522],[139.806,36.03483],[139.80534,36.03705],[139.80453,36.0381],[139.80651,36.04352],[139.81493,36.03746],[139.81765,36.03131],[139.81716,36.02974],[139.81344,36.02367],[139.81692,36.00359],[139.81663,36.00166],[139.81441,35.99909],[139.81407,35.99714],[139.81778,35.99376],[139.82322,35.98706],[139.82635,35.98393],[139.82683,35.98099],[139.82491,35.97475],[139.82553,35.97291],[139.82754,35.97121],[139.83287,35.96933],[139.83083,35.96746],[139.83101,35.96656],[139.82841,35.96606],[139.82921,35.9646],[139.8271,35.96525],[139.82515,35.96419],[139.8235,35.96439],[139.82369,35.96402],[139.82287,35.96374],[139.82045,35.96589],[139.80926,35.95289],[139.80788,35.95321],[139.80555,35.95481],[139.80485,35.95434],[139.80629,35.95199],[139.80503,35.94928],[139.80587,35.9474],[139.8056,35.94669],[139.80366,35.94582],[139.80437,35.9438],[139.80269,35.94134],[139.80034,35.94219],[139.79912,35.94622],[139.79635,35.9492],[139.7872,35.95484],[139.77781,35.95864],[139.77712,35.95784],[139.77854,35.95615],[139.77887,35.95375],[139.77594,35.94771],[139.77609,35.94545],[139.77679,35.94432],[139.77893,35.94295],[139.78309,35.94173],[139.78205,35.94027],[139.78147,35.94046],[139.78106,35.93962],[139.78047,35.93982],[139.77892,35.93809],[139.77712,35.93886],[139.77725,35.93776],[139.76976,35.93787],[139.76927,35.93652],[139.76783,35.93654],[139.76776,35.93605],[139.76556,35.93537],[139.76499,35.93634],[139.75947,35.94056],[139.76017,35.94098],[139.75976,35.9427],[139.76102,35.94354],[139.76002,35.94421],[139.75861,35.94455],[139.75704,35.9435],[139.75742,35.94313],[139.75558,35.94203],[139.75471,35.94267],[139.75339,35.94229],[139.75298,35.9412],[139.7518,35.94033],[139.75095,35.94108],[139.75046,35.9408],[139.7499,35.94113],[139.74955,35.94153],[139.75021,35.9419],[139.75141,35.94148],[139.75145,35.94199],[139.75118,35.94246],[139.75002,35.9426],[139.74589,35.95239],[139.74196,35.95196],[139.74157,35.9513],[139.73897,35.9517],[139.73793,35.95282],[139.7369,35.95247],[139.73609,35.95398],[139.73458,35.95394],[139.73503,35.95462],[139.73424,35.95558],[139.7346,35.95615],[139.73529,35.95585],[139.73507,35.95635],[139.73541,35.95646],[139.73494,35.9574],[139.73441,35.95694],[139.733,35.957],[139.73244,35.95614],[139.73296,35.9559],[139.73251,35.95522],[139.73117,35.9554],[139.73061,35.95458],[139.72926,35.9552],[139.72794,35.95367],[139.72683,35.95415],[139.72616,35.95311],[139.72558,35.95336],[139.72606,35.95408],[139.72485,35.95443],[139.7243,35.95357],[139.72311,35.95387],[139.72346,35.95338],[139.72277,35.95237],[139.7195,35.95219],[139.71922,35.9543],[139.7197,35.95483],[139.71938,35.95537],[139.72072,35.95727],[139.72072,35.95837],[139.72243,35.95872],[139.72585,35.96121],[139.72058,35.95936],[139.71773,35.96015],[139.71681,35.96134],[139.717,35.96296],[139.71416,35.96449],[139.71313,35.96425],[139.71215,35.9652],[139.71256,35.96549],[139.71126,35.96627],[139.71158,35.9668],[139.71089,35.96733],[139.71168,35.96787],[139.71195,35.96758],[139.71145,35.96705],[139.71337,35.9656],[139.7141,35.96578],[139.71335,35.96627],[139.7135,35.96667],[139.71448,35.96674],[139.71462,35.96736],[139.71415,35.96778],[139.71473,35.96801],[139.71422,35.96825],[139.71348,35.96778],[139.71338,35.9682],[139.71292,35.96761],[139.71448,35.96722],[139.71343,35.96719],[139.71315,35.9667],[139.71239,35.96734],[139.71294,35.96809]]]]}},{"type":"Feature","properties":{"id":"muni-11215","name":"狭山市"},"geometry":{"type":"Polygon","coordinates":[[[139.39312,35.84005],[139.39368,35.84174],[139.39163,35.844],[139.39245,35.84474],[139.39487,35.84492],[139.3938,35.84524],[139.39256,35.84487],[139.39207,35.84589],[139.39254,35.84637],[139.38969,35.84917],[139.38928,35.85125],[139.38982,35.85269],[139.37135,35.84823],[139.37077,35.84763],[139.37086,35.84689],[139.3714,35.84584],[139.37282,35.84506],[139.37303,35.84348],[139.37276,35.84246],[139.37149,35.84154],[139.36993,35.84128],[139.36447,35.84207],[139.36352,35.84576],[139.36227,35.8483],[139.36237,35.85121],[139.3613,35.85367],[139.36198,35.85513],[139.36059,35.8592],[139.36476,35.8606],[139.36511,35.85916],[139.37382,35.8657],[139.37259,35.86675],[139.3747,35.8687],[139.37854,35.86975],[139.37916,35.87132],[139.38022,35.87144],[139.38027,35.87101],[139.3895,35.87589],[139.38725,35.88003],[139.38997,35.8812],[139.38805,35.88249],[139.39612,35.88885],[139.40065,35.8934],[139.40128,35.89194],[139.40209,35.89235],[139.40135,35.89443],[139.40231,35.89529],[139.40164,35.89618],[139.40643,35.8989],[139.40809,35.90032],[139.41154,35.90107],[139.41296,35.89843],[139.41343,35.89851],[139.41326,35.89749],[139.41628,35.89792],[139.41591,35.89669],[139.41786,35.89645],[139.41733,35.89461],[139.41806,35.89427],[139.41857,35.89502],[139.42285,35.89197],[139.42315,35.89269],[139.42448,35.89202],[139.42462,35.89271],[139.42657,35.8923],[139.4271,35.89151],[139.42813,35.89124],[139.42926,35.88856],[139.4306,35.88871],[139.43152,35.88814],[139.43109,35.8865],[139.43168,35.8853],[139.4337,35.88476],[139.43381,35.88409],[139.43326,35.88419],[139.43272,35.88173],[139.43476,35.88381],[139.43661,35.883],[139.43713,35.88345],[139.4376,35.88262],[139.4409,35.88494],[139.44704,35.87933],[139.45726,35.88712],[139.45796,35.88733],[139.45863,35.88685],[139.45987,35.88798],[139.4606,35.88783],[139.46118,35.88704],[139.45707,35.88011],[139.45595,35.88056],[139.4557,35.87994],[139.45412,35.87592],[139.45582,35.87505],[139.45523,35.87397],[139.45607,35.87434],[139.45395,35.87133],[139.4546,35.87097],[139.46211,35.8778],[139.46247,35.87663],[139.46189,35.8761],[139.46202,35.87378],[139.46426,35.8704],[139.46378,35.86988],[139.46474,35.86957],[139.46593,35.86769],[139.4634,35.86575],[139.46359,35.86512],[139.46059,35.86344],[139.45974,35.8623],[139.46018,35.86199],[139.45882,35.85894],[139.45976,35.85774],[139.4605,35.85807],[139.46618,35.85149],[139.46442,35.85039],[139.4667,35.847],[139.46907,35.84802],[139.47173,35.8442],[139.47255,35.84446],[139.47605,35.84006],[139.47478,35.83929],[139.4782,35.8349],[139.47378,35.83274],[139.47117,35.83789],[139.46599,35.83797],[139.46579,35.83729],[139.46329,35.844],[139.45346,35.83611],[139.45407,35.83419],[139.44955,35.83232],[139.44835,35.83858],[139.44881,35.83359],[139.44992,35.83073],[139.44619,35.829],[139.43799,35.82407],[139.44149,35.82006],[139.43775,35.82128],[139.43272,35.82161],[139.43268,35.81878],[139.43121,35.81882],[139.43119,35.81828],[139.42932,35.8184],[139.4293,35.81769],[139.42862,35.8177],[139.42872,35.81907],[139.42444,35.81899],[139.42465,35.8206],[139.4195,35.81766],[139.41413,35.82651],[139.41302,35.83014],[139.41141,35.83197],[139.41243,35.83309],[139.41139,35.83509],[139.40741,35.84032],[139.40174,35.83868],[139.39782,35.83956],[139.39757,35.83881],[139.39312,35.84005]]]}},{"type":"Feature","properties":{"id":"muni-11216","name":"羽生市"},"geometry":{"type":"Polygon","coordinates":[[[139.53229,36.13976],[139.52735,36.14336],[139.52572,36.14653],[139.52487,36.1442],[139.5258,36.14193],[139.52439,36.13828],[139.52272,36.13884],[139.5195,36.13854],[139.51856,36.13796],[139.51611,36.13816],[139.51421,36.14259],[139.51387,36.14446],[139.51497,36.14719],[139.51398,36.15267],[139.51163,36.15409],[139.50944,36.15468],[139.50778,36.1543],[139.50351,36.15559],[139.49969,36.15549],[139.49865,36.15581],[139.49755,36.15736],[139.49796,36.15852],[139.4985,36.15876],[139.49778,36.16013],[139.49798,36.16081],[139.49743,36.16236],[139.49799,36.16305],[139.49775,36.16435],[139.49639,36.16521],[139.49609,36.16495],[139.49751,36.16398],[139.49765,36.16304],[139.49685,36.16291],[139.49504,36.16525],[139.49568,36.16574],[139.49524,36.1664],[139.49375,36.1671],[139.49159,36.17016],[139.49051,36.17055],[139.48786,36.17284],[139.48834,36.17368],[139.48862,36.17663],[139.49815,36.17668],[139.49768,36.17936],[139.49995,36.17964],[139.49956,36.18191],[139.50183,36.18247],[139.49683,36.18707],[139.49598,36.18879],[139.49569,36.19311],[139.50532,36.19415],[139.52,36.19109],[139.52496,36.19123],[139.52944,36.192],[139.53487,36.19345],[139.55215,36.20043],[139.56942,36.20297],[139.57864,36.20814],[139.58819,36.2105],[139.591,36.21054],[139.59418,36.2096],[139.59921,36.20604],[139.60958,36.19645],[139.60626,36.19429],[139.60534,36.19434],[139.60505,36.19286],[139.6028,36.19313],[139.60325,36.19134],[139.60391,36.19133],[139.60399,36.19073],[139.60338,36.19065],[139.60343,36.1878],[139.60286,36.18626],[139.60538,36.18492],[139.60499,36.1835],[139.60709,36.18246],[139.60729,36.18159],[139.60653,36.18008],[139.60833,36.1785],[139.61078,36.1747],[139.61251,36.17353],[139.61318,36.17125],[139.61202,36.16866],[139.60926,36.16658],[139.60942,36.1651],[139.60811,36.16125],[139.60821,36.1602],[139.60895,36.15934],[139.60713,36.15944],[139.59967,36.16193],[139.59711,36.16124],[139.5964,36.16147],[139.59561,36.16432],[139.59507,36.16484],[139.58965,36.1654],[139.58606,36.15037],[139.58179,36.15078],[139.57257,36.15029],[139.57264,36.14882],[139.57444,36.14773],[139.57425,36.14707],[139.57353,36.14721],[139.57312,36.14587],[139.57351,36.14597],[139.57286,36.14206],[139.57134,36.1422],[139.5709,36.14311],[139.56966,36.14304],[139.56957,36.14044],[139.57152,36.13938],[139.57224,36.13818],[139.57231,36.13893],[139.5738,36.13862],[139.57339,36.13743],[139.57288,36.1373],[139.56898,36.13696],[139.56602,36.13728],[139.56463,36.13685],[139.55895,36.13739],[139.55271,36.13711],[139.54958,36.13809],[139.54754,36.13726],[139.54374,36.13689],[139.53824,36.1375],[139.53229,36.13976]]]}},{"type":"Feature","properties":{"id":"muni-11217","name":"鴻巣市"},"geometry":{"type":"Polygon","coordinates":[[[139.48049,36.09786],[139.48262,36.09757],[139.48319,36.09626],[139.48511,36.09427],[139.48535,36.09294],[139.48772,36.09152],[139.49306,36.09024],[139.49462,36.09046],[139.49341,36.09194],[139.49613,36.09451],[139.49597,36.09551],[139.49773,36.0989],[139.50198,36.1036],[139.50285,36.10344],[139.49747,36.10694],[139.49672,36.10616],[139.49533,36.10704],[139.4974,36.10917],[139.49476,36.11036],[139.49724,36.1118],[139.5017,36.11244],[139.50614,36.11525],[139.50689,36.11884],[139.50751,36.11933],[139.50796,36.12106],[139.50683,36.12348],[139.50858,36.12477],[139.5109,36.12441],[139.51555,36.12223],[139.517,36.12222],[139.51868,36.12068],[139.52015,36.12098],[139.52159,36.11982],[139.52673,36.11796],[139.52936,36.11851],[139.52954,36.11896],[139.53047,36.1187],[139.53045,36.11811],[139.5323,36.1156],[139.53063,36.11292],[139.53063,36.11202],[139.53739,36.1063],[139.53891,36.10362],[139.54184,36.10027],[139.54317,36.10152],[139.54365,36.10127],[139.54445,36.10232],[139.54662,36.10031],[139.54824,36.10168],[139.55111,36.10049],[139.552,36.10217],[139.55381,36.10141],[139.55122,36.09642],[139.55172,36.09601],[139.55083,36.09503],[139.55133,36.09439],[139.55127,36.09347],[139.54966,36.09351],[139.54878,36.09404],[139.54809,36.09289],[139.54662,36.09329],[139.54632,36.09239],[139.54115,36.0872],[139.54286,36.08623],[139.54073,36.08303],[139.54004,36.08345],[139.53974,36.08315],[139.53962,36.08226],[139.54722,36.07864],[139.54904,36.08108],[139.55229,36.0795],[139.5519,36.07893],[139.55256,36.07862],[139.55295,36.07926],[139.56166,36.06958],[139.56134,36.06882],[139.5636,36.06639],[139.5623,36.06529],[139.56491,36.06229],[139.56392,36.06146],[139.5645,36.06062],[139.56387,36.06056],[139.56513,36.05885],[139.56445,36.05843],[139.56544,36.05719],[139.56177,36.05536],[139.56172,36.05596],[139.55972,36.058],[139.55842,36.05758],[139.55762,36.05627],[139.55862,36.05408],[139.56057,36.05447],[139.55978,36.05363],[139.56,36.05265],[139.56095,36.05248],[139.5614,36.05347],[139.56191,36.05343],[139.56227,36.05266],[139.56154,36.05141],[139.56148,36.05007],[139.56223,36.04776],[139.5629,36.04732],[139.56384,36.04752],[139.5636,36.04646],[139.565,36.04541],[139.56511,36.04632],[139.5659,36.04651],[139.56573,36.04503],[139.56643,36.04431],[139.56736,36.04409],[139.56705,36.04554],[139.56759,36.04568],[139.56891,36.04273],[139.5703,36.04158],[139.57044,36.04044],[139.56962,36.04048],[139.56752,36.03877],[139.56762,36.03699],[139.56471,36.03599],[139.5651,36.03578],[139.5643,36.03539],[139.5596,36.03915],[139.56008,36.03942],[139.55855,36.04173],[139.55908,36.0419],[139.55826,36.04327],[139.55507,36.0432],[139.55132,36.04512],[139.55063,36.04433],[139.54909,36.04518],[139.54852,36.04451],[139.54745,36.04513],[139.54688,36.04441],[139.54479,36.04559],[139.54391,36.04546],[139.54184,36.04665],[139.54251,36.04748],[139.53943,36.04913],[139.53916,36.04865],[139.53845,36.04923],[139.5375,36.04841],[139.53678,36.04886],[139.53588,36.04951],[139.53673,36.05006],[139.5363,36.05042],[139.53661,36.05067],[139.53442,36.05244],[139.5326,36.05168],[139.52759,36.05673],[139.52503,36.05762],[139.52566,36.05606],[139.52414,36.0558],[139.52447,36.05518],[139.52393,36.05492],[139.52369,36.0552],[139.52413,36.05529],[139.52365,36.05565],[139.52193,36.05495],[139.52622,36.05088],[139.52039,36.04759],[139.53175,36.03477],[139.53011,36.03381],[139.52915,36.03455],[139.52666,36.03341],[139.52593,36.03456],[139.52635,36.03421],[139.52735,36.03473],[139.52682,36.0355],[139.52618,36.0357],[139.52577,36.03505],[139.52539,36.03553],[139.52557,36.03497],[139.52492,36.0352],[139.52618,36.03357],[139.52666,36.03198],[139.52599,36.03254],[139.52519,36.03235],[139.52426,36.03448],[139.52373,36.03423],[139.52296,36.03525],[139.52265,36.0351],[139.52269,36.0358],[139.5205,36.03429],[139.52076,36.03386],[139.52027,36.03412],[139.51862,36.03244],[139.5183,36.03268],[139.51815,36.03198],[139.51767,36.03236],[139.51712,36.03194],[139.51759,36.03137],[139.51711,36.03073],[139.51602,36.03055],[139.5138,36.03192],[139.51428,36.03333],[139.51277,36.03326],[139.51181,36.03392],[139.51118,36.03349],[139.51148,36.03392],[139.51093,36.03447],[139.5086,36.03467],[139.5069,36.03413],[139.5037,36.03414],[139.49654,36.03524],[139.49476,36.03445],[139.49399,36.03548],[139.4922,36.03652],[139.49175,36.03938],[139.48944,36.04122],[139.48939,36.04295],[139.49115,36.04533],[139.49091,36.0474],[139.48898,36.04967],[139.48572,36.05049],[139.48293,36.05315],[139.48236,36.05437],[139.48251,36.05908],[139.47296,36.06017],[139.47133,36.06175],[139.46935,36.06525],[139.46711,36.06729],[139.46613,36.07037],[139.46251,36.07301],[139.45911,36.07445],[139.45768,36.07633],[139.45614,36.0796],[139.45297,36.08141],[139.4505,36.08381],[139.44821,36.08397],[139.44578,36.08311],[139.44202,36.08318],[139.43845,36.08469],[139.43553,36.08432],[139.43327,36.08544],[139.43297,36.08619],[139.43337,36.0872],[139.43495,36.08812],[139.43267,36.09424],[139.43255,36.10078],[139.43067,36.10304],[139.43182,36.10412],[139.43275,36.10371],[139.43281,36.10421],[139.43715,36.1043],[139.43835,36.10486],[139.43682,36.10771],[139.43165,36.11086],[139.43377,36.11235],[139.4343,36.11227],[139.43445,36.11274],[139.43596,36.11277],[139.43653,36.11431],[139.43727,36.11441],[139.43813,36.11573],[139.43731,36.11624],[139.43797,36.11696],[139.44131,36.11758],[139.4416,36.11661],[139.44324,36.11696],[139.44461,36.11823],[139.44532,36.11783],[139.44556,36.11826],[139.44685,36.11747],[139.44721,36.11788],[139.45854,36.1116],[139.45972,36.11586],[139.46071,36.11589],[139.4618,36.11373],[139.46256,36.11398],[139.46321,36.11268],[139.46612,36.11279],[139.46696,36.10985],[139.46962,36.10787],[139.47374,36.10575],[139.47495,36.10402],[139.4773,36.10472],[139.47768,36.10383],[139.47894,36.10421],[139.47931,36.10334],[139.48394,36.10474],[139.48418,36.10421],[139.48049,36.09786]]]}},{"type":"Feature","properties":{"id":"muni-11218","name":"深谷市"},"geometry":{"type":"MultiPolygon","coordinates":[[[[139.21462,36.13263],[139.21215,36.13233],[139.21199,36.13295],[139.2087,36.13399],[139.20882,36.1344],[139.20667,36.1343],[139.20706,36.13618],[139.20482,36.1357],[139.20457,36.13646],[139.2027,36.13604],[139.20246,36.13673],[139.20114,36.13644],[139.20014,36.1371],[139.19536,36.13683],[139.19468,36.1373],[139.19055,36.13363],[139.1888,36.1342],[139.18682,36.13324],[139.18359,36.13427],[139.18277,36.13508],[139.18067,36.13453],[139.18076,36.13667],[139.18337,36.13775],[139.18575,36.13752],[139.1887,36.13914],[139.19055,36.13877],[139.19491,36.13998],[139.19542,36.13958],[139.19981,36.14124],[139.20593,36.14256],[139.21249,36.14582],[139.2132,36.14661],[139.21302,36.14784],[139.22082,36.15107],[139.2241,36.15171],[139.22452,36.15121],[139.22626,36.15141],[139.22626,36.15063],[139.22743,36.15071],[139.22794,36.15244],[139.22857,36.1526],[139.23296,36.15701],[139.22655,36.16126],[139.2238,36.15851],[139.22162,36.15997],[139.22075,36.15909],[139.21855,36.16051],[139.21808,36.16006],[139.21644,36.16114],[139.21654,36.16174],[139.20922,36.16623],[139.20461,36.16838],[139.20166,36.17089],[139.19861,36.17175],[139.19868,36.17211],[139.19772,36.17227],[139.19793,36.17276],[139.19255,36.17448],[139.19007,36.17661],[139.19232,36.17722],[139.19333,36.18089],[139.19579,36.18147],[139.19648,36.18266],[139.19908,36.18199],[139.19987,36.18303],[139.20811,36.18712],[139.20674,36.1894],[139.20866,36.19539],[139.20815,36.19698],[139.20853,36.19857],[139.20713,36.19873],[139.20739,36.19912],[139.20643,36.19939],[139.20476,36.19943],[139.20351,36.19892],[139.20182,36.19909],[139.19983,36.19675],[139.19774,36.19659],[139.19706,36.19729],[139.19706,36.20896],[139.19586,36.20914],[139.19381,36.20842],[139.19412,36.20881],[139.19336,36.21042],[139.19582,36.21022],[139.19605,36.21185],[139.19503,36.21232],[139.1948,36.21353],[139.19589,36.21427],[139.19677,36.21602],[139.19854,36.21781],[139.20147,36.21956],[139.20605,36.22072],[139.20924,36.22255],[139.20962,36.22198],[139.21147,36.22255],[139.21139,36.22379],[139.21465,36.22201],[139.21425,36.2221],[139.21443,36.22164],[139.21676,36.22204],[139.21787,36.22567],[139.21849,36.22648],[139.21973,36.22653],[139.21891,36.22818],[139.22174,36.22826],[139.22358,36.22905],[139.22425,36.22881],[139.22415,36.23156],[139.22373,36.23192],[139.22404,36.23261],[139.22488,36.23204],[139.22514,36.23231],[139.22474,36.22935],[139.22514,36.22835],[139.22589,36.22808],[139.226,36.22935],[139.22651,36.22938],[139.22659,36.22881],[139.22861,36.22899],[139.23062,36.22813],[139.22958,36.2273],[139.22942,36.22611],[139.22834,36.22591],[139.22694,36.2265],[139.22607,36.22578],[139.22674,36.22509],[139.22823,36.22483],[139.22846,36.22383],[139.23045,36.22441],[139.23027,36.2238],[139.23198,36.22331],[139.23295,36.22537],[139.23606,36.22406],[139.23622,36.22489],[139.23877,36.22417],[139.23882,36.22449],[139.24162,36.22426],[139.24318,36.22627],[139.24252,36.22635],[139.24247,36.22803],[139.24461,36.22871],[139.24498,36.22999],[139.24571,36.23016],[139.24518,36.23172],[139.24774,36.23237],[139.24679,36.23478],[139.24614,36.23462],[139.24574,36.23753],[139.2426,36.23793],[139.24342,36.23944],[139.24372,36.24451],[139.25423,36.24603],[139.25947,36.24459],[139.26172,36.24288],[139.26694,36.2427],[139.2675,36.24544],[139.26698,36.25029],[139.27036,36.25014],[139.28741,36.24497],[139.29843,36.24327],[139.29701,36.24199],[139.30633,36.23866],[139.31327,36.23712],[139.32066,36.2368],[139.32709,36.2375],[139.32939,36.23806],[139.32925,36.24053],[139.3331,36.23618],[139.33516,36.23512],[139.33574,36.23069],[139.33497,36.22793],[139.33585,36.22662],[139.33351,36.22498],[139.33382,36.22298],[139.33347,36.22294],[139.33477,36.22035],[139.33434,36.22],[139.33639,36.2177],[139.33623,36.21195],[139.33541,36.21214],[139.33315,36.21002],[139.33311,36.20625],[139.3338,36.20452],[139.33325,36.20438],[139.33454,36.20242],[139.33349,36.20079],[139.33164,36.19968],[139.33186,36.19944],[139.33139,36.19917],[139.33204,36.19847],[139.33117,36.19781],[139.331,36.19664],[139.3299,36.19597],[139.33039,36.19468],[139.32992,36.19439],[139.32997,36.19258],[139.32921,36.1907],[139.32962,36.1891],[139.33263,36.18478],[139.33338,36.17932],[139.32766,36.18355],[139.32635,36.18226],[139.32352,36.18063],[139.32579,36.17938],[139.32699,36.178],[139.32667,36.17676],[139.32375,36.17555],[139.32108,36.17494],[139.31868,36.1753],[139.31773,36.1744],[139.31281,36.17791],[139.30876,36.1763],[139.30301,36.17523],[139.30674,36.172],[139.30451,36.17046],[139.29588,36.16675],[139.29747,36.16568],[139.29334,36.16167],[139.2918,36.16271],[139.28985,36.16076],[139.29408,36.15802],[139.29426,36.15767],[139.2938,36.15752],[139.29621,36.15504],[139.29886,36.15493],[139.3,36.15606],[139.3036,36.1537],[139.30519,36.15165],[139.30968,36.1526],[139.31011,36.15229],[139.30979,36.15129],[139.31031,36.15124],[139.31035,36.15019],[139.3112,36.15009],[139.31104,36.14902],[139.31335,36.14882],[139.31323,36.14771],[139.31441,36.14761],[139.31425,36.14647],[139.31478,36.14621],[139.31307,36.14526],[139.31376,36.14463],[139.31392,36.1437],[139.3122,36.14325],[139.31137,36.14356],[139.31081,36.14288],[139.30981,36.14277],[139.30995,36.14186],[139.30803,36.14179],[139.30726,36.13905],[139.31173,36.1384],[139.3116,36.13612],[139.31252,36.13156],[139.31254,36.12757],[139.31184,36.12515],[139.31037,36.12274],[139.31169,36.11785],[139.31078,36.11555],[139.30722,36.1142],[139.30622,36.11175],[139.30027,36.11209],[139.30138,36.11057],[139.29939,36.10965],[139.2979,36.10974],[139.295,36.10894],[139.29181,36.10749],[139.28764,36.10681],[139.28382,36.10437],[139.2837,36.10714],[139.28466,36.11022],[139.27612,36.10602],[139.27488,36.10691],[139.27317,36.10628],[139.26567,36.10699],[139.26293,36.10648],[139.2623,36.10726],[139.26298,36.10776],[139.26552,36.10747],[139.2649,36.10855],[139.26775,36.10975],[139.2703,36.10991],[139.27387,36.11095],[139.2737,36.11164],[139.27486,36.11214],[139.27511,36.11168],[139.27551,36.11195],[139.27524,36.11254],[139.27458,36.11265],[139.27384,36.11542],[139.27558,36.11655],[139.27459,36.11684],[139.27306,36.1192],[139.26487,36.11818],[139.25808,36.11584],[139.25692,36.11638],[139.25505,36.11598],[139.25407,36.11802],[139.25326,36.11847],[139.25326,36.11982],[139.25195,36.11895],[139.24868,36.11837],[139.22979,36.11829],[139.22624,36.11713],[139.22421,36.11719],[139.21677,36.11993],[139.21762,36.12107],[139.21667,36.12223],[139.21598,36.12487],[139.2164,36.12764],[139.21462,36.13263]]],[[[139.26157,36.24417],[139.26221,36.24547],[139.26302,36.24524],[139.26271,36.24478],[139.26395,36.2448],[139.26361,36.24367],[139.26157,36.24417]]]]}},{"type":"Feature","properties":{"id":"muni-11219","name":"上尾市"},"geometry":{"type":"Polygon","coordinates":[[[139.56126,35.93293],[139.56083,35.93121],[139.56136,35.92982],[139.56055,35.92971],[139.56084,35.92897],[139.56048,35.9279],[139.56077,35.92708],[139.56152,35.9268],[139.56139,35.92741],[139.56239,35.92621],[139.56187,35.92578],[139.56103,35.9258],[139.56073,35.92647],[139.56112,35.92655],[139.56059,35.92715],[139.56036,35.92779],[139.55901,35.92869],[139.55919,35.92931],[139.56033,35.92849],[139.56073,35.92893],[139.55991,35.93001],[139.55922,35.92944],[139.55897,35.92991],[139.55956,35.9303],[139.55803,35.93067],[139.55798,35.93162],[139.55921,35.93186],[139.55897,35.93248],[139.55811,35.93255],[139.5581,35.93329],[139.55773,35.93329],[139.55666,35.93557],[139.55382,35.9337],[139.55327,35.93476],[139.55381,35.93494],[139.55311,35.93597],[139.55182,35.93606],[139.55139,35.9354],[139.55145,35.93221],[139.55114,35.93217],[139.55104,35.93454],[139.54783,35.93432],[139.54368,35.93776],[139.54145,35.93581],[139.54075,35.93627],[139.54029,35.93796],[139.53963,35.93801],[139.53821,35.93981],[139.53892,35.94071],[139.54002,35.94033],[139.54061,35.93899],[139.54032,35.93822],[139.54133,35.93605],[139.5443,35.9387],[139.54579,35.94141],[139.54577,35.94267],[139.54525,35.9428],[139.54423,35.94442],[139.53891,35.94518],[139.53745,35.9458],[139.53606,35.948],[139.53646,35.94877],[139.53812,35.94989],[139.54518,35.95098],[139.54546,35.95208],[139.54276,35.95508],[139.54055,35.95669],[139.54058,35.96037],[139.53899,35.96249],[139.53678,35.96219],[139.53511,35.96066],[139.53428,35.9608],[139.53511,35.96116],[139.53521,35.96166],[139.53397,35.96438],[139.53471,35.96494],[139.53411,35.96802],[139.53556,35.96933],[139.5353,35.97043],[139.53454,35.97107],[139.53562,35.97064],[139.53853,35.97255],[139.53916,35.97476],[139.54241,35.97882],[139.54103,35.97929],[139.54075,35.98321],[139.53847,35.98396],[139.53777,35.98566],[139.53769,35.9869],[139.53935,35.99275],[139.54137,35.99207],[139.54142,35.99241],[139.54779,35.9922],[139.55355,35.99118],[139.5559,35.99163],[139.55893,35.991],[139.55999,35.99216],[139.55886,35.99222],[139.55954,35.99352],[139.5594,35.99459],[139.56004,35.99503],[139.56036,35.99414],[139.5609,35.99402],[139.56214,35.99461],[139.56187,35.99512],[139.56239,35.99543],[139.56483,35.99368],[139.56565,35.9924],[139.56448,35.99023],[139.56486,35.98984],[139.56374,35.98871],[139.56389,35.98779],[139.56535,35.98724],[139.5665,35.98827],[139.56784,35.98774],[139.56925,35.98837],[139.57135,35.988],[139.57461,35.98661],[139.57558,35.98724],[139.57524,35.98769],[139.57575,35.98799],[139.57656,35.9876],[139.57606,35.9894],[139.57078,35.99291],[139.57226,35.99325],[139.5705,35.99496],[139.5714,35.9954],[139.57103,35.99601],[139.5727,35.99621],[139.57284,35.99687],[139.57421,35.99772],[139.57262,35.99978],[139.57314,36.00004],[139.56971,36.00442],[139.56923,36.00418],[139.56891,36.00458],[139.57054,36.00507],[139.57031,36.00537],[139.57085,36.00566],[139.57182,36.0053],[139.57346,36.00589],[139.573,36.00736],[139.57396,36.00779],[139.57351,36.00865],[139.57233,36.00925],[139.57241,36.00968],[139.57718,36.00876],[139.58438,36.00981],[139.58498,36.00846],[139.58957,36.00659],[139.58995,36.00746],[139.59057,36.00737],[139.59077,36.00885],[139.59147,36.00877],[139.59278,36.00796],[139.59396,36.00637],[139.59445,36.00672],[139.59532,36.00582],[139.59646,36.00655],[139.59711,36.00635],[139.6027,36.00423],[139.60497,36.0029],[139.60382,35.99882],[139.60303,35.99784],[139.60404,35.99703],[139.60493,35.99462],[139.61246,35.98972],[139.61359,35.98741],[139.61347,35.98559],[139.61461,35.98387],[139.61853,35.98016],[139.61951,35.97815],[139.62641,35.97374],[139.63149,35.97321],[139.63404,35.97058],[139.63503,35.97046],[139.63778,35.97169],[139.64119,35.97072],[139.64283,35.96888],[139.6427,35.96685],[139.64369,35.96615],[139.6457,35.96583],[139.64554,35.96476],[139.64446,35.96377],[139.64805,35.96363],[139.64716,35.96253],[139.64882,35.96238],[139.64877,35.96161],[139.65023,35.96147],[139.64929,35.95727],[139.64756,35.95396],[139.64656,35.95435],[139.64593,35.95326],[139.64513,35.95329],[139.64538,35.95173],[139.64497,35.95132],[139.64285,35.9508],[139.64311,35.95122],[139.64138,35.95225],[139.64118,35.95376],[139.64006,35.95412],[139.63836,35.95357],[139.63694,35.95506],[139.63647,35.95439],[139.63564,35.9545],[139.6343,35.95361],[139.63192,35.95393],[139.62582,35.95249],[139.62121,35.96067],[139.62052,35.9604],[139.61975,35.96169],[139.62041,35.96194],[139.61895,35.96433],[139.61553,35.96566],[139.61589,35.9661],[139.61549,35.96628],[139.61465,35.96591],[139.61383,35.96621],[139.611,35.96443],[139.6001,35.95959],[139.5987,35.9613],[139.59208,35.96187],[139.59167,35.96124],[139.59092,35.96113],[139.59033,35.96155],[139.58931,35.96123],[139.58848,35.96192],[139.5877,35.96103],[139.58803,35.96034],[139.59063,35.95706],[139.59206,35.95713],[139.59223,35.95545],[139.59179,35.95526],[139.59407,35.95153],[139.59667,35.9486],[139.59782,35.94578],[139.59934,35.94406],[139.59962,35.94121],[139.59776,35.93851],[139.59761,35.93638],[139.596,35.93685],[139.5934,35.93952],[139.59205,35.93959],[139.59158,35.9405],[139.59062,35.94102],[139.58947,35.94315],[139.58744,35.94501],[139.58517,35.94544],[139.58157,35.94419],[139.58,35.94311],[139.57528,35.94299],[139.57414,35.94398],[139.56557,35.93995],[139.56436,35.93899],[139.56444,35.9347],[139.56126,35.93293]]]}},{"type":"Feature","properties":{"id":"muni-11221","name":"草加市"},"geometry":{"type":"Polygon","coordinates":[[[139.78219,35.82304],[139.7813,35.82361],[139.78378,35.8241],[139.78364,35.82449],[139.78629,35.82457],[139.7862,35.82496],[139.78732,35.82435],[139.78829,35.82461],[139.78822,35.82537],[139.78717,35.82632],[139.78791,35.8277],[139.7875,35.8282],[139.7854,35.82785],[139.78509,35.82933],[139.78274,35.83107],[139.78289,35.83278],[139.7792,35.83312],[139.77841,35.83402],[139.7808,35.83505],[139.77983,35.8357],[139.77837,35.83512],[139.77801,35.83748],[139.77675,35.83793],[139.7772,35.83891],[139.7791,35.83883],[139.77944,35.84043],[139.77812,35.8431],[139.77623,35.84486],[139.77551,35.84443],[139.77143,35.84832],[139.77482,35.85181],[139.76645,35.85623],[139.76523,35.85764],[139.76355,35.86346],[139.76618,35.86452],[139.76672,35.86533],[139.77034,35.86658],[139.77145,35.86554],[139.77372,35.86086],[139.77551,35.85954],[139.77693,35.85945],[139.77769,35.85848],[139.77974,35.85863],[139.7812,35.85966],[139.78745,35.86106],[139.79232,35.85916],[139.79476,35.85894],[139.79784,35.85795],[139.79898,35.85714],[139.79994,35.85503],[139.80067,35.8548],[139.80129,35.85641],[139.80206,35.85612],[139.80304,35.85677],[139.80402,35.85657],[139.80389,35.8556],[139.80456,35.85585],[139.80445,35.85659],[139.80494,35.85683],[139.80601,35.85681],[139.8059,35.85596],[139.80726,35.85572],[139.80815,35.85699],[139.80758,35.85742],[139.80862,35.85786],[139.80776,35.85847],[139.80743,35.85939],[139.80949,35.85959],[139.81105,35.86114],[139.81264,35.86022],[139.81171,35.85975],[139.81223,35.85897],[139.813,35.85888],[139.81321,35.85941],[139.81363,35.85857],[139.81481,35.85882],[139.81336,35.86003],[139.814,35.86024],[139.81374,35.86074],[139.8202,35.86298],[139.81989,35.86361],[139.8218,35.86481],[139.81825,35.86912],[139.81911,35.86959],[139.82203,35.86977],[139.82197,35.87028],[139.82618,35.8709],[139.83364,35.8714],[139.83581,35.86939],[139.83979,35.86914],[139.83846,35.86386],[139.84095,35.85616],[139.83856,35.85604],[139.83864,35.85739],[139.83813,35.85822],[139.8288,35.85733],[139.82933,35.85704],[139.82924,35.85607],[139.82873,35.85602],[139.82897,35.85541],[139.82831,35.85505],[139.82886,35.85511],[139.82845,35.85478],[139.82905,35.85415],[139.82894,35.85287],[139.82941,35.8529],[139.82989,35.85193],[139.82907,35.8513],[139.83136,35.84526],[139.82991,35.84475],[139.83102,35.84259],[139.82967,35.84244],[139.83048,35.83892],[139.82971,35.83882],[139.83042,35.83565],[139.82893,35.83549],[139.8293,35.83322],[139.82779,35.83305],[139.82824,35.83255],[139.82789,35.83218],[139.82684,35.83249],[139.82599,35.83216],[139.82636,35.82927],[139.82095,35.82824],[139.82086,35.82901],[139.82199,35.82949],[139.82165,35.83009],[139.82078,35.83002],[139.82055,35.83067],[139.82,35.83064],[139.82004,35.83021],[139.81872,35.83044],[139.81813,35.82976],[139.81847,35.83083],[139.81693,35.8297],[139.81612,35.83102],[139.81596,35.83518],[139.81447,35.83543],[139.81428,35.83449],[139.81294,35.83445],[139.81343,35.83576],[139.81158,35.83436],[139.81271,35.83117],[139.81563,35.82826],[139.81448,35.82777],[139.81943,35.82491],[139.82108,35.8227],[139.82081,35.82137],[139.81679,35.82153],[139.8151,35.82078],[139.81364,35.81795],[139.81168,35.81641],[139.81335,35.81534],[139.81831,35.81411],[139.82112,35.81493],[139.81987,35.81263],[139.82078,35.81134],[139.81951,35.81174],[139.81753,35.81011],[139.81405,35.80856],[139.81178,35.80823],[139.80415,35.80898],[139.80147,35.80816],[139.80004,35.80651],[139.79506,35.80531],[139.79242,35.80526],[139.78726,35.80664],[139.78089,35.80719],[139.77723,35.81041],[139.77215,35.81631],[139.77061,35.81723],[139.76748,35.81745],[139.76773,35.81904],[139.77118,35.81843],[139.77205,35.81996],[139.77515,35.82089],[139.77645,35.82083],[139.7766,35.82129],[139.77945,35.82256],[139.77965,35.82196],[139.78219,35.82304]]]}},{"type":"Feature","properties":{"id":"muni-11222","name":"越谷市"},"geometry":{"type":"Polygon","coordinates":[[[139.75947,35.94056],[139.76556,35.93537],[139.76776,35.93605],[139.76783,35.93654],[139.76927,35.93652],[139.76976,35.93787],[139.77725,35.93776],[139.77712,35.93886],[139.77892,35.93809],[139.77939,35.93903],[139.77997,35.93884],[139.78047,35.93982],[139.78106,35.93962],[139.78147,35.94046],[139.78205,35.94027],[139.78276,35.94113],[139.78309,35.94173],[139.77893,35.94295],[139.77679,35.94432],[139.77609,35.94545],[139.77594,35.94771],[139.77887,35.95375],[139.77854,35.95615],[139.77712,35.95784],[139.77781,35.95864],[139.7872,35.95484],[139.7965,35.94909],[139.79894,35.94653],[139.79966,35.94351],[139.80085,35.94177],[139.80918,35.94017],[139.81152,35.93885],[139.81773,35.93248],[139.81814,35.93085],[139.81634,35.92864],[139.80899,35.92654],[139.80548,35.92399],[139.80453,35.92216],[139.8048,35.91923],[139.80543,35.91799],[139.80746,35.91667],[139.81706,35.91554],[139.81967,35.91472],[139.82099,35.91328],[139.82237,35.90982],[139.82455,35.90784],[139.82815,35.90711],[139.83341,35.9079],[139.83544,35.9076],[139.83701,35.90664],[139.83772,35.90506],[139.83699,35.90369],[139.83622,35.9033],[139.83233,35.90334],[139.83076,35.90267],[139.82874,35.90062],[139.82853,35.89908],[139.82879,35.89826],[139.83,35.89724],[139.83879,35.8939],[139.8399,35.89281],[139.83995,35.89045],[139.8379,35.88556],[139.84021,35.87778],[139.83979,35.86914],[139.83581,35.86939],[139.83364,35.8714],[139.82618,35.8709],[139.82197,35.87028],[139.82203,35.86977],[139.81911,35.86959],[139.81825,35.86912],[139.8218,35.86481],[139.81989,35.86361],[139.8202,35.86298],[139.81374,35.86074],[139.814,35.86024],[139.81336,35.86003],[139.81481,35.85882],[139.81363,35.85857],[139.81321,35.85941],[139.813,35.85888],[139.81223,35.85897],[139.81171,35.85975],[139.81264,35.86022],[139.81105,35.86114],[139.80949,35.85959],[139.80743,35.85939],[139.80776,35.85847],[139.80862,35.85786],[139.80758,35.85742],[139.80815,35.85699],[139.80726,35.85572],[139.8059,35.85596],[139.80601,35.85681],[139.80494,35.85683],[139.80445,35.85659],[139.80456,35.85585],[139.80389,35.8556],[139.80402,35.85657],[139.80304,35.85677],[139.80206,35.85612],[139.80129,35.85641],[139.80067,35.8548],[139.79994,35.85503],[139.79898,35.85714],[139.79784,35.85795],[139.79476,35.85894],[139.79232,35.85916],[139.78745,35.86106],[139.7812,35.85966],[139.77974,35.85863],[139.77769,35.85848],[139.77693,35.85945],[139.77551,35.85954],[139.77372,35.86086],[139.77145,35.86554],[139.77034,35.86658],[139.76518,35.86987],[139.76183,35.87027],[139.75883,35.87381],[139.75684,35.87739],[139.75307,35.87916],[139.75274,35.8803],[139.7501,35.88268],[139.74757,35.88764],[139.74842,35.89077],[139.74604,35.89252],[139.74496,35.89392],[139.74682,35.89448],[139.74746,35.89413],[139.74849,35.89485],[139.74919,35.89448],[139.74955,35.89473],[139.74923,35.89522],[139.74995,35.89556],[139.75141,35.89485],[139.75333,35.89562],[139.75353,35.89595],[139.75262,35.89718],[139.75391,35.8982],[139.75324,35.89867],[139.75289,35.89832],[139.75254,35.89857],[139.7529,35.89891],[139.75209,35.89928],[139.7526,35.90151],[139.75474,35.90185],[139.75408,35.90444],[139.75564,35.90467],[139.75443,35.91048],[139.7527,35.91019],[139.7523,35.91166],[139.7495,35.9112],[139.74861,35.915],[139.74536,35.91756],[139.74813,35.922],[139.74668,35.92219],[139.74699,35.92267],[139.74611,35.92469],[139.74661,35.92486],[139.74659,35.92547],[139.74543,35.92605],[139.74539,35.92673],[139.74925,35.927],[139.74967,35.92841],[139.75262,35.93101],[139.75282,35.93154],[139.75224,35.93168],[139.75263,35.9328],[139.75322,35.93265],[139.75351,35.93344],[139.75293,35.93358],[139.75373,35.93407],[139.75317,35.93421],[139.75337,35.93482],[139.75396,35.93468],[139.75419,35.93533],[139.7548,35.93518],[139.75496,35.93563],[139.75633,35.93564],[139.75724,35.93712],[139.75679,35.93747],[139.75732,35.93788],[139.75697,35.93814],[139.75646,35.93772],[139.75495,35.93836],[139.75413,35.93789],[139.75196,35.94043],[139.75298,35.9412],[139.75339,35.94229],[139.75471,35.94267],[139.75558,35.94203],[139.75742,35.94313],[139.75704,35.9435],[139.75861,35.94455],[139.76002,35.94421],[139.76102,35.94354],[139.75976,35.9427],[139.76017,35.94098],[139.75947,35.94056]]]}},{"type":"Feature","properties":{"id":"muni-11223","name":"蕨市"},"geometry":{"type":"Polygon","coordinates":[[[139.68551,35.81849],[139.68455,35.81955],[139.68343,35.81798],[139.6816,35.81894],[139.6803,35.81861],[139.6801,35.81933],[139.67923,35.81944],[139.67929,35.81979],[139.67767,35.82061],[139.67789,35.82107],[139.67747,35.82127],[139.66981,35.82246],[139.66923,35.82306],[139.66585,35.82421],[139.66515,35.8246],[139.66566,35.82681],[139.66284,35.82909],[139.66827,35.83302],[139.66845,35.83557],[139.67453,35.83345],[139.68169,35.83182],[139.68886,35.82912],[139.71004,35.82616],[139.70985,35.82498],[139.7085,35.82503],[139.7084,35.82346],[139.70765,35.82348],[139.70739,35.81911],[139.70174,35.81906],[139.70231,35.81811],[139.70154,35.81753],[139.70199,35.81656],[139.69929,35.81518],[139.69617,35.81625],[139.6957,35.81521],[139.69359,35.81587],[139.69211,35.81408],[139.69172,35.8142],[139.69152,35.81373],[139.69005,35.81419],[139.68989,35.81364],[139.68818,35.81416],[139.68813,35.81524],[139.68644,35.81526],[139.68426,35.81651],[139.68551,35.81849]]]}},{"type":"Feature","properties":{"id":"muni-11224","name":"戸田市"},"geometry":{"type":"Polygon","coordinates":[[[139.63158,35.82962],[139.63301,35.82946],[139.63342,35.83086],[139.63441,35.83065],[139.64106,35.83222],[139.64118,35.83034],[139.64249,35.83086],[139.64306,35.83007],[139.6447,35.82952],[139.64647,35.82964],[139.64514,35.83185],[139.64994,35.83277],[139.64979,35.83357],[139.65215,35.83401],[139.6519,35.83511],[139.65343,35.83527],[139.65803,35.82954],[139.65949,35.83027],[139.66034,35.82915],[139.65999,35.8288],[139.66248,35.82866],[139.66252,35.82926],[139.66312,35.82927],[139.66288,35.82887],[139.66566,35.82681],[139.66515,35.8246],[139.66923,35.82306],[139.66981,35.82246],[139.67747,35.82127],[139.67789,35.82107],[139.67767,35.82061],[139.67929,35.81979],[139.67923,35.81944],[139.6801,35.81933],[139.6803,35.81861],[139.6816,35.81894],[139.68343,35.81798],[139.68455,35.81955],[139.68551,35.81849],[139.68426,35.81651],[139.68644,35.81526],[139.68813,35.81524],[139.68818,35.81416],[139.69152,35.81373],[139.69255,35.81507],[139.69314,35.81489],[139.69359,35.81587],[139.6957,35.81521],[139.69617,35.81625],[139.69898,35.81538],[139.69929,35.81518],[139.69892,35.81374],[139.69907,35.80982],[139.69826,35.80735],[139.69834,35.80613],[139.69777,35.80571],[139.69663,35.80598],[139.69505,35.80132],[139.69811,35.80081],[139.69746,35.7985],[139.69354,35.80039],[139.68902,35.80102],[139.68009,35.79893],[139.67726,35.79879],[139.674,35.79918],[139.67101,35.80018],[139.65463,35.80014],[139.65335,35.79992],[139.6482,35.79712],[139.64736,35.79745],[139.64422,35.80165],[139.64062,35.80282],[139.63895,35.80773],[139.63868,35.81063],[139.638,35.81173],[139.63598,35.81312],[139.63449,35.81203],[139.63516,35.80824],[139.63488,35.80505],[139.63081,35.80526],[139.62875,35.80595],[139.62882,35.80725],[139.62815,35.80774],[139.62912,35.80968],[139.62871,35.81095],[139.62589,35.81065],[139.62381,35.80931],[139.62191,35.81131],[139.62168,35.81301],[139.62255,35.81725],[139.62263,35.82251],[139.62122,35.82671],[139.61891,35.82922],[139.62421,35.83466],[139.62884,35.83031],[139.63071,35.82914],[139.63153,35.82922],[139.63158,35.82962]]]}},{"type":"Feature","properties":{"id":"muni-11225","name":"入間市"},"geometry":{"type":"Polygon","coordinates":[[[139.33904,35.82832],[139.34422,35.82733],[139.34618,35.82914],[139.34578,35.83027],[139.3461,35.8325],[139.34515,35.83395],[139.34563,35.83579],[139.34473,35.83855],[139.34545,35.8435],[139.34497,35.84408],[139.34519,35.84593],[139.34449,35.84991],[139.34669,35.85122],[139.34661,35.85184],[139.3472,35.8519],[139.34696,35.85219],[139.35165,35.85265],[139.34996,35.85897],[139.35321,35.85946],[139.35277,35.86113],[139.35404,35.86088],[139.35569,35.86171],[139.35813,35.8621],[139.35873,35.86096],[139.35988,35.8613],[139.36136,35.8571],[139.36198,35.85513],[139.3613,35.85367],[139.36237,35.85121],[139.36227,35.8483],[139.36352,35.84576],[139.36447,35.84207],[139.36993,35.84128],[139.37149,35.84154],[139.37276,35.84246],[139.37303,35.84348],[139.37282,35.84506],[139.3714,35.84584],[139.37086,35.84689],[139.37077,35.84763],[139.37135,35.84823],[139.38982,35.85269],[139.38928,35.85125],[139.38969,35.84917],[139.39254,35.84637],[139.39207,35.84589],[139.39256,35.84487],[139.3938,35.84524],[139.39487,35.84492],[139.39245,35.84474],[139.39163,35.844],[139.39368,35.84174],[139.39306,35.83985],[139.39757,35.83881],[139.39782,35.83956],[139.40174,35.83868],[139.40741,35.84032],[139.41139,35.83509],[139.41243,35.83309],[139.41141,35.83197],[139.41302,35.83014],[139.41413,35.82651],[139.4195,35.81766],[139.41892,35.81782],[139.41804,35.81709],[139.41833,35.81687],[139.4177,35.81607],[139.41877,35.81554],[139.41827,35.815],[139.4172,35.81448],[139.41655,35.8149],[139.41496,35.8136],[139.41359,35.81397],[139.41035,35.81215],[139.40948,35.81245],[139.40841,35.81125],[139.40775,35.81216],[139.40711,35.81117],[139.40594,35.8108],[139.40451,35.81121],[139.40117,35.80919],[139.40016,35.80956],[139.40029,35.80901],[139.39951,35.80873],[139.39974,35.8094],[139.39817,35.80966],[139.39847,35.80908],[139.39774,35.80871],[139.3978,35.80932],[139.39674,35.80913],[139.39322,35.80742],[139.39217,35.80795],[139.39158,35.8067],[139.39064,35.80689],[139.38942,35.80634],[139.38828,35.80758],[139.38666,35.80691],[139.38763,35.80826],[139.38563,35.80756],[139.38466,35.80566],[139.38606,35.80571],[139.38791,35.80186],[139.38991,35.8],[139.38799,35.79653],[139.38774,35.79383],[139.38879,35.79394],[139.38889,35.79209],[139.3886,35.79169],[139.38704,35.79184],[139.38682,35.7904],[139.3859,35.78893],[139.3859,35.78683],[139.38779,35.78479],[139.38833,35.78349],[139.39092,35.78365],[139.39472,35.78269],[139.39546,35.78156],[139.39594,35.77885],[139.39515,35.7779],[139.39449,35.77578],[139.39523,35.77451],[139.39371,35.77372],[139.3909,35.77536],[139.38724,35.77414],[139.38602,35.7753],[139.38419,35.77397],[139.3829,35.77384],[139.3813,35.77545],[139.38138,35.77713],[139.37989,35.77723],[139.38087,35.77842],[139.37976,35.77913],[139.37873,35.77901],[139.37877,35.77958],[139.37755,35.77961],[139.37746,35.78015],[139.37695,35.77978],[139.3751,35.78023],[139.37196,35.77832],[139.36913,35.77843],[139.36911,35.77875],[139.37234,35.7789],[139.37342,35.77973],[139.37158,35.78047],[139.37156,35.78151],[139.3701,35.78142],[139.37013,35.7826],[139.36816,35.78413],[139.36734,35.78547],[139.36849,35.78591],[139.36817,35.78698],[139.36987,35.78734],[139.36948,35.78919],[139.36901,35.78901],[139.36873,35.78974],[139.3688,35.79021],[139.37031,35.79073],[139.37002,35.79184],[139.3594,35.79142],[139.35878,35.79173],[139.35829,35.79312],[139.35734,35.79326],[139.35751,35.79399],[139.35709,35.79354],[139.35527,35.79373],[139.35402,35.79298],[139.35351,35.79328],[139.35383,35.79286],[139.35339,35.79264],[139.35306,35.79366],[139.3502,35.79334],[139.34986,35.79481],[139.34763,35.79519],[139.34756,35.79593],[139.34662,35.79654],[139.34361,35.79483],[139.34377,35.7943],[139.34293,35.79402],[139.34176,35.79447],[139.3384,35.79453],[139.33738,35.79384],[139.33528,35.79354],[139.33262,35.79171],[139.33043,35.79325],[139.33019,35.7943],[139.32571,35.79511],[139.32337,35.79764],[139.3222,35.79967],[139.32246,35.80035],[139.3221,35.80142],[139.32068,35.80332],[139.31877,35.80787],[139.3182,35.81037],[139.31693,35.8112],[139.31675,35.81247],[139.31498,35.8142],[139.31522,35.81824],[139.31896,35.82061],[139.32143,35.82291],[139.32366,35.82367],[139.32636,35.82656],[139.32722,35.8269],[139.32924,35.82573],[139.32957,35.82659],[139.33179,35.82618],[139.3329,35.82562],[139.33506,35.82287],[139.33645,35.82276],[139.33776,35.82202],[139.33868,35.82493],[139.33928,35.82524],[139.33832,35.82581],[139.33799,35.82684],[139.33904,35.82832]]]}},{"type":"Feature","properties":{"id":"muni-11227","name":"朝霞市"},"geometry":{"type":"Polygon","coordinates":[[[139.57958,35.7889],[139.57975,35.78949],[139.57915,35.78988],[139.57954,35.79],[139.57902,35.79008],[139.57963,35.7912],[139.57916,35.79155],[139.5798,35.79176],[139.57916,35.79204],[139.57992,35.79209],[139.58015,35.79272],[139.57918,35.79335],[139.57969,35.79385],[139.57883,35.79404],[139.57929,35.79466],[139.57902,35.79514],[139.57815,35.79517],[139.57755,35.79691],[139.57629,35.79809],[139.5729,35.79954],[139.57485,35.80165],[139.57583,35.80556],[139.57541,35.80566],[139.57559,35.80779],[139.57303,35.80925],[139.57325,35.81098],[139.57549,35.81179],[139.5757,35.81318],[139.57387,35.81455],[139.57403,35.81512],[139.57491,35.81535],[139.57494,35.81771],[139.5771,35.81996],[139.57705,35.82139],[139.57786,35.82282],[139.58152,35.82264],[139.58112,35.82404],[139.58231,35.82391],[139.58293,35.82489],[139.58198,35.82554],[139.58225,35.82616],[139.58172,35.82621],[139.58157,35.82731],[139.58195,35.82779],[139.58133,35.82796],[139.5817,35.82843],[139.5806,35.82825],[139.58097,35.82911],[139.58392,35.82936],[139.58687,35.83126],[139.59055,35.82934],[139.59037,35.82858],[139.59155,35.8284],[139.5925,35.83065],[139.5934,35.8299],[139.59217,35.82807],[139.5927,35.82762],[139.59323,35.82808],[139.59441,35.82753],[139.59451,35.82823],[139.59508,35.82843],[139.59477,35.82735],[139.59559,35.82697],[139.59668,35.82777],[139.59639,35.82864],[139.59685,35.82937],[139.59525,35.82957],[139.59522,35.82995],[139.59806,35.82981],[139.59783,35.82919],[139.59821,35.82905],[139.59966,35.83013],[139.60259,35.83079],[139.60536,35.83228],[139.6059,35.83415],[139.60755,35.83464],[139.61014,35.83177],[139.61273,35.83453],[139.61441,35.83541],[139.61547,35.83531],[139.61665,35.83382],[139.61704,35.83026],[139.61891,35.82922],[139.62065,35.82742],[139.62228,35.82401],[139.62275,35.82002],[139.62171,35.81232],[139.62202,35.8111],[139.62331,35.80964],[139.6218,35.80769],[139.61887,35.80947],[139.61798,35.80941],[139.61722,35.80742],[139.61683,35.80762],[139.61462,35.80571],[139.61474,35.80424],[139.61366,35.80091],[139.61425,35.79964],[139.61397,35.79848],[139.61442,35.79702],[139.61036,35.7952],[139.60863,35.79322],[139.60588,35.79351],[139.6043,35.79275],[139.60335,35.78985],[139.60225,35.78856],[139.60129,35.78824],[139.60147,35.78786],[139.6008,35.78775],[139.60065,35.78675],[139.60155,35.78672],[139.60209,35.78609],[139.6019,35.78555],[139.60017,35.78356],[139.59844,35.78322],[139.59781,35.77968],[139.59706,35.77858],[139.59237,35.77914],[139.58939,35.78029],[139.59044,35.78277],[139.58748,35.78673],[139.58642,35.7845],[139.58472,35.78321],[139.58385,35.7831],[139.58243,35.78095],[139.58155,35.78119],[139.58124,35.78363],[139.58166,35.78581],[139.57807,35.78767],[139.57866,35.7883],[139.57952,35.78821],[139.57946,35.78885],[139.57892,35.78886],[139.57958,35.7889]]]}},{"type":"Feature","properties":{"id":"muni-11228","name":"志木市"},"geometry":{"type":"Polygon","coordinates":[[[139.57298,35.8227],[139.56337,35.8188],[139.56187,35.81858],[139.56177,35.8204],[139.5584,35.82465],[139.55777,35.82532],[139.55748,35.82459],[139.5553,35.82565],[139.55549,35.82849],[139.56223,35.83214],[139.56301,35.83229],[139.56336,35.83189],[139.56515,35.83264],[139.56629,35.83245],[139.56959,35.83547],[139.57144,35.8354],[139.57249,35.83656],[139.5715,35.8367],[139.57151,35.83772],[139.57263,35.83837],[139.57333,35.8379],[139.57414,35.8383],[139.57372,35.83777],[139.57392,35.83718],[139.57511,35.83736],[139.5752,35.83811],[139.57629,35.83746],[139.57568,35.8384],[139.57651,35.83839],[139.57661,35.83782],[139.57719,35.83838],[139.5775,35.83772],[139.57837,35.83769],[139.57799,35.83681],[139.57883,35.83669],[139.57874,35.83629],[139.57996,35.83559],[139.57898,35.83626],[139.58037,35.83732],[139.58086,35.83696],[139.58045,35.83832],[139.58203,35.83875],[139.58196,35.83943],[139.58039,35.83898],[139.58005,35.84001],[139.57803,35.8417],[139.57648,35.84028],[139.57389,35.84195],[139.57248,35.84153],[139.57159,35.84182],[139.57155,35.84224],[139.57373,35.8426],[139.57488,35.8442],[139.5761,35.84337],[139.57736,35.8435],[139.57717,35.84501],[139.57765,35.84522],[139.57847,35.8477],[139.57797,35.85079],[139.58066,35.85683],[139.5831,35.85345],[139.58643,35.85113],[139.58722,35.85251],[139.58427,35.85431],[139.58259,35.86086],[139.58571,35.86027],[139.58783,35.85841],[139.59035,35.85392],[139.59177,35.8524],[139.59687,35.84909],[139.60099,35.84444],[139.60704,35.84144],[139.6065,35.83689],[139.60755,35.83464],[139.6059,35.83415],[139.60536,35.83228],[139.60259,35.83079],[139.59966,35.83013],[139.59821,35.82905],[139.59783,35.82919],[139.59806,35.82981],[139.59522,35.82995],[139.59525,35.82957],[139.59685,35.82937],[139.59639,35.82864],[139.59668,35.82777],[139.59559,35.82697],[139.59477,35.82735],[139.59508,35.82843],[139.59451,35.82823],[139.59441,35.82753],[139.59323,35.82808],[139.5927,35.82762],[139.59217,35.82807],[139.5934,35.8299],[139.59254,35.83064],[139.59191,35.82864],[139.59116,35.8284],[139.59037,35.82858],[139.59055,35.82934],[139.58687,35.83126],[139.58615,35.83112],[139.58392,35.82936],[139.58137,35.82943],[139.58076,35.8288],[139.5806,35.82825],[139.5817,35.82843],[139.58133,35.82796],[139.58195,35.82779],[139.58157,35.82731],[139.58172,35.82621],[139.58225,35.82616],[139.58198,35.82554],[139.58293,35.82489],[139.58231,35.82391],[139.58112,35.82404],[139.58152,35.82264],[139.57719,35.82336],[139.57707,35.8227],[139.57634,35.82261],[139.57532,35.8233],[139.57468,35.82282],[139.57298,35.8227]]]}},{"type":"Feature","properties":{"id":"muni-11229","name":"和光市"},"geometry":{"type":"Polygon","coordinates":[[[139.61447,35.80546],[139.61683,35.80762],[139.61722,35.80742],[139.61806,35.80945],[139.61887,35.80947],[139.6218,35.80769],[139.62331,35.80964],[139.62391,35.80931],[139.62589,35.81065],[139.6285,35.811],[139.62912,35.80979],[139.62815,35.80774],[139.62882,35.80725],[139.62875,35.80595],[139.63081,35.80526],[139.63475,35.80498],[139.63521,35.80707],[139.63453,35.81226],[139.63622,35.81308],[139.63868,35.81063],[139.63895,35.80773],[139.64062,35.80282],[139.64422,35.80165],[139.64736,35.79745],[139.64517,35.79813],[139.64298,35.79802],[139.64209,35.79739],[139.64143,35.79825],[139.64074,35.79785],[139.64023,35.79813],[139.64074,35.7956],[139.63964,35.79547],[139.64026,35.79523],[139.63993,35.79397],[139.63917,35.79372],[139.63902,35.79263],[139.63811,35.79208],[139.63766,35.79079],[139.63626,35.79047],[139.63509,35.79076],[139.63371,35.78975],[139.63384,35.78938],[139.6328,35.78953],[139.63185,35.78844],[139.63242,35.78732],[139.63169,35.78725],[139.63171,35.78618],[139.63059,35.78595],[139.63019,35.78508],[139.62903,35.78526],[139.62799,35.78422],[139.62757,35.78279],[139.62639,35.78238],[139.62553,35.78116],[139.62493,35.78103],[139.62508,35.78062],[139.62437,35.78024],[139.6246,35.77899],[139.624,35.77405],[139.62423,35.77339],[139.62538,35.77276],[139.62434,35.77187],[139.6232,35.76667],[139.61766,35.76659],[139.61678,35.76986],[139.61738,35.77022],[139.61572,35.77073],[139.61275,35.77079],[139.61139,35.76943],[139.61188,35.77058],[139.61105,35.77118],[139.6097,35.77047],[139.6087,35.76913],[139.60805,35.7691],[139.60707,35.76929],[139.60641,35.77133],[139.60407,35.77018],[139.60317,35.77116],[139.59863,35.76906],[139.59795,35.76992],[139.59889,35.7703],[139.59736,35.77128],[139.60262,35.77546],[139.59678,35.7766],[139.59844,35.78322],[139.60017,35.78356],[139.6019,35.78555],[139.60209,35.78609],[139.60155,35.78672],[139.60065,35.78675],[139.6008,35.78775],[139.60147,35.78786],[139.60129,35.78824],[139.60225,35.78856],[139.60335,35.78985],[139.60438,35.79283],[139.60588,35.79351],[139.60863,35.79322],[139.61036,35.7952],[139.61442,35.79702],[139.61397,35.79848],[139.61425,35.79964],[139.61366,35.80091],[139.61477,35.80439],[139.61447,35.80546]]]}},{"type":"Feature","properties":{"id":"muni-11230","name":"新座市"},"geometry":{"type":"Polygon","coordinates":[[[139.54963,35.75415],[139.54707,35.75352],[139.54671,35.75395],[139.54731,35.75453],[139.54702,35.75523],[139.54465,35.75454],[139.54456,35.755],[139.54496,35.75682],[139.54641,35.75932],[139.5472,35.76278],[139.54692,35.76426],[139.54748,35.76609],[139.54691,35.76975],[139.54792,35.77213],[139.54758,35.77427],[139.53022,35.76825],[139.5274,35.76769],[139.52701,35.76854],[139.52135,35.76775],[139.51629,35.76563],[139.51801,35.7678],[139.52264,35.77201],[139.5261,35.77229],[139.52626,35.77196],[139.52812,35.77308],[139.52781,35.77349],[139.53013,35.77332],[139.5336,35.77395],[139.53616,35.77542],[139.5362,35.77601],[139.53703,35.7767],[139.53754,35.77634],[139.53725,35.77695],[139.54004,35.77792],[139.5432,35.77993],[139.54384,35.78394],[139.54378,35.78837],[139.54112,35.7899],[139.53736,35.79084],[139.5371,35.79159],[139.53787,35.79197],[139.53804,35.79159],[139.54025,35.79425],[139.54465,35.79691],[139.54667,35.79935],[139.54736,35.80237],[139.54421,35.80632],[139.54191,35.80738],[139.54607,35.81242],[139.54488,35.81318],[139.54516,35.81342],[139.54416,35.81486],[139.54274,35.81485],[139.54196,35.81544],[139.54131,35.81728],[139.54205,35.8182],[139.53989,35.81981],[139.53804,35.81648],[139.53708,35.81589],[139.53541,35.81807],[139.53405,35.81765],[139.53483,35.81905],[139.53464,35.81978],[139.53908,35.82125],[139.54045,35.8208],[139.54172,35.82164],[139.54263,35.8216],[139.54286,35.82129],[139.54238,35.82085],[139.5434,35.82132],[139.54402,35.82036],[139.54771,35.81992],[139.54956,35.81917],[139.5504,35.82053],[139.55241,35.81976],[139.55493,35.82572],[139.55748,35.82459],[139.55777,35.82532],[139.56177,35.8204],[139.56187,35.81858],[139.56337,35.8188],[139.57298,35.8227],[139.57468,35.82282],[139.57532,35.8233],[139.57634,35.82261],[139.57707,35.8227],[139.57719,35.82336],[139.57818,35.82308],[139.57705,35.82139],[139.5771,35.81996],[139.57494,35.81771],[139.57491,35.81535],[139.57403,35.81512],[139.57387,35.81455],[139.5757,35.81278],[139.57546,35.81173],[139.57325,35.81098],[139.57303,35.809],[139.57475,35.80858],[139.57508,35.80785],[139.57559,35.80779],[139.57541,35.80566],[139.57583,35.80556],[139.57485,35.80165],[139.5729,35.79954],[139.57689,35.79761],[139.57815,35.79517],[139.57899,35.79518],[139.57928,35.7947],[139.57883,35.79404],[139.57988,35.79362],[139.57918,35.79347],[139.58015,35.79272],[139.57992,35.79209],[139.57916,35.79204],[139.5798,35.79176],[139.57916,35.79155],[139.57963,35.7912],[139.57902,35.79008],[139.57954,35.79],[139.57918,35.78972],[139.5798,35.78914],[139.57892,35.78886],[139.57946,35.78885],[139.57962,35.78835],[139.57803,35.78785],[139.57817,35.78738],[139.58166,35.78581],[139.58124,35.78363],[139.58155,35.78119],[139.58243,35.78095],[139.58385,35.7831],[139.58472,35.78321],[139.58642,35.7845],[139.58748,35.78673],[139.59044,35.78277],[139.58939,35.78029],[139.59237,35.77914],[139.59442,35.77897],[139.5939,35.77721],[139.58874,35.77875],[139.58704,35.77518],[139.58457,35.77512],[139.58403,35.77438],[139.58447,35.77317],[139.58187,35.7725],[139.58235,35.77109],[139.5812,35.77123],[139.58109,35.77206],[139.5807,35.77197],[139.58067,35.77126],[139.57809,35.77122],[139.57801,35.76975],[139.57702,35.76787],[139.57409,35.76817],[139.5744,35.76627],[139.57222,35.76626],[139.57238,35.76565],[139.57033,35.76553],[139.57079,35.76459],[139.57049,35.76431],[139.57099,35.76451],[139.57159,35.76346],[139.56974,35.76306],[139.56915,35.76351],[139.56845,35.76335],[139.56652,35.76248],[139.56681,35.76201],[139.56582,35.76181],[139.56525,35.76185],[139.56497,35.7629],[139.56361,35.76283],[139.56292,35.76151],[139.56164,35.76118],[139.56172,35.76025],[139.56237,35.76021],[139.56216,35.7599],[139.55887,35.75931],[139.55788,35.75991],[139.55752,35.75908],[139.55644,35.75906],[139.55646,35.75807],[139.55564,35.7576],[139.55515,35.75587],[139.55205,35.75589],[139.55206,35.75549],[139.55076,35.75499],[139.55062,35.75534],[139.54947,35.75505],[139.54963,35.75415]]]}},{"type":"Feature","properties":{"id":"muni-11231","name":"桶川市"},"geometry":{"type":"Polygon","coordinates":[[[139.5291,36.01255],[139.53413,36.01205],[139.53922,36.01288],[139.54614,36.01101],[139.54805,36.0095],[139.55176,36.00513],[139.55598,36.0099],[139.55562,36.01142],[139.55295,36.01472],[139.55461,36.01521],[139.55952,36.01842],[139.55959,36.0204],[139.56032,36.02148],[139.55786,36.02355],[139.55771,36.02489],[139.55847,36.02624],[139.5579,36.02759],[139.55638,36.02914],[139.56067,36.03204],[139.56319,36.03209],[139.5633,36.03258],[139.56211,36.03368],[139.56432,36.03481],[139.56461,36.03444],[139.56509,36.03467],[139.56436,36.03543],[139.5651,36.03578],[139.56471,36.03599],[139.56762,36.03699],[139.56752,36.03877],[139.56962,36.04048],[139.57044,36.04044],[139.57032,36.03919],[139.57084,36.03859],[139.57143,36.03875],[139.57183,36.03781],[139.57051,36.03703],[139.57062,36.03584],[139.57118,36.0352],[139.57203,36.03513],[139.57204,36.03448],[139.57356,36.03321],[139.57538,36.03377],[139.57879,36.03146],[139.58215,36.03091],[139.58704,36.02882],[139.58825,36.02888],[139.58774,36.02814],[139.59188,36.02836],[139.59412,36.02766],[139.59374,36.02702],[139.59537,36.02714],[139.5939,36.02472],[139.5945,36.02447],[139.59425,36.02408],[139.59602,36.02338],[139.59521,36.02203],[139.59521,36.02094],[139.59353,36.01937],[139.59341,36.01829],[139.5923,36.01672],[139.59196,36.01251],[139.5924,36.01121],[139.5912,36.00881],[139.59077,36.00885],[139.59057,36.00737],[139.58995,36.00746],[139.58957,36.00659],[139.5888,36.00681],[139.58498,36.00846],[139.58438,36.00981],[139.57718,36.00876],[139.57241,36.00968],[139.57233,36.00925],[139.57351,36.00865],[139.57396,36.00779],[139.573,36.00736],[139.57346,36.00589],[139.57182,36.0053],[139.57085,36.00566],[139.57031,36.00537],[139.57054,36.00507],[139.56891,36.00458],[139.56923,36.00418],[139.56971,36.00442],[139.57314,36.00004],[139.57262,35.99978],[139.57421,35.99772],[139.57284,35.99687],[139.5727,35.99621],[139.57103,35.99601],[139.5714,35.9954],[139.5705,35.99496],[139.57226,35.99325],[139.57078,35.99291],[139.57606,35.9894],[139.57656,35.9876],[139.57575,35.98799],[139.57524,35.98769],[139.57558,35.98724],[139.57461,35.98661],[139.57135,35.988],[139.56925,35.98837],[139.56784,35.98774],[139.5665,35.98827],[139.56535,35.98724],[139.56389,35.98779],[139.56374,35.98871],[139.56486,35.98984],[139.56448,35.99023],[139.56565,35.9924],[139.56483,35.99368],[139.56239,35.99543],[139.56187,35.99512],[139.56214,35.99461],[139.5609,35.99402],[139.56036,35.99414],[139.56004,35.99503],[139.5594,35.99459],[139.55954,35.99352],[139.55886,35.99222],[139.55999,35.99216],[139.55893,35.991],[139.5559,35.99163],[139.55355,35.99118],[139.54779,35.9922],[139.54142,35.99241],[139.54137,35.99207],[139.53935,35.99275],[139.53769,35.9869],[139.53777,35.98566],[139.53847,35.98396],[139.54075,35.98321],[139.54103,35.97929],[139.54241,35.97882],[139.53916,35.97476],[139.53853,35.97255],[139.53562,35.97064],[139.53454,35.97107],[139.5353,35.97043],[139.53556,35.96933],[139.53411,35.96802],[139.53471,35.96494],[139.53397,35.96438],[139.53521,35.96166],[139.53463,35.96099],[139.53411,35.96111],[139.5331,35.96321],[139.53195,35.96327],[139.53022,35.96216],[139.52939,35.96262],[139.52849,35.96419],[139.5232,35.96695],[139.52297,35.9679],[139.52381,35.96867],[139.52792,35.96997],[139.52804,35.97137],[139.52682,35.97218],[139.52452,35.97208],[139.5235,35.97433],[139.52088,35.9749],[139.52338,35.97722],[139.52158,35.97846],[139.51867,35.97574],[139.51414,35.98067],[139.51391,35.98248],[139.51226,35.98378],[139.51199,35.98456],[139.51354,35.9854],[139.51621,35.9855],[139.51475,35.98709],[139.5117,35.98917],[139.51161,35.99168],[139.50883,35.99547],[139.50797,35.99594],[139.50776,35.99798],[139.50682,35.99888],[139.50711,35.9996],[139.50784,35.9997],[139.50725,36.00073],[139.50752,36.00129],[139.50815,36.00104],[139.50818,36.0014],[139.51007,36.00209],[139.51229,36.00068],[139.51419,36.00221],[139.51654,36.003],[139.51675,36.00417],[139.51866,36.00462],[139.51805,36.00537],[139.51854,36.00657],[139.51835,36.00764],[139.51869,36.0069],[139.51916,36.00709],[139.51913,36.00825],[139.51989,36.00935],[139.52154,36.01002],[139.52133,36.01036],[139.52311,36.01165],[139.5291,36.01255]]]}},{"type":"Feature","properties":{"id":"muni-11232","name":"久喜市"},"geometry":{"type":"MultiPolygon","coordinates":[[[[139.60561,36.03814],[139.60656,36.03823],[139.60676,36.03776],[139.60631,36.03768],[139.60644,36.03819],[139.60561,36.03814]]],[[[139.60478,36.03924],[139.60537,36.03806],[139.60488,36.03785],[139.60495,36.03718],[139.60447,36.03813],[139.60391,36.0381],[139.60422,36.03784],[139.60366,36.03756],[139.6041,36.03736],[139.60383,36.03692],[139.60081,36.03667],[139.59952,36.03513],[139.59804,36.03431],[139.59607,36.03371],[139.59433,36.03379],[139.59339,36.03297],[139.59243,36.03103],[139.59034,36.03063],[139.58945,36.02937],[139.58843,36.02891],[139.58704,36.02882],[139.58215,36.03091],[139.57879,36.03146],[139.57538,36.03377],[139.57397,36.03311],[139.57338,36.03333],[139.57204,36.03448],[139.57203,36.03513],[139.57118,36.0352],[139.5705,36.03607],[139.57084,36.03751],[139.57183,36.03781],[139.57143,36.03875],[139.57084,36.03859],[139.57032,36.03919],[139.57039,36.04142],[139.56891,36.04273],[139.56786,36.04532],[139.56714,36.04572],[139.56738,36.04412],[139.56643,36.04431],[139.56573,36.04503],[139.5659,36.04651],[139.56511,36.04632],[139.565,36.04541],[139.5636,36.04646],[139.56384,36.04752],[139.5629,36.04732],[139.56223,36.04776],[139.56148,36.05007],[139.56154,36.05141],[139.56227,36.05266],[139.56191,36.05343],[139.5614,36.05347],[139.56095,36.05248],[139.56,36.05265],[139.55978,36.05363],[139.56057,36.05447],[139.55862,36.05408],[139.55762,36.05627],[139.55842,36.05758],[139.55972,36.058],[139.56172,36.05596],[139.56177,36.05536],[139.56544,36.05719],[139.56445,36.05843],[139.56513,36.05885],[139.56387,36.06056],[139.5645,36.06062],[139.56392,36.06146],[139.56491,36.06229],[139.5623,36.06529],[139.5636,36.06639],[139.56134,36.06882],[139.56166,36.06958],[139.55993,36.07143],[139.5606,36.07215],[139.56256,36.07118],[139.56392,36.07104],[139.5645,36.07182],[139.5656,36.07129],[139.56659,36.07274],[139.56771,36.0722],[139.56824,36.07291],[139.57092,36.07158],[139.57649,36.07195],[139.58086,36.07563],[139.58173,36.07508],[139.5809,36.07434],[139.58161,36.07386],[139.5808,36.0733],[139.58183,36.07236],[139.58137,36.07161],[139.58207,36.07118],[139.5829,36.07269],[139.5835,36.07307],[139.58451,36.07278],[139.58404,36.07351],[139.58464,36.07424],[139.58384,36.07532],[139.58289,36.07443],[139.5818,36.07515],[139.58488,36.07799],[139.58594,36.07761],[139.58626,36.07625],[139.58946,36.07525],[139.58957,36.07366],[139.58916,36.0733],[139.59007,36.07291],[139.591,36.07365],[139.59305,36.07275],[139.59606,36.07659],[139.59753,36.07745],[139.59796,36.07859],[139.59889,36.0789],[139.59943,36.07854],[139.59919,36.07901],[139.60017,36.0793],[139.60058,36.08114],[139.60241,36.08323],[139.60195,36.08409],[139.60289,36.08528],[139.60187,36.08594],[139.60441,36.08744],[139.61201,36.08461],[139.61507,36.08175],[139.61434,36.08373],[139.61616,36.08257],[139.61742,36.08287],[139.62211,36.08206],[139.62818,36.07988],[139.63278,36.07929],[139.63362,36.0805],[139.63353,36.08177],[139.63095,36.08249],[139.63066,36.08373],[139.63197,36.08417],[139.63219,36.08502],[139.63551,36.08777],[139.63744,36.08817],[139.63953,36.08701],[139.64144,36.08893],[139.64406,36.09292],[139.64304,36.09439],[139.64351,36.09526],[139.64591,36.09768],[139.64693,36.09774],[139.64434,36.10138],[139.6455,36.10342],[139.64954,36.10194],[139.64963,36.10329],[139.6491,36.10359],[139.65558,36.10343],[139.65713,36.10507],[139.65677,36.10512],[139.65727,36.10598],[139.65928,36.1062],[139.66258,36.10755],[139.66505,36.10675],[139.66859,36.10697],[139.66902,36.10793],[139.66628,36.10942],[139.66425,36.11249],[139.66441,36.11645],[139.66742,36.12036],[139.66997,36.12053],[139.67443,36.12187],[139.67646,36.1218],[139.67914,36.12458],[139.68212,36.1233],[139.68389,36.12325],[139.68527,36.1238],[139.68535,36.12672],[139.68302,36.13356],[139.68293,36.13546],[139.68591,36.13784],[139.68619,36.13754],[139.6976,36.14338],[139.70282,36.14494],[139.70925,36.13698],[139.71371,36.12605],[139.72572,36.11354],[139.72696,36.10762],[139.72351,36.10845],[139.72359,36.10924],[139.7204,36.10816],[139.72076,36.10777],[139.72028,36.10552],[139.72062,36.10167],[139.71995,36.10189],[139.71994,36.10132],[139.7177,36.09895],[139.71371,36.10112],[139.71169,36.10137],[139.70694,36.098],[139.70488,36.09716],[139.70241,36.09701],[139.70042,36.09806],[139.69853,36.09534],[139.69844,36.09368],[139.69722,36.09381],[139.69456,36.09145],[139.69325,36.09085],[139.69457,36.08855],[139.694,36.08824],[139.69533,36.08619],[139.69202,36.08645],[139.69196,36.0849],[139.69105,36.08426],[139.69158,36.08378],[139.69254,36.08023],[139.6936,36.07912],[139.69422,36.07916],[139.69424,36.07873],[139.69378,36.07867],[139.69384,36.0776],[139.69571,36.07796],[139.69657,36.07689],[139.69769,36.07736],[139.69785,36.07703],[139.7014,36.07851],[139.70531,36.07764],[139.70822,36.07493],[139.70948,36.07279],[139.70972,36.07121],[139.70928,36.06907],[139.70875,36.06889],[139.70792,36.0672],[139.70606,36.06608],[139.70527,36.06478],[139.70361,36.06347],[139.70189,36.06058],[139.69894,36.05786],[139.69918,36.05576],[139.68452,36.05762],[139.68693,36.04816],[139.68667,36.04745],[139.68822,36.046],[139.68914,36.04587],[139.68836,36.04363],[139.68478,36.04266],[139.68496,36.04304],[139.68152,36.04471],[139.67854,36.04497],[139.67851,36.04424],[139.67742,36.04451],[139.67806,36.04403],[139.67776,36.04318],[139.67585,36.04348],[139.67376,36.0423],[139.67344,36.04151],[139.67183,36.04137],[139.67115,36.04084],[139.67165,36.04435],[139.6689,36.04498],[139.6592,36.04892],[139.65545,36.04637],[139.66126,36.04067],[139.6568,36.03909],[139.65419,36.0391],[139.65159,36.03843],[139.65208,36.03546],[139.65167,36.03503],[139.64877,36.03473],[139.64745,36.03515],[139.64749,36.03375],[139.64531,36.03306],[139.64479,36.03448],[139.64655,36.0343],[139.64713,36.03535],[139.64451,36.03676],[139.64395,36.03947],[139.6433,36.0402],[139.63934,36.04031],[139.63411,36.042],[139.62704,36.04322],[139.62598,36.0438],[139.62394,36.04636],[139.62238,36.0448],[139.621,36.04554],[139.61989,36.04463],[139.61391,36.04945],[139.61038,36.04657],[139.60995,36.04691],[139.60628,36.04496],[139.60748,36.0417],[139.60704,36.04161],[139.60745,36.03987],[139.60598,36.03914],[139.60561,36.03964],[139.60478,36.03924]]]]}},{"type":"Feature","properties":{"id":"muni-11233","name":"北本市"},"geometry":{"type":"Polygon","coordinates":[[[139.49924,36.03056],[139.49617,36.03236],[139.49476,36.03445],[139.49654,36.03524],[139.5037,36.03414],[139.5069,36.03413],[139.5086,36.03467],[139.51093,36.03447],[139.51148,36.03392],[139.51118,36.03349],[139.51181,36.03392],[139.51277,36.03326],[139.51428,36.03333],[139.5138,36.03192],[139.51602,36.03055],[139.51711,36.03073],[139.51759,36.03137],[139.51712,36.03194],[139.51767,36.03236],[139.51815,36.03198],[139.5183,36.03268],[139.51862,36.03244],[139.52027,36.03412],[139.52076,36.03386],[139.5205,36.03429],[139.52269,36.0358],[139.52265,36.0351],[139.52296,36.03525],[139.52373,36.03423],[139.52426,36.03448],[139.52519,36.03235],[139.52599,36.03254],[139.52666,36.03198],[139.52618,36.03357],[139.52492,36.0352],[139.52557,36.03497],[139.52539,36.03553],[139.52577,36.03505],[139.52618,36.0357],[139.52682,36.0355],[139.52735,36.03473],[139.52635,36.03421],[139.52593,36.03456],[139.52666,36.03341],[139.52915,36.03455],[139.53011,36.03381],[139.53175,36.03477],[139.52039,36.04759],[139.52622,36.05088],[139.52193,36.05495],[139.52365,36.05565],[139.52413,36.05529],[139.52369,36.0552],[139.52393,36.05492],[139.52447,36.05518],[139.52414,36.0558],[139.52566,36.05606],[139.52503,36.05762],[139.52759,36.05673],[139.5326,36.05168],[139.53442,36.05244],[139.53661,36.05067],[139.5363,36.05042],[139.53673,36.05006],[139.53588,36.04951],[139.53678,36.04886],[139.5375,36.04841],[139.53845,36.04923],[139.53916,36.04865],[139.53943,36.04913],[139.54251,36.04748],[139.54184,36.04665],[139.54391,36.04546],[139.54479,36.04559],[139.54688,36.04441],[139.54745,36.04513],[139.54852,36.04451],[139.54909,36.04518],[139.55063,36.04433],[139.55132,36.04512],[139.55507,36.0432],[139.55826,36.04327],[139.55908,36.0419],[139.55855,36.04173],[139.56008,36.03942],[139.5596,36.03915],[139.56509,36.03467],[139.56461,36.03444],[139.56432,36.03481],[139.56211,36.03368],[139.5633,36.03258],[139.56307,36.032],[139.56067,36.03204],[139.55638,36.02914],[139.5579,36.02759],[139.55847,36.02624],[139.55771,36.02489],[139.55786,36.02355],[139.56032,36.02148],[139.55959,36.0204],[139.55952,36.01842],[139.55461,36.01521],[139.55295,36.01472],[139.55562,36.01142],[139.55598,36.0099],[139.55176,36.00513],[139.54805,36.0095],[139.54614,36.01101],[139.54187,36.01245],[139.53857,36.01291],[139.53413,36.01205],[139.52951,36.01256],[139.52401,36.0119],[139.51989,36.00935],[139.51913,36.00825],[139.51916,36.00709],[139.51869,36.0069],[139.51835,36.00764],[139.51854,36.00657],[139.51805,36.00537],[139.51866,36.00462],[139.51675,36.00417],[139.51654,36.003],[139.51419,36.00221],[139.51229,36.00068],[139.51007,36.00209],[139.50818,36.0014],[139.50815,36.00104],[139.50752,36.00129],[139.50725,36.00073],[139.50784,35.9997],[139.50711,35.9996],[139.50682,35.99888],[139.50776,35.99798],[139.50797,35.99594],[139.50521,35.99632],[139.50227,35.9959],[139.50148,35.99635],[139.50236,35.99946],[139.50087,36.00096],[139.50056,36.002],[139.50402,36.00548],[139.50353,36.00841],[139.50474,36.01191],[139.50357,36.0128],[139.49904,36.01395],[139.4983,36.01503],[139.49832,36.01653],[139.49909,36.0191],[139.50155,36.02075],[139.50435,36.02404],[139.50494,36.02744],[139.50071,36.02895],[139.49924,36.03056]]]}},{"type":"Feature","properties":{"id":"muni-11234","name":"八潮市"},"geometry":{"type":"Polygon","coordinates":[[[139.83699,35.80044],[139.83194,35.7951],[139.8263,35.79331],[139.82198,35.79608],[139.82026,35.79792],[139.81965,35.79933],[139.82029,35.80123],[139.82068,35.80551],[139.82284,35.8094],[139.82507,35.81093],[139.82505,35.81211],[139.82263,35.81461],[139.82124,35.81505],[139.81831,35.81411],[139.81335,35.81534],[139.81168,35.81641],[139.81364,35.81795],[139.8151,35.82078],[139.81679,35.82153],[139.82081,35.82137],[139.82108,35.8227],[139.81943,35.82491],[139.81448,35.82777],[139.81563,35.82826],[139.81271,35.83117],[139.81156,35.83421],[139.81343,35.83576],[139.81294,35.83445],[139.81428,35.83449],[139.81447,35.83543],[139.81596,35.83518],[139.81612,35.83102],[139.81693,35.8297],[139.81847,35.83083],[139.81813,35.82976],[139.81872,35.83044],[139.82004,35.83021],[139.82,35.83064],[139.82055,35.83067],[139.82078,35.83002],[139.82165,35.83009],[139.82199,35.82949],[139.82086,35.82901],[139.82095,35.82824],[139.82636,35.82927],[139.82599,35.83216],[139.82684,35.83249],[139.82789,35.83218],[139.82824,35.83255],[139.82779,35.83305],[139.8293,35.83322],[139.82893,35.83549],[139.83042,35.83565],[139.82971,35.83882],[139.83048,35.83892],[139.82967,35.84244],[139.83102,35.84259],[139.82991,35.84475],[139.83136,35.84526],[139.82907,35.8513],[139.82989,35.85193],[139.82941,35.8529],[139.82894,35.85287],[139.82905,35.85415],[139.82845,35.85478],[139.82886,35.85511],[139.82831,35.85505],[139.82897,35.85541],[139.82873,35.85602],[139.82924,35.85607],[139.82933,35.85704],[139.8288,35.85733],[139.83813,35.85822],[139.83864,35.85739],[139.83856,35.85604],[139.84095,35.85616],[139.84116,35.85093],[139.84398,35.84307],[139.84457,35.83641],[139.84584,35.83136],[139.84714,35.82888],[139.84993,35.82617],[139.85448,35.824],[139.85814,35.82332],[139.86395,35.82328],[139.86616,35.82263],[139.86835,35.82091],[139.8694,35.81792],[139.86859,35.81434],[139.86633,35.81073],[139.85601,35.80443],[139.85563,35.80191],[139.85801,35.7968],[139.85875,35.7941],[139.85657,35.79099],[139.85506,35.79088],[139.85313,35.79178],[139.84742,35.7956],[139.84303,35.79989],[139.83785,35.80075],[139.83699,35.80044]]]}},{"type":"Feature","properties":{"id":"muni-11235","name":"富士見市"},"geometry":{"type":"MultiPolygon","coordinates":[[[[139.51136,35.85466],[139.5115,35.85608],[139.51382,35.85654],[139.51415,35.85627],[139.51892,35.85852],[139.51872,35.85896],[139.51747,35.85843],[139.5172,35.85897],[139.5187,35.86029],[139.51759,35.8609],[139.51828,35.86138],[139.51774,35.86214],[139.51818,35.86227],[139.51791,35.86279],[139.51844,35.863],[139.51838,35.86389],[139.52229,35.86448],[139.5324,35.86788],[139.54061,35.86778],[139.54166,35.86819],[139.54171,35.869],[139.54946,35.86933],[139.55008,35.86988],[139.55106,35.872],[139.54914,35.87584],[139.55,35.8775],[139.54909,35.87873],[139.54916,35.87982],[139.54825,35.88026],[139.54665,35.88251],[139.54373,35.88224],[139.54301,35.88345],[139.54527,35.88358],[139.54406,35.88445],[139.54475,35.88498],[139.54395,35.88565],[139.54541,35.8872],[139.54773,35.88854],[139.54815,35.88764],[139.5489,35.88784],[139.5498,35.88718],[139.54984,35.8857],[139.55062,35.88403],[139.56,35.88025],[139.55994,35.87822],[139.55767,35.87535],[139.55848,35.87438],[139.5635,35.87224],[139.57617,35.87205],[139.57743,35.86955],[139.57831,35.86542],[139.57926,35.86345],[139.58571,35.86027],[139.58259,35.86086],[139.58427,35.85431],[139.58722,35.85251],[139.58643,35.85113],[139.58462,35.85224],[139.5831,35.85345],[139.58066,35.85683],[139.57797,35.85079],[139.57847,35.8477],[139.57765,35.84522],[139.57717,35.84501],[139.57736,35.8435],[139.5761,35.84337],[139.57488,35.8442],[139.57373,35.8426],[139.57155,35.84224],[139.57159,35.84182],[139.57248,35.84153],[139.57389,35.84195],[139.57648,35.84028],[139.57803,35.8417],[139.58005,35.84001],[139.58039,35.83898],[139.58196,35.83943],[139.58203,35.83875],[139.58045,35.83832],[139.58086,35.83696],[139.58037,35.83732],[139.57898,35.83626],[139.57996,35.83559],[139.5799,35.83553],[139.57874,35.83629],[139.5789,35.83665],[139.57799,35.83681],[139.57837,35.83769],[139.5775,35.83772],[139.57719,35.83838],[139.57661,35.83782],[139.57651,35.83839],[139.57568,35.8384],[139.57629,35.83746],[139.5752,35.83811],[139.57511,35.83736],[139.57392,35.83718],[139.57372,35.83777],[139.57414,35.8383],[139.57333,35.8379],[139.57263,35.83837],[139.57151,35.83772],[139.5715,35.8367],[139.57248,35.83658],[139.57183,35.83617],[139.57224,35.83607],[139.57144,35.8354],[139.56959,35.83547],[139.56629,35.83245],[139.56515,35.83264],[139.56336,35.83189],[139.56301,35.83229],[139.56223,35.83214],[139.55955,35.83098],[139.55719,35.82915],[139.55385,35.82815],[139.55257,35.82728],[139.55137,35.82847],[139.5485,35.82883],[139.54853,35.82945],[139.54774,35.82962],[139.54771,35.83059],[139.54862,35.83248],[139.54702,35.8326],[139.54678,35.83188],[139.54605,35.83169],[139.545,35.83206],[139.54747,35.83468],[139.54664,35.83388],[139.54622,35.83462],[139.5451,35.83445],[139.54472,35.8352],[139.54544,35.83527],[139.54456,35.83611],[139.54301,35.83481],[139.54047,35.83555],[139.53945,35.83745],[139.5389,35.83728],[139.53803,35.83884],[139.53969,35.83926],[139.53965,35.83938],[139.53881,35.83908],[139.53785,35.83956],[139.53614,35.83878],[139.53664,35.83921],[139.5362,35.83963],[139.53666,35.84038],[139.5364,35.84071],[139.53738,35.84119],[139.53695,35.84184],[139.53533,35.84117],[139.53169,35.84384],[139.53206,35.84342],[139.53147,35.84289],[139.53062,35.8436],[139.52942,35.84232],[139.52876,35.84284],[139.53074,35.8442],[139.52984,35.84562],[139.52912,35.84525],[139.52909,35.84757],[139.53081,35.84871],[139.52946,35.85002],[139.52888,35.84942],[139.52917,35.84906],[139.5288,35.84932],[139.52793,35.84837],[139.52718,35.84887],[139.52796,35.84973],[139.52728,35.85495],[139.52912,35.85657],[139.52994,35.85662],[139.53033,35.85752],[139.53148,35.85758],[139.53187,35.85829],[139.53349,35.8591],[139.53372,35.86093],[139.53483,35.86273],[139.53415,35.86372],[139.53086,35.86344],[139.52991,35.86226],[139.52831,35.86176],[139.52784,35.86097],[139.52434,35.8591],[139.51882,35.8578],[139.51748,35.85646],[139.51351,35.85475],[139.51136,35.85466]]],[[[139.51818,35.86352],[139.51778,35.86361],[139.5181,35.8637],[139.51818,35.86352]]]]}},{"type":"Feature","properties":{"id":"muni-11237","name":"三郷市"},"geometry":{"type":"Polygon","coordinates":[[[139.8639,35.79463],[139.85968,35.79565],[139.85857,35.79427],[139.85801,35.7968],[139.85563,35.80191],[139.85586,35.80389],[139.85692,35.80508],[139.86529,35.80987],[139.86737,35.81185],[139.86892,35.81532],[139.8694,35.81792],[139.86905,35.81965],[139.86773,35.82153],[139.86483,35.82313],[139.85796,35.82334],[139.85292,35.82456],[139.84953,35.82646],[139.84714,35.82888],[139.84536,35.83297],[139.84457,35.83641],[139.84409,35.84259],[139.84137,35.8501],[139.84094,35.85623],[139.83988,35.85942],[139.86313,35.86434],[139.86251,35.86573],[139.86344,35.86594],[139.86325,35.86675],[139.87082,35.86716],[139.87387,35.8681],[139.87538,35.86668],[139.87835,35.86591],[139.88639,35.86748],[139.88739,35.86654],[139.88856,35.86719],[139.89146,35.86547],[139.89173,35.86591],[139.8926,35.86556],[139.89322,35.86659],[139.89292,35.86672],[139.89349,35.86695],[139.89322,35.86738],[139.89382,35.86762],[139.89424,35.86693],[139.89347,35.86585],[139.89466,35.86538],[139.89515,35.86613],[139.89921,35.86674],[139.9002,35.86477],[139.90001,35.86253],[139.89764,35.85869],[139.89612,35.85293],[139.89316,35.84975],[139.88985,35.84332],[139.8895,35.84029],[139.88986,35.83684],[139.88858,35.83245],[139.88888,35.82794],[139.88793,35.82464],[139.8885,35.82231],[139.8914,35.81958],[139.89159,35.81835],[139.89057,35.81123],[139.88896,35.80726],[139.89081,35.79971],[139.89035,35.7985],[139.88848,35.79634],[139.88816,35.79466],[139.89091,35.78997],[139.89382,35.78275],[139.8873,35.78419],[139.88171,35.78211],[139.88068,35.7822],[139.87769,35.7812],[139.87568,35.78121],[139.87404,35.7819],[139.87358,35.78152],[139.87132,35.78428],[139.87133,35.78732],[139.87241,35.78931],[139.87642,35.79214],[139.87805,35.7942],[139.87419,35.79682],[139.87191,35.79726],[139.86836,35.79662],[139.8639,35.79463]]]}},{"type":"Feature","properties":{"id":"muni-11238","name":"蓮田市"},"geometry":{"type":"Polygon","coordinates":[[[139.64805,35.96363],[139.64446,35.96377],[139.64554,35.96476],[139.6457,35.96583],[139.64369,35.96615],[139.6427,35.96685],[139.64288,35.96873],[139.64223,35.96968],[139.64336,35.97535],[139.64435,35.97699],[139.64419,35.98007],[139.64303,35.98507],[139.64422,35.9885],[139.64462,35.98899],[139.64539,35.98864],[139.64582,35.99081],[139.64547,35.9909],[139.64532,35.99324],[139.63723,35.99796],[139.63511,36.00625],[139.63337,36.00733],[139.62792,36.00866],[139.62335,36.00901],[139.62012,36.01047],[139.61839,36.01216],[139.6163,36.01702],[139.61098,36.02145],[139.60384,36.02356],[139.59594,36.02706],[139.59374,36.02702],[139.59412,36.02766],[139.59235,36.02827],[139.58774,36.02814],[139.58788,36.02861],[139.58945,36.02937],[139.59034,36.03063],[139.59243,36.03103],[139.59339,36.03297],[139.59433,36.03379],[139.59607,36.03371],[139.59804,36.03431],[139.59952,36.03513],[139.60051,36.03651],[139.60286,36.03712],[139.60533,36.03652],[139.60664,36.03692],[139.60719,36.03659],[139.60772,36.03511],[139.61149,36.03323],[139.61606,36.03169],[139.61798,36.03164],[139.62154,36.03065],[139.62594,36.0277],[139.62714,36.02804],[139.6315,36.0311],[139.63486,36.03124],[139.63779,36.03227],[139.64082,36.0324],[139.64423,36.03089],[139.64919,36.031],[139.64998,36.03055],[139.65057,36.02937],[139.65055,36.02847],[139.6489,36.0264],[139.6503,36.02025],[139.64935,36.01362],[139.65057,36.01065],[139.65377,36.0122],[139.6558,36.00979],[139.659,36.01127],[139.66174,36.0118],[139.66191,36.01068],[139.6629,36.01081],[139.66365,36.01017],[139.66321,36.00968],[139.66457,36.0089],[139.66485,36.00677],[139.66561,36.00699],[139.66615,36.00598],[139.6677,36.00488],[139.66825,36.00525],[139.66846,36.00485],[139.66787,36.00459],[139.66815,36.0042],[139.6692,36.00471],[139.67275,36.00142],[139.67317,36.00173],[139.67559,35.99873],[139.67666,35.99897],[139.67637,35.9997],[139.67828,36.00128],[139.68058,35.99973],[139.68494,36.0032],[139.68616,36.00343],[139.68707,36.00422],[139.68885,36.00294],[139.69131,35.99904],[139.69178,35.99924],[139.69284,35.99753],[139.69256,35.99742],[139.69559,35.99144],[139.69443,35.98977],[139.69459,35.98887],[139.69381,35.98783],[139.69306,35.98809],[139.6909,35.98452],[139.68965,35.98372],[139.68785,35.98144],[139.68702,35.9798],[139.6869,35.97752],[139.68727,35.97679],[139.69287,35.97567],[139.69397,35.97504],[139.69453,35.97404],[139.6862,35.97562],[139.68383,35.97559],[139.67652,35.97422],[139.67501,35.97485],[139.67365,35.97624],[139.67193,35.97463],[139.67172,35.97388],[139.66948,35.97428],[139.66771,35.97567],[139.66685,35.97492],[139.66593,35.9756],[139.6646,35.97442],[139.66529,35.97351],[139.66481,35.97263],[139.66356,35.9726],[139.66305,35.97319],[139.66246,35.97276],[139.66166,35.97351],[139.65751,35.97135],[139.65656,35.97004],[139.65665,35.96921],[139.65423,35.96981],[139.65424,35.96883],[139.65325,35.96801],[139.65407,35.96486],[139.65799,35.9659],[139.65812,35.96408],[139.65425,35.96333],[139.65428,35.96226],[139.65379,35.96199],[139.65314,35.96229],[139.65348,35.96334],[139.65243,35.96309],[139.64921,35.96386],[139.64882,35.96238],[139.64772,35.96237],[139.64704,35.96277],[139.64767,35.96289],[139.64805,35.96363]]]}},{"type":"Feature","properties":{"id":"muni-11239","name":"坂戸市"},"geometry":{"type":"Polygon","coordinates":[[[139.33536,35.93433],[139.33904,35.93426],[139.34168,35.93365],[139.34293,35.93245],[139.34309,35.93109],[139.34614,35.92986],[139.34882,35.93005],[139.34957,35.93086],[139.34864,35.93316],[139.34863,35.93488],[139.35121,35.93645],[139.35373,35.9369],[139.35209,35.93921],[139.34982,35.93945],[139.34956,35.94018],[139.34834,35.94],[139.34755,35.94087],[139.35057,35.94381],[139.35196,35.94407],[139.35434,35.94663],[139.35498,35.9468],[139.35569,35.94586],[139.35657,35.947],[139.35901,35.94654],[139.35992,35.94732],[139.35838,35.95006],[139.35776,35.95012],[139.35685,35.9494],[139.35584,35.95153],[139.35799,35.95208],[139.36149,35.95463],[139.35871,35.95759],[139.35668,35.95669],[139.35644,35.9573],[139.35567,35.957],[139.35389,35.96014],[139.35413,35.96071],[139.35334,35.96107],[139.35268,35.96381],[139.3532,35.96499],[139.35278,35.96517],[139.34976,35.96354],[139.35013,35.96613],[139.35097,35.96792],[139.35052,35.96908],[139.34877,35.96889],[139.34901,35.97069],[139.34964,35.97145],[139.35231,35.97154],[139.35346,35.97247],[139.35499,35.97167],[139.35562,35.97229],[139.35477,35.9729],[139.35508,35.97365],[139.35716,35.97524],[139.35812,35.9768],[139.36015,35.9762],[139.3624,35.97665],[139.3628,35.97799],[139.36438,35.97764],[139.36524,35.97687],[139.36741,35.9769],[139.37428,35.97935],[139.37679,35.97911],[139.37938,35.98155],[139.38469,35.98279],[139.38466,35.98446],[139.38545,35.98486],[139.3864,35.98491],[139.38981,35.98356],[139.3906,35.98379],[139.39135,35.98477],[139.3931,35.98473],[139.39388,35.98312],[139.39435,35.9841],[139.39568,35.98405],[139.39645,35.98486],[139.40496,35.98549],[139.40755,35.98825],[139.41158,35.99053],[139.41417,35.99112],[139.4197,35.99414],[139.42278,35.99392],[139.42999,35.99794],[139.43222,35.99797],[139.4336,35.99663],[139.43455,35.99456],[139.43451,35.99252],[139.43653,35.98954],[139.4376,35.98669],[139.44036,35.98723],[139.44183,35.98691],[139.44163,35.98578],[139.43975,35.98435],[139.44035,35.98361],[139.44295,35.98257],[139.44421,35.98111],[139.44881,35.97931],[139.45031,35.97929],[139.45276,35.98073],[139.4541,35.98009],[139.45466,35.97859],[139.45384,35.97789],[139.45509,35.97659],[139.4568,35.97636],[139.45596,35.97484],[139.45656,35.9736],[139.45842,35.97208],[139.45878,35.97292],[139.45798,35.97426],[139.45843,35.97477],[139.46019,35.97375],[139.46043,35.97288],[139.46125,35.97227],[139.46141,35.97095],[139.4602,35.96958],[139.46034,35.96829],[139.46084,35.96763],[139.4632,35.96659],[139.46439,35.96302],[139.46263,35.96226],[139.46287,35.96152],[139.46403,35.96119],[139.46544,35.9616],[139.46815,35.96052],[139.46653,35.96025],[139.46549,35.95895],[139.46253,35.95818],[139.46185,35.95656],[139.46002,35.95457],[139.45517,35.95309],[139.45533,35.95159],[139.45442,35.95146],[139.45326,35.94985],[139.45053,35.94884],[139.45073,35.94853],[139.43491,35.9448],[139.43345,35.95145],[139.43555,35.9522],[139.43684,35.95203],[139.44101,35.95372],[139.4422,35.95366],[139.44223,35.95638],[139.44354,35.95648],[139.44364,35.95789],[139.44342,35.95849],[139.43921,35.95858],[139.43927,35.95962],[139.43793,35.96008],[139.43633,35.95948],[139.43598,35.9605],[139.43676,35.96146],[139.43902,35.96075],[139.43931,35.96126],[139.44095,35.9612],[139.44097,35.96182],[139.4387,35.96243],[139.43772,35.96172],[139.43676,35.96178],[139.43572,35.96063],[139.43421,35.96001],[139.4337,35.95878],[139.43274,35.95856],[139.43072,35.95884],[139.43028,35.95836],[139.42909,35.95844],[139.42548,35.95737],[139.42411,35.95849],[139.42117,35.95578],[139.41728,35.95862],[139.41551,35.95688],[139.41473,35.95745],[139.41034,35.95344],[139.4124,35.95197],[139.40897,35.94877],[139.4081,35.94947],[139.40689,35.94855],[139.40556,35.94936],[139.40498,35.94866],[139.40383,35.94972],[139.40226,35.94858],[139.40203,35.94907],[139.39933,35.94793],[139.39775,35.94936],[139.39847,35.95231],[139.39806,35.95374],[139.39559,35.95291],[139.39171,35.95316],[139.38851,35.95249],[139.38807,35.95109],[139.3862,35.95137],[139.38326,35.95094],[139.38275,35.95194],[139.38141,35.9516],[139.37997,35.95089],[139.38161,35.94937],[139.38164,35.94871],[139.37738,35.94233],[139.37461,35.94419],[139.37305,35.94384],[139.3722,35.94515],[139.36612,35.93886],[139.36065,35.9342],[139.35003,35.9267],[139.34583,35.92531],[139.34549,35.92292],[139.34468,35.9221],[139.3414,35.92041],[139.3363,35.92017],[139.33378,35.91945],[139.33097,35.92036],[139.32831,35.92287],[139.32662,35.92268],[139.32596,35.9231],[139.32573,35.92554],[139.32424,35.92782],[139.3235,35.92819],[139.32729,35.93229],[139.32785,35.93223],[139.327,35.93507],[139.33066,35.93598],[139.33293,35.93557],[139.33395,35.93585],[139.33565,35.93453],[139.33536,35.93433]]]}},{"type":"Feature","properties":{"id":"muni-11240","name":"幸手市"},"geometry":{"type":"Polygon","coordinates":[[[139.71676,36.05202],[139.717,36.05137],[139.70891,36.05839],[139.70981,36.05903],[139.7075,36.06046],[139.70626,36.06036],[139.70467,36.06184],[139.7029,36.06228],[139.70606,36.06608],[139.70792,36.0672],[139.70875,36.06889],[139.70928,36.06907],[139.70973,36.07154],[139.70822,36.07493],[139.70564,36.07744],[139.70342,36.07824],[139.70107,36.0785],[139.69785,36.07703],[139.69769,36.07736],[139.69657,36.07689],[139.69571,36.07796],[139.69384,36.0776],[139.69378,36.07867],[139.69424,36.07873],[139.69422,36.07916],[139.6936,36.07912],[139.69254,36.08023],[139.69234,36.0806],[139.69269,36.08074],[139.69105,36.0844],[139.69196,36.0849],[139.69202,36.08645],[139.69533,36.08619],[139.694,36.08824],[139.69457,36.08855],[139.69325,36.09085],[139.69456,36.09145],[139.69722,36.09381],[139.69844,36.09368],[139.69853,36.09534],[139.70042,36.09806],[139.70241,36.09701],[139.70488,36.09716],[139.70694,36.098],[139.71169,36.10137],[139.71371,36.10112],[139.7177,36.09895],[139.71994,36.10132],[139.71995,36.10189],[139.72062,36.10167],[139.72028,36.10552],[139.72076,36.10777],[139.7204,36.10816],[139.72281,36.10927],[139.72359,36.10924],[139.72351,36.10845],[139.72696,36.10762],[139.72825,36.0909],[139.72947,36.08799],[139.73122,36.08684],[139.73368,36.08645],[139.74097,36.08707],[139.74677,36.08696],[139.75825,36.08199],[139.7622,36.08081],[139.76704,36.0805],[139.77009,36.08099],[139.77166,36.08201],[139.77255,36.08345],[139.77215,36.08632],[139.77291,36.08864],[139.77499,36.08998],[139.77646,36.09015],[139.77707,36.0881],[139.77982,36.08293],[139.77988,36.08014],[139.78221,36.07513],[139.78277,36.07056],[139.78351,36.06927],[139.78735,36.06548],[139.78972,36.06196],[139.78802,36.0614],[139.78639,36.06017],[139.78419,36.06059],[139.78466,36.05854],[139.78522,36.05854],[139.78528,36.05982],[139.78683,36.05926],[139.78848,36.06082],[139.78807,36.05872],[139.78874,36.05767],[139.7871,36.05733],[139.78703,36.05628],[139.78566,36.05533],[139.78085,36.0562],[139.78058,36.05094],[139.77905,36.05045],[139.77939,36.04963],[139.77898,36.04606],[139.78027,36.04456],[139.77965,36.04298],[139.77981,36.04205],[139.77916,36.04167],[139.77784,36.04221],[139.77777,36.04145],[139.7765,36.04116],[139.7759,36.04027],[139.77629,36.03881],[139.77525,36.03799],[139.77487,36.038],[139.77463,36.03934],[139.7719,36.04278],[139.76909,36.04231],[139.76844,36.04288],[139.76746,36.04227],[139.7647,36.04488],[139.76194,36.04917],[139.76067,36.05022],[139.76025,36.04994],[139.76044,36.04938],[139.75883,36.05034],[139.75861,36.05059],[139.7594,36.05118],[139.75865,36.05188],[139.75917,36.05224],[139.76078,36.05076],[139.76108,36.05097],[139.75913,36.05353],[139.75737,36.0522],[139.75659,36.05277],[139.75611,36.05245],[139.7526,36.05544],[139.75222,36.05462],[139.74894,36.05426],[139.74674,36.05539],[139.74508,36.05398],[139.74484,36.05342],[139.74551,36.05377],[139.74846,36.05255],[139.74548,36.05308],[139.74565,36.05243],[139.74648,36.05222],[139.74658,36.0506],[139.74757,36.04998],[139.74709,36.04876],[139.74508,36.04503],[139.74129,36.0451],[139.74048,36.04341],[139.74091,36.04329],[139.73952,36.04064],[139.73366,36.0429],[139.73473,36.04432],[139.73169,36.0461],[139.72987,36.04444],[139.72754,36.04516],[139.72769,36.04734],[139.72698,36.04726],[139.72547,36.04839],[139.72615,36.04912],[139.72522,36.04968],[139.72583,36.05046],[139.72477,36.05109],[139.72598,36.0523],[139.72444,36.05369],[139.72282,36.05266],[139.72199,36.05351],[139.71958,36.05361],[139.71856,36.0526],[139.71676,36.05202]]]}},{"type":"Feature","properties":{"id":"muni-11241","name":"鶴ヶ島市"},"geometry":{"type":"Polygon","coordinates":[[[139.38091,35.92225],[139.37955,35.91969],[139.37137,35.92421],[139.37173,35.9256],[139.36953,35.92681],[139.36936,35.92649],[139.3688,35.9273],[139.36763,35.9267],[139.36646,35.92749],[139.3646,35.92593],[139.36374,35.92659],[139.36034,35.9237],[139.36015,35.92449],[139.35905,35.92433],[139.35931,35.92312],[139.35748,35.92314],[139.3563,35.92458],[139.35251,35.92442],[139.3534,35.92696],[139.3524,35.92831],[139.36202,35.93534],[139.36612,35.93886],[139.3722,35.94515],[139.37305,35.94384],[139.37461,35.94419],[139.37738,35.94233],[139.38164,35.94871],[139.38161,35.94937],[139.37997,35.95089],[139.38141,35.9516],[139.38275,35.95194],[139.38326,35.95094],[139.3862,35.95137],[139.38807,35.95109],[139.38851,35.95249],[139.39171,35.95316],[139.39559,35.95291],[139.39806,35.95374],[139.39847,35.95231],[139.39775,35.94936],[139.39933,35.94793],[139.40203,35.94907],[139.40226,35.94858],[139.40383,35.94972],[139.40498,35.94866],[139.40556,35.94936],[139.40689,35.94855],[139.4081,35.94947],[139.40897,35.94877],[139.4124,35.95197],[139.41034,35.95344],[139.41473,35.95745],[139.41551,35.95688],[139.41728,35.95862],[139.42268,35.95457],[139.4207,35.95275],[139.42374,35.95088],[139.42439,35.94955],[139.42491,35.94968],[139.42507,35.94876],[139.42579,35.949],[139.42553,35.94856],[139.42738,35.94633],[139.42702,35.9455],[139.42815,35.94495],[139.42715,35.94407],[139.42765,35.94296],[139.42715,35.94282],[139.42732,35.94239],[139.42787,35.94249],[139.42888,35.94041],[139.42495,35.93824],[139.42365,35.93685],[139.42216,35.93729],[139.42287,35.93692],[139.4201,35.93472],[139.42047,35.93448],[139.4182,35.93208],[139.4185,35.93189],[139.41627,35.93009],[139.41801,35.92985],[139.41716,35.92869],[139.41931,35.9273],[139.41879,35.92677],[139.41789,35.92734],[139.41754,35.92696],[139.42047,35.92481],[139.41599,35.92296],[139.41573,35.92345],[139.41616,35.9236],[139.41533,35.92433],[139.41289,35.92289],[139.41186,35.92406],[139.40478,35.92143],[139.40302,35.91971],[139.4009,35.91851],[139.38883,35.91406],[139.38858,35.91467],[139.38726,35.91443],[139.38553,35.91645],[139.38528,35.91719],[139.3857,35.91757],[139.38469,35.9205],[139.38486,35.9215],[139.38389,35.92162],[139.38375,35.9224],[139.38091,35.92225]]]}},{"type":"Feature","properties":{"id":"muni-11242","name":"日高市"},"geometry":{"type":"Polygon","coordinates":[[[139.30054,35.87093],[139.29947,35.87065],[139.29601,35.86847],[139.29487,35.86892],[139.29215,35.86874],[139.29104,35.86821],[139.28889,35.87199],[139.28206,35.86994],[139.28073,35.87144],[139.28163,35.87321],[139.27854,35.87237],[139.27713,35.87267],[139.27638,35.87387],[139.2755,35.87398],[139.27642,35.8753],[139.27629,35.87728],[139.27701,35.87827],[139.28305,35.88243],[139.28241,35.88296],[139.28073,35.88207],[139.27919,35.88254],[139.27943,35.88534],[139.27906,35.88724],[139.28048,35.88834],[139.27923,35.8904],[139.27965,35.89175],[139.27928,35.89393],[139.27958,35.89678],[139.27897,35.89801],[139.27782,35.89845],[139.27721,35.89994],[139.27793,35.90062],[139.27995,35.90009],[139.2813,35.90029],[139.2817,35.90099],[139.28466,35.90124],[139.2861,35.90273],[139.28774,35.90353],[139.28976,35.9024],[139.29229,35.90358],[139.29371,35.90336],[139.29578,35.90425],[139.2962,35.90584],[139.2979,35.90682],[139.29905,35.90611],[139.30063,35.9059],[139.30123,35.90679],[139.30519,35.90768],[139.30643,35.90908],[139.30887,35.90859],[139.30931,35.90994],[139.30876,35.91243],[139.30939,35.91313],[139.30919,35.91382],[139.30963,35.91463],[139.30821,35.91569],[139.30842,35.91699],[139.30915,35.91603],[139.30882,35.91556],[139.30947,35.91506],[139.31056,35.91506],[139.31033,35.91579],[139.31074,35.91639],[139.3137,35.91641],[139.31456,35.91721],[139.31444,35.91798],[139.31684,35.91754],[139.31642,35.91876],[139.31763,35.91874],[139.3176,35.92032],[139.3192,35.91969],[139.32266,35.91974],[139.3217,35.92077],[139.32183,35.92179],[139.32107,35.92224],[139.32151,35.92253],[139.32356,35.92255],[139.3246,35.92312],[139.32569,35.92262],[139.32596,35.9231],[139.32662,35.92268],[139.32831,35.92287],[139.33097,35.92036],[139.33378,35.91945],[139.3363,35.92017],[139.34088,35.92028],[139.34321,35.9212],[139.34549,35.92292],[139.3459,35.92536],[139.34987,35.92662],[139.3524,35.92831],[139.3534,35.92696],[139.35251,35.92442],[139.3563,35.92458],[139.35676,35.92358],[139.35878,35.92301],[139.35931,35.92312],[139.35905,35.92433],[139.36015,35.92449],[139.36034,35.9237],[139.36374,35.92659],[139.3646,35.92593],[139.36646,35.92749],[139.36763,35.9267],[139.3688,35.9273],[139.36936,35.92649],[139.36953,35.92681],[139.37173,35.9256],[139.37137,35.92421],[139.37955,35.91969],[139.37738,35.9154],[139.38007,35.92038],[139.38256,35.91945],[139.38187,35.91807],[139.38502,35.91677],[139.38377,35.91638],[139.38251,35.91522],[139.38453,35.91318],[139.3839,35.91265],[139.38489,35.91004],[139.38368,35.90956],[139.38422,35.90954],[139.38467,35.90877],[139.38157,35.909],[139.38151,35.90801],[139.3924,35.90826],[139.39352,35.90683],[139.39377,35.90475],[139.39316,35.90431],[139.39425,35.90192],[139.39513,35.9015],[139.39668,35.89937],[139.39641,35.89905],[139.3976,35.89663],[139.39806,35.89415],[139.3987,35.89369],[139.39889,35.89487],[139.40164,35.89618],[139.40231,35.89529],[139.40135,35.89443],[139.40209,35.89235],[139.40128,35.89194],[139.40065,35.8934],[139.39612,35.88885],[139.38805,35.88249],[139.38997,35.8812],[139.38725,35.88003],[139.3895,35.87589],[139.38027,35.87101],[139.38022,35.87144],[139.37916,35.87132],[139.37854,35.86975],[139.37447,35.86849],[139.37342,35.87028],[139.37233,35.87113],[139.37151,35.87031],[139.36928,35.87071],[139.3645,35.87321],[139.37009,35.87861],[139.36832,35.88065],[139.36646,35.88409],[139.36534,35.88434],[139.36261,35.88029],[139.35766,35.8778],[139.35495,35.8772],[139.35344,35.87745],[139.35098,35.8797],[139.34552,35.88068],[139.34416,35.87987],[139.34205,35.88001],[139.33952,35.87926],[139.33795,35.87783],[139.33804,35.8794],[139.33502,35.87822],[139.33041,35.88146],[139.32805,35.88232],[139.324,35.87903],[139.31978,35.87867],[139.31841,35.87799],[139.3162,35.87487],[139.31602,35.87272],[139.31312,35.87269],[139.31225,35.87199],[139.3107,35.87318],[139.30979,35.87292],[139.30963,35.87242],[139.30845,35.87385],[139.30742,35.87316],[139.30723,35.87173],[139.30556,35.87162],[139.30395,35.87077],[139.30279,35.87109],[139.30192,35.87042],[139.30054,35.87093]]]}},{"type":"Feature","properties":{"id":"muni-11243","name":"吉川市"},"geometry":{"type":"Polygon","coordinates":[[[139.83082,35.9397],[139.83261,35.93928],[139.83295,35.93975],[139.83543,35.93871],[139.83912,35.9391],[139.8422,35.93743],[139.84306,35.93628],[139.84584,35.93597],[139.84965,35.93808],[139.86081,35.93248],[139.86485,35.92892],[139.86925,35.92212],[139.87051,35.91817],[139.87194,35.91593],[139.87634,35.91123],[139.88039,35.90462],[139.88372,35.90128],[139.88962,35.89302],[139.89276,35.88559],[139.89436,35.87734],[139.89701,35.87283],[139.89921,35.86674],[139.89515,35.86613],[139.89466,35.86538],[139.89347,35.86585],[139.89424,35.86693],[139.89382,35.86762],[139.89322,35.86738],[139.89349,35.86695],[139.89292,35.86672],[139.89322,35.86659],[139.8926,35.86556],[139.89173,35.86591],[139.89146,35.86547],[139.88856,35.86719],[139.88739,35.86654],[139.88639,35.86748],[139.87835,35.86591],[139.87538,35.86668],[139.87387,35.8681],[139.87082,35.86716],[139.86325,35.86675],[139.86344,35.86594],[139.86251,35.86573],[139.86313,35.86434],[139.83988,35.85942],[139.83845,35.864],[139.8399,35.86974],[139.84021,35.87778],[139.8379,35.88556],[139.83995,35.89045],[139.83992,35.89274],[139.83879,35.8939],[139.8296,35.89749],[139.82863,35.89859],[139.8286,35.90013],[139.82976,35.90198],[139.83233,35.90334],[139.83666,35.90347],[139.83761,35.90452],[139.83735,35.90603],[139.84194,35.90783],[139.84862,35.91173],[139.84809,35.91238],[139.84753,35.91204],[139.84685,35.9128],[139.84629,35.91252],[139.84524,35.91332],[139.84283,35.91329],[139.84193,35.91486],[139.84338,35.9154],[139.84092,35.9181],[139.8361,35.91527],[139.83616,35.92046],[139.83691,35.92096],[139.83709,35.92226],[139.83816,35.92289],[139.83675,35.92439],[139.83711,35.92701],[139.83844,35.92777],[139.83888,35.92734],[139.83981,35.92779],[139.83972,35.92885],[139.84161,35.93378],[139.84037,35.93428],[139.83971,35.9333],[139.83552,35.93462],[139.83091,35.93884],[139.83082,35.9397]]]}},{"type":"Feature","properties":{"id":"muni-11245","name":"ふじみ野市"},"geometry":{"type":"Polygon","coordinates":[[[139.50262,35.84883],[139.4931,35.84991],[139.49033,35.8492],[139.48883,35.84625],[139.4888,35.8431],[139.48694,35.84228],[139.48386,35.84686],[139.48454,35.84716],[139.48401,35.84798],[139.4855,35.84864],[139.48487,35.84948],[139.49224,35.8527],[139.48901,35.85551],[139.4767,35.8512],[139.47439,35.85526],[139.47149,35.8555],[139.46949,35.85436],[139.46852,35.85406],[139.46839,35.85437],[139.47112,35.85572],[139.47413,35.85554],[139.47657,35.85645],[139.4778,35.85623],[139.47982,35.85678],[139.47971,35.85725],[139.48038,35.85764],[139.48322,35.85744],[139.48605,35.85926],[139.48805,35.85936],[139.48916,35.86017],[139.48947,35.86212],[139.49141,35.86344],[139.49277,35.86215],[139.49565,35.86439],[139.49392,35.86541],[139.49762,35.86738],[139.50212,35.86485],[139.49817,35.86713],[139.50231,35.87197],[139.5033,35.87245],[139.50573,35.87532],[139.5093,35.8784],[139.50969,35.87889],[139.50931,35.87911],[139.51279,35.88009],[139.51245,35.8807],[139.51541,35.88178],[139.51627,35.88244],[139.51516,35.88222],[139.51401,35.88388],[139.51543,35.88491],[139.51453,35.88842],[139.51648,35.88807],[139.51671,35.88947],[139.51824,35.89059],[139.52087,35.89059],[139.52241,35.89135],[139.52311,35.89243],[139.52652,35.89158],[139.52636,35.89051],[139.52495,35.88961],[139.52408,35.88753],[139.52304,35.88689],[139.52358,35.88525],[139.52473,35.88371],[139.5276,35.88128],[139.53251,35.87973],[139.53723,35.87962],[139.54216,35.87768],[139.54262,35.87828],[139.54247,35.88047],[139.5433,35.88099],[139.54367,35.88036],[139.54573,35.88143],[139.54729,35.88139],[139.54916,35.87982],[139.54909,35.87873],[139.55,35.8775],[139.54914,35.87584],[139.55106,35.872],[139.55052,35.87047],[139.54946,35.86933],[139.54171,35.869],[139.54166,35.86819],[139.54061,35.86778],[139.5324,35.86788],[139.52229,35.86448],[139.51838,35.86389],[139.51844,35.863],[139.51791,35.86279],[139.51818,35.86227],[139.51774,35.86214],[139.51828,35.86138],[139.51759,35.8609],[139.5187,35.86029],[139.5172,35.85897],[139.51747,35.85843],[139.51872,35.85896],[139.51892,35.85852],[139.51415,35.85627],[139.51382,35.85654],[139.5115,35.85608],[139.51124,35.85465],[139.51351,35.85475],[139.51748,35.85646],[139.51882,35.8578],[139.52434,35.8591],[139.52784,35.86097],[139.52831,35.86176],[139.52991,35.86226],[139.53086,35.86344],[139.53342,35.86381],[139.5348,35.86323],[139.5335,35.86031],[139.5334,35.859],[139.53187,35.85829],[139.53148,35.85758],[139.53033,35.85752],[139.52994,35.85662],[139.52912,35.85657],[139.52728,35.85495],[139.52796,35.84973],[139.52737,35.84898],[139.52483,35.84775],[139.52358,35.84419],[139.5217,35.8432],[139.51856,35.84414],[139.51566,35.84614],[139.51414,35.84655],[139.51028,35.84409],[139.51002,35.84867],[139.50937,35.84987],[139.51125,35.85113],[139.51109,35.85194],[139.50362,35.84858],[139.50333,35.85026],[139.50262,35.84883]]]}},{"type":"Feature","properties":{"id":"muni-11246","name":"白岡市"},"geometry":{"type":"Polygon","coordinates":[[[139.65377,36.0122],[139.65057,36.01065],[139.64935,36.01362],[139.6503,36.02025],[139.6489,36.0264],[139.65055,36.02847],[139.65057,36.02925],[139.64976,36.03077],[139.64423,36.03089],[139.64082,36.0324],[139.63779,36.03227],[139.63486,36.03124],[139.6315,36.0311],[139.62679,36.02784],[139.62541,36.02781],[139.62154,36.03065],[139.61229,36.0329],[139.60772,36.03511],[139.60719,36.03659],[139.60664,36.03692],[139.60533,36.03652],[139.60383,36.03692],[139.6041,36.03736],[139.60366,36.03756],[139.60422,36.03784],[139.60391,36.0381],[139.60447,36.03813],[139.60471,36.03719],[139.60537,36.03806],[139.60478,36.03924],[139.60561,36.03964],[139.60598,36.03914],[139.60745,36.03987],[139.60704,36.04161],[139.60748,36.0417],[139.60628,36.04496],[139.60995,36.04691],[139.61038,36.04657],[139.61391,36.04945],[139.61989,36.04463],[139.621,36.04554],[139.62238,36.0448],[139.62394,36.04636],[139.62598,36.0438],[139.62704,36.04322],[139.63411,36.042],[139.63934,36.04031],[139.6433,36.0402],[139.64395,36.03947],[139.64451,36.03676],[139.64713,36.03535],[139.64655,36.0343],[139.64479,36.03448],[139.64531,36.03306],[139.64749,36.03375],[139.64745,36.03515],[139.64877,36.03473],[139.65167,36.03503],[139.65208,36.03546],[139.65159,36.03843],[139.65419,36.0391],[139.6568,36.03909],[139.66126,36.04067],[139.65545,36.04637],[139.6592,36.04892],[139.6689,36.04498],[139.67165,36.04435],[139.67115,36.04084],[139.67183,36.04137],[139.67344,36.04151],[139.67376,36.0423],[139.67585,36.04348],[139.67776,36.04318],[139.67806,36.04403],[139.67742,36.04451],[139.67851,36.04424],[139.67854,36.04497],[139.68152,36.04471],[139.68496,36.04304],[139.68413,36.0421],[139.68372,36.04219],[139.68303,36.04081],[139.68577,36.03811],[139.68542,36.03737],[139.68621,36.03734],[139.685,36.03581],[139.68577,36.03504],[139.68491,36.03481],[139.68726,36.03323],[139.68786,36.03326],[139.68778,36.0315],[139.68841,36.03075],[139.68854,36.02965],[139.6905,36.02868],[139.69212,36.0285],[139.69201,36.02815],[139.69669,36.02754],[139.69857,36.02778],[139.70246,36.02698],[139.70481,36.02549],[139.70696,36.02216],[139.70791,36.02201],[139.7097,36.01946],[139.70803,36.01877],[139.70882,36.01778],[139.70851,36.01581],[139.70592,36.01556],[139.70545,36.015],[139.70472,36.01544],[139.70399,36.01421],[139.70701,36.0108],[139.70739,36.01122],[139.70914,36.01026],[139.70826,36.00966],[139.71081,36.00705],[139.7112,36.00557],[139.7138,36.00489],[139.70744,35.99509],[139.70298,35.9978],[139.70125,35.99821],[139.69994,35.99796],[139.69523,36.00235],[139.6947,36.00188],[139.69384,36.00248],[139.69231,36.00148],[139.69172,36.00239],[139.69053,36.00191],[139.69111,36.00098],[139.69181,36.00127],[139.69282,35.99967],[139.69131,35.99904],[139.68885,36.00294],[139.68707,36.00422],[139.68616,36.00343],[139.68494,36.0032],[139.68058,35.99973],[139.67828,36.00128],[139.67637,35.9997],[139.67666,35.99897],[139.67559,35.99873],[139.67317,36.00173],[139.67275,36.00142],[139.6692,36.00471],[139.66815,36.0042],[139.66787,36.00459],[139.66846,36.00485],[139.66825,36.00525],[139.6677,36.00488],[139.66615,36.00598],[139.66561,36.00699],[139.66485,36.00677],[139.66457,36.0089],[139.66321,36.00968],[139.66365,36.01017],[139.6629,36.01081],[139.66191,36.01068],[139.66174,36.0118],[139.659,36.01127],[139.6558,36.00979],[139.65377,36.0122]]]}},{"type":"Feature","properties":{"id":"muni-11301","name":"伊奈町"},"geometry":{"type":"Polygon","coordinates":[[[139.60478,36.00298],[139.59711,36.00635],[139.59646,36.00655],[139.59532,36.00582],[139.59445,36.00672],[139.59396,36.00637],[139.59278,36.00796],[139.5912,36.00881],[139.5924,36.01121],[139.59196,36.01251],[139.5923,36.01672],[139.59341,36.01829],[139.59353,36.01937],[139.59521,36.02094],[139.59521,36.02203],[139.59602,36.02338],[139.59425,36.02408],[139.5945,36.02447],[139.5939,36.02472],[139.59537,36.02714],[139.60384,36.02356],[139.61156,36.02111],[139.6163,36.01702],[139.61852,36.01195],[139.62147,36.00969],[139.62335,36.00901],[139.62754,36.00872],[139.63295,36.00744],[139.63511,36.00625],[139.63691,35.99837],[139.63802,35.99717],[139.64495,35.9938],[139.64547,35.9909],[139.64582,35.99081],[139.64539,35.98864],[139.64462,35.98899],[139.64422,35.9885],[139.64303,35.98507],[139.64419,35.98007],[139.64435,35.97699],[139.64336,35.97535],[139.64223,35.96968],[139.64095,35.97084],[139.63821,35.97167],[139.63503,35.97046],[139.63404,35.97058],[139.63149,35.97321],[139.62641,35.97374],[139.61951,35.97815],[139.61853,35.98016],[139.61461,35.98387],[139.61347,35.98559],[139.61359,35.98741],[139.61246,35.98972],[139.60493,35.99462],[139.60404,35.99703],[139.60303,35.99784],[139.60382,35.99882],[139.60478,36.00298]]]}},{"type":"Feature","properties":{"id":"muni-11324","name":"三芳町"},"geometry":{"type":"Polygon","coordinates":[[[139.48997,35.83092],[139.48768,35.83288],[139.48752,35.834],[139.4825,35.8388],[139.48007,35.83489],[139.4781,35.83738],[139.48162,35.8399],[139.48271,35.84138],[139.48398,35.84007],[139.48578,35.84174],[139.4888,35.8431],[139.48883,35.84625],[139.49033,35.8492],[139.49283,35.84989],[139.49529,35.84987],[139.50262,35.84883],[139.50333,35.85026],[139.50362,35.84858],[139.51109,35.85194],[139.51125,35.85113],[139.50937,35.84987],[139.51002,35.84867],[139.51028,35.84409],[139.51414,35.84655],[139.51566,35.84614],[139.51856,35.84414],[139.5217,35.8432],[139.52369,35.8443],[139.52483,35.84775],[139.52718,35.84887],[139.52793,35.84837],[139.5288,35.84932],[139.52917,35.84906],[139.52888,35.84942],[139.52946,35.85002],[139.53081,35.84871],[139.5291,35.84762],[139.52912,35.84525],[139.52984,35.84562],[139.53074,35.8442],[139.52876,35.84284],[139.52942,35.84232],[139.53062,35.8436],[139.53147,35.84289],[139.53206,35.84342],[139.53169,35.84384],[139.53533,35.84117],[139.53666,35.84202],[139.53738,35.84119],[139.5364,35.84071],[139.53666,35.84038],[139.5362,35.83963],[139.53664,35.83921],[139.53622,35.83871],[139.53785,35.83956],[139.53881,35.83908],[139.53965,35.83938],[139.53969,35.83926],[139.53803,35.83884],[139.5389,35.83728],[139.53945,35.83745],[139.54047,35.83555],[139.54301,35.83481],[139.54456,35.83611],[139.54544,35.83527],[139.54472,35.8352],[139.5451,35.83445],[139.54622,35.83462],[139.54664,35.83388],[139.54747,35.83468],[139.545,35.83206],[139.54605,35.83169],[139.54678,35.83188],[139.54702,35.8326],[139.54862,35.83248],[139.54771,35.83059],[139.54774,35.82962],[139.54853,35.82945],[139.5485,35.82883],[139.5509,35.82869],[139.55257,35.82728],[139.55557,35.8286],[139.55556,35.8262],[139.55381,35.82381],[139.55359,35.82206],[139.55241,35.81976],[139.5504,35.82053],[139.54956,35.81917],[139.54771,35.81992],[139.54402,35.82036],[139.5434,35.82132],[139.54238,35.82085],[139.54286,35.82129],[139.54263,35.8216],[139.54172,35.82164],[139.54045,35.8208],[139.53908,35.82125],[139.53505,35.82018],[139.53456,35.81891],[139.5341,35.82024],[139.53351,35.82015],[139.53322,35.82333],[139.53253,35.82517],[139.53019,35.82471],[139.52212,35.82115],[139.52045,35.82225],[139.51702,35.81977],[139.5148,35.81739],[139.50794,35.81498],[139.5034,35.81418],[139.50198,35.81654],[139.48971,35.83074],[139.48997,35.83092]]]}},{"type":"Feature","properties":{"id":"muni-11326","name":"毛呂山町"},"geometry":{"type":"Polygon","coordinates":[[[139.27368,35.91265],[139.27049,35.91428],[139.26939,35.91586],[139.26768,35.91686],[139.26721,35.91797],[139.26809,35.91944],[139.26725,35.92099],[139.26473,35.92214],[139.26352,35.92374],[139.26361,35.92554],[139.26489,35.92647],[139.26544,35.92891],[139.26526,35.92933],[139.26396,35.92948],[139.26365,35.93045],[139.26203,35.93068],[139.26118,35.93214],[139.2612,35.93372],[139.26278,35.93495],[139.26299,35.93739],[139.2638,35.93775],[139.26513,35.94003],[139.26928,35.94069],[139.27087,35.94375],[139.27224,35.94417],[139.27245,35.94478],[139.27334,35.94515],[139.27437,35.94512],[139.27494,35.94703],[139.27393,35.94842],[139.27382,35.94955],[139.27457,35.9498],[139.2756,35.95135],[139.27777,35.95053],[139.28131,35.95022],[139.28283,35.95064],[139.28411,35.94968],[139.2864,35.9489],[139.28795,35.94902],[139.28941,35.94738],[139.29148,35.94694],[139.29277,35.94591],[139.2955,35.94492],[139.29586,35.94549],[139.2972,35.94577],[139.29915,35.94534],[139.29963,35.94453],[139.30091,35.94513],[139.30089,35.94619],[139.30151,35.94653],[139.30228,35.94651],[139.30216,35.94577],[139.30347,35.94551],[139.30402,35.94668],[139.30383,35.94785],[139.30562,35.94932],[139.30765,35.95013],[139.31049,35.94998],[139.31351,35.95527],[139.31343,35.95664],[139.31762,35.95685],[139.31795,35.95724],[139.3163,35.9589],[139.31515,35.95941],[139.31702,35.95956],[139.31579,35.96302],[139.3168,35.96302],[139.3168,35.96384],[139.31834,35.96364],[139.31889,35.96476],[139.3211,35.96598],[139.32159,35.96496],[139.3224,35.96457],[139.32493,35.96444],[139.32634,35.96221],[139.32984,35.96278],[139.33677,35.96173],[139.33907,35.96211],[139.33986,35.96457],[139.34174,35.96562],[139.34261,35.96726],[139.34757,35.96666],[139.34861,35.96774],[139.34877,35.96889],[139.35052,35.96908],[139.35097,35.96792],[139.35013,35.96613],[139.34976,35.96354],[139.35278,35.96517],[139.3532,35.96499],[139.35268,35.96381],[139.35334,35.96107],[139.35413,35.96071],[139.35389,35.96014],[139.35567,35.957],[139.35644,35.9573],[139.35668,35.95669],[139.35871,35.95759],[139.36149,35.95463],[139.35799,35.95208],[139.35584,35.95153],[139.35685,35.9494],[139.35776,35.95012],[139.35838,35.95006],[139.35992,35.94732],[139.35901,35.94654],[139.35657,35.947],[139.35569,35.94586],[139.35498,35.9468],[139.35434,35.94663],[139.35196,35.94407],[139.35057,35.94381],[139.34755,35.94087],[139.34834,35.94],[139.34956,35.94018],[139.34982,35.93945],[139.35209,35.93921],[139.35373,35.9369],[139.35121,35.93645],[139.34863,35.93488],[139.34864,35.93316],[139.34957,35.93086],[139.34929,35.93034],[139.34788,35.92981],[139.34582,35.92993],[139.34309,35.93109],[139.34293,35.93245],[139.34168,35.93365],[139.33649,35.93448],[139.33548,35.93416],[139.33565,35.93453],[139.33395,35.93585],[139.33293,35.93557],[139.33066,35.93598],[139.327,35.93507],[139.32785,35.93223],[139.32729,35.93229],[139.3235,35.92819],[139.32424,35.92782],[139.32573,35.92554],[139.3259,35.92262],[139.3246,35.92312],[139.32356,35.92255],[139.3212,35.92243],[139.32192,35.92162],[139.32181,35.92051],[139.32266,35.91974],[139.3192,35.91969],[139.3176,35.92032],[139.31763,35.91874],[139.31642,35.91876],[139.31684,35.91754],[139.31444,35.91798],[139.31456,35.91721],[139.3137,35.91641],[139.31074,35.91639],[139.31033,35.91579],[139.31056,35.91506],[139.30947,35.91506],[139.30882,35.91556],[139.30915,35.91603],[139.30842,35.91699],[139.30821,35.91569],[139.30963,35.91463],[139.30919,35.91382],[139.30939,35.91313],[139.30876,35.91243],[139.30931,35.90994],[139.30887,35.90859],[139.30643,35.90908],[139.30519,35.90768],[139.30123,35.90679],[139.30063,35.9059],[139.29905,35.90611],[139.2979,35.90682],[139.2962,35.90584],[139.29578,35.90425],[139.29371,35.90336],[139.29229,35.90358],[139.28976,35.9024],[139.28774,35.90353],[139.2861,35.90273],[139.28466,35.90124],[139.2817,35.90099],[139.2813,35.90029],[139.27995,35.90009],[139.27793,35.90062],[139.27721,35.89994],[139.27731,35.90062],[139.27659,35.90131],[139.27699,35.90196],[139.27388,35.90126],[139.2706,35.90208],[139.27001,35.9048],[139.27068,35.90577],[139.27088,35.90802],[139.27226,35.91093],[139.27368,35.91265]]]}},{"type":"Feature","properties":{"id":"muni-11327","name":"越生町"},"geometry":{"type":"Polygon","coordinates":[[[139.2612,35.93372],[139.26118,35.93214],[139.26203,35.93068],[139.26365,35.93045],[139.26396,35.92948],[139.26526,35.92933],[139.26544,35.92891],[139.26489,35.92647],[139.26361,35.92554],[139.26357,35.92407],[139.26253,35.92413],[139.26198,35.92324],[139.26007,35.92315],[139.25454,35.92504],[139.25509,35.9231],[139.2533,35.9221],[139.24737,35.92294],[139.24715,35.92366],[139.24807,35.92544],[139.24252,35.92871],[139.23878,35.93017],[139.23698,35.93022],[139.2365,35.93447],[139.2352,35.93492],[139.23373,35.93675],[139.2351,35.93983],[139.23195,35.94106],[139.23145,35.9423],[139.22911,35.94338],[139.22812,35.94566],[139.2259,35.94605],[139.22195,35.94591],[139.22203,35.94689],[139.22054,35.94854],[139.21817,35.94916],[139.21687,35.95202],[139.21486,35.95285],[139.21446,35.95372],[139.21297,35.95479],[139.21273,35.95634],[139.21625,35.95821],[139.21954,35.95893],[139.2187,35.96129],[139.22082,35.96576],[139.2222,35.96671],[139.22286,35.96791],[139.22383,35.96803],[139.22459,35.96956],[139.22542,35.96972],[139.22784,35.97232],[139.22938,35.97284],[139.23056,35.97445],[139.23493,35.97438],[139.23783,35.97601],[139.23841,35.97679],[139.24203,35.97753],[139.24417,35.97884],[139.2454,35.97849],[139.24695,35.98187],[139.25078,35.98267],[139.25102,35.98444],[139.25209,35.98608],[139.25581,35.98447],[139.25752,35.98538],[139.25948,35.98506],[139.26064,35.98693],[139.26059,35.98656],[139.26199,35.98628],[139.26296,35.98682],[139.26593,35.98676],[139.26673,35.98564],[139.26907,35.98582],[139.26931,35.98471],[139.27175,35.98508],[139.27291,35.98558],[139.27357,35.98645],[139.27457,35.98661],[139.27444,35.98802],[139.27585,35.98801],[139.27734,35.98865],[139.27885,35.98841],[139.27977,35.9899],[139.27973,35.99306],[139.28036,35.99371],[139.28247,35.99203],[139.28459,35.99217],[139.28706,35.99116],[139.28883,35.99136],[139.29282,35.98816],[139.29542,35.98743],[139.29668,35.98812],[139.29719,35.98721],[139.2995,35.98545],[139.30208,35.98513],[139.30244,35.98434],[139.30553,35.98221],[139.3063,35.98034],[139.30834,35.97922],[139.30859,35.9774],[139.30937,35.97609],[139.31279,35.97402],[139.31261,35.97304],[139.31305,35.97221],[139.3155,35.97028],[139.31698,35.97021],[139.3179,35.96829],[139.32013,35.96615],[139.32108,35.96592],[139.31889,35.96476],[139.31834,35.96364],[139.3168,35.96384],[139.3168,35.96302],[139.31579,35.96302],[139.31702,35.95956],[139.31515,35.95941],[139.3163,35.9589],[139.31795,35.95724],[139.31762,35.95685],[139.31343,35.95664],[139.31351,35.95527],[139.31056,35.95005],[139.30765,35.95013],[139.30562,35.94932],[139.30383,35.94785],[139.30402,35.94668],[139.30347,35.94551],[139.30216,35.94577],[139.30228,35.94651],[139.30151,35.94653],[139.30089,35.94619],[139.30091,35.94513],[139.29963,35.94453],[139.29915,35.94534],[139.29682,35.94584],[139.2955,35.94492],[139.29207,35.94619],[139.29148,35.94694],[139.28972,35.9472],[139.28795,35.94902],[139.2864,35.9489],[139.28411,35.94968],[139.28283,35.95064],[139.28131,35.95022],[139.27777,35.95053],[139.2756,35.95135],[139.27457,35.9498],[139.27382,35.94955],[139.27393,35.94842],[139.27494,35.94703],[139.27437,35.94512],[139.27334,35.94515],[139.27245,35.94478],[139.27224,35.94417],[139.27087,35.94375],[139.26928,35.94069],[139.26513,35.94003],[139.2638,35.93775],[139.26299,35.93739],[139.26288,35.93512],[139.2612,35.93372]]]}},{"type":"Feature","properties":{"id":"muni-11341","name":"滑川町"},"geometry":{"type":"Polygon","coordinates":[[[139.35526,36.03773],[139.33917,36.04101],[139.33102,36.04123],[139.32955,36.04247],[139.32969,36.04462],[139.33484,36.04529],[139.34102,36.04816],[139.34307,36.05131],[139.34634,36.05346],[139.34194,36.05331],[139.33814,36.05182],[139.33473,36.05246],[139.33431,36.0528],[139.33466,36.05327],[139.33352,36.05363],[139.3343,36.05425],[139.33435,36.05512],[139.33616,36.05632],[139.33689,36.0578],[139.33548,36.058],[139.33575,36.05932],[139.33528,36.05899],[139.3342,36.0599],[139.33472,36.06116],[139.33603,36.06128],[139.33647,36.06256],[139.33555,36.06287],[139.3345,36.06408],[139.33283,36.06468],[139.33349,36.06558],[139.33483,36.06614],[139.3348,36.06678],[139.33127,36.0644],[139.33136,36.06321],[139.33024,36.06168],[139.32939,36.06222],[139.32968,36.06247],[139.32863,36.06401],[139.32762,36.06438],[139.32781,36.06536],[139.32639,36.06644],[139.32598,36.06784],[139.32539,36.06782],[139.32462,36.06914],[139.32459,36.07021],[139.32528,36.07049],[139.32562,36.07004],[139.3254,36.07068],[139.32739,36.0725],[139.32656,36.07351],[139.32931,36.07528],[139.33008,36.07771],[139.32909,36.07867],[139.33042,36.07809],[139.33131,36.07896],[139.33106,36.08025],[139.33161,36.08149],[139.33013,36.08206],[139.32911,36.08354],[139.32704,36.08498],[139.32368,36.08594],[139.32264,36.0868],[139.32073,36.09078],[139.32138,36.09086],[139.32204,36.09185],[139.32295,36.09539],[139.32595,36.09873],[139.32672,36.09859],[139.32845,36.0969],[139.33011,36.09698],[139.33125,36.09551],[139.33106,36.09351],[139.33018,36.09211],[139.33093,36.0907],[139.33049,36.09007],[139.33464,36.09187],[139.33528,36.09112],[139.33541,36.08875],[139.33773,36.08918],[139.33937,36.08878],[139.34048,36.09018],[139.34236,36.09],[139.34286,36.09319],[139.34211,36.09634],[139.34288,36.09775],[139.34323,36.09756],[139.34291,36.09923],[139.34483,36.10009],[139.34499,36.10175],[139.34391,36.10149],[139.34374,36.10286],[139.34386,36.10358],[139.34485,36.10345],[139.34496,36.10409],[139.35132,36.10331],[139.35826,36.10043],[139.37058,36.09949],[139.37534,36.10075],[139.37567,36.09941],[139.3797,36.09644],[139.38139,36.09604],[139.38365,36.09811],[139.38578,36.10133],[139.3872,36.10172],[139.38639,36.0972],[139.38473,36.09554],[139.38418,36.09374],[139.38185,36.09105],[139.38039,36.08735],[139.37688,36.08458],[139.37662,36.0836],[139.37684,36.08162],[139.37906,36.07668],[139.37751,36.07287],[139.37885,36.06948],[139.37825,36.06717],[139.37833,36.06448],[139.38096,36.06163],[139.38217,36.05691],[139.38262,36.0567],[139.38199,36.05539],[139.38379,36.0548],[139.38592,36.05113],[139.3847,36.0514],[139.38416,36.04946],[139.38253,36.04887],[139.38228,36.04821],[139.3828,36.04811],[139.38562,36.04269],[139.38572,36.04086],[139.37435,36.04209],[139.37236,36.03908],[139.3703,36.03992],[139.36825,36.03666],[139.35742,36.04114],[139.35526,36.03773]]]}},{"type":"Feature","properties":{"id":"muni-11342","name":"嵐山町"},"geometry":{"type":"Polygon","coordinates":[[[139.31303,36.01529],[139.31143,36.01661],[139.31072,36.01806],[139.30976,36.01835],[139.30887,36.02085],[139.30758,36.02081],[139.30493,36.02199],[139.30569,36.02366],[139.30437,36.02465],[139.30439,36.02604],[139.30368,36.02613],[139.30277,36.02793],[139.30082,36.02888],[139.30137,36.03245],[139.30066,36.03387],[139.30116,36.03493],[139.30268,36.03625],[139.30243,36.0382],[139.30033,36.03753],[139.30069,36.03659],[139.29769,36.0344],[139.29699,36.03273],[139.29599,36.03233],[139.29556,36.03374],[139.29314,36.03351],[139.29007,36.03437],[139.29135,36.0356],[139.29088,36.03784],[139.29344,36.03909],[139.2949,36.04052],[139.29531,36.04177],[139.29781,36.04231],[139.29959,36.04383],[139.29982,36.04534],[139.3005,36.04564],[139.30096,36.0467],[139.29964,36.0483],[139.29827,36.04807],[139.30019,36.04961],[139.29773,36.04955],[139.2961,36.0503],[139.29743,36.05142],[139.29736,36.0531],[139.2981,36.05495],[139.2997,36.05595],[139.29946,36.05774],[139.30002,36.05878],[139.30248,36.06018],[139.30546,36.05939],[139.30639,36.06102],[139.30876,36.06294],[139.30471,36.06689],[139.30307,36.06763],[139.30177,36.0712],[139.29952,36.0724],[139.29636,36.07589],[139.29316,36.07771],[139.29224,36.07989],[139.29097,36.08103],[139.29112,36.08188],[139.29201,36.08273],[139.29106,36.08291],[139.29006,36.08471],[139.29117,36.0849],[139.29114,36.08527],[139.28988,36.08566],[139.29069,36.08607],[139.28955,36.08803],[139.28991,36.0884],[139.29131,36.08873],[139.29221,36.08956],[139.29249,36.08918],[139.29507,36.09079],[139.29626,36.08923],[139.29727,36.08975],[139.29808,36.08938],[139.30001,36.09114],[139.30009,36.09205],[139.30073,36.09245],[139.3005,36.09328],[139.30183,36.09392],[139.30106,36.09591],[139.29942,36.09552],[139.2992,36.09621],[139.29834,36.096],[139.29749,36.09812],[139.29669,36.09862],[139.29423,36.09819],[139.29454,36.09879],[139.29335,36.09931],[139.29003,36.09876],[139.28878,36.09808],[139.2881,36.09919],[139.28913,36.10064],[139.28878,36.10234],[139.28922,36.1033],[139.28882,36.10598],[139.28799,36.10673],[139.29181,36.10749],[139.29714,36.1096],[139.29939,36.10965],[139.30138,36.11057],[139.30412,36.10877],[139.30527,36.10853],[139.30843,36.10549],[139.30984,36.10528],[139.31198,36.10597],[139.31221,36.10443],[139.3111,36.10437],[139.31055,36.1034],[139.31086,36.10173],[139.31268,36.09877],[139.3132,36.09824],[139.3137,36.09856],[139.3145,36.09744],[139.31596,36.09715],[139.31693,36.09548],[139.31796,36.09475],[139.31709,36.09417],[139.31842,36.09217],[139.32047,36.09144],[139.32299,36.08637],[139.32704,36.08498],[139.32911,36.08354],[139.33013,36.08206],[139.33161,36.08149],[139.33106,36.08025],[139.33131,36.07896],[139.33042,36.07809],[139.32909,36.07867],[139.33008,36.07771],[139.32931,36.07528],[139.32659,36.07354],[139.32739,36.0725],[139.3254,36.07068],[139.32562,36.07004],[139.32528,36.07049],[139.32436,36.06977],[139.32539,36.06782],[139.32598,36.06784],[139.32639,36.06644],[139.32781,36.06536],[139.32762,36.06438],[139.32863,36.06401],[139.32968,36.06247],[139.32939,36.06222],[139.33024,36.06168],[139.33136,36.06321],[139.33127,36.0644],[139.3348,36.06678],[139.33483,36.06614],[139.33349,36.06558],[139.33283,36.06468],[139.3345,36.06408],[139.33555,36.06287],[139.33647,36.06256],[139.33603,36.06128],[139.33472,36.06116],[139.3342,36.0599],[139.33528,36.05899],[139.33575,36.05932],[139.33548,36.058],[139.33689,36.0578],[139.33616,36.05632],[139.33435,36.05512],[139.3343,36.05425],[139.33356,36.05344],[139.33466,36.05327],[139.33431,36.0528],[139.33488,36.05237],[139.33788,36.0518],[139.34194,36.05331],[139.34634,36.05346],[139.34307,36.05131],[139.34102,36.04816],[139.33484,36.04529],[139.32969,36.04462],[139.32946,36.04371],[139.32975,36.04215],[139.33102,36.04123],[139.33023,36.03809],[139.33146,36.0335],[139.33131,36.03166],[139.33171,36.03112],[139.33358,36.03056],[139.33309,36.03004],[139.33361,36.02929],[139.33261,36.02912],[139.33282,36.0283],[139.33334,36.02828],[139.3341,36.02931],[139.33557,36.02972],[139.33768,36.02738],[139.34065,36.02565],[139.34015,36.02513],[139.33851,36.02558],[139.33746,36.02476],[139.33786,36.02451],[139.33692,36.023],[139.33733,36.02235],[139.33699,36.02065],[139.33622,36.0194],[139.33676,36.01895],[139.33685,36.01698],[139.33763,36.01618],[139.33686,36.0145],[139.33774,36.01442],[139.34246,36.00895],[139.33838,36.00783],[139.33718,36.00676],[139.33581,36.00684],[139.33289,36.00834],[139.33094,36.00821],[139.32552,36.01015],[139.31918,36.01018],[139.31667,36.00915],[139.31593,36.01179],[139.3165,36.01206],[139.31589,36.01202],[139.31566,36.01284],[139.31652,36.013],[139.3159,36.01511],[139.31521,36.01454],[139.31486,36.01581],[139.31303,36.01529]]]}},{"type":"Feature","properties":{"id":"muni-11343","name":"小川町"},"geometry":{"type":"Polygon","coordinates":[[[139.24768,36.03134],[139.24508,36.03002],[139.2437,36.02769],[139.24483,36.02621],[139.2442,36.02364],[139.24499,36.0227],[139.24443,36.0223],[139.23984,36.02275],[139.23739,36.02359],[139.23546,36.02302],[139.23559,36.02226],[139.23463,36.02146],[139.23443,36.02026],[139.23104,36.01946],[139.22948,36.01861],[139.22621,36.01431],[139.22589,36.01279],[139.22371,36.01084],[139.22094,36.01114],[139.21902,36.01066],[139.21554,36.01154],[139.2136,36.00792],[139.21326,36.00593],[139.2098,36.00557],[139.20935,36.00691],[139.20669,36.00647],[139.20439,36.00769],[139.20205,36.00749],[139.19998,36.00628],[139.19345,36.00649],[139.1925,36.00571],[139.19026,36.00644],[139.19071,36.00758],[139.18919,36.0108],[139.19083,36.01368],[139.18764,36.01719],[139.18792,36.01895],[139.18461,36.02309],[139.18498,36.02507],[139.18731,36.02665],[139.18853,36.02809],[139.19176,36.02896],[139.19326,36.02911],[139.19417,36.0287],[139.19715,36.02961],[139.19963,36.02963],[139.19961,36.03023],[139.20212,36.03235],[139.20484,36.03386],[139.20528,36.0347],[139.20783,36.03509],[139.20963,36.03597],[139.21065,36.03798],[139.21207,36.03938],[139.21544,36.04057],[139.21655,36.04157],[139.2173,36.0415],[139.22021,36.04447],[139.22046,36.04555],[139.22629,36.04748],[139.2274,36.04673],[139.22935,36.04753],[139.22988,36.04836],[139.23239,36.04841],[139.23312,36.04934],[139.23527,36.05033],[139.23763,36.05027],[139.23912,36.05139],[139.23821,36.0525],[139.23827,36.0532],[139.23469,36.05485],[139.23188,36.05451],[139.22967,36.05324],[139.22766,36.05468],[139.22676,36.05615],[139.2256,36.05672],[139.22522,36.05923],[139.22343,36.05947],[139.2202,36.06096],[139.21567,36.06136],[139.2144,36.06305],[139.21257,36.0634],[139.21172,36.06421],[139.2103,36.06371],[139.20846,36.06468],[139.20643,36.06477],[139.20606,36.06593],[139.20308,36.06562],[139.20247,36.06701],[139.20091,36.06713],[139.20034,36.06786],[139.1977,36.06895],[139.19876,36.07039],[139.19885,36.07348],[139.20115,36.07422],[139.20258,36.07701],[139.20555,36.07663],[139.20624,36.0774],[139.20648,36.07786],[139.205,36.07907],[139.20625,36.08139],[139.20836,36.0826],[139.20854,36.08412],[139.21023,36.08512],[139.20984,36.08527],[139.21025,36.08736],[139.20878,36.08788],[139.20828,36.08917],[139.21046,36.08937],[139.21104,36.08869],[139.21227,36.08864],[139.21389,36.08706],[139.21773,36.08656],[139.2185,36.08686],[139.21909,36.08834],[139.21994,36.08894],[139.22,36.09013],[139.22123,36.09076],[139.22291,36.09023],[139.22354,36.09054],[139.22441,36.08937],[139.22445,36.08833],[139.22525,36.08779],[139.22511,36.08689],[139.22616,36.08651],[139.22665,36.08573],[139.22704,36.0857],[139.22724,36.08633],[139.22726,36.08813],[139.23217,36.08717],[139.23654,36.08767],[139.23759,36.08709],[139.23773,36.08635],[139.23851,36.08663],[139.24023,36.08614],[139.24204,36.08677],[139.24284,36.08577],[139.24246,36.08474],[139.24351,36.08357],[139.24442,36.0834],[139.24568,36.08396],[139.24636,36.08326],[139.24793,36.08307],[139.24937,36.08417],[139.25036,36.08363],[139.25258,36.08368],[139.25327,36.08404],[139.25379,36.0852],[139.25472,36.08527],[139.25538,36.08627],[139.25638,36.08565],[139.25706,36.08625],[139.25829,36.08636],[139.26006,36.08928],[139.26174,36.0899],[139.26079,36.09183],[139.26298,36.09273],[139.26408,36.09427],[139.26562,36.09455],[139.27077,36.09864],[139.27218,36.0976],[139.27584,36.0966],[139.27606,36.09594],[139.27681,36.09578],[139.27754,36.09422],[139.28096,36.093],[139.28157,36.09224],[139.28237,36.09292],[139.28319,36.0927],[139.28377,36.09136],[139.28428,36.09275],[139.28539,36.09255],[139.28608,36.09324],[139.28776,36.09263],[139.28798,36.09507],[139.28807,36.09397],[139.2887,36.09385],[139.28793,36.09288],[139.28838,36.09233],[139.28934,36.0926],[139.28986,36.09341],[139.29067,36.09341],[139.29102,36.09427],[139.2919,36.09421],[139.29404,36.0952],[139.29269,36.09528],[139.29013,36.09706],[139.29013,36.0975],[139.29097,36.09793],[139.29122,36.09898],[139.29361,36.09925],[139.29463,36.09865],[139.29423,36.09819],[139.29488,36.09813],[139.29669,36.09862],[139.29749,36.09812],[139.29834,36.096],[139.2992,36.09621],[139.29942,36.09552],[139.30106,36.09591],[139.30183,36.09392],[139.3005,36.09328],[139.30073,36.09245],[139.30009,36.09205],[139.30001,36.09114],[139.29808,36.08938],[139.29727,36.08975],[139.29626,36.08923],[139.29507,36.09079],[139.28955,36.08803],[139.29069,36.08607],[139.28999,36.08545],[139.29114,36.08527],[139.29117,36.0849],[139.29006,36.08471],[139.29049,36.08361],[139.29106,36.08291],[139.29201,36.08273],[139.29112,36.08188],[139.29103,36.08082],[139.29224,36.07989],[139.29316,36.07771],[139.29636,36.07589],[139.29952,36.0724],[139.30177,36.0712],[139.30307,36.06763],[139.30471,36.06689],[139.30876,36.06294],[139.30639,36.06102],[139.30546,36.05939],[139.30248,36.06018],[139.30002,36.05878],[139.29946,36.05774],[139.2997,36.05595],[139.2981,36.05495],[139.29736,36.0531],[139.29743,36.05142],[139.2961,36.0503],[139.29773,36.04955],[139.30019,36.04961],[139.29827,36.04807],[139.29964,36.0483],[139.30099,36.04686],[139.3005,36.04564],[139.29982,36.04534],[139.29979,36.04402],[139.29781,36.04231],[139.29531,36.04177],[139.2949,36.04052],[139.29344,36.03909],[139.29081,36.03769],[139.29135,36.0356],[139.29007,36.03437],[139.29314,36.03351],[139.29556,36.03374],[139.29599,36.03233],[139.29471,36.03166],[139.29466,36.03086],[139.291,36.03103],[139.28791,36.02926],[139.28594,36.02918],[139.28286,36.03005],[139.28092,36.02982],[139.27929,36.0288],[139.27821,36.02955],[139.2767,36.02937],[139.27611,36.03005],[139.27463,36.02931],[139.27343,36.02999],[139.27207,36.03003],[139.27173,36.02927],[139.27041,36.029],[139.26907,36.03061],[139.2679,36.03085],[139.26549,36.03261],[139.26259,36.03262],[139.26196,36.03172],[139.26107,36.03162],[139.25844,36.03371],[139.25768,36.0337],[139.25577,36.03247],[139.25187,36.03199],[139.2499,36.03352],[139.24768,36.03134]]]}},{"type":"Feature","properties":{"id":"muni-11346","name":"川島町"},"geometry":{"type":"Polygon","coordinates":[[[139.46056,36.01224],[139.47068,36.01824],[139.47375,36.01941],[139.47692,36.01978],[139.47977,36.01926],[139.48139,36.01952],[139.48985,36.01756],[139.49507,36.0161],[139.49531,36.01533],[139.49621,36.01501],[139.49747,36.01331],[139.49928,36.01378],[139.50327,36.01289],[139.50457,36.01219],[139.50433,36.00984],[139.50353,36.00841],[139.50402,36.00548],[139.50056,36.002],[139.50087,36.00096],[139.50236,35.99946],[139.50157,35.99621],[139.50245,35.9959],[139.50521,35.99632],[139.50864,35.99566],[139.51161,35.99168],[139.51178,35.98906],[139.51451,35.98728],[139.51621,35.9855],[139.51354,35.9854],[139.51199,35.98456],[139.51226,35.98378],[139.51391,35.98248],[139.51414,35.98067],[139.51867,35.97574],[139.52158,35.97846],[139.52338,35.97722],[139.52088,35.9749],[139.5235,35.97433],[139.52452,35.97208],[139.52682,35.97218],[139.5279,35.97161],[139.52818,35.97058],[139.52779,35.96986],[139.52437,35.96895],[139.52316,35.96819],[139.52293,35.96756],[139.52351,35.96663],[139.52849,35.96419],[139.52939,35.96262],[139.53022,35.96216],[139.53195,35.96327],[139.5331,35.96321],[139.53453,35.96066],[139.53511,35.96066],[139.53678,35.96219],[139.53899,35.96249],[139.54058,35.96037],[139.54055,35.95669],[139.54276,35.95508],[139.54537,35.95227],[139.54518,35.95098],[139.53812,35.94989],[139.53665,35.94898],[139.53606,35.948],[139.5349,35.94856],[139.53571,35.94942],[139.53475,35.95103],[139.53352,35.95135],[139.53315,35.95007],[139.53176,35.94987],[139.53177,35.94946],[139.52638,35.95089],[139.52643,35.9499],[139.52719,35.94998],[139.52662,35.94818],[139.52516,35.94877],[139.52424,35.94828],[139.51977,35.95044],[139.51618,35.95145],[139.51655,35.95225],[139.51374,35.95317],[139.51337,35.95258],[139.5074,35.95426],[139.50491,35.95413],[139.50439,35.95559],[139.50294,35.95602],[139.49956,35.95847],[139.49879,35.95797],[139.49732,35.95492],[139.49422,35.95543],[139.49122,35.95493],[139.48955,35.95555],[139.48935,35.95872],[139.48721,35.95929],[139.48583,35.95937],[139.48546,35.95894],[139.48723,35.95754],[139.48679,35.95648],[139.48381,35.95638],[139.48013,35.95693],[139.47895,35.95623],[139.47767,35.95647],[139.4764,35.95757],[139.47764,35.95993],[139.47652,35.96086],[139.47381,35.96005],[139.4707,35.96077],[139.47014,35.9589],[139.46949,35.95888],[139.46791,35.95965],[139.46756,35.96036],[139.46814,35.96054],[139.46558,35.96157],[139.46314,35.96128],[139.46263,35.96226],[139.46439,35.96302],[139.46337,35.96516],[139.46334,35.96629],[139.46074,35.96771],[139.46024,35.9688],[139.4602,35.96958],[139.46141,35.97095],[139.46125,35.97227],[139.46043,35.97288],[139.46019,35.97375],[139.45843,35.97477],[139.45798,35.97426],[139.45878,35.97292],[139.45842,35.97208],[139.45656,35.9736],[139.45596,35.97484],[139.4568,35.97636],[139.45509,35.97659],[139.45384,35.97789],[139.45466,35.97859],[139.4541,35.98009],[139.45276,35.98073],[139.45031,35.97929],[139.44881,35.97931],[139.44421,35.98111],[139.44295,35.98257],[139.44035,35.98361],[139.43975,35.98435],[139.44163,35.98578],[139.44183,35.98691],[139.44036,35.98723],[139.4376,35.98669],[139.43722,35.98711],[139.43653,35.98954],[139.43451,35.99252],[139.43455,35.99456],[139.43288,35.99749],[139.43151,35.9981],[139.42466,35.99759],[139.42334,35.99839],[139.4239,36.00013],[139.42287,36.00176],[139.42296,36.00299],[139.42506,36.00412],[139.42283,36.00616],[139.42406,36.00697],[139.42534,36.00672],[139.42566,36.00728],[139.42674,36.00689],[139.42632,36.00576],[139.42879,36.00516],[139.42956,36.00442],[139.43007,36.00513],[139.43315,36.00369],[139.43322,36.00402],[139.43394,36.00386],[139.43449,36.00484],[139.43952,36.00355],[139.44066,36.00377],[139.4426,36.00517],[139.44357,36.00517],[139.44598,36.00373],[139.44755,36.00469],[139.45001,36.0051],[139.45464,36.00505],[139.45483,36.00837],[139.45395,36.00832],[139.45517,36.01094],[139.45558,36.0112],[139.456,36.01054],[139.45663,36.01078],[139.45683,36.0117],[139.45779,36.01229],[139.45815,36.01156],[139.45892,36.01155],[139.45891,36.01256],[139.45989,36.01294],[139.46056,36.01224]]]}},{"type":"Feature","properties":{"id":"muni-11347","name":"吉見町"},"geometry":{"type":"MultiPolygon","coordinates":[[[[139.45055,36.01624],[139.44847,36.01608],[139.44868,36.01556],[139.44831,36.01531],[139.44569,36.01489],[139.44608,36.01449],[139.44447,36.01343],[139.44144,36.01335],[139.44158,36.01217],[139.44033,36.01267],[139.43958,36.01349],[139.43984,36.01463],[139.43891,36.01565],[139.43788,36.01876],[139.43521,36.02184],[139.43598,36.02272],[139.43536,36.02309],[139.43341,36.02298],[139.43321,36.02359],[139.43203,36.02369],[139.43226,36.0248],[139.42573,36.03101],[139.42408,36.0319],[139.4227,36.03428],[139.41978,36.0354],[139.41918,36.0348],[139.41829,36.03511],[139.41806,36.03562],[139.41858,36.03647],[139.42094,36.0385],[139.4208,36.03944],[139.41944,36.03948],[139.41915,36.04284],[139.41999,36.04353],[139.41968,36.04461],[139.42014,36.04456],[139.42076,36.04537],[139.42047,36.04573],[139.42108,36.0469],[139.42021,36.04682],[139.41956,36.0495],[139.41822,36.05048],[139.4173,36.05291],[139.41912,36.05284],[139.41922,36.0531],[139.41715,36.05326],[139.41624,36.05481],[139.41446,36.05403],[139.41366,36.05489],[139.41709,36.05585],[139.41905,36.05576],[139.41715,36.05821],[139.41727,36.06331],[139.41666,36.06428],[139.41879,36.06605],[139.42145,36.06971],[139.42312,36.07003],[139.4254,36.07153],[139.42605,36.07214],[139.4252,36.07246],[139.42581,36.07276],[139.42686,36.07225],[139.42818,36.07462],[139.43021,36.07351],[139.43492,36.07661],[139.43714,36.07663],[139.44176,36.07884],[139.4426,36.07975],[139.44497,36.08061],[139.44716,36.08298],[139.44626,36.08298],[139.44663,36.08342],[139.44904,36.08405],[139.4505,36.08381],[139.45297,36.08141],[139.45601,36.07973],[139.45911,36.07445],[139.46251,36.07301],[139.46613,36.07037],[139.46711,36.06729],[139.46935,36.06525],[139.47133,36.06175],[139.47296,36.06017],[139.48251,36.05908],[139.48236,36.05437],[139.48293,36.05315],[139.48572,36.05049],[139.48898,36.04967],[139.49091,36.0474],[139.49115,36.04533],[139.48939,36.04295],[139.48931,36.04178],[139.48988,36.04052],[139.49175,36.03938],[139.4922,36.03652],[139.49399,36.03548],[139.49617,36.03236],[139.49924,36.03056],[139.50038,36.02915],[139.50494,36.02744],[139.50435,36.02404],[139.5016,36.02081],[139.49947,36.01948],[139.49855,36.01819],[139.49827,36.01516],[139.49928,36.01378],[139.49834,36.01326],[139.49732,36.01341],[139.49621,36.01501],[139.49531,36.01533],[139.49507,36.0161],[139.48091,36.01957],[139.47977,36.01926],[139.47634,36.01978],[139.47299,36.01916],[139.46857,36.01716],[139.46047,36.0122],[139.4601,36.01294],[139.45901,36.01264],[139.45872,36.0115],[139.45804,36.01164],[139.45802,36.01228],[139.45708,36.01195],[139.45587,36.01253],[139.45476,36.0114],[139.45371,36.01345],[139.44996,36.01399],[139.45,36.01468],[139.45105,36.01438],[139.45135,36.01538],[139.45047,36.01559],[139.45055,36.01624]]],[[[139.42569,36.0765],[139.42923,36.08059],[139.43374,36.08266],[139.42985,36.08033],[139.4272,36.07775],[139.42743,36.07744],[139.42569,36.0765]]]]}},{"type":"Feature","properties":{"id":"muni-11348","name":"鳩山町"},"geometry":{"type":"Polygon","coordinates":[[[139.30205,35.98512],[139.2995,35.98545],[139.29719,35.98721],[139.29668,35.98812],[139.29542,35.98743],[139.29259,35.98828],[139.28824,35.99158],[139.28723,35.9936],[139.28756,35.99506],[139.28963,35.9965],[139.29052,35.9985],[139.2917,35.99853],[139.29303,35.99769],[139.29302,35.99671],[139.29364,35.99607],[139.29478,35.99665],[139.29592,35.99637],[139.29751,35.99417],[139.29981,35.99518],[139.30192,35.99474],[139.30276,35.997],[139.30371,35.99754],[139.30267,35.99884],[139.30231,36.00225],[139.30383,36.00283],[139.30514,36.00449],[139.30932,36.00657],[139.30916,36.00728],[139.31285,36.0079],[139.31272,36.00843],[139.31669,36.00912],[139.31918,36.01018],[139.32506,36.01018],[139.33094,36.00821],[139.33402,36.00801],[139.336,36.00681],[139.33727,36.00676],[139.33838,36.00783],[139.34366,36.00927],[139.34471,36.00855],[139.34766,36.00389],[139.34942,36.00409],[139.35153,36.00288],[139.35295,36.00367],[139.35438,36.00348],[139.3573,36.00245],[139.36021,36.00039],[139.36167,36.00037],[139.36156,35.99941],[139.36224,35.9989],[139.36335,35.99933],[139.36492,35.99877],[139.36612,35.99763],[139.36937,35.99636],[139.36942,35.99535],[139.37004,35.99544],[139.36871,35.99431],[139.36896,35.9937],[139.37123,35.99275],[139.37133,35.99145],[139.37198,35.99093],[139.37319,35.99086],[139.37706,35.98818],[139.37674,35.98793],[139.37775,35.98633],[139.3758,35.98623],[139.3745,35.98519],[139.37623,35.98255],[139.37732,35.98197],[139.3786,35.98252],[139.37952,35.98162],[139.37679,35.97911],[139.37428,35.97935],[139.36741,35.9769],[139.36524,35.97687],[139.36438,35.97764],[139.3628,35.97799],[139.3624,35.97665],[139.36015,35.9762],[139.35812,35.9768],[139.35716,35.97524],[139.35508,35.97365],[139.35477,35.9729],[139.35562,35.97229],[139.35499,35.97167],[139.35346,35.97247],[139.35231,35.97154],[139.34964,35.97145],[139.34901,35.97069],[139.34861,35.96774],[139.34795,35.96675],[139.34261,35.96726],[139.34174,35.96562],[139.33986,35.96457],[139.33898,35.96207],[139.3348,35.96183],[139.32984,35.96278],[139.32684,35.96216],[139.3259,35.96254],[139.32493,35.96444],[139.32332,35.96432],[139.32159,35.96496],[139.32136,35.96588],[139.32013,35.96615],[139.3179,35.96829],[139.31698,35.97021],[139.3155,35.97028],[139.31305,35.97221],[139.31261,35.97304],[139.31279,35.97402],[139.30937,35.97609],[139.30859,35.9774],[139.30834,35.97922],[139.3063,35.98034],[139.30553,35.98221],[139.30244,35.98434],[139.30205,35.98512]]]}},{"type":"Feature","properties":{"id":"muni-11349","name":"ときがわ町"},"geometry":{"type":"Polygon","coordinates":[[[139.202,35.96275],[139.20161,35.96581],[139.20095,35.96637],[139.19304,35.96782],[139.1907,35.96684],[139.18751,35.96739],[139.18634,35.96702],[139.18408,35.9687],[139.1803,35.96818],[139.17855,35.96986],[139.17772,35.97115],[139.1777,35.97252],[139.17592,35.97563],[139.17251,35.97814],[139.1739,35.9807],[139.17167,35.98256],[139.16926,35.98583],[139.17057,35.98646],[139.17214,35.98826],[139.17467,35.9892],[139.17593,35.99286],[139.17505,35.9947],[139.17648,35.99786],[139.18139,35.99766],[139.18607,35.99913],[139.18676,36.00177],[139.18839,36.00295],[139.19004,36.00571],[139.19098,36.00621],[139.1925,36.00571],[139.19345,36.00649],[139.19998,36.00628],[139.20205,36.00749],[139.20439,36.00769],[139.20669,36.00647],[139.20935,36.00691],[139.2098,36.00557],[139.21264,36.00575],[139.21335,36.006],[139.2136,36.00792],[139.21554,36.01154],[139.21902,36.01066],[139.22094,36.01114],[139.22371,36.01084],[139.22589,36.01279],[139.22621,36.01431],[139.22948,36.01861],[139.23104,36.01946],[139.23443,36.02026],[139.23463,36.02146],[139.23559,36.02226],[139.23546,36.02302],[139.23739,36.02359],[139.23984,36.02275],[139.24443,36.0223],[139.24499,36.0227],[139.2442,36.02364],[139.24483,36.02621],[139.2437,36.02769],[139.24508,36.03002],[139.24681,36.03059],[139.2499,36.03352],[139.25187,36.03199],[139.25672,36.03274],[139.25768,36.0337],[139.25883,36.03361],[139.26019,36.03195],[139.26107,36.03162],[139.26196,36.03172],[139.26259,36.03262],[139.26549,36.03261],[139.2679,36.03085],[139.26907,36.03061],[139.27047,36.02899],[139.27281,36.03007],[139.27463,36.02931],[139.27611,36.03005],[139.2767,36.02937],[139.27821,36.02955],[139.27929,36.0288],[139.28092,36.02982],[139.28286,36.03005],[139.28594,36.02918],[139.28791,36.02926],[139.291,36.03103],[139.29466,36.03086],[139.29471,36.03166],[139.29699,36.03273],[139.29769,36.0344],[139.30069,36.03659],[139.30033,36.03753],[139.30252,36.03812],[139.30268,36.03625],[139.30116,36.03493],[139.30066,36.03387],[139.30137,36.03245],[139.30082,36.02888],[139.30277,36.02793],[139.30368,36.02613],[139.30439,36.02604],[139.30437,36.02465],[139.30569,36.02366],[139.30493,36.02199],[139.30758,36.02081],[139.30887,36.02085],[139.30976,36.01835],[139.31072,36.01806],[139.31143,36.01661],[139.31303,36.01529],[139.31486,36.01581],[139.31521,36.01454],[139.3159,36.01511],[139.31652,36.013],[139.31566,36.01284],[139.31589,36.01202],[139.3165,36.01206],[139.31593,36.01179],[139.31669,36.00912],[139.30916,36.00728],[139.30932,36.00657],[139.30514,36.00449],[139.30383,36.00283],[139.30231,36.00225],[139.30267,35.99884],[139.30371,35.99754],[139.30276,35.997],[139.30192,35.99474],[139.29981,35.99518],[139.29751,35.99417],[139.29571,35.9965],[139.2946,35.99662],[139.29364,35.99607],[139.29302,35.99671],[139.29303,35.99769],[139.29188,35.99852],[139.29052,35.9985],[139.28963,35.9965],[139.28752,35.99498],[139.28723,35.9936],[139.28817,35.99133],[139.28706,35.99116],[139.28459,35.99217],[139.28247,35.99203],[139.28108,35.9935],[139.28023,35.99367],[139.27973,35.99306],[139.27977,35.9899],[139.27885,35.98841],[139.27734,35.98865],[139.27585,35.98801],[139.27444,35.98802],[139.27457,35.98661],[139.27357,35.98645],[139.27291,35.98558],[139.27155,35.98501],[139.26931,35.98471],[139.26907,35.98582],[139.26684,35.98561],[139.26603,35.98673],[139.2639,35.98687],[139.26199,35.98628],[139.26059,35.98656],[139.26088,35.98677],[139.26064,35.98693],[139.25948,35.98506],[139.25749,35.98538],[139.25592,35.98448],[139.25191,35.98602],[139.25094,35.98422],[139.25078,35.98267],[139.24695,35.98187],[139.2454,35.97849],[139.24417,35.97884],[139.24203,35.97753],[139.23841,35.97679],[139.23783,35.97601],[139.23493,35.97438],[139.23056,35.97445],[139.22938,35.97284],[139.22784,35.97232],[139.22542,35.96972],[139.22459,35.96956],[139.22383,35.96803],[139.22286,35.96791],[139.2222,35.96671],[139.22082,35.96576],[139.2187,35.96129],[139.21954,35.95893],[139.21625,35.95821],[139.21282,35.95634],[139.20805,35.96],[139.202,35.96275]]]}},{"type":"Feature","properties":{"id":"muni-11361","name":"横瀬町"},"geometry":{"type":"Polygon","coordinates":[[[139.16379,35.99578],[139.16654,35.99372],[139.1696,35.99252],[139.17203,35.99026],[139.17453,35.98909],[139.17214,35.98826],[139.16929,35.98565],[139.17167,35.98256],[139.1739,35.9807],[139.17251,35.97814],[139.17592,35.97563],[139.1787,35.9697],[139.17726,35.96819],[139.17651,35.96529],[139.17575,35.96497],[139.17565,35.96353],[139.17431,35.9604],[139.17444,35.95958],[139.17229,35.95968],[139.16998,35.95565],[139.16844,35.9543],[139.1685,35.95225],[139.16787,35.95067],[139.16822,35.94972],[139.16351,35.94891],[139.16258,35.94702],[139.16258,35.94602],[139.1605,35.94525],[139.1588,35.94567],[139.15694,35.94536],[139.1547,35.94352],[139.15379,35.94392],[139.15099,35.94309],[139.14809,35.94421],[139.14387,35.94209],[139.14219,35.9393],[139.14148,35.9395],[139.13807,35.93815],[139.13542,35.93805],[139.13383,35.93747],[139.13192,35.93766],[139.12947,35.93666],[139.12644,35.93628],[139.12575,35.93527],[139.12338,35.93472],[139.11717,35.93087],[139.11301,35.93077],[139.1124,35.93021],[139.10754,35.92911],[139.10277,35.92738],[139.10048,35.92844],[139.09929,35.93025],[139.09817,35.93433],[139.09571,35.93575],[139.09771,35.94083],[139.09621,35.94401],[139.09788,35.94834],[139.09767,35.95138],[139.09315,35.95447],[139.09276,35.95565],[139.09329,35.95804],[139.09283,35.95987],[139.09163,35.96075],[139.09005,35.96397],[139.08829,35.96613],[139.08787,35.96852],[139.08707,35.96881],[139.08679,35.97123],[139.08761,35.97192],[139.08714,35.97577],[139.09019,35.98255],[139.09005,35.98446],[139.09077,35.98572],[139.09061,35.98781],[139.09228,35.98882],[139.09018,35.98884],[139.09349,35.99073],[139.09308,35.9913],[139.09126,35.99191],[139.09337,35.99204],[139.09281,35.99298],[139.09356,35.99458],[139.09305,35.99496],[139.09318,35.99542],[139.09409,35.9961],[139.09473,35.99788],[139.09564,35.99851],[139.09547,35.99905],[139.09646,35.9998],[139.09762,35.99929],[139.09728,36.00065],[139.09988,36.00342],[139.10117,36.00623],[139.10088,36.00688],[139.1035,36.00671],[139.10645,36.00903],[139.10667,36.00767],[139.10753,36.00683],[139.1086,36.00854],[139.10914,36.00845],[139.10907,36.00813],[139.11028,36.00758],[139.10999,36.00711],[139.11102,36.00647],[139.11112,36.00509],[139.11228,36.00386],[139.11358,35.99887],[139.11527,35.99802],[139.11637,35.99877],[139.11686,35.99821],[139.11928,35.99748],[139.12119,35.99829],[139.12328,36.00028],[139.12627,36.00102],[139.13064,35.99974],[139.13707,35.9989],[139.13897,35.99785],[139.14194,35.9978],[139.14355,35.99853],[139.14545,35.99809],[139.1477,35.99678],[139.14973,35.9971],[139.15125,35.9964],[139.15387,35.99611],[139.15476,35.9954],[139.1584,35.99479],[139.16379,35.99578]]]}},{"type":"Feature","properties":{"id":"muni-11362","name":"皆野町"},"geometry":{"type":"Polygon","coordinates":[[[139.06949,36.06375],[139.05834,36.05913],[139.05758,36.06007],[139.05353,36.06103],[139.05611,36.06421],[139.05621,36.06591],[139.05543,36.067],[139.05501,36.06987],[139.05546,36.07111],[139.05529,36.07286],[139.05321,36.07274],[139.05065,36.07387],[139.04842,36.07384],[139.04655,36.0749],[139.04489,36.07475],[139.04111,36.07222],[139.04039,36.0707],[139.03542,36.07012],[139.03342,36.07086],[139.02803,36.07416],[139.02312,36.07599],[139.02122,36.07783],[139.02022,36.07798],[139.01827,36.08134],[139.01844,36.08236],[139.01638,36.0829],[139.01459,36.08516],[139.0073,36.08594],[139.00482,36.08547],[139.0043,36.08601],[139.00423,36.08748],[139.0049,36.09021],[139.00457,36.09088],[139.00607,36.09305],[139.00687,36.09562],[139.00754,36.09608],[139.00765,36.0976],[139.00973,36.09836],[139.01791,36.09801],[139.01843,36.0989],[139.02297,36.10032],[139.02651,36.10012],[139.02942,36.1009],[139.03299,36.10016],[139.03445,36.10031],[139.03506,36.10115],[139.03775,36.10266],[139.03869,36.10421],[139.04015,36.10411],[139.04101,36.10458],[139.04189,36.10648],[139.04366,36.10743],[139.04348,36.10884],[139.04448,36.11023],[139.045,36.11633],[139.04941,36.11926],[139.04972,36.12022],[139.05316,36.12347],[139.0537,36.12483],[139.05549,36.12493],[139.05656,36.12617],[139.05813,36.12547],[139.05889,36.12322],[139.06206,36.12305],[139.06301,36.12204],[139.06799,36.12067],[139.0689,36.11952],[139.0714,36.11963],[139.07123,36.11901],[139.07597,36.11968],[139.07736,36.12069],[139.07931,36.121],[139.0801,36.12187],[139.08253,36.12162],[139.08481,36.11604],[139.0868,36.11464],[139.08595,36.1123],[139.08635,36.11098],[139.08595,36.11026],[139.08643,36.10969],[139.08545,36.10844],[139.08743,36.10701],[139.08958,36.10665],[139.09018,36.10607],[139.08719,36.10543],[139.08661,36.10448],[139.08601,36.10251],[139.08675,36.10143],[139.08669,36.0989],[139.0848,36.0977],[139.08496,36.09658],[139.08786,36.09546],[139.08993,36.09409],[139.09036,36.09324],[139.09184,36.09302],[139.093,36.09165],[139.09284,36.09094],[139.09351,36.09046],[139.09726,36.08952],[139.09944,36.08993],[139.10298,36.08714],[139.10822,36.08755],[139.11058,36.08707],[139.11101,36.08691],[139.11086,36.08549],[139.11321,36.08469],[139.11387,36.08381],[139.11731,36.08529],[139.11865,36.08668],[139.11831,36.0879],[139.11698,36.08966],[139.11747,36.09073],[139.11717,36.09188],[139.1189,36.09213],[139.12362,36.0903],[139.12691,36.09019],[139.12823,36.08894],[139.12969,36.08954],[139.13218,36.08955],[139.13379,36.09028],[139.13548,36.08997],[139.13908,36.09105],[139.14059,36.08988],[139.14226,36.08948],[139.14257,36.09009],[139.14387,36.09032],[139.14406,36.09086],[139.14689,36.08842],[139.15079,36.08866],[139.1538,36.08673],[139.15428,36.08386],[139.15606,36.08251],[139.1556,36.08152],[139.15579,36.07801],[139.15654,36.07616],[139.15672,36.07369],[139.1574,36.07299],[139.15817,36.07014],[139.15659,36.06613],[139.15889,36.06363],[139.1585,36.06028],[139.15937,36.05917],[139.1585,36.05792],[139.15876,36.05678],[139.15578,36.05421],[139.15573,36.05293],[139.15716,36.0505],[139.15736,36.04597],[139.15573,36.04476],[139.15567,36.04351],[139.15451,36.04249],[139.15595,36.04027],[139.15586,36.03927],[139.15645,36.03827],[139.15682,36.0362],[139.15638,36.03441],[139.15659,36.03161],[139.153,36.02693],[139.14889,36.02868],[139.14384,36.02803],[139.14291,36.02937],[139.13909,36.0311],[139.13755,36.03129],[139.13653,36.03233],[139.1321,36.03319],[139.13062,36.03258],[139.12884,36.03396],[139.12777,36.03332],[139.12405,36.03461],[139.12429,36.03543],[139.12613,36.03606],[139.12531,36.0379],[139.12597,36.03898],[139.12317,36.04046],[139.12208,36.04236],[139.1196,36.04353],[139.11871,36.04627],[139.11913,36.04746],[139.11696,36.04956],[139.11713,36.05064],[139.11645,36.0523],[139.11557,36.05313],[139.11507,36.05589],[139.11055,36.059],[139.10624,36.06021],[139.10074,36.05908],[139.09986,36.05837],[139.09641,36.0574],[139.09545,36.05809],[139.09196,36.06291],[139.09061,36.06382],[139.08753,36.06481],[139.08617,36.0681],[139.08419,36.06598],[139.08078,36.06562],[139.07261,36.0625],[139.0707,36.06231],[139.07017,36.06346],[139.06949,36.06375]]]}},{"type":"Feature","properties":{"id":"muni-11363","name":"長瀞町"},"geometry":{"type":"Polygon","coordinates":[[[139.11702,36.0894],[139.11865,36.08668],[139.11731,36.08529],[139.11387,36.08381],[139.11321,36.08469],[139.11086,36.08549],[139.11101,36.08691],[139.11058,36.08707],[139.10822,36.08755],[139.10298,36.08714],[139.09944,36.08993],[139.09726,36.08952],[139.09351,36.09046],[139.09284,36.09094],[139.093,36.09165],[139.09184,36.09302],[139.09036,36.09324],[139.08993,36.09409],[139.08786,36.09546],[139.08496,36.09658],[139.0848,36.0977],[139.08669,36.0989],[139.08675,36.10143],[139.08601,36.10251],[139.08661,36.10448],[139.08719,36.10543],[139.09018,36.10607],[139.08958,36.10665],[139.08743,36.10701],[139.08545,36.10844],[139.08643,36.10969],[139.08595,36.11026],[139.08635,36.11098],[139.08595,36.1123],[139.0868,36.11464],[139.08481,36.11604],[139.08253,36.12162],[139.08224,36.12154],[139.083,36.12314],[139.08784,36.12368],[139.08761,36.12736],[139.08671,36.12913],[139.08787,36.13106],[139.09214,36.13558],[139.09551,36.13782],[139.09891,36.13765],[139.10016,36.13618],[139.10128,36.13651],[139.10349,36.14097],[139.10496,36.14182],[139.10625,36.14399],[139.10919,36.14356],[139.11186,36.14206],[139.11679,36.14403],[139.11945,36.14687],[139.12115,36.14643],[139.12277,36.14755],[139.12504,36.14823],[139.12656,36.14826],[139.12963,36.14606],[139.13183,36.14527],[139.13479,36.14493],[139.13659,36.14557],[139.13912,36.14365],[139.1405,36.1432],[139.14388,36.1427],[139.14578,36.14295],[139.14745,36.14153],[139.15367,36.14175],[139.1556,36.14047],[139.15837,36.13959],[139.15773,36.13814],[139.16069,36.13508],[139.1602,36.13341],[139.16064,36.13197],[139.16011,36.13096],[139.15775,36.13098],[139.15804,36.13277],[139.15628,36.13395],[139.15112,36.13307],[139.14852,36.13334],[139.14808,36.13281],[139.14782,36.13036],[139.14606,36.12921],[139.14673,36.12498],[139.14629,36.12385],[139.14684,36.12233],[139.14469,36.12063],[139.14199,36.12004],[139.1378,36.11784],[139.13865,36.11398],[139.13968,36.11341],[139.13882,36.10696],[139.13906,36.1044],[139.13861,36.1001],[139.13916,36.09931],[139.1372,36.09572],[139.13877,36.09379],[139.13908,36.09105],[139.13548,36.08997],[139.13379,36.09028],[139.13218,36.08955],[139.12969,36.08954],[139.12823,36.08894],[139.12691,36.09019],[139.12362,36.0903],[139.1189,36.09213],[139.11717,36.09188],[139.11747,36.09073],[139.11702,36.0894]]]}},{"type":"Feature","properties":{"id":"muni-11365","name":"小鹿野町"},"geometry":{"type":"Polygon","coordinates":[[[138.8544,35.99032],[138.85324,35.99083],[138.85264,35.9919],[138.85064,35.99328],[138.84972,35.99523],[138.84772,35.99548],[138.84524,35.99846],[138.84253,35.99959],[138.84198,36.00027],[138.83948,36.00087],[138.84017,36.00261],[138.84026,36.00526],[138.84083,36.00618],[138.83913,36.00748],[138.84061,36.0111],[138.83862,36.01361],[138.83883,36.01605],[138.83827,36.01997],[138.83936,36.02227],[138.84094,36.02274],[138.84162,36.02593],[138.84222,36.02666],[138.84146,36.02822],[138.84198,36.03001],[138.84018,36.03132],[138.83892,36.03354],[138.83815,36.03341],[138.83657,36.0341],[138.83489,36.03389],[138.83167,36.03475],[138.83006,36.0366],[138.82862,36.03722],[138.82919,36.04136],[138.83197,36.04485],[138.83214,36.04735],[138.83395,36.04848],[138.83476,36.05033],[138.83633,36.04962],[138.83855,36.05048],[138.84079,36.05438],[138.84291,36.05578],[138.84416,36.05982],[138.84552,36.06135],[138.84602,36.06629],[138.84763,36.0672],[138.84893,36.06726],[138.8509,36.06925],[138.85381,36.06902],[138.85514,36.06842],[138.85939,36.06983],[138.86262,36.07243],[138.86284,36.07373],[138.86399,36.07485],[138.86462,36.07714],[138.86736,36.07779],[138.86786,36.07862],[138.87098,36.07922],[138.87393,36.08112],[138.87724,36.08242],[138.88035,36.08337],[138.88458,36.08362],[138.88672,36.08424],[138.89227,36.08803],[138.89473,36.08763],[138.89795,36.09071],[138.90139,36.09122],[138.90241,36.09181],[138.90632,36.09218],[138.91092,36.09106],[138.91339,36.09202],[138.91361,36.09273],[138.91633,36.09406],[138.92155,36.09148],[138.92503,36.09113],[138.9261,36.08957],[138.92821,36.08948],[138.93121,36.08827],[138.93184,36.08597],[138.93178,36.08196],[138.93302,36.08058],[138.93336,36.07896],[138.93465,36.07841],[138.93567,36.07652],[138.93894,36.07477],[138.94034,36.07476],[138.94031,36.07239],[138.94358,36.07126],[138.94378,36.06941],[138.94478,36.0674],[138.94549,36.06655],[138.94688,36.06628],[138.94744,36.06499],[138.94835,36.06457],[138.95004,36.06208],[138.95156,36.06191],[138.95516,36.05963],[138.95928,36.05946],[138.96329,36.05616],[138.9654,36.05613],[138.96507,36.05547],[138.9662,36.05521],[138.96835,36.05532],[138.96879,36.05474],[138.97255,36.05337],[138.97197,36.0513],[138.97221,36.05023],[138.9712,36.04753],[138.97003,36.04681],[138.96893,36.04398],[138.96945,36.04324],[138.97386,36.04101],[138.97532,36.03965],[138.97756,36.03948],[138.97967,36.03837],[138.98325,36.0378],[138.98414,36.03429],[138.98658,36.03339],[138.99,36.03294],[138.99409,36.0306],[138.99674,36.03076],[138.99798,36.02941],[138.9994,36.02872],[139.00139,36.02876],[139.0026,36.02795],[139.0046,36.02786],[139.00642,36.02835],[139.00946,36.02788],[139.01362,36.02508],[139.01423,36.02385],[139.01581,36.02343],[139.01658,36.02189],[139.01772,36.0216],[139.02018,36.01827],[139.02108,36.01848],[139.02201,36.01801],[139.02428,36.01597],[139.02551,36.01618],[139.02666,36.01736],[139.02854,36.0178],[139.02866,36.0182],[139.03243,36.01863],[139.03317,36.01947],[139.03532,36.01931],[139.0383,36.0205],[139.03943,36.02184],[139.03885,36.0234],[139.0392,36.02397],[139.04464,36.02349],[139.04607,36.0228],[139.04589,36.02188],[139.04803,36.02196],[139.04864,36.02096],[139.04988,36.02072],[139.05035,36.01861],[139.04993,36.01726],[139.04792,36.01532],[139.04895,36.01449],[139.04985,36.01283],[139.04896,36.01229],[139.0487,36.01127],[139.05005,36.01003],[139.04968,36.00858],[139.04908,36.00858],[139.0494,36.0075],[139.04569,36.00416],[139.04013,36.00171],[139.04174,36.00048],[139.04413,35.99701],[139.04749,35.99448],[139.05207,35.99286],[139.05001,35.99182],[139.04884,35.99064],[139.04499,35.98363],[139.04386,35.98271],[139.0426,35.97952],[139.04321,35.97893],[139.04097,35.97607],[139.03839,35.9751],[139.03759,35.974],[139.03668,35.97411],[139.0357,35.97329],[139.03488,35.97379],[139.03386,35.97274],[139.03234,35.97247],[139.0311,35.97086],[139.0287,35.96964],[139.02869,35.9687],[139.02625,35.96826],[139.02532,35.96848],[139.02357,35.96793],[139.02021,35.96856],[139.01996,35.96799],[139.01729,35.96699],[139.01456,35.96804],[139.01275,35.96668],[139.01184,35.96768],[139.01249,35.96885],[139.01278,35.97178],[139.01087,35.97476],[139.00928,35.97619],[139.00847,35.97833],[139.00851,35.97996],[139.00355,35.98007],[139.00038,35.97928],[138.99736,35.97719],[138.993,35.97615],[138.99215,35.97746],[138.99221,35.97908],[138.98601,35.97893],[138.9845,35.97996],[138.98457,35.98082],[138.98389,35.98173],[138.9814,35.9832],[138.9801,35.98235],[138.97745,35.98169],[138.97376,35.9791],[138.97206,35.98051],[138.97078,35.98009],[138.97031,35.98104],[138.96955,35.98117],[138.96601,35.97887],[138.96431,35.97837],[138.96304,35.97824],[138.95782,35.97957],[138.95426,35.97697],[138.95252,35.97432],[138.95127,35.97349],[138.95113,35.97023],[138.94648,35.96952],[138.94432,35.96856],[138.94361,35.96794],[138.94311,35.96641],[138.93965,35.96686],[138.93841,35.96836],[138.93667,35.96922],[138.93462,35.96925],[138.93209,35.97027],[138.92874,35.97049],[138.92689,35.97005],[138.92431,35.96693],[138.92319,35.9667],[138.91867,35.96783],[138.91804,35.9689],[138.91816,35.96982],[138.91711,35.97025],[138.915,35.97047],[138.91342,35.97009],[138.91251,35.97082],[138.91025,35.97125],[138.90926,35.97213],[138.90544,35.9724],[138.90321,35.97428],[138.90154,35.97451],[138.89989,35.97542],[138.89854,35.97541],[138.89598,35.97305],[138.89155,35.97426],[138.88663,35.97449],[138.88382,35.97316],[138.8768,35.97634],[138.87486,35.97894],[138.8684,35.98129],[138.86599,35.98079],[138.86216,35.98415],[138.85763,35.98624],[138.85468,35.98917],[138.8544,35.99032]]]}},{"type":"Feature","properties":{"id":"muni-11369","name":"東秩父村"},"geometry":{"type":"Polygon","coordinates":[[[139.15817,36.07014],[139.1574,36.07299],[139.15672,36.07369],[139.15654,36.07616],[139.15579,36.07801],[139.1556,36.08152],[139.15606,36.08251],[139.15428,36.08386],[139.1538,36.08673],[139.15137,36.08825],[139.15177,36.0894],[139.15326,36.09058],[139.15454,36.09057],[139.1558,36.09118],[139.15632,36.09211],[139.15745,36.09275],[139.15854,36.09165],[139.16275,36.09083],[139.16532,36.08974],[139.1664,36.08877],[139.16904,36.08801],[139.17182,36.0884],[139.17421,36.09012],[139.17468,36.08771],[139.17371,36.08537],[139.17906,36.08016],[139.17975,36.07829],[139.18126,36.07687],[139.18275,36.07624],[139.18333,36.07443],[139.18428,36.07382],[139.1844,36.07308],[139.18665,36.07325],[139.18664,36.07132],[139.18713,36.07063],[139.19007,36.06931],[139.19209,36.06942],[139.19357,36.06853],[139.19782,36.06892],[139.20034,36.06786],[139.20091,36.06713],[139.20247,36.06701],[139.20308,36.06562],[139.20606,36.06593],[139.20643,36.06477],[139.20846,36.06468],[139.2103,36.06371],[139.21172,36.06421],[139.21257,36.0634],[139.2144,36.06305],[139.21567,36.06136],[139.2202,36.06096],[139.22343,36.05947],[139.22522,36.05923],[139.2256,36.05672],[139.22676,36.05615],[139.22766,36.05468],[139.22967,36.05324],[139.23188,36.05451],[139.23469,36.05485],[139.23827,36.0532],[139.23821,36.0525],[139.23912,36.05139],[139.23763,36.05027],[139.23527,36.05033],[139.23312,36.04934],[139.23239,36.04841],[139.22988,36.04836],[139.22935,36.04753],[139.2274,36.04673],[139.22629,36.04748],[139.22046,36.04555],[139.22021,36.04447],[139.2173,36.0415],[139.21655,36.04157],[139.21544,36.04057],[139.21207,36.03938],[139.21065,36.03798],[139.20963,36.03597],[139.20783,36.03509],[139.20528,36.0347],[139.20484,36.03386],[139.20212,36.03235],[139.19961,36.03023],[139.19926,36.02946],[139.19715,36.02961],[139.19417,36.0287],[139.19326,36.02911],[139.19176,36.02896],[139.18825,36.02797],[139.18731,36.02665],[139.18461,36.02471],[139.18461,36.02309],[139.18792,36.01895],[139.18764,36.01719],[139.19083,36.01368],[139.18919,36.0108],[139.19071,36.00758],[139.19026,36.00644],[139.19098,36.00621],[139.19004,36.00571],[139.18839,36.00295],[139.18676,36.00177],[139.18607,35.99913],[139.18139,35.99766],[139.17705,35.99769],[139.17592,35.99833],[139.17488,36.00063],[139.17278,36.00263],[139.16899,36.00435],[139.16447,36.00846],[139.16457,36.00954],[139.16317,36.01321],[139.1601,36.01514],[139.15898,36.01742],[139.15327,36.02306],[139.15352,36.02591],[139.153,36.02693],[139.15659,36.03161],[139.15638,36.03441],[139.15682,36.0362],[139.15645,36.03827],[139.15586,36.03927],[139.15595,36.04027],[139.15451,36.04249],[139.15567,36.04351],[139.15573,36.04476],[139.15736,36.04597],[139.15716,36.0505],[139.15573,36.05293],[139.15578,36.05421],[139.15876,36.05678],[139.1585,36.05792],[139.15937,36.05917],[139.1585,36.06028],[139.15889,36.06363],[139.15659,36.06613],[139.15817,36.07014]]]}},{"type":"Feature","properties":{"id":"muni-11381","name":"美里町"},"geometry":{"type":"MultiPolygon","coordinates":[[[[139.18028,36.13796],[139.17707,36.13507],[139.17478,36.13442],[139.17228,36.13298],[139.16987,36.13223],[139.16549,36.13186],[139.16268,36.13489],[139.16069,36.13508],[139.1592,36.13692],[139.15835,36.13731],[139.15763,36.13835],[139.15837,36.13959],[139.1556,36.14047],[139.15367,36.14175],[139.14745,36.14153],[139.14578,36.14295],[139.14388,36.1427],[139.1392,36.14362],[139.13713,36.14526],[139.13663,36.14773],[139.1388,36.14831],[139.14106,36.15026],[139.1422,36.15199],[139.14471,36.15214],[139.14687,36.15294],[139.14754,36.15374],[139.14708,36.15574],[139.14488,36.15758],[139.14469,36.15937],[139.14284,36.15989],[139.1425,36.16044],[139.14335,36.16134],[139.14279,36.16454],[139.14331,36.16502],[139.1447,36.16512],[139.14832,36.16777],[139.14986,36.1696],[139.15011,36.17144],[139.15159,36.17257],[139.15433,36.17621],[139.15293,36.1771],[139.1502,36.18131],[139.15094,36.18116],[139.15047,36.18137],[139.15078,36.18206],[139.15275,36.18192],[139.15359,36.1826],[139.15334,36.18435],[139.15539,36.18805],[139.1559,36.19092],[139.15661,36.19183],[139.16043,36.19294],[139.16151,36.19632],[139.15732,36.19626],[139.15698,36.19709],[139.15579,36.1973],[139.15447,36.19996],[139.15505,36.20018],[139.15626,36.19951],[139.15565,36.20087],[139.15623,36.20117],[139.1578,36.20016],[139.16035,36.20003],[139.16136,36.20136],[139.16195,36.2014],[139.16295,36.20512],[139.16495,36.20702],[139.16633,36.208],[139.16793,36.20802],[139.17252,36.21071],[139.18007,36.21105],[139.18151,36.21049],[139.18095,36.20972],[139.18254,36.20922],[139.19066,36.20956],[139.19155,36.20788],[139.19124,36.20656],[139.1942,36.20867],[139.19706,36.20896],[139.19733,36.19686],[139.20011,36.19687],[139.20182,36.19909],[139.20621,36.19941],[139.20739,36.19912],[139.20713,36.19873],[139.20853,36.19857],[139.20815,36.19698],[139.20866,36.19539],[139.20674,36.1894],[139.20801,36.18699],[139.19987,36.18303],[139.19908,36.18199],[139.19648,36.18266],[139.19579,36.18147],[139.19333,36.18089],[139.19232,36.17722],[139.19007,36.17661],[139.18965,36.17551],[139.1901,36.17473],[139.19,36.17325],[139.19358,36.17018],[139.19509,36.16683],[139.19659,36.16519],[139.19688,36.16299],[139.19807,36.16065],[139.19801,36.15889],[139.19506,36.15422],[139.19465,36.14848],[139.19399,36.14621],[139.19206,36.1439],[139.18971,36.14313],[139.18821,36.14209],[139.18728,36.14206],[139.18627,36.14093],[139.18303,36.13939],[139.18077,36.13736],[139.18038,36.13728],[139.18028,36.13796]]],[[[139.14883,36.19429],[139.14632,36.19419],[139.14586,36.19527],[139.14778,36.19659],[139.14868,36.19603],[139.14883,36.19429]]],[[[139.14967,36.1989],[139.15091,36.19901],[139.15185,36.19561],[139.15062,36.19543],[139.14921,36.1944],[139.14879,36.19723],[139.14967,36.1989]]],[[[139.1522,36.19569],[139.15164,36.19915],[139.15251,36.19948],[139.15404,36.19888],[139.1552,36.1959],[139.1522,36.19569]]]]}},{"type":"Feature","properties":{"id":"muni-11383","name":"神川町"},"geometry":{"type":"Polygon","coordinates":[[[139.01958,36.1312],[139.0213,36.13144],[139.02375,36.13385],[139.02491,36.13389],[139.02648,36.13295],[139.02552,36.13023],[139.02866,36.12975],[139.03235,36.12711],[139.03697,36.12621],[139.04172,36.12781],[139.0432,36.13111],[139.04129,36.13374],[139.04099,36.13642],[139.0416,36.13836],[139.0408,36.13957],[139.04279,36.14826],[139.04669,36.14901],[139.04738,36.1498],[139.04718,36.15156],[139.04803,36.15214],[139.06011,36.15234],[139.06213,36.15277],[139.06148,36.15607],[139.06259,36.15811],[139.06388,36.15911],[139.06192,36.16269],[139.05922,36.16396],[139.05815,36.16497],[139.05952,36.16607],[139.05835,36.16731],[139.05848,36.16863],[139.05753,36.16967],[139.05782,36.17297],[139.05735,36.17689],[139.05683,36.17867],[139.05615,36.179],[139.05562,36.1819],[139.05664,36.18345],[139.0584,36.18466],[139.06246,36.18568],[139.06431,36.1869],[139.06473,36.189],[139.06356,36.1938],[139.06364,36.19594],[139.07945,36.21091],[139.082,36.21856],[139.08436,36.22176],[139.08974,36.23131],[139.09408,36.235],[139.096,36.23733],[139.09867,36.2363],[139.09757,36.234],[139.09952,36.23355],[139.09925,36.23321],[139.10137,36.23146],[139.10459,36.23237],[139.10466,36.23279],[139.10648,36.23258],[139.10736,36.23292],[139.10892,36.23412],[139.10927,36.23516],[139.11043,36.23539],[139.11336,36.22711],[139.11192,36.22678],[139.11222,36.22597],[139.11485,36.22637],[139.11565,36.22397],[139.11699,36.22444],[139.11741,36.22346],[139.1188,36.22308],[139.11842,36.22016],[139.11965,36.2203],[139.11957,36.21898],[139.12014,36.21886],[139.11969,36.21867],[139.11992,36.2182],[139.1214,36.21846],[139.12075,36.21895],[139.12195,36.21928],[139.12168,36.21956],[139.12317,36.22065],[139.1239,36.22022],[139.12637,36.22301],[139.12882,36.22159],[139.13026,36.2232],[139.1343,36.22103],[139.13512,36.22199],[139.13635,36.22134],[139.13207,36.21646],[139.12972,36.21782],[139.12779,36.21569],[139.12937,36.21419],[139.12978,36.21429],[139.13047,36.21186],[139.12645,36.2059],[139.12908,36.20408],[139.12968,36.20411],[139.12953,36.20236],[139.12883,36.20092],[139.12745,36.20081],[139.12683,36.20016],[139.12611,36.2007],[139.12551,36.20012],[139.1261,36.19974],[139.12465,36.19826],[139.12313,36.19856],[139.12264,36.19974],[139.11948,36.20171],[139.12148,36.20375],[139.12088,36.2042],[139.1183,36.20421],[139.11558,36.20621],[139.11437,36.20645],[139.11369,36.20769],[139.10981,36.20725],[139.10838,36.2077],[139.10741,36.20751],[139.10944,36.20625],[139.10995,36.20453],[139.10931,36.20181],[139.11132,36.20175],[139.11163,36.19994],[139.1083,36.19804],[139.10718,36.1963],[139.10677,36.1964],[139.10468,36.19474],[139.10352,36.19475],[139.10389,36.19459],[139.1022,36.1931],[139.09828,36.19155],[139.09859,36.19086],[139.09722,36.1919],[139.09919,36.19236],[139.09892,36.19271],[139.10048,36.19351],[139.09893,36.19315],[139.09919,36.19372],[139.09873,36.19373],[139.09819,36.19306],[139.09668,36.19386],[139.09572,36.19251],[139.09407,36.19263],[139.0939,36.19124],[139.09272,36.18913],[139.08958,36.18794],[139.08552,36.18875],[139.08527,36.18685],[139.08506,36.18879],[139.08393,36.18953],[139.08345,36.18938],[139.08344,36.18852],[139.08266,36.1877],[139.08338,36.18705],[139.08269,36.187],[139.08199,36.1876],[139.08167,36.18666],[139.08231,36.1866],[139.08258,36.18473],[139.07892,36.18358],[139.07979,36.18214],[139.07699,36.17959],[139.0767,36.1779],[139.07544,36.17697],[139.07817,36.17591],[139.07572,36.17437],[139.07575,36.17211],[139.07514,36.17096],[139.07728,36.16996],[139.07833,36.16853],[139.07678,36.1675],[139.0765,36.16679],[139.07837,36.16426],[139.07859,36.1627],[139.07762,36.16189],[139.07398,36.16127],[139.06979,36.16228],[139.06904,36.16295],[139.06744,36.16209],[139.06762,36.16058],[139.06701,36.15997],[139.06785,36.15801],[139.06957,36.15713],[139.06837,36.15325],[139.06981,36.15124],[139.06987,36.15018],[139.07303,36.14887],[139.07492,36.14899],[139.07542,36.14808],[139.07229,36.14364],[139.07218,36.14239],[139.06763,36.14389],[139.06471,36.14133],[139.0631,36.13912],[139.06097,36.13376],[139.06009,36.13333],[139.05809,36.13338],[139.05781,36.13207],[139.05883,36.13058],[139.05679,36.12635],[139.05549,36.12493],[139.0537,36.12483],[139.05316,36.12347],[139.04972,36.12022],[139.04941,36.11926],[139.045,36.11633],[139.04448,36.11023],[139.04348,36.10884],[139.04373,36.10762],[139.04189,36.10648],[139.04101,36.10458],[139.04015,36.10411],[139.03869,36.10421],[139.03736,36.10231],[139.03506,36.10115],[139.03428,36.10023],[139.02942,36.1009],[139.02651,36.10012],[139.02178,36.10019],[139.01843,36.0989],[139.01791,36.09801],[139.00973,36.09836],[139.00757,36.09758],[139.00654,36.09845],[139.0052,36.09853],[139.00351,36.09753],[138.9969,36.09709],[138.99316,36.09536],[138.99277,36.09448],[138.99179,36.09584],[138.98997,36.09693],[138.99077,36.09924],[138.98948,36.10012],[138.98856,36.10405],[138.98711,36.1057],[138.98243,36.10875],[138.97709,36.10975],[138.97652,36.11072],[138.97622,36.11152],[138.97678,36.11186],[138.97705,36.11296],[138.97601,36.11423],[138.97671,36.11568],[138.97675,36.11714],[138.97894,36.11622],[138.98168,36.11722],[138.98476,36.11566],[138.98576,36.11571],[138.98717,36.11761],[138.98904,36.11782],[138.99192,36.12316],[138.99345,36.12494],[138.99611,36.12574],[139.0013,36.12523],[139.00296,36.12613],[139.0066,36.12955],[139.00665,36.13018],[139.00383,36.13195],[139.00393,36.13265],[139.00485,36.13338],[139.00616,36.13339],[139.01036,36.13209],[139.01565,36.13408],[139.01705,36.13222],[139.01958,36.1312]]]}},{"type":"Feature","properties":{"id":"muni-11385","name":"上里町"},"geometry":{"type":"Polygon","coordinates":[[[139.12882,36.22159],[139.12637,36.22301],[139.1239,36.22022],[139.12317,36.22065],[139.12168,36.21956],[139.12195,36.21928],[139.12075,36.21895],[139.1214,36.21846],[139.11992,36.2182],[139.11969,36.21867],[139.12014,36.21886],[139.11957,36.21898],[139.11965,36.2203],[139.11842,36.22016],[139.1188,36.22308],[139.11741,36.22346],[139.11699,36.22444],[139.11565,36.22397],[139.11485,36.22637],[139.11222,36.22597],[139.11192,36.22678],[139.11336,36.22711],[139.11043,36.23539],[139.10927,36.23516],[139.10892,36.23412],[139.10736,36.23292],[139.10648,36.23258],[139.10466,36.23279],[139.10459,36.23237],[139.10137,36.23146],[139.09925,36.23321],[139.09952,36.23355],[139.09757,36.234],[139.09867,36.2363],[139.096,36.23733],[139.10256,36.24743],[139.10466,36.24946],[139.11143,36.25822],[139.10975,36.25882],[139.10794,36.26058],[139.10747,36.26169],[139.10773,36.26208],[139.11078,36.26442],[139.11294,36.2668],[139.11798,36.26905],[139.12689,36.2785],[139.12961,36.28353],[139.13041,36.28334],[139.13148,36.28105],[139.1348,36.2782],[139.14658,36.27863],[139.15771,36.27785],[139.16343,36.27901],[139.16943,36.27485],[139.16833,36.26704],[139.16923,36.26646],[139.16823,36.26583],[139.16727,36.26673],[139.16433,36.26617],[139.16187,36.26424],[139.16377,36.26266],[139.16237,36.26159],[139.16446,36.26099],[139.16446,36.26055],[139.1661,36.25982],[139.16397,36.25756],[139.16322,36.25803],[139.16259,36.25755],[139.16091,36.25514],[139.16178,36.25475],[139.16127,36.2541],[139.15999,36.25301],[139.15794,36.25233],[139.15532,36.25018],[139.15671,36.24994],[139.15597,36.24852],[139.15671,36.24783],[139.15799,36.24751],[139.15827,36.24795],[139.15943,36.24792],[139.15952,36.24708],[139.16047,36.24712],[139.1603,36.24621],[139.15928,36.24508],[139.1611,36.24424],[139.15943,36.24211],[139.16291,36.2405],[139.16271,36.2397],[139.16317,36.23878],[139.16799,36.23905],[139.17083,36.23973],[139.17176,36.23872],[139.1707,36.23837],[139.17018,36.23919],[139.16975,36.23914],[139.17054,36.23787],[139.16889,36.23724],[139.16901,36.23677],[139.16833,36.23698],[139.16681,36.23594],[139.16681,36.23547],[139.16558,36.235],[139.16557,36.23452],[139.16332,36.23402],[139.16032,36.23493],[139.14911,36.22674],[139.14838,36.22638],[139.14836,36.22673],[139.14721,36.22663],[139.14704,36.22573],[139.146,36.22634],[139.14517,36.2254],[139.14583,36.22501],[139.14441,36.22335],[139.14356,36.22386],[139.14291,36.22303],[139.14143,36.22389],[139.13825,36.22024],[139.13512,36.22199],[139.1343,36.22103],[139.13026,36.2232],[139.12882,36.22159]]]}},{"type":"Feature","properties":{"id":"muni-11408","name":"寄居町"},"geometry":{"type":"Polygon","coordinates":[[[139.21026,36.08941],[139.20828,36.08917],[139.20878,36.08788],[139.21025,36.08736],[139.20984,36.08527],[139.21023,36.08512],[139.20854,36.08412],[139.20836,36.0826],[139.20625,36.08139],[139.205,36.07907],[139.20648,36.07786],[139.20589,36.07685],[139.20258,36.07701],[139.20115,36.07422],[139.19885,36.07348],[139.19876,36.07039],[139.19768,36.06878],[139.19559,36.06897],[139.19504,36.06854],[139.19357,36.06853],[139.19209,36.06942],[139.19007,36.06931],[139.18713,36.07063],[139.18664,36.07132],[139.18665,36.07325],[139.1844,36.07308],[139.18428,36.07382],[139.18333,36.07443],[139.18275,36.07624],[139.18126,36.07687],[139.17975,36.07829],[139.17906,36.08016],[139.17371,36.08537],[139.17468,36.08771],[139.17421,36.09012],[139.17182,36.0884],[139.16904,36.08801],[139.1664,36.08877],[139.16532,36.08974],[139.16275,36.09083],[139.15854,36.09165],[139.15745,36.09275],[139.15528,36.09091],[139.15326,36.09058],[139.15177,36.0894],[139.15142,36.08838],[139.14727,36.08832],[139.14406,36.09086],[139.14387,36.09032],[139.14257,36.09009],[139.14226,36.08948],[139.14011,36.09016],[139.13885,36.09135],[139.13877,36.09379],[139.13721,36.09561],[139.13916,36.09931],[139.13861,36.1001],[139.13906,36.1044],[139.13882,36.10696],[139.13968,36.11341],[139.13865,36.11398],[139.1378,36.11784],[139.14199,36.12004],[139.14469,36.12063],[139.14684,36.12233],[139.14629,36.12385],[139.14673,36.12498],[139.14606,36.12921],[139.14782,36.13036],[139.14808,36.13281],[139.14852,36.13334],[139.15112,36.13307],[139.15628,36.13395],[139.15804,36.13277],[139.15775,36.13098],[139.16011,36.13096],[139.16064,36.13197],[139.1602,36.13341],[139.16069,36.13508],[139.16268,36.13489],[139.16549,36.13186],[139.17078,36.1324],[139.17707,36.13507],[139.17968,36.1377],[139.18028,36.13796],[139.18038,36.13728],[139.18077,36.13736],[139.18303,36.13939],[139.18627,36.14093],[139.18728,36.14206],[139.18821,36.14209],[139.18971,36.14313],[139.19206,36.1439],[139.19399,36.14621],[139.19465,36.14848],[139.19506,36.15422],[139.19801,36.15889],[139.19807,36.16065],[139.19688,36.16299],[139.19664,36.1651],[139.19509,36.16683],[139.19416,36.16942],[139.19,36.17325],[139.1901,36.17473],[139.18963,36.17539],[139.19007,36.17661],[139.19255,36.17448],[139.19793,36.17276],[139.19772,36.17227],[139.19868,36.17211],[139.19861,36.17175],[139.20166,36.17089],[139.20461,36.16838],[139.20922,36.16623],[139.21654,36.16174],[139.21644,36.16114],[139.21808,36.16006],[139.21855,36.16051],[139.22075,36.15909],[139.22162,36.15997],[139.2238,36.15851],[139.22655,36.16126],[139.23296,36.15701],[139.22857,36.1526],[139.22794,36.15244],[139.22743,36.15071],[139.22626,36.15063],[139.22626,36.15141],[139.22452,36.15121],[139.2241,36.15171],[139.22082,36.15107],[139.21302,36.14784],[139.2132,36.14661],[139.21249,36.14582],[139.20593,36.14256],[139.19981,36.14124],[139.19542,36.13958],[139.19491,36.13998],[139.19055,36.13877],[139.1887,36.13914],[139.18575,36.13752],[139.18337,36.13775],[139.18076,36.13667],[139.18067,36.13453],[139.18277,36.13508],[139.18359,36.13427],[139.18682,36.13324],[139.1888,36.1342],[139.19055,36.13363],[139.19468,36.1373],[139.19536,36.13683],[139.20021,36.1371],[139.20114,36.13644],[139.20246,36.13673],[139.2027,36.13604],[139.20457,36.13646],[139.20482,36.1357],[139.20706,36.13618],[139.20667,36.1343],[139.20882,36.1344],[139.2087,36.13399],[139.21199,36.13295],[139.21215,36.13233],[139.21462,36.13263],[139.2164,36.12764],[139.21613,36.12427],[139.21667,36.12223],[139.21762,36.12107],[139.21677,36.11993],[139.22421,36.11719],[139.22624,36.11713],[139.22979,36.11829],[139.24868,36.11837],[139.25195,36.11895],[139.25326,36.11982],[139.25326,36.11847],[139.25407,36.11802],[139.25505,36.11598],[139.25692,36.11638],[139.25808,36.11584],[139.26487,36.11818],[139.27306,36.1192],[139.27459,36.11684],[139.27558,36.11655],[139.27384,36.11542],[139.27458,36.11265],[139.27524,36.11254],[139.27551,36.11195],[139.27511,36.11168],[139.27486,36.11214],[139.2737,36.11164],[139.27406,36.11102],[139.27226,36.11047],[139.26775,36.10975],[139.2649,36.10855],[139.26552,36.10747],[139.26326,36.10787],[139.2623,36.10726],[139.26258,36.10688],[139.26293,36.10648],[139.26567,36.10699],[139.27317,36.10628],[139.27488,36.10691],[139.27612,36.10602],[139.28466,36.11022],[139.2837,36.10714],[139.28378,36.10438],[139.28764,36.10681],[139.28809,36.10678],[139.28882,36.10598],[139.28922,36.1033],[139.28878,36.10234],[139.28913,36.10064],[139.2881,36.09919],[139.28878,36.09808],[139.29122,36.09898],[139.29097,36.09793],[139.29013,36.0975],[139.29013,36.09706],[139.29269,36.09528],[139.29404,36.0952],[139.2919,36.09421],[139.29102,36.09427],[139.29067,36.09341],[139.28986,36.09341],[139.28934,36.0926],[139.28838,36.09233],[139.28793,36.09288],[139.2887,36.09385],[139.28807,36.09397],[139.28798,36.09507],[139.28776,36.09263],[139.28608,36.09324],[139.28539,36.09255],[139.28428,36.09275],[139.28377,36.09136],[139.28319,36.0927],[139.28237,36.09292],[139.28157,36.09224],[139.28096,36.093],[139.27754,36.09422],[139.27681,36.09578],[139.27606,36.09594],[139.27584,36.0966],[139.27218,36.0976],[139.27077,36.09864],[139.26562,36.09455],[139.26408,36.09427],[139.26298,36.09273],[139.26079,36.09183],[139.26174,36.0899],[139.26006,36.08928],[139.25829,36.08636],[139.25706,36.08625],[139.25638,36.08565],[139.25538,36.08627],[139.25472,36.08527],[139.25379,36.0852],[139.25327,36.08404],[139.25258,36.08368],[139.25036,36.08363],[139.24937,36.08417],[139.24793,36.08307],[139.24636,36.08326],[139.24568,36.08396],[139.24442,36.0834],[139.24351,36.08357],[139.24246,36.08474],[139.24284,36.08577],[139.24204,36.08677],[139.24023,36.08614],[139.23851,36.08663],[139.23773,36.08635],[139.23759,36.08709],[139.23654,36.08767],[139.23217,36.08717],[139.22726,36.08813],[139.22724,36.08633],[139.22704,36.0857],[139.22665,36.08573],[139.22616,36.08651],[139.22511,36.08689],[139.22525,36.08779],[139.22445,36.08833],[139.22441,36.08937],[139.22354,36.09054],[139.22291,36.09023],[139.22123,36.09076],[139.22,36.09013],[139.21994,36.08894],[139.21909,36.08834],[139.2185,36.08686],[139.21773,36.08656],[139.21389,36.08706],[139.21227,36.08864],[139.21104,36.08869],[139.21026,36.08941]]]}},{"type":"Feature","properties":{"id":"muni-11442","name":"宮代町"},"geometry":{"type":"Polygon","coordinates":[[[139.71624,36.00385],[139.7112,36.00557],[139.71081,36.00705],[139.70826,36.00966],[139.70914,36.01026],[139.70739,36.01122],[139.70701,36.0108],[139.70399,36.01421],[139.70472,36.01544],[139.70545,36.015],[139.70592,36.01556],[139.70851,36.01581],[139.70882,36.01778],[139.70803,36.01877],[139.7097,36.01946],[139.70791,36.02201],[139.70696,36.02216],[139.70628,36.02286],[139.70481,36.02549],[139.70246,36.02698],[139.69857,36.02778],[139.69669,36.02754],[139.69201,36.02815],[139.69212,36.0285],[139.68959,36.029],[139.68854,36.02965],[139.68841,36.03075],[139.68778,36.0315],[139.68786,36.03326],[139.68726,36.03323],[139.68491,36.03481],[139.68577,36.03504],[139.685,36.03581],[139.68621,36.03734],[139.68542,36.03737],[139.68577,36.03811],[139.68304,36.04085],[139.68372,36.04219],[139.68594,36.04273],[139.68752,36.0437],[139.68836,36.04363],[139.68914,36.04587],[139.68822,36.046],[139.68667,36.04745],[139.68693,36.04816],[139.6846,36.0577],[139.69918,36.05576],[139.70053,36.0536],[139.70046,36.05264],[139.69883,36.05069],[139.69626,36.05051],[139.69619,36.04984],[139.70026,36.0456],[139.70432,36.04221],[139.7086,36.03968],[139.70909,36.03814],[139.70755,36.03599],[139.708,36.03543],[139.71136,36.03491],[139.72076,36.03082],[139.72643,36.02654],[139.73295,36.02611],[139.73545,36.02428],[139.73792,36.02148],[139.74367,36.02008],[139.74457,36.01919],[139.74522,36.01689],[139.74594,36.01604],[139.75186,36.01354],[139.75303,36.01175],[139.75303,36.01021],[139.75232,36.00914],[139.74643,36.00585],[139.74414,36.00332],[139.74344,36.0016],[139.74498,35.99684],[139.74374,35.99677],[139.74234,35.99793],[139.74217,35.99879],[139.74059,35.99816],[139.73401,35.998],[139.72968,35.99903],[139.7286,35.99811],[139.72772,35.99917],[139.72631,35.99941],[139.72473,35.99909],[139.72428,35.99845],[139.72242,35.99828],[139.71751,36.00121],[139.71701,36.00302],[139.71592,36.00351],[139.71624,36.00385]]]}},{"type":"Feature","properties":{"id":"muni-11464","name":"杉戸町"},"geometry":{"type":"Polygon","coordinates":[[[139.74394,36.01987],[139.73792,36.02148],[139.73545,36.02428],[139.73269,36.02624],[139.72643,36.02654],[139.72076,36.03082],[139.71136,36.03491],[139.70782,36.0356],[139.70755,36.03599],[139.70909,36.03814],[139.7086,36.03968],[139.70432,36.04221],[139.70026,36.0456],[139.69611,36.05004],[139.69626,36.05051],[139.69883,36.05069],[139.70026,36.05226],[139.7006,36.05336],[139.69924,36.05555],[139.69878,36.05748],[139.70189,36.06058],[139.7029,36.06228],[139.70467,36.06184],[139.70626,36.06036],[139.7075,36.06046],[139.70981,36.05903],[139.70891,36.05839],[139.71284,36.05533],[139.71686,36.05138],[139.71676,36.05202],[139.71856,36.0526],[139.71958,36.05361],[139.72199,36.05351],[139.72282,36.05266],[139.72444,36.05369],[139.72598,36.0523],[139.72477,36.05109],[139.72583,36.05046],[139.72522,36.04968],[139.72615,36.04912],[139.72547,36.04839],[139.72698,36.04726],[139.72769,36.04734],[139.72754,36.04516],[139.72987,36.04444],[139.73169,36.0461],[139.73473,36.04432],[139.73366,36.0429],[139.73952,36.04064],[139.74091,36.04329],[139.74048,36.04341],[139.74129,36.0451],[139.74508,36.04503],[139.74709,36.04876],[139.74757,36.04998],[139.74658,36.0506],[139.74648,36.05222],[139.74565,36.05243],[139.74548,36.05308],[139.74846,36.05255],[139.74551,36.05377],[139.74484,36.05342],[139.74593,36.0549],[139.74674,36.05539],[139.74904,36.05427],[139.75222,36.05462],[139.7526,36.05544],[139.75611,36.05245],[139.75659,36.05277],[139.75737,36.0522],[139.75913,36.05353],[139.76108,36.05097],[139.76078,36.05076],[139.75917,36.05224],[139.75865,36.05188],[139.7594,36.05118],[139.75861,36.05059],[139.75883,36.05034],[139.76044,36.04938],[139.76025,36.04994],[139.76067,36.05022],[139.76194,36.04917],[139.7647,36.04488],[139.76746,36.04227],[139.76844,36.04288],[139.76909,36.04231],[139.7719,36.04278],[139.77463,36.03934],[139.77487,36.038],[139.77525,36.03799],[139.77629,36.03881],[139.7759,36.04027],[139.7765,36.04116],[139.77777,36.04145],[139.77784,36.04221],[139.77916,36.04167],[139.77981,36.04205],[139.77965,36.04298],[139.78027,36.04456],[139.77898,36.04606],[139.77939,36.04963],[139.77905,36.05045],[139.78058,36.05094],[139.78085,36.0562],[139.78566,36.05533],[139.78703,36.05628],[139.7871,36.05733],[139.78874,36.05767],[139.78807,36.05872],[139.78848,36.06082],[139.78683,36.05926],[139.78528,36.05982],[139.78522,36.05854],[139.78466,36.05854],[139.78419,36.06059],[139.78639,36.06017],[139.78802,36.0614],[139.78972,36.06196],[139.79088,36.05863],[139.79489,36.05575],[139.79772,36.05211],[139.8014,36.04947],[139.80438,36.04489],[139.80648,36.04343],[139.80453,36.0381],[139.80534,36.03705],[139.806,36.03483],[139.80465,36.03522],[139.80294,36.03384],[139.80096,36.0332],[139.79886,36.03555],[139.79866,36.03651],[139.77793,36.02596],[139.78019,36.01952],[139.78382,36.01728],[139.78341,36.01626],[139.7837,36.01523],[139.7826,36.01407],[139.78345,36.013],[139.78335,36.01248],[139.78018,36.01211],[139.77912,36.01129],[139.78112,36.01042],[139.78125,36.00501],[139.77912,36.00445],[139.77717,36.00665],[139.77618,36.00613],[139.7753,36.00717],[139.77624,36.00773],[139.77555,36.00851],[139.77459,36.00795],[139.77384,36.00884],[139.7733,36.00735],[139.77198,36.00847],[139.7706,36.00751],[139.77015,36.00794],[139.76942,36.00742],[139.76964,36.00628],[139.76887,36.00634],[139.76867,36.005],[139.7648,36.0054],[139.76456,36.00459],[139.76008,36.00478],[139.75763,35.99955],[139.75254,36.00067],[139.74731,36.00037],[139.74733,36.00106],[139.74592,36.00148],[139.74485,36.00079],[139.74392,36.00104],[139.74344,36.0016],[139.74364,36.00231],[139.746,36.00543],[139.75192,36.00878],[139.75291,36.00993],[139.75311,36.01092],[139.75289,36.01227],[139.75186,36.01354],[139.7455,36.01643],[139.74394,36.01987]]]}},{"type":"Feature","properties":{"id":"muni-11465","name":"松伏町"},"geometry":{"type":"Polygon","coordinates":[[[139.81706,35.91554],[139.80746,35.91667],[139.80551,35.91792],[139.80442,35.92041],[139.80461,35.92268],[139.80548,35.92399],[139.8087,35.9264],[139.81634,35.92864],[139.81796,35.93041],[139.81817,35.93175],[139.81382,35.93666],[139.81027,35.93976],[139.80269,35.94134],[139.80437,35.9438],[139.80366,35.94582],[139.8056,35.94669],[139.80587,35.9474],[139.80503,35.94928],[139.80629,35.95199],[139.80485,35.95434],[139.80555,35.95481],[139.80788,35.95321],[139.80926,35.95289],[139.82045,35.96589],[139.82287,35.96374],[139.82369,35.96402],[139.8235,35.96439],[139.82515,35.96419],[139.8271,35.96525],[139.82921,35.9646],[139.82841,35.96606],[139.83101,35.96656],[139.83083,35.96746],[139.83287,35.96933],[139.83405,35.96813],[139.83475,35.9664],[139.83513,35.96402],[139.83494,35.96052],[139.83805,35.95335],[139.84762,35.93967],[139.84965,35.93808],[139.84584,35.93597],[139.84306,35.93628],[139.8422,35.93743],[139.83912,35.9391],[139.83543,35.93871],[139.83295,35.93975],[139.83261,35.93928],[139.83082,35.9397],[139.83091,35.93884],[139.83552,35.93462],[139.83971,35.9333],[139.84037,35.93428],[139.84161,35.93378],[139.83972,35.92885],[139.83981,35.92779],[139.83888,35.92734],[139.83844,35.92777],[139.83711,35.92701],[139.83675,35.92439],[139.83816,35.92289],[139.83709,35.92226],[139.83691,35.92096],[139.83616,35.92046],[139.8361,35.91527],[139.84092,35.9181],[139.84338,35.9154],[139.84193,35.91486],[139.84283,35.91329],[139.84524,35.91332],[139.84629,35.91252],[139.84685,35.9128],[139.84753,35.91204],[139.84809,35.91238],[139.84862,35.91173],[139.84194,35.90783],[139.83735,35.90603],[139.83641,35.90714],[139.83462,35.90778],[139.8274,35.90717],[139.82349,35.90845],[139.8219,35.91052],[139.82099,35.91328],[139.81967,35.91472],[139.81706,35.91554]]]}}]}