{"type":"FeatureCollection","features":[{"type":"Feature","properties":{"id":"muni-16201","name":"富山市"},"geometry":{"type":"Polygon","coordinates":[[[137.09194,36.66897],[137.09141,36.67051],[137.09315,36.67169],[137.09379,36.67339],[137.09426,36.67361],[137.09422,36.67432],[137.09616,36.6762],[137.09533,36.67934],[137.09662,36.67848],[137.09797,36.67886],[137.09963,36.68139],[137.09984,36.68407],[137.10088,36.68442],[137.10187,36.68293],[137.101,36.68183],[137.10207,36.68218],[137.103,36.68189],[137.10152,36.68088],[137.10269,36.68101],[137.10282,36.67994],[137.10375,36.68169],[137.10466,36.68118],[137.10514,36.68161],[137.1056,36.68136],[137.10593,36.68197],[137.10754,36.68076],[137.10843,36.68149],[137.11002,36.68182],[137.11101,36.68453],[137.11068,36.68485],[137.11118,36.68476],[137.11127,36.68554],[137.11211,36.68543],[137.11206,36.68487],[137.11274,36.6847],[137.11412,36.68573],[137.11725,36.68464],[137.11722,36.68495],[137.11873,36.68483],[137.11892,36.68541],[137.11919,36.68512],[137.11994,36.68562],[137.11994,36.68611],[137.12145,36.68614],[137.12129,36.68668],[137.12228,36.6871],[137.12204,36.68789],[137.1229,36.68806],[137.12265,36.6889],[137.12387,36.68914],[137.12382,36.68992],[137.12466,36.69064],[137.12422,36.69267],[137.12286,36.69257],[137.12282,36.69304],[137.12191,36.69326],[137.12257,36.69484],[137.12408,36.69466],[137.12526,36.69511],[137.12553,36.69672],[137.12453,36.6968],[137.12434,36.69834],[137.12341,36.69868],[137.12344,36.70046],[137.12236,36.70096],[137.12337,36.70151],[137.12306,36.70212],[137.12434,36.70239],[137.12456,36.70406],[137.12228,36.70472],[137.1214,36.70428],[137.12212,36.70565],[137.12105,36.70601],[137.12078,36.70701],[137.12124,36.70705],[137.12122,36.70746],[137.12021,36.70754],[137.12027,36.70806],[137.11848,36.70815],[137.11841,36.71009],[137.11915,36.71018],[137.11919,36.71054],[137.1187,36.71057],[137.11969,36.71157],[137.12393,36.71204],[137.12389,36.71236],[137.12551,36.7122],[137.12564,36.7135],[137.12645,36.71387],[137.1268,36.71469],[137.12408,36.71477],[137.12456,36.71654],[137.12436,36.71764],[137.12555,36.71786],[137.12554,36.71848],[137.12836,36.71861],[137.12834,36.71898],[137.13041,36.71955],[137.13096,36.72096],[137.13166,36.72099],[137.13155,36.72382],[137.13221,36.72383],[137.13217,36.72538],[137.13286,36.72541],[137.13284,36.72575],[137.13526,36.7258],[137.13625,36.7245],[137.13769,36.72408],[137.13876,36.724],[137.13991,36.72493],[137.14145,36.7253],[137.14575,36.72438],[137.14722,36.73144],[137.14886,36.73433],[137.14945,36.73414],[137.15031,36.73593],[137.15175,36.73548],[137.15214,36.73645],[137.1493,36.73733],[137.15033,36.73783],[137.14972,36.73793],[137.15114,36.74081],[137.15241,36.7404],[137.15313,36.74162],[137.15479,36.74102],[137.1555,36.74235],[137.15706,36.74181],[137.15775,36.74313],[137.15938,36.74256],[137.16012,36.74397],[137.16143,36.7435],[137.16213,36.74479],[137.16676,36.74316],[137.16716,36.74383],[137.16975,36.74347],[137.17112,36.74532],[137.17222,36.74478],[137.17228,36.74565],[137.17467,36.74557],[137.17476,36.747],[137.17808,36.74678],[137.17823,36.74818],[137.17922,36.7481],[137.17965,36.75694],[137.18021,36.75778],[137.18239,36.75726],[137.18746,36.75714],[137.18752,36.75767],[137.18772,36.75713],[137.19018,36.75734],[137.19086,36.7579],[137.19032,36.75845],[137.19118,36.75774],[137.18938,36.7595],[137.19052,36.76042],[137.19262,36.76121],[137.19003,36.75984],[137.19063,36.7599],[137.19183,36.75876],[137.19409,36.76045],[137.19306,36.76139],[137.19463,36.761],[137.19494,36.76145],[137.19502,36.761],[137.19919,36.7599],[137.2022,36.75936],[137.20308,36.75979],[137.20413,36.75933],[137.2053,36.75994],[137.20639,36.75931],[137.20754,36.75968],[137.2121,36.7596],[137.21243,36.75964],[137.21225,36.76025],[137.21243,36.75993],[137.21265,36.7603],[137.2141,36.76032],[137.21496,36.76112],[137.21677,36.76078],[137.22002,36.76113],[137.22118,36.75861],[137.22007,36.75855],[137.21912,36.75605],[137.21867,36.75582],[137.21889,36.75537],[137.21854,36.75541],[137.21863,36.7546],[137.21752,36.75249],[137.21739,36.75067],[137.21602,36.74694],[137.21616,36.74592],[137.21965,36.74589],[137.21966,36.7494],[137.22087,36.75099],[137.22119,36.7551],[137.22572,36.76541],[137.2246,36.76226],[137.22473,36.76107],[137.22358,36.75843],[137.22426,36.75785],[137.22339,36.7551],[137.22204,36.75427],[137.22166,36.75229],[137.2218,36.74611],[137.22228,36.74612],[137.22213,36.75007],[137.22254,36.75272],[137.22298,36.75304],[137.2253,36.75256],[137.22814,36.76154],[137.23025,36.76074],[137.23033,36.76113],[137.22917,36.7616],[137.22929,36.76198],[137.22842,36.76236],[137.22812,36.76203],[137.22805,36.76224],[137.22869,36.76251],[137.22913,36.76435],[137.22778,36.76561],[137.22908,36.76456],[137.23175,36.76461],[137.23101,36.76456],[137.23102,36.76387],[137.23416,36.76433],[137.23438,36.76575],[137.2306,36.76647],[137.23471,36.76581],[137.23506,36.76492],[137.24094,36.76481],[137.24158,36.76515],[137.24309,36.76483],[137.24394,36.76522],[137.24993,36.76443],[137.25921,36.762],[137.26054,36.76185],[137.26095,36.76225],[137.26536,36.7614],[137.26969,36.76153],[137.27062,36.76115],[137.27293,36.76142],[137.28267,36.75897],[137.28448,36.75876],[137.28492,36.75918],[137.28533,36.75869],[137.28827,36.75806],[137.2911,36.75815],[137.29279,36.75756],[137.29256,36.75693],[137.29434,36.75588],[137.29589,36.75623],[137.29657,36.75692],[137.29928,36.75727],[137.30029,36.7581],[137.30021,36.75754],[137.30146,36.75767],[137.30178,36.75684],[137.3015,36.75719],[137.30065,36.75675],[137.30108,36.75567],[137.30179,36.75585],[137.30149,36.75659],[137.30184,36.7567],[137.30241,36.75547],[137.30327,36.75569],[137.30268,36.7573],[137.30395,36.75748],[137.30258,36.75756],[137.30139,36.75922],[137.30144,36.75951],[137.30286,36.75909],[137.30364,36.75953],[137.31016,36.75949],[137.31542,36.75871],[137.31592,36.75849],[137.31524,36.75556],[137.31565,36.75457],[137.31658,36.75417],[137.3191,36.75485],[137.32036,36.75453],[137.32167,36.75246],[137.32378,36.7506],[137.32562,36.75064],[137.32569,36.75178],[137.32774,36.75133],[137.33086,36.74748],[137.33065,36.74545],[137.33112,36.74441],[137.33391,36.74325],[137.33723,36.74267],[137.3383,36.74165],[137.33853,36.74074],[137.33972,36.74058],[137.33982,36.74006],[137.33849,36.74003],[137.33923,36.7389],[137.33556,36.735],[137.33528,36.7345],[137.33561,36.73402],[137.33496,36.73387],[137.33627,36.73202],[137.33743,36.73135],[137.34101,36.73076],[137.34091,36.72846],[137.34212,36.72848],[137.34313,36.72638],[137.34082,36.72585],[137.34123,36.72562],[137.34037,36.72553],[137.34044,36.72503],[137.33931,36.72492],[137.33942,36.72423],[137.33707,36.72399],[137.33695,36.72485],[137.33582,36.72474],[137.33574,36.72533],[137.33438,36.7252],[137.33417,36.72566],[137.3322,36.7261],[137.33025,36.72564],[137.32655,36.72572],[137.32435,36.72798],[137.32285,36.72753],[137.32277,36.72682],[137.32138,36.72689],[137.32202,36.72066],[137.32609,36.71625],[137.3241,36.71552],[137.319,36.7162],[137.31768,36.71302],[137.31717,36.71317],[137.31717,36.71203],[137.3154,36.71252],[137.31295,36.71123],[137.31084,36.71165],[137.31024,36.71051],[137.31038,36.70892],[137.30846,36.70771],[137.30663,36.70828],[137.30707,36.71021],[137.30801,36.71159],[137.3059,36.71297],[137.30383,36.7121],[137.30359,36.71142],[137.30233,36.71137],[137.30222,36.71076],[137.3002,36.71069],[137.30005,36.70911],[137.29815,36.70909],[137.29744,36.70763],[137.2944,36.70495],[137.29436,36.70357],[137.29145,36.70093],[137.29121,36.69797],[137.29075,36.69714],[137.2896,36.69755],[137.28884,36.6962],[137.28772,36.6981],[137.2865,36.69512],[137.28583,36.69529],[137.28564,36.69604],[137.27785,36.69493],[137.27868,36.68894],[137.27957,36.68594],[137.28118,36.6828],[137.28287,36.67499],[137.28293,36.67085],[137.2838,36.665],[137.28338,36.65537],[137.28029,36.65539],[137.28017,36.65334],[137.28313,36.65341],[137.28376,36.64693],[137.28724,36.63807],[137.29323,36.62977],[137.29671,36.62607],[137.3033,36.6165],[137.30798,36.61134],[137.30933,36.61041],[137.31574,36.6019],[137.31802,36.59777],[137.31858,36.59333],[137.32132,36.58927],[137.32554,36.58536],[137.33216,36.58277],[137.33408,36.57915],[137.33995,36.57619],[137.34515,36.57446],[137.35445,36.57297],[137.36255,36.57085],[137.36737,36.57275],[137.37474,36.5723],[137.37776,36.57418],[137.38273,36.57557],[137.39012,36.57629],[137.39219,36.57696],[137.39997,36.57754],[137.40593,36.57913],[137.41411,36.5826],[137.41664,36.58255],[137.4191,36.58339],[137.42734,36.58287],[137.43449,36.58473],[137.43825,36.58483],[137.44176,36.58413],[137.44145,36.58231],[137.44189,36.58112],[137.44491,36.58007],[137.44759,36.58002],[137.45007,36.57862],[137.45466,36.57416],[137.45693,36.57272],[137.46072,36.57248],[137.46427,36.57088],[137.4677,36.57048],[137.47198,36.56684],[137.47337,36.56659],[137.47453,36.5656],[137.47791,36.56574],[137.48187,36.56703],[137.48483,36.56625],[137.48625,36.56521],[137.48823,36.56526],[137.49047,36.56313],[137.49317,36.56185],[137.49541,36.55889],[137.49644,36.5589],[137.49797,36.55758],[137.49972,36.55769],[137.50142,36.55891],[137.50221,36.55888],[137.50463,36.5558],[137.5066,36.55541],[137.50945,36.5527],[137.50959,36.55079],[137.50787,36.54885],[137.5099,36.54743],[137.51426,36.54648],[137.51641,36.54677],[137.51955,36.54572],[137.52091,36.54468],[137.52382,36.54539],[137.52954,36.54839],[137.53231,36.548],[137.53341,36.5485],[137.53645,36.54852],[137.54112,36.54784],[137.54384,36.5462],[137.54613,36.54638],[137.54722,36.54711],[137.54867,36.54635],[137.55024,36.54625],[137.55069,36.54653],[137.55093,36.54821],[137.55297,36.54897],[137.5555,36.54808],[137.55675,36.54818],[137.55933,36.55014],[137.5595,36.5513],[137.56044,36.55227],[137.56284,36.55327],[137.56657,36.55333],[137.5701,36.55556],[137.57352,36.55595],[137.57695,36.5551],[137.57823,36.55554],[137.57935,36.55503],[137.58067,36.5558],[137.58221,36.55601],[137.58629,36.55555],[137.58982,36.55462],[137.59223,36.55202],[137.59815,36.54976],[137.59981,36.54783],[137.6017,36.54712],[137.60315,36.54556],[137.60735,36.53963],[137.61048,36.53722],[137.61283,36.53644],[137.61369,36.53553],[137.62116,36.53576],[137.62346,36.53622],[137.62622,36.53772],[137.62844,36.53804],[137.63159,36.53704],[137.63298,36.53562],[137.63409,36.53533],[137.63632,36.53292],[137.63925,36.5329],[137.64228,36.53398],[137.64391,36.53362],[137.64389,36.53234],[137.64164,36.53078],[137.64402,36.52721],[137.64501,36.52704],[137.64603,36.52588],[137.64706,36.52579],[137.64685,36.525],[137.6475,36.52443],[137.64694,36.52364],[137.64796,36.52261],[137.65141,36.52164],[137.6527,36.52025],[137.65448,36.51956],[137.65553,36.51947],[137.65724,36.5203],[137.65922,36.52174],[137.66067,36.52215],[137.6632,36.52415],[137.66529,36.52433],[137.66752,36.52546],[137.67047,36.52536],[137.67262,36.52658],[137.67374,36.52587],[137.67769,36.52518],[137.6813,36.52282],[137.68341,36.52263],[137.69176,36.51967],[137.69329,36.51966],[137.69456,36.5201],[137.69526,36.52122],[137.69716,36.52251],[137.69936,36.52664],[137.70205,36.52721],[137.70372,36.52659],[137.70284,36.52427],[137.70425,36.52062],[137.70546,36.51894],[137.70557,36.51769],[137.7037,36.51751],[137.70132,36.51556],[137.69724,36.51451],[137.6943,36.51054],[137.69281,36.51079],[137.69177,36.51268],[137.68995,36.5136],[137.68557,36.51363],[137.68488,36.51273],[137.68298,36.51263],[137.67739,36.51425],[137.67639,36.51191],[137.67554,36.5112],[137.67257,36.51024],[137.67033,36.51032],[137.66885,36.50931],[137.66809,36.50677],[137.66707,36.50627],[137.6675,36.50492],[137.66696,36.49992],[137.66743,36.4958],[137.6666,36.4939],[137.66542,36.493],[137.66344,36.49385],[137.66014,36.49365],[137.65759,36.49296],[137.65354,36.49047],[137.65266,36.48901],[137.65111,36.4877],[137.6523,36.4873],[137.65165,36.48575],[137.65186,36.48492],[137.65086,36.47963],[137.65182,36.47972],[137.65265,36.47762],[137.65307,36.47754],[137.65299,36.47623],[137.6551,36.47333],[137.65561,36.47212],[137.65533,36.47135],[137.65638,36.46912],[137.65647,36.46775],[137.65534,36.46641],[137.65482,36.46453],[137.65523,36.4592],[137.65414,36.45855],[137.65171,36.45849],[137.64768,36.45448],[137.64619,36.45386],[137.64443,36.45174],[137.6442,36.45055],[137.64283,36.44849],[137.64013,36.4459],[137.64009,36.44334],[137.63891,36.44132],[137.6389,36.43979],[137.63762,36.43835],[137.63789,36.43761],[137.63705,36.43551],[137.63708,36.43411],[137.63787,36.43245],[137.63734,36.43108],[137.63592,36.42953],[137.63513,36.42776],[137.6333,36.42656],[137.6319,36.42476],[137.6287,36.42363],[137.62307,36.42371],[137.62251,36.42275],[137.62171,36.42264],[137.6175,36.41876],[137.61526,36.4188],[137.61264,36.41982],[137.60797,36.41962],[137.60882,36.41799],[137.60794,36.41657],[137.60788,36.41555],[137.60655,36.41391],[137.60313,36.41235],[137.60386,36.41147],[137.60368,36.40855],[137.60535,36.40488],[137.60517,36.40268],[137.6002,36.39942],[137.59672,36.39445],[137.59386,36.39357],[137.59207,36.38963],[137.58586,36.38993],[137.58438,36.39079],[137.5802,36.39139],[137.57807,36.39299],[137.57688,36.39318],[137.57366,36.39246],[137.57149,36.38934],[137.56831,36.38974],[137.56508,36.38806],[137.56257,36.38776],[137.56125,36.38706],[137.55897,36.38834],[137.55399,36.38885],[137.54939,36.3903],[137.54599,36.39003],[137.54102,36.39159],[137.53986,36.39265],[137.53966,36.39461],[137.53825,36.39495],[137.53603,36.39733],[137.53271,36.39915],[137.53224,36.40104],[137.53094,36.40305],[137.52537,36.40377],[137.52446,36.40543],[137.52037,36.40627],[137.51953,36.40701],[137.51698,36.41049],[137.51545,36.41154],[137.51563,36.41354],[137.51437,36.41404],[137.51257,36.41633],[137.51201,36.41941],[137.51215,36.42239],[137.51129,36.42395],[137.50916,36.4245],[137.50622,36.42433],[137.50385,36.42563],[137.49718,36.42581],[137.49067,36.42347],[137.48316,36.42364],[137.47433,36.42526],[137.47302,36.42219],[137.47177,36.42152],[137.46854,36.41704],[137.46163,36.41325],[137.46078,36.4123],[137.46002,36.41221],[137.45561,36.41373],[137.45237,36.41631],[137.45013,36.41587],[137.44968,36.41656],[137.44735,36.41577],[137.44509,36.41308],[137.44482,36.41386],[137.44375,36.41444],[137.44204,36.4141],[137.43989,36.41626],[137.43962,36.41769],[137.43895,36.41754],[137.43728,36.41835],[137.43636,36.42039],[137.43539,36.42081],[137.43365,36.42086],[137.43199,36.42159],[137.4287,36.42099],[137.42712,36.42004],[137.42721,36.42111],[137.42658,36.42208],[137.42297,36.42287],[137.42104,36.4228],[137.41954,36.42446],[137.418,36.42474],[137.41698,36.42583],[137.41333,36.42553],[137.41087,36.42463],[137.40896,36.42507],[137.40354,36.42715],[137.40232,36.43025],[137.39839,36.43312],[137.39826,36.43375],[137.39685,36.43466],[137.3961,36.43621],[137.39532,36.43643],[137.39562,36.43938],[137.395,36.43976],[137.39538,36.44076],[137.39483,36.44153],[137.39539,36.44271],[137.39489,36.44498],[137.39523,36.44604],[137.39458,36.44744],[137.3947,36.44859],[137.39593,36.45045],[137.39493,36.45279],[137.39492,36.45539],[137.39265,36.4581],[137.38973,36.45986],[137.38906,36.4574],[137.3859,36.4557],[137.38443,36.45654],[137.38266,36.45499],[137.37979,36.45465],[137.37818,36.45286],[137.37683,36.45237],[137.37525,36.45314],[137.37405,36.45304],[137.37319,36.45367],[137.3708,36.45333],[137.37062,36.45364],[137.36645,36.45082],[137.36166,36.44988],[137.36074,36.44681],[137.3586,36.44475],[137.35804,36.44358],[137.358,36.44258],[137.35946,36.44033],[137.35867,36.43669],[137.35687,36.43574],[137.35134,36.4346],[137.35118,36.43289],[137.35005,36.43271],[137.34765,36.43409],[137.34335,36.4332],[137.33811,36.4336],[137.33522,36.43109],[137.33483,36.43004],[137.33346,36.42982],[137.33078,36.4308],[137.32734,36.42836],[137.32503,36.42849],[137.32276,36.42639],[137.31917,36.42444],[137.31316,36.4249],[137.30862,36.4293],[137.30864,36.43159],[137.30672,36.43221],[137.30592,36.43368],[137.30663,36.43479],[137.3053,36.43542],[137.30497,36.43604],[137.30761,36.43804],[137.30886,36.43981],[137.31356,36.44184],[137.31212,36.44496],[137.31365,36.44655],[137.31385,36.44775],[137.31344,36.44899],[137.31779,36.45116],[137.31688,36.45362],[137.31629,36.45759],[137.31685,36.46091],[137.3132,36.46117],[137.30889,36.46289],[137.30862,36.46378],[137.30625,36.46386],[137.3036,36.46183],[137.30093,36.4615],[137.29958,36.45883],[137.29849,36.45826],[137.293,36.46008],[137.28974,36.46005],[137.28777,36.46148],[137.28565,36.46124],[137.28214,36.46457],[137.27909,36.46499],[137.2772,36.46446],[137.27275,36.46194],[137.26987,36.46125],[137.26638,36.45965],[137.26502,36.45844],[137.26399,36.45828],[137.26284,36.45537],[137.2603,36.45346],[137.25856,36.45311],[137.25604,36.45083],[137.25458,36.45442],[137.25193,36.45619],[137.25177,36.45842],[137.24859,36.46042],[137.24801,36.46189],[137.24664,36.46139],[137.24251,36.45777],[137.24045,36.45463],[137.23963,36.452],[137.23699,36.45011],[137.23494,36.44706],[137.23329,36.44605],[137.23223,36.44463],[137.23131,36.44419],[137.22753,36.44436],[137.22231,36.44361],[137.22056,36.44043],[137.21889,36.43889],[137.21717,36.43854],[137.21541,36.43927],[137.21379,36.43871],[137.21323,36.43792],[137.21304,36.43553],[137.21407,36.43089],[137.21249,36.4303],[137.20864,36.43159],[137.20794,36.43087],[137.20733,36.42831],[137.20598,36.4277],[137.20489,36.43111],[137.20517,36.43417],[137.20482,36.4369],[137.19975,36.44143],[137.19824,36.44482],[137.19839,36.446],[137.19472,36.44653],[137.19308,36.44784],[137.19387,36.45013],[137.19372,36.45216],[137.19423,36.45328],[137.19165,36.45449],[137.19142,36.45529],[137.18554,36.45304],[137.18225,36.45237],[137.1798,36.45222],[137.17761,36.45356],[137.17587,36.45046],[137.17507,36.44985],[137.17306,36.45366],[137.1716,36.4548],[137.1685,36.45547],[137.16413,36.45452],[137.16184,36.45625],[137.15995,36.45641],[137.15895,36.45538],[137.15843,36.45342],[137.15602,36.45183],[137.15513,36.44935],[137.15259,36.44765],[137.15147,36.44811],[137.1471,36.44599],[137.1451,36.44615],[137.14441,36.44575],[137.14442,36.44507],[137.14247,36.44317],[137.14354,36.43827],[137.13712,36.43787],[137.13474,36.43518],[137.13232,36.43439],[137.1321,36.43319],[137.13294,36.43192],[137.13126,36.43135],[137.1299,36.42981],[137.13,36.42863],[137.12756,36.424],[137.12602,36.42273],[137.12433,36.42208],[137.1224,36.41743],[137.12044,36.4167],[137.1193,36.41819],[137.11745,36.41878],[137.11604,36.41624],[137.11125,36.41503],[137.111,36.41417],[137.10985,36.41323],[137.10996,36.41209],[137.10914,36.41064],[137.10821,36.41006],[137.10925,36.40748],[137.10461,36.40476],[137.10398,36.402],[137.10158,36.40051],[137.10164,36.39922],[137.09825,36.39962],[137.09737,36.39886],[137.09598,36.39947],[137.09446,36.39776],[137.09248,36.39671],[137.09192,36.39563],[137.09236,36.39474],[137.0947,36.39304],[137.09514,36.39153],[137.09461,36.38993],[137.09556,36.38917],[137.09548,36.3856],[137.09482,36.3838],[137.09161,36.38428],[137.09118,36.38324],[137.09023,36.38276],[137.08771,36.38264],[137.08414,36.38409],[137.0809,36.38374],[137.07883,36.38434],[137.07613,36.38338],[137.07531,36.38211],[137.07373,36.38191],[137.07254,36.38056],[137.07117,36.3801],[137.07005,36.37779],[137.06809,36.37714],[137.06606,36.37532],[137.0607,36.37416],[137.05936,36.37352],[137.05794,36.37184],[137.05588,36.37164],[137.05523,36.37107],[137.05355,36.3709],[137.05309,36.37023],[137.05066,36.36983],[137.04988,36.37083],[137.04857,36.37071],[137.04795,36.37207],[137.04724,36.37215],[137.04711,36.37343],[137.04787,36.37385],[137.04859,36.37583],[137.04966,36.37681],[137.04853,36.3799],[137.04901,36.38078],[137.05046,36.38146],[137.0505,36.38311],[137.05006,36.38352],[137.05114,36.38455],[137.05163,36.38671],[137.0536,36.38739],[137.05388,36.38988],[137.05461,36.39072],[137.05478,36.39315],[137.05593,36.39393],[137.05617,36.39507],[137.0573,36.39575],[137.05855,36.39771],[137.05862,36.39844],[137.05678,36.4024],[137.0572,36.40899],[137.05803,36.41043],[137.0566,36.41141],[137.05618,36.41228],[137.05842,36.41601],[137.05773,36.41724],[137.058,36.41794],[137.05973,36.41942],[137.06028,36.4229],[137.06186,36.42392],[137.06221,36.42582],[137.06198,36.42728],[137.06045,36.4288],[137.05863,36.4293],[137.05741,36.43056],[137.05652,36.43547],[137.05479,36.43704],[137.05469,36.43773],[137.05604,36.4389],[137.05592,36.44152],[137.05718,36.4417],[137.05897,36.44278],[137.05988,36.44396],[137.06026,36.4467],[137.06356,36.44947],[137.06355,36.45107],[137.06453,36.45247],[137.0634,36.45456],[137.06276,36.45784],[137.06121,36.46082],[137.06144,36.46205],[137.05971,36.46267],[137.05879,36.46508],[137.05857,36.46684],[137.05928,36.46767],[137.05889,36.46901],[137.06026,36.47046],[137.06026,36.47112],[137.05958,36.47272],[137.05807,36.47331],[137.05696,36.47619],[137.05509,36.47907],[137.05554,36.48075],[137.05432,36.48234],[137.05418,36.48518],[137.05327,36.48716],[137.05368,36.48872],[137.05301,36.48985],[137.05315,36.49168],[137.05267,36.49301],[137.0529,36.49515],[137.05404,36.49701],[137.053,36.49687],[137.05047,36.49904],[137.05119,36.50024],[137.05048,36.50076],[137.05082,36.5029],[137.04667,36.50492],[137.04619,36.50628],[137.04136,36.50594],[137.03802,36.50521],[137.03537,36.50159],[137.03131,36.49999],[137.02992,36.50081],[137.02842,36.50292],[137.0282,36.50582],[137.03462,36.51391],[137.0341,36.51604],[137.03469,36.51747],[137.03451,36.51966],[137.03349,36.52463],[137.03377,36.52534],[137.03317,36.52624],[137.03373,36.52805],[137.03365,36.53055],[137.03274,36.53345],[137.03383,36.5346],[137.03433,36.53637],[137.03706,36.54017],[137.03611,36.54117],[137.03674,36.54176],[137.03667,36.54342],[137.0373,36.5447],[137.03683,36.55054],[137.03766,36.55231],[137.0373,36.55469],[137.03813,36.55624],[137.03738,36.55907],[137.0378,36.56272],[137.03719,36.56556],[137.03955,36.56875],[137.03911,36.56957],[137.04058,36.57112],[137.03945,36.57331],[137.04071,36.57465],[137.04007,36.57612],[137.03974,36.5794],[137.0393,36.57987],[137.04036,36.58116],[137.04236,36.58184],[137.04552,36.58515],[137.04442,36.58596],[137.04505,36.58666],[137.04444,36.58961],[137.04549,36.59072],[137.04551,36.59173],[137.04619,36.59173],[137.04591,36.59206],[137.04633,36.59277],[137.04769,36.59303],[137.04757,36.59353],[137.04896,36.59445],[137.04845,36.5949],[137.0493,36.59557],[137.04844,36.59601],[137.04917,36.59648],[137.04905,36.59822],[137.04947,36.5985],[137.04858,36.59926],[137.04911,36.59984],[137.0485,36.60035],[137.04862,36.60083],[137.04992,36.60093],[137.05219,36.6001],[137.05372,36.60036],[137.05405,36.60088],[137.05418,36.6038],[137.05335,36.60415],[137.05323,36.60474],[137.0544,36.60839],[137.05334,36.60993],[137.05369,36.61185],[137.05314,36.61297],[137.05334,36.61378],[137.05432,36.61405],[137.05575,36.6161],[137.05624,36.61886],[137.05469,36.61983],[137.05375,36.62191],[137.0552,36.62324],[137.05502,36.6249],[137.05626,36.62625],[137.05687,36.62879],[137.05617,36.6297],[137.05648,36.63103],[137.05821,36.6312],[137.05996,36.63408],[137.06217,36.63514],[137.0626,36.63629],[137.06543,36.63862],[137.06436,36.63979],[137.06448,36.64115],[137.05978,36.64303],[137.05847,36.64473],[137.0563,36.64567],[137.05392,36.64526],[137.05197,36.6462],[137.05404,36.64704],[137.05459,36.648],[137.05431,36.6494],[137.05655,36.65119],[137.05675,36.65237],[137.05833,36.65248],[137.0607,36.65521],[137.06262,36.65559],[137.06407,36.65674],[137.06694,36.6562],[137.06807,36.65496],[137.06747,36.65427],[137.06563,36.65511],[137.06363,36.65517],[137.0635,36.65421],[137.0648,36.65362],[137.06501,36.65252],[137.06656,36.6518],[137.06867,36.65208],[137.07073,36.65173],[137.07253,36.65062],[137.07207,36.65004],[137.07371,36.64892],[137.07453,36.6491],[137.07637,36.6481],[137.07837,36.64785],[137.07936,36.64831],[137.08129,36.64953],[137.08119,36.65025],[137.07542,36.6496],[137.07435,36.65008],[137.07384,36.65185],[137.07166,36.65394],[137.07183,36.65552],[137.07472,36.65483],[137.07566,36.65597],[137.07556,36.65665],[137.07703,36.65825],[137.07775,36.65834],[137.07756,36.65868],[137.0797,36.65881],[137.07782,36.65926],[137.07754,36.66],[137.07885,36.66024],[137.07842,36.66099],[137.07931,36.66118],[137.08011,36.66225],[137.08007,36.66417],[137.08119,36.66515],[137.08121,36.66308],[137.08293,36.66253],[137.08265,36.66151],[137.08406,36.66111],[137.08355,36.66035],[137.08285,36.6608],[137.08347,36.66],[137.08365,36.65855],[137.08575,36.65764],[137.08599,36.65837],[137.08763,36.65929],[137.08749,36.65986],[137.08833,36.66151],[137.08922,36.66233],[137.08879,36.66289],[137.08901,36.66439],[137.09194,36.66897]]]}},{"type":"Feature","properties":{"id":"muni-16202","name":"高岡市"},"geometry":{"type":"Polygon","coordinates":[[[136.87299,36.78206],[136.87525,36.78328],[136.87606,36.78266],[136.87713,36.78283],[136.87805,36.78421],[136.87744,36.78493],[136.87892,36.78572],[136.87989,36.78418],[136.8821,36.78319],[136.88238,36.78263],[136.88341,36.78373],[136.884,36.7853],[136.88666,36.78431],[136.88836,36.7827],[136.88733,36.77766],[136.88909,36.77727],[136.89133,36.77576],[136.89161,36.77504],[136.89517,36.77385],[136.89703,36.77481],[136.89868,36.77399],[136.89943,36.77421],[136.89993,36.77577],[136.90158,36.77665],[136.9022,36.77782],[136.90628,36.78067],[136.90705,36.77911],[136.9082,36.77848],[136.90833,36.77716],[136.90945,36.77515],[136.91349,36.7744],[136.91491,36.77385],[136.91549,36.77294],[136.91782,36.77235],[136.91914,36.77333],[136.92099,36.77185],[136.92253,36.77162],[136.92292,36.77068],[136.925,36.77037],[136.92578,36.76972],[136.9279,36.77043],[136.92887,36.77208],[136.93048,36.77252],[136.9303,36.77449],[136.93222,36.77463],[136.93377,36.77387],[136.93589,36.7746],[136.9368,36.77433],[136.93803,36.77595],[136.94071,36.77711],[136.94262,36.78061],[136.94681,36.7825],[136.94883,36.78176],[136.95054,36.7831],[136.95063,36.78534],[136.94742,36.7877],[136.94906,36.78777],[136.95036,36.78917],[136.95208,36.78944],[136.95375,36.79084],[136.95701,36.78927],[136.95748,36.78861],[136.95859,36.7823],[136.96181,36.78152],[136.96253,36.78444],[136.96406,36.78469],[136.96432,36.78554],[136.9655,36.78581],[136.96611,36.7867],[136.96869,36.78724],[136.97539,36.79075],[136.97748,36.78956],[136.98214,36.78897],[136.98324,36.78955],[136.98264,36.79094],[136.98522,36.79343],[136.98492,36.79403],[136.98526,36.7943],[136.9873,36.79332],[136.99047,36.79315],[136.99191,36.79415],[136.99265,36.7956],[136.9945,36.79534],[136.99694,36.79581],[136.99804,36.79522],[136.99894,36.79348],[137.00016,36.79404],[137.00203,36.7935],[137.00335,36.79476],[137.00522,36.79355],[137.00683,36.79343],[137.0097,36.79171],[137.0108,36.79178],[137.01302,36.79059],[137.01542,36.79024],[137.01436,36.79125],[137.01414,36.79353],[137.01595,36.79374],[137.01761,36.79537],[137.01825,36.79725],[137.01554,36.79899],[137.01347,36.80245],[137.01126,36.8015],[137.00937,36.80229],[137.0084,36.80218],[137.00743,36.80299],[137.00533,36.80254],[137.00422,36.80339],[137.00412,36.80425],[137.00209,36.80554],[137.00155,36.80655],[137.00193,36.80702],[137.00097,36.80769],[136.9999,36.80966],[137.00307,36.81063],[137.00424,36.81148],[137.00401,36.81215],[137.00313,36.81161],[137.00157,36.81156],[137.00304,36.8121],[137.00377,36.8129],[137.00121,36.81348],[137.00356,36.81372],[137.00586,36.81313],[137.00664,36.81269],[137.00647,36.81127],[137.00735,36.81118],[137.00716,36.81288],[137.00811,36.81415],[137.00714,36.81534],[137.00743,36.81594],[137.00835,36.81608],[137.00832,36.81536],[137.00915,36.81495],[137.00957,36.81511],[137.00922,36.81564],[137.01214,36.81638],[137.01267,36.81804],[137.01157,36.81817],[137.01141,36.81868],[137.01154,36.82208],[137.01416,36.82172],[137.01486,36.82187],[137.01522,36.82252],[137.01186,36.82424],[137.01667,36.82948],[137.02038,36.8266],[137.02218,36.82629],[137.02283,36.82551],[137.02394,36.82517],[137.02426,36.8243],[137.02861,36.82192],[137.03253,36.82218],[137.03398,36.82179],[137.03426,36.8212],[137.03286,36.82199],[137.03078,36.82177],[137.03108,36.82082],[137.03261,36.82087],[137.03321,36.82134],[137.03252,36.82073],[137.03297,36.81988],[137.03701,36.81736],[137.03951,36.81616],[137.03986,36.81659],[137.04009,36.81583],[137.04469,36.81401],[137.0464,36.81279],[137.04781,36.81059],[137.05081,36.80868],[137.05139,36.80872],[137.05103,36.80832],[137.05118,36.80712],[137.05296,36.80522],[137.05225,36.80448],[137.05313,36.80522],[137.05507,36.80404],[137.05583,36.8046],[137.05537,36.80499],[137.05587,36.80463],[137.05616,36.80485],[137.05662,36.80511],[137.05477,36.80375],[137.05481,36.80312],[137.05666,36.80148],[137.05811,36.8026],[137.05776,36.80551],[137.0579,36.80648],[137.05828,36.80265],[137.05907,36.80205],[137.06302,36.80505],[137.06808,36.80082],[137.06936,36.8017],[137.0641,36.79758],[137.06789,36.79508],[137.06246,36.79308],[137.05801,36.79016],[137.05505,36.7878],[137.05185,36.78433],[137.05155,36.78314],[137.05099,36.78343],[137.0515,36.78308],[137.05078,36.78246],[137.05011,36.7827],[137.05067,36.78234],[137.04978,36.78161],[137.04899,36.78172],[137.04951,36.7814],[137.04689,36.78064],[137.04163,36.78105],[137.04126,36.77942],[137.04166,36.78013],[137.04514,36.77938],[137.04931,36.77992],[137.04992,36.77699],[137.05409,36.78324],[137.05624,36.78549],[137.05943,36.78738],[137.05999,36.78679],[137.05929,36.78513],[137.0613,36.78486],[137.06305,36.78387],[137.06884,36.78364],[137.0743,36.78109],[137.07404,36.78044],[137.07514,36.77723],[137.0732,36.77427],[137.07387,36.77372],[137.07574,36.77424],[137.07756,36.77385],[137.08021,36.77408],[137.08211,36.7733],[137.08182,36.77472],[137.08249,36.77492],[137.0829,36.77422],[137.08322,36.77511],[137.08474,36.77578],[137.08536,36.77495],[137.08546,36.77542],[137.08636,36.77536],[137.08606,36.77568],[137.08787,36.77562],[137.08782,36.77529],[137.09056,36.775],[137.0898,36.7719],[137.09234,36.77148],[137.09336,36.77252],[137.09441,36.77514],[137.1071,36.77082],[137.09979,36.76809],[137.10031,36.76706],[137.09873,36.76575],[137.0928,36.76317],[137.09164,36.763],[137.09199,36.76393],[137.09073,36.76453],[137.08739,36.76494],[137.08752,36.76465],[137.08492,36.7647],[137.08486,36.76221],[137.08397,36.76234],[137.08394,36.76191],[137.08181,36.76205],[137.08124,36.7626],[137.07934,36.76234],[137.07137,36.76579],[137.06857,36.76723],[137.06802,36.76903],[137.06433,36.76774],[137.06031,36.76818],[137.05985,36.77046],[137.05778,36.77269],[137.05293,36.77224],[137.05202,36.77094],[137.05047,36.77107],[137.04995,36.76992],[137.04999,36.76572],[137.04907,36.76571],[137.04858,36.76368],[137.04972,36.76148],[137.04999,36.75852],[137.05139,36.75371],[137.04856,36.75084],[137.04546,36.744],[137.04498,36.74056],[137.04357,36.73857],[137.04127,36.73823],[137.04114,36.7376],[137.03891,36.73584],[137.03693,36.73192],[137.03919,36.73031],[137.02367,36.71291],[137.01577,36.70556],[137.01043,36.6989],[137.0138,36.69797],[137.01624,36.6981],[137.01726,36.69668],[137.02306,36.69482],[137.02543,36.69467],[137.02655,36.69419],[137.02674,36.69358],[137.03212,36.69268],[137.03873,36.68978],[137.03925,36.68884],[137.03875,36.68826],[137.03912,36.688],[137.03771,36.6871],[137.03947,36.68758],[137.03829,36.68678],[137.03784,36.68395],[137.03644,36.68313],[137.03739,36.68446],[137.0361,36.68295],[137.03593,36.6823],[137.03631,36.68218],[137.03565,36.68131],[137.03592,36.68086],[137.03493,36.67962],[137.03406,36.67724],[137.03469,36.67694],[137.03637,36.67865],[137.03669,36.67825],[137.03622,36.67769],[137.03749,36.67665],[137.03813,36.67715],[137.03897,36.67644],[137.03963,36.67697],[137.04042,36.67626],[137.04259,36.67362],[137.04254,36.67299],[137.04463,36.6722],[137.04821,36.67187],[137.04685,36.67055],[137.04503,36.66741],[137.04525,36.66502],[137.04679,36.66469],[137.04737,36.66375],[137.04695,36.66274],[137.04743,36.66206],[137.0451,36.66018],[137.04375,36.65836],[137.04368,36.65661],[137.04307,36.65604],[137.04233,36.65657],[137.04203,36.6576],[137.04023,36.65816],[137.03922,36.65795],[137.0388,36.65824],[137.03894,36.65876],[137.0367,36.65965],[137.0361,36.65875],[137.03277,36.66014],[137.03266,36.66225],[137.03414,36.66398],[137.03397,36.66429],[137.03297,36.66468],[137.0323,36.66454],[137.03228,36.66392],[137.03007,36.66382],[137.02535,36.66591],[137.02219,36.66647],[137.02334,36.67062],[137.02306,36.67209],[137.02153,36.67212],[137.02128,36.67256],[137.01846,36.67198],[137.01764,36.67139],[137.0113,36.67289],[137.01151,36.67228],[137.01067,36.6703],[137.00988,36.67011],[137.01014,36.66938],[137.00859,36.66896],[137.00758,36.65959],[136.99788,36.66005],[136.99765,36.65906],[136.99573,36.65934],[136.99569,36.65881],[136.99492,36.65883],[136.9948,36.65833],[136.99283,36.65835],[136.99114,36.6567],[136.98761,36.65646],[136.98648,36.65678],[136.98716,36.66163],[136.98785,36.66162],[136.98786,36.66241],[136.98671,36.66245],[136.98676,36.66322],[136.98785,36.66319],[136.98789,36.66374],[136.98936,36.66371],[136.98836,36.66404],[136.98839,36.66494],[136.9894,36.66491],[136.99012,36.66684],[136.98986,36.66926],[136.98844,36.66957],[136.98865,36.67021],[136.98685,36.67064],[136.98382,36.6695],[136.97842,36.67048],[136.97603,36.66946],[136.97445,36.66809],[136.97442,36.66671],[136.974,36.66675],[136.9739,36.66603],[136.97434,36.66626],[136.97433,36.66516],[136.97384,36.66477],[136.97237,36.66475],[136.972,36.66398],[136.97091,36.66391],[136.97093,36.66588],[136.97037,36.66587],[136.97034,36.66507],[136.96627,36.66501],[136.96628,36.66415],[136.96567,36.66414],[136.96589,36.66241],[136.96542,36.65945],[136.96433,36.65943],[136.96432,36.65975],[136.9608,36.65945],[136.96027,36.65989],[136.95849,36.65993],[136.95848,36.66056],[136.95621,36.66053],[136.95617,36.66118],[136.95672,36.6612],[136.95654,36.66281],[136.95592,36.66279],[136.95618,36.66455],[136.95827,36.66499],[136.95824,36.66536],[136.95732,36.66531],[136.95731,36.66578],[136.95642,36.66548],[136.95719,36.66672],[136.95679,36.66998],[136.95582,36.66978],[136.95552,36.6708],[136.95403,36.6705],[136.95363,36.67127],[136.9524,36.67103],[136.95224,36.67158],[136.95346,36.67181],[136.95287,36.67371],[136.95166,36.67347],[136.95139,36.67436],[136.95261,36.67429],[136.95244,36.67599],[136.95165,36.67592],[136.95154,36.67672],[136.95105,36.67655],[136.95035,36.67999],[136.94492,36.67944],[136.94485,36.68346],[136.94443,36.68458],[136.94266,36.6845],[136.94244,36.68408],[136.94338,36.68246],[136.94123,36.68137],[136.94018,36.68388],[136.9408,36.68398],[136.94046,36.6854],[136.93843,36.68531],[136.93829,36.68401],[136.93654,36.68369],[136.93671,36.68241],[136.93593,36.68242],[136.93593,36.68299],[136.93488,36.683],[136.9352,36.68443],[136.93453,36.68447],[136.93454,36.68548],[136.93216,36.68605],[136.932,36.68653],[136.9317,36.68519],[136.92996,36.68534],[136.93,36.68578],[136.92886,36.68587],[136.92915,36.6864],[136.92758,36.68657],[136.92509,36.68535],[136.92391,36.6856],[136.92337,36.68502],[136.92232,36.68489],[136.92076,36.68645],[136.92063,36.69051],[136.91817,36.69093],[136.91622,36.69104],[136.91604,36.68946],[136.91779,36.68935],[136.9177,36.68851],[136.91587,36.68863],[136.9159,36.68807],[136.9141,36.68791],[136.91399,36.6871],[136.91063,36.68768],[136.9109,36.69141],[136.90777,36.69133],[136.90853,36.69246],[136.90748,36.6929],[136.9079,36.69386],[136.90685,36.69485],[136.90797,36.6992],[136.90757,36.70004],[136.90801,36.7005],[136.90782,36.70105],[136.90702,36.70069],[136.90577,36.70114],[136.90464,36.70269],[136.90151,36.70181],[136.89715,36.69954],[136.89603,36.6998],[136.89011,36.69929],[136.89032,36.7018],[136.89141,36.70254],[136.89138,36.7033],[136.88691,36.70571],[136.88556,36.70751],[136.88538,36.71062],[136.88612,36.7115],[136.88548,36.71267],[136.8858,36.71394],[136.88542,36.71474],[136.88579,36.71538],[136.88531,36.71599],[136.88546,36.71738],[136.88373,36.71638],[136.88131,36.71621],[136.87907,36.71722],[136.87749,36.71705],[136.87473,36.71928],[136.87047,36.72106],[136.86825,36.72346],[136.86801,36.72474],[136.86584,36.72561],[136.86493,36.7265],[136.86324,36.72614],[136.86127,36.72448],[136.85949,36.72613],[136.86,36.72735],[136.85871,36.72893],[136.85928,36.73007],[136.85836,36.73027],[136.85846,36.73121],[136.85683,36.73163],[136.85793,36.73212],[136.85725,36.73303],[136.85632,36.73296],[136.857,36.73419],[136.85231,36.73308],[136.85159,36.73354],[136.85139,36.73488],[136.85041,36.73622],[136.84437,36.73576],[136.84318,36.73646],[136.84093,36.73618],[136.8397,36.73701],[136.8394,36.73851],[136.83808,36.73958],[136.83661,36.74216],[136.83356,36.74329],[136.83645,36.74464],[136.83919,36.74521],[136.83987,36.74598],[136.84074,36.74769],[136.84073,36.74893],[136.84201,36.74974],[136.84216,36.7507],[136.84439,36.75355],[136.845,36.75546],[136.84898,36.75914],[136.85107,36.76615],[136.85104,36.76885],[136.85274,36.77016],[136.85178,36.77186],[136.8497,36.7726],[136.84984,36.77376],[136.84872,36.7763],[136.84663,36.77722],[136.84369,36.77989],[136.84293,36.78184],[136.84302,36.78286],[136.84603,36.78374],[136.84913,36.78618],[136.85057,36.78673],[136.85202,36.78576],[136.85365,36.78595],[136.85522,36.78539],[136.85866,36.78591],[136.86106,36.7847],[136.86505,36.7845],[136.8665,36.78358],[136.87299,36.78206]]]}},{"type":"Feature","properties":{"id":"muni-16204","name":"魚津市"},"geometry":{"type":"Polygon","coordinates":[[[137.39308,36.81161],[137.39391,36.81329],[137.39401,36.81522],[137.39361,36.81663],[137.39324,36.81658],[137.39356,36.81666],[137.3929,36.81921],[137.39248,36.81921],[137.39195,36.82031],[137.3925,36.81948],[137.3929,36.81947],[137.39292,36.81995],[137.39308,36.81954],[137.39425,36.81946],[137.39434,36.82045],[137.39296,36.82032],[137.39291,36.82107],[137.39436,36.82072],[137.39447,36.82174],[137.39322,36.82202],[137.39349,36.82352],[137.39239,36.82366],[137.39168,36.82096],[137.39196,36.82139],[137.39144,36.82051],[137.3921,36.82388],[137.39304,36.82544],[137.39456,36.82542],[137.39598,36.82764],[137.39743,36.83101],[137.39705,36.83186],[137.39871,36.83357],[137.39901,36.8356],[137.40421,36.84033],[137.40645,36.84347],[137.40972,36.84593],[137.4114,36.84818],[137.41183,36.85058],[137.41138,36.85065],[137.41092,36.85075],[137.41075,36.85082],[137.41062,36.8509],[137.41033,36.85115],[137.41155,36.85066],[137.41212,36.85218],[137.41108,36.85232],[137.41155,36.85227],[137.41168,36.85312],[137.41169,36.85232],[137.41213,36.85227],[137.41265,36.85315],[137.41202,36.85334],[137.4123,36.85435],[137.41104,36.85509],[137.41059,36.85254],[137.40998,36.85153],[137.40906,36.85119],[137.41016,36.85332],[137.41044,36.85511],[137.41016,36.8575],[137.40894,36.8593],[137.40911,36.8601],[137.42061,36.8566],[137.42216,36.85567],[137.42523,36.85218],[137.42655,36.85255],[137.43021,36.84876],[137.43132,36.84844],[137.43327,36.84985],[137.43565,36.84966],[137.43675,36.84824],[137.43706,36.84547],[137.43924,36.84393],[137.44353,36.84336],[137.44759,36.84173],[137.45204,36.841],[137.45696,36.83729],[137.46938,36.83409],[137.47273,36.83348],[137.48058,36.83413],[137.4849,36.83181],[137.49135,36.82919],[137.49362,36.82895],[137.50437,36.82407],[137.50623,36.82186],[137.50684,36.81655],[137.50586,36.81483],[137.50426,36.81401],[137.50427,36.81241],[137.50383,36.81198],[137.5042,36.81151],[137.50149,36.8094],[137.49937,36.80451],[137.49976,36.80301],[137.50441,36.79999],[137.50486,36.79867],[137.50674,36.79729],[137.50725,36.79583],[137.50633,36.79595],[137.50691,36.79235],[137.50593,36.78996],[137.50607,36.7869],[137.50832,36.78551],[137.51042,36.78537],[137.51091,36.78339],[137.51231,36.78219],[137.51324,36.78185],[137.51631,36.78239],[137.51709,36.78035],[137.51657,36.7794],[137.52126,36.77777],[137.52383,36.77839],[137.5254,36.77999],[137.53038,36.77983],[137.53321,36.78171],[137.53688,36.77992],[137.53736,36.77781],[137.53866,36.77586],[137.54056,36.77484],[137.54225,36.77217],[137.54396,36.77048],[137.54671,36.77023],[137.55426,36.76741],[137.5611,36.7671],[137.56298,36.76609],[137.56484,36.76308],[137.56404,36.7617],[137.56924,36.76052],[137.57297,36.75865],[137.57417,36.75743],[137.57566,36.75681],[137.57669,36.7569],[137.57776,36.75514],[137.58282,36.75348],[137.5842,36.75235],[137.58407,36.75072],[137.585,36.74912],[137.58585,36.74859],[137.58637,36.74612],[137.58801,36.74325],[137.58992,36.74119],[137.59067,36.73856],[137.592,36.73774],[137.59344,36.73752],[137.59491,36.73614],[137.59553,36.73479],[137.59756,36.73405],[137.59908,36.73123],[137.60764,36.73021],[137.61127,36.72578],[137.61128,36.72403],[137.60905,36.72198],[137.6093,36.71996],[137.61056,36.71871],[137.60796,36.71672],[137.6075,36.71495],[137.60806,36.71399],[137.60572,36.71322],[137.60031,36.70945],[137.60024,36.70778],[137.5967,36.70589],[137.59478,36.7028],[137.59122,36.70126],[137.5882,36.69916],[137.58695,36.69898],[137.58625,36.69586],[137.58669,36.69196],[137.58592,36.6896],[137.58746,36.68767],[137.58958,36.68611],[137.59076,36.68013],[137.59031,36.67834],[137.58814,36.67614],[137.58585,36.67574],[137.58421,36.67465],[137.58197,36.67437],[137.58034,36.67333],[137.57684,36.67396],[137.57245,36.67227],[137.56583,36.6752],[137.5607,36.67596],[137.55913,36.67527],[137.55666,36.67526],[137.55521,36.67406],[137.55309,36.67376],[137.55055,36.67599],[137.54752,36.67611],[137.54624,36.6768],[137.54494,36.67682],[137.54273,36.67819],[137.54123,36.67827],[137.53766,36.67714],[137.53641,36.67627],[137.53524,36.67632],[137.534,36.67701],[137.53191,36.67938],[137.52859,36.68025],[137.5257,36.68054],[137.5241,36.68],[137.52112,36.68008],[137.51892,36.67908],[137.51611,36.67871],[137.51495,36.68019],[137.5145,36.68238],[137.51231,36.68341],[137.51136,36.68474],[137.50931,36.68561],[137.50902,36.68703],[137.50953,36.68847],[137.5069,36.69086],[137.50912,36.69187],[137.50798,36.69497],[137.50872,36.6963],[137.50879,36.69771],[137.50799,36.69854],[137.50937,36.70056],[137.50898,36.70273],[137.51113,36.70579],[137.50967,36.70906],[137.50965,36.71004],[137.50372,36.71442],[137.50303,36.71602],[137.50071,36.71857],[137.50034,36.72001],[137.4943,36.72283],[137.49316,36.72281],[137.49124,36.72175],[137.48973,36.72218],[137.48802,36.72357],[137.48342,36.72406],[137.47533,36.72296],[137.47633,36.72016],[137.47634,36.71661],[137.47554,36.7159],[137.47577,36.71509],[137.47178,36.70833],[137.47017,36.70303],[137.46953,36.70287],[137.46678,36.70587],[137.46433,36.70695],[137.46359,36.7058],[137.46197,36.70523],[137.46215,36.70224],[137.46174,36.70164],[137.46016,36.70204],[137.45677,36.70164],[137.45579,36.70196],[137.45306,36.70461],[137.45277,36.70522],[137.45334,36.70643],[137.4518,36.7097],[137.45083,36.7106],[137.45004,36.71243],[137.44815,36.71366],[137.4483,36.71445],[137.44701,36.71608],[137.44637,36.71867],[137.44394,36.72079],[137.44229,36.72493],[137.43753,36.72816],[137.43506,36.73119],[137.43271,36.73703],[137.42943,36.7417],[137.42559,36.74842],[137.41365,36.75857],[137.40127,36.77532],[137.39821,36.7816],[137.39571,36.78545],[137.39378,36.78795],[137.38607,36.79555],[137.38231,36.80053],[137.38437,36.80077],[137.38695,36.80216],[137.39176,36.80586],[137.39302,36.80744],[137.39179,36.80792],[137.39313,36.80779],[137.39329,36.80904],[137.39251,36.80915],[137.39259,36.80951],[137.39357,36.80938],[137.39375,36.81066],[137.39264,36.81075],[137.39157,36.80905],[137.39062,36.80785],[137.39267,36.81089],[137.39381,36.81081],[137.39236,36.81119],[137.39308,36.81161]]]}},{"type":"Feature","properties":{"id":"muni-16205","name":"氷見市"},"geometry":{"type":"Polygon","coordinates":[[[136.91048,36.92931],[136.91574,36.93079],[136.91641,36.93174],[136.91667,36.93315],[136.91627,36.93359],[136.91798,36.93332],[136.91831,36.93442],[136.91946,36.93466],[136.91897,36.93637],[136.91944,36.93753],[136.92052,36.93784],[136.92256,36.93746],[136.92309,36.93801],[136.92279,36.93913],[136.92333,36.94084],[136.92607,36.94361],[136.92755,36.94418],[136.92736,36.94767],[136.92867,36.94778],[136.93093,36.94892],[136.93155,36.95029],[136.93452,36.95043],[136.9358,36.94975],[136.93737,36.95144],[136.94006,36.95198],[136.94091,36.9529],[136.94328,36.95314],[136.94449,36.9536],[136.94492,36.95467],[136.94852,36.95555],[136.95102,36.95556],[136.95425,36.95635],[136.95445,36.95547],[136.95374,36.95473],[136.95372,36.95359],[136.95473,36.95075],[136.95812,36.95013],[136.95914,36.95104],[136.96093,36.95148],[136.96376,36.94863],[136.96653,36.94924],[136.96802,36.94793],[136.96869,36.94808],[136.96981,36.94746],[136.97085,36.94771],[136.97228,36.9466],[136.97206,36.94595],[136.97287,36.94521],[136.97317,36.94412],[136.97683,36.94697],[136.9821,36.95265],[136.98397,36.95696],[136.98403,36.96349],[136.98548,36.96435],[136.986,36.9652],[136.9856,36.96614],[136.98647,36.96735],[136.99634,36.96706],[136.99949,36.96357],[137.00365,36.96271],[137.00424,36.96135],[137.00693,36.9611],[137.00912,36.96156],[137.0109,36.96306],[137.01303,36.96249],[137.01466,36.96323],[137.01509,36.96273],[137.01843,36.96291],[137.02105,36.96391],[137.02727,36.96257],[137.03035,36.96462],[137.03359,36.96575],[137.03565,36.96589],[137.03753,36.96733],[137.04034,36.9658],[137.04253,36.96526],[137.0435,36.96433],[137.04511,36.96396],[137.04572,36.96264],[137.04699,36.96168],[137.05171,36.95929],[137.04834,36.95813],[137.04744,36.95594],[137.0452,36.95489],[137.0441,36.95301],[137.04151,36.95149],[137.04171,36.95097],[137.04086,36.94937],[137.04162,36.95091],[137.04135,36.95144],[137.04032,36.95087],[137.04074,36.95044],[137.04029,36.95067],[137.03951,36.94998],[137.04038,36.94959],[137.03959,36.94992],[137.03807,36.94945],[137.037,36.94761],[137.03534,36.9465],[137.03241,36.94327],[137.03026,36.94257],[137.02759,36.94052],[137.02774,36.93999],[137.02712,36.93989],[137.0273,36.93748],[137.02687,36.93693],[137.02759,36.934],[137.03036,36.92986],[137.03261,36.92373],[137.031,36.92247],[137.03103,36.92193],[137.02989,36.92053],[137.02992,36.92109],[137.03084,36.9218],[137.03006,36.92233],[137.02966,36.92217],[137.02996,36.92165],[137.02881,36.92145],[137.02843,36.92078],[137.02931,36.92077],[137.02736,36.91998],[137.02637,36.91876],[137.02561,36.91615],[137.02649,36.91567],[137.02701,36.91639],[137.02675,36.91575],[137.02496,36.91387],[137.02235,36.91266],[137.02237,36.91105],[137.02172,36.91294],[137.0203,36.91211],[137.02167,36.91166],[137.0205,36.9116],[137.01917,36.91228],[137.01963,36.91197],[137.01873,36.91168],[137.01859,36.91097],[137.018,36.91097],[137.01763,36.91021],[137.01813,36.91004],[137.01808,36.90989],[137.01745,36.91002],[137.01657,36.90773],[137.01507,36.90657],[137.0143,36.90381],[137.01315,36.90314],[137.01156,36.9005],[137.01151,36.89958],[137.00974,36.89891],[137.00819,36.89689],[137.00846,36.89661],[137.0093,36.8952],[137.00843,36.89658],[137.00782,36.89623],[137.00818,36.89585],[137.00779,36.89621],[137.0073,36.89581],[137.00787,36.89517],[137.0085,36.89532],[137.0081,36.89413],[137.00799,36.89403],[137.00765,36.89389],[137.00844,36.89527],[137.00785,36.89513],[137.00737,36.89567],[137.00689,36.89535],[137.00617,36.89372],[137.00447,36.89227],[137.00474,36.89185],[137.00421,36.89088],[137.0026,36.88937],[137.00263,36.88914],[137.00228,36.88817],[137.00258,36.88929],[137.0017,36.88975],[137.00081,36.88924],[137.00117,36.88849],[137.00194,36.88831],[137.00114,36.88848],[137.00066,36.88946],[136.99978,36.88939],[136.99858,36.88773],[136.99746,36.88708],[136.99714,36.88506],[136.99633,36.88456],[136.99601,36.88355],[136.99621,36.88438],[136.99518,36.88503],[136.99451,36.8842],[136.99552,36.88367],[136.99373,36.88417],[136.99428,36.88385],[136.99283,36.88084],[136.99293,36.87931],[136.99335,36.87941],[136.99294,36.87902],[136.98821,36.88008],[136.98607,36.87883],[136.98469,36.87653],[136.98434,36.87164],[136.98558,36.86588],[136.98732,36.86628],[136.98863,36.86364],[136.99062,36.86356],[136.99327,36.86323],[136.98958,36.86354],[136.98887,36.86251],[136.98972,36.86249],[136.98895,36.86169],[136.98934,36.86133],[136.98983,36.86164],[136.99008,36.86095],[136.98904,36.86028],[136.98958,36.8586],[136.99032,36.8589],[136.99001,36.86062],[136.99058,36.86097],[136.99056,36.86167],[136.9908,36.86269],[136.99131,36.85974],[136.9923,36.85986],[136.99248,36.859],[136.99059,36.85797],[136.99114,36.85622],[136.99335,36.85669],[136.99244,36.86159],[136.99297,36.86233],[136.99389,36.85643],[136.98997,36.85553],[136.99203,36.85568],[136.99073,36.85535],[136.99068,36.85444],[136.99445,36.84912],[136.99545,36.84865],[136.9948,36.84833],[136.995,36.84802],[136.99532,36.84814],[136.99742,36.8452],[137.00076,36.84205],[137.01667,36.82948],[137.01186,36.82424],[137.01522,36.82252],[137.01486,36.82187],[137.01416,36.82172],[137.01154,36.82208],[137.01141,36.81868],[137.01157,36.81817],[137.01267,36.81804],[137.01214,36.81638],[137.00922,36.81564],[137.00957,36.81511],[137.00915,36.81495],[137.00832,36.81536],[137.00835,36.81608],[137.00743,36.81594],[137.00714,36.81534],[137.00811,36.81415],[137.00716,36.81288],[137.00735,36.81118],[137.00647,36.81127],[137.00664,36.81269],[137.00586,36.81313],[137.00356,36.81372],[137.00121,36.81348],[137.00377,36.8129],[137.00304,36.8121],[137.00157,36.81156],[137.00313,36.81161],[137.00401,36.81215],[137.00424,36.81148],[137.00307,36.81063],[136.9999,36.80966],[137.00097,36.80769],[137.00193,36.80702],[137.00155,36.80655],[137.00209,36.80554],[137.00412,36.80425],[137.00422,36.80339],[137.00533,36.80254],[137.00743,36.80299],[137.0084,36.80218],[137.00937,36.80229],[137.01126,36.8015],[137.01347,36.80245],[137.01554,36.79899],[137.01825,36.79725],[137.01761,36.79537],[137.01595,36.79374],[137.01414,36.79353],[137.01436,36.79125],[137.01542,36.79024],[137.01302,36.79059],[137.0108,36.79178],[137.0097,36.79171],[137.00683,36.79343],[137.00522,36.79355],[137.00335,36.79476],[137.00203,36.7935],[137.00016,36.79404],[136.99894,36.79348],[136.99804,36.79522],[136.99694,36.79581],[136.9945,36.79534],[136.99265,36.7956],[136.99191,36.79415],[136.99047,36.79315],[136.9873,36.79332],[136.98526,36.7943],[136.98492,36.79403],[136.98522,36.79343],[136.98264,36.79094],[136.98324,36.78955],[136.98214,36.78897],[136.97748,36.78956],[136.97539,36.79075],[136.96869,36.78724],[136.96611,36.7867],[136.9655,36.78581],[136.96432,36.78554],[136.96406,36.78469],[136.96253,36.78444],[136.96181,36.78152],[136.95859,36.7823],[136.95748,36.78861],[136.95701,36.78927],[136.95375,36.79084],[136.95208,36.78944],[136.95036,36.78917],[136.94906,36.78777],[136.94742,36.7877],[136.95063,36.78534],[136.95054,36.7831],[136.94883,36.78176],[136.94681,36.7825],[136.94262,36.78061],[136.94071,36.77711],[136.93803,36.77595],[136.9368,36.77433],[136.93589,36.7746],[136.93377,36.77387],[136.93222,36.77463],[136.9303,36.77449],[136.93048,36.77252],[136.92887,36.77208],[136.9279,36.77043],[136.92578,36.76972],[136.925,36.77037],[136.92292,36.77068],[136.92253,36.77162],[136.92099,36.77185],[136.91914,36.77333],[136.91782,36.77235],[136.91549,36.77294],[136.91491,36.77385],[136.91349,36.7744],[136.90945,36.77515],[136.90833,36.77716],[136.9082,36.77848],[136.90705,36.77911],[136.90628,36.78067],[136.9022,36.77782],[136.90158,36.77665],[136.89993,36.77577],[136.89943,36.77421],[136.89868,36.77399],[136.89703,36.77481],[136.89517,36.77385],[136.89161,36.77504],[136.89133,36.77576],[136.88909,36.77727],[136.88733,36.77766],[136.88786,36.77876],[136.8883,36.78289],[136.88666,36.78431],[136.88424,36.78529],[136.8825,36.78266],[136.87999,36.78409],[136.87892,36.78572],[136.87744,36.78493],[136.87805,36.78421],[136.87713,36.78283],[136.87606,36.78266],[136.87487,36.78323],[136.87318,36.78204],[136.8665,36.78358],[136.86505,36.7845],[136.86106,36.7847],[136.85866,36.78591],[136.85522,36.78539],[136.85365,36.78595],[136.85202,36.78576],[136.85045,36.78684],[136.85216,36.79201],[136.85373,36.79468],[136.8525,36.79643],[136.85276,36.79834],[136.8503,36.80136],[136.85064,36.80456],[136.84992,36.80622],[136.85024,36.80705],[136.84974,36.8084],[136.84791,36.80987],[136.84874,36.81109],[136.84864,36.81318],[136.85054,36.81474],[136.85185,36.81718],[136.85496,36.81822],[136.85496,36.81924],[136.85394,36.82105],[136.85519,36.82284],[136.85704,36.82411],[136.85713,36.82594],[136.85992,36.82874],[136.85897,36.83052],[136.8591,36.83141],[136.85806,36.83458],[136.85623,36.83637],[136.85687,36.83833],[136.85638,36.83984],[136.86017,36.84123],[136.86152,36.84075],[136.8635,36.84235],[136.86356,36.84308],[136.86264,36.84315],[136.86176,36.84398],[136.86175,36.8475],[136.86372,36.84923],[136.86476,36.84935],[136.86707,36.85115],[136.86345,36.85318],[136.86172,36.8555],[136.8626,36.85682],[136.86346,36.85685],[136.86321,36.85894],[136.86211,36.86053],[136.86626,36.86114],[136.86773,36.86219],[136.87068,36.86186],[136.87145,36.86259],[136.87156,36.86436],[136.87326,36.86767],[136.87585,36.8674],[136.87732,36.86844],[136.87898,36.87119],[136.88023,36.87223],[136.88028,36.87376],[136.88321,36.87651],[136.88213,36.87971],[136.88217,36.88229],[136.88325,36.88282],[136.88348,36.88396],[136.88573,36.88517],[136.88538,36.88609],[136.88254,36.88711],[136.88075,36.88894],[136.88061,36.89102],[136.87867,36.89297],[136.87899,36.89609],[136.87778,36.89933],[136.87862,36.90205],[136.87912,36.9064],[136.88055,36.90695],[136.88288,36.90886],[136.88417,36.91132],[136.88522,36.91188],[136.88563,36.91389],[136.8871,36.91433],[136.88792,36.91538],[136.88774,36.91684],[136.89289,36.91883],[136.89346,36.92094],[136.89491,36.92213],[136.89583,36.9238],[136.89567,36.92477],[136.89789,36.92444],[136.89944,36.92473],[136.90135,36.92689],[136.90179,36.9264],[136.90327,36.92621],[136.90497,36.9269],[136.90539,36.92642],[136.90608,36.92649],[136.90668,36.92791],[136.90864,36.92933],[136.91048,36.92931]]]}},{"type":"Feature","properties":{"id":"muni-16206","name":"滑川市"},"geometry":{"type":"Polygon","coordinates":[[[137.33685,36.74283],[137.33391,36.74325],[137.33112,36.74441],[137.33065,36.74545],[137.33086,36.74748],[137.32774,36.75133],[137.32569,36.75178],[137.32562,36.75064],[137.32378,36.7506],[137.32167,36.75246],[137.32036,36.75453],[137.3191,36.75485],[137.31658,36.75417],[137.31565,36.75457],[137.31524,36.75556],[137.3159,36.7586],[137.31958,36.75806],[137.32055,36.75841],[137.32018,36.75879],[137.32008,36.75924],[137.32339,36.75954],[137.33357,36.76242],[137.33516,36.76439],[137.3351,36.7653],[137.33459,36.76551],[137.33462,36.76554],[137.33597,36.76606],[137.33777,36.7679],[137.3426,36.77131],[137.34371,36.7743],[137.34527,36.77541],[137.34418,36.77571],[137.34404,36.77634],[137.34427,36.77572],[137.34505,36.77551],[137.34546,36.77619],[137.34525,36.77682],[137.34644,36.77685],[137.34649,36.77618],[137.34583,36.77615],[137.34587,36.77567],[137.34775,36.77576],[137.34743,36.77732],[137.3455,36.77736],[137.34411,36.77678],[137.34344,36.77721],[137.34392,36.7771],[137.34499,36.77794],[137.34547,36.77854],[137.34513,36.77875],[137.34771,36.78102],[137.35521,36.78521],[137.35669,36.78675],[137.35754,36.78696],[137.35736,36.7875],[137.35893,36.78783],[137.36196,36.79023],[137.36586,36.79174],[137.36806,36.79333],[137.37061,36.79435],[137.37109,36.7941],[137.37085,36.79441],[137.37226,36.79514],[137.37539,36.79611],[137.37565,36.79582],[137.37585,36.79636],[137.37728,36.79687],[137.37832,36.79865],[137.37877,36.79863],[137.37828,36.79889],[137.37854,36.79939],[137.38231,36.80053],[137.38607,36.79555],[137.39378,36.78795],[137.39571,36.78545],[137.39821,36.7816],[137.40127,36.77532],[137.41365,36.75857],[137.42559,36.74842],[137.42943,36.7417],[137.43271,36.73703],[137.43442,36.73234],[137.43569,36.73031],[137.43855,36.72731],[137.44241,36.72476],[137.44394,36.72079],[137.44637,36.71867],[137.44701,36.71608],[137.4483,36.71445],[137.44711,36.71164],[137.44941,36.70992],[137.44999,36.70895],[137.44847,36.70439],[137.44999,36.70235],[137.44573,36.70086],[137.4451,36.70201],[137.44239,36.70381],[137.44029,36.70604],[137.43706,36.70605],[137.43683,36.70722],[137.43278,36.7076],[137.43415,36.71191],[137.43369,36.71422],[137.43563,36.71543],[137.43705,36.71891],[137.43631,36.72024],[137.43513,36.72091],[137.43316,36.72024],[137.43123,36.72089],[137.43101,36.72368],[137.43054,36.72381],[137.43031,36.72475],[137.42875,36.72561],[137.42857,36.72633],[137.42594,36.72776],[137.42448,36.72807],[137.42323,36.72729],[137.4226,36.72375],[137.42063,36.72179],[137.41938,36.72181],[137.41835,36.72266],[137.41714,36.72285],[137.4155,36.72205],[137.41385,36.72345],[137.41398,36.72418],[137.41115,36.72309],[137.40946,36.723],[137.40791,36.72451],[137.40643,36.72383],[137.40519,36.72395],[137.40055,36.72085],[137.39896,36.72102],[137.39823,36.71901],[137.39698,36.71803],[137.39402,36.71894],[137.39253,36.71772],[137.39205,36.71808],[137.39149,36.7176],[137.39185,36.71724],[137.39055,36.7173],[137.38981,36.71839],[137.3875,36.71998],[137.38586,36.72235],[137.3839,36.7238],[137.37919,36.72615],[137.38448,36.72098],[137.38413,36.72076],[137.38315,36.72163],[137.38223,36.72174],[137.38072,36.72334],[137.37976,36.72373],[137.379,36.72323],[137.37765,36.72444],[137.37556,36.72539],[137.37538,36.726],[137.37376,36.72577],[137.37354,36.72666],[137.37226,36.7263],[137.37127,36.72527],[137.37031,36.72517],[137.37046,36.72608],[137.37005,36.72647],[137.36754,36.72597],[137.36726,36.72482],[137.36519,36.72485],[137.36499,36.72411],[137.36371,36.72359],[137.36385,36.72294],[137.36315,36.72285],[137.36357,36.72084],[137.36169,36.72061],[137.36067,36.72375],[137.36053,36.72719],[137.35862,36.72737],[137.3571,36.72825],[137.35514,36.73055],[137.34997,36.73278],[137.34928,36.73089],[137.34669,36.73137],[137.34724,36.73256],[137.34666,36.73277],[137.34719,36.73462],[137.34002,36.7396],[137.33923,36.7389],[137.33888,36.73907],[137.33849,36.74003],[137.33982,36.74006],[137.33972,36.74058],[137.33853,36.74074],[137.33806,36.74199],[137.33685,36.74283]]]}},{"type":"Feature","properties":{"id":"muni-16207","name":"黒部市"},"geometry":{"type":"Polygon","coordinates":[[[137.41844,36.87152],[137.41843,36.87295],[137.41899,36.873],[137.41845,36.87305],[137.41913,36.87983],[137.41832,36.88388],[137.41566,36.88941],[137.41461,36.89077],[137.41415,36.8906],[137.41339,36.89233],[137.41067,36.89491],[137.40963,36.89657],[137.4095,36.89776],[137.40996,36.89933],[137.41558,36.90614],[137.41578,36.90733],[137.41614,36.90736],[137.41579,36.90748],[137.41679,36.90825],[137.41906,36.91158],[137.42034,36.91413],[137.42015,36.91616],[137.42471,36.92148],[137.44671,36.90676],[137.45397,36.9027],[137.45643,36.90181],[137.47867,36.89816],[137.49111,36.89507],[137.50046,36.89033],[137.50584,36.88591],[137.51347,36.88175],[137.51311,36.88128],[137.52172,36.87629],[137.52331,36.87559],[137.52783,36.87485],[137.53242,36.87454],[137.53716,36.872],[137.54034,36.86903],[137.54462,36.86758],[137.54294,36.87289],[137.54404,36.87498],[137.5442,36.88054],[137.54224,36.88531],[137.54064,36.88641],[137.54007,36.89058],[137.53868,36.89326],[137.53895,36.89409],[137.54192,36.89409],[137.54208,36.89305],[137.54346,36.89314],[137.54387,36.8904],[137.5451,36.89053],[137.54523,36.88974],[137.54639,36.88987],[137.54669,36.88786],[137.5479,36.88797],[137.5486,36.88329],[137.54967,36.88338],[137.55103,36.87543],[137.55222,36.87553],[137.5523,36.875],[137.55948,36.87649],[137.55954,36.87694],[137.56444,36.87562],[137.56746,36.87411],[137.56847,36.87146],[137.57064,36.8712],[137.57286,36.86878],[137.57562,36.86825],[137.57877,36.86856],[137.58079,36.86749],[137.58205,36.86737],[137.58278,36.866],[137.58451,36.86524],[137.58615,36.86362],[137.58452,36.86188],[137.58441,36.85932],[137.58658,36.85857],[137.5868,36.85581],[137.58746,36.85485],[137.58721,36.85289],[137.58887,36.8518],[137.59183,36.85169],[137.59483,36.85236],[137.59775,36.85439],[137.59935,36.85733],[137.60065,36.85805],[137.60152,36.85954],[137.60362,36.85997],[137.60467,36.86065],[137.60529,36.86215],[137.60833,36.86331],[137.61029,36.86499],[137.61087,36.86645],[137.61433,36.86535],[137.61496,36.86472],[137.61856,36.86432],[137.61927,36.8622],[137.62075,36.86144],[137.62444,36.85813],[137.62849,36.85784],[137.62861,36.85363],[137.63194,36.85049],[137.63677,36.85203],[137.64046,36.8513],[137.64407,36.85127],[137.64721,36.84924],[137.64765,36.84816],[137.64639,36.84557],[137.64787,36.84251],[137.64889,36.84159],[137.64825,36.84039],[137.64699,36.83976],[137.64782,36.83777],[137.64637,36.83509],[137.64792,36.83277],[137.64679,36.83103],[137.64646,36.82937],[137.64884,36.82611],[137.64931,36.82329],[137.65177,36.82195],[137.65691,36.82045],[137.65792,36.81876],[137.66017,36.81684],[137.66238,36.81404],[137.66307,36.81233],[137.66431,36.81134],[137.66596,36.81123],[137.6699,36.81212],[137.67317,36.81172],[137.67497,36.80917],[137.67676,36.80759],[137.67766,36.80519],[137.67913,36.80339],[137.68255,36.80384],[137.6845,36.80324],[137.68571,36.80381],[137.68801,36.80339],[137.68877,36.80216],[137.68954,36.80189],[137.69189,36.80364],[137.69377,36.80389],[137.69557,36.80344],[137.69794,36.80179],[137.69926,36.80141],[137.69929,36.80065],[137.70048,36.79993],[137.70076,36.79802],[137.70151,36.79739],[137.69916,36.79231],[137.70009,36.78995],[137.70304,36.78764],[137.70427,36.78453],[137.70542,36.78308],[137.70429,36.78194],[137.70429,36.78116],[137.70548,36.77811],[137.7093,36.77864],[137.71365,36.77533],[137.71606,36.778],[137.71986,36.78058],[137.72079,36.78244],[137.72251,36.78423],[137.72411,36.78476],[137.72599,36.78443],[137.72695,36.7827],[137.72687,36.77984],[137.72828,36.77706],[137.72936,36.77688],[137.73066,36.77557],[137.73315,36.7754],[137.73413,36.77447],[137.7345,36.77301],[137.73548,36.77221],[137.74255,36.77029],[137.74694,36.76748],[137.75076,36.75827],[137.75407,36.75411],[137.75207,36.75293],[137.75156,36.75103],[137.75334,36.74927],[137.75549,36.74576],[137.75503,36.74318],[137.75912,36.74044],[137.75796,36.73708],[137.756,36.73607],[137.75584,36.73451],[137.75464,36.73395],[137.75423,36.73322],[137.75416,36.73173],[137.75549,36.73105],[137.75518,36.72943],[137.7531,36.72747],[137.75087,36.7267],[137.75115,36.72294],[137.7525,36.71938],[137.75248,36.71697],[137.75109,36.71413],[137.75123,36.71114],[137.75025,36.70811],[137.75074,36.7069],[137.74978,36.705],[137.75079,36.7028],[137.75047,36.70135],[137.75088,36.70066],[137.75521,36.69836],[137.75563,36.69635],[137.75653,36.69567],[137.75625,36.69362],[137.75284,36.69109],[137.75384,36.69011],[137.75419,36.68734],[137.75822,36.68616],[137.75926,36.68504],[137.75901,36.68279],[137.75978,36.68053],[137.75869,36.67813],[137.75912,36.67721],[137.75833,36.67634],[137.75892,36.67528],[137.75852,36.67435],[137.76001,36.67242],[137.7597,36.67207],[137.76087,36.6702],[137.75989,36.66833],[137.76154,36.66698],[137.7617,36.66619],[137.76034,36.66458],[137.75885,36.66062],[137.75706,36.65962],[137.75665,36.65862],[137.75331,36.65766],[137.75407,36.65526],[137.7548,36.6549],[137.75626,36.65224],[137.75544,36.65095],[137.75568,36.64882],[137.75624,36.64798],[137.75514,36.64539],[137.75468,36.6424],[137.75368,36.64137],[137.75435,36.63935],[137.75394,36.63745],[137.75225,36.63547],[137.75253,36.63357],[137.75161,36.63037],[137.75159,36.62702],[137.74766,36.62554],[137.74692,36.62452],[137.74552,36.62444],[137.74306,36.62547],[137.73724,36.62385],[137.73288,36.62382],[137.73091,36.62274],[137.72779,36.62275],[137.72268,36.62499],[137.71675,36.62639],[137.71459,36.62894],[137.71197,36.62968],[137.71115,36.6307],[137.70572,36.6343],[137.70494,36.63406],[137.7037,36.63483],[137.70106,36.63815],[137.69686,36.64021],[137.69576,36.64133],[137.69357,36.64185],[137.687,36.64653],[137.68468,36.64451],[137.68205,36.63958],[137.67869,36.63884],[137.67772,36.63769],[137.67599,36.63746],[137.67456,36.6356],[137.66988,36.63552],[137.66802,36.63489],[137.66252,36.63629],[137.65671,36.63524],[137.65212,36.63573],[137.64677,36.6353],[137.64417,36.63948],[137.64241,36.63967],[137.6383,36.63855],[137.63334,36.63865],[137.63061,36.63886],[137.62613,36.64078],[137.62431,36.64379],[137.62283,36.64501],[137.62229,36.6464],[137.62261,36.64836],[137.62123,36.64998],[137.62121,36.65137],[137.62041,36.65285],[137.62056,36.65415],[137.61696,36.65445],[137.61399,36.65552],[137.61336,36.65674],[137.61056,36.65963],[137.61085,36.66036],[137.60942,36.66227],[137.60724,36.66364],[137.60701,36.66655],[137.60494,36.66834],[137.60302,36.66906],[137.59923,36.67293],[137.59644,36.67462],[137.59636,36.67564],[137.59231,36.67835],[137.59043,36.68124],[137.58952,36.68627],[137.58746,36.68767],[137.58595,36.68949],[137.58669,36.69196],[137.58625,36.69586],[137.58695,36.69898],[137.5882,36.69916],[137.59122,36.70126],[137.59478,36.7028],[137.5967,36.70589],[137.60024,36.70778],[137.60031,36.70945],[137.60572,36.71322],[137.60813,36.71412],[137.6075,36.71495],[137.60796,36.71672],[137.61056,36.71871],[137.6093,36.71996],[137.60905,36.72198],[137.61128,36.72403],[137.61137,36.72553],[137.60797,36.72992],[137.6067,36.73042],[137.59908,36.73123],[137.59756,36.73405],[137.59553,36.73479],[137.59491,36.73614],[137.59344,36.73752],[137.592,36.73774],[137.59067,36.73856],[137.58992,36.74119],[137.58801,36.74325],[137.58637,36.74612],[137.58585,36.74859],[137.585,36.74912],[137.58407,36.75072],[137.5842,36.75235],[137.58282,36.75348],[137.57776,36.75514],[137.57669,36.7569],[137.57566,36.75681],[137.57417,36.75743],[137.57297,36.75865],[137.56924,36.76052],[137.56404,36.7617],[137.56478,36.76329],[137.56311,36.76601],[137.56122,36.76706],[137.55426,36.76741],[137.54671,36.77023],[137.54396,36.77048],[137.54225,36.77217],[137.54056,36.77484],[137.53866,36.77586],[137.53736,36.77781],[137.53688,36.77992],[137.53321,36.78171],[137.53038,36.77983],[137.5254,36.77999],[137.52383,36.77839],[137.52126,36.77777],[137.51657,36.7794],[137.51709,36.78035],[137.51631,36.78239],[137.51324,36.78185],[137.51194,36.78238],[137.51091,36.78339],[137.51042,36.78537],[137.50832,36.78551],[137.50601,36.78704],[137.50593,36.78996],[137.50691,36.79235],[137.50633,36.79595],[137.50725,36.79583],[137.50674,36.79729],[137.50486,36.79867],[137.50441,36.79999],[137.49947,36.80335],[137.49938,36.8052],[137.50021,36.80707],[137.50098,36.80758],[137.50149,36.8094],[137.5042,36.81151],[137.50383,36.81198],[137.50427,36.81241],[137.50426,36.81401],[137.50586,36.81483],[137.50684,36.81655],[137.50633,36.81966],[137.50659,36.82076],[137.50617,36.82202],[137.50506,36.82286],[137.50456,36.82393],[137.49362,36.82895],[137.49135,36.82919],[137.4849,36.83181],[137.48058,36.83413],[137.47273,36.83348],[137.46938,36.83409],[137.45696,36.83729],[137.45204,36.841],[137.44759,36.84173],[137.44353,36.84336],[137.43924,36.84393],[137.43706,36.84547],[137.43675,36.84824],[137.43565,36.84966],[137.43327,36.84985],[137.43132,36.84844],[137.43021,36.84876],[137.42655,36.85255],[137.42523,36.85218],[137.42216,36.85567],[137.42061,36.8566],[137.40879,36.86008],[137.4087,36.86079],[137.41274,36.86368],[137.41385,36.86362],[137.41292,36.86399],[137.41332,36.86429],[137.41318,36.86495],[137.41381,36.86456],[137.41465,36.86573],[137.41414,36.86608],[137.41254,36.86493],[137.41422,36.86632],[137.41488,36.86583],[137.41547,36.86648],[137.41474,36.8663],[137.41492,36.86687],[137.41455,36.86656],[137.41396,36.86655],[137.41489,36.86697],[137.41545,36.86658],[137.41664,36.86752],[137.41844,36.87152]]]}},{"type":"Feature","properties":{"id":"muni-16208","name":"砺波市"},"geometry":{"type":"Polygon","coordinates":[[[136.95101,36.60131],[136.94482,36.60555],[136.94142,36.60549],[136.94067,36.60644],[136.93867,36.6072],[136.9382,36.6064],[136.93637,36.60704],[136.93454,36.60667],[136.93421,36.6071],[136.93543,36.60705],[136.93551,36.60738],[136.93442,36.60749],[136.93449,36.6079],[136.93178,36.6093],[136.93105,36.61043],[136.93027,36.60954],[136.9302,36.60993],[136.92718,36.61093],[136.92751,36.61145],[136.92721,36.61158],[136.92682,36.61105],[136.92371,36.61209],[136.92545,36.61527],[136.92365,36.61612],[136.92438,36.61698],[136.92298,36.61727],[136.92325,36.61802],[136.92196,36.6183],[136.92166,36.61748],[136.92084,36.61777],[136.9211,36.61852],[136.91883,36.61844],[136.91916,36.61895],[136.91611,36.61965],[136.91683,36.62107],[136.91306,36.62233],[136.9125,36.62126],[136.91243,36.62187],[136.9098,36.62093],[136.90942,36.62167],[136.90738,36.62174],[136.90749,36.62247],[136.90627,36.62262],[136.90647,36.62363],[136.90763,36.6235],[136.9079,36.62412],[136.90799,36.62656],[136.90701,36.62671],[136.90887,36.62819],[136.91065,36.63432],[136.91146,36.63481],[136.91161,36.63395],[136.91428,36.63366],[136.91437,36.63446],[136.92011,36.6388],[136.9184,36.63971],[136.91926,36.64076],[136.92173,36.6403],[136.92244,36.64159],[136.91976,36.64201],[136.91732,36.64131],[136.91545,36.64395],[136.91602,36.64445],[136.91536,36.64515],[136.91608,36.64573],[136.91294,36.64831],[136.91266,36.64916],[136.91449,36.64974],[136.91315,36.65153],[136.91179,36.65118],[136.9139,36.65221],[136.91376,36.65271],[136.91624,36.65363],[136.91694,36.65509],[136.91787,36.65553],[136.91597,36.65807],[136.91697,36.65854],[136.91645,36.65925],[136.91546,36.65911],[136.91827,36.66046],[136.91757,36.66141],[136.91559,36.66049],[136.91506,36.66083],[136.91477,36.66262],[136.91591,36.66242],[136.91683,36.66284],[136.9152,36.66316],[136.91385,36.66498],[136.91481,36.66546],[136.91448,36.66594],[136.91835,36.66743],[136.91605,36.66911],[136.91597,36.67021],[136.9165,36.67029],[136.91653,36.67109],[136.91946,36.67116],[136.9201,36.67477],[136.92156,36.67466],[136.92187,36.6768],[136.92356,36.67668],[136.92332,36.67419],[136.92507,36.67407],[136.92522,36.67357],[136.92452,36.67362],[136.9245,36.67318],[136.93379,36.67246],[136.9343,36.67281],[136.93611,36.67268],[136.936,36.67178],[136.93765,36.67166],[136.93776,36.67276],[136.93599,36.67287],[136.93604,36.67353],[136.93432,36.67365],[136.93463,36.67696],[136.93095,36.67741],[136.93102,36.67822],[136.92802,36.67872],[136.92816,36.68004],[136.92742,36.68011],[136.92727,36.68108],[136.92667,36.68113],[136.92704,36.68185],[136.9253,36.68224],[136.92465,36.68291],[136.9248,36.68395],[136.924,36.68401],[136.92411,36.68484],[136.92333,36.6849],[136.92391,36.6856],[136.92509,36.68535],[136.92773,36.68657],[136.92915,36.6864],[136.92886,36.68587],[136.93,36.68578],[136.92996,36.68534],[136.9317,36.68519],[136.932,36.68653],[136.93216,36.68605],[136.93454,36.68548],[136.93453,36.68447],[136.9352,36.68443],[136.93488,36.683],[136.93593,36.68299],[136.93593,36.68242],[136.93671,36.68241],[136.93654,36.68369],[136.93829,36.68401],[136.93843,36.68531],[136.94046,36.6854],[136.9408,36.68398],[136.94018,36.68388],[136.94123,36.68137],[136.94338,36.68246],[136.94244,36.68408],[136.94266,36.6845],[136.94443,36.68458],[136.94485,36.68346],[136.94492,36.67944],[136.95035,36.67999],[136.95105,36.67655],[136.95154,36.67672],[136.95165,36.67592],[136.95244,36.67599],[136.95261,36.67429],[136.95139,36.67436],[136.95166,36.67347],[136.95287,36.67371],[136.95346,36.67181],[136.95224,36.67158],[136.9524,36.67103],[136.95363,36.67127],[136.95403,36.6705],[136.95552,36.6708],[136.95582,36.66978],[136.95679,36.66998],[136.95719,36.66672],[136.95642,36.66548],[136.95731,36.66578],[136.95732,36.66531],[136.95824,36.66536],[136.95827,36.66499],[136.95618,36.66455],[136.95592,36.66279],[136.95654,36.66281],[136.95672,36.6612],[136.95617,36.66118],[136.95621,36.66053],[136.95848,36.66056],[136.95849,36.65993],[136.96027,36.65989],[136.9608,36.65945],[136.96432,36.65975],[136.96433,36.65943],[136.96542,36.65945],[136.96589,36.66241],[136.96567,36.66414],[136.96628,36.66415],[136.96627,36.66501],[136.97034,36.66507],[136.97037,36.66587],[136.97093,36.66588],[136.97091,36.66391],[136.972,36.66398],[136.97237,36.66475],[136.97384,36.66477],[136.97433,36.66516],[136.97434,36.66626],[136.9739,36.66603],[136.974,36.66675],[136.97442,36.66671],[136.97445,36.66809],[136.97697,36.6699],[136.97872,36.67047],[136.98432,36.66953],[136.98749,36.67069],[136.98865,36.67021],[136.98844,36.66957],[136.98986,36.66926],[136.99012,36.66684],[136.9894,36.66491],[136.98839,36.66494],[136.98836,36.66404],[136.98936,36.66371],[136.98789,36.66374],[136.98785,36.66319],[136.98676,36.66322],[136.98671,36.66245],[136.98786,36.66241],[136.98785,36.66162],[136.98716,36.66163],[136.98648,36.65678],[136.98937,36.65642],[136.9894,36.65675],[136.99114,36.6567],[136.99283,36.65835],[136.9948,36.65833],[136.99492,36.65883],[136.99569,36.65881],[136.99573,36.65934],[136.99765,36.65906],[136.99788,36.66005],[137.00758,36.65959],[137.00859,36.66896],[137.01014,36.66938],[137.00988,36.67011],[137.01067,36.6703],[137.01151,36.67228],[137.0113,36.67289],[137.01764,36.67139],[137.01846,36.67198],[137.02128,36.67256],[137.02153,36.67212],[137.02306,36.67209],[137.02334,36.67062],[137.02219,36.66647],[137.02535,36.66591],[137.03007,36.66382],[137.03228,36.66392],[137.0323,36.66454],[137.03297,36.66468],[137.03397,36.66429],[137.03414,36.66398],[137.03266,36.66225],[137.03277,36.66014],[137.0361,36.65875],[137.0367,36.65965],[137.03894,36.65876],[137.0388,36.65824],[137.03922,36.65795],[137.04023,36.65816],[137.04203,36.6576],[137.04233,36.65657],[137.04321,36.65604],[137.04368,36.65661],[137.04375,36.65836],[137.0451,36.66018],[137.04647,36.66096],[137.04722,36.65979],[137.0472,36.65799],[137.04814,36.65747],[137.04886,36.65629],[137.04874,36.65529],[137.0495,36.65502],[137.05081,36.6559],[137.05131,36.65577],[137.05234,36.65336],[137.05364,36.65323],[137.05426,36.65231],[137.05333,36.65217],[137.05175,36.65042],[137.05217,36.64967],[137.05176,36.64909],[137.05209,36.64584],[137.05489,36.64512],[137.0564,36.64565],[137.05847,36.64473],[137.05978,36.64303],[137.06448,36.64115],[137.06436,36.63979],[137.06544,36.63871],[137.0626,36.63629],[137.06217,36.63514],[137.05996,36.63408],[137.05821,36.6312],[137.05648,36.63103],[137.05617,36.6297],[137.05687,36.62879],[137.05626,36.62625],[137.05502,36.6249],[137.0552,36.62324],[137.05375,36.62191],[137.05469,36.61983],[137.05624,36.61886],[137.05575,36.6161],[137.05432,36.61405],[137.05334,36.61378],[137.05314,36.61297],[137.05369,36.61185],[137.05334,36.60993],[137.0544,36.60839],[137.05323,36.60474],[137.05335,36.60415],[137.05418,36.6038],[137.05405,36.60088],[137.05372,36.60036],[137.05219,36.6001],[137.04992,36.60093],[137.04862,36.60083],[137.0485,36.60035],[137.04911,36.59984],[137.04858,36.59926],[137.04947,36.5985],[137.04905,36.59822],[137.04917,36.59648],[137.04844,36.59601],[137.0493,36.59557],[137.04845,36.5949],[137.04896,36.59445],[137.04757,36.59353],[137.04769,36.59303],[137.04633,36.59277],[137.04591,36.59206],[137.04619,36.59173],[137.04551,36.59173],[137.04549,36.59072],[137.04444,36.58961],[137.04505,36.58666],[137.04442,36.58596],[137.04552,36.58515],[137.04236,36.58184],[137.04036,36.58116],[137.0393,36.57987],[137.03974,36.5794],[137.04007,36.57612],[137.04071,36.57465],[137.03945,36.57331],[137.04058,36.57112],[137.03911,36.56957],[137.03955,36.56875],[137.03719,36.56556],[137.0378,36.56272],[137.03738,36.55907],[137.03813,36.55624],[137.0373,36.55469],[137.03766,36.55231],[137.03683,36.55054],[137.0373,36.5447],[137.03667,36.54342],[137.03674,36.54176],[137.03611,36.54117],[137.03346,36.5407],[137.03165,36.54124],[137.02254,36.54123],[137.01932,36.54265],[137.01343,36.54235],[137.01152,36.54347],[137.00925,36.54389],[137.00223,36.54347],[137.00357,36.5451],[137.00398,36.54657],[137.00161,36.54741],[137.0019,36.54841],[137.00339,36.5494],[137.00269,36.5499],[137.00183,36.55179],[137.00119,36.55209],[136.99508,36.55182],[136.99414,36.55233],[136.99356,36.55425],[136.99193,36.554],[136.98974,36.55471],[136.98961,36.55577],[136.98808,36.55788],[136.98888,36.5604],[136.98854,36.56105],[136.98766,36.56128],[136.98426,36.56054],[136.98232,36.56284],[136.97996,36.56442],[136.98027,36.5654],[136.97946,36.56597],[136.97828,36.5658],[136.97919,36.56712],[136.97893,36.568],[136.97822,36.56906],[136.97661,36.56958],[136.97669,36.57003],[136.9759,36.57044],[136.97598,36.57107],[136.97418,36.5716],[136.9751,36.57228],[136.97434,36.57199],[136.97417,36.57232],[136.97514,36.57266],[136.97376,36.5724],[136.97438,36.57338],[136.97163,36.57468],[136.97271,36.57632],[136.97354,36.57677],[136.97258,36.57713],[136.97272,36.57757],[136.97217,36.57778],[136.9719,36.57741],[136.9687,36.5788],[136.96913,36.57957],[136.97062,36.5788],[136.97147,36.57991],[136.9709,36.58017],[136.97157,36.58127],[136.97029,36.58198],[136.97087,36.58307],[136.96936,36.58379],[136.97009,36.58486],[136.96684,36.58713],[136.96637,36.58809],[136.96546,36.58824],[136.96446,36.5895],[136.96315,36.58988],[136.96298,36.59091],[136.96196,36.59076],[136.96174,36.59187],[136.96072,36.59177],[136.95964,36.59263],[136.9595,36.59335],[136.96106,36.59353],[136.9609,36.59445],[136.96194,36.59419],[136.9588,36.59807],[136.95833,36.59854],[136.95803,36.59814],[136.95739,36.59845],[136.95704,36.59794],[136.95471,36.599],[136.95389,36.59787],[136.95308,36.59793],[136.95333,36.59829],[136.95263,36.59866],[136.9534,36.5996],[136.95116,36.60076],[136.95013,36.59994],[136.94736,36.60135],[136.94781,36.6019],[136.94853,36.60155],[136.94871,36.6019],[136.94902,36.6018],[136.94878,36.60127],[136.95046,36.60073],[136.95101,36.60131]]]}},{"type":"Feature","properties":{"id":"muni-16209","name":"小矢部市"},"geometry":{"type":"MultiPolygon","coordinates":[[[[136.90738,36.62174],[136.90905,36.62153],[136.90814,36.62056],[136.90627,36.62262],[136.90749,36.62247],[136.90738,36.62174]]],[[[136.84805,36.58568],[136.84539,36.58601],[136.84452,36.58525],[136.84346,36.58662],[136.84232,36.58668],[136.84113,36.58794],[136.83908,36.58859],[136.83858,36.59106],[136.83597,36.59206],[136.83394,36.59448],[136.83301,36.59463],[136.83216,36.59649],[136.83058,36.59808],[136.8279,36.59848],[136.82573,36.59809],[136.82353,36.6003],[136.8218,36.59966],[136.81965,36.59999],[136.81837,36.60109],[136.81845,36.60252],[136.81746,36.60289],[136.81542,36.60244],[136.81506,36.60154],[136.81411,36.60103],[136.81086,36.60126],[136.81007,36.60301],[136.81004,36.60444],[136.81158,36.60541],[136.81128,36.60575],[136.81281,36.6079],[136.81136,36.60851],[136.81118,36.60966],[136.81326,36.61383],[136.81473,36.61398],[136.81424,36.61578],[136.81358,36.61626],[136.81211,36.61599],[136.80813,36.61695],[136.80499,36.61666],[136.80326,36.61721],[136.80127,36.61697],[136.79968,36.6155],[136.79898,36.61563],[136.79693,36.61343],[136.79654,36.61138],[136.79858,36.61068],[136.79963,36.60933],[136.79856,36.60806],[136.7967,36.60766],[136.79602,36.60529],[136.79464,36.6043],[136.78969,36.60533],[136.78784,36.60707],[136.78712,36.60829],[136.7861,36.60891],[136.78563,36.61065],[136.78586,36.61365],[136.78463,36.61395],[136.78314,36.61569],[136.78313,36.61693],[136.78397,36.6175],[136.78361,36.61825],[136.78477,36.61962],[136.78365,36.62093],[136.78441,36.62176],[136.78406,36.62436],[136.78496,36.62564],[136.78405,36.62731],[136.78476,36.62842],[136.78604,36.62947],[136.78897,36.62992],[136.79205,36.63141],[136.79316,36.63084],[136.79468,36.63111],[136.7952,36.63288],[136.79756,36.63392],[136.79744,36.63547],[136.80038,36.63656],[136.79926,36.64148],[136.79926,36.64459],[136.79983,36.6457],[136.80089,36.64668],[136.80327,36.64765],[136.8054,36.6469],[136.80729,36.64776],[136.80783,36.64976],[136.80968,36.65153],[136.80886,36.65216],[136.80795,36.65147],[136.80768,36.65176],[136.80716,36.65283],[136.80738,36.65462],[136.80819,36.6549],[136.81022,36.65704],[136.81004,36.658],[136.81102,36.6582],[136.81096,36.65874],[136.81406,36.65945],[136.81503,36.6607],[136.81668,36.66146],[136.81576,36.6635],[136.81872,36.6676],[136.82106,36.66763],[136.82406,36.66954],[136.8232,36.67367],[136.82131,36.67415],[136.8208,36.67478],[136.82102,36.67677],[136.82203,36.67812],[136.82164,36.67976],[136.82262,36.68083],[136.82175,36.68119],[136.82147,36.68233],[136.82,36.68422],[136.8192,36.68419],[136.81754,36.6855],[136.81435,36.68455],[136.81156,36.68467],[136.81001,36.68656],[136.81125,36.68864],[136.81097,36.6896],[136.81237,36.69193],[136.81118,36.69338],[136.81154,36.69437],[136.81317,36.69617],[136.81386,36.69858],[136.81526,36.69937],[136.81573,36.70044],[136.81296,36.70333],[136.80895,36.70406],[136.80702,36.70493],[136.80364,36.70861],[136.79876,36.71004],[136.79749,36.71176],[136.79384,36.71384],[136.79385,36.71545],[136.7924,36.71578],[136.79184,36.71657],[136.78935,36.71777],[136.78945,36.71901],[136.79008,36.72003],[136.79208,36.72008],[136.79323,36.72108],[136.79362,36.72239],[136.79305,36.72417],[136.79349,36.72644],[136.79545,36.72832],[136.79589,36.72964],[136.79976,36.73001],[136.80241,36.72912],[136.80511,36.72904],[136.80677,36.72824],[136.80813,36.7301],[136.81276,36.7301],[136.81383,36.73056],[136.81578,36.72963],[136.81718,36.73032],[136.81877,36.73039],[136.82012,36.73111],[136.82064,36.73555],[136.82125,36.73573],[136.82157,36.73692],[136.82127,36.73792],[136.82222,36.73894],[136.82177,36.74026],[136.82516,36.74218],[136.8279,36.74105],[136.82836,36.74166],[136.83001,36.74203],[136.83281,36.74215],[136.83342,36.74252],[136.83356,36.74329],[136.83661,36.74216],[136.83808,36.73958],[136.8394,36.73851],[136.8397,36.73701],[136.84093,36.73618],[136.84318,36.73646],[136.84437,36.73576],[136.85041,36.73622],[136.85139,36.73488],[136.85159,36.73354],[136.85231,36.73308],[136.857,36.73419],[136.85632,36.73296],[136.85725,36.73303],[136.85793,36.73212],[136.85683,36.73163],[136.85846,36.73121],[136.85836,36.73027],[136.85928,36.73007],[136.85871,36.72893],[136.86,36.72735],[136.85949,36.72613],[136.86127,36.72448],[136.86324,36.72614],[136.86493,36.7265],[136.86584,36.72561],[136.86801,36.72474],[136.86825,36.72346],[136.87047,36.72106],[136.87473,36.71928],[136.87749,36.71705],[136.87907,36.71722],[136.88131,36.71621],[136.88373,36.71638],[136.88546,36.71738],[136.88531,36.71599],[136.88579,36.71538],[136.88542,36.71474],[136.8858,36.71394],[136.88548,36.71267],[136.88612,36.7115],[136.88538,36.71062],[136.88556,36.70751],[136.88691,36.70571],[136.89138,36.7033],[136.89141,36.70254],[136.89032,36.7018],[136.89025,36.69913],[136.89603,36.6998],[136.89715,36.69954],[136.90151,36.70181],[136.90464,36.70269],[136.90577,36.70114],[136.90702,36.70069],[136.90782,36.70105],[136.90801,36.7005],[136.90757,36.70004],[136.90797,36.6992],[136.90685,36.69485],[136.9079,36.69386],[136.90748,36.6929],[136.90853,36.69246],[136.90777,36.69133],[136.9109,36.69141],[136.91063,36.68768],[136.91399,36.6871],[136.9141,36.68791],[136.9159,36.68807],[136.91587,36.68863],[136.9177,36.68851],[136.91779,36.68935],[136.91604,36.68946],[136.91622,36.69104],[136.92063,36.69051],[136.92111,36.68588],[136.92232,36.68489],[136.92411,36.68484],[136.924,36.68401],[136.9248,36.68395],[136.92496,36.68352],[136.92465,36.68291],[136.92581,36.68195],[136.92704,36.68185],[136.92667,36.68113],[136.92727,36.68108],[136.92742,36.68011],[136.92816,36.68004],[136.92802,36.67872],[136.93102,36.67822],[136.93095,36.67741],[136.93463,36.67696],[136.93432,36.67365],[136.93604,36.67353],[136.93599,36.67287],[136.93776,36.67276],[136.93765,36.67166],[136.936,36.67178],[136.93611,36.67268],[136.9343,36.67281],[136.93379,36.67246],[136.9245,36.67318],[136.92452,36.67362],[136.92522,36.67357],[136.92507,36.67407],[136.92332,36.67419],[136.92356,36.67668],[136.92187,36.6768],[136.92156,36.67466],[136.9201,36.67477],[136.91946,36.67116],[136.91653,36.67109],[136.9165,36.67029],[136.91597,36.67021],[136.91605,36.66911],[136.91835,36.66743],[136.91448,36.66594],[136.91481,36.66546],[136.91385,36.66498],[136.9152,36.66316],[136.91683,36.66284],[136.91591,36.66242],[136.91477,36.66262],[136.91506,36.66083],[136.91559,36.66049],[136.91757,36.66141],[136.91827,36.66046],[136.91546,36.65911],[136.91645,36.65925],[136.91697,36.65854],[136.91597,36.65807],[136.91787,36.65553],[136.91694,36.65509],[136.91624,36.65363],[136.91376,36.65271],[136.9139,36.65221],[136.91179,36.65118],[136.91315,36.65153],[136.91449,36.64974],[136.91266,36.64916],[136.91294,36.64831],[136.91608,36.64573],[136.91536,36.64515],[136.91602,36.64445],[136.91545,36.64395],[136.91732,36.64131],[136.91976,36.64201],[136.92244,36.64159],[136.92173,36.6403],[136.91926,36.64076],[136.9184,36.63971],[136.92011,36.6388],[136.91437,36.63446],[136.91428,36.63366],[136.91161,36.63395],[136.91146,36.63481],[136.91065,36.63432],[136.90887,36.62819],[136.9071,36.62681],[136.90699,36.6278],[136.90623,36.62827],[136.90586,36.62737],[136.90445,36.62754],[136.90331,36.62644],[136.90302,36.62511],[136.904,36.62496],[136.90405,36.6236],[136.90517,36.62348],[136.905,36.62297],[136.90816,36.62037],[136.90852,36.6188],[136.90801,36.6191],[136.90896,36.61731],[136.90851,36.61686],[136.90971,36.61519],[136.90949,36.61463],[136.90605,36.61525],[136.90578,36.61264],[136.90489,36.61268],[136.90442,36.61157],[136.902,36.60896],[136.90176,36.60537],[136.90036,36.60201],[136.89682,36.60303],[136.88826,36.60348],[136.88628,36.60464],[136.88544,36.60399],[136.88392,36.60402],[136.88331,36.60299],[136.88167,36.60275],[136.87948,36.60313],[136.87843,36.60389],[136.87578,36.60412],[136.86821,36.60206],[136.86803,36.60296],[136.86688,36.60364],[136.86703,36.60428],[136.86613,36.60465],[136.86409,36.6028],[136.86411,36.60377],[136.8629,36.60416],[136.86158,36.60344],[136.86119,36.60237],[136.85997,36.60215],[136.85963,36.60327],[136.8587,36.60364],[136.86016,36.60657],[136.85877,36.60521],[136.85672,36.60429],[136.85529,36.60189],[136.85574,36.60109],[136.85563,36.59952],[136.85394,36.59852],[136.85398,36.59806],[136.85234,36.59666],[136.85208,36.59529],[136.85267,36.59293],[136.85139,36.5923],[136.85054,36.59108],[136.85039,36.58976],[136.85138,36.58814],[136.8511,36.58751],[136.85022,36.5866],[136.84805,36.58568]]]]}},{"type":"Feature","properties":{"id":"muni-16210","name":"南砺市"},"geometry":{"type":"Polygon","coordinates":[[[136.79545,36.58321],[136.79412,36.58848],[136.7942,36.59003],[136.7901,36.59109],[136.79032,36.59178],[136.78959,36.59263],[136.7883,36.59315],[136.78843,36.59581],[136.78942,36.59767],[136.78889,36.599],[136.78918,36.60088],[136.78844,36.60204],[136.79089,36.60306],[136.79084,36.6041],[136.78969,36.60533],[136.79488,36.60434],[136.79602,36.60529],[136.7967,36.60766],[136.7988,36.60824],[136.79874,36.6087],[136.7996,36.60942],[136.79858,36.61068],[136.79654,36.61138],[136.79699,36.61222],[136.79678,36.61315],[136.79898,36.61563],[136.79968,36.6155],[136.80127,36.61697],[136.80341,36.61721],[136.80499,36.61666],[136.80813,36.61695],[136.81211,36.61599],[136.81341,36.6163],[136.81424,36.61578],[136.8147,36.61387],[136.81326,36.61383],[136.81118,36.60966],[136.81136,36.60851],[136.81281,36.6079],[136.81128,36.60575],[136.81158,36.60541],[136.81004,36.60444],[136.81007,36.60301],[136.81086,36.60126],[136.81411,36.60103],[136.81506,36.60154],[136.81542,36.60244],[136.81746,36.60289],[136.81845,36.60252],[136.81837,36.60109],[136.81965,36.59999],[136.8218,36.59966],[136.82353,36.6003],[136.82573,36.59809],[136.8279,36.59848],[136.83058,36.59808],[136.83216,36.59649],[136.83301,36.59463],[136.83394,36.59448],[136.83597,36.59206],[136.83858,36.59106],[136.83908,36.58859],[136.84113,36.58794],[136.84232,36.58668],[136.84346,36.58662],[136.84452,36.58525],[136.84569,36.58605],[136.8476,36.58555],[136.85022,36.5866],[136.8511,36.58751],[136.85138,36.58814],[136.85039,36.58976],[136.85054,36.59108],[136.85139,36.5923],[136.85267,36.59293],[136.85208,36.59529],[136.85234,36.59666],[136.85398,36.59806],[136.85394,36.59852],[136.85563,36.59952],[136.85574,36.60109],[136.85529,36.60189],[136.85672,36.60429],[136.85877,36.60521],[136.86016,36.60658],[136.8587,36.60364],[136.85963,36.60327],[136.85997,36.60215],[136.86119,36.60237],[136.86158,36.60344],[136.8629,36.60416],[136.86411,36.60377],[136.86409,36.6028],[136.86613,36.60465],[136.86703,36.60428],[136.86688,36.60364],[136.86803,36.60296],[136.86821,36.60206],[136.87578,36.60412],[136.87843,36.60389],[136.87948,36.60313],[136.88167,36.60275],[136.88331,36.60299],[136.88392,36.60402],[136.88544,36.60399],[136.88628,36.60464],[136.88826,36.60348],[136.89682,36.60303],[136.90036,36.60201],[136.90176,36.60537],[136.902,36.60896],[136.90442,36.61157],[136.90489,36.61268],[136.90578,36.61264],[136.90605,36.61525],[136.90949,36.61463],[136.90971,36.61519],[136.90851,36.61686],[136.90896,36.61731],[136.90801,36.6191],[136.90852,36.6188],[136.90816,36.62037],[136.905,36.62297],[136.90517,36.62348],[136.90405,36.6236],[136.904,36.62496],[136.90302,36.62511],[136.90331,36.62644],[136.90445,36.62754],[136.90586,36.62737],[136.90623,36.62827],[136.90699,36.6278],[136.90701,36.62666],[136.90799,36.62656],[136.9079,36.62412],[136.90763,36.6235],[136.90647,36.62363],[136.90621,36.62233],[136.90814,36.62056],[136.90857,36.62138],[136.90942,36.62167],[136.9098,36.62093],[136.91243,36.62187],[136.9125,36.62126],[136.91306,36.62233],[136.91683,36.62107],[136.91611,36.61965],[136.91916,36.61895],[136.91883,36.61844],[136.91962,36.61818],[136.91975,36.61876],[136.9211,36.61852],[136.92084,36.61777],[136.92166,36.61748],[136.92196,36.6183],[136.92325,36.61802],[136.92298,36.61727],[136.92438,36.61698],[136.92365,36.61612],[136.92545,36.61527],[136.92371,36.61209],[136.92682,36.61105],[136.92721,36.61158],[136.92751,36.61145],[136.92718,36.61093],[136.9302,36.60993],[136.93027,36.60954],[136.93105,36.61043],[136.93178,36.6093],[136.93449,36.6079],[136.93442,36.60749],[136.93551,36.60738],[136.93543,36.60705],[136.93421,36.6071],[136.93454,36.60667],[136.93637,36.60704],[136.9382,36.6064],[136.93867,36.6072],[136.94067,36.60644],[136.94142,36.60549],[136.94482,36.60555],[136.95101,36.60131],[136.95046,36.60073],[136.94878,36.60127],[136.94902,36.6018],[136.94871,36.6019],[136.94853,36.60155],[136.94781,36.6019],[136.94736,36.60135],[136.95013,36.59994],[136.95116,36.60076],[136.9534,36.5996],[136.95263,36.59866],[136.95333,36.59829],[136.95308,36.59793],[136.95389,36.59787],[136.95471,36.599],[136.95704,36.59794],[136.95739,36.59845],[136.95803,36.59814],[136.95833,36.59854],[136.96194,36.59419],[136.9609,36.59445],[136.96106,36.59353],[136.9595,36.59335],[136.95964,36.59263],[136.96072,36.59177],[136.96174,36.59187],[136.96196,36.59076],[136.96298,36.59091],[136.96315,36.58988],[136.96446,36.5895],[136.96546,36.58824],[136.96637,36.58809],[136.96684,36.58713],[136.97009,36.58486],[136.96936,36.58379],[136.97087,36.58307],[136.97029,36.58198],[136.97157,36.58127],[136.9709,36.58017],[136.97147,36.57991],[136.97062,36.5788],[136.96913,36.57957],[136.9687,36.5788],[136.9719,36.57741],[136.97217,36.57778],[136.97272,36.57757],[136.97258,36.57713],[136.97354,36.57677],[136.97271,36.57632],[136.97163,36.57468],[136.97411,36.57365],[136.97438,36.57338],[136.97376,36.5724],[136.97518,36.57252],[136.97417,36.57232],[136.97434,36.57199],[136.9751,36.57228],[136.97418,36.5716],[136.97598,36.57107],[136.9759,36.57044],[136.97669,36.57003],[136.97661,36.56958],[136.97822,36.56906],[136.97919,36.56728],[136.97828,36.5658],[136.97946,36.56597],[136.98027,36.5654],[136.97996,36.56442],[136.98232,36.56284],[136.98426,36.56054],[136.9884,36.5612],[136.98888,36.5604],[136.98808,36.55788],[136.98961,36.55577],[136.98974,36.55471],[136.99193,36.554],[136.99356,36.55425],[136.99414,36.55233],[136.99508,36.55182],[137.00119,36.55209],[137.00206,36.55152],[137.00269,36.5499],[137.00339,36.5494],[137.0019,36.54841],[137.00161,36.54741],[137.00398,36.54657],[137.00357,36.5451],[137.00223,36.54347],[137.00925,36.54389],[137.01152,36.54347],[137.01343,36.54235],[137.01899,36.54269],[137.02212,36.54128],[137.03181,36.54123],[137.03346,36.5407],[137.03611,36.54117],[137.03702,36.54031],[137.03433,36.53637],[137.03383,36.5346],[137.03274,36.53345],[137.03365,36.53055],[137.03373,36.52805],[137.03317,36.52624],[137.03377,36.52534],[137.03349,36.52463],[137.03451,36.51966],[137.03469,36.51747],[137.0341,36.51604],[137.03462,36.51391],[137.0282,36.50582],[137.02836,36.50308],[137.02992,36.50081],[137.03143,36.5],[137.03221,36.50066],[137.03353,36.50057],[137.03537,36.50159],[137.03802,36.50521],[137.04453,36.50631],[137.04619,36.50628],[137.04667,36.50492],[137.05082,36.5029],[137.05048,36.50076],[137.05119,36.50024],[137.05047,36.49904],[137.053,36.49687],[137.05404,36.49701],[137.0529,36.49515],[137.05267,36.49301],[137.05315,36.49168],[137.05301,36.48985],[137.05368,36.48872],[137.05327,36.48716],[137.05418,36.48518],[137.05432,36.48234],[137.05554,36.48075],[137.05509,36.47907],[137.05696,36.47619],[137.05807,36.47331],[137.05958,36.47272],[137.06026,36.47112],[137.06026,36.47046],[137.05889,36.46901],[137.05928,36.46767],[137.05857,36.46684],[137.05879,36.46508],[137.05971,36.46267],[137.06144,36.46205],[137.06121,36.46082],[137.06276,36.45784],[137.0634,36.45456],[137.06453,36.45247],[137.06355,36.45107],[137.06356,36.44947],[137.06026,36.4467],[137.05988,36.44396],[137.05897,36.44278],[137.05718,36.4417],[137.05592,36.44152],[137.05604,36.4389],[137.05469,36.43773],[137.05479,36.43704],[137.05652,36.43547],[137.05741,36.43056],[137.05863,36.4293],[137.06045,36.4288],[137.06198,36.42728],[137.06221,36.42582],[137.06186,36.42392],[137.06028,36.4229],[137.05973,36.41942],[137.058,36.41794],[137.05773,36.41724],[137.05842,36.41601],[137.05618,36.41228],[137.0566,36.41141],[137.05803,36.41043],[137.0572,36.40899],[137.05678,36.4024],[137.05862,36.39844],[137.05855,36.39771],[137.0573,36.39575],[137.05617,36.39507],[137.05593,36.39393],[137.05478,36.39315],[137.05461,36.39072],[137.05388,36.38988],[137.0536,36.38739],[137.05163,36.38671],[137.05114,36.38455],[137.05006,36.38352],[137.0505,36.38311],[137.05046,36.38146],[137.04901,36.38078],[137.04853,36.3799],[137.04966,36.37681],[137.04859,36.37583],[137.04707,36.37294],[137.04724,36.37215],[137.04795,36.37207],[137.04857,36.37071],[137.04988,36.37083],[137.05066,36.36983],[137.05309,36.37023],[137.05355,36.3709],[137.05523,36.37107],[137.05588,36.37164],[137.05836,36.37202],[137.05805,36.3711],[137.05898,36.36997],[137.05847,36.36811],[137.05948,36.36733],[137.06184,36.36704],[137.06214,36.36642],[137.06062,36.36403],[137.06044,36.36262],[137.05914,36.36187],[137.05903,36.36033],[137.05697,36.35784],[137.05654,36.35499],[137.05492,36.35406],[137.05472,36.35247],[137.05017,36.34958],[137.05065,36.34817],[137.0489,36.34552],[137.04969,36.34455],[137.05135,36.3447],[137.05861,36.34249],[137.05653,36.34028],[137.05249,36.33845],[137.05191,36.33609],[137.05219,36.33337],[137.05144,36.33119],[137.05237,36.3298],[137.05168,36.32843],[137.05046,36.3274],[137.04775,36.32636],[137.04697,36.32524],[137.04512,36.32461],[137.04511,36.32387],[137.04388,36.32199],[137.04232,36.3217],[137.04129,36.32012],[137.03876,36.31903],[137.03749,36.31754],[137.03363,36.31782],[137.03035,36.31727],[137.02949,36.31793],[137.0245,36.31671],[137.02378,36.31758],[137.02185,36.31856],[137.01975,36.31835],[137.0193,36.31734],[137.01959,36.31607],[137.01847,36.31602],[137.01809,36.31546],[137.01852,36.31469],[137.01789,36.3144],[137.01819,36.31138],[137.01924,36.3106],[137.02033,36.31079],[137.02118,36.30911],[137.0203,36.30779],[137.01864,36.30734],[137.01657,36.30513],[137.01441,36.30422],[137.01421,36.30118],[137.01209,36.29974],[137.01213,36.2987],[137.01079,36.29814],[137.01088,36.29496],[137.01262,36.29331],[137.00776,36.29212],[137.00756,36.28947],[137.00491,36.28789],[137.00309,36.28781],[137.00251,36.28695],[136.9993,36.28678],[136.99757,36.28609],[136.99682,36.2863],[136.99631,36.28768],[136.99466,36.28771],[136.99041,36.28713],[136.98822,36.28592],[136.98617,36.28621],[136.98559,36.28454],[136.98683,36.28345],[136.98657,36.2825],[136.98322,36.28112],[136.98218,36.27968],[136.98024,36.27933],[136.97982,36.2775],[136.97617,36.27589],[136.97539,36.27444],[136.97235,36.27582],[136.9707,36.27772],[136.96903,36.2757],[136.96791,36.27522],[136.96673,36.27776],[136.96606,36.27796],[136.96423,36.27649],[136.95799,36.27771],[136.95799,36.27935],[136.95713,36.28001],[136.95774,36.2804],[136.95874,36.28266],[136.96062,36.28347],[136.96161,36.28472],[136.96035,36.28635],[136.96043,36.28758],[136.96263,36.29004],[136.96545,36.29217],[136.96588,36.29449],[136.96552,36.29527],[136.96737,36.29566],[136.96869,36.29671],[136.96809,36.29708],[136.96739,36.2991],[136.96926,36.30321],[136.96909,36.30479],[136.97325,36.30971],[136.97208,36.31106],[136.97227,36.31246],[136.97126,36.31536],[136.96749,36.31769],[136.96405,36.31882],[136.96331,36.32094],[136.96128,36.32306],[136.96025,36.32541],[136.96137,36.32753],[136.96023,36.32961],[136.95804,36.33152],[136.95758,36.33425],[136.95517,36.33929],[136.95258,36.33949],[136.95023,36.33902],[136.94942,36.34201],[136.94829,36.3428],[136.94717,36.34567],[136.94281,36.34735],[136.93929,36.3495],[136.93518,36.34846],[136.93279,36.34863],[136.92908,36.3518],[136.92685,36.3525],[136.92476,36.3546],[136.91342,36.35748],[136.91003,36.3589],[136.90781,36.36083],[136.90598,36.36011],[136.90319,36.35558],[136.90148,36.35507],[136.89912,36.35337],[136.8966,36.35319],[136.89685,36.35138],[136.8941,36.34861],[136.89095,36.34707],[136.88996,36.34552],[136.88853,36.34585],[136.88731,36.34547],[136.8822,36.34177],[136.88094,36.34234],[136.87874,36.34478],[136.87476,36.34272],[136.87424,36.34319],[136.87433,36.34449],[136.87649,36.34679],[136.87574,36.34994],[136.87198,36.34958],[136.87029,36.34887],[136.86962,36.34987],[136.86947,36.35152],[136.87053,36.35323],[136.8731,36.35296],[136.87625,36.35586],[136.8763,36.35999],[136.87534,36.36097],[136.87305,36.36135],[136.87268,36.36288],[136.87372,36.36463],[136.87334,36.36637],[136.87126,36.36753],[136.86813,36.36556],[136.8689,36.36423],[136.86838,36.36184],[136.8665,36.35783],[136.86418,36.35524],[136.86521,36.35391],[136.86472,36.35296],[136.86612,36.35143],[136.86523,36.35058],[136.8651,36.34966],[136.86385,36.34966],[136.86302,36.34909],[136.86186,36.34957],[136.85862,36.34927],[136.85736,36.34988],[136.85548,36.34981],[136.85545,36.34823],[136.85477,36.34758],[136.85201,36.34744],[136.85148,36.34845],[136.85008,36.34824],[136.84937,36.34923],[136.8482,36.3491],[136.8471,36.35073],[136.844,36.35112],[136.8422,36.35069],[136.84156,36.34963],[136.83722,36.34725],[136.83732,36.34567],[136.8382,36.34465],[136.83737,36.34343],[136.83913,36.33861],[136.84095,36.33663],[136.8425,36.33294],[136.83975,36.32829],[136.83982,36.32693],[136.83856,36.32519],[136.83831,36.32327],[136.83707,36.32191],[136.83458,36.3174],[136.83251,36.31532],[136.83247,36.31345],[136.8317,36.31265],[136.8308,36.31026],[136.83043,36.30779],[136.83221,36.30731],[136.83221,36.30671],[136.82752,36.30484],[136.82787,36.30431],[136.82697,36.30401],[136.82697,36.30296],[136.82619,36.30252],[136.82305,36.30334],[136.82117,36.30266],[136.81692,36.30342],[136.81504,36.30289],[136.81291,36.30333],[136.80937,36.3026],[136.80837,36.30432],[136.8045,36.30628],[136.79861,36.30448],[136.79514,36.30235],[136.79231,36.29944],[136.79123,36.30057],[136.79069,36.30207],[136.79124,36.3035],[136.79042,36.30541],[136.78968,36.30962],[136.78877,36.31056],[136.78843,36.31201],[136.79057,36.31578],[136.78933,36.31995],[136.79043,36.32143],[136.79039,36.3222],[136.78895,36.32494],[136.78352,36.32957],[136.78361,36.33014],[136.78551,36.33111],[136.78682,36.33412],[136.78579,36.33519],[136.78604,36.3359],[136.78536,36.33738],[136.78515,36.3391],[136.78585,36.33999],[136.7858,36.34122],[136.78493,36.34201],[136.78406,36.34192],[136.78456,36.34394],[136.78746,36.34868],[136.79021,36.34803],[136.7933,36.34865],[136.79526,36.34972],[136.79647,36.35214],[136.8009,36.35284],[136.80208,36.35444],[136.80436,36.35553],[136.80573,36.35544],[136.80798,36.35872],[136.80622,36.36205],[136.80684,36.36385],[136.80513,36.36365],[136.80379,36.36508],[136.80339,36.36662],[136.80049,36.36963],[136.80018,36.37261],[136.8008,36.3772],[136.80045,36.38036],[136.79883,36.38351],[136.79638,36.38461],[136.79743,36.38556],[136.79786,36.38671],[136.79675,36.3907],[136.79723,36.39274],[136.79519,36.39484],[136.79574,36.39537],[136.79528,36.40128],[136.79288,36.40222],[136.7925,36.4032],[136.78852,36.40657],[136.78626,36.40921],[136.78549,36.40972],[136.78379,36.40943],[136.77895,36.41454],[136.77473,36.41469],[136.77153,36.41408],[136.76987,36.41504],[136.77016,36.41777],[136.77121,36.41866],[136.77151,36.41955],[136.77152,36.42201],[136.77105,36.42277],[136.76856,36.42373],[136.7693,36.42616],[136.76871,36.42877],[136.7695,36.43092],[136.77427,36.43278],[136.77815,36.43074],[136.77989,36.432],[136.78115,36.434],[136.78603,36.43823],[136.78681,36.43945],[136.78904,36.43975],[136.79573,36.4435],[136.79687,36.44472],[136.79639,36.44539],[136.79289,36.44604],[136.7901,36.44738],[136.78844,36.45096],[136.7883,36.45275],[136.78907,36.45454],[136.79304,36.45744],[136.79363,36.45848],[136.79665,36.4601],[136.79792,36.46194],[136.79675,36.46326],[136.79485,36.46394],[136.79639,36.46503],[136.79606,36.46586],[136.79857,36.46859],[136.79661,36.47007],[136.79581,36.47139],[136.79617,36.47282],[136.79559,36.47326],[136.79548,36.47428],[136.80011,36.48297],[136.80323,36.48532],[136.8019,36.48621],[136.80262,36.48811],[136.8024,36.49042],[136.80162,36.49089],[136.79902,36.49062],[136.79831,36.49291],[136.79578,36.49356],[136.79447,36.49703],[136.7951,36.49781],[136.79612,36.49791],[136.79696,36.50151],[136.79608,36.50278],[136.79613,36.50396],[136.79562,36.50464],[136.7959,36.50699],[136.79467,36.50842],[136.79486,36.51095],[136.79622,36.51175],[136.79595,36.51278],[136.79724,36.51324],[136.79926,36.51574],[136.799,36.51699],[136.80022,36.51867],[136.79979,36.52114],[136.80106,36.52063],[136.80394,36.52245],[136.80405,36.52432],[136.80521,36.52511],[136.80638,36.52767],[136.80745,36.52885],[136.80759,36.53062],[136.8119,36.53553],[136.81193,36.53714],[136.81279,36.53819],[136.81275,36.54062],[136.8169,36.54836],[136.81676,36.55022],[136.81731,36.55268],[136.81558,36.5557],[136.81288,36.55753],[136.81117,36.56099],[136.8074,36.56235],[136.80488,36.56623],[136.80351,36.56659],[136.80275,36.56733],[136.80228,36.56882],[136.80052,36.56955],[136.7985,36.56963],[136.79675,36.56877],[136.79276,36.56824],[136.79113,36.56932],[136.79091,36.57008],[136.79407,36.5766],[136.79302,36.58027],[136.79545,36.58321]]]}},{"type":"Feature","properties":{"id":"muni-16211","name":"射水市"},"geometry":{"type":"MultiPolygon","coordinates":[[[[137.01624,36.6981],[137.0138,36.69797],[137.01043,36.6989],[137.01577,36.70556],[137.02367,36.71291],[137.03919,36.73031],[137.03693,36.73192],[137.03891,36.73584],[137.04114,36.7376],[137.04127,36.73823],[137.04357,36.73857],[137.04498,36.74056],[137.04546,36.744],[137.04856,36.75084],[137.05139,36.75371],[137.04999,36.75852],[137.04972,36.76148],[137.04858,36.76368],[137.04907,36.76571],[137.04999,36.76572],[137.04995,36.76992],[137.05047,36.77107],[137.05202,36.77094],[137.05293,36.77224],[137.05778,36.77269],[137.05985,36.77046],[137.06031,36.76818],[137.06433,36.76774],[137.06802,36.76903],[137.06865,36.76716],[137.07922,36.76238],[137.08124,36.7626],[137.08181,36.76205],[137.08486,36.76221],[137.08492,36.7647],[137.08752,36.76465],[137.08739,36.76494],[137.09073,36.76453],[137.09199,36.76393],[137.09164,36.763],[137.0928,36.76317],[137.09873,36.76575],[137.10031,36.76706],[137.09979,36.76809],[137.10417,36.76965],[137.11208,36.76788],[137.11197,36.76714],[137.11032,36.76558],[137.11023,36.76468],[137.10903,36.76311],[137.11126,36.76199],[137.11146,36.7613],[137.11154,36.76245],[137.11358,36.76509],[137.11313,36.76536],[137.11393,36.76516],[137.12121,36.76118],[137.12145,36.76062],[137.12555,36.75806],[137.13063,36.75681],[137.13199,36.7572],[137.13142,36.75582],[137.13184,36.75586],[137.13235,36.7571],[137.13306,36.75674],[137.13336,36.75742],[137.13388,36.75727],[137.13431,36.75681],[137.13324,36.75373],[137.13624,36.75254],[137.13722,36.75388],[137.13865,36.75405],[137.14206,36.76053],[137.14294,36.76041],[137.14441,36.76317],[137.13855,36.76517],[137.13757,36.76252],[137.13974,36.76214],[137.13988,36.7606],[137.1389,36.75713],[137.13771,36.75661],[137.13345,36.75764],[137.1344,36.76063],[137.13227,36.76044],[137.12603,36.76211],[137.11831,36.76651],[137.11897,36.77039],[137.11931,36.77034],[137.11927,36.77209],[137.12063,36.77233],[137.11824,36.77244],[137.11831,36.77327],[137.11715,36.77379],[137.11715,36.77454],[137.11784,36.77553],[137.11962,36.77488],[137.11924,36.77598],[137.1176,36.77602],[137.11947,36.77616],[137.11976,36.77762],[137.1198,36.77716],[137.12108,36.77698],[137.12191,36.77946],[137.11986,36.78004],[137.11984,36.7781],[137.11921,36.77829],[137.11978,36.77831],[137.11974,36.78185],[137.11882,36.78406],[137.11986,36.78186],[137.11986,36.78012],[137.13682,36.7754],[137.13609,36.77372],[137.141,36.77262],[137.13675,36.77319],[137.13661,36.77286],[137.13789,36.77238],[137.13759,36.77195],[137.13649,36.77225],[137.13605,36.77068],[137.13732,36.77028],[137.13712,36.76936],[137.14886,36.76595],[137.1556,36.76288],[137.16919,36.75992],[137.17293,36.7596],[137.18002,36.75754],[137.17965,36.75694],[137.17922,36.7481],[137.17823,36.74818],[137.17808,36.74678],[137.17476,36.747],[137.17467,36.74557],[137.17228,36.74565],[137.17222,36.74478],[137.17112,36.74532],[137.16975,36.74347],[137.16716,36.74383],[137.16676,36.74316],[137.16213,36.74479],[137.16143,36.7435],[137.16012,36.74397],[137.15938,36.74256],[137.15775,36.74313],[137.15706,36.74181],[137.1555,36.74235],[137.15479,36.74102],[137.15313,36.74162],[137.15241,36.7404],[137.15114,36.74081],[137.14972,36.73793],[137.15033,36.73783],[137.1493,36.73733],[137.15214,36.73645],[137.15175,36.73548],[137.15031,36.73593],[137.14945,36.73414],[137.14886,36.73433],[137.14722,36.73144],[137.14575,36.72438],[137.14145,36.7253],[137.13991,36.72493],[137.13876,36.724],[137.13769,36.72408],[137.13625,36.7245],[137.13526,36.7258],[137.13284,36.72575],[137.13286,36.72541],[137.13217,36.72538],[137.13221,36.72383],[137.13155,36.72382],[137.13166,36.72099],[137.13096,36.72096],[137.13041,36.71955],[137.12834,36.71898],[137.12836,36.71861],[137.12554,36.71848],[137.12555,36.71786],[137.12436,36.71764],[137.12456,36.71654],[137.12408,36.71477],[137.1268,36.71469],[137.12645,36.71387],[137.12564,36.7135],[137.12551,36.7122],[137.12389,36.71236],[137.12393,36.71204],[137.11969,36.71157],[137.1187,36.71057],[137.11919,36.71054],[137.11915,36.71018],[137.11841,36.71009],[137.11848,36.70815],[137.12027,36.70806],[137.12021,36.70754],[137.12122,36.70746],[137.12124,36.70705],[137.12078,36.70701],[137.12105,36.70601],[137.12212,36.70565],[137.1214,36.70428],[137.12228,36.70472],[137.12456,36.70406],[137.12434,36.70239],[137.12306,36.70212],[137.12337,36.70151],[137.12236,36.70096],[137.12344,36.70046],[137.12341,36.69868],[137.12434,36.69834],[137.12453,36.6968],[137.12553,36.69672],[137.12526,36.69511],[137.12408,36.69466],[137.12257,36.69484],[137.12191,36.69326],[137.12282,36.69304],[137.12286,36.69257],[137.12422,36.69267],[137.12466,36.69064],[137.12382,36.68992],[137.12387,36.68914],[137.12265,36.6889],[137.1229,36.68806],[137.12204,36.68789],[137.12228,36.6871],[137.12129,36.68668],[137.12145,36.68614],[137.11994,36.68611],[137.11994,36.68562],[137.11919,36.68512],[137.11892,36.68541],[137.11873,36.68483],[137.11722,36.68495],[137.11725,36.68464],[137.11412,36.68573],[137.11274,36.6847],[137.11206,36.68487],[137.11211,36.68543],[137.11127,36.68554],[137.11118,36.68476],[137.11068,36.68485],[137.11101,36.68453],[137.11002,36.68182],[137.10843,36.68149],[137.10754,36.68076],[137.10593,36.68197],[137.1056,36.68136],[137.10514,36.68161],[137.10466,36.68118],[137.10375,36.68169],[137.10282,36.67994],[137.10269,36.68101],[137.10152,36.68088],[137.103,36.68189],[137.10207,36.68218],[137.101,36.68183],[137.10187,36.68293],[137.10088,36.68442],[137.09984,36.68407],[137.09963,36.68139],[137.09797,36.67886],[137.09662,36.67848],[137.09533,36.67934],[137.09616,36.6762],[137.09422,36.67432],[137.09426,36.67361],[137.09379,36.67339],[137.09315,36.67169],[137.09141,36.67051],[137.09177,36.67031],[137.09136,36.67001],[137.09197,36.66974],[137.09191,36.66857],[137.09073,36.66748],[137.09073,36.66678],[137.08901,36.66439],[137.08879,36.66289],[137.08922,36.66233],[137.08833,36.66151],[137.0872,36.65879],[137.08599,36.65837],[137.08548,36.65752],[137.08379,36.6584],[137.08285,36.6608],[137.08355,36.66035],[137.08406,36.66111],[137.08265,36.66151],[137.08293,36.66253],[137.08121,36.66308],[137.08119,36.66515],[137.08007,36.66417],[137.08011,36.66225],[137.07931,36.66118],[137.07842,36.66099],[137.07885,36.66024],[137.07754,36.66],[137.07782,36.65926],[137.0797,36.65881],[137.07756,36.65868],[137.07775,36.65834],[137.07703,36.65825],[137.07556,36.65665],[137.07566,36.65597],[137.07472,36.65483],[137.07183,36.65552],[137.07166,36.65394],[137.07384,36.65185],[137.07435,36.65008],[137.07542,36.6496],[137.08084,36.65051],[137.08137,36.65006],[137.08129,36.64953],[137.07837,36.64785],[137.07637,36.6481],[137.07428,36.64917],[137.07371,36.64892],[137.07207,36.65004],[137.07253,36.65062],[137.07073,36.65173],[137.06867,36.65208],[137.06656,36.6518],[137.06483,36.65262],[137.0648,36.65362],[137.06332,36.65456],[137.06363,36.65517],[137.06563,36.65511],[137.06747,36.65427],[137.06807,36.65496],[137.06694,36.6562],[137.06407,36.65674],[137.06262,36.65559],[137.0607,36.65521],[137.05833,36.65248],[137.05675,36.65237],[137.05655,36.65119],[137.05431,36.6494],[137.05459,36.648],[137.05404,36.64704],[137.05197,36.6462],[137.05176,36.64909],[137.05217,36.64967],[137.05175,36.65042],[137.05333,36.65217],[137.05426,36.65231],[137.05364,36.65323],[137.05234,36.65336],[137.05131,36.65577],[137.05081,36.6559],[137.0495,36.65502],[137.0487,36.65535],[137.04886,36.65629],[137.04814,36.65747],[137.0472,36.65799],[137.04722,36.65979],[137.04647,36.66096],[137.04743,36.66206],[137.04695,36.66274],[137.04737,36.66375],[137.04679,36.66469],[137.04525,36.66502],[137.04522,36.66786],[137.04685,36.67055],[137.04821,36.67187],[137.04463,36.6722],[137.04254,36.67299],[137.04259,36.67362],[137.04042,36.67626],[137.03963,36.67697],[137.03897,36.67644],[137.03813,36.67715],[137.03749,36.67665],[137.03622,36.67769],[137.03669,36.67825],[137.03637,36.67865],[137.03469,36.67694],[137.03406,36.67724],[137.03493,36.67962],[137.03592,36.68086],[137.03565,36.68131],[137.03631,36.68218],[137.03593,36.6823],[137.0361,36.68295],[137.03739,36.68446],[137.03644,36.68313],[137.03784,36.68395],[137.03829,36.68678],[137.03947,36.68758],[137.03771,36.6871],[137.03912,36.688],[137.03875,36.68826],[137.03925,36.68882],[137.03878,36.68908],[137.03882,36.68967],[137.0357,36.6914],[137.03212,36.69268],[137.02674,36.69358],[137.02655,36.69419],[137.02543,36.69467],[137.02306,36.69482],[137.01726,36.69668],[137.01624,36.6981]]],[[[137.06908,36.78696],[137.07099,36.78499],[137.08008,36.78926],[137.08413,36.78755],[137.08216,36.78824],[137.08174,36.78778],[137.08213,36.78749],[137.07981,36.7888],[137.07919,36.78826],[137.08011,36.78758],[137.08056,36.78797],[137.08095,36.78769],[137.08051,36.78731],[137.08172,36.78638],[137.0823,36.78686],[137.08272,36.78654],[137.0821,36.78603],[137.08384,36.78444],[137.08557,36.78337],[137.08959,36.78223],[137.09046,36.78419],[137.09118,36.7846],[137.08995,36.78274],[137.09326,36.78214],[137.0936,36.78297],[137.09185,36.78353],[137.09377,36.78296],[137.09333,36.78193],[137.09649,36.78105],[137.09673,36.78161],[137.09579,36.78189],[137.09683,36.78186],[137.09721,36.78275],[137.09372,36.78386],[137.09342,36.78356],[137.09366,36.78403],[137.0932,36.78429],[137.09251,36.78529],[137.09429,36.78371],[137.09938,36.78228],[137.10047,36.7849],[137.11339,36.7813],[137.1142,36.78209],[137.11302,36.78087],[137.11357,36.78046],[137.11295,36.7808],[137.11197,36.77978],[137.10965,36.78016],[137.11004,36.7804],[137.10886,36.78071],[137.10811,36.78005],[137.11099,36.77906],[137.11159,36.77923],[137.11017,36.77705],[137.11395,36.77538],[137.11378,36.77444],[137.11221,36.77454],[137.11185,36.77443],[137.11199,36.77414],[137.11154,36.77386],[137.1119,36.7742],[137.11089,36.77438],[137.11063,36.7736],[137.10965,36.77381],[137.10936,36.77289],[137.10681,36.77346],[137.10723,36.77476],[137.10837,36.77529],[137.11066,36.77505],[137.10805,36.77568],[137.10687,36.77491],[137.10747,36.77544],[137.10492,36.77588],[137.10275,36.77479],[137.10313,36.77398],[137.10108,36.77337],[137.09226,36.77608],[137.09152,36.77686],[137.09092,36.77961],[137.09149,36.77648],[137.09429,36.77493],[137.09336,36.77252],[137.09234,36.77148],[137.0898,36.7719],[137.09056,36.775],[137.08782,36.77529],[137.08787,36.77562],[137.08606,36.77568],[137.08636,36.77536],[137.08546,36.77542],[137.08536,36.77495],[137.08474,36.77578],[137.08322,36.77511],[137.0829,36.77422],[137.08249,36.77492],[137.08182,36.77472],[137.08211,36.7733],[137.08021,36.77408],[137.07756,36.77385],[137.07574,36.77424],[137.07387,36.77372],[137.0732,36.77427],[137.07514,36.77723],[137.07404,36.78044],[137.0743,36.78109],[137.06884,36.78364],[137.06305,36.78387],[137.0613,36.78486],[137.05907,36.78523],[137.05999,36.78679],[137.05943,36.78738],[137.06065,36.78829],[137.06157,36.78981],[137.06476,36.7919],[137.06566,36.79177],[137.06582,36.78982],[137.06628,36.78985],[137.06702,36.79257],[137.0684,36.79273],[137.06805,36.79343],[137.06739,36.79334],[137.06881,36.79363],[137.06842,36.7935],[137.06857,36.79305],[137.07016,36.79197],[137.0732,36.7919],[137.07476,36.79136],[137.07322,36.78928],[137.06908,36.78696]]]]}},{"type":"Feature","properties":{"id":"muni-16321","name":"舟橋村"},"geometry":{"type":"Polygon","coordinates":[[[137.30993,36.69113],[137.30872,36.69112],[137.31002,36.69054],[137.30975,36.69003],[137.30706,36.68796],[137.30618,36.6882],[137.30585,36.68678],[137.30539,36.68674],[137.30444,36.68779],[137.30303,36.68801],[137.30254,36.68879],[137.30136,36.68886],[137.30051,36.68819],[137.29986,36.68831],[137.29945,36.68647],[137.2989,36.68605],[137.29858,36.68616],[137.299,36.6869],[137.2974,36.68702],[137.29685,36.68928],[137.29789,36.68927],[137.29833,36.69351],[137.29755,36.69374],[137.29976,36.69667],[137.30261,36.6984],[137.30254,36.69952],[137.3033,36.69957],[137.30313,36.7015],[137.29894,36.70141],[137.29847,36.7017],[137.29967,36.70327],[137.29845,36.7035],[137.29904,36.70426],[137.29561,36.70407],[137.29439,36.70354],[137.2944,36.70495],[137.29744,36.70763],[137.29815,36.70909],[137.30005,36.70911],[137.3002,36.71069],[137.30222,36.71076],[137.30233,36.71137],[137.30359,36.71142],[137.30477,36.71268],[137.3059,36.71297],[137.30801,36.71159],[137.30651,36.70863],[137.30705,36.7079],[137.30846,36.70771],[137.31038,36.70892],[137.31024,36.71051],[137.31084,36.71165],[137.31282,36.71121],[137.3154,36.71252],[137.31687,36.7122],[137.31756,36.7112],[137.31549,36.70669],[137.31562,36.70505],[137.31819,36.70294],[137.32036,36.70384],[137.32053,36.70213],[137.31789,36.70187],[137.31763,36.70118],[137.31692,36.70112],[137.31722,36.69974],[137.31371,36.69846],[137.31355,36.69749],[137.31246,36.69735],[137.31069,36.69498],[137.31136,36.69703],[137.31003,36.69765],[137.30967,36.69588],[137.30853,36.69679],[137.30878,36.69494],[137.30973,36.69486],[137.30943,36.69406],[137.31052,36.69404],[137.31034,36.69162],[137.30993,36.69113]]]}},{"type":"Feature","properties":{"id":"muni-16322","name":"上市町"},"geometry":{"type":"MultiPolygon","coordinates":[[[[137.31752,36.71101],[137.31717,36.71317],[137.31768,36.71302],[137.319,36.7162],[137.3241,36.71552],[137.32609,36.71625],[137.32202,36.72066],[137.32138,36.72689],[137.32277,36.72682],[137.32285,36.72753],[137.32435,36.72798],[137.32655,36.72572],[137.33025,36.72564],[137.3322,36.7261],[137.33417,36.72566],[137.33438,36.7252],[137.33574,36.72533],[137.33582,36.72474],[137.33695,36.72485],[137.33707,36.72399],[137.33942,36.72423],[137.33931,36.72492],[137.34044,36.72503],[137.34037,36.72553],[137.34123,36.72562],[137.34082,36.72585],[137.34313,36.72638],[137.34212,36.72848],[137.34091,36.72846],[137.34101,36.73076],[137.33743,36.73135],[137.33627,36.73202],[137.33496,36.73387],[137.33561,36.73402],[137.33528,36.7345],[137.33556,36.735],[137.33801,36.73795],[137.34002,36.7396],[137.34719,36.73462],[137.34666,36.73277],[137.34724,36.73256],[137.34669,36.73137],[137.34928,36.73089],[137.34997,36.73278],[137.35514,36.73055],[137.3571,36.72825],[137.35862,36.72737],[137.36053,36.72719],[137.36067,36.72375],[137.36169,36.72061],[137.36357,36.72084],[137.36315,36.72285],[137.36385,36.72294],[137.36371,36.72359],[137.36499,36.72411],[137.36519,36.72485],[137.36726,36.72482],[137.36754,36.72597],[137.37005,36.72647],[137.37046,36.72608],[137.37031,36.72517],[137.37127,36.72527],[137.37226,36.7263],[137.37354,36.72666],[137.37376,36.72577],[137.37538,36.726],[137.37556,36.72539],[137.37765,36.72444],[137.379,36.72323],[137.37976,36.72373],[137.38072,36.72334],[137.38223,36.72174],[137.38315,36.72163],[137.38413,36.72076],[137.38448,36.72098],[137.37919,36.72615],[137.3839,36.7238],[137.38586,36.72235],[137.3875,36.71998],[137.38981,36.71839],[137.39055,36.7173],[137.39185,36.71724],[137.39149,36.7176],[137.39205,36.71808],[137.39253,36.71772],[137.39402,36.71894],[137.39698,36.71803],[137.39823,36.71901],[137.39896,36.72102],[137.40055,36.72085],[137.40519,36.72395],[137.40643,36.72383],[137.40791,36.72451],[137.40946,36.723],[137.41115,36.72309],[137.41398,36.72418],[137.41385,36.72345],[137.4155,36.72205],[137.41714,36.72285],[137.41835,36.72266],[137.41938,36.72181],[137.42063,36.72179],[137.4226,36.72375],[137.42323,36.72729],[137.42448,36.72807],[137.42594,36.72776],[137.42857,36.72633],[137.42875,36.72561],[137.43031,36.72475],[137.43054,36.72381],[137.43101,36.72368],[137.43123,36.72089],[137.43316,36.72024],[137.43513,36.72091],[137.43631,36.72024],[137.43705,36.71891],[137.43563,36.71543],[137.43369,36.71422],[137.43415,36.71191],[137.43278,36.7076],[137.43683,36.70722],[137.43706,36.70605],[137.44029,36.70604],[137.44239,36.70381],[137.4451,36.70201],[137.44573,36.70086],[137.44999,36.70235],[137.44847,36.70439],[137.44999,36.70895],[137.44941,36.70992],[137.44711,36.71164],[137.44815,36.71366],[137.45004,36.71243],[137.45334,36.70643],[137.45279,36.70508],[137.45579,36.70196],[137.45677,36.70164],[137.46016,36.70204],[137.46174,36.70164],[137.46215,36.70224],[137.46197,36.70523],[137.46359,36.7058],[137.46433,36.70695],[137.46678,36.70587],[137.46826,36.70392],[137.4699,36.70287],[137.47143,36.70631],[137.47178,36.70833],[137.47577,36.71509],[137.47554,36.7159],[137.47634,36.71661],[137.47633,36.72016],[137.47533,36.72296],[137.48342,36.72406],[137.48802,36.72357],[137.48973,36.72218],[137.49124,36.72175],[137.49316,36.72281],[137.4943,36.72283],[137.50034,36.72001],[137.50071,36.71857],[137.50303,36.71602],[137.50372,36.71442],[137.50965,36.71004],[137.50967,36.70906],[137.51113,36.70579],[137.50898,36.70273],[137.50937,36.70056],[137.50799,36.69854],[137.50879,36.69771],[137.50872,36.6963],[137.50798,36.69497],[137.50912,36.69187],[137.5069,36.69086],[137.50953,36.68847],[137.50902,36.68703],[137.50931,36.68561],[137.51136,36.68474],[137.51231,36.68341],[137.5145,36.68238],[137.51495,36.68019],[137.51611,36.67871],[137.51892,36.67908],[137.52112,36.68008],[137.5241,36.68],[137.5257,36.68054],[137.52859,36.68025],[137.53191,36.67938],[137.534,36.67701],[137.53524,36.67632],[137.53641,36.67627],[137.53766,36.67714],[137.54123,36.67827],[137.54273,36.67819],[137.54494,36.67682],[137.54624,36.6768],[137.54752,36.67611],[137.55055,36.67599],[137.55309,36.67376],[137.55521,36.67406],[137.55666,36.67526],[137.55913,36.67527],[137.5607,36.67596],[137.56583,36.6752],[137.57245,36.67227],[137.57684,36.67396],[137.58034,36.67333],[137.58197,36.67437],[137.58421,36.67465],[137.58585,36.67574],[137.58814,36.67614],[137.59031,36.67834],[137.59076,36.68013],[137.59043,36.68124],[137.59231,36.67835],[137.59636,36.67564],[137.59644,36.67462],[137.59923,36.67293],[137.60302,36.66906],[137.60494,36.66834],[137.60701,36.66655],[137.60724,36.66364],[137.60942,36.66227],[137.61085,36.66036],[137.61056,36.65963],[137.61415,36.65537],[137.61723,36.65439],[137.62056,36.65415],[137.62041,36.65285],[137.62121,36.65137],[137.62123,36.64998],[137.62261,36.64836],[137.62229,36.6464],[137.62283,36.64501],[137.62431,36.64379],[137.62595,36.64093],[137.62741,36.63981],[137.62452,36.63792],[137.62394,36.63657],[137.61934,36.63427],[137.62316,36.63011],[137.62248,36.62807],[137.62271,36.62739],[137.61891,36.62567],[137.61721,36.62343],[137.61506,36.62174],[137.6143,36.61985],[137.61431,36.61894],[137.61506,36.61781],[137.61408,36.61592],[137.61403,36.61232],[137.61072,36.61049],[137.60797,36.60703],[137.60793,36.60638],[137.60903,36.60473],[137.60842,36.60274],[137.60975,36.59906],[137.60915,36.59729],[137.60706,36.59685],[137.60239,36.59381],[137.5992,36.5938],[137.59805,36.59271],[137.59574,36.59192],[137.59029,36.59149],[137.58434,36.59269],[137.58271,36.59389],[137.58194,36.59731],[137.58091,36.5984],[137.57662,36.59932],[137.57177,36.59919],[137.56859,36.59737],[137.56294,36.59561],[137.55553,36.59562],[137.54904,36.60011],[137.54583,36.60127],[137.54338,36.60314],[137.54053,36.60716],[137.53799,36.60665],[137.53067,36.60761],[137.52813,36.60497],[137.51847,36.60083],[137.51273,36.60142],[137.50781,36.60029],[137.50547,36.60073],[137.50238,36.60049],[137.50135,36.60162],[137.50182,36.60411],[137.50082,36.60729],[137.50177,36.60959],[137.49714,36.60893],[137.49347,36.61004],[137.48976,36.60984],[137.48728,36.61076],[137.48165,36.60749],[137.47501,36.60896],[137.47311,36.60825],[137.47133,36.60821],[137.4663,36.60598],[137.46251,36.60499],[137.46125,36.60415],[137.46083,36.60312],[137.45865,36.60253],[137.45628,36.60363],[137.45372,36.60243],[137.45064,36.60276],[137.4485,36.60221],[137.44509,36.60347],[137.44331,36.60339],[137.44182,36.60466],[137.44142,36.60586],[137.44169,36.60706],[137.44085,36.60826],[137.44064,36.61084],[137.44002,36.61234],[137.4387,36.61358],[137.43759,36.61626],[137.43444,36.61878],[137.43211,36.62176],[137.4295,36.62335],[137.42784,36.62557],[137.42427,36.62504],[137.42113,36.62619],[137.41854,36.62657],[137.41619,36.62575],[137.41377,36.62768],[137.4112,36.62826],[137.41029,36.62731],[137.40616,36.62694],[137.40371,36.62778],[137.40302,36.62919],[137.40613,36.6331],[137.40518,36.63422],[137.40347,36.63416],[137.40069,36.6352],[137.40077,36.63633],[137.3975,36.63721],[137.3965,36.63895],[137.39377,36.63788],[137.39151,36.64062],[137.39308,36.64188],[137.39308,36.64247],[137.38873,36.64324],[137.38836,36.64371],[137.38715,36.6477],[137.38764,36.64878],[137.38726,36.64914],[137.38353,36.65082],[137.38161,36.65061],[137.38003,36.65168],[137.37742,36.65675],[137.37453,36.65607],[137.36939,36.6569],[137.36703,36.65879],[137.36448,36.66235],[137.36168,36.66346],[137.36178,36.66432],[137.36015,36.66447],[137.36013,36.66922],[137.35687,36.66949],[137.35681,36.66898],[137.35474,36.6689],[137.35448,36.66988],[137.35648,36.67328],[137.35606,36.6766],[137.35426,36.67839],[137.35379,36.68019],[137.35243,36.68203],[137.35284,36.68204],[137.35285,36.68259],[137.35178,36.68281],[137.35144,36.68226],[137.35026,36.68226],[137.35027,36.68348],[137.3489,36.68348],[137.34891,36.68225],[137.34783,36.68225],[137.34781,36.68387],[137.34635,36.68388],[137.34621,36.68454],[137.3458,36.68439],[137.34559,36.68297],[137.3448,36.68275],[137.34412,36.68351],[137.34412,36.68309],[137.34283,36.68309],[137.34283,36.68442],[137.34174,36.68442],[137.34209,36.68614],[137.34174,36.68614],[137.34173,36.68691],[137.34283,36.68692],[137.3428,36.68742],[137.34063,36.68793],[137.34063,36.68848],[137.33942,36.68851],[137.33941,36.68939],[137.34048,36.6894],[137.34049,36.68975],[137.3394,36.68978],[137.33977,36.69045],[137.33826,36.69045],[137.33825,36.69125],[137.33671,36.69114],[137.33465,36.69178],[137.3347,36.69105],[137.33385,36.69115],[137.33311,36.69044],[137.3324,36.69083],[137.3319,36.69247],[137.32985,36.69469],[137.33019,36.69547],[137.32989,36.69638],[137.33049,36.69641],[137.33113,36.69774],[137.33289,36.69763],[137.33281,36.69898],[137.33369,36.70046],[137.32892,36.7048],[137.32775,36.70528],[137.31876,36.70531],[137.31937,36.70486],[137.31693,36.70408],[137.31594,36.7045],[137.31549,36.70669],[137.31752,36.71101]]],[[[137.39009,36.72295],[137.39147,36.72123],[137.39107,36.72146],[137.38881,36.7197],[137.38631,36.72283],[137.38792,36.72314],[137.38627,36.72351],[137.38663,36.72421],[137.38735,36.72397],[137.38861,36.72541],[137.38976,36.72352],[137.38953,36.72297],[137.39009,36.72295]]]]}},{"type":"Feature","properties":{"id":"muni-16323","name":"立山町"},"geometry":{"type":"MultiPolygon","coordinates":[[[[137.29833,36.69351],[137.29789,36.68927],[137.29685,36.68928],[137.29682,36.68833],[137.29717,36.68831],[137.2974,36.68702],[137.299,36.6869],[137.29858,36.68616],[137.29941,36.68638],[137.29986,36.68831],[137.30051,36.68819],[137.30131,36.68886],[137.30254,36.68879],[137.30303,36.68801],[137.30444,36.68779],[137.30539,36.68674],[137.30585,36.68678],[137.30618,36.6882],[137.30706,36.68796],[137.30975,36.69003],[137.31002,36.69054],[137.30872,36.69112],[137.30892,36.6914],[137.30993,36.69113],[137.31034,36.69162],[137.31052,36.69404],[137.30943,36.69406],[137.30973,36.69486],[137.30878,36.69494],[137.30853,36.69679],[137.30967,36.69588],[137.31003,36.69765],[137.31136,36.69703],[137.31069,36.69498],[137.31246,36.69735],[137.31355,36.69749],[137.31371,36.69846],[137.31722,36.69974],[137.31692,36.70112],[137.31763,36.70118],[137.31789,36.70187],[137.32053,36.70213],[137.32036,36.70384],[137.31819,36.70294],[137.31693,36.70408],[137.31937,36.70486],[137.31876,36.70531],[137.32775,36.70528],[137.32892,36.7048],[137.33369,36.70046],[137.33281,36.69898],[137.33289,36.69763],[137.33113,36.69774],[137.33049,36.69641],[137.32989,36.69638],[137.33019,36.69547],[137.32985,36.69469],[137.3319,36.69247],[137.3324,36.69083],[137.33311,36.69044],[137.33385,36.69115],[137.3347,36.69105],[137.33465,36.69178],[137.33671,36.69114],[137.33825,36.69125],[137.33826,36.69045],[137.33977,36.69045],[137.3394,36.68978],[137.34049,36.68975],[137.34048,36.6894],[137.33941,36.68939],[137.33942,36.68851],[137.34063,36.68848],[137.34063,36.68793],[137.3428,36.68742],[137.34283,36.68692],[137.34173,36.68691],[137.34174,36.68614],[137.34209,36.68614],[137.34174,36.68442],[137.34283,36.68442],[137.34283,36.68309],[137.34412,36.68309],[137.34412,36.68351],[137.3448,36.68275],[137.34559,36.68297],[137.3458,36.68439],[137.34621,36.68454],[137.34635,36.68388],[137.34781,36.68387],[137.34783,36.68225],[137.34891,36.68225],[137.3489,36.68348],[137.35027,36.68348],[137.35026,36.68226],[137.35144,36.68226],[137.35178,36.68281],[137.35285,36.68259],[137.35284,36.68204],[137.35243,36.68203],[137.35379,36.68019],[137.35426,36.67839],[137.35606,36.6766],[137.35648,36.67328],[137.35448,36.66988],[137.35474,36.6689],[137.35681,36.66898],[137.35687,36.66949],[137.36013,36.66922],[137.36015,36.66447],[137.36178,36.66432],[137.36168,36.66346],[137.36448,36.66235],[137.36703,36.65879],[137.36939,36.6569],[137.37453,36.65607],[137.37742,36.65675],[137.38003,36.65168],[137.38161,36.65061],[137.38353,36.65082],[137.38726,36.64914],[137.38764,36.64878],[137.38715,36.6477],[137.38836,36.64371],[137.38873,36.64324],[137.39308,36.64247],[137.39308,36.64188],[137.39151,36.64062],[137.39377,36.63788],[137.3965,36.63895],[137.3975,36.63721],[137.40077,36.63633],[137.40069,36.6352],[137.40347,36.63416],[137.40518,36.63422],[137.40613,36.6331],[137.40302,36.62919],[137.40371,36.62778],[137.40616,36.62694],[137.41029,36.62731],[137.4112,36.62826],[137.41377,36.62768],[137.41619,36.62575],[137.41854,36.62657],[137.42113,36.62619],[137.42427,36.62504],[137.42784,36.62557],[137.4295,36.62335],[137.43211,36.62176],[137.43444,36.61878],[137.43759,36.61626],[137.4387,36.61358],[137.44002,36.61234],[137.44064,36.61084],[137.44085,36.60826],[137.44169,36.60706],[137.44142,36.60586],[137.44191,36.60455],[137.44331,36.60339],[137.44509,36.60347],[137.44836,36.60222],[137.45064,36.60276],[137.45372,36.60243],[137.45628,36.60363],[137.45865,36.60253],[137.46083,36.60312],[137.46125,36.60415],[137.46251,36.60499],[137.4663,36.60598],[137.47025,36.60789],[137.47311,36.60825],[137.47447,36.6089],[137.47856,36.60802],[137.47985,36.60815],[137.48165,36.60749],[137.48728,36.61076],[137.48976,36.60984],[137.49347,36.61004],[137.49714,36.60893],[137.50177,36.60959],[137.50082,36.60729],[137.50182,36.60411],[137.50135,36.60162],[137.50238,36.60049],[137.50547,36.60073],[137.50781,36.60029],[137.51273,36.60142],[137.51847,36.60083],[137.52813,36.60497],[137.53067,36.60761],[137.53799,36.60665],[137.54053,36.60716],[137.54338,36.60314],[137.54583,36.60127],[137.54904,36.60011],[137.55553,36.59562],[137.56294,36.59561],[137.56859,36.59737],[137.57177,36.59919],[137.57662,36.59932],[137.58091,36.5984],[137.58194,36.59731],[137.58271,36.59389],[137.58434,36.59269],[137.59029,36.59149],[137.59574,36.59192],[137.59805,36.59271],[137.5992,36.5938],[137.60239,36.59381],[137.60706,36.59685],[137.60915,36.59729],[137.60975,36.59906],[137.60842,36.60274],[137.60903,36.60473],[137.60793,36.60638],[137.60797,36.60703],[137.61072,36.61049],[137.61403,36.61232],[137.61408,36.61592],[137.61506,36.61781],[137.61431,36.61894],[137.6143,36.61985],[137.61506,36.62174],[137.61721,36.62343],[137.61891,36.62567],[137.62271,36.62739],[137.62248,36.62807],[137.62316,36.63011],[137.61934,36.63427],[137.62394,36.63657],[137.62452,36.63792],[137.62741,36.63994],[137.63061,36.63886],[137.63594,36.6385],[137.6383,36.63855],[137.64241,36.63967],[137.64417,36.63948],[137.64677,36.6353],[137.65212,36.63573],[137.65671,36.63524],[137.65918,36.63548],[137.66134,36.6363],[137.66802,36.63489],[137.66988,36.63552],[137.67438,36.63554],[137.67599,36.63746],[137.67772,36.63769],[137.67869,36.63884],[137.68205,36.63958],[137.68468,36.64451],[137.687,36.64653],[137.69357,36.64185],[137.69576,36.64133],[137.69686,36.64021],[137.70106,36.63815],[137.7037,36.63483],[137.70494,36.63406],[137.70572,36.6343],[137.71115,36.6307],[137.71197,36.62968],[137.71459,36.62894],[137.71675,36.62639],[137.72268,36.62499],[137.72779,36.62275],[137.7291,36.62261],[137.73091,36.62274],[137.73288,36.62382],[137.73724,36.62385],[137.74306,36.62547],[137.74552,36.62444],[137.7469,36.62453],[137.74436,36.61759],[137.74392,36.61283],[137.7478,36.60366],[137.75101,36.60004],[137.75304,36.59351],[137.75079,36.59103],[137.75089,36.58958],[137.75031,36.58813],[137.7474,36.58683],[137.7387,36.58814],[137.73675,36.58753],[137.73384,36.58809],[137.73065,36.58799],[137.72799,36.58661],[137.72437,36.58652],[137.72316,36.58549],[137.72301,36.58451],[137.72195,36.58343],[137.71806,36.58226],[137.71645,36.581],[137.71546,36.57928],[137.71375,36.57869],[137.7134,36.57718],[137.70916,36.57566],[137.70707,36.57372],[137.7009,36.57063],[137.69931,36.57035],[137.69769,36.5694],[137.69375,36.56893],[137.69045,36.56454],[137.68767,36.56211],[137.68772,36.56036],[137.68943,36.55367],[137.68839,36.55191],[137.68672,36.54615],[137.68494,36.54444],[137.68578,36.54284],[137.68515,36.54144],[137.68467,36.53772],[137.68727,36.53617],[137.69172,36.53727],[137.69566,36.53707],[137.69703,36.53768],[137.70171,36.53638],[137.70419,36.53673],[137.7071,36.53598],[137.70972,36.5361],[137.71061,36.53564],[137.71002,36.53453],[137.7076,36.53232],[137.70702,36.53081],[137.70432,36.52709],[137.7037,36.52674],[137.70205,36.52721],[137.69955,36.52678],[137.69716,36.52251],[137.69526,36.52122],[137.69456,36.5201],[137.69329,36.51966],[137.69176,36.51967],[137.68341,36.52263],[137.6813,36.52282],[137.67769,36.52518],[137.67374,36.52587],[137.67262,36.52658],[137.67047,36.52536],[137.66752,36.52546],[137.66529,36.52433],[137.66292,36.52403],[137.66067,36.52215],[137.65922,36.52174],[137.65553,36.51947],[137.65337,36.51993],[137.65141,36.52164],[137.64796,36.52261],[137.64694,36.52364],[137.6475,36.52443],[137.64685,36.525],[137.64706,36.52579],[137.64603,36.52588],[137.64501,36.52704],[137.64402,36.52721],[137.64215,36.5299],[137.64164,36.53078],[137.64389,36.53234],[137.64391,36.53362],[137.64228,36.53398],[137.63925,36.5329],[137.63632,36.53292],[137.63409,36.53533],[137.63298,36.53562],[137.63159,36.53704],[137.62844,36.53804],[137.62622,36.53772],[137.62346,36.53622],[137.62116,36.53576],[137.61369,36.53553],[137.61283,36.53644],[137.61048,36.53722],[137.60735,36.53963],[137.60315,36.54556],[137.6017,36.54712],[137.59981,36.54783],[137.59815,36.54976],[137.59223,36.55202],[137.58982,36.55462],[137.58629,36.55555],[137.58221,36.55601],[137.58067,36.5558],[137.57935,36.55503],[137.57823,36.55554],[137.57695,36.5551],[137.57352,36.55595],[137.5701,36.55556],[137.56657,36.55333],[137.56284,36.55327],[137.56044,36.55227],[137.5595,36.5513],[137.55933,36.55014],[137.55675,36.54818],[137.5555,36.54808],[137.55297,36.54897],[137.55093,36.54821],[137.55069,36.54653],[137.55024,36.54625],[137.54867,36.54635],[137.54722,36.54711],[137.54613,36.54638],[137.54384,36.5462],[137.54112,36.54784],[137.53645,36.54852],[137.53341,36.5485],[137.53231,36.548],[137.52954,36.54839],[137.52382,36.54539],[137.52091,36.54468],[137.51955,36.54572],[137.51641,36.54677],[137.51426,36.54648],[137.5099,36.54743],[137.50787,36.54885],[137.50959,36.55079],[137.50945,36.5527],[137.5066,36.55541],[137.50463,36.5558],[137.50221,36.55888],[137.50142,36.55891],[137.49972,36.55769],[137.49797,36.55758],[137.49644,36.5589],[137.49541,36.55889],[137.49317,36.56185],[137.49047,36.56313],[137.48823,36.56526],[137.48625,36.56521],[137.48483,36.56625],[137.48187,36.56703],[137.47791,36.56574],[137.47453,36.5656],[137.47337,36.56659],[137.47198,36.56684],[137.4677,36.57048],[137.46427,36.57088],[137.46072,36.57248],[137.45693,36.57272],[137.45466,36.57416],[137.45007,36.57862],[137.44759,36.58002],[137.44491,36.58007],[137.44189,36.58112],[137.44145,36.58231],[137.44176,36.58413],[137.43825,36.58483],[137.43449,36.58473],[137.42734,36.58287],[137.4191,36.58339],[137.41664,36.58255],[137.41411,36.5826],[137.40593,36.57913],[137.39997,36.57754],[137.39219,36.57696],[137.39012,36.57629],[137.38273,36.57557],[137.37776,36.57418],[137.37474,36.5723],[137.36737,36.57275],[137.36255,36.57085],[137.35445,36.57297],[137.346,36.57424],[137.33995,36.57619],[137.33408,36.57915],[137.33216,36.58277],[137.33052,36.58369],[137.32666,36.5847],[137.32158,36.58892],[137.31858,36.59333],[137.31802,36.59777],[137.31574,36.6019],[137.30933,36.61041],[137.30798,36.61134],[137.3033,36.6165],[137.29671,36.62607],[137.29323,36.62977],[137.28724,36.63807],[137.28376,36.64693],[137.28313,36.65341],[137.28017,36.65334],[137.28029,36.65539],[137.28338,36.65537],[137.2838,36.665],[137.28293,36.67085],[137.28287,36.67499],[137.28118,36.6828],[137.27957,36.68594],[137.27868,36.68894],[137.27785,36.69493],[137.28564,36.69604],[137.28583,36.69529],[137.2865,36.69512],[137.28763,36.69807],[137.28884,36.6962],[137.2896,36.69755],[137.29075,36.69714],[137.29121,36.69797],[137.29145,36.70093],[137.2931,36.70276],[137.29561,36.70407],[137.29904,36.70426],[137.29845,36.7035],[137.29967,36.70327],[137.29847,36.7017],[137.29987,36.70133],[137.30313,36.7015],[137.3033,36.69957],[137.30254,36.69952],[137.30261,36.6984],[137.29976,36.69667],[137.2983,36.69496],[137.29755,36.69374],[137.29833,36.69351]]],[[[137.31331,36.69915],[137.31342,36.69975],[137.31386,36.69972],[137.31431,36.69897],[137.31331,36.69915]]]]}},{"type":"Feature","properties":{"id":"muni-16342","name":"入善町"},"geometry":{"type":"Polygon","coordinates":[[[137.44671,36.90676],[137.42471,36.92148],[137.42651,36.92343],[137.42681,36.92423],[137.42621,36.92454],[137.42642,36.92479],[137.42781,36.92403],[137.42826,36.92443],[137.42776,36.92482],[137.42887,36.92582],[137.42797,36.92586],[137.42733,36.92501],[137.42604,36.92518],[137.426,36.9254],[137.42668,36.92536],[137.42815,36.92656],[137.4299,36.92711],[137.43556,36.93099],[137.43726,36.93107],[137.44637,36.93484],[137.45172,36.93577],[137.46021,36.93848],[137.46429,36.94065],[137.46693,36.94335],[137.4711,36.94499],[137.47762,36.94659],[137.48139,36.94892],[137.48431,36.95002],[137.48848,36.95313],[137.49265,36.95499],[137.49785,36.95617],[137.49918,36.95603],[137.51007,36.95861],[137.52846,36.96043],[137.53115,36.96024],[137.53097,36.95972],[137.53147,36.95941],[137.53124,36.96036],[137.53532,36.96136],[137.54295,36.96103],[137.54313,36.95799],[137.54262,36.95436],[137.54044,36.94632],[137.5405,36.94449],[137.54144,36.94271],[137.53894,36.94221],[137.53841,36.94231],[137.53854,36.9429],[137.53768,36.94318],[137.53716,36.94147],[137.53455,36.94195],[137.53333,36.94176],[137.5331,36.94121],[137.53125,36.94124],[137.53094,36.94049],[137.53163,36.93938],[137.53083,36.93771],[137.52947,36.93781],[137.52938,36.93658],[137.52977,36.93655],[137.52941,36.93532],[137.52838,36.93559],[137.52826,36.93515],[137.52928,36.935],[137.52914,36.9344],[137.52786,36.93449],[137.52824,36.93339],[137.5279,36.93036],[137.52881,36.93021],[137.52936,36.92896],[137.52807,36.92811],[137.52858,36.92752],[137.52836,36.9266],[137.52878,36.92654],[137.52842,36.92524],[137.52705,36.92518],[137.52707,36.92484],[137.52827,36.92468],[137.52684,36.92063],[137.52759,36.91841],[137.52852,36.91854],[137.5292,36.92004],[137.53085,36.91893],[137.52939,36.91596],[137.53193,36.90811],[137.53313,36.90823],[137.53304,36.90895],[137.53582,36.91008],[137.53647,36.91024],[137.53689,36.90941],[137.53734,36.90952],[137.53686,36.91013],[137.53772,36.91031],[137.53825,36.90956],[137.53767,36.90907],[137.53789,36.9085],[137.53869,36.90805],[137.53904,36.9086],[137.53857,36.90916],[137.54078,36.91014],[137.54041,36.91061],[137.54249,36.91158],[137.54332,36.91065],[137.55473,36.91147],[137.55554,36.91142],[137.55579,36.91053],[137.55894,36.91052],[137.55894,36.90075],[137.55769,36.90075],[137.55772,36.8983],[137.55658,36.89828],[137.55657,36.89598],[137.55528,36.89592],[137.55478,36.89328],[137.55502,36.8921],[137.55722,36.89058],[137.55773,36.88831],[137.56071,36.88795],[137.56155,36.88718],[137.56341,36.88693],[137.56737,36.88803],[137.56812,36.88656],[137.56806,36.88554],[137.56684,36.88488],[137.56691,36.88388],[137.56717,36.88325],[137.56849,36.88311],[137.56867,36.8822],[137.56918,36.88314],[137.5721,36.88316],[137.57759,36.88217],[137.57996,36.88114],[137.58298,36.88117],[137.58495,36.88399],[137.58632,36.88472],[137.58662,36.88539],[137.58938,36.88578],[137.59143,36.88756],[137.59603,36.88322],[137.59697,36.88154],[137.59921,36.88088],[137.602,36.87672],[137.60741,36.87432],[137.60882,36.87287],[137.60922,36.87095],[137.6102,36.87049],[137.61002,36.86808],[137.61071,36.86653],[137.61049,36.86529],[137.60833,36.86331],[137.60518,36.86207],[137.60454,36.86051],[137.60152,36.85954],[137.60065,36.85805],[137.59935,36.85733],[137.59775,36.85439],[137.59483,36.85236],[137.59183,36.85169],[137.58887,36.8518],[137.58721,36.85289],[137.58746,36.85485],[137.5868,36.85581],[137.58658,36.85857],[137.58441,36.85932],[137.58452,36.86188],[137.58615,36.86362],[137.58451,36.86524],[137.58278,36.866],[137.58205,36.86737],[137.58079,36.86749],[137.57877,36.86856],[137.57562,36.86825],[137.57286,36.86878],[137.57064,36.8712],[137.56847,36.87146],[137.56746,36.87411],[137.56444,36.87562],[137.55954,36.87694],[137.55948,36.87649],[137.5523,36.875],[137.55222,36.87553],[137.55103,36.87543],[137.54967,36.88338],[137.5486,36.88329],[137.5479,36.88797],[137.54669,36.88786],[137.54639,36.88987],[137.54523,36.88974],[137.5451,36.89053],[137.54387,36.8904],[137.54346,36.89314],[137.54208,36.89305],[137.54192,36.89409],[137.53895,36.89409],[137.53868,36.89326],[137.54007,36.89058],[137.54064,36.88641],[137.54224,36.88531],[137.5442,36.88054],[137.54404,36.87498],[137.54294,36.87289],[137.54462,36.86758],[137.54034,36.86903],[137.53716,36.872],[137.53242,36.87454],[137.52783,36.87485],[137.52331,36.87559],[137.52172,36.87629],[137.51311,36.88128],[137.51347,36.88175],[137.50584,36.88591],[137.50046,36.89033],[137.49111,36.89507],[137.47867,36.89816],[137.4554,36.90211],[137.44671,36.90676]]]}},{"type":"Feature","properties":{"id":"muni-16343","name":"朝日町"},"geometry":{"type":"Polygon","coordinates":[[[137.53825,36.90956],[137.53772,36.91031],[137.53686,36.91013],[137.53734,36.90952],[137.53689,36.90941],[137.53647,36.91024],[137.53304,36.90895],[137.53313,36.90823],[137.53193,36.90811],[137.52939,36.91596],[137.53085,36.91893],[137.5292,36.92004],[137.52852,36.91854],[137.52759,36.91841],[137.52684,36.92063],[137.52827,36.92468],[137.52707,36.92484],[137.52705,36.92518],[137.52842,36.92524],[137.52878,36.92654],[137.52836,36.9266],[137.52858,36.92752],[137.52807,36.92811],[137.52936,36.92896],[137.52881,36.93021],[137.5279,36.93036],[137.52824,36.93339],[137.52786,36.93449],[137.52914,36.9344],[137.52928,36.935],[137.52826,36.93515],[137.52838,36.93559],[137.52941,36.93532],[137.52977,36.93655],[137.52938,36.93658],[137.52947,36.93781],[137.53083,36.93771],[137.53163,36.93938],[137.53094,36.94049],[137.53125,36.94124],[137.5331,36.94121],[137.53333,36.94176],[137.53455,36.94195],[137.53716,36.94147],[137.53768,36.94318],[137.53854,36.9429],[137.53841,36.94231],[137.53894,36.94221],[137.54144,36.94271],[137.5405,36.94449],[137.54044,36.94632],[137.54262,36.95436],[137.54313,36.95799],[137.54295,36.96103],[137.54529,36.96158],[137.55717,36.96224],[137.55739,36.9627],[137.55798,36.96226],[137.56249,36.96306],[137.56278,36.96272],[137.56411,36.96307],[137.56496,36.96255],[137.5668,36.96334],[137.57216,36.96343],[137.57245,36.96391],[137.57432,36.96412],[137.57474,36.96368],[137.579,36.96776],[137.58548,36.97125],[137.58606,36.97269],[137.58713,36.97369],[137.58889,36.97369],[137.58992,36.97426],[137.5863,36.97358],[137.58664,36.97398],[137.58586,36.97404],[137.58723,36.97455],[137.59385,36.97504],[137.59488,36.97494],[137.59483,36.97455],[137.59532,36.97415],[137.59509,36.97497],[137.60273,36.97544],[137.60776,36.97641],[137.60853,36.97634],[137.60873,36.97533],[137.60889,36.97639],[137.62272,36.97832],[137.62314,36.97786],[137.62321,36.97829],[137.63502,36.97966],[137.63501,36.97901],[137.63895,36.97608],[137.64842,36.9713],[137.65175,36.96882],[137.65305,36.96732],[137.65459,36.96377],[137.65689,36.96237],[137.65769,36.95932],[137.66542,36.95484],[137.6665,36.95247],[137.66638,36.95015],[137.66883,36.95008],[137.67228,36.9509],[137.67579,36.94912],[137.68059,36.94843],[137.68202,36.94685],[137.6844,36.94571],[137.6852,36.94439],[137.68752,36.94306],[137.68936,36.94344],[137.69432,36.9426],[137.6964,36.94291],[137.69866,36.94224],[137.70693,36.94441],[137.71104,36.94425],[137.71152,36.94292],[137.71125,36.94058],[137.71366,36.93775],[137.71378,36.93604],[137.71323,36.93501],[137.71361,36.93377],[137.71447,36.93294],[137.7161,36.93272],[137.71704,36.92996],[137.71797,36.92956],[137.71809,36.92882],[137.72032,36.92671],[137.71782,36.9227],[137.71615,36.9214],[137.71729,36.91977],[137.71753,36.91493],[137.71803,36.91371],[137.717,36.91186],[137.71768,36.90749],[137.7146,36.90642],[137.71265,36.90408],[137.71332,36.90068],[137.7145,36.8997],[137.71442,36.89799],[137.71354,36.89676],[137.71376,36.89559],[137.71308,36.89384],[137.71368,36.891],[137.71584,36.88777],[137.71876,36.88599],[137.7199,36.88373],[137.72331,36.88032],[137.72459,36.87806],[137.72623,36.87773],[137.72827,36.87659],[137.72946,36.87458],[137.73082,36.8737],[137.73217,36.8737],[137.73284,36.87078],[137.73415,36.86895],[137.73287,36.86725],[137.73412,36.86134],[137.73366,36.85967],[137.73246,36.85789],[137.73501,36.85606],[137.73472,36.85249],[137.73515,36.85101],[137.73293,36.84528],[137.73302,36.84428],[137.73418,36.84232],[137.73343,36.83743],[137.73266,36.83624],[137.73462,36.83123],[137.73282,36.82858],[137.7299,36.8266],[137.73071,36.8262],[137.73081,36.82528],[137.73226,36.82354],[137.73721,36.82066],[137.7386,36.81914],[137.74057,36.8188],[137.741,36.81769],[137.74491,36.81528],[137.74556,36.81231],[137.74926,36.80962],[137.74985,36.80628],[137.74946,36.80425],[137.75094,36.80297],[137.751,36.79997],[137.75417,36.79702],[137.75399,36.79455],[137.75087,36.79167],[137.75145,36.78887],[137.75008,36.78629],[137.75094,36.78368],[137.7494,36.78088],[137.74951,36.77998],[137.75249,36.77675],[137.75763,36.77471],[137.76154,36.77098],[137.76227,36.76816],[137.76169,36.76668],[137.76027,36.76502],[137.75911,36.76198],[137.75859,36.75848],[137.7568,36.7557],[137.75407,36.75411],[137.75163,36.75701],[137.74664,36.7678],[137.74255,36.77029],[137.73548,36.77221],[137.7345,36.77301],[137.73413,36.77447],[137.73315,36.7754],[137.73066,36.77557],[137.72936,36.77688],[137.72814,36.77717],[137.72687,36.77984],[137.72693,36.78278],[137.7259,36.78448],[137.72411,36.78476],[137.72251,36.78423],[137.72079,36.78244],[137.71986,36.78058],[137.71606,36.778],[137.71365,36.77533],[137.7093,36.77864],[137.70545,36.77812],[137.70428,36.78178],[137.70542,36.78308],[137.70427,36.78453],[137.70304,36.78764],[137.70009,36.78995],[137.69916,36.79231],[137.70151,36.79739],[137.70076,36.79802],[137.70048,36.79993],[137.69929,36.80065],[137.69926,36.80141],[137.69794,36.80179],[137.69557,36.80344],[137.69377,36.80389],[137.69189,36.80364],[137.68954,36.80189],[137.68877,36.80216],[137.68801,36.80339],[137.68571,36.80381],[137.6845,36.80324],[137.68255,36.80384],[137.67913,36.80339],[137.67766,36.80519],[137.67676,36.80759],[137.67497,36.80917],[137.67317,36.81172],[137.6699,36.81212],[137.66596,36.81123],[137.66431,36.81134],[137.66307,36.81233],[137.66238,36.81404],[137.66017,36.81684],[137.65792,36.81876],[137.65691,36.82045],[137.65177,36.82195],[137.64931,36.82329],[137.64884,36.82611],[137.64646,36.82937],[137.64679,36.83103],[137.64792,36.83277],[137.64637,36.83509],[137.64782,36.83777],[137.64699,36.83976],[137.64825,36.84039],[137.64889,36.84159],[137.64787,36.84251],[137.64639,36.84557],[137.64765,36.84816],[137.64721,36.84924],[137.64407,36.85127],[137.64046,36.8513],[137.63677,36.85203],[137.63194,36.85049],[137.62861,36.85363],[137.62849,36.85784],[137.62444,36.85813],[137.62075,36.86144],[137.61927,36.8622],[137.61844,36.86438],[137.61527,36.86464],[137.61413,36.86543],[137.6107,36.86629],[137.61002,36.86808],[137.61016,36.8706],[137.60922,36.87095],[137.60899,36.87259],[137.6078,36.87405],[137.602,36.87672],[137.59921,36.88088],[137.59697,36.88154],[137.59603,36.88322],[137.59143,36.88756],[137.58938,36.88578],[137.58662,36.88539],[137.58632,36.88472],[137.58495,36.88399],[137.58298,36.88117],[137.57996,36.88114],[137.57759,36.88217],[137.5721,36.88316],[137.56918,36.88314],[137.56867,36.8822],[137.56849,36.88311],[137.56717,36.88325],[137.56691,36.88388],[137.56684,36.88488],[137.56806,36.88554],[137.56812,36.88656],[137.56737,36.88803],[137.56341,36.88693],[137.56155,36.88718],[137.56071,36.88795],[137.55773,36.88831],[137.55722,36.89058],[137.55502,36.8921],[137.55478,36.89328],[137.55528,36.89592],[137.55657,36.89598],[137.55658,36.89828],[137.55772,36.8983],[137.55769,36.90075],[137.55894,36.90075],[137.55894,36.91052],[137.55579,36.91053],[137.55554,36.91142],[137.55473,36.91147],[137.54332,36.91065],[137.54249,36.91158],[137.54041,36.91061],[137.54078,36.91014],[137.53857,36.90916],[137.53904,36.9086],[137.53869,36.90805],[137.53767,36.90907],[137.53825,36.90956]]]}}]}