{"type":"FeatureCollection","features":[{"type":"Feature","properties":{"id":"muni-18201","name":"福井市"},"geometry":{"type":"MultiPolygon","coordinates":[[[[135.96513,35.99769],[135.96614,35.99775],[135.96637,35.99797],[135.96587,35.99785],[135.96586,35.99839],[135.96762,35.99892],[135.96727,35.99916],[135.96795,35.99975],[135.96755,36.00018],[135.96807,36.00147],[135.96972,36.00147],[135.97062,36.00087],[135.97204,36.00147],[135.9729,36.00237],[135.97256,36.00271],[135.97295,36.00336],[135.97392,36.00382],[135.97404,36.00493],[135.97442,36.00455],[135.97519,36.00486],[135.9761,36.00408],[135.97751,36.00447],[135.97975,36.00546],[135.98213,36.00867],[135.9855,36.00883],[135.98683,36.01077],[135.98699,36.01042],[135.98915,36.01241],[135.98903,36.01264],[135.98925,36.01304],[135.98928,36.01229],[135.99034,36.01287],[135.98856,36.01342],[135.98998,36.01326],[135.99049,36.01282],[135.9913,36.01428],[135.99346,36.01572],[135.99542,36.01792],[135.99757,36.01915],[135.99945,36.02324],[136.00043,36.02391],[136.00363,36.0282],[136.00512,36.02955],[136.00804,36.03117],[136.00923,36.03131],[136.00891,36.03131],[136.01144,36.03455],[136.01193,36.03435],[136.01154,36.03467],[136.01223,36.03596],[136.01214,36.03687],[136.00966,36.03691],[136.00944,36.04358],[136.00993,36.04323],[136.00993,36.03923],[136.01116,36.03923],[136.01115,36.04022],[136.01048,36.04022],[136.01047,36.04273],[136.01124,36.04274],[136.01121,36.0443],[136.01159,36.04445],[136.01115,36.04516],[136.01016,36.04476],[136.01044,36.04403],[136.01003,36.0447],[136.00843,36.04374],[136.00903,36.04459],[136.01212,36.04572],[136.01201,36.04682],[136.01153,36.04683],[136.01179,36.04739],[136.01202,36.04683],[136.01373,36.04744],[136.01409,36.04837],[136.01515,36.0488],[136.015,36.04929],[136.01524,36.04885],[136.01608,36.0488],[136.01682,36.04933],[136.01677,36.05034],[136.01636,36.05056],[136.0171,36.05081],[136.01505,36.05172],[136.01546,36.05279],[136.01683,36.05357],[136.01694,36.05456],[136.01867,36.05615],[136.01894,36.05702],[136.01835,36.05725],[136.01864,36.05847],[136.01959,36.05898],[136.01956,36.061],[136.02017,36.06171],[136.01973,36.06202],[136.02027,36.06279],[136.01953,36.06307],[136.02018,36.06396],[136.01939,36.0644],[136.01884,36.064],[136.02042,36.06755],[136.0208,36.06812],[136.02119,36.06794],[136.02108,36.06943],[136.02071,36.06919],[136.021,36.07065],[136.02193,36.07175],[136.02363,36.07072],[136.02395,36.07102],[136.02413,36.07104],[136.02374,36.07077],[136.02484,36.0707],[136.02544,36.07131],[136.02543,36.07211],[136.02575,36.07175],[136.02641,36.07263],[136.0255,36.07407],[136.02402,36.07423],[136.02462,36.07432],[136.02463,36.07534],[136.02356,36.07412],[136.02506,36.07683],[136.02596,36.07722],[136.02647,36.07978],[136.02799,36.08169],[136.02748,36.08211],[136.02768,36.08251],[136.02796,36.08184],[136.02888,36.08328],[136.02856,36.08347],[136.02811,36.08297],[136.02737,36.08289],[136.02822,36.08326],[136.02898,36.08485],[136.0296,36.0849],[136.03051,36.08615],[136.03053,36.08884],[136.03089,36.08896],[136.0307,36.08967],[136.0297,36.08984],[136.02957,36.09036],[136.03032,36.09007],[136.03068,36.09055],[136.02961,36.0906],[136.03057,36.09071],[136.03116,36.09151],[136.03082,36.09368],[136.02967,36.09439],[136.0292,36.09415],[136.02844,36.09527],[136.02783,36.09508],[136.02805,36.09553],[136.02757,36.09557],[136.02789,36.09593],[136.02854,36.09539],[136.02984,36.09559],[136.03054,36.0963],[136.02975,36.09719],[136.03056,36.09728],[136.03088,36.09679],[136.03285,36.09765],[136.03337,36.09823],[136.03333,36.09925],[136.0337,36.09913],[136.03365,36.09978],[136.03485,36.10125],[136.03448,36.10319],[136.03509,36.10211],[136.03575,36.10243],[136.03764,36.10399],[136.03736,36.10418],[136.03793,36.10423],[136.03733,36.10435],[136.03711,36.10511],[136.03796,36.10424],[136.0386,36.10453],[136.03846,36.10493],[136.03892,36.10462],[136.03882,36.10518],[136.03933,36.10459],[136.04088,36.10484],[136.04216,36.10557],[136.04269,36.1065],[136.04476,36.10754],[136.04471,36.10784],[136.04529,36.10861],[136.04487,36.10751],[136.04585,36.10784],[136.04543,36.10831],[136.04591,36.10783],[136.04644,36.10802],[136.04833,36.1094],[136.04854,36.11078],[136.04748,36.11178],[136.04817,36.11214],[136.0473,36.11326],[136.04784,36.11435],[136.04771,36.11348],[136.04839,36.11299],[136.04846,36.11406],[136.04881,36.1139],[136.04885,36.11433],[136.04824,36.11433],[136.0488,36.11439],[136.0493,36.1165],[136.04873,36.11669],[136.04848,36.1176],[136.04915,36.11701],[136.04974,36.11764],[136.04926,36.11809],[136.04949,36.11878],[136.05008,36.11797],[136.05099,36.1185],[136.05073,36.1192],[136.05106,36.11871],[136.05125,36.11918],[136.05173,36.11899],[136.05236,36.1197],[136.05319,36.11973],[136.05351,36.12059],[136.05431,36.12103],[136.05388,36.1227],[136.05456,36.123],[136.05471,36.12383],[136.05331,36.12499],[136.05415,36.12486],[136.05499,36.12568],[136.05469,36.12674],[136.05353,36.12713],[136.05424,36.12721],[136.05359,36.12771],[136.05375,36.12819],[136.05465,36.12745],[136.05509,36.12783],[136.05459,36.1291],[136.05541,36.12846],[136.05494,36.12916],[136.0554,36.12897],[136.05574,36.12804],[136.05633,36.1282],[136.05671,36.12861],[136.05622,36.13002],[136.05899,36.13129],[136.05636,36.12996],[136.0568,36.12898],[136.05804,36.12997],[136.05831,36.12945],[136.06087,36.13009],[136.06119,36.12994],[136.06028,36.12931],[136.06053,36.12888],[136.06144,36.12927],[136.06128,36.12971],[136.06204,36.12989],[136.06142,36.13069],[136.06169,36.13117],[136.06004,36.13167],[136.06028,36.13225],[136.06066,36.13173],[136.06153,36.13235],[136.06263,36.13168],[136.0639,36.13213],[136.06411,36.13178],[136.06507,36.13252],[136.06565,36.13237],[136.06475,36.13222],[136.06645,36.13191],[136.06641,36.13263],[136.06708,36.13218],[136.06792,36.13243],[136.07683,36.13872],[136.09258,36.15227],[136.09468,36.15482],[136.09546,36.15759],[136.0905,36.16048],[136.09495,36.16555],[136.1002,36.17297],[136.10799,36.16948],[136.11897,36.16601],[136.12526,36.16337],[136.12545,36.16249],[136.12689,36.16149],[136.12833,36.16145],[136.12505,36.15841],[136.12536,36.1579],[136.13028,36.15856],[136.12973,36.16039],[136.13092,36.16063],[136.13046,36.16218],[136.12994,36.16217],[136.13365,36.16594],[136.1321,36.167],[136.13331,36.16819],[136.13402,36.16772],[136.13614,36.16905],[136.13599,36.17008],[136.13819,36.17028],[136.13805,36.172],[136.13859,36.1722],[136.14,36.16903],[136.1382,36.16906],[136.13878,36.16285],[136.1391,36.16336],[136.14325,36.1636],[136.14798,36.16335],[136.14791,36.1639],[136.14908,36.16398],[136.1488,36.16502],[136.15148,36.16676],[136.15827,36.16317],[136.1599,36.16151],[136.1624,36.15763],[136.16353,36.15442],[136.16471,36.14751],[136.16577,36.1454],[136.16981,36.14231],[136.17658,36.1383],[136.17748,36.13682],[136.17798,36.13367],[136.18146,36.13345],[136.18802,36.13072],[136.19174,36.13069],[136.19192,36.12834],[136.19283,36.12704],[136.19391,36.12717],[136.19408,36.12453],[136.19338,36.12461],[136.19415,36.1234],[136.19557,36.12317],[136.19816,36.12169],[136.2035,36.12099],[136.20491,36.12199],[136.20679,36.12247],[136.20964,36.12051],[136.21683,36.12101],[136.23088,36.12072],[136.23085,36.11949],[136.23399,36.11871],[136.23737,36.11883],[136.2373,36.11922],[136.23822,36.11946],[136.23825,36.1202],[136.23874,36.12036],[136.23905,36.11968],[136.24576,36.12083],[136.24565,36.1182],[136.24609,36.11813],[136.24798,36.11832],[136.24815,36.12046],[136.24886,36.12094],[136.2494,36.12072],[136.2495,36.1214],[136.25072,36.12148],[136.2506,36.12245],[136.25105,36.12305],[136.25265,36.12343],[136.25267,36.12382],[136.25423,36.12378],[136.25443,36.12042],[136.25543,36.12],[136.25553,36.11948],[136.25418,36.11857],[136.25421,36.11454],[136.25632,36.11266],[136.25561,36.11095],[136.25498,36.11098],[136.25386,36.10762],[136.25531,36.10733],[136.25532,36.10662],[136.25647,36.1064],[136.25645,36.10484],[136.25679,36.10578],[136.25738,36.10575],[136.25733,36.10482],[136.25794,36.10479],[136.25799,36.10572],[136.25838,36.10571],[136.25833,36.10477],[136.26425,36.10542],[136.27746,36.10319],[136.27842,36.10405],[136.27977,36.10379],[136.28061,36.10343],[136.28201,36.09874],[136.28902,36.09798],[136.28837,36.09495],[136.28449,36.09491],[136.284,36.09436],[136.28127,36.09408],[136.28139,36.09314],[136.27996,36.093],[136.27985,36.09099],[136.2788,36.09084],[136.27883,36.0899],[136.2822,36.0906],[136.28281,36.08833],[136.28329,36.08834],[136.28341,36.08638],[136.28293,36.08637],[136.28302,36.0856],[136.28565,36.08553],[136.28573,36.08456],[136.28711,36.08462],[136.28722,36.08268],[136.29194,36.0829],[136.29212,36.0824],[136.29363,36.08207],[136.29258,36.07892],[136.28916,36.07588],[136.28587,36.07575],[136.28505,36.07612],[136.28301,36.07526],[136.28148,36.07408],[136.28136,36.07338],[136.28276,36.07273],[136.28366,36.07152],[136.2846,36.06878],[136.28402,36.06846],[136.28376,36.0673],[136.28476,36.06553],[136.28441,36.0634],[136.28614,36.06272],[136.28652,36.06048],[136.28467,36.05809],[136.28505,36.05609],[136.28548,36.05572],[136.28654,36.05608],[136.28723,36.05561],[136.28841,36.05598],[136.28882,36.0544],[136.29031,36.05385],[136.29238,36.05199],[136.29354,36.04931],[136.29704,36.04955],[136.29662,36.04753],[136.29762,36.04593],[136.30213,36.04511],[136.30296,36.04537],[136.30501,36.04431],[136.30713,36.0442],[136.31026,36.04243],[136.31258,36.04216],[136.3137,36.04105],[136.31698,36.04131],[136.31853,36.04191],[136.31907,36.0435],[136.32005,36.04412],[136.31954,36.04565],[136.31982,36.04689],[136.32039,36.04779],[136.32143,36.04804],[136.32215,36.04939],[136.32305,36.04886],[136.32383,36.04905],[136.32442,36.04837],[136.32736,36.04872],[136.32862,36.04815],[136.33088,36.05012],[136.33305,36.05046],[136.33458,36.05136],[136.33554,36.05259],[136.33821,36.05295],[136.33899,36.05263],[136.34043,36.05322],[136.34319,36.04778],[136.34425,36.04718],[136.34386,36.04577],[136.34459,36.04439],[136.34543,36.04396],[136.34611,36.04252],[136.34586,36.04189],[136.34637,36.04169],[136.34601,36.03949],[136.34796,36.03753],[136.35323,36.03611],[136.35677,36.0361],[136.36012,36.03377],[136.3636,36.0346],[136.36797,36.03343],[136.37016,36.03442],[136.37307,36.03806],[136.37564,36.0393],[136.37659,36.04127],[136.37786,36.04181],[136.37915,36.04343],[136.38473,36.04712],[136.39076,36.04768],[136.39434,36.04687],[136.40215,36.04659],[136.40605,36.04574],[136.40752,36.04602],[136.41054,36.04436],[136.41138,36.04327],[136.4125,36.04317],[136.41344,36.04246],[136.41636,36.04218],[136.41761,36.04151],[136.42055,36.04103],[136.4216,36.0403],[136.42413,36.04045],[136.42565,36.03982],[136.4281,36.04092],[136.42897,36.0427],[136.43189,36.04328],[136.43283,36.04193],[136.4327,36.04037],[136.43421,36.03989],[136.43524,36.03891],[136.43951,36.03405],[136.4397,36.03283],[136.4413,36.03213],[136.44231,36.03042],[136.44276,36.02693],[136.44475,36.02562],[136.44529,36.02219],[136.44602,36.02121],[136.4494,36.02018],[136.45193,36.01827],[136.45654,36.01788],[136.45781,36.01641],[136.45538,36.01423],[136.4506,36.01236],[136.44879,36.01013],[136.45244,36.00591],[136.45278,36.0038],[136.45523,36.00203],[136.4523,35.99924],[136.45144,35.99691],[136.45635,35.99191],[136.4548,35.98958],[136.45339,35.98875],[136.4526,35.9871],[136.44882,35.98559],[136.44869,35.98342],[136.4499,35.98112],[136.45221,35.97966],[136.45204,35.97396],[136.45305,35.97176],[136.4556,35.96991],[136.45712,35.96732],[136.45587,35.96509],[136.45587,35.9637],[136.45487,35.96188],[136.45437,35.9595],[136.45554,35.95548],[136.45653,35.95475],[136.4588,35.95451],[136.46304,35.95306],[136.46447,35.95202],[136.46543,35.95043],[136.46535,35.94973],[136.46185,35.94476],[136.4613,35.94149],[136.46215,35.94007],[136.46144,35.93885],[136.46439,35.93306],[136.46349,35.93259],[136.46079,35.93279],[136.45813,35.93217],[136.45725,35.93118],[136.45459,35.93176],[136.45335,35.93124],[136.4545,35.92913],[136.45859,35.92753],[136.46173,35.92696],[136.46326,35.9261],[136.46657,35.9225],[136.4671,35.92132],[136.46229,35.92155],[136.46065,35.92058],[136.45864,35.92149],[136.45637,35.92052],[136.4524,35.92143],[136.45175,35.92255],[136.44996,35.92336],[136.44786,35.92367],[136.44619,35.92308],[136.44423,35.92418],[136.44435,35.92551],[136.43935,35.92746],[136.43979,35.93224],[136.43676,35.93418],[136.43568,35.93598],[136.43275,35.93657],[136.43117,35.93776],[136.42913,35.93851],[136.42672,35.93797],[136.42584,35.93864],[136.42281,35.93867],[136.42133,35.94087],[136.41872,35.94085],[136.41867,35.94161],[136.41743,35.94293],[136.41371,35.94384],[136.41278,35.94563],[136.40968,35.94702],[136.4085,35.94838],[136.40728,35.94892],[136.40634,35.94823],[136.40535,35.94859],[136.40397,35.94789],[136.40206,35.94837],[136.40019,35.94814],[136.3954,35.95053],[136.39329,35.95008],[136.3898,35.95217],[136.38782,35.95254],[136.38622,35.95224],[136.38437,35.95118],[136.38126,35.95168],[136.37872,35.95131],[136.37637,35.95182],[136.37221,35.94917],[136.36982,35.94862],[136.36783,35.94878],[136.3669,35.9479],[136.36505,35.94809],[136.36033,35.94725],[136.35818,35.94745],[136.35303,35.94251],[136.35258,35.94127],[136.35082,35.93957],[136.35037,35.93691],[136.3512,35.93589],[136.35018,35.93408],[136.34539,35.93104],[136.34464,35.93186],[136.34352,35.93134],[136.34168,35.9328],[136.33947,35.93173],[136.3391,35.93017],[136.33839,35.92949],[136.33458,35.92852],[136.33373,35.92878],[136.33354,35.9293],[136.33422,35.93035],[136.33339,35.93414],[136.33408,35.9352],[136.33324,35.937],[136.33404,35.93933],[136.33193,35.94055],[136.33127,35.9428],[136.33335,35.9455],[136.33492,35.94673],[136.33489,35.94757],[136.33602,35.94878],[136.33657,35.95118],[136.33616,35.95154],[136.33313,35.95113],[136.33256,35.95228],[136.33028,35.95181],[136.32971,35.95213],[136.32896,35.95081],[136.32785,35.95034],[136.32622,35.95147],[136.32302,35.95181],[136.32243,35.95269],[136.3229,35.95343],[136.3225,35.95375],[136.32288,35.95682],[136.32008,35.95786],[136.31765,35.95806],[136.31815,35.96054],[136.31708,35.96199],[136.31778,35.96434],[136.31532,35.96417],[136.31221,35.96615],[136.30743,35.96476],[136.30313,35.9645],[136.30167,35.96568],[136.30023,35.96857],[136.29734,35.9693],[136.29719,35.97051],[136.29666,35.97105],[136.29446,35.97147],[136.29038,35.97406],[136.28713,35.9727],[136.28484,35.97372],[136.28241,35.97176],[136.27482,35.97213],[136.27377,35.97517],[136.2724,35.97563],[136.27134,35.97675],[136.27131,35.97824],[136.2673,35.97793],[136.26462,35.97949],[136.2624,35.97898],[136.25935,35.98032],[136.25893,35.97981],[136.25608,35.98007],[136.25436,35.97944],[136.24919,35.98193],[136.24739,35.98098],[136.24385,35.98237],[136.2431,35.9822],[136.24018,35.98338],[136.23876,35.98342],[136.23654,35.98512],[136.23507,35.98791],[136.23359,35.98835],[136.23228,35.98986],[136.23228,35.99064],[136.22935,35.99097],[136.2292,35.99038],[136.22705,35.9895],[136.2239,35.9904],[136.22329,35.98963],[136.22214,35.98926],[136.22149,35.98824],[136.21986,35.98788],[136.21896,35.98462],[136.21503,35.98321],[136.21521,35.98048],[136.21354,35.97843],[136.20971,35.97724],[136.20886,35.976],[136.20868,35.97459],[136.20771,35.97341],[136.2074,35.97076],[136.20611,35.97094],[136.20551,35.97118],[136.20428,35.9735],[136.20126,35.97427],[136.20164,35.97596],[136.20344,35.97618],[136.20388,35.97718],[136.20458,35.97634],[136.20503,35.97702],[136.20512,35.97749],[136.20394,35.97798],[136.20515,35.97895],[136.20448,35.97917],[136.20509,35.98064],[136.20449,35.98081],[136.20473,35.98138],[136.20415,35.98156],[136.20566,35.98512],[136.2062,35.98496],[136.20655,35.98579],[136.19458,35.99087],[136.19384,35.98923],[136.19106,35.98979],[136.19163,35.99041],[136.19054,35.99073],[136.19041,35.99031],[136.18925,35.99072],[136.18658,35.98933],[136.18506,35.99038],[136.18513,35.9921],[136.18391,35.99217],[136.18226,35.9932],[136.18112,35.99312],[136.18059,35.99397],[136.17906,35.99477],[136.1796,35.99559],[136.17934,35.99688],[136.17967,35.99797],[136.18062,35.99889],[136.18034,35.99957],[136.17672,36.00016],[136.16925,35.99787],[136.1679,35.99786],[136.16611,35.99611],[136.16459,35.99683],[136.16381,35.99655],[136.16047,35.997],[136.16069,35.99813],[136.15865,35.99832],[136.15744,35.99596],[136.16021,35.99611],[136.16133,35.99391],[136.15554,35.99347],[136.15544,35.99242],[136.15638,35.98924],[136.15574,35.98918],[136.15509,35.99235],[136.14161,35.9922],[136.13786,35.99286],[136.13643,35.99359],[136.1359,35.99632],[136.13276,35.99924],[136.13086,36.00153],[136.13094,36.00222],[136.12923,36.00248],[136.12876,36.003],[136.12398,36.00284],[136.12251,36.00228],[136.12123,36.00087],[136.11756,36.00259],[136.11239,36.00277],[136.1095,36.00183],[136.10572,36.0032],[136.10537,36.00371],[136.10353,36.00365],[136.10251,36.00281],[136.10141,36.00312],[136.10112,36.0037],[136.09684,36.00485],[136.09733,36.00935],[136.09463,36.01071],[136.09386,36.01299],[136.09249,36.01381],[136.09048,36.01389],[136.08832,36.01536],[136.08184,36.01623],[136.08157,36.01872],[136.08026,36.02],[136.07563,36.0209],[136.07421,36.02276],[136.07356,36.02256],[136.07214,36.02376],[136.07193,36.02442],[136.07262,36.02481],[136.07258,36.02845],[136.07015,36.02789],[136.06998,36.02646],[136.06732,36.02671],[136.06632,36.02623],[136.06448,36.02698],[136.0627,36.02658],[136.06009,36.02736],[136.05744,36.02692],[136.05702,36.02633],[136.05713,36.02273],[136.05654,36.02104],[136.05683,36.02058],[136.0556,36.01871],[136.05642,36.01763],[136.05509,36.015],[136.05615,36.0127],[136.05581,36.01179],[136.05318,36.01078],[136.0522,36.01168],[136.051,36.01079],[136.05014,36.00757],[136.04915,36.00666],[136.04825,36.00664],[136.04745,36.00539],[136.04772,36.00459],[136.04343,36.00155],[136.0422,36.0017],[136.04015,36.00093],[136.03242,35.99676],[136.03257,35.99768],[136.03151,35.99809],[136.03167,35.9991],[136.03074,35.99917],[136.02914,35.9968],[136.0294,35.99609],[136.02816,35.99519],[136.02824,35.99619],[136.02679,35.99806],[136.02654,35.99911],[136.02543,35.99973],[136.02428,36.00299],[136.02269,36.00541],[136.019,36.00722],[136.01856,36.0083],[136.01743,36.00889],[136.01607,36.01167],[136.01333,36.01266],[136.01262,36.01379],[136.01303,36.0143],[136.01192,36.01425],[136.01031,36.01247],[136.01033,36.01139],[136.00867,36.01122],[136.0057,36.00982],[136.00552,36.00795],[136.0061,36.00725],[136.0036,36.00553],[136.00333,36.00366],[136.0038,36.00263],[136.00387,36.00014],[136.00461,35.99955],[136.00343,35.99734],[136.00248,35.99692],[136.00403,35.993],[136.00438,35.99039],[136.00865,35.98773],[136.00706,35.98632],[136.00523,35.98602],[136.00254,35.9864],[136.00079,35.98454],[135.99872,35.98443],[135.99634,35.98271],[135.99039,35.9829],[135.98966,35.98442],[135.98707,35.984],[135.98405,35.98483],[135.9854,35.98559],[135.98457,35.98587],[135.9845,35.98643],[135.98607,35.98804],[135.98231,35.98802],[135.98241,35.9889],[135.97963,35.98898],[135.97664,35.99011],[135.97564,35.98975],[135.97347,35.99124],[135.96994,35.99176],[135.9671,35.99456],[135.96699,35.99539],[135.96544,35.99666],[135.96513,35.99769]]],[[[136.05196,36.12575],[136.05184,36.12459],[136.05147,36.12435],[136.05113,36.1247],[136.05168,36.12462],[136.05164,36.12472],[136.04972,36.12531],[136.04934,36.12587],[136.0506,36.12592],[136.05012,36.12649],[136.05045,36.1266],[136.05196,36.12575]]]]}},{"type":"Feature","properties":{"id":"muni-18202","name":"敦賀市"},"geometry":{"type":"Polygon","coordinates":[[[135.96481,35.73127],[135.96587,35.7325],[135.96728,35.7325],[135.96807,35.73332],[135.96833,35.73444],[135.96765,35.73507],[135.96815,35.73588],[135.96865,35.73523],[135.97034,35.73556],[135.97208,35.73457],[135.97401,35.73561],[135.97424,35.73502],[135.97669,35.73464],[135.97533,35.73455],[135.97522,35.73397],[135.97577,35.7339],[135.97521,35.73392],[135.97518,35.73308],[135.97606,35.73299],[135.97627,35.73397],[135.97596,35.7323],[135.97789,35.73219],[135.97872,35.73256],[135.97896,35.73304],[135.97855,35.73323],[135.98066,35.73304],[135.98479,35.73631],[135.98403,35.7361],[135.98309,35.73679],[135.9848,35.73908],[135.98398,35.73927],[135.98112,35.73756],[135.98102,35.73769],[135.98801,35.74209],[135.99014,35.74458],[135.99131,35.74501],[135.99169,35.74618],[135.99349,35.74745],[135.99343,35.7485],[135.99391,35.74908],[135.99404,35.74847],[135.99486,35.74849],[135.99697,35.74962],[135.99874,35.74966],[136.00006,35.75023],[136.00226,35.75005],[136.00464,35.75114],[136.00478,35.75073],[136.00466,35.75115],[136.00656,35.75197],[136.00943,35.75413],[136.00955,35.75481],[136.00906,35.75507],[136.01033,35.7577],[136.01279,35.75825],[136.01377,35.75957],[136.01578,35.76026],[136.01654,35.76339],[136.01802,35.76409],[136.02019,35.76342],[136.02256,35.76101],[136.02393,35.76027],[136.02431,35.75908],[136.02385,35.76022],[136.02335,35.75988],[136.02379,35.75848],[136.02624,35.75471],[136.03041,35.75316],[136.03182,35.75186],[136.03245,35.75063],[136.03345,35.74561],[136.03611,35.74195],[136.0363,35.74043],[136.0377,35.73925],[136.0374,35.73884],[136.03551,35.73957],[136.03427,35.7414],[136.02956,35.74449],[136.02779,35.74689],[136.02413,35.75005],[136.02283,35.74944],[136.02311,35.74913],[136.02277,35.74893],[136.02249,35.74924],[136.02197,35.74891],[136.02343,35.74698],[136.02268,35.74751],[136.02274,35.74484],[136.02474,35.74303],[136.02522,35.74341],[136.02489,35.74297],[136.02688,35.74238],[136.02809,35.74091],[136.02804,35.73922],[136.02853,35.73919],[136.02817,35.73696],[136.02995,35.73611],[136.03073,35.73405],[136.03278,35.73373],[136.03437,35.73161],[136.03442,35.73091],[136.03616,35.72996],[136.0383,35.72697],[136.03843,35.72526],[136.03644,35.72328],[136.0357,35.7212],[136.03602,35.71808],[136.03698,35.71686],[136.03894,35.71564],[136.03989,35.71412],[136.03939,35.71406],[136.03898,35.71389],[136.03987,35.71401],[136.03967,35.71324],[136.04048,35.7129],[136.04075,35.71252],[136.04001,35.71302],[136.03975,35.7123],[136.03933,35.71247],[136.038,35.70971],[136.03884,35.70816],[136.04085,35.70667],[136.0424,35.70574],[136.04337,35.70613],[136.04438,35.70543],[136.04407,35.70481],[136.04269,35.70427],[136.04169,35.70285],[136.04068,35.69905],[136.04144,35.69823],[136.04296,35.69844],[136.04434,35.69777],[136.04497,35.69504],[136.04421,35.69339],[136.04427,35.69126],[136.03959,35.69184],[136.03962,35.69325],[136.03893,35.69352],[136.03907,35.6942],[136.03814,35.69458],[136.03797,35.69414],[136.03731,35.69405],[136.0379,35.69417],[136.03786,35.69457],[136.03694,35.69446],[136.03395,35.69323],[136.03302,35.69232],[136.03212,35.69216],[136.03238,35.69187],[136.03206,35.69214],[136.03146,35.69168],[136.02965,35.68915],[136.03008,35.6889],[136.02947,35.68832],[136.02997,35.68888],[136.02954,35.68918],[136.02877,35.68863],[136.02699,35.6864],[136.02559,35.68373],[136.02571,35.68221],[136.02524,35.6811],[136.02676,35.67912],[136.02862,35.67884],[136.02936,35.67824],[136.02979,35.67861],[136.02939,35.67822],[136.02979,35.67791],[136.03028,35.67829],[136.02982,35.67789],[136.03003,35.67745],[136.03334,35.67586],[136.03301,35.67549],[136.03339,35.67582],[136.03468,35.67538],[136.03539,35.67595],[136.03612,35.67588],[136.03669,35.67354],[136.03781,35.67214],[136.0417,35.67059],[136.04268,35.66955],[136.04224,35.6672],[136.04404,35.6643],[136.04552,35.66347],[136.04524,35.66265],[136.04396,35.66186],[136.04398,35.66101],[136.04352,35.66102],[136.0432,35.65994],[136.04444,35.65963],[136.04373,35.65854],[136.04404,35.65836],[136.04461,35.65914],[136.04425,35.65853],[136.04605,35.65749],[136.05211,35.65663],[136.05526,35.65662],[136.05532,35.65707],[136.05539,35.65661],[136.05744,35.65671],[136.05884,35.65701],[136.05875,35.65761],[136.05882,35.65761],[136.05948,35.65543],[136.06009,35.65553],[136.05942,35.65664],[136.05957,35.65925],[136.05968,35.65745],[136.06362,35.65853],[136.06355,35.66016],[136.05938,35.6598],[136.05947,35.66085],[136.06435,35.66133],[136.0652,35.65814],[136.06598,35.65836],[136.06569,35.6592],[136.07005,35.66055],[136.07186,35.66077],[136.07211,35.66019],[136.07231,35.66076],[136.07179,35.66133],[136.07245,35.66074],[136.07267,35.66101],[136.0722,35.66275],[136.07121,35.66316],[136.07135,35.66361],[136.06981,35.66396],[136.06967,35.66363],[136.06786,35.6643],[136.0625,35.66375],[136.058,35.66426],[136.06176,35.66391],[136.06252,35.66481],[136.06224,35.66807],[136.0666,35.66822],[136.06661,35.66591],[136.07002,35.66591],[136.0702,35.66543],[136.07259,35.66667],[136.07294,35.6677],[136.07428,35.6674],[136.07429,35.67806],[136.07357,35.67842],[136.07088,35.67805],[136.07049,35.67854],[136.0707,35.67939],[136.06177,35.67951],[136.07554,35.67937],[136.07567,35.67992],[136.07737,35.67971],[136.07753,35.68035],[136.07823,35.68054],[136.07854,35.67976],[136.07893,35.67939],[136.07841,35.68047],[136.07893,35.6812],[136.07948,35.68133],[136.07862,35.68065],[136.07867,35.68013],[136.0796,35.68087],[136.07924,35.68051],[136.08038,35.68043],[136.08134,35.68105],[136.08093,35.68156],[136.08133,35.68114],[136.0822,35.68132],[136.08364,35.68251],[136.08411,35.6824],[136.08279,35.68337],[136.0844,35.68238],[136.08534,35.68306],[136.08615,35.68487],[136.08606,35.68572],[136.08541,35.68567],[136.08604,35.68575],[136.08582,35.68685],[136.08528,35.68658],[136.08557,35.68693],[136.08471,35.68743],[136.08329,35.68716],[136.08361,35.68751],[136.0833,35.68805],[136.08143,35.68924],[136.08122,35.6921],[136.08029,35.69266],[136.08106,35.69313],[136.0813,35.69415],[136.08,35.69728],[136.08101,35.69795],[136.08151,35.69978],[136.07882,35.70215],[136.0781,35.70374],[136.07908,35.7042],[136.07862,35.70491],[136.0811,35.7045],[136.08297,35.70518],[136.08419,35.70726],[136.08658,35.70776],[136.08637,35.70746],[136.08703,35.70739],[136.08979,35.70873],[136.09224,35.71086],[136.09226,35.71223],[136.09108,35.71334],[136.09119,35.71519],[136.09167,35.71521],[136.09187,35.71582],[136.09126,35.716],[136.09098,35.71675],[136.09217,35.71707],[136.09515,35.72029],[136.09583,35.72222],[136.09665,35.72224],[136.09616,35.72258],[136.09887,35.72578],[136.09755,35.72836],[136.09614,35.72986],[136.0975,35.73351],[136.09731,35.73478],[136.09647,35.73603],[136.0968,35.73634],[136.09639,35.73608],[136.09558,35.73682],[136.09494,35.7365],[136.09477,35.73697],[136.09387,35.73689],[136.09318,35.7365],[136.09352,35.7359],[136.09211,35.73736],[136.08913,35.73769],[136.08858,35.73858],[136.08681,35.73819],[136.08634,35.73861],[136.08675,35.73892],[136.08588,35.73934],[136.08827,35.73995],[136.08767,35.74061],[136.08848,35.74147],[136.09041,35.74131],[136.09126,35.74217],[136.09226,35.74143],[136.09317,35.74237],[136.09275,35.74185],[136.09523,35.74183],[136.10006,35.74678],[136.10012,35.74727],[136.09962,35.74731],[136.09979,35.74845],[136.1004,35.75107],[136.10168,35.75335],[136.10176,35.75635],[136.10116,35.75882],[136.09932,35.76131],[136.09939,35.76294],[136.09839,35.76534],[136.10193,35.7657],[136.10826,35.76526],[136.1111,35.76593],[136.11282,35.76543],[136.11519,35.76224],[136.11579,35.75913],[136.11749,35.75801],[136.11742,35.75643],[136.1186,35.75515],[136.11845,35.75407],[136.11907,35.75289],[136.11869,35.75156],[136.12208,35.7499],[136.12255,35.74868],[136.12353,35.74853],[136.12448,35.74652],[136.12554,35.74597],[136.12548,35.7449],[136.12703,35.74239],[136.13047,35.74111],[136.13262,35.73724],[136.13263,35.73539],[136.13335,35.73348],[136.13272,35.73216],[136.1325,35.72995],[136.13282,35.72894],[136.13375,35.72841],[136.13305,35.72576],[136.1334,35.72488],[136.13188,35.723],[136.13627,35.71942],[136.13808,35.71887],[136.13982,35.71719],[136.14262,35.7161],[136.14389,35.71408],[136.14586,35.71347],[136.1487,35.71091],[136.14839,35.70886],[136.14921,35.70658],[136.14904,35.70464],[136.14819,35.70339],[136.14673,35.70287],[136.14562,35.70309],[136.1453,35.70261],[136.14725,35.69919],[136.14887,35.69909],[136.15035,35.69777],[136.15054,35.69707],[136.14963,35.69508],[136.15022,35.69382],[136.15024,35.69125],[136.149,35.68991],[136.14897,35.68876],[136.14827,35.68754],[136.14624,35.68703],[136.14519,35.68467],[136.1435,35.68315],[136.14259,35.67942],[136.13967,35.67796],[136.13978,35.67699],[136.13797,35.67494],[136.13769,35.67305],[136.13634,35.67247],[136.13447,35.66938],[136.13471,35.66792],[136.13673,35.66548],[136.13926,35.66502],[136.14039,35.66397],[136.14318,35.66391],[136.1475,35.66267],[136.14878,35.66164],[136.15045,35.65867],[136.1512,35.65553],[136.15,35.65475],[136.15117,35.653],[136.1509,35.65176],[136.15113,35.65118],[136.15249,35.65077],[136.15125,35.64959],[136.15132,35.64872],[136.15304,35.64624],[136.15417,35.64631],[136.15407,35.6438],[136.15504,35.64218],[136.15734,35.64117],[136.15853,35.63822],[136.15833,35.63563],[136.1598,35.63485],[136.15962,35.63171],[136.15849,35.62988],[136.15945,35.62911],[136.16017,35.62739],[136.15977,35.62524],[136.16244,35.62401],[136.16495,35.61915],[136.16687,35.6186],[136.16835,35.61452],[136.17022,35.61257],[136.1709,35.60846],[136.17287,35.60586],[136.17344,35.60426],[136.17429,35.6036],[136.17513,35.60076],[136.17682,35.59817],[136.17674,35.5966],[136.17749,35.59507],[136.17584,35.59373],[136.17529,35.59225],[136.17265,35.59022],[136.17255,35.58877],[136.1717,35.58756],[136.16817,35.58475],[136.1664,35.58237],[136.1677,35.58048],[136.16779,35.57877],[136.1684,35.57764],[136.17064,35.57575],[136.16948,35.57427],[136.1697,35.57238],[136.17032,35.57133],[136.16938,35.56965],[136.16969,35.5687],[136.16917,35.56794],[136.16981,35.56594],[136.16881,35.56542],[136.16688,35.56537],[136.16389,35.56951],[136.16331,35.57106],[136.16248,35.57147],[136.15942,35.57187],[136.15752,35.57125],[136.15537,35.57148],[136.15439,35.57174],[136.15387,35.57244],[136.15028,35.57291],[136.14948,35.57138],[136.14753,35.57212],[136.14648,35.5709],[136.14504,35.57054],[136.14342,35.57113],[136.14194,35.57378],[136.13911,35.5756],[136.13739,35.57531],[136.13577,35.57584],[136.13278,35.5746],[136.12785,35.57583],[136.1265,35.57552],[136.12492,35.57608],[136.12095,35.57629],[136.1191,35.5769],[136.11715,35.5783],[136.11657,35.57909],[136.11732,35.58067],[136.117,35.58157],[136.1154,35.58299],[136.11408,35.58302],[136.11304,35.58216],[136.11215,35.58011],[136.11209,35.57684],[136.11291,35.57409],[136.11227,35.57333],[136.11115,35.57299],[136.11145,35.57204],[136.10999,35.5693],[136.1079,35.5684],[136.11075,35.56335],[136.11052,35.56006],[136.11011,35.55939],[136.10885,35.55919],[136.10869,35.55779],[136.10672,35.55695],[136.10535,35.55552],[136.10902,35.54984],[136.10792,35.54686],[136.10941,35.5449],[136.10907,35.54251],[136.10791,35.54008],[136.10587,35.53812],[136.10675,35.53551],[136.10609,35.53281],[136.10719,35.53065],[136.10627,35.52896],[136.10515,35.52877],[136.10397,35.53031],[136.10042,35.53211],[136.09946,35.53398],[136.09749,35.5339],[136.09499,35.53554],[136.09329,35.5375],[136.09079,35.53748],[136.08854,35.53895],[136.08274,35.54055],[136.08065,35.53905],[136.07969,35.53585],[136.07683,35.5344],[136.07759,35.53175],[136.07709,35.53065],[136.07408,35.52975],[136.07284,35.52903],[136.07193,35.52766],[136.06957,35.52632],[136.06657,35.52701],[136.06528,35.52836],[136.06237,35.52822],[136.06069,35.53185],[136.05756,35.53224],[136.05592,35.53364],[136.05344,35.53332],[136.05146,35.53439],[136.04882,35.53475],[136.04806,35.53457],[136.04751,35.53374],[136.04627,35.5302],[136.04538,35.53076],[136.04217,35.53097],[136.04088,35.53245],[136.03662,35.53072],[136.02791,35.52909],[136.02645,35.52958],[136.02667,35.53247],[136.02747,35.53497],[136.02662,35.53693],[136.02673,35.53817],[136.02767,35.54234],[136.02495,35.54354],[136.02387,35.54561],[136.02506,35.55115],[136.023,35.5557],[136.02278,35.55816],[136.0233,35.56068],[136.02473,35.56332],[136.02698,35.56483],[136.02822,35.56627],[136.02853,35.56805],[136.02955,35.56891],[136.02916,35.57116],[136.02971,35.57289],[136.02927,35.57445],[136.02938,35.57695],[136.02856,35.57929],[136.02752,35.58042],[136.02622,35.58091],[136.02702,35.58283],[136.02628,35.5861],[136.02566,35.58697],[136.02506,35.58736],[136.02375,35.58624],[136.0229,35.58621],[136.02026,35.58645],[136.01895,35.58709],[136.01662,35.58618],[136.01385,35.58596],[136.01185,35.58492],[136.01124,35.58582],[136.00937,35.58583],[136.00711,35.59016],[136.00666,35.59241],[136.00537,35.5936],[136.00449,35.59554],[136.00451,35.5962],[136.00706,35.59786],[136.00779,35.60079],[136.0079,35.60589],[136.0084,35.60785],[136.00939,35.6092],[136.00931,35.61006],[136.0084,35.61058],[136.00616,35.61383],[136.00589,35.6161],[136.007,35.61678],[136.0073,35.61774],[136.00675,35.61889],[136.0073,35.62035],[136.00645,35.62297],[136.00764,35.62578],[136.00756,35.62709],[136.0069,35.62765],[136.00911,35.63163],[136.00834,35.63299],[136.00854,35.63383],[136.00569,35.63717],[136.00382,35.64427],[136.00412,35.64585],[136.00129,35.64709],[135.99822,35.65225],[135.99869,35.65387],[136.00154,35.65456],[136.00322,35.65569],[136.00502,35.65799],[136.00648,35.65832],[136.00712,35.65941],[136.00817,35.66001],[136.00812,35.66101],[136.01041,35.66249],[136.01312,35.66525],[136.01362,35.66677],[136.01337,35.6676],[136.00953,35.66982],[136.00996,35.67324],[136.00961,35.67436],[136.01053,35.67584],[136.00906,35.67776],[136.00932,35.67894],[136.01107,35.68102],[136.01153,35.68299],[136.01282,35.68404],[136.01088,35.6877],[136.01198,35.68952],[136.01132,35.69022],[136.01168,35.69083],[136.0107,35.69353],[136.01112,35.69587],[136.01263,35.6973],[136.01116,35.69891],[136.01026,35.70138],[136.01062,35.70429],[136.01215,35.70737],[136.01092,35.70821],[136.01025,35.70988],[136.01159,35.71142],[136.01213,35.71528],[136.01349,35.71732],[136.01288,35.7187],[136.01303,35.72059],[136.01251,35.7212],[136.01254,35.72478],[136.01037,35.72616],[136.00947,35.72805],[136.00785,35.72867],[136.00708,35.72978],[136.0046,35.73004],[136.00317,35.72876],[135.99851,35.72775],[135.9954,35.72605],[135.9932,35.72703],[135.99128,35.72678],[135.99016,35.72604],[135.98925,35.72621],[135.98637,35.72527],[135.98578,35.72429],[135.98294,35.72476],[135.9767,35.72454],[135.97309,35.72537],[135.97001,35.72475],[135.96937,35.72522],[135.96877,35.72472],[135.96571,35.72945],[135.96463,35.73013],[135.96466,35.73073],[135.96409,35.7307],[135.96462,35.73166],[135.96481,35.73127]]]}},{"type":"Feature","properties":{"id":"muni-18204","name":"小浜市"},"geometry":{"type":"Polygon","coordinates":[[[135.65503,35.48161],[135.65516,35.48242],[135.65667,35.48201],[135.65536,35.4825],[135.65626,35.48292],[135.65589,35.48369],[135.65484,35.48326],[135.65813,35.48533],[135.65841,35.48648],[135.65766,35.48687],[135.65763,35.4871],[135.65789,35.48689],[135.65995,35.48847],[135.66004,35.49053],[135.66052,35.49118],[135.66028,35.49208],[135.66155,35.49249],[135.66163,35.49325],[135.66249,35.49373],[135.66369,35.4936],[135.66434,35.49238],[135.66541,35.49233],[135.66495,35.49005],[135.669,35.48927],[135.67102,35.49095],[135.67201,35.49124],[135.67233,35.49056],[135.67165,35.48939],[135.6716,35.48834],[135.67172,35.48874],[135.67193,35.48899],[135.67177,35.48852],[135.67291,35.488],[135.68157,35.48718],[135.68272,35.48764],[135.68375,35.48727],[135.68426,35.48769],[135.68658,35.48753],[135.68926,35.48821],[135.68978,35.48777],[135.69203,35.48781],[135.69522,35.48933],[135.69603,35.49118],[135.69861,35.49168],[135.7002,35.49278],[135.70097,35.49367],[135.70047,35.49437],[135.7009,35.49456],[135.70142,35.49406],[135.70101,35.49364],[135.70124,35.49245],[135.70222,35.49117],[135.70161,35.49034],[135.70186,35.48974],[135.70455,35.48875],[135.70774,35.48983],[135.70835,35.48857],[135.71011,35.48685],[135.71048,35.48571],[135.71109,35.48571],[135.7103,35.48557],[135.70997,35.48521],[135.71038,35.48552],[135.71218,35.48546],[135.71108,35.48541],[135.71044,35.48459],[135.71065,35.48422],[135.71185,35.4834],[135.71394,35.48297],[135.71511,35.48364],[135.71652,35.48361],[135.71704,35.48402],[135.71767,35.48374],[135.71964,35.48498],[135.71981,35.48568],[135.71916,35.48728],[135.72092,35.48837],[135.71994,35.49061],[135.71999,35.49146],[135.72093,35.49221],[135.72257,35.49173],[135.72339,35.49206],[135.7271,35.49173],[135.729,35.49312],[135.72901,35.49369],[135.72995,35.49451],[135.72967,35.49501],[135.73046,35.49516],[135.73216,35.49472],[135.73393,35.49305],[135.73408,35.49353],[135.73554,35.49284],[135.7369,35.49357],[135.73823,35.49507],[135.73734,35.4953],[135.7385,35.49518],[135.74043,35.49771],[135.74099,35.49935],[135.7393,35.5],[135.7387,35.49898],[135.73403,35.50081],[135.73465,35.50061],[135.73499,35.50119],[135.73618,35.50073],[135.73725,35.50256],[135.73627,35.50295],[135.73665,35.5036],[135.73765,35.50321],[135.73814,35.50407],[135.73968,35.50402],[135.73924,35.50318],[135.74061,35.50267],[135.74102,35.5034],[135.74157,35.50328],[135.74412,35.50181],[135.74465,35.49944],[135.7455,35.49952],[135.74547,35.50209],[135.7442,35.50231],[135.7427,35.50302],[135.74076,35.50462],[135.73687,35.5055],[135.74077,35.50466],[135.74407,35.50239],[135.7468,35.50223],[135.747,35.50301],[135.74397,35.5032],[135.74169,35.50458],[135.74284,35.5069],[135.74726,35.50412],[135.74743,35.50447],[135.74415,35.50681],[135.74759,35.50468],[135.74825,35.50558],[135.74474,35.50769],[135.74647,35.50992],[135.74666,35.51058],[135.7461,35.51087],[135.74726,35.51063],[135.74693,35.51088],[135.74809,35.51351],[135.74907,35.5132],[135.74853,35.51341],[135.74878,35.51388],[135.74841,35.51415],[135.7492,35.51381],[135.75014,35.516],[135.74872,35.51625],[135.74995,35.51641],[135.75017,35.51752],[135.74935,35.51767],[135.7507,35.51749],[135.75112,35.5237],[135.751,35.52541],[135.75068,35.5254],[135.75099,35.52562],[135.75062,35.5256],[135.75099,35.52574],[135.75057,35.52574],[135.75099,35.52576],[135.75062,35.52587],[135.75098,35.52588],[135.7509,35.52742],[135.7505,35.52745],[135.75089,35.52746],[135.75088,35.53044],[135.75135,35.53117],[135.75102,35.53137],[135.75145,35.53117],[135.7514,35.53164],[135.75197,35.53177],[135.75157,35.532],[135.7522,35.53192],[135.75204,35.53237],[135.75223,35.53193],[135.7537,35.53234],[135.75488,35.53199],[135.75448,35.53229],[135.75467,35.533],[135.75521,35.53291],[135.75538,35.53371],[135.75591,35.5328],[135.75622,35.53292],[135.75598,35.53259],[135.75708,35.53231],[135.75945,35.53024],[135.76126,35.53039],[135.76143,35.53084],[135.76151,35.53049],[135.76259,35.53052],[135.76247,35.53096],[135.763,35.5307],[135.76434,35.53262],[135.76451,35.53374],[135.76503,35.53399],[135.76458,35.53594],[135.76339,35.53757],[135.75863,35.53878],[135.7577,35.53856],[135.75616,35.53683],[135.75375,35.53783],[135.75088,35.53776],[135.75025,35.53713],[135.75049,35.53555],[135.74914,35.53503],[135.74905,35.53356],[135.74859,35.53314],[135.74727,35.53332],[135.74673,35.53462],[135.74709,35.53614],[135.74673,35.53648],[135.74679,35.53631],[135.74659,35.53605],[135.74644,35.53645],[135.74623,35.53619],[135.74643,35.5365],[135.74669,35.53651],[135.74582,35.53683],[135.74437,35.53641],[135.74268,35.53688],[135.74134,35.53609],[135.74015,35.53624],[135.73791,35.53557],[135.736,35.53422],[135.73593,35.53183],[135.73476,35.53023],[135.73445,35.5287],[135.73504,35.52834],[135.73542,35.52673],[135.73414,35.52596],[135.7345,35.52578],[135.73493,35.52632],[135.7355,35.52633],[135.73398,35.52543],[135.73129,35.5251],[135.73062,35.52465],[135.73084,35.5242],[135.73156,35.52439],[135.72857,35.52321],[135.72689,35.52153],[135.72304,35.52181],[135.72171,35.52096],[135.71954,35.52078],[135.71834,35.5198],[135.71706,35.52078],[135.71595,35.52082],[135.71611,35.52144],[135.71734,35.5221],[135.71747,35.52328],[135.71813,35.52354],[135.71666,35.52529],[135.71788,35.52648],[135.71774,35.52875],[135.71604,35.53059],[135.716,35.53133],[135.71747,35.5323],[135.71842,35.53563],[135.71821,35.53805],[135.71623,35.54142],[135.71394,35.54187],[135.71227,35.54275],[135.70919,35.54257],[135.70975,35.54232],[135.70762,35.54253],[135.70632,35.54312],[135.70489,35.54313],[135.70499,35.54369],[135.70476,35.54319],[135.70274,35.5443],[135.6993,35.544],[135.69721,35.54436],[135.69536,35.54369],[135.69434,35.54259],[135.69305,35.54353],[135.68981,35.54423],[135.68857,35.54563],[135.68863,35.54683],[135.68999,35.54883],[135.68921,35.54946],[135.68941,35.55018],[135.69055,35.55001],[135.69073,35.5495],[135.69146,35.54988],[135.692,35.54962],[135.69297,35.55025],[135.69304,35.55133],[135.69434,35.55139],[135.69474,35.55214],[135.69514,35.55157],[135.6969,35.55382],[135.69763,35.55339],[135.69877,35.55471],[135.6998,35.55508],[135.69992,35.55613],[135.70059,35.55605],[135.70009,35.55545],[135.70191,35.55655],[135.70368,35.55812],[135.70447,35.5606],[135.70534,35.56158],[135.70498,35.56205],[135.70603,35.56232],[135.70574,35.56269],[135.70648,35.56282],[135.70751,35.56426],[135.70789,35.56362],[135.70963,35.56353],[135.71095,35.56397],[135.71128,35.56369],[135.71246,35.5645],[135.71177,35.56736],[135.71233,35.56764],[135.71277,35.567],[135.71272,35.56804],[135.71458,35.56982],[135.7157,35.57005],[135.71634,35.5695],[135.71697,35.57009],[135.71773,35.56962],[135.71794,35.57026],[135.7188,35.5704],[135.71971,35.56899],[135.72158,35.56824],[135.72232,35.56926],[135.72348,35.56917],[135.72377,35.56866],[135.72569,35.56951],[135.72794,35.56898],[135.73267,35.5708],[135.73567,35.57092],[135.73578,35.57138],[135.7361,35.57078],[135.7367,35.57091],[135.73843,35.56999],[135.73961,35.57046],[135.74125,35.57029],[135.74101,35.5679],[135.7416,35.56798],[135.74215,35.56681],[135.74316,35.56622],[135.74313,35.56529],[135.74458,35.56421],[135.74575,35.5647],[135.74597,35.56584],[135.74761,35.56628],[135.74794,35.56597],[135.74851,35.56665],[135.74934,35.56623],[135.74978,35.56651],[135.74977,35.56609],[135.75044,35.5661],[135.75086,35.56549],[135.75054,35.56453],[135.75139,35.5633],[135.75083,35.56243],[135.75168,35.5609],[135.75115,35.56071],[135.75131,35.55976],[135.75193,35.55906],[135.7524,35.55937],[135.75222,35.55902],[135.75284,35.55833],[135.75265,35.55774],[135.75028,35.55605],[135.75002,35.55499],[135.75174,35.55311],[135.75444,35.55276],[135.75371,35.55128],[135.75268,35.55059],[135.7526,35.54984],[135.75307,35.54939],[135.7546,35.54967],[135.75484,35.54902],[135.756,35.54861],[135.7553,35.54773],[135.75574,35.54753],[135.75462,35.54753],[135.75505,35.54644],[135.75458,35.54743],[135.75417,35.54737],[135.75407,35.54657],[135.75449,35.54652],[135.75371,35.54652],[135.75417,35.5463],[135.7539,35.54591],[135.75632,35.5443],[135.75714,35.54457],[135.75709,35.5434],[135.75872,35.54256],[135.76023,35.54304],[135.76028,35.54374],[135.76106,35.54447],[135.76267,35.54415],[135.76364,35.54509],[135.76472,35.54477],[135.76514,35.54331],[135.76662,35.54348],[135.76764,35.54272],[135.76986,35.54376],[135.76971,35.54447],[135.77134,35.54662],[135.77108,35.54763],[135.76899,35.54793],[135.76849,35.54943],[135.76706,35.54948],[135.76643,35.55101],[135.76396,35.55095],[135.76467,35.55104],[135.76532,35.55214],[135.76404,35.55323],[135.76394,35.5556],[135.76501,35.55707],[135.76583,35.55725],[135.76783,35.55496],[135.76917,35.55464],[135.77157,35.55233],[135.77307,35.55157],[135.77398,35.55014],[135.77604,35.54931],[135.77707,35.54981],[135.77875,35.54971],[135.77889,35.55041],[135.7797,35.55041],[135.78123,35.5489],[135.78162,35.54754],[135.78213,35.5475],[135.78236,35.54534],[135.78387,35.54452],[135.78521,35.5427],[135.78672,35.54173],[135.78862,35.54103],[135.7899,35.54183],[135.7912,35.54138],[135.79242,35.54188],[135.79334,35.54161],[135.79367,35.54106],[135.79259,35.54047],[135.79069,35.54085],[135.78974,35.54023],[135.78926,35.53934],[135.78942,35.53771],[135.7888,35.5372],[135.78733,35.53703],[135.78732,35.5366],[135.78727,35.53704],[135.78671,35.53707],[135.78671,35.53619],[135.78665,35.53707],[135.78575,35.53699],[135.78562,35.5362],[135.78601,35.53617],[135.78556,35.53593],[135.78662,35.53594],[135.78556,35.5359],[135.78583,35.53484],[135.78683,35.53307],[135.78807,35.53301],[135.78794,35.53202],[135.7896,35.53074],[135.78989,35.53102],[135.78998,35.53047],[135.79089,35.53025],[135.79126,35.53082],[135.79108,35.53049],[135.79228,35.53],[135.79268,35.53066],[135.79144,35.53115],[135.79122,35.53139],[135.79328,35.53045],[135.79416,35.53104],[135.79549,35.53099],[135.7961,35.52635],[135.79815,35.525],[135.80016,35.52574],[135.79994,35.52624],[135.79901,35.52595],[135.79881,35.52594],[135.80027,35.52662],[135.79979,35.52816],[135.80352,35.53028],[135.80384,35.53206],[135.80463,35.53305],[135.80517,35.53306],[135.80613,35.52997],[135.80705,35.52974],[135.80667,35.52907],[135.80777,35.52867],[135.80691,35.52889],[135.80635,35.52818],[135.80684,35.52774],[135.80712,35.52803],[135.80701,35.52747],[135.8073,35.52783],[135.80853,35.52751],[135.81006,35.52843],[135.81222,35.52744],[135.81319,35.52815],[135.81284,35.52918],[135.81495,35.52929],[135.81505,35.53053],[135.81626,35.53204],[135.81634,35.53295],[135.81507,35.53411],[135.815,35.53485],[135.8132,35.53597],[135.81249,35.53595],[135.81233,35.5363],[135.81272,35.5362],[135.81289,35.53674],[135.81242,35.53756],[135.81349,35.53762],[135.81426,35.53683],[135.81618,35.53631],[135.81745,35.53657],[135.81724,35.53744],[135.82067,35.53634],[135.82118,35.53581],[135.82101,35.53411],[135.82224,35.53349],[135.82413,35.53386],[135.82735,35.53336],[135.8292,35.5346],[135.83187,35.53554],[135.83331,35.53554],[135.83424,35.53639],[135.83431,35.5376],[135.83444,35.53752],[135.83463,35.53754],[135.83368,35.53803],[135.83429,35.53831],[135.83407,35.53865],[135.8331,35.53888],[135.8329,35.53816],[135.83185,35.53902],[135.83206,35.5397],[135.83135,35.54077],[135.83147,35.54137],[135.83073,35.54211],[135.83103,35.54246],[135.83031,35.54239],[135.82996,35.54286],[135.82674,35.54161],[135.82654,35.54221],[135.82712,35.54296],[135.82682,35.5431],[135.82843,35.54369],[135.82935,35.54511],[135.82869,35.5465],[135.82905,35.5468],[135.82776,35.54681],[135.82632,35.54601],[135.82542,35.54656],[135.82482,35.54939],[135.82636,35.55103],[135.82612,35.5518],[135.82435,35.55262],[135.8227,35.55111],[135.82145,35.55117],[135.82105,35.55223],[135.82167,35.55409],[135.82093,35.55529],[135.81924,35.55585],[135.81798,35.55721],[135.81508,35.55691],[135.81443,35.55772],[135.81178,35.55898],[135.81159,35.55947],[135.81226,35.55938],[135.81356,35.56094],[135.81264,35.56378],[135.81192,35.56418],[135.81049,35.56387],[135.80908,35.56495],[135.80526,35.56442],[135.80398,35.56506],[135.80396,35.56691],[135.8032,35.56843],[135.80403,35.56907],[135.80391,35.57001],[135.80317,35.57026],[135.80283,35.57103],[135.80155,35.57121],[135.80157,35.57163],[135.80345,35.57162],[135.80383,35.57054],[135.80553,35.56954],[135.80725,35.57002],[135.80788,35.56978],[135.80916,35.57129],[135.8106,35.57211],[135.81132,35.57436],[135.81083,35.57608],[135.81035,35.57594],[135.81141,35.5774],[135.81178,35.57579],[135.81313,35.57441],[135.81305,35.57299],[135.81508,35.5717],[135.81306,35.56925],[135.81312,35.56843],[135.81482,35.56698],[135.81901,35.56611],[135.81933,35.56481],[135.82009,35.56443],[135.82058,35.56196],[135.82159,35.56008],[135.82505,35.55865],[135.82731,35.55845],[135.83285,35.55531],[135.8337,35.55435],[135.83557,35.55414],[135.83674,35.55253],[135.83863,35.55135],[135.83925,35.55004],[135.84422,35.54916],[135.84515,35.54825],[135.8458,35.54628],[135.84862,35.54513],[135.85123,35.54099],[135.85036,35.54036],[135.84949,35.53747],[135.84864,35.53626],[135.84531,35.53512],[135.84393,35.53377],[135.84288,35.53379],[135.84201,35.53255],[135.84171,35.53066],[135.84,35.52968],[135.83812,35.52776],[135.83572,35.52663],[135.83441,35.52462],[135.83363,35.52434],[135.83225,35.52255],[135.83528,35.51928],[135.83734,35.51575],[135.84139,35.51321],[135.84226,35.50979],[135.84102,35.5083],[135.84097,35.50749],[135.84259,35.50642],[135.84366,35.50405],[135.84522,35.5026],[135.84472,35.49965],[135.84235,35.49536],[135.84261,35.49344],[135.84436,35.4899],[135.84461,35.48657],[135.84317,35.4843],[135.84128,35.48412],[135.83748,35.48253],[135.835,35.48332],[135.8289,35.48156],[135.82601,35.4793],[135.82369,35.47923],[135.82238,35.47964],[135.82263,35.48016],[135.81729,35.48389],[135.8163,35.48399],[135.81627,35.48507],[135.81474,35.48736],[135.81286,35.48745],[135.81225,35.4888],[135.81134,35.48935],[135.80366,35.491],[135.80088,35.48991],[135.79714,35.48983],[135.79629,35.48833],[135.79757,35.4864],[135.79727,35.48578],[135.79925,35.48437],[135.79878,35.48286],[135.80016,35.48101],[135.80543,35.47804],[135.81204,35.47551],[135.81244,35.47434],[135.81059,35.47024],[135.80959,35.46991],[135.81027,35.46861],[135.80996,35.4664],[135.81118,35.46489],[135.81443,35.46363],[135.81551,35.46216],[135.81529,35.45707],[135.81675,35.45576],[135.81758,35.45315],[135.81884,35.45144],[135.82265,35.44988],[135.82543,35.4496],[135.82921,35.4484],[135.83295,35.44534],[135.83478,35.44465],[135.83566,35.44349],[135.84141,35.44133],[135.84205,35.44148],[135.84283,35.44251],[135.84729,35.44181],[135.84928,35.44211],[135.85218,35.43838],[135.85505,35.43678],[135.85701,35.43305],[135.85891,35.4324],[135.86033,35.42851],[135.85878,35.42618],[135.85857,35.42308],[135.85787,35.42217],[135.8579,35.41817],[135.85432,35.41508],[135.85356,35.41389],[135.85334,35.41119],[135.85214,35.41039],[135.84964,35.41045],[135.84712,35.41145],[135.84604,35.41125],[135.84405,35.41303],[135.84131,35.41304],[135.83889,35.41427],[135.8378,35.4138],[135.83662,35.41203],[135.83554,35.41182],[135.83269,35.41247],[135.83203,35.41225],[135.82679,35.41473],[135.82552,35.41437],[135.82454,35.41469],[135.81931,35.41261],[135.81359,35.41331],[135.81047,35.40894],[135.8107,35.40646],[135.81023,35.4018],[135.80789,35.39437],[135.80873,35.39263],[135.81007,35.39162],[135.80729,35.3854],[135.80441,35.38456],[135.8024,35.38511],[135.79898,35.38487],[135.79599,35.38713],[135.79437,35.38727],[135.79086,35.38656],[135.78931,35.38738],[135.78876,35.38967],[135.78542,35.39151],[135.78008,35.39239],[135.77714,35.3944],[135.77563,35.39366],[135.77368,35.3936],[135.7719,35.39544],[135.77161,35.39653],[135.76984,35.3974],[135.76942,35.39996],[135.77008,35.40089],[135.76937,35.40235],[135.76786,35.40406],[135.76342,35.40514],[135.76016,35.40994],[135.75794,35.40985],[135.75539,35.41236],[135.74709,35.41477],[135.74632,35.4143],[135.74464,35.41458],[135.74258,35.41619],[135.74155,35.41645],[135.73939,35.41695],[135.73635,35.41574],[135.73324,35.41823],[135.73009,35.41842],[135.72901,35.41651],[135.72895,35.41551],[135.72768,35.4138],[135.72201,35.41413],[135.71986,35.4149],[135.71864,35.41407],[135.71642,35.4135],[135.7144,35.41181],[135.71377,35.4099],[135.71268,35.40902],[135.70869,35.40945],[135.70472,35.41083],[135.70202,35.40934],[135.69467,35.41072],[135.69343,35.41032],[135.69252,35.41125],[135.69102,35.41156],[135.68987,35.41287],[135.68825,35.41302],[135.68462,35.41526],[135.68248,35.41545],[135.68177,35.41681],[135.68202,35.41865],[135.67235,35.41777],[135.66951,35.41494],[135.66929,35.41383],[135.66789,35.41201],[135.66792,35.41052],[135.66596,35.41021],[135.66151,35.41248],[135.66101,35.4136],[135.65797,35.41354],[135.65712,35.4129],[135.65426,35.41582],[135.65248,35.41618],[135.65005,35.41588],[135.64798,35.41729],[135.64547,35.41729],[135.64362,35.41659],[135.64121,35.42439],[135.63924,35.42518],[135.63791,35.42462],[135.63689,35.42582],[135.63504,35.4259],[135.63266,35.42674],[135.63032,35.42447],[135.62986,35.42251],[135.62827,35.42137],[135.62242,35.42142],[135.6213,35.42222],[135.61977,35.42072],[135.62023,35.41934],[135.61913,35.41708],[135.61671,35.41612],[135.61531,35.41442],[135.61374,35.41509],[135.61379,35.41591],[135.61124,35.41612],[135.61019,35.41705],[135.60895,35.41717],[135.60724,35.41625],[135.60452,35.41581],[135.6037,35.41746],[135.59878,35.41887],[135.598,35.42256],[135.59836,35.42466],[135.59726,35.42553],[135.59574,35.42549],[135.5887,35.43008],[135.5888,35.43261],[135.58975,35.43328],[135.59142,35.43326],[135.5928,35.43456],[135.5942,35.43414],[135.59913,35.43434],[135.60056,35.43527],[135.60087,35.43639],[135.6024,35.43656],[135.60422,35.43795],[135.6049,35.43917],[135.6062,35.43974],[135.60653,35.44047],[135.60851,35.44064],[135.60886,35.44126],[135.61278,35.44113],[135.61579,35.44005],[135.61766,35.44024],[135.61836,35.44135],[135.62073,35.44101],[135.62108,35.44155],[135.62055,35.44284],[135.6224,35.44545],[135.62441,35.44531],[135.62729,35.44586],[135.63172,35.44458],[135.63639,35.44706],[135.63839,35.44726],[135.63862,35.44677],[135.63933,35.44674],[135.64013,35.44767],[135.64319,35.44806],[135.64428,35.44846],[135.64474,35.44958],[135.6472,35.45011],[135.64658,35.45266],[135.64415,35.45441],[135.64377,35.45528],[135.64136,35.4563],[135.64077,35.45869],[135.64139,35.46005],[135.64139,35.46146],[135.64255,35.46277],[135.64554,35.46341],[135.64847,35.46509],[135.6476,35.46601],[135.6472,35.46734],[135.64753,35.46833],[135.64637,35.46973],[135.64685,35.47249],[135.64479,35.47508],[135.64507,35.47646],[135.64467,35.47864],[135.64818,35.47825],[135.64805,35.47991],[135.64915,35.47997],[135.64809,35.47976],[135.64897,35.47896],[135.65059,35.47896],[135.65174,35.47992],[135.65144,35.48045],[135.65182,35.47999],[135.65377,35.48017],[135.65457,35.48108],[135.6543,35.482],[135.65491,35.48232],[135.65503,35.48161]]]}},{"type":"Feature","properties":{"id":"muni-18205","name":"大野市"},"geometry":{"type":"Polygon","coordinates":[[[136.45275,35.99983],[136.45523,36.00203],[136.45278,36.0038],[136.45244,36.00591],[136.44891,36.00996],[136.44912,36.01082],[136.45089,36.01256],[136.45538,36.01423],[136.45781,36.01641],[136.46377,36.01696],[136.46578,36.01813],[136.46732,36.0184],[136.46795,36.02205],[136.46923,36.02565],[136.47091,36.02784],[136.47223,36.02853],[136.47519,36.02885],[136.47859,36.02663],[136.48133,36.02601],[136.48435,36.02567],[136.48976,36.02603],[136.49621,36.02526],[136.49845,36.02254],[136.50092,36.02163],[136.50311,36.01957],[136.50706,36.01909],[136.50921,36.01942],[136.51037,36.0192],[136.51111,36.01844],[136.51402,36.01848],[136.51601,36.01758],[136.51704,36.01991],[136.51627,36.02179],[136.51711,36.02191],[136.52477,36.01755],[136.53466,36.01343],[136.54058,36.00982],[136.54373,36.00684],[136.54569,36.00863],[136.54975,36.00972],[136.55026,36.01115],[136.55184,36.0119],[136.55697,36.0107],[136.55925,36.01079],[136.56115,36.00892],[136.56258,36.00893],[136.56416,36.00996],[136.56589,36.00998],[136.56776,36.01066],[136.56896,36.01797],[136.57362,36.02334],[136.57718,36.0233],[136.57816,36.02385],[136.58119,36.02642],[136.58237,36.02827],[136.58419,36.0288],[136.58636,36.03044],[136.58839,36.03306],[136.59235,36.03511],[136.59404,36.03538],[136.59607,36.03682],[136.5994,36.03823],[136.61037,36.03851],[136.6118,36.04037],[136.61263,36.04338],[136.61378,36.04427],[136.61805,36.04513],[136.61917,36.04593],[136.62168,36.04618],[136.62255,36.04766],[136.62528,36.04992],[136.62522,36.05169],[136.62923,36.05355],[136.63196,36.05387],[136.63291,36.05529],[136.63475,36.0565],[136.63423,36.05798],[136.63502,36.05923],[136.6369,36.06019],[136.63745,36.06191],[136.64217,36.06407],[136.64594,36.06475],[136.64941,36.06718],[136.65346,36.06793],[136.65689,36.06952],[136.65841,36.06962],[136.65881,36.0689],[136.6626,36.06746],[136.66665,36.06816],[136.66862,36.0677],[136.67088,36.06928],[136.67409,36.06708],[136.67508,36.06783],[136.67713,36.06835],[136.67804,36.07018],[136.68084,36.07117],[136.68435,36.07113],[136.68954,36.07313],[136.6904,36.07298],[136.69229,36.0715],[136.69459,36.07387],[136.69542,36.07418],[136.69726,36.07357],[136.69986,36.07401],[136.7016,36.07502],[136.70236,36.07658],[136.70521,36.0779],[136.70615,36.07895],[136.70754,36.07976],[136.71037,36.08026],[136.7111,36.08094],[136.71351,36.0808],[136.71467,36.08176],[136.7155,36.08185],[136.71748,36.08153],[136.71991,36.08218],[136.72447,36.08221],[136.72701,36.08108],[136.73036,36.08152],[136.73226,36.0803],[136.73481,36.08063],[136.73852,36.08025],[136.73994,36.08137],[136.74279,36.08198],[136.74447,36.08438],[136.74554,36.08508],[136.75474,36.08614],[136.75543,36.08558],[136.7571,36.08186],[136.75814,36.08093],[136.75947,36.08078],[136.7606,36.07995],[136.76048,36.07791],[136.76153,36.07606],[136.76384,36.07451],[136.76479,36.0686],[136.76357,36.06755],[136.75875,36.06701],[136.75732,36.06543],[136.75432,36.06454],[136.75275,36.06246],[136.75124,36.06145],[136.74824,36.06156],[136.7447,36.06016],[136.74223,36.05735],[136.73993,36.05695],[136.74054,36.05479],[136.74016,36.05379],[136.73788,36.05285],[136.73582,36.05135],[136.73511,36.05017],[136.73276,36.04894],[136.73539,36.0479],[136.73521,36.04638],[136.73591,36.04388],[136.73472,36.04234],[136.73574,36.04014],[136.73528,36.03806],[136.73561,36.03227],[136.73298,36.02672],[136.73323,36.02334],[136.73433,36.02094],[136.73093,36.01783],[136.73227,36.01292],[136.7311,36.01217],[136.72897,36.00948],[136.72898,36.00836],[136.72827,36.00743],[136.72898,36.00577],[136.72947,36.00147],[136.72835,35.9976],[136.72663,35.99579],[136.7348,35.99329],[136.73936,35.99289],[136.74289,35.99164],[136.74668,35.99133],[136.74824,35.99048],[136.74993,35.9908],[136.75114,35.9902],[136.75231,35.98856],[136.75152,35.98722],[136.75282,35.98324],[136.752,35.98204],[136.75328,35.97857],[136.75248,35.97276],[136.75348,35.96832],[136.7506,35.96685],[136.74892,35.96331],[136.7497,35.95986],[136.75256,35.95667],[136.75569,35.95557],[136.75826,35.95555],[136.76408,35.95326],[136.76657,35.95286],[136.76823,35.95187],[136.76922,35.9518],[136.76926,35.95084],[136.76979,35.95062],[136.777,35.94967],[136.77878,35.95058],[136.78071,35.95045],[136.78496,35.94851],[136.78664,35.94912],[136.78906,35.94871],[136.79136,35.94674],[136.79348,35.94584],[136.79311,35.94385],[136.79344,35.94087],[136.79259,35.94023],[136.79215,35.93904],[136.78989,35.93764],[136.78775,35.93494],[136.78764,35.93407],[136.7868,35.93361],[136.78586,35.93126],[136.78599,35.93057],[136.78363,35.92767],[136.78367,35.92603],[136.7849,35.92371],[136.78647,35.92214],[136.7907,35.92068],[136.79313,35.92092],[136.79382,35.92173],[136.7949,35.9209],[136.79612,35.9212],[136.7987,35.92069],[136.79937,35.92],[136.79872,35.91856],[136.80092,35.91793],[136.80286,35.91563],[136.80396,35.9154],[136.80526,35.91423],[136.80603,35.91276],[136.80747,35.91259],[136.80831,35.9131],[136.81177,35.91265],[136.8146,35.90957],[136.81444,35.90732],[136.81654,35.90599],[136.81656,35.90502],[136.81551,35.90365],[136.81575,35.90251],[136.81651,35.90151],[136.81855,35.90139],[136.81943,35.8999],[136.82121,35.89862],[136.82088,35.89778],[136.82214,35.89653],[136.82263,35.89396],[136.82371,35.89291],[136.8226,35.89049],[136.82284,35.88605],[136.82031,35.88216],[136.81891,35.88165],[136.82012,35.87939],[136.82293,35.87769],[136.82414,35.87507],[136.82601,35.87439],[136.82634,35.87245],[136.82559,35.87136],[136.82576,35.87015],[136.82755,35.86933],[136.83007,35.86592],[136.83033,35.86324],[136.83209,35.86064],[136.83235,35.85936],[136.8317,35.85896],[136.83248,35.85728],[136.8315,35.85586],[136.83191,35.8544],[136.83103,35.85338],[136.83118,35.85214],[136.82868,35.84878],[136.82732,35.848],[136.82634,35.84618],[136.82116,35.844],[136.81795,35.84411],[136.81542,35.84252],[136.81267,35.84281],[136.81179,35.84239],[136.81065,35.84302],[136.80953,35.84259],[136.8081,35.84328],[136.80603,35.84286],[136.8024,35.84389],[136.80182,35.8433],[136.8014,35.83966],[136.79985,35.83718],[136.79979,35.83457],[136.7992,35.83371],[136.79954,35.83134],[136.79857,35.82923],[136.79705,35.82827],[136.79854,35.82516],[136.79785,35.82381],[136.79841,35.82109],[136.79774,35.81955],[136.79785,35.8184],[136.79855,35.81789],[136.79696,35.81573],[136.79664,35.81351],[136.79531,35.81121],[136.79593,35.80898],[136.79381,35.80727],[136.79261,35.80694],[136.78993,35.80221],[136.7895,35.79958],[136.78757,35.79849],[136.78569,35.7987],[136.78341,35.79804],[136.78218,35.79946],[136.77957,35.79871],[136.77596,35.79864],[136.774,35.80036],[136.77429,35.80168],[136.7737,35.803],[136.77421,35.80409],[136.77378,35.80521],[136.77416,35.80665],[136.77069,35.80707],[136.76874,35.80837],[136.7657,35.80908],[136.76398,35.81054],[136.76087,35.81038],[136.75877,35.80953],[136.75534,35.80962],[136.75203,35.80726],[136.74559,35.80424],[136.74339,35.80227],[136.74089,35.80107],[136.73814,35.80269],[136.73768,35.80353],[136.73607,35.80417],[136.73587,35.80498],[136.73234,35.80664],[136.72311,35.8082],[136.72226,35.80677],[136.72291,35.80461],[136.72129,35.80289],[136.72062,35.8003],[136.7167,35.79651],[136.71468,35.79616],[136.71192,35.79464],[136.71009,35.79219],[136.7092,35.79173],[136.70637,35.79198],[136.70509,35.79139],[136.70422,35.79211],[136.70266,35.79236],[136.70021,35.79415],[136.69825,35.79416],[136.69707,35.79379],[136.69417,35.7908],[136.69223,35.7908],[136.68985,35.78919],[136.68856,35.78986],[136.68295,35.78946],[136.68155,35.78979],[136.67811,35.79176],[136.6771,35.79329],[136.67519,35.79247],[136.67465,35.79122],[136.67252,35.79156],[136.67163,35.79042],[136.66838,35.7885],[136.66622,35.78513],[136.66361,35.78506],[136.66007,35.78325],[136.65772,35.78353],[136.65554,35.78555],[136.65446,35.78571],[136.65374,35.78726],[136.65402,35.78855],[136.6527,35.79082],[136.65322,35.79293],[136.65262,35.79347],[136.65236,35.79565],[136.65306,35.79792],[136.6505,35.8005],[136.64931,35.80301],[136.64519,35.8071],[136.64072,35.80347],[136.63783,35.79737],[136.63224,35.79577],[136.62633,35.79636],[136.62613,35.79512],[136.62763,35.79085],[136.62218,35.78707],[136.62028,35.78825],[136.61516,35.78899],[136.61142,35.78878],[136.60976,35.79013],[136.60942,35.79238],[136.60674,35.79222],[136.60501,35.79375],[136.6033,35.79449],[136.60291,35.79534],[136.60321,35.79632],[136.60152,35.79707],[136.5999,35.79852],[136.59907,35.79849],[136.59494,35.79513],[136.59248,35.79495],[136.58993,35.79556],[136.58935,35.79519],[136.58605,35.79147],[136.5852,35.78943],[136.58496,35.78727],[136.58594,35.78423],[136.58467,35.78355],[136.58245,35.78327],[136.58011,35.78153],[136.57623,35.78127],[136.57239,35.77815],[136.57028,35.7774],[136.56918,35.77744],[136.56659,35.77952],[136.56455,35.77956],[136.56184,35.77863],[136.55562,35.78094],[136.55054,35.78106],[136.54506,35.77877],[136.53909,35.78087],[136.53648,35.78093],[136.53316,35.78344],[136.53091,35.78398],[136.52966,35.78576],[136.52538,35.78793],[136.52292,35.78824],[136.52194,35.78489],[136.52027,35.78345],[136.51856,35.77955],[136.51442,35.77645],[136.5131,35.77487],[136.51286,35.77311],[136.51196,35.7716],[136.51405,35.76657],[136.51308,35.7645],[136.51323,35.76262],[136.51226,35.75898],[136.50803,35.75694],[136.50741,35.75509],[136.50805,35.75413],[136.50805,35.75289],[136.50592,35.75038],[136.50322,35.75105],[136.49961,35.75563],[136.49872,35.75869],[136.49701,35.76086],[136.49741,35.76315],[136.49634,35.76559],[136.4931,35.76721],[136.49136,35.76952],[136.48545,35.77367],[136.48476,35.77473],[136.48564,35.77593],[136.48519,35.77667],[136.48411,35.775],[136.48255,35.77482],[136.48243,35.77428],[136.48091,35.77382],[136.4774,35.77418],[136.47426,35.77285],[136.46742,35.77329],[136.46374,35.77605],[136.46173,35.77868],[136.46033,35.77917],[136.45559,35.7779],[136.45389,35.77661],[136.45061,35.77635],[136.44853,35.77483],[136.44649,35.77406],[136.44581,35.77298],[136.44137,35.77515],[136.43878,35.77445],[136.43661,35.77491],[136.43531,35.77436],[136.43066,35.77501],[136.42922,35.7764],[136.42428,35.77821],[136.42322,35.78005],[136.41901,35.7823],[136.41582,35.7823],[136.41634,35.78401],[136.41602,35.78468],[136.41742,35.78594],[136.41948,35.78683],[136.42085,35.79049],[136.42276,35.79324],[136.42411,35.79389],[136.42624,35.79381],[136.43051,35.79723],[136.43103,35.7981],[136.43068,35.80063],[136.43108,35.80253],[136.43273,35.80395],[136.43326,35.80523],[136.43272,35.80731],[136.4305,35.80791],[136.42701,35.80979],[136.42568,35.81175],[136.42322,35.81312],[136.42251,35.81827],[136.42272,35.82067],[136.42643,35.82305],[136.42831,35.82331],[136.42458,35.82826],[136.42338,35.83293],[136.42362,35.83415],[136.42552,35.83618],[136.42706,35.83623],[136.42833,35.83778],[136.42898,35.83943],[136.42866,35.84082],[136.4316,35.84724],[136.43168,35.84869],[136.43109,35.8503],[136.43231,35.85069],[136.43302,35.84996],[136.43554,35.8496],[136.43647,35.85003],[136.43338,35.85171],[136.43212,35.85266],[136.43147,35.85415],[136.42977,35.8549],[136.42764,35.85881],[136.42948,35.86079],[136.42914,35.86301],[136.43236,35.86422],[136.43489,35.86717],[136.43511,35.86967],[136.43323,35.87229],[136.43636,35.87356],[136.43709,35.87559],[136.43989,35.87809],[136.43918,35.88083],[136.43953,35.8844],[136.43924,35.88603],[136.43624,35.88604],[136.43482,35.88809],[136.43287,35.88873],[136.43236,35.88952],[136.43177,35.89235],[136.4324,35.89604],[136.43574,35.90035],[136.43737,35.90093],[136.4386,35.90246],[136.43816,35.90411],[136.43912,35.90897],[136.44358,35.91012],[136.44741,35.91044],[136.4486,35.91113],[136.45029,35.9132],[136.45119,35.9128],[136.4556,35.91347],[136.45703,35.91461],[136.45831,35.91675],[136.46013,35.91776],[136.46044,35.91867],[136.46009,35.92006],[136.4615,35.9212],[136.46229,35.92155],[136.4671,35.92132],[136.46657,35.9225],[136.46326,35.9261],[136.46173,35.92696],[136.45859,35.92753],[136.4545,35.92913],[136.45335,35.93124],[136.45459,35.93176],[136.45725,35.93118],[136.45813,35.93217],[136.46079,35.93279],[136.46349,35.93259],[136.46439,35.93306],[136.46144,35.93885],[136.46215,35.94007],[136.4613,35.94149],[136.46185,35.94476],[136.46535,35.94973],[136.46543,35.95043],[136.46438,35.95212],[136.46217,35.95348],[136.45599,35.95499],[136.45437,35.9595],[136.45487,35.96188],[136.45587,35.9637],[136.45587,35.96509],[136.45712,35.96732],[136.4556,35.96991],[136.45305,35.97176],[136.45204,35.97396],[136.45221,35.97966],[136.4499,35.98112],[136.44869,35.98342],[136.44882,35.98559],[136.4526,35.9871],[136.45339,35.98875],[136.4548,35.98958],[136.45635,35.99191],[136.45144,35.99691],[136.45275,35.99983]]]}},{"type":"Feature","properties":{"id":"muni-18206","name":"勝山市"},"geometry":{"type":"Polygon","coordinates":[[[136.43879,36.0752],[136.42963,36.07624],[136.40964,36.08035],[136.39679,36.08471],[136.39171,36.08705],[136.38832,36.08771],[136.38843,36.0909],[136.39239,36.09077],[136.39328,36.09152],[136.39562,36.09213],[136.39658,36.09382],[136.39837,36.09531],[136.39864,36.09621],[136.40416,36.09926],[136.40282,36.10099],[136.40218,36.10309],[136.40265,36.10518],[136.40124,36.10612],[136.39993,36.10633],[136.39834,36.10865],[136.39882,36.11171],[136.39692,36.11358],[136.39115,36.11633],[136.39158,36.11941],[136.39117,36.12058],[136.39253,36.12495],[136.3992,36.12483],[136.40231,36.12798],[136.40707,36.12828],[136.41609,36.13129],[136.41818,36.13157],[136.41947,36.13231],[136.42521,36.13359],[136.42924,36.13217],[136.43082,36.13324],[136.43274,36.13331],[136.434,36.1343],[136.43775,36.13375],[136.43982,36.13506],[136.44039,36.13731],[136.44171,36.13729],[136.44249,36.1383],[136.44546,36.13988],[136.44855,36.14075],[136.45166,36.13823],[136.4543,36.13766],[136.4563,36.13635],[136.46139,36.13672],[136.46438,36.13795],[136.46533,36.14059],[136.46628,36.14182],[136.46772,36.14231],[136.47064,36.14589],[136.47217,36.14668],[136.47406,36.14658],[136.47476,36.14796],[136.47547,36.1483],[136.47717,36.15164],[136.48154,36.15462],[136.48277,36.15582],[136.48295,36.15679],[136.48606,36.15756],[136.4877,36.15883],[136.48954,36.15906],[136.49165,36.15847],[136.49334,36.15645],[136.49667,36.14972],[136.50084,36.15007],[136.50345,36.14967],[136.50403,36.14941],[136.50484,36.1471],[136.50645,36.14658],[136.51159,36.14626],[136.51443,36.14854],[136.51843,36.14956],[136.52151,36.15141],[136.52445,36.1503],[136.52642,36.14835],[136.52989,36.14895],[136.53074,36.14755],[136.53265,36.14744],[136.53401,36.14944],[136.53751,36.15028],[136.53826,36.15241],[136.53987,36.1534],[136.54146,36.15367],[136.54643,36.15302],[136.5491,36.15467],[136.55173,36.15476],[136.55512,36.15299],[136.55995,36.15308],[136.56311,36.14571],[136.56316,36.14461],[136.5656,36.14405],[136.56879,36.14447],[136.5709,36.14341],[136.57377,36.14298],[136.57468,36.14228],[136.5763,36.14224],[136.57736,36.14131],[136.57869,36.13848],[136.57982,36.138],[136.58036,36.1368],[136.58548,36.13597],[136.5857,36.13504],[136.58676,36.13392],[136.58677,36.13289],[136.58871,36.13239],[136.59058,36.13101],[136.59541,36.13196],[136.59682,36.1307],[136.59982,36.13047],[136.60141,36.12961],[136.60325,36.12788],[136.60286,36.12662],[136.60462,36.12464],[136.60415,36.12241],[136.60556,36.12135],[136.60552,36.12058],[136.60796,36.11939],[136.60842,36.11867],[136.60977,36.11833],[136.61121,36.11687],[136.61216,36.11671],[136.61267,36.11453],[136.61123,36.1127],[136.61202,36.11149],[136.6132,36.11146],[136.6148,36.10802],[136.61647,36.10757],[136.61741,36.10662],[136.62236,36.10629],[136.62542,36.10393],[136.62712,36.10373],[136.62941,36.10254],[136.62956,36.10166],[136.6323,36.09928],[136.63509,36.09895],[136.63618,36.0983],[136.63919,36.09901],[136.64042,36.09867],[136.64347,36.09705],[136.64661,36.09394],[136.65134,36.09203],[136.65147,36.08972],[136.65268,36.08844],[136.65316,36.08641],[136.65456,36.08503],[136.65681,36.08418],[136.65704,36.08321],[136.65612,36.0809],[136.65626,36.07948],[136.65477,36.07767],[136.65537,36.07562],[136.65748,36.07457],[136.65882,36.07068],[136.65841,36.06962],[136.65689,36.06952],[136.65346,36.06793],[136.64941,36.06718],[136.64594,36.06475],[136.64217,36.06407],[136.63745,36.06191],[136.6369,36.06019],[136.63502,36.05923],[136.63423,36.05798],[136.63475,36.0565],[136.63291,36.05529],[136.63196,36.05387],[136.62923,36.05355],[136.62522,36.05169],[136.62528,36.04992],[136.62255,36.04766],[136.62168,36.04618],[136.61917,36.04593],[136.61805,36.04513],[136.61378,36.04427],[136.61263,36.04338],[136.6118,36.04037],[136.61037,36.03851],[136.5994,36.03823],[136.59607,36.03682],[136.59404,36.03538],[136.59235,36.03511],[136.58839,36.03306],[136.58636,36.03044],[136.58419,36.0288],[136.58237,36.02827],[136.58119,36.02642],[136.57816,36.02385],[136.57718,36.0233],[136.57362,36.02334],[136.56896,36.01797],[136.56828,36.01541],[136.56803,36.0112],[136.56744,36.01043],[136.56416,36.00996],[136.56307,36.00905],[136.56137,36.00885],[136.55925,36.01079],[136.55697,36.0107],[136.55163,36.01187],[136.55026,36.01115],[136.54975,36.00972],[136.54569,36.00863],[136.54382,36.00683],[136.54058,36.00982],[136.53466,36.01343],[136.52477,36.01755],[136.51711,36.02191],[136.51627,36.02179],[136.51704,36.01991],[136.51601,36.01758],[136.51402,36.01848],[136.51111,36.01844],[136.51037,36.0192],[136.50921,36.01942],[136.50706,36.01909],[136.50337,36.01951],[136.50092,36.02163],[136.49845,36.02254],[136.49643,36.0252],[136.48976,36.02603],[136.48435,36.02567],[136.47972,36.02625],[136.47519,36.02885],[136.47177,36.02837],[136.47016,36.02706],[136.46815,36.02278],[136.46732,36.0184],[136.46578,36.01813],[136.46377,36.01696],[136.45781,36.01641],[136.45654,36.01788],[136.45193,36.01827],[136.4494,36.02018],[136.44602,36.02121],[136.44529,36.02219],[136.44475,36.02562],[136.44276,36.02693],[136.44231,36.03042],[136.4413,36.03213],[136.4397,36.03283],[136.43951,36.03405],[136.43524,36.03891],[136.43421,36.03989],[136.4327,36.04037],[136.43283,36.04193],[136.4319,36.04327],[136.43271,36.04572],[136.43565,36.05018],[136.43375,36.05095],[136.43308,36.05179],[136.43327,36.05275],[136.43246,36.05437],[136.43257,36.0579],[136.43311,36.05863],[136.4344,36.059],[136.43438,36.06075],[136.43604,36.06179],[136.43718,36.0642],[136.4382,36.06519],[136.43821,36.06641],[136.43959,36.06978],[136.43868,36.07301],[136.43879,36.0752]]]}},{"type":"Feature","properties":{"id":"muni-18207","name":"鯖江市"},"geometry":{"type":"Polygon","coordinates":[[[136.15554,35.99347],[136.16133,35.99391],[136.16021,35.99611],[136.15744,35.99596],[136.15865,35.99832],[136.16069,35.99813],[136.16047,35.997],[136.16381,35.99655],[136.16459,35.99683],[136.16611,35.99611],[136.1679,35.99786],[136.16925,35.99787],[136.17672,36.00016],[136.1804,35.99954],[136.18062,35.99889],[136.17967,35.99797],[136.17934,35.99688],[136.1796,35.99559],[136.17906,35.99477],[136.18059,35.99397],[136.18112,35.99312],[136.18226,35.9932],[136.18391,35.99217],[136.18513,35.9921],[136.18506,35.99038],[136.18658,35.98933],[136.18925,35.99072],[136.19041,35.99031],[136.19054,35.99073],[136.19163,35.99041],[136.19106,35.98979],[136.19384,35.98923],[136.19458,35.99087],[136.20655,35.98579],[136.2062,35.98496],[136.20566,35.98512],[136.20415,35.98156],[136.20473,35.98138],[136.20449,35.98081],[136.20509,35.98064],[136.20448,35.97917],[136.20515,35.97895],[136.20394,35.97798],[136.20512,35.97749],[136.20503,35.97702],[136.20458,35.97634],[136.20388,35.97718],[136.20344,35.97618],[136.20164,35.97596],[136.20126,35.97427],[136.20428,35.9735],[136.20551,35.97118],[136.20611,35.97094],[136.2074,35.97076],[136.20771,35.97341],[136.20868,35.97459],[136.20886,35.976],[136.20971,35.97724],[136.21354,35.97843],[136.21521,35.98048],[136.21503,35.98321],[136.21896,35.98462],[136.21986,35.98788],[136.22149,35.98824],[136.22214,35.98926],[136.22329,35.98963],[136.2239,35.9904],[136.22705,35.9895],[136.2292,35.99038],[136.22935,35.99097],[136.23228,35.99064],[136.23228,35.98986],[136.23359,35.98835],[136.23507,35.98791],[136.23654,35.98512],[136.23876,35.98342],[136.24018,35.98338],[136.2431,35.9822],[136.24385,35.98237],[136.24739,35.98098],[136.24919,35.98193],[136.25436,35.97944],[136.25608,35.98007],[136.25893,35.97981],[136.25935,35.98032],[136.2624,35.97898],[136.26462,35.97949],[136.2673,35.97793],[136.27131,35.97824],[136.27134,35.97675],[136.2724,35.97563],[136.27377,35.97517],[136.27482,35.97213],[136.28241,35.97176],[136.28484,35.97372],[136.28713,35.9727],[136.29038,35.97406],[136.29446,35.97147],[136.29666,35.97105],[136.29719,35.97051],[136.29734,35.9693],[136.30023,35.96857],[136.30167,35.96568],[136.30313,35.9645],[136.30743,35.96476],[136.31221,35.96615],[136.31532,35.96417],[136.31778,35.96434],[136.31708,35.96199],[136.31815,35.96054],[136.31765,35.95806],[136.32008,35.95786],[136.32288,35.95682],[136.3225,35.95375],[136.3229,35.95343],[136.32243,35.95269],[136.32302,35.95181],[136.32622,35.95147],[136.32785,35.95034],[136.32896,35.95081],[136.32971,35.95213],[136.33028,35.95181],[136.33256,35.95228],[136.33313,35.95113],[136.33616,35.95154],[136.33657,35.95118],[136.33602,35.94878],[136.33489,35.94757],[136.33492,35.94673],[136.33335,35.9455],[136.33127,35.9428],[136.33193,35.94055],[136.33404,35.93933],[136.33324,35.937],[136.33408,35.9352],[136.33339,35.93414],[136.33422,35.93035],[136.33356,35.92968],[136.33373,35.92878],[136.3306,35.92847],[136.32417,35.92969],[136.32192,35.93305],[136.31997,35.93401],[136.31966,35.93518],[136.31718,35.93634],[136.31709,35.93751],[136.31414,35.93715],[136.31257,35.93929],[136.31008,35.94023],[136.30975,35.94093],[136.31011,35.94141],[136.30937,35.94244],[136.30465,35.94326],[136.30359,35.94269],[136.29985,35.94446],[136.29643,35.94299],[136.29578,35.94356],[136.28934,35.94517],[136.28785,35.94401],[136.28588,35.94322],[136.28428,35.94316],[136.28192,35.94162],[136.27708,35.9409],[136.27591,35.94094],[136.27485,35.9416],[136.27229,35.94171],[136.26729,35.94061],[136.26418,35.94076],[136.26356,35.94117],[136.26155,35.94091],[136.25517,35.94315],[136.25335,35.94287],[136.25136,35.94153],[136.24886,35.9438],[136.24891,35.94872],[136.24035,35.94842],[136.24041,35.94446],[136.23682,35.94444],[136.23664,35.94509],[136.23587,35.9448],[136.23186,35.94071],[136.22562,35.93824],[136.22592,35.93373],[136.22572,35.93244],[136.22469,35.93082],[136.22367,35.93066],[136.22198,35.93202],[136.22004,35.93203],[136.21911,35.93302],[136.21799,35.93267],[136.21736,35.93038],[136.21672,35.93036],[136.21677,35.92946],[136.21625,35.92937],[136.20087,35.92891],[136.20091,35.93085],[136.17785,35.93035],[136.17779,35.92967],[136.17729,35.93],[136.17642,35.92944],[136.17643,35.92859],[136.17895,35.92867],[136.1785,35.92945],[136.17907,35.9295],[136.17904,35.92786],[136.17848,35.92665],[136.17565,35.92644],[136.17526,35.93652],[136.16895,35.93616],[136.16782,35.93707],[136.16635,35.93708],[136.16612,35.94015],[136.16079,35.94022],[136.16074,35.93608],[136.15108,35.93602],[136.15005,35.93629],[136.15078,35.9375],[136.15036,35.93775],[136.14948,35.93672],[136.14827,35.9364],[136.14457,35.93716],[136.14292,35.93822],[136.14026,35.93773],[136.13868,35.93466],[136.13598,35.93269],[136.1326,35.93311],[136.13058,35.9358],[136.12711,35.93873],[136.12641,35.94027],[136.12447,35.94078],[136.12391,35.94276],[136.12439,35.94559],[136.12648,35.94696],[136.12747,35.94677],[136.12808,35.94733],[136.12913,35.94883],[136.12928,35.95117],[136.13157,35.95355],[136.13138,35.95434],[136.13207,35.95616],[136.13599,35.95915],[136.13572,35.9597],[136.13634,35.96088],[136.13787,35.96171],[136.13876,35.96408],[136.13833,35.96564],[136.13754,35.96561],[136.1371,35.96615],[136.13738,35.96802],[136.13862,35.9681],[136.13812,35.9687],[136.13898,35.96911],[136.13796,35.97158],[136.14122,35.97159],[136.14355,35.97383],[136.14306,35.97437],[136.14395,35.97423],[136.14601,35.97572],[136.14608,35.97632],[136.14532,35.97625],[136.14527,35.97661],[136.14726,35.97701],[136.1485,35.98011],[136.1538,35.9832],[136.15561,35.98712],[136.1557,35.98918],[136.15638,35.98924],[136.15544,35.99242],[136.15554,35.99347]]]}},{"type":"Feature","properties":{"id":"muni-18208","name":"あわら市"},"geometry":{"type":"Polygon","coordinates":[[[136.19715,36.19133],[136.19523,36.18892],[136.19101,36.18959],[136.19039,36.18993],[136.1906,36.19266],[136.19017,36.19294],[136.18282,36.19273],[136.18275,36.19344],[136.18041,36.19325],[136.18035,36.19412],[136.17845,36.19433],[136.17876,36.19499],[136.17781,36.19524],[136.17823,36.19689],[136.17603,36.19728],[136.17625,36.19811],[136.17276,36.1987],[136.17384,36.2029],[136.17295,36.20305],[136.17307,36.20352],[136.1726,36.20359],[136.17288,36.20658],[136.17466,36.20617],[136.1751,36.20778],[136.17616,36.20758],[136.17637,36.20835],[136.17588,36.20872],[136.17658,36.20981],[136.17547,36.21013],[136.17572,36.21124],[136.16892,36.21213],[136.16838,36.21182],[136.16786,36.20935],[136.16662,36.20941],[136.16682,36.21236],[136.1678,36.21492],[136.16967,36.21643],[136.17203,36.21645],[136.17412,36.21725],[136.17407,36.21842],[136.17443,36.21871],[136.17496,36.21837],[136.1757,36.22018],[136.17495,36.22182],[136.18205,36.224],[136.18194,36.22311],[136.18375,36.22287],[136.1841,36.22611],[136.18464,36.22608],[136.18495,36.22839],[136.18433,36.22814],[136.18441,36.2288],[136.18279,36.22868],[136.18112,36.23161],[136.18411,36.23144],[136.18389,36.23327],[136.18466,36.23326],[136.1865,36.23162],[136.18656,36.23008],[136.1889,36.23093],[136.18857,36.23307],[136.18912,36.23407],[136.19019,36.23354],[136.1906,36.23423],[136.19352,36.23421],[136.19467,36.23344],[136.19602,36.23511],[136.19606,36.2375],[136.19658,36.2376],[136.19579,36.23885],[136.19474,36.23851],[136.19402,36.24],[136.19489,36.24029],[136.1943,36.24155],[136.19541,36.24236],[136.19696,36.24436],[136.19674,36.24469],[136.20024,36.24617],[136.19837,36.24848],[136.19616,36.25018],[136.1955,36.25145],[136.19369,36.25014],[136.19174,36.25173],[136.19105,36.25161],[136.18884,36.24945],[136.18801,36.25005],[136.1857,36.24908],[136.18564,36.25001],[136.1844,36.24992],[136.18476,36.24846],[136.18447,36.2482],[136.1813,36.25053],[136.18305,36.25156],[136.18349,36.25254],[136.18319,36.25277],[136.18476,36.25463],[136.1841,36.25591],[136.18537,36.25648],[136.18427,36.25824],[136.19983,36.26641],[136.20065,36.26572],[136.2001,36.26649],[136.20152,36.2674],[136.21528,36.27471],[136.22624,36.2813],[136.23632,36.28826],[136.24194,36.29314],[136.24289,36.29432],[136.24242,36.29658],[136.24351,36.29484],[136.24672,36.29324],[136.25346,36.29039],[136.25421,36.29078],[136.25556,36.29058],[136.25581,36.28965],[136.25779,36.28895],[136.25796,36.28847],[136.25586,36.28488],[136.25684,36.28445],[136.25739,36.28246],[136.2558,36.27967],[136.25802,36.27897],[136.25975,36.279],[136.26171,36.28067],[136.26406,36.27849],[136.26411,36.27652],[136.26256,36.27492],[136.26139,36.2745],[136.26174,36.27401],[136.26097,36.27316],[136.26223,36.27208],[136.26274,36.27251],[136.26362,36.2714],[136.26347,36.26926],[136.26577,36.26865],[136.26426,36.26661],[136.26495,36.26585],[136.26671,36.26555],[136.26687,36.26493],[136.26777,36.26462],[136.26909,36.26634],[136.27125,36.26624],[136.27217,36.26674],[136.27364,36.26567],[136.27417,36.26611],[136.27568,36.26601],[136.27711,36.26467],[136.27861,36.26503],[136.28005,36.26437],[136.28271,36.26589],[136.28354,36.26419],[136.28507,36.2635],[136.28531,36.26189],[136.2878,36.26145],[136.29045,36.26216],[136.29247,36.262],[136.2947,36.2602],[136.29536,36.26034],[136.29649,36.25889],[136.29839,36.25873],[136.29897,36.25779],[136.30196,36.25797],[136.30373,36.25476],[136.30321,36.25309],[136.30451,36.25099],[136.30842,36.24686],[136.30995,36.24717],[136.31531,36.24584],[136.31551,36.2447],[136.31721,36.24281],[136.31761,36.2409],[136.31511,36.23788],[136.31591,36.23733],[136.31686,36.2348],[136.32166,36.2328],[136.32286,36.23172],[136.32657,36.23227],[136.32843,36.23033],[136.33223,36.22966],[136.33198,36.22857],[136.32886,36.22428],[136.32905,36.22195],[136.32869,36.22144],[136.33136,36.21743],[136.33005,36.21613],[136.32962,36.21495],[136.32986,36.21322],[136.32765,36.21007],[136.32932,36.20196],[136.32778,36.20062],[136.32596,36.2003],[136.32407,36.19884],[136.32122,36.19932],[136.31991,36.19871],[136.31893,36.19749],[136.31883,36.19555],[136.31816,36.19442],[136.31706,36.19325],[136.31536,36.19277],[136.31423,36.19141],[136.31046,36.18988],[136.30765,36.19029],[136.3057,36.18837],[136.30518,36.185],[136.30447,36.18391],[136.30193,36.18393],[136.30167,36.18316],[136.29905,36.18134],[136.29726,36.17933],[136.29478,36.17882],[136.29455,36.17822],[136.29172,36.1769],[136.2868,36.17559],[136.28519,36.17454],[136.28422,36.17531],[136.2807,36.1765],[136.27983,36.17885],[136.27727,36.17781],[136.27633,36.17797],[136.27519,36.18027],[136.27457,36.17995],[136.27399,36.17864],[136.27202,36.17723],[136.26862,36.17744],[136.26832,36.17832],[136.26234,36.17831],[136.2624,36.17913],[136.26179,36.17946],[136.25891,36.1791],[136.25828,36.18161],[136.25661,36.18172],[136.25663,36.1832],[136.25507,36.18376],[136.2517,36.18378],[136.25162,36.18523],[136.24222,36.18405],[136.23908,36.18467],[136.23973,36.18384],[136.23705,36.18364],[136.23546,36.19009],[136.23637,36.19026],[136.2373,36.19142],[136.236,36.19198],[136.23653,36.19324],[136.23347,36.19338],[136.23331,36.19435],[136.23034,36.19424],[136.23049,36.19519],[136.22921,36.19551],[136.22909,36.1967],[136.22337,36.1966],[136.22296,36.19404],[136.21941,36.1936],[136.21861,36.19196],[136.21767,36.19252],[136.21547,36.19238],[136.21597,36.19022],[136.21502,36.19009],[136.21518,36.18942],[136.21449,36.1893],[136.2146,36.18889],[136.2131,36.1887],[136.21255,36.18981],[136.21088,36.19024],[136.21074,36.19207],[136.19715,36.19133]]]}},{"type":"Feature","properties":{"id":"muni-18209","name":"越前市"},"geometry":{"type":"Polygon","coordinates":[[[136.09382,35.8436],[136.09063,35.84401],[136.08521,35.84274],[136.08225,35.84342],[136.08065,35.84532],[136.07971,35.84572],[136.07957,35.84784],[136.0769,35.84994],[136.0734,35.84952],[136.06928,35.84813],[136.06804,35.8487],[136.06698,35.84813],[136.06443,35.84844],[136.06323,35.84785],[136.0613,35.84883],[136.05922,35.84899],[136.05704,35.84745],[136.05486,35.85085],[136.05399,35.85528],[136.05664,35.85948],[136.05633,35.86021],[136.05435,35.86084],[136.04862,35.85975],[136.04694,35.86057],[136.0449,35.86052],[136.04374,35.86178],[136.04263,35.86179],[136.0421,35.8623],[136.04063,35.86654],[136.03609,35.86869],[136.03471,35.87051],[136.03145,35.87111],[136.02926,35.87254],[136.02175,35.87473],[136.02138,35.87647],[136.02027,35.87668],[136.0191,35.87999],[136.01944,35.88071],[136.01899,35.88293],[136.01993,35.88401],[136.01885,35.88507],[136.01957,35.88619],[136.01859,35.88804],[136.02049,35.88892],[136.02054,35.89213],[136.01993,35.89355],[136.02004,35.8946],[136.02312,35.89596],[136.02415,35.89884],[136.02398,35.90038],[136.02512,35.90237],[136.02595,35.90265],[136.02737,35.90042],[136.02834,35.9001],[136.03716,35.90377],[136.03833,35.9034],[136.04235,35.90395],[136.04366,35.90672],[136.04389,35.90856],[136.04327,35.90942],[136.04402,35.91114],[136.04388,35.91268],[136.04804,35.91709],[136.05465,35.91784],[136.0556,35.91821],[136.05647,35.91949],[136.05832,35.91901],[136.05821,35.9182],[136.06124,35.91709],[136.0644,35.91826],[136.06628,35.91743],[136.06771,35.91781],[136.06915,35.91732],[136.07287,35.91931],[136.07346,35.92177],[136.0742,35.92217],[136.07424,35.9232],[136.07532,35.92314],[136.07692,35.92385],[136.07665,35.92459],[136.07815,35.92529],[136.07836,35.92618],[136.07953,35.92622],[136.08282,35.92397],[136.08542,35.92299],[136.08433,35.92189],[136.08525,35.92072],[136.08686,35.92146],[136.08804,35.9231],[136.08843,35.92292],[136.093,35.91704],[136.09251,35.9123],[136.09286,35.9114],[136.09391,35.91066],[136.09576,35.91019],[136.10021,35.91033],[136.10357,35.91227],[136.10559,35.9116],[136.10643,35.91074],[136.10854,35.91254],[136.11049,35.91316],[136.11154,35.91271],[136.11278,35.91132],[136.11683,35.91102],[136.11667,35.91258],[136.11721,35.91355],[136.11685,35.91506],[136.11744,35.91607],[136.11894,35.91696],[136.12297,35.91549],[136.12543,35.91671],[136.12871,35.92004],[136.12885,35.92115],[136.1282,35.92274],[136.12853,35.92479],[136.13291,35.92506],[136.13308,35.92595],[136.13208,35.92647],[136.13266,35.93062],[136.13388,35.93127],[136.13458,35.93271],[136.13598,35.93269],[136.13868,35.93466],[136.14026,35.93773],[136.14272,35.93822],[136.14457,35.93716],[136.14827,35.9364],[136.14948,35.93672],[136.15036,35.93775],[136.15078,35.9375],[136.15005,35.93629],[136.15108,35.93602],[136.16074,35.93608],[136.16079,35.94022],[136.16612,35.94015],[136.16635,35.93708],[136.16782,35.93707],[136.16895,35.93616],[136.17526,35.93652],[136.17565,35.92644],[136.17848,35.92665],[136.17904,35.92786],[136.17907,35.9295],[136.1785,35.92945],[136.17895,35.92867],[136.17643,35.92859],[136.17642,35.92944],[136.17729,35.93],[136.17779,35.92967],[136.17785,35.93035],[136.20091,35.93085],[136.20087,35.92891],[136.20898,35.92944],[136.21055,35.92898],[136.21329,35.92903],[136.21677,35.92946],[136.21672,35.93036],[136.21736,35.93038],[136.21799,35.93267],[136.21911,35.93302],[136.21979,35.93213],[136.22198,35.93202],[136.22407,35.93067],[136.22469,35.93082],[136.22572,35.93244],[136.22605,35.93517],[136.22552,35.93574],[136.22593,35.93753],[136.22562,35.93824],[136.23186,35.94071],[136.23587,35.9448],[136.23664,35.94509],[136.23682,35.94444],[136.24041,35.94446],[136.24035,35.94842],[136.24891,35.94872],[136.24886,35.9438],[136.25136,35.94153],[136.25335,35.94287],[136.25517,35.94315],[136.26155,35.94091],[136.26356,35.94117],[136.26418,35.94076],[136.26729,35.94061],[136.27229,35.94171],[136.27485,35.9416],[136.27591,35.94094],[136.27708,35.9409],[136.28192,35.94162],[136.28428,35.94316],[136.28588,35.94322],[136.28785,35.94401],[136.28934,35.94517],[136.29578,35.94356],[136.29643,35.94299],[136.29985,35.94446],[136.30359,35.94269],[136.30465,35.94326],[136.30937,35.94244],[136.31011,35.94141],[136.30975,35.94093],[136.31008,35.94023],[136.31257,35.93929],[136.31414,35.93715],[136.31709,35.93751],[136.31718,35.93634],[136.31966,35.93518],[136.31997,35.93401],[136.32192,35.93305],[136.32417,35.92969],[136.3306,35.92847],[136.33373,35.92878],[136.33415,35.92795],[136.33353,35.92457],[136.32873,35.92142],[136.32433,35.91983],[136.31916,35.92113],[136.31489,35.92076],[136.31336,35.92025],[136.3124,35.91861],[136.31084,35.91749],[136.31083,35.91539],[136.30968,35.91413],[136.31245,35.91286],[136.31393,35.91273],[136.31521,35.91095],[136.31514,35.90766],[136.3161,35.9067],[136.31466,35.9056],[136.31336,35.90539],[136.31198,35.9039],[136.31073,35.90129],[136.31013,35.89775],[136.30876,35.89632],[136.30918,35.89501],[136.31223,35.89292],[136.31115,35.89064],[136.31235,35.88858],[136.31067,35.88659],[136.30678,35.88376],[136.30702,35.88175],[136.30482,35.8803],[136.30632,35.87785],[136.30382,35.87418],[136.29939,35.87329],[136.29842,35.87163],[136.29622,35.87001],[136.29581,35.8689],[136.29378,35.86678],[136.29086,35.86614],[136.28782,35.86682],[136.28708,35.86648],[136.28554,35.86444],[136.27933,35.86564],[136.27731,35.86545],[136.27694,35.86423],[136.27534,35.86329],[136.27476,35.86174],[136.27323,35.86062],[136.27267,35.85741],[136.26847,35.85279],[136.26781,35.85109],[136.26676,35.85042],[136.26601,35.84837],[136.26402,35.84768],[136.26138,35.8446],[136.25999,35.84433],[136.25921,35.84328],[136.2562,35.84216],[136.25502,35.84269],[136.25199,35.8424],[136.25044,35.84354],[136.24907,35.84538],[136.24681,35.84569],[136.24439,35.84462],[136.24274,35.84487],[136.24082,35.84576],[136.23712,35.84868],[136.2341,35.84978],[136.23234,35.8519],[136.23037,35.85332],[136.22606,35.85386],[136.2236,35.85576],[136.22111,35.85617],[136.21835,35.85592],[136.21382,35.85771],[136.21005,35.85681],[136.20894,35.85734],[136.20769,35.85915],[136.20625,35.86004],[136.19819,35.85833],[136.19635,35.85742],[136.19465,35.858],[136.19179,35.85769],[136.19055,35.85821],[136.18185,35.85619],[136.18131,35.85715],[136.18086,35.8571],[136.18095,35.85501],[136.17741,35.85299],[136.17675,35.85162],[136.1756,35.85121],[136.17492,35.85032],[136.17584,35.84957],[136.1752,35.84806],[136.17531,35.84605],[136.17478,35.84386],[136.17383,35.84324],[136.17274,35.84331],[136.16651,35.83831],[136.16606,35.83719],[136.16291,35.83552],[136.16086,35.83517],[136.16046,35.83451],[136.1588,35.83387],[136.15801,35.83276],[136.15952,35.83116],[136.15851,35.82916],[136.15834,35.82702],[136.15797,35.8263],[136.15647,35.82578],[136.15549,35.82252],[136.15365,35.82027],[136.15316,35.81881],[136.15323,35.8168],[136.14718,35.81439],[136.14672,35.8134],[136.14547,35.81262],[136.14275,35.8123],[136.13869,35.80807],[136.13429,35.81032],[136.13505,35.81188],[136.13401,35.81551],[136.13227,35.81723],[136.13235,35.81989],[136.13122,35.82121],[136.13057,35.82398],[136.12982,35.82466],[136.13129,35.82642],[136.13176,35.82789],[136.13028,35.83137],[136.1294,35.83236],[136.12979,35.83336],[136.12801,35.83877],[136.12926,35.84085],[136.12749,35.84172],[136.1271,35.84283],[136.12489,35.8433],[136.12326,35.84426],[136.12082,35.84406],[136.11927,35.84551],[136.11531,35.84693],[136.11271,35.8454],[136.10848,35.84408],[136.10719,35.84238],[136.10503,35.84151],[136.10291,35.84155],[136.10159,35.84287],[136.09903,35.84428],[136.09716,35.8444],[136.09382,35.8436]]]}},{"type":"Feature","properties":{"id":"muni-18210","name":"坂井市"},"geometry":{"type":"Polygon","coordinates":[[[136.11698,36.25002],[136.11755,36.25292],[136.11901,36.25285],[136.11929,36.25347],[136.12012,36.25306],[136.12072,36.25352],[136.12046,36.25389],[136.12087,36.25342],[136.121,36.25089],[136.12323,36.24967],[136.12522,36.25058],[136.1251,36.25093],[136.12547,36.25063],[136.12682,36.25101],[136.12786,36.25049],[136.12899,36.25107],[136.13086,36.25118],[136.13142,36.25079],[136.13258,36.25122],[136.13217,36.25167],[136.13374,36.25166],[136.13522,36.25072],[136.13794,36.25045],[136.13975,36.251],[136.13973,36.25204],[136.14036,36.2522],[136.14078,36.25339],[136.14098,36.25276],[136.14323,36.25289],[136.14307,36.25417],[136.14347,36.25272],[136.14451,36.25329],[136.14376,36.25286],[136.14439,36.25168],[136.14565,36.2518],[136.14604,36.25346],[136.14464,36.25377],[136.14721,36.2536],[136.14769,36.25442],[136.14669,36.25526],[136.1472,36.25561],[136.14764,36.25455],[136.1478,36.25506],[136.14874,36.25477],[136.14856,36.2555],[136.14883,36.25535],[136.14906,36.2549],[136.14858,36.25407],[136.14956,36.25299],[136.14942,36.2526],[136.15102,36.25247],[136.1536,36.25361],[136.15596,36.25123],[136.15771,36.25016],[136.15857,36.25023],[136.15859,36.24974],[136.15886,36.24924],[136.15864,36.24997],[136.16297,36.25002],[136.17016,36.25173],[136.18427,36.25824],[136.18537,36.25648],[136.1841,36.25591],[136.18476,36.25463],[136.18319,36.25277],[136.18349,36.25254],[136.18305,36.25156],[136.1813,36.25053],[136.18447,36.2482],[136.18476,36.24846],[136.1844,36.24992],[136.18564,36.25001],[136.1857,36.24908],[136.18801,36.25005],[136.18884,36.24945],[136.19105,36.25161],[136.19174,36.25173],[136.19369,36.25014],[136.1955,36.25145],[136.19616,36.25018],[136.19837,36.24848],[136.20025,36.24623],[136.19674,36.24469],[136.19696,36.24436],[136.19541,36.24236],[136.1943,36.24155],[136.19489,36.24029],[136.19402,36.24],[136.19474,36.23851],[136.19579,36.23885],[136.19645,36.23822],[136.1959,36.23489],[136.19464,36.23342],[136.19352,36.23421],[136.1906,36.23423],[136.19019,36.23354],[136.18912,36.23407],[136.18857,36.23307],[136.1889,36.23093],[136.18671,36.23011],[136.1865,36.23162],[136.18466,36.23326],[136.18389,36.23327],[136.18411,36.23144],[136.18112,36.23161],[136.18279,36.22868],[136.18441,36.2288],[136.18433,36.22814],[136.18495,36.22839],[136.18464,36.22608],[136.1841,36.22611],[136.18375,36.22287],[136.18194,36.22311],[136.18205,36.224],[136.17495,36.22182],[136.1757,36.22018],[136.17496,36.21837],[136.17443,36.21871],[136.17407,36.21842],[136.17412,36.21725],[136.17241,36.21652],[136.16919,36.21619],[136.16766,36.2147],[136.16688,36.2126],[136.16662,36.20941],[136.16786,36.20935],[136.16838,36.21182],[136.16892,36.21213],[136.17572,36.21124],[136.17547,36.21013],[136.17658,36.20981],[136.17588,36.20872],[136.17637,36.20835],[136.17616,36.20758],[136.1751,36.20778],[136.17466,36.20617],[136.17288,36.20658],[136.1726,36.20359],[136.17307,36.20352],[136.17295,36.20305],[136.17384,36.2029],[136.17276,36.1987],[136.17625,36.19811],[136.17603,36.19728],[136.17823,36.19689],[136.17781,36.19524],[136.17876,36.19499],[136.17845,36.19433],[136.18035,36.19412],[136.18041,36.19325],[136.18275,36.19344],[136.18282,36.19273],[136.19017,36.19294],[136.1906,36.19266],[136.19039,36.18993],[136.19523,36.18892],[136.19613,36.1895],[136.19615,36.19026],[136.19674,36.19027],[136.19698,36.1913],[136.21074,36.19207],[136.21088,36.19024],[136.21255,36.18981],[136.2131,36.1887],[136.2146,36.18889],[136.21449,36.1893],[136.21518,36.18942],[136.21502,36.19009],[136.21597,36.19022],[136.21547,36.19238],[136.21767,36.19252],[136.21861,36.19196],[136.21941,36.1936],[136.22296,36.19404],[136.22337,36.1966],[136.22909,36.1967],[136.22921,36.19551],[136.23049,36.19519],[136.23034,36.19424],[136.23331,36.19435],[136.23347,36.19338],[136.23653,36.19324],[136.236,36.19198],[136.2373,36.19142],[136.23637,36.19026],[136.23546,36.19009],[136.23705,36.18364],[136.23973,36.18384],[136.23908,36.18467],[136.24222,36.18405],[136.25162,36.18523],[136.2517,36.18378],[136.25507,36.18376],[136.25663,36.1832],[136.25661,36.18172],[136.25828,36.18161],[136.25891,36.1791],[136.26179,36.17946],[136.2624,36.17913],[136.26234,36.17831],[136.26832,36.17832],[136.26862,36.17744],[136.27202,36.17723],[136.27399,36.17864],[136.27457,36.17995],[136.27519,36.18027],[136.27633,36.17797],[136.27727,36.17781],[136.27983,36.17885],[136.2807,36.1765],[136.28422,36.17531],[136.28519,36.17454],[136.2868,36.17559],[136.29172,36.1769],[136.29455,36.17822],[136.29478,36.17882],[136.29726,36.17933],[136.29905,36.18134],[136.30167,36.18316],[136.30193,36.18393],[136.30447,36.18391],[136.30518,36.185],[136.3057,36.18837],[136.30765,36.19029],[136.31046,36.18988],[136.31423,36.19141],[136.31536,36.19277],[136.31706,36.19325],[136.31816,36.19442],[136.31883,36.19555],[136.31893,36.19749],[136.31991,36.19871],[136.32122,36.19932],[136.32407,36.19884],[136.32596,36.2003],[136.32778,36.20062],[136.32932,36.20196],[136.33161,36.20072],[136.33246,36.1979],[136.33214,36.19716],[136.3331,36.19534],[136.33599,36.19461],[136.33684,36.19101],[136.33679,36.18848],[136.33546,36.18528],[136.33602,36.18448],[136.3377,36.18379],[136.33921,36.18148],[136.33932,36.18011],[136.34052,36.17911],[136.34154,36.17708],[136.34208,36.17485],[136.34421,36.17288],[136.34623,36.17228],[136.35129,36.16939],[136.35494,36.16896],[136.35749,36.1657],[136.35869,36.16531],[136.36569,36.16606],[136.36673,36.16701],[136.36732,36.16875],[136.3687,36.16989],[136.37378,36.17007],[136.37927,36.16828],[136.38093,36.16882],[136.38656,36.1673],[136.38995,36.16741],[136.39435,36.16888],[136.39782,36.17071],[136.40526,36.17036],[136.40929,36.17221],[136.41044,36.17004],[136.41211,36.16933],[136.4133,36.16676],[136.41217,36.1641],[136.4119,36.16136],[136.41126,36.16035],[136.41287,36.15946],[136.4141,36.15675],[136.42041,36.15477],[136.42439,36.15447],[136.42676,36.15112],[136.42667,36.14944],[136.42772,36.14732],[136.42976,36.14615],[136.43167,36.14346],[136.43785,36.14229],[136.43859,36.14175],[136.43857,36.1401],[136.44039,36.13731],[136.43982,36.13506],[136.43775,36.13375],[136.434,36.1343],[136.43274,36.13331],[136.43082,36.13324],[136.42924,36.13217],[136.42545,36.13363],[136.41947,36.13231],[136.41818,36.13157],[136.41609,36.13129],[136.40707,36.12828],[136.40231,36.12798],[136.40097,36.12629],[136.39886,36.12479],[136.39618,36.12512],[136.39539,36.12473],[136.39372,36.12519],[136.39105,36.12471],[136.38954,36.1255],[136.38689,36.12561],[136.38577,36.12665],[136.38389,36.12683],[136.3756,36.12589],[136.3716,36.12992],[136.36942,36.12927],[136.36705,36.12933],[136.36546,36.12858],[136.36189,36.12869],[136.36011,36.12727],[136.3604,36.12542],[136.36006,36.12438],[136.35842,36.12113],[136.3574,36.12066],[136.35652,36.1195],[136.35546,36.11675],[136.35325,36.11538],[136.35,36.11526],[136.34769,36.11332],[136.34594,36.11376],[136.34337,36.11081],[136.34106,36.1112],[136.33905,36.11089],[136.33724,36.11211],[136.33591,36.11239],[136.33358,36.11153],[136.3322,36.11152],[136.33148,36.11079],[136.32956,36.11012],[136.32689,36.10973],[136.32253,36.106],[136.32322,36.10539],[136.32243,36.10492],[136.323,36.10258],[136.31915,36.10181],[136.31916,36.10289],[136.3154,36.10262],[136.31491,36.10371],[136.31214,36.10401],[136.31189,36.10342],[136.30594,36.10411],[136.29906,36.10697],[136.29617,36.10757],[136.29685,36.10865],[136.29752,36.10867],[136.29717,36.10972],[136.29765,36.1098],[136.29861,36.11156],[136.29618,36.11314],[136.29436,36.11372],[136.29405,36.11308],[136.29228,36.11347],[136.29264,36.11426],[136.29192,36.11454],[136.29233,36.1155],[136.29041,36.11611],[136.28892,36.11452],[136.28709,36.11513],[136.28636,36.11305],[136.28732,36.11234],[136.28719,36.11117],[136.28407,36.11121],[136.28401,36.11266],[136.28494,36.11475],[136.28448,36.11491],[136.28513,36.1178],[136.28457,36.11796],[136.2852,36.11969],[136.27994,36.12119],[136.28136,36.11531],[136.28049,36.11443],[136.28043,36.11187],[136.27503,36.11094],[136.27548,36.10913],[136.27482,36.10908],[136.27393,36.10727],[136.27302,36.10719],[136.27011,36.10419],[136.26425,36.10542],[136.25833,36.10477],[136.25838,36.10571],[136.25799,36.10572],[136.25794,36.10479],[136.25733,36.10482],[136.25738,36.10575],[136.25679,36.10578],[136.25645,36.10484],[136.25647,36.1064],[136.25532,36.10662],[136.25531,36.10733],[136.25386,36.10762],[136.25498,36.11098],[136.25561,36.11095],[136.25632,36.11266],[136.25421,36.11454],[136.25418,36.11857],[136.25553,36.11948],[136.25543,36.12],[136.25443,36.12042],[136.25423,36.12378],[136.25267,36.12382],[136.25265,36.12343],[136.25105,36.12305],[136.2506,36.12245],[136.25072,36.12148],[136.2495,36.1214],[136.2494,36.12072],[136.24886,36.12094],[136.24815,36.12046],[136.24798,36.11832],[136.24609,36.11813],[136.24565,36.1182],[136.24576,36.12083],[136.23905,36.11968],[136.23874,36.12036],[136.23825,36.1202],[136.23822,36.11946],[136.2373,36.11922],[136.23737,36.11883],[136.23399,36.11871],[136.23085,36.11949],[136.23088,36.12072],[136.21683,36.12101],[136.20964,36.12051],[136.20679,36.12247],[136.20491,36.12199],[136.2035,36.12099],[136.19816,36.12169],[136.19557,36.12317],[136.19415,36.1234],[136.19338,36.12461],[136.19408,36.12453],[136.19391,36.12717],[136.19283,36.12704],[136.19192,36.12834],[136.19174,36.13069],[136.18802,36.13072],[136.18146,36.13345],[136.17798,36.13367],[136.17748,36.13682],[136.17658,36.1383],[136.16981,36.14231],[136.16584,36.14533],[136.16471,36.14751],[136.16353,36.15442],[136.16221,36.15805],[136.15962,36.16186],[136.15651,36.16422],[136.15148,36.16676],[136.1488,36.16502],[136.14908,36.16398],[136.14791,36.1639],[136.14798,36.16335],[136.14325,36.1636],[136.1391,36.16336],[136.13878,36.16285],[136.1382,36.16906],[136.14,36.16903],[136.13883,36.17205],[136.13811,36.1722],[136.13819,36.17028],[136.13599,36.17008],[136.13614,36.16905],[136.13402,36.16772],[136.13331,36.16819],[136.1321,36.167],[136.13365,36.16594],[136.12994,36.16217],[136.13046,36.16218],[136.13092,36.16063],[136.12973,36.16039],[136.13028,36.15856],[136.12536,36.1579],[136.12505,36.15841],[136.12833,36.16145],[136.12689,36.16149],[136.12545,36.16249],[136.12526,36.16337],[136.11897,36.16601],[136.10799,36.16948],[136.1002,36.17297],[136.11423,36.1926],[136.11248,36.2053],[136.11441,36.19268],[136.11963,36.19022],[136.10776,36.17359],[136.10947,36.17281],[136.11059,36.17349],[136.11165,36.17533],[136.11108,36.17709],[136.11219,36.1764],[136.11152,36.17774],[136.11348,36.17984],[136.11542,36.18331],[136.1201,36.18924],[136.12505,36.19132],[136.1273,36.19026],[136.12821,36.19052],[136.12974,36.19225],[136.12729,36.19357],[136.1278,36.19436],[136.12725,36.19445],[136.13297,36.20219],[136.13213,36.20422],[136.13259,36.20463],[136.13281,36.2042],[136.13298,36.20406],[136.13261,36.20466],[136.13109,36.2052],[136.12969,36.20324],[136.12875,36.20368],[136.12721,36.20155],[136.12803,36.20116],[136.12881,36.20198],[136.12634,36.19828],[136.12306,36.19761],[136.12369,36.19789],[136.12343,36.19805],[136.12625,36.19847],[136.12657,36.19893],[136.1244,36.19994],[136.12422,36.1995],[136.12384,36.19968],[136.12419,36.20004],[136.12307,36.20056],[136.12287,36.20014],[136.12248,36.20032],[136.12283,36.20067],[136.12179,36.20116],[136.1185,36.20052],[136.12184,36.20128],[136.12232,36.20195],[136.11945,36.2033],[136.12235,36.20199],[136.12732,36.20893],[136.13231,36.21415],[136.13231,36.21601],[136.13145,36.21724],[136.13173,36.21747],[136.13216,36.21722],[136.13245,36.21733],[136.13253,36.21744],[136.13164,36.21751],[136.13056,36.21695],[136.13185,36.21768],[136.13555,36.21804],[136.13822,36.21685],[136.13968,36.21695],[136.13944,36.21642],[136.13999,36.21605],[136.13976,36.21546],[136.14055,36.21398],[136.14234,36.21189],[136.14561,36.20633],[136.14995,36.20711],[136.14933,36.21146],[136.15063,36.21055],[136.15046,36.2102],[136.15239,36.20767],[136.15355,36.2084],[136.15058,36.2115],[136.14392,36.21561],[136.14168,36.21851],[136.13896,36.2201],[136.13727,36.22055],[136.13346,36.22056],[136.13128,36.21969],[136.13107,36.21984],[136.12734,36.2178],[136.13107,36.21994],[136.13127,36.21977],[136.13286,36.22046],[136.13448,36.22073],[136.1348,36.22167],[136.13412,36.22406],[136.13347,36.22431],[136.13349,36.22427],[136.13326,36.22397],[136.13291,36.2238],[136.13338,36.22448],[136.13243,36.22415],[136.13254,36.22369],[136.13247,36.22369],[136.13225,36.22477],[136.13163,36.22467],[136.13261,36.22622],[136.13258,36.22756],[136.13317,36.2284],[136.13247,36.22947],[136.13238,36.23006],[136.13243,36.23012],[136.13274,36.23014],[136.13285,36.23019],[136.1314,36.23048],[136.1305,36.23245],[136.12834,36.2334],[136.12663,36.23542],[136.12688,36.23559],[136.12518,36.23675],[136.12597,36.23705],[136.12505,36.23739],[136.12573,36.23752],[136.12529,36.2379],[136.1261,36.23784],[136.12533,36.23835],[136.12617,36.23834],[136.12594,36.23874],[136.1264,36.23846],[136.12641,36.23877],[136.12739,36.23858],[136.12694,36.23901],[136.12894,36.23889],[136.12838,36.23931],[136.13043,36.23914],[136.1316,36.24008],[136.13141,36.24081],[136.13066,36.24157],[136.1309,36.24216],[136.12874,36.2432],[136.12854,36.24445],[136.12784,36.24521],[136.12492,36.24645],[136.1242,36.24746],[136.12375,36.24733],[136.12417,36.24779],[136.12297,36.24847],[136.12235,36.24913],[136.12406,36.24829],[136.12359,36.24939],[136.12097,36.25054],[136.11698,36.25002]]]}},{"type":"Feature","properties":{"id":"muni-18322","name":"永平寺町"},"geometry":{"type":"Polygon","coordinates":[[[136.27503,36.11094],[136.28043,36.11187],[136.28049,36.11443],[136.28136,36.11531],[136.27994,36.12119],[136.2852,36.11969],[136.28457,36.11796],[136.28513,36.1178],[136.28448,36.11491],[136.28494,36.11475],[136.28401,36.11266],[136.28407,36.11121],[136.28719,36.11117],[136.28732,36.11234],[136.28636,36.11305],[136.28709,36.11513],[136.28892,36.11452],[136.29041,36.11611],[136.29233,36.1155],[136.29192,36.11454],[136.29264,36.11426],[136.29228,36.11347],[136.29405,36.11308],[136.29436,36.11372],[136.29618,36.11314],[136.29861,36.11156],[136.29765,36.1098],[136.29717,36.10972],[136.29752,36.10867],[136.29685,36.10865],[136.29617,36.10757],[136.29906,36.10697],[136.30594,36.10411],[136.31189,36.10342],[136.31214,36.10401],[136.31491,36.10371],[136.3154,36.10262],[136.31916,36.10289],[136.31915,36.10181],[136.323,36.10258],[136.32243,36.10492],[136.32322,36.10539],[136.32253,36.106],[136.32689,36.10973],[136.32956,36.11012],[136.33148,36.11079],[136.3322,36.11152],[136.33358,36.11153],[136.33591,36.11239],[136.33724,36.11211],[136.33905,36.11089],[136.34106,36.1112],[136.34337,36.11081],[136.34594,36.11376],[136.34769,36.11332],[136.35,36.11526],[136.35325,36.11538],[136.35546,36.11675],[136.35652,36.1195],[136.3574,36.12066],[136.35842,36.12113],[136.36006,36.12438],[136.3604,36.12542],[136.36011,36.12727],[136.36189,36.12869],[136.36546,36.12858],[136.36705,36.12933],[136.36942,36.12927],[136.3716,36.12992],[136.37558,36.12589],[136.38389,36.12683],[136.38587,36.12662],[136.38702,36.12558],[136.38954,36.1255],[136.39105,36.12471],[136.39253,36.12495],[136.39117,36.12058],[136.39158,36.11941],[136.39115,36.11633],[136.39692,36.11358],[136.39882,36.11171],[136.39834,36.10865],[136.39993,36.10633],[136.40124,36.10612],[136.40265,36.10518],[136.40218,36.10309],[136.40282,36.10099],[136.40416,36.09926],[136.39864,36.09621],[136.39837,36.09531],[136.39658,36.09382],[136.39562,36.09213],[136.39328,36.09152],[136.39239,36.09077],[136.38843,36.0909],[136.38832,36.08771],[136.39171,36.08705],[136.39679,36.08471],[136.40964,36.08035],[136.43073,36.07604],[136.43879,36.0752],[136.43868,36.07301],[136.43959,36.06978],[136.43821,36.06641],[136.4382,36.06519],[136.43718,36.0642],[136.43604,36.06179],[136.43438,36.06075],[136.4344,36.059],[136.43311,36.05863],[136.43257,36.0579],[136.43246,36.05437],[136.43327,36.05275],[136.43308,36.05179],[136.43375,36.05095],[136.43565,36.05018],[136.43271,36.04572],[136.4319,36.04327],[136.42897,36.0427],[136.4283,36.0411],[136.42578,36.03982],[136.42389,36.04047],[136.4216,36.0403],[136.42055,36.04103],[136.41761,36.04151],[136.41636,36.04218],[136.41344,36.04246],[136.4125,36.04317],[136.41138,36.04327],[136.41054,36.04436],[136.40752,36.04602],[136.40605,36.04574],[136.40215,36.04659],[136.39434,36.04687],[136.39076,36.04768],[136.38426,36.04701],[136.37915,36.04343],[136.37778,36.04175],[136.37699,36.04166],[136.37564,36.0393],[136.37307,36.03806],[136.37016,36.03442],[136.36797,36.03343],[136.3636,36.0346],[136.36012,36.03377],[136.35677,36.0361],[136.35323,36.03611],[136.34796,36.03753],[136.34601,36.03949],[136.34637,36.04169],[136.34586,36.04189],[136.34611,36.04252],[136.34543,36.04396],[136.34459,36.04439],[136.34386,36.04577],[136.34425,36.04718],[136.34319,36.04778],[136.34043,36.05322],[136.33899,36.05263],[136.33821,36.05295],[136.33554,36.05259],[136.33458,36.05136],[136.33305,36.05046],[136.33088,36.05012],[136.32862,36.04815],[136.32736,36.04872],[136.32442,36.04837],[136.32383,36.04905],[136.32305,36.04886],[136.32215,36.04939],[136.32143,36.04804],[136.32039,36.04779],[136.31982,36.04689],[136.31954,36.04565],[136.32005,36.04412],[136.31907,36.0435],[136.31853,36.04191],[136.31698,36.04131],[136.3137,36.04105],[136.31258,36.04216],[136.31026,36.04243],[136.30713,36.0442],[136.30501,36.04431],[136.30296,36.04537],[136.30213,36.04511],[136.29762,36.04593],[136.29662,36.04753],[136.29704,36.04955],[136.29354,36.04931],[136.29238,36.05199],[136.29031,36.05385],[136.28882,36.0544],[136.28841,36.05598],[136.28723,36.05561],[136.28654,36.05608],[136.28548,36.05572],[136.28505,36.05609],[136.28467,36.05809],[136.28652,36.06048],[136.28614,36.06272],[136.28441,36.0634],[136.28476,36.06553],[136.28376,36.0673],[136.28402,36.06846],[136.2846,36.06878],[136.28366,36.07152],[136.28276,36.07273],[136.28136,36.07338],[136.28148,36.07408],[136.28301,36.07526],[136.28505,36.07612],[136.28587,36.07575],[136.28916,36.07588],[136.29258,36.07892],[136.29363,36.08207],[136.29212,36.0824],[136.29194,36.0829],[136.28722,36.08268],[136.28711,36.08462],[136.28573,36.08456],[136.28565,36.08553],[136.28302,36.0856],[136.28293,36.08637],[136.28341,36.08638],[136.28329,36.08834],[136.28281,36.08833],[136.2822,36.0906],[136.27883,36.0899],[136.2788,36.09084],[136.27985,36.09099],[136.27996,36.093],[136.28139,36.09314],[136.28127,36.09408],[136.284,36.09436],[136.28449,36.09491],[136.28837,36.09495],[136.28902,36.09798],[136.28201,36.09874],[136.28061,36.10343],[136.27977,36.10379],[136.27842,36.10405],[136.27746,36.10319],[136.27011,36.10419],[136.27302,36.10719],[136.27393,36.10727],[136.27482,36.10908],[136.27548,36.10913],[136.27503,36.11094]]]}},{"type":"Feature","properties":{"id":"muni-18382","name":"池田町"},"geometry":{"type":"Polygon","coordinates":[[[136.27252,35.85717],[136.27323,35.86062],[136.27476,35.86174],[136.27534,35.86329],[136.27694,35.86423],[136.27731,35.86545],[136.27933,35.86564],[136.28554,35.86444],[136.28708,35.86648],[136.28782,35.86682],[136.29086,35.86614],[136.29378,35.86678],[136.29581,35.8689],[136.29622,35.87001],[136.29842,35.87163],[136.29939,35.87329],[136.30366,35.87405],[136.30632,35.87785],[136.30482,35.8803],[136.30702,35.88175],[136.30678,35.88376],[136.31067,35.88659],[136.31235,35.88858],[136.31115,35.89064],[136.31223,35.89292],[136.30918,35.89501],[136.30876,35.89632],[136.31013,35.89775],[136.31073,35.90129],[136.31198,35.9039],[136.31336,35.90539],[136.31466,35.9056],[136.3161,35.9067],[136.31514,35.90766],[136.31521,35.91095],[136.31393,35.91273],[136.31245,35.91286],[136.30968,35.91413],[136.31083,35.91539],[136.31084,35.91749],[136.3124,35.91861],[136.31336,35.92025],[136.31578,35.92092],[136.31916,35.92113],[136.32433,35.91983],[136.32873,35.92142],[136.33353,35.92457],[136.33366,35.92625],[136.33427,35.92736],[136.33373,35.92878],[136.3348,35.92849],[136.33834,35.92946],[136.3391,35.93017],[136.33947,35.93173],[136.34171,35.93281],[136.34352,35.93134],[136.34464,35.93186],[136.34547,35.93107],[136.35026,35.93416],[136.3512,35.93589],[136.35037,35.93691],[136.35082,35.93957],[136.35258,35.94127],[136.35303,35.94251],[136.35823,35.94747],[136.36033,35.94725],[136.36505,35.94809],[136.3669,35.9479],[136.36783,35.94878],[136.36982,35.94862],[136.37225,35.94919],[136.37637,35.95182],[136.37872,35.95131],[136.38126,35.95168],[136.38437,35.95118],[136.38622,35.95224],[136.38782,35.95254],[136.3898,35.95217],[136.39329,35.95008],[136.3954,35.95053],[136.40019,35.94814],[136.40206,35.94837],[136.40397,35.94789],[136.40535,35.94859],[136.40634,35.94823],[136.40728,35.94892],[136.4085,35.94838],[136.40968,35.94702],[136.41278,35.94563],[136.41371,35.94384],[136.41743,35.94293],[136.41867,35.94161],[136.41872,35.94085],[136.42133,35.94087],[136.42281,35.93867],[136.42584,35.93864],[136.42672,35.93797],[136.42913,35.93851],[136.43117,35.93776],[136.43275,35.93657],[136.43582,35.9359],[136.43676,35.93418],[136.43979,35.93224],[136.43935,35.92746],[136.44435,35.92551],[136.44423,35.92418],[136.44614,35.9231],[136.44786,35.92367],[136.44996,35.92336],[136.45175,35.92255],[136.45204,35.92165],[136.45369,35.92098],[136.4566,35.92052],[136.45869,35.92149],[136.46065,35.92058],[136.45999,35.9198],[136.46044,35.91867],[136.46013,35.91776],[136.45831,35.91675],[136.45703,35.91461],[136.4556,35.91347],[136.45119,35.9128],[136.45029,35.9132],[136.4486,35.91113],[136.44741,35.91044],[136.44358,35.91012],[136.43912,35.90897],[136.43816,35.90411],[136.4386,35.90246],[136.43737,35.90093],[136.43574,35.90035],[136.43257,35.8965],[136.43177,35.89235],[136.43236,35.88952],[136.43287,35.88873],[136.43482,35.88809],[136.43624,35.88604],[136.43924,35.88603],[136.43953,35.8844],[136.43918,35.88083],[136.43989,35.87809],[136.43709,35.87559],[136.43636,35.87356],[136.43323,35.87229],[136.43511,35.86967],[136.43489,35.86717],[136.43236,35.86422],[136.42914,35.86301],[136.42948,35.86079],[136.42764,35.85881],[136.42977,35.8549],[136.43147,35.85415],[136.43212,35.85266],[136.43338,35.85171],[136.43647,35.85003],[136.43554,35.8496],[136.43302,35.84996],[136.43231,35.85069],[136.43109,35.8503],[136.43168,35.84869],[136.4316,35.84724],[136.42866,35.84082],[136.42898,35.83943],[136.42833,35.83778],[136.42706,35.83623],[136.42552,35.83618],[136.42362,35.83415],[136.42338,35.83293],[136.42458,35.82826],[136.42831,35.82331],[136.42643,35.82305],[136.42272,35.82067],[136.42251,35.81827],[136.42322,35.81312],[136.42568,35.81175],[136.42701,35.80979],[136.4305,35.80791],[136.43272,35.80731],[136.43326,35.80523],[136.43273,35.80395],[136.43108,35.80253],[136.43068,35.80063],[136.43103,35.7981],[136.42971,35.79633],[136.42624,35.79381],[136.42411,35.79389],[136.42276,35.79324],[136.42085,35.79049],[136.41948,35.78683],[136.41742,35.78594],[136.41602,35.78468],[136.41634,35.78401],[136.41592,35.78259],[136.41112,35.78156],[136.40935,35.77974],[136.40864,35.78037],[136.40853,35.78171],[136.40362,35.78385],[136.40342,35.78521],[136.40163,35.78597],[136.40018,35.78909],[136.3967,35.78796],[136.39253,35.78831],[136.38961,35.78799],[136.38961,35.79092],[136.38901,35.7917],[136.38734,35.79259],[136.38366,35.79299],[136.3823,35.7938],[136.37919,35.79427],[136.37746,35.79536],[136.37637,35.79512],[136.37563,35.79405],[136.37192,35.79192],[136.36774,35.7898],[136.36594,35.78947],[136.36552,35.7888],[136.36347,35.78779],[136.35711,35.78658],[136.35427,35.78756],[136.35388,35.78944],[136.35248,35.79172],[136.35253,35.79373],[136.35068,35.79483],[136.35119,35.79659],[136.35321,35.79985],[136.3534,35.80108],[136.35162,35.80325],[136.35098,35.80495],[136.34952,35.8055],[136.34826,35.80513],[136.34687,35.80609],[136.34631,35.8072],[136.3469,35.8095],[136.34931,35.81283],[136.34717,35.81507],[136.34656,35.81682],[136.3448,35.81858],[136.3436,35.81866],[136.34171,35.82189],[136.34035,35.82268],[136.33903,35.82215],[136.33745,35.82267],[136.33545,35.82202],[136.33411,35.82227],[136.33318,35.82112],[136.33118,35.81989],[136.32919,35.8214],[136.32756,35.82191],[136.32512,35.8239],[136.32364,35.82215],[136.32133,35.82078],[136.32087,35.81944],[136.3193,35.81803],[136.3148,35.81744],[136.31363,35.81898],[136.31314,35.82217],[136.31101,35.82361],[136.30692,35.8246],[136.30566,35.8262],[136.3025,35.82795],[136.30177,35.82881],[136.30167,35.83039],[136.30111,35.82881],[136.2987,35.82711],[136.29839,35.82438],[136.29515,35.82469],[136.2932,35.82327],[136.28955,35.82221],[136.28792,35.82231],[136.28662,35.82156],[136.28597,35.82049],[136.27987,35.82284],[136.27537,35.82228],[136.27247,35.8238],[136.26798,35.82233],[136.26434,35.82378],[136.26218,35.82405],[136.2594,35.82332],[136.25867,35.82364],[136.25794,35.82537],[136.25804,35.82745],[136.26023,35.83125],[136.25948,35.83262],[136.26021,35.83444],[136.25967,35.83785],[136.25836,35.83826],[136.25734,35.8408],[136.25604,35.84216],[136.25921,35.84328],[136.25999,35.84433],[136.26138,35.8446],[136.26402,35.84768],[136.26601,35.84837],[136.26676,35.85042],[136.26781,35.85109],[136.26847,35.85279],[136.27252,35.85717]]]}},{"type":"Feature","properties":{"id":"muni-18404","name":"南越前町"},"geometry":{"type":"Polygon","coordinates":[[[136.0384,35.85025],[136.03905,35.84931],[136.03818,35.85022],[136.03829,35.85057],[136.03662,35.85107],[136.03598,35.85219],[136.03555,35.85199],[136.0356,35.85256],[136.03434,35.8534],[136.03444,35.85394],[136.03326,35.85519],[136.02941,35.85767],[136.0257,35.86152],[136.02277,35.86323],[136.02084,35.8653],[136.01777,35.86685],[136.01135,35.87217],[136.01326,35.87291],[136.0152,35.87492],[136.01897,35.87726],[136.01971,35.87884],[136.02027,35.87668],[136.02138,35.87647],[136.02175,35.87473],[136.02926,35.87254],[136.03145,35.87111],[136.03429,35.87071],[136.03577,35.8695],[136.03609,35.86869],[136.04063,35.86654],[136.0421,35.8623],[136.04263,35.86179],[136.04374,35.86178],[136.0449,35.86052],[136.04694,35.86057],[136.04862,35.85975],[136.05435,35.86084],[136.05612,35.86034],[136.05664,35.85948],[136.05399,35.85528],[136.05486,35.85085],[136.05704,35.84745],[136.05922,35.84899],[136.0613,35.84883],[136.06323,35.84785],[136.06443,35.84844],[136.06698,35.84813],[136.06804,35.8487],[136.06928,35.84813],[136.0734,35.84952],[136.07659,35.84996],[136.07957,35.84784],[136.07971,35.84572],[136.08065,35.84532],[136.08225,35.84342],[136.08488,35.84274],[136.08821,35.84316],[136.09063,35.84401],[136.09478,35.84359],[136.09716,35.8444],[136.0986,35.84434],[136.10159,35.84287],[136.10291,35.84155],[136.10487,35.84148],[136.10719,35.84238],[136.10848,35.84408],[136.11271,35.8454],[136.11531,35.84693],[136.11927,35.84551],[136.12082,35.84406],[136.12289,35.84433],[136.12489,35.8433],[136.12683,35.84302],[136.1277,35.84153],[136.12926,35.84085],[136.12801,35.83877],[136.12979,35.83336],[136.1294,35.83236],[136.13028,35.83137],[136.13176,35.82789],[136.13129,35.82642],[136.12982,35.82466],[136.13057,35.82398],[136.13122,35.82121],[136.13235,35.81989],[136.13227,35.81723],[136.13401,35.81551],[136.13505,35.81188],[136.13429,35.81032],[136.13869,35.80807],[136.14275,35.8123],[136.14547,35.81262],[136.14672,35.8134],[136.14718,35.81439],[136.15323,35.8168],[136.15316,35.81881],[136.15365,35.82027],[136.15549,35.82252],[136.15647,35.82578],[136.15797,35.8263],[136.15834,35.82702],[136.15851,35.82916],[136.15952,35.83116],[136.15801,35.83276],[136.1588,35.83387],[136.16046,35.83451],[136.16086,35.83517],[136.16291,35.83552],[136.16606,35.83719],[136.16651,35.83831],[136.17274,35.84331],[136.17383,35.84324],[136.17478,35.84386],[136.17531,35.84605],[136.1752,35.84806],[136.17584,35.84957],[136.17492,35.85032],[136.1756,35.85121],[136.17675,35.85162],[136.17741,35.85299],[136.18095,35.85501],[136.18086,35.8571],[136.18131,35.85715],[136.18185,35.85619],[136.19055,35.85821],[136.19179,35.85769],[136.19465,35.858],[136.19635,35.85742],[136.19819,35.85833],[136.20625,35.86004],[136.20769,35.85915],[136.20894,35.85734],[136.21005,35.85681],[136.21382,35.85771],[136.21835,35.85592],[136.22111,35.85617],[136.2236,35.85576],[136.22606,35.85386],[136.23037,35.85332],[136.23234,35.8519],[136.2341,35.84978],[136.23712,35.84868],[136.24082,35.84576],[136.24274,35.84487],[136.24439,35.84462],[136.24681,35.84569],[136.24907,35.84538],[136.25044,35.84354],[136.25199,35.8424],[136.25571,35.84254],[136.25734,35.8408],[136.25836,35.83826],[136.25967,35.83785],[136.26024,35.83419],[136.25948,35.83262],[136.26023,35.83125],[136.2596,35.82957],[136.25848,35.82866],[136.25788,35.82618],[136.25852,35.82375],[136.2594,35.82332],[136.26218,35.82405],[136.26626,35.8233],[136.26798,35.82233],[136.27247,35.8238],[136.27537,35.82228],[136.27987,35.82284],[136.28597,35.82049],[136.28662,35.82156],[136.28792,35.82231],[136.28955,35.82221],[136.2932,35.82327],[136.29515,35.82469],[136.29839,35.82438],[136.2987,35.82711],[136.30111,35.82881],[136.30167,35.83039],[136.30177,35.82881],[136.3025,35.82795],[136.30566,35.8262],[136.30692,35.8246],[136.31101,35.82361],[136.31314,35.82217],[136.31363,35.81898],[136.3148,35.81744],[136.3193,35.81803],[136.32087,35.81944],[136.32133,35.82078],[136.32364,35.82215],[136.32512,35.8239],[136.32756,35.82191],[136.32919,35.8214],[136.33118,35.81989],[136.33318,35.82112],[136.33411,35.82227],[136.33545,35.82202],[136.33745,35.82267],[136.33903,35.82215],[136.34028,35.82268],[136.34099,35.82244],[136.3436,35.81866],[136.3447,35.81862],[136.34534,35.81809],[136.34656,35.81682],[136.34717,35.81507],[136.34921,35.81308],[136.34893,35.81193],[136.3469,35.8095],[136.34631,35.8072],[136.34687,35.80609],[136.34826,35.80513],[136.34952,35.8055],[136.35098,35.80495],[136.35162,35.80325],[136.3534,35.80108],[136.35321,35.79985],[136.35119,35.79659],[136.35068,35.79483],[136.35253,35.79373],[136.35248,35.79172],[136.35388,35.78944],[136.35427,35.78756],[136.35711,35.78658],[136.35588,35.78446],[136.35239,35.78307],[136.34833,35.77999],[136.34787,35.77779],[136.34647,35.77614],[136.34562,35.77647],[136.34294,35.77567],[136.34166,35.77619],[136.33914,35.77589],[136.33646,35.77449],[136.33598,35.77604],[136.33526,35.77644],[136.33301,35.77644],[136.32792,35.77509],[136.32636,35.77218],[136.32408,35.76964],[136.3239,35.76804],[136.32473,35.7671],[136.32166,35.76536],[136.32203,35.76117],[136.32031,35.75875],[136.31978,35.75315],[136.31926,35.75251],[136.31948,35.75186],[136.31841,35.751],[136.31941,35.74998],[136.31917,35.74867],[136.31997,35.74735],[136.32121,35.74701],[136.32508,35.74437],[136.3252,35.7434],[136.32405,35.74065],[136.32442,35.73762],[136.32545,35.73607],[136.32601,35.73268],[136.32692,35.73141],[136.32482,35.72775],[136.32523,35.7264],[136.32425,35.7262],[136.32351,35.72484],[136.32046,35.72285],[136.3215,35.71961],[136.32346,35.71813],[136.32393,35.71679],[136.3227,35.71562],[136.31868,35.7143],[136.31716,35.71448],[136.31612,35.7133],[136.31285,35.71284],[136.31041,35.7106],[136.31068,35.70921],[136.31028,35.70723],[136.31081,35.70576],[136.30956,35.70366],[136.30796,35.703],[136.30656,35.70106],[136.30452,35.7014],[136.30379,35.69979],[136.30192,35.69791],[136.29985,35.69428],[136.29815,35.69291],[136.29774,35.69184],[136.29604,35.69186],[136.29502,35.69098],[136.29304,35.69131],[136.2918,35.69067],[136.29154,35.68871],[136.29085,35.68767],[136.29176,35.68641],[136.29194,35.68401],[136.29324,35.68308],[136.29485,35.68059],[136.29895,35.67882],[136.2989,35.67765],[136.29685,35.67546],[136.29594,35.6757],[136.2947,35.67516],[136.29256,35.67389],[136.29194,35.67292],[136.28894,35.67131],[136.28863,35.67083],[136.28907,35.66909],[136.29087,35.6668],[136.2908,35.66608],[136.2848,35.66344],[136.28086,35.65863],[136.28016,35.66001],[136.28071,35.66107],[136.27389,35.66533],[136.27171,35.6653],[136.2703,35.66697],[136.27008,35.66804],[136.26905,35.66872],[136.26303,35.67137],[136.26044,35.67166],[136.2575,35.67117],[136.25443,35.67378],[136.25189,35.67475],[136.25048,35.67623],[136.24693,35.6753],[136.24468,35.67372],[136.24289,35.67566],[136.2406,35.67679],[136.23489,35.68141],[136.23439,35.68241],[136.23108,35.68258],[136.22762,35.68039],[136.22579,35.68045],[136.22351,35.68131],[136.22211,35.68308],[136.22018,35.68336],[136.21922,35.68437],[136.21781,35.6845],[136.21393,35.68345],[136.21273,35.68164],[136.21172,35.68236],[136.21045,35.6844],[136.21026,35.6861],[136.2083,35.68751],[136.2041,35.68665],[136.20208,35.68756],[136.20128,35.6896],[136.2,35.68991],[136.19918,35.68928],[136.19827,35.68965],[136.19665,35.69215],[136.19685,35.69296],[136.19562,35.69485],[136.19528,35.69703],[136.19367,35.69999],[136.19278,35.70062],[136.19184,35.70057],[136.19107,35.70233],[136.19032,35.70259],[136.18952,35.70222],[136.18729,35.7032],[136.18397,35.70359],[136.18245,35.70301],[136.18104,35.70146],[136.1784,35.70164],[136.17711,35.70272],[136.17457,35.70374],[136.17181,35.70176],[136.17039,35.70137],[136.16796,35.70335],[136.16688,35.70218],[136.16616,35.697],[136.1654,35.69644],[136.1635,35.69615],[136.16181,35.69641],[136.16133,35.69778],[136.15874,35.69894],[136.15696,35.70032],[136.15556,35.70014],[136.1539,35.69884],[136.15233,35.69878],[136.15035,35.69777],[136.14887,35.69909],[136.14725,35.69919],[136.1453,35.70261],[136.14562,35.70309],[136.14673,35.70287],[136.14819,35.70339],[136.14904,35.70464],[136.14921,35.70658],[136.14839,35.70886],[136.1487,35.71091],[136.14586,35.71347],[136.14389,35.71408],[136.14262,35.7161],[136.13982,35.71719],[136.13808,35.71887],[136.13627,35.71942],[136.13188,35.723],[136.1334,35.72488],[136.13305,35.72576],[136.13375,35.72841],[136.13282,35.72894],[136.1325,35.72995],[136.13272,35.73216],[136.13335,35.73348],[136.13263,35.73539],[136.13274,35.73688],[136.13129,35.73912],[136.13085,35.74071],[136.12703,35.74239],[136.12548,35.7449],[136.12554,35.74597],[136.12448,35.74652],[136.12353,35.74853],[136.12255,35.74868],[136.12208,35.7499],[136.11869,35.75156],[136.11907,35.75289],[136.11845,35.75407],[136.1186,35.75515],[136.11742,35.75643],[136.11749,35.75801],[136.11579,35.75913],[136.11519,35.76224],[136.11282,35.76543],[136.1111,35.76593],[136.10826,35.76526],[136.10193,35.7657],[136.09839,35.76534],[136.0976,35.76711],[136.09675,35.76778],[136.09749,35.76814],[136.09835,35.76967],[136.09878,35.77267],[136.09834,35.7729],[136.09881,35.77301],[136.1001,35.77598],[136.10034,35.77869],[136.09296,35.78849],[136.0901,35.79154],[136.08931,35.7947],[136.08756,35.79855],[136.08293,35.80226],[136.08014,35.80599],[136.07859,35.80956],[136.07683,35.81056],[136.0761,35.81187],[136.07634,35.81312],[136.07563,35.81566],[136.07452,35.81678],[136.07373,35.81686],[136.07294,35.8203],[136.07192,35.82151],[136.07234,35.82189],[136.07192,35.82164],[136.0713,35.82288],[136.07167,35.8232],[136.07088,35.82435],[136.0707,35.82412],[136.06983,35.8244],[136.0708,35.82436],[136.07056,35.82487],[136.06877,35.8247],[136.06941,35.82442],[136.06952,35.8241],[136.0688,35.82448],[136.06648,35.82736],[136.06458,35.82855],[136.06467,35.82908],[136.06363,35.82886],[136.0618,35.8298],[136.06173,35.82928],[136.06156,35.82973],[136.06101,35.8297],[136.06129,35.83023],[136.06025,35.83081],[136.05851,35.8329],[136.05611,35.83395],[136.05253,35.83666],[136.05119,35.83824],[136.05068,35.83818],[136.05055,35.83823],[136.05102,35.83829],[136.05,35.83891],[136.05012,35.83942],[136.04961,35.83986],[136.04915,35.84001],[136.04937,35.83973],[136.04902,35.83983],[136.04874,35.83904],[136.04635,35.84124],[136.04648,35.84229],[136.0434,35.84406],[136.04237,35.84697],[136.04067,35.84904],[136.03908,35.8498],[136.03954,35.8499],[136.03878,35.85063],[136.0384,35.85025]]]}},{"type":"Feature","properties":{"id":"muni-18423","name":"越前町"},"geometry":{"type":"Polygon","coordinates":[[[135.95819,35.98328],[135.95914,35.98353],[135.95884,35.98397],[135.95936,35.98379],[135.95901,35.98413],[135.95973,35.98435],[135.95929,35.98463],[135.96009,35.98433],[135.96074,35.98496],[135.96029,35.98545],[135.96294,35.98671],[135.96269,35.98759],[135.96244,35.98746],[135.96253,35.98717],[135.96231,35.98704],[135.96235,35.98745],[135.96266,35.9876],[135.96165,35.98819],[135.96208,35.98892],[135.96071,35.98956],[135.96081,35.99051],[135.9618,35.9909],[135.96233,35.99045],[135.9624,35.99138],[135.96274,35.9908],[135.96299,35.99166],[135.96378,35.9914],[135.96533,35.99201],[135.96511,35.99293],[135.96459,35.99313],[135.96467,35.99381],[135.9633,35.99457],[135.96441,35.99492],[135.9642,35.99555],[135.96367,35.99564],[135.96429,35.99674],[135.96376,35.99727],[135.96481,35.99782],[135.96544,35.99666],[135.96699,35.99539],[135.9671,35.99456],[135.96994,35.99176],[135.97347,35.99124],[135.97564,35.98975],[135.97664,35.99011],[135.97963,35.98898],[135.98241,35.9889],[135.98231,35.98802],[135.98607,35.98804],[135.9845,35.98643],[135.98457,35.98587],[135.9854,35.98559],[135.98405,35.98483],[135.98707,35.984],[135.98966,35.98442],[135.99039,35.9829],[135.99634,35.98271],[135.99872,35.98443],[136.00079,35.98454],[136.00254,35.9864],[136.00523,35.98602],[136.00706,35.98632],[136.00858,35.98789],[136.006,35.98906],[136.00438,35.99039],[136.00403,35.993],[136.00248,35.99692],[136.00343,35.99734],[136.00461,35.99955],[136.00387,36.00014],[136.0038,36.00263],[136.00333,36.00348],[136.0036,36.00553],[136.0061,36.00725],[136.00552,36.00795],[136.00588,36.01009],[136.00867,36.01122],[136.01033,36.01139],[136.01031,36.01247],[136.01192,36.01425],[136.01303,36.0143],[136.01262,36.01379],[136.01333,36.01266],[136.01607,36.01167],[136.01743,36.00889],[136.01856,36.0083],[136.019,36.00722],[136.02269,36.00541],[136.02428,36.00299],[136.02543,35.99973],[136.02654,35.99911],[136.02679,35.99806],[136.02824,35.99619],[136.02816,35.99519],[136.0294,35.99609],[136.02914,35.9968],[136.03074,35.99917],[136.03167,35.9991],[136.03151,35.99809],[136.03257,35.99768],[136.03242,35.99676],[136.04015,36.00093],[136.0422,36.0017],[136.04343,36.00155],[136.04772,36.00459],[136.04745,36.00539],[136.04825,36.00664],[136.04915,36.00666],[136.05014,36.00757],[136.051,36.01079],[136.0522,36.01168],[136.05318,36.01078],[136.05581,36.01179],[136.05615,36.0127],[136.05509,36.015],[136.05642,36.01763],[136.0556,36.01871],[136.05683,36.02058],[136.05654,36.02104],[136.05713,36.02273],[136.05702,36.02633],[136.05744,36.02692],[136.06009,36.02736],[136.0627,36.02658],[136.06448,36.02698],[136.06632,36.02623],[136.06732,36.02671],[136.06998,36.02646],[136.07015,36.02789],[136.07258,36.02845],[136.07262,36.02481],[136.07193,36.02442],[136.07214,36.02376],[136.07356,36.02256],[136.07421,36.02276],[136.07563,36.0209],[136.08026,36.02],[136.08157,36.01872],[136.08184,36.01623],[136.08832,36.01536],[136.09048,36.01389],[136.09249,36.01381],[136.09386,36.01299],[136.09463,36.01071],[136.09733,36.00935],[136.09684,36.00485],[136.10112,36.0037],[136.10141,36.00312],[136.10251,36.00281],[136.10353,36.00365],[136.10537,36.00371],[136.10572,36.0032],[136.1095,36.00183],[136.11239,36.00277],[136.11756,36.00259],[136.12123,36.00087],[136.12251,36.00228],[136.12398,36.00284],[136.12876,36.003],[136.12923,36.00248],[136.13094,36.00222],[136.13086,36.00153],[136.13276,35.99924],[136.1359,35.99632],[136.13651,35.9935],[136.14161,35.9922],[136.15509,35.99235],[136.15577,35.98804],[136.1538,35.9832],[136.1485,35.98011],[136.14726,35.97701],[136.14527,35.97661],[136.14532,35.97625],[136.14608,35.97632],[136.14583,35.9755],[136.14395,35.97423],[136.14306,35.97437],[136.14355,35.97383],[136.14122,35.97159],[136.13796,35.97158],[136.13898,35.96911],[136.13812,35.9687],[136.13862,35.9681],[136.13738,35.96802],[136.1371,35.96615],[136.13754,35.96561],[136.13833,35.96564],[136.13876,35.96408],[136.13787,35.96171],[136.13634,35.96088],[136.13572,35.9597],[136.13599,35.95915],[136.13207,35.95616],[136.13138,35.95434],[136.13157,35.95355],[136.12928,35.95117],[136.12913,35.94883],[136.12808,35.94733],[136.12747,35.94677],[136.12648,35.94696],[136.12439,35.94559],[136.12391,35.94276],[136.12447,35.94078],[136.12641,35.94027],[136.12711,35.93873],[136.13058,35.9358],[136.1326,35.93311],[136.13458,35.93271],[136.13388,35.93127],[136.13263,35.93048],[136.13208,35.92647],[136.13308,35.92595],[136.13291,35.92506],[136.12853,35.92479],[136.1282,35.92274],[136.12885,35.92115],[136.12871,35.92004],[136.12543,35.91671],[136.12297,35.91549],[136.11894,35.91696],[136.11822,35.91661],[136.11689,35.91522],[136.11721,35.91355],[136.11667,35.91258],[136.11683,35.91102],[136.11278,35.91132],[136.11154,35.91271],[136.11049,35.91316],[136.10854,35.91254],[136.10662,35.91077],[136.10357,35.91227],[136.10021,35.91033],[136.09551,35.91024],[136.09366,35.91077],[136.09259,35.91186],[136.09317,35.9166],[136.08843,35.92292],[136.08804,35.9231],[136.08686,35.92146],[136.08525,35.92072],[136.08433,35.92189],[136.08542,35.92299],[136.08282,35.92397],[136.07942,35.92625],[136.07836,35.92618],[136.07815,35.92529],[136.07682,35.92482],[136.07692,35.92385],[136.07532,35.92314],[136.07442,35.9234],[136.0742,35.92217],[136.07346,35.92177],[136.07304,35.9195],[136.06915,35.91732],[136.06771,35.91781],[136.06628,35.91743],[136.0644,35.91826],[136.06124,35.91709],[136.05821,35.9182],[136.05832,35.91901],[136.05647,35.91949],[136.0556,35.91821],[136.05465,35.91784],[136.04825,35.9172],[136.04388,35.91268],[136.04402,35.91114],[136.04327,35.90942],[136.04389,35.90856],[136.04366,35.90672],[136.04235,35.90395],[136.03833,35.9034],[136.03716,35.90377],[136.02834,35.9001],[136.02737,35.90042],[136.02595,35.90265],[136.02512,35.90237],[136.02398,35.90038],[136.02415,35.89884],[136.02312,35.89596],[136.01985,35.89417],[136.02054,35.89213],[136.02049,35.88892],[136.01859,35.88804],[136.01957,35.88619],[136.01885,35.88507],[136.01993,35.88401],[136.01899,35.88293],[136.01944,35.88071],[136.0191,35.87999],[136.01969,35.87841],[136.01897,35.87726],[136.0152,35.87492],[136.01326,35.87291],[136.01135,35.87217],[136.00862,35.87501],[136.00664,35.87618],[136.00558,35.87759],[136.00348,35.8785],[136.00335,35.8792],[136.00266,35.87911],[136.00206,35.88076],[136.00107,35.88167],[136.0002,35.88204],[135.99949,35.88164],[135.99856,35.88182],[135.99972,35.88213],[135.99931,35.88259],[135.99977,35.88287],[135.9978,35.88432],[135.99692,35.8872],[135.99534,35.88715],[135.994,35.88783],[135.99394,35.88753],[135.99479,35.8874],[135.99501,35.88689],[135.99347,35.88758],[135.99487,35.88957],[135.99524,35.8894],[135.99562,35.89029],[135.99606,35.89009],[135.99633,35.89054],[135.99504,35.8916],[135.99496,35.89277],[135.99566,35.89317],[135.99539,35.89384],[135.99278,35.89463],[135.99359,35.89503],[135.99464,35.89478],[135.99476,35.89524],[135.99501,35.89487],[135.99536,35.89537],[135.99501,35.89568],[135.99542,35.89671],[135.9949,35.89681],[135.99485,35.89579],[135.99445,35.89544],[135.99519,35.8985],[135.99716,35.90058],[135.99673,35.90098],[135.99704,35.90077],[135.99744,35.90176],[135.99648,35.90114],[135.99686,35.90178],[135.99748,35.9018],[135.99781,35.90318],[135.99743,35.90337],[135.99743,35.90494],[135.99779,35.90504],[135.9974,35.90504],[135.99669,35.90701],[135.9969,35.90918],[135.99634,35.91018],[135.99568,35.91023],[135.99607,35.91081],[135.99565,35.911],[135.99556,35.91118],[135.99645,35.91097],[135.99516,35.91231],[135.99511,35.91302],[135.99557,35.91587],[135.99668,35.91684],[135.99607,35.91806],[135.99687,35.91893],[135.99701,35.92226],[135.99808,35.9255],[135.99811,35.9275],[135.9959,35.92786],[135.99586,35.92855],[135.99745,35.92862],[135.9973,35.93108],[135.99685,35.93111],[135.9971,35.93131],[135.99766,35.93095],[135.99786,35.92976],[135.99849,35.93016],[135.99806,35.93171],[135.99727,35.93165],[135.99665,35.93465],[135.9972,35.9348],[135.99622,35.93511],[135.99739,35.93491],[135.99681,35.93525],[135.99716,35.93534],[135.99675,35.9359],[135.99581,35.93527],[135.99606,35.93576],[135.99459,35.93542],[135.99427,35.9361],[135.99533,35.93645],[135.9946,35.93765],[135.99347,35.93788],[135.99476,35.93772],[135.99483,35.93876],[135.99422,35.93843],[135.99447,35.93889],[135.99386,35.93926],[135.99328,35.93903],[135.99352,35.93837],[135.99317,35.93828],[135.99243,35.94035],[135.99178,35.94077],[135.99269,35.94102],[135.99124,35.94117],[135.99011,35.94228],[135.98971,35.9422],[135.98998,35.94202],[135.99002,35.94182],[135.98897,35.94249],[135.98818,35.9423],[135.98926,35.94128],[135.99019,35.94135],[135.99116,35.94036],[135.99262,35.93697],[135.99192,35.93647],[135.99231,35.93706],[135.99103,35.94033],[135.99023,35.94111],[135.98898,35.94101],[135.98733,35.94288],[135.98677,35.94296],[135.98734,35.94332],[135.98669,35.94396],[135.98562,35.94406],[135.98688,35.94466],[135.98638,35.94607],[135.98741,35.94598],[135.98666,35.94721],[135.98666,35.94673],[135.98595,35.94561],[135.98527,35.94564],[135.98587,35.94581],[135.98684,35.94779],[135.98569,35.94938],[135.98662,35.94905],[135.98612,35.94987],[135.9855,35.94978],[135.98607,35.94996],[135.98559,35.95155],[135.98521,35.95146],[135.98534,35.95047],[135.98488,35.94996],[135.98529,35.94926],[135.98514,35.94903],[135.98445,35.94987],[135.98523,35.95046],[135.985,35.9515],[135.98566,35.95163],[135.98535,35.95215],[135.98459,35.95226],[135.98352,35.95187],[135.98363,35.95154],[135.98251,35.9534],[135.98279,35.95365],[135.9816,35.95422],[135.98193,35.95515],[135.9811,35.95489],[135.98083,35.95491],[135.98053,35.95522],[135.98161,35.95507],[135.98147,35.95571],[135.97935,35.95625],[135.978,35.95581],[135.97872,35.95652],[135.97771,35.95651],[135.97763,35.95701],[135.97468,35.95852],[135.97447,35.95821],[135.97374,35.95881],[135.97326,35.95852],[135.97301,35.95884],[135.97356,35.95895],[135.97328,35.95926],[135.97367,35.96012],[135.97158,35.96079],[135.97163,35.96182],[135.97052,35.96177],[135.96941,35.96237],[135.97022,35.96242],[135.96967,35.96274],[135.97011,35.96308],[135.9691,35.96417],[135.96908,35.96496],[135.96829,35.96522],[135.96733,35.96652],[135.96837,35.96772],[135.96845,35.9681],[135.96803,35.96812],[135.96832,35.96857],[135.9678,35.96826],[135.96758,35.96829],[135.96811,35.9685],[135.96749,35.96897],[135.96709,35.96871],[135.96747,35.96902],[135.96678,35.96982],[135.96325,35.97101],[135.96276,35.97173],[135.96193,35.9717],[135.95968,35.9756],[135.95841,35.97628],[135.95952,35.97634],[135.95837,35.97698],[135.96045,35.97709],[135.96084,35.9782],[135.96007,35.97864],[135.96065,35.97897],[135.95992,35.97914],[135.96054,35.97929],[135.95908,35.97973],[135.95992,35.9798],[135.95926,35.98083],[135.95772,35.98176],[135.95813,35.98221],[135.95774,35.98249],[135.9586,35.98278],[135.95819,35.98328]]]}},{"type":"Feature","properties":{"id":"muni-18442","name":"美浜町"},"geometry":{"type":"MultiPolygon","coordinates":[[[[135.90071,35.59264],[135.90171,35.5909],[135.90418,35.59075],[135.90457,35.58964],[135.90576,35.58919],[135.90594,35.58855],[135.9048,35.58751],[135.90354,35.58754],[135.90232,35.58875],[135.89994,35.58919],[135.8977,35.59183],[135.89888,35.59284],[135.90071,35.59264]]],[[[135.89096,35.59405],[135.89632,35.59276],[135.89797,35.59289],[135.89598,35.59171],[135.89292,35.5914],[135.89059,35.59201],[135.89041,35.59252],[135.88991,35.59209],[135.88961,35.59244],[135.89006,35.59361],[135.89096,35.59405]]],[[[135.82295,35.64402],[135.82409,35.64342],[135.82481,35.64362],[135.82506,35.64172],[135.82807,35.63874],[135.82992,35.63906],[135.83184,35.63857],[135.83411,35.63669],[135.8359,35.63606],[135.83813,35.63665],[135.83998,35.63773],[135.84068,35.63701],[135.84383,35.63682],[135.84623,35.6354],[135.8449,35.63402],[135.84552,35.63274],[135.84497,35.63171],[135.84522,35.63127],[135.84467,35.631],[135.8448,35.62877],[135.84329,35.62771],[135.84402,35.62591],[135.84528,35.62559],[135.84537,35.62485],[135.84605,35.62462],[135.84628,35.62394],[135.84876,35.62284],[135.85225,35.62355],[135.85356,35.62424],[135.85397,35.62499],[135.85648,35.62444],[135.85855,35.62336],[135.85927,35.62378],[135.859,35.62345],[135.86024,35.6212],[135.85922,35.61968],[135.85769,35.61985],[135.85694,35.61882],[135.85731,35.616],[135.85654,35.61576],[135.85675,35.61483],[135.85856,35.6131],[135.85886,35.6115],[135.8594,35.61096],[135.86101,35.61037],[135.86271,35.61081],[135.86438,35.61036],[135.86483,35.61068],[135.86591,35.60857],[135.86733,35.60806],[135.87027,35.60827],[135.87162,35.60953],[135.87533,35.60993],[135.87695,35.61055],[135.87729,35.61233],[135.87938,35.61604],[135.88318,35.61657],[135.88364,35.61726],[135.88405,35.61699],[135.8844,35.61769],[135.88508,35.61784],[135.886,35.61695],[135.88887,35.61563],[135.89059,35.61324],[135.89207,35.61327],[135.89155,35.61287],[135.89179,35.61176],[135.89206,35.61234],[135.89231,35.61266],[135.89198,35.61175],[135.89349,35.61161],[135.89554,35.61395],[135.8935,35.61389],[135.89297,35.61424],[135.89563,35.61423],[135.8964,35.61528],[135.89432,35.61978],[135.89562,35.62201],[135.89753,35.62223],[135.89878,35.62402],[135.90476,35.6235],[135.90547,35.62442],[135.90668,35.62441],[135.90651,35.62493],[135.9072,35.6246],[135.90692,35.62529],[135.90789,35.62434],[135.90833,35.62299],[135.90837,35.62129],[135.90771,35.61988],[135.90814,35.61897],[135.91057,35.61704],[135.90796,35.61868],[135.90758,35.61732],[135.90789,35.61642],[135.90754,35.61628],[135.90848,35.61646],[135.9076,35.61604],[135.90811,35.61537],[135.90791,35.61469],[135.90928,35.61326],[135.91125,35.61387],[135.91268,35.6131],[135.91231,35.61287],[135.91282,35.61257],[135.91197,35.61171],[135.91175,35.61062],[135.91294,35.60953],[135.91802,35.60908],[135.92381,35.60952],[135.93313,35.61238],[135.93803,35.61452],[135.93876,35.61313],[135.93898,35.614],[135.93827,35.61465],[135.93976,35.61556],[135.94081,35.61714],[135.94074,35.61822],[135.93992,35.61831],[135.94001,35.61883],[135.94197,35.61895],[135.94389,35.62014],[135.94457,35.62089],[135.94474,35.62248],[135.94439,35.62275],[135.94502,35.62307],[135.94485,35.6238],[135.94575,35.6237],[135.94715,35.62449],[135.94823,35.62614],[135.95016,35.62656],[135.95052,35.62735],[135.95019,35.62753],[135.95127,35.62785],[135.95144,35.62855],[135.95,35.62949],[135.94953,35.63081],[135.94813,35.63136],[135.94832,35.63178],[135.94782,35.63169],[135.94995,35.63387],[135.95161,35.63367],[135.95486,35.6342],[135.95386,35.63128],[135.95455,35.62909],[135.95673,35.62742],[135.95938,35.62621],[135.9601,35.62633],[135.96007,35.62576],[135.961,35.62466],[135.96171,35.62475],[135.96091,35.62428],[135.96145,35.62428],[135.96187,35.6228],[135.96322,35.62192],[135.96563,35.62175],[135.97112,35.62327],[135.97696,35.62649],[135.98094,35.63033],[135.985,35.6364],[135.9862,35.63966],[135.98621,35.64204],[135.98565,35.6432],[135.98431,35.64383],[135.98227,35.64579],[135.98235,35.64623],[135.98077,35.64695],[135.97972,35.64911],[135.97787,35.65054],[135.97629,35.65102],[135.97468,35.65466],[135.97399,35.65436],[135.97237,35.6553],[135.97287,35.6563],[135.97233,35.65571],[135.97144,35.65579],[135.97165,35.65609],[135.97105,35.65644],[135.96876,35.65568],[135.96901,35.65644],[135.96791,35.65637],[135.9668,35.65481],[135.96712,35.65443],[135.96815,35.65571],[135.9682,35.65569],[135.96714,35.65441],[135.96795,35.65352],[135.96833,35.65368],[135.96792,35.65343],[135.96619,35.65546],[135.96617,35.65564],[135.96314,35.65668],[135.96308,35.65725],[135.96393,35.65807],[135.9657,35.65858],[135.96679,35.65975],[135.96676,35.66104],[135.96599,35.66272],[135.96652,35.66339],[135.9669,35.66723],[135.96721,35.66773],[135.96807,35.66778],[135.96899,35.66921],[135.96861,35.67001],[135.96899,35.67092],[135.96876,35.67217],[135.96515,35.67431],[135.96808,35.67413],[135.97237,35.67655],[135.97559,35.68206],[135.97568,35.68366],[135.9765,35.68401],[135.97752,35.68675],[135.97733,35.68597],[135.97731,35.685],[135.97849,35.68564],[135.97745,35.6851],[135.97761,35.68674],[135.97751,35.68785],[135.97649,35.68845],[135.97674,35.68907],[135.97613,35.68963],[135.97639,35.69406],[135.97521,35.6986],[135.97581,35.69853],[135.9752,35.69869],[135.97485,35.69862],[135.97377,35.70105],[135.97112,35.70306],[135.97079,35.70398],[135.97119,35.70735],[135.9731,35.7073],[135.97226,35.70914],[135.97134,35.70998],[135.9719,35.71011],[135.97127,35.7108],[135.97176,35.71099],[135.9711,35.71085],[135.97146,35.71094],[135.9711,35.71181],[135.96968,35.71201],[135.96952,35.71145],[135.96483,35.71044],[135.96338,35.70937],[135.96163,35.70628],[135.96101,35.70593],[135.96125,35.70446],[135.96214,35.70436],[135.96367,35.70537],[135.96433,35.70682],[135.96601,35.7067],[135.96633,35.70579],[135.96594,35.70572],[135.96588,35.7047],[135.96664,35.70282],[135.96636,35.70181],[135.96665,35.7016],[135.9668,35.70175],[135.96687,35.70227],[135.96693,35.70227],[135.96684,35.70172],[135.96599,35.70095],[135.96451,35.701],[135.96424,35.70048],[135.96224,35.69962],[135.96067,35.69975],[135.95983,35.70034],[135.95949,35.70182],[135.95565,35.70303],[135.95598,35.70418],[135.95705,35.70376],[135.95916,35.70567],[135.95952,35.70818],[135.95851,35.71105],[135.95865,35.71387],[135.9594,35.71632],[135.95697,35.71879],[135.95455,35.7201],[135.95419,35.72203],[135.95501,35.72335],[135.95615,35.72379],[135.95629,35.72479],[135.95747,35.72626],[135.95885,35.72719],[135.96169,35.72736],[135.96213,35.72782],[135.96201,35.72954],[135.96382,35.73005],[135.96463,35.73013],[135.96571,35.72945],[135.96877,35.72472],[135.96937,35.72522],[135.97001,35.72475],[135.97309,35.72537],[135.9767,35.72454],[135.98294,35.72476],[135.98578,35.72429],[135.98637,35.72527],[135.98925,35.72621],[135.99016,35.72604],[135.99128,35.72678],[135.9932,35.72703],[135.9954,35.72605],[135.99851,35.72775],[136.00317,35.72876],[136.0046,35.73004],[136.0067,35.72996],[136.00785,35.72867],[136.00947,35.72805],[136.01037,35.72616],[136.01254,35.72478],[136.01251,35.7212],[136.01303,35.72059],[136.01288,35.7187],[136.01349,35.71732],[136.01213,35.71528],[136.01159,35.71142],[136.01025,35.70988],[136.01092,35.70821],[136.01215,35.70737],[136.01062,35.70429],[136.01026,35.70138],[136.01116,35.69891],[136.01263,35.6973],[136.01112,35.69587],[136.0107,35.69353],[136.01168,35.69083],[136.01132,35.69022],[136.01198,35.68952],[136.01088,35.6877],[136.01282,35.68404],[136.01153,35.68299],[136.01107,35.68102],[136.00915,35.67844],[136.00911,35.67756],[136.01053,35.67584],[136.00961,35.67436],[136.00996,35.67324],[136.00938,35.67065],[136.00995,35.66938],[136.01117,35.66915],[136.01222,35.66805],[136.01337,35.6676],[136.01362,35.66677],[136.01312,35.66525],[136.01041,35.66249],[136.00812,35.66101],[136.00817,35.66001],[136.00712,35.65941],[136.00648,35.65832],[136.00502,35.65799],[136.00322,35.65569],[136.00154,35.65456],[135.99869,35.65387],[135.99822,35.65239],[136.00001,35.64866],[136.00129,35.64709],[136.00412,35.64585],[136.00382,35.64427],[136.00569,35.63717],[136.00854,35.63383],[136.00834,35.63299],[136.00911,35.63163],[136.0069,35.62765],[136.00756,35.62709],[136.00764,35.62578],[136.00645,35.62297],[136.0073,35.62035],[136.00675,35.61889],[136.0073,35.61774],[136.007,35.61678],[136.00589,35.6161],[136.00616,35.61383],[136.0084,35.61058],[136.00931,35.61006],[136.00939,35.6092],[136.0084,35.60785],[136.0079,35.60589],[136.00779,35.60079],[136.00706,35.59786],[136.00451,35.5962],[136.00449,35.59554],[136.00537,35.5936],[136.00666,35.59241],[136.00711,35.59016],[136.00937,35.58583],[136.01124,35.58582],[136.01185,35.58492],[136.01385,35.58596],[136.01662,35.58618],[136.01895,35.58709],[136.02026,35.58645],[136.0229,35.58621],[136.02375,35.58624],[136.02506,35.58736],[136.02566,35.58697],[136.02628,35.5861],[136.02702,35.58283],[136.02622,35.58091],[136.02752,35.58042],[136.02881,35.5788],[136.02952,35.57614],[136.02927,35.57445],[136.02971,35.57289],[136.02916,35.57161],[136.02955,35.56891],[136.02853,35.56805],[136.02822,35.56627],[136.02698,35.56483],[136.02473,35.56332],[136.0233,35.56068],[136.02278,35.55816],[136.023,35.5557],[136.02506,35.55115],[136.02387,35.54561],[136.02495,35.54354],[136.02767,35.54234],[136.02662,35.53693],[136.02747,35.53497],[136.02642,35.52981],[136.02791,35.52909],[136.02733,35.52781],[136.02788,35.5269],[136.02705,35.52504],[136.02808,35.52462],[136.0288,35.52336],[136.02714,35.52195],[136.02313,35.51982],[136.02303,35.51816],[136.02016,35.5119],[136.017,35.51235],[136.01556,35.51212],[136.01501,35.51155],[136.01552,35.5108],[136.01486,35.50832],[136.0137,35.50793],[136.01159,35.50473],[136.01194,35.50094],[136.0106,35.49986],[136.01165,35.49758],[136.0105,35.49548],[136.0087,35.49371],[136.00701,35.49328],[136.00669,35.49173],[136.00424,35.49096],[136.0022,35.49188],[135.99813,35.49136],[135.99634,35.49214],[135.99289,35.49138],[135.98884,35.49194],[135.9864,35.48987],[135.98473,35.48924],[135.98281,35.48727],[135.98091,35.48655],[135.97928,35.48908],[135.97872,35.49121],[135.97621,35.49369],[135.97443,35.49749],[135.97314,35.4982],[135.97238,35.50016],[135.96995,35.50104],[135.96884,35.50232],[135.96688,35.50287],[135.96374,35.50145],[135.96224,35.50135],[135.96068,35.50207],[135.95783,35.50567],[135.95431,35.50558],[135.95261,35.50602],[135.9517,35.50751],[135.95225,35.50957],[135.95158,35.51039],[135.9517,35.5119],[135.94693,35.52053],[135.95109,35.52463],[135.95254,35.52471],[135.95293,35.52557],[135.95419,35.52607],[135.95364,35.52816],[135.954,35.52922],[135.95345,35.53042],[135.95373,35.53155],[135.95287,35.53238],[135.95391,35.53445],[135.95396,35.53559],[135.9528,35.53911],[135.95273,35.54099],[135.95143,35.54227],[135.95004,35.54601],[135.94873,35.54649],[135.94642,35.55001],[135.9448,35.55095],[135.94634,35.55535],[135.94559,35.55606],[135.94508,35.55787],[135.94352,35.55894],[135.94255,35.56217],[135.94373,35.56549],[135.94264,35.56606],[135.94233,35.56725],[135.94174,35.56767],[135.94161,35.57124],[135.93988,35.57429],[135.93734,35.57574],[135.93633,35.57773],[135.93428,35.57813],[135.9315,35.57971],[135.92472,35.57927],[135.91709,35.58006],[135.91648,35.58242],[135.91505,35.5828],[135.9154,35.58424],[135.9167,35.58427],[135.91536,35.58481],[135.91492,35.58587],[135.91186,35.58662],[135.91145,35.58855],[135.9078,35.58968],[135.90856,35.59114],[135.90748,35.59149],[135.90901,35.59462],[135.90538,35.60055],[135.90391,35.6],[135.90411,35.59964],[135.90273,35.59807],[135.90137,35.59824],[135.901,35.59918],[135.90126,35.60169],[135.90221,35.6032],[135.90102,35.60437],[135.90024,35.60416],[135.89749,35.60156],[135.89664,35.60172],[135.89601,35.60108],[135.89477,35.60097],[135.89316,35.59935],[135.88911,35.59781],[135.88557,35.59878],[135.88451,35.60172],[135.88348,35.60233],[135.8816,35.60659],[135.87939,35.60835],[135.87765,35.60839],[135.87409,35.60742],[135.87448,35.60415],[135.87164,35.60284],[135.87016,35.60127],[135.86547,35.60243],[135.86085,35.60649],[135.85805,35.60698],[135.85561,35.60806],[135.85054,35.61325],[135.84818,35.61476],[135.84815,35.61758],[135.84705,35.61814],[135.84464,35.62168],[135.83986,35.62704],[135.84089,35.63299],[135.83965,35.63459],[135.83839,35.63493],[135.8342,35.6344],[135.83034,35.63728],[135.82794,35.63757],[135.82599,35.63922],[135.82416,35.63966],[135.8219,35.64123],[135.82058,35.64151],[135.81749,35.64092],[135.81585,35.64132],[135.81468,35.64223],[135.81573,35.64209],[135.81715,35.64339],[135.8187,35.64396],[135.82295,35.64402]]]]}},{"type":"Feature","properties":{"id":"muni-18481","name":"高浜町"},"geometry":{"type":"MultiPolygon","coordinates":[[[[135.54707,35.49487],[135.54712,35.49571],[135.54779,35.49573],[135.54707,35.49487]]],[[[135.54588,35.49648],[135.54596,35.49573],[135.54544,35.49534],[135.54444,35.49599],[135.54513,35.49668],[135.54588,35.49648]]],[[[135.56894,35.49742],[135.56794,35.49683],[135.56784,35.49753],[135.56874,35.49803],[135.56894,35.49742]]],[[[135.56943,35.50039],[135.56925,35.50011],[135.5686,35.50013],[135.5688,35.50046],[135.56943,35.50039]]],[[[135.47699,35.53272],[135.4776,35.53395],[135.47842,35.53364],[135.47836,35.53413],[135.47924,35.53487],[135.48089,35.53539],[135.48172,35.53528],[135.4827,35.53412],[135.48346,35.53421],[135.48365,35.53244],[135.48225,35.53013],[135.47945,35.52771],[135.47771,35.52552],[135.47876,35.52363],[135.48012,35.52246],[135.48075,35.52219],[135.48094,35.52251],[135.48102,35.52183],[135.48305,35.52209],[135.48421,35.52324],[135.48591,35.52233],[135.48719,35.52262],[135.48743,35.52313],[135.48623,35.52502],[135.48789,35.5246],[135.4886,35.5251],[135.48861,35.52909],[135.49076,35.5306],[135.49347,35.52805],[135.49271,35.52445],[135.49379,35.52404],[135.49286,35.52433],[135.49184,35.5235],[135.49267,35.52285],[135.49326,35.52345],[135.49284,35.52274],[135.49472,35.52221],[135.49574,35.52294],[135.49568,35.52376],[135.49697,35.52508],[135.50177,35.524],[135.50267,35.52479],[135.50281,35.52608],[135.5034,35.52675],[135.5026,35.52871],[135.50369,35.5299],[135.50335,35.53055],[135.50219,35.53087],[135.5031,35.53228],[135.50278,35.5333],[135.5045,35.53364],[135.50576,35.53283],[135.5077,35.53519],[135.50786,35.53468],[135.50797,35.535],[135.51013,35.53449],[135.51001,35.53691],[135.50836,35.53717],[135.50745,35.53881],[135.50691,35.53859],[135.50668,35.53766],[135.50684,35.53861],[135.50348,35.54006],[135.50285,35.53969],[135.50286,35.54005],[135.5012,35.54016],[135.49795,35.539],[135.49614,35.5396],[135.49416,35.53868],[135.49606,35.53968],[135.49556,35.54087],[135.49598,35.54118],[135.49833,35.5408],[135.49949,35.54166],[135.50178,35.54176],[135.50231,35.54249],[135.49944,35.54764],[135.50029,35.54883],[135.50005,35.54956],[135.49895,35.55024],[135.49938,35.55117],[135.49936,35.55211],[135.49883,35.55243],[135.49919,35.55377],[135.50017,35.5535],[135.50048,35.55393],[135.50075,35.55344],[135.5019,35.5534],[135.50238,35.55156],[135.50356,35.55065],[135.50369,35.54939],[135.50645,35.54958],[135.50736,35.55049],[135.50792,35.54936],[135.50926,35.54886],[135.51093,35.54872],[135.51187,35.54921],[135.51278,35.54885],[135.51305,35.54939],[135.5142,35.54888],[135.51485,35.54914],[135.51489,35.54964],[135.51569,35.5488],[135.51549,35.54987],[135.51667,35.54992],[135.51597,35.55062],[135.51623,35.55137],[135.51821,35.54974],[135.51848,35.54908],[135.51801,35.54866],[135.51806,35.54786],[135.51871,35.54718],[135.51815,35.54666],[135.51812,35.54413],[135.5167,35.5417],[135.51648,35.53963],[135.51415,35.53592],[135.51467,35.53528],[135.51704,35.53524],[135.51717,35.53459],[135.51614,35.53431],[135.51606,35.53463],[135.5157,35.53473],[135.51606,35.53413],[135.51456,35.53264],[135.51457,35.53211],[135.51323,35.53164],[135.51384,35.53132],[135.51363,35.5306],[135.51542,35.53111],[135.51634,35.53026],[135.51682,35.52934],[135.51669,35.52846],[135.51541,35.52854],[135.51533,35.5276],[135.51717,35.52657],[135.51573,35.52483],[135.51276,35.5235],[135.51241,35.52292],[135.51305,35.52168],[135.51393,35.52183],[135.5147,35.5212],[135.51426,35.52003],[135.51444,35.51889],[135.51353,35.5182],[135.51415,35.51744],[135.51359,35.51562],[135.51125,35.51447],[135.51129,35.51426],[135.51072,35.51388],[135.51077,35.51344],[135.51066,35.51389],[135.51121,35.51432],[135.51087,35.51479],[135.50952,35.51442],[135.50956,35.51379],[135.51,35.51374],[135.50908,35.51381],[135.50887,35.51198],[135.50935,35.51071],[135.51042,35.51048],[135.50993,35.51003],[135.51053,35.50892],[135.50752,35.50788],[135.5072,35.5071],[135.50752,35.50538],[135.5089,35.50417],[135.50843,35.5033],[135.51044,35.50104],[135.51417,35.50119],[135.51453,35.49929],[135.51436,35.49977],[135.51329,35.49967],[135.51406,35.4995],[135.51362,35.49936],[135.5135,35.49832],[135.51446,35.49646],[135.51413,35.49607],[135.51495,35.49611],[135.51782,35.49413],[135.52203,35.49309],[135.52846,35.49064],[135.52874,35.48984],[135.52943,35.49019],[135.53528,35.4885],[135.54043,35.48955],[135.54064,35.49009],[135.54167,35.4903],[135.54136,35.49048],[135.54222,35.49048],[135.54247,35.49076],[135.54211,35.49089],[135.54249,35.49111],[135.54291,35.49087],[135.54317,35.49124],[135.54282,35.49137],[135.5432,35.49159],[135.54329,35.49121],[135.54388,35.49148],[135.54354,35.49185],[135.54428,35.49187],[135.54457,35.49227],[135.54407,35.49235],[135.54494,35.49248],[135.54514,35.49285],[135.54471,35.49293],[135.54555,35.49307],[135.54536,35.49349],[135.54564,35.49373],[135.54602,35.49332],[135.54656,35.49422],[135.54739,35.49421],[135.54661,35.49394],[135.54698,35.49328],[135.54893,35.4927],[135.55003,35.4931],[135.54996,35.49363],[135.55003,35.49391],[135.55018,35.49293],[135.55063,35.49269],[135.55134,35.49368],[135.55082,35.49403],[135.55153,35.49399],[135.55154,35.4944],[135.55028,35.49431],[135.55016,35.4944],[135.54924,35.4944],[135.5488,35.49454],[135.55102,35.49463],[135.5512,35.49569],[135.55058,35.49658],[135.55098,35.49717],[135.55175,35.49714],[135.55115,35.49785],[135.55244,35.49836],[135.55212,35.4974],[135.55316,35.49682],[135.55228,35.49551],[135.55375,35.49545],[135.55303,35.4963],[135.55325,35.49653],[135.55539,35.49545],[135.5548,35.49464],[135.55401,35.49482],[135.55343,35.49416],[135.55344,35.49334],[135.55388,35.49363],[135.554,35.49314],[135.55346,35.49328],[135.5539,35.49229],[135.55429,35.4926],[135.55452,35.49224],[135.55396,35.4922],[135.55484,35.49164],[135.55417,35.49142],[135.5561,35.49056],[135.55628,35.49154],[135.55704,35.49129],[135.55662,35.49136],[135.55618,35.49052],[135.5573,35.49022],[135.5627,35.49021],[135.56427,35.49064],[135.56436,35.49112],[135.56468,35.48985],[135.56502,35.49132],[135.56504,35.49068],[135.56889,35.49242],[135.56868,35.49267],[135.57188,35.49212],[135.57484,35.49334],[135.57573,35.4949],[135.57451,35.49489],[135.5738,35.49539],[135.57353,35.49589],[135.57384,35.49544],[135.57504,35.49551],[135.57499,35.49605],[135.57581,35.49615],[135.57636,35.49573],[135.5762,35.49478],[135.57682,35.49437],[135.57765,35.49481],[135.57729,35.4957],[135.57576,35.49703],[135.57266,35.49667],[135.57291,35.49707],[135.5762,35.49728],[135.57702,35.49977],[135.58024,35.5],[135.58064,35.49992],[135.58084,35.49969],[135.57829,35.49982],[135.57834,35.49918],[135.57858,35.49952],[135.57917,35.49923],[135.57916,35.49956],[135.58002,35.4992],[135.57919,35.49905],[135.57924,35.49856],[135.58012,35.49844],[135.57953,35.49839],[135.57957,35.49799],[135.58028,35.49806],[135.58074,35.49817],[135.58066,35.49914],[135.58076,35.4984],[135.58429,35.49926],[135.58781,35.50054],[135.58885,35.50156],[135.58884,35.5021],[135.59268,35.50302],[135.59318,35.50405],[135.59928,35.51027],[135.59918,35.51105],[135.59993,35.5111],[135.59985,35.51176],[135.60098,35.51166],[135.60205,35.51374],[135.6027,35.51415],[135.60446,35.51187],[135.60886,35.50994],[135.60846,35.50767],[135.60902,35.50688],[135.61052,35.5062],[135.60787,35.50274],[135.60842,35.50112],[135.60757,35.49837],[135.60616,35.4986],[135.60351,35.49808],[135.60357,35.49392],[135.60511,35.49238],[135.60616,35.49026],[135.60408,35.49122],[135.59972,35.49175],[135.59771,35.4925],[135.59711,35.49322],[135.59693,35.49338],[135.59671,35.49351],[135.59766,35.49252],[135.59686,35.49215],[135.59087,35.49526],[135.59029,35.49466],[135.58528,35.49399],[135.58079,35.48993],[135.58139,35.48928],[135.58285,35.48968],[135.58377,35.49069],[135.59242,35.49043],[135.5924,35.48997],[135.59502,35.4885],[135.59701,35.48773],[135.59886,35.48762],[135.60236,35.48474],[135.60066,35.48341],[135.60239,35.48472],[135.60395,35.48326],[135.60486,35.48362],[135.60382,35.47981],[135.60077,35.47737],[135.59971,35.4759],[135.59976,35.47488],[135.60063,35.47352],[135.59963,35.47211],[135.59715,35.47148],[135.59682,35.46944],[135.5948,35.46817],[135.59174,35.46862],[135.59035,35.46736],[135.58854,35.46754],[135.58539,35.46667],[135.58044,35.46943],[135.57927,35.46943],[135.57741,35.46782],[135.57377,35.46772],[135.57188,35.4661],[135.56927,35.46644],[135.56851,35.46592],[135.56313,35.4648],[135.5627,35.4641],[135.56156,35.46365],[135.56132,35.46099],[135.55943,35.46107],[135.55722,35.46008],[135.55588,35.46104],[135.55278,35.46106],[135.55089,35.46013],[135.54987,35.46084],[135.5493,35.46022],[135.5464,35.4592],[135.54518,35.46005],[135.54354,35.46042],[135.54236,35.46031],[135.54159,35.45941],[135.53638,35.46003],[135.53327,35.45888],[135.53125,35.45871],[135.52964,35.45753],[135.52901,35.45722],[135.52853,35.45751],[135.52492,35.45542],[135.5227,35.45899],[135.52097,35.46065],[135.51779,35.4615],[135.51605,35.46307],[135.5144,35.46179],[135.51,35.46114],[135.50676,35.45947],[135.50467,35.45664],[135.5022,35.45501],[135.50019,35.45436],[135.49964,35.45296],[135.49626,35.45091],[135.49554,35.44969],[135.49294,35.45106],[135.49164,35.45125],[135.49019,35.44967],[135.4873,35.44965],[135.48609,35.44859],[135.48403,35.44801],[135.48263,35.44852],[135.4807,35.44819],[135.47508,35.45178],[135.47283,35.45381],[135.47095,35.4539],[135.47024,35.45453],[135.47074,35.45555],[135.46932,35.45825],[135.46473,35.46185],[135.46294,35.46213],[135.46053,35.46524],[135.45992,35.46718],[135.45833,35.46853],[135.4597,35.47049],[135.45915,35.47319],[135.46279,35.47907],[135.46623,35.48179],[135.46693,35.48398],[135.4695,35.48479],[135.46929,35.48668],[135.47039,35.48927],[135.47286,35.48985],[135.47463,35.48807],[135.47531,35.48832],[135.47521,35.48908],[135.47661,35.49003],[135.47559,35.49098],[135.47589,35.49238],[135.47501,35.49359],[135.47377,35.49425],[135.47446,35.4951],[135.47441,35.49636],[135.47269,35.50092],[135.4749,35.50446],[135.47619,35.50567],[135.473,35.50826],[135.47127,35.50833],[135.47007,35.50937],[135.4667,35.50991],[135.46538,35.51093],[135.46388,35.51308],[135.45992,35.51438],[135.45592,35.51749],[135.45427,35.518],[135.45161,35.52024],[135.45022,35.52058],[135.44937,35.52347],[135.44935,35.52589],[135.44987,35.52724],[135.45125,35.52788],[135.45185,35.53088],[135.45355,35.5321],[135.45434,35.5337],[135.45432,35.53785],[135.46038,35.54389],[135.45997,35.54646],[135.46048,35.54874],[135.46352,35.54972],[135.46621,35.55163],[135.47226,35.55373],[135.47485,35.55386],[135.4774,35.55518],[135.48038,35.55558],[135.4868,35.558],[135.48682,35.55716],[135.48523,35.55576],[135.4847,35.55452],[135.48375,35.55429],[135.4836,35.55274],[135.4812,35.55234],[135.47998,35.5515],[135.48004,35.55031],[135.47988,35.55152],[135.47856,35.55113],[135.47889,35.54984],[135.47719,35.54878],[135.47833,35.54741],[135.47982,35.54666],[135.47931,35.54362],[135.47837,35.54291],[135.47815,35.54208],[135.47642,35.54187],[135.47638,35.54271],[135.47561,35.54308],[135.47444,35.54185],[135.47398,35.54208],[135.47388,35.54173],[135.47437,35.54162],[135.4743,35.54143],[135.47327,35.54081],[135.47308,35.54016],[135.47489,35.5385],[135.47471,35.53807],[135.47335,35.53741],[135.47296,35.53666],[135.47224,35.53673],[135.47138,35.53573],[135.47039,35.53603],[135.46973,35.53598],[135.46863,35.53526],[135.46683,35.53526],[135.46854,35.53512],[135.46969,35.53585],[135.4713,35.53561],[135.47179,35.5358],[135.47226,35.53462],[135.47216,35.53395],[135.4699,35.5337],[135.46842,35.53233],[135.46812,35.53172],[135.46911,35.52996],[135.46814,35.52949],[135.46797,35.52928],[135.46915,35.52993],[135.47,35.52972],[135.47076,35.53059],[135.47109,35.53015],[135.47154,35.53083],[135.47366,35.53193],[135.47387,35.53104],[135.47309,35.52932],[135.47381,35.52979],[135.47484,35.52934],[135.47451,35.53008],[135.47556,35.53098],[135.47526,35.53283],[135.47598,35.53336],[135.47699,35.53272]]],[[[135.51602,35.51788],[135.51659,35.5181],[135.51587,35.51752],[135.51563,35.5183],[135.516,35.5185],[135.51602,35.51788]]],[[[135.51836,35.53609],[135.51905,35.53548],[135.51873,35.53472],[135.51742,35.53571],[135.51819,35.53656],[135.5187,35.53641],[135.51836,35.53609]]]]}},{"type":"Feature","properties":{"id":"muni-18483","name":"おおい町"},"geometry":{"type":"MultiPolygon","coordinates":[[[[135.52701,35.41878],[135.52412,35.42171],[135.5225,35.42189],[135.52085,35.42291],[135.5155,35.42194],[135.51412,35.42318],[135.51264,35.42323],[135.5105,35.42454],[135.50803,35.42308],[135.50563,35.42085],[135.50441,35.42094],[135.50204,35.42008],[135.50049,35.42225],[135.50053,35.42326],[135.50005,35.42383],[135.49805,35.42498],[135.49633,35.42505],[135.49523,35.42615],[135.4965,35.42783],[135.49545,35.4293],[135.49673,35.43103],[135.4983,35.43248],[135.50033,35.43243],[135.50074,35.43327],[135.49899,35.43469],[135.49799,35.43731],[135.4958,35.43877],[135.49046,35.43858],[135.48874,35.43877],[135.48815,35.43935],[135.48924,35.44077],[135.4892,35.44165],[135.48726,35.44483],[135.48618,35.44884],[135.4873,35.44965],[135.49019,35.44967],[135.49164,35.45125],[135.49294,35.45106],[135.49554,35.44969],[135.49626,35.45091],[135.49964,35.45296],[135.50019,35.45436],[135.5022,35.45501],[135.50467,35.45664],[135.50676,35.45947],[135.51,35.46114],[135.5144,35.46179],[135.51605,35.46307],[135.51779,35.4615],[135.52097,35.46065],[135.5227,35.45899],[135.52492,35.45542],[135.52853,35.45751],[135.52901,35.45722],[135.52964,35.45753],[135.53125,35.45871],[135.53327,35.45888],[135.53638,35.46003],[135.54159,35.45941],[135.54236,35.46031],[135.54354,35.46042],[135.54518,35.46005],[135.5464,35.4592],[135.5493,35.46022],[135.54987,35.46084],[135.55089,35.46013],[135.55278,35.46106],[135.55588,35.46104],[135.55722,35.46008],[135.55943,35.46107],[135.56132,35.46099],[135.56156,35.46365],[135.5627,35.4641],[135.56313,35.4648],[135.56851,35.46592],[135.56927,35.46644],[135.57188,35.4661],[135.57377,35.46772],[135.57741,35.46782],[135.57927,35.46943],[135.58044,35.46943],[135.58539,35.46667],[135.58854,35.46754],[135.59035,35.46736],[135.59174,35.46862],[135.5948,35.46817],[135.59682,35.46944],[135.59715,35.47148],[135.59936,35.47193],[135.60063,35.47352],[135.59976,35.47488],[135.59971,35.4759],[135.60077,35.47737],[135.60382,35.47981],[135.60486,35.48362],[135.60715,35.48398],[135.60732,35.4832],[135.6072,35.48399],[135.61556,35.48537],[135.61572,35.48499],[135.6156,35.48542],[135.6206,35.48607],[135.62232,35.48398],[135.62327,35.48377],[135.62301,35.48342],[135.62374,35.4828],[135.62513,35.48238],[135.62595,35.48156],[135.6291,35.48332],[135.63087,35.48321],[135.6294,35.48163],[135.63053,35.48107],[135.63156,35.48238],[135.63283,35.48237],[135.63389,35.48166],[135.6328,35.48031],[135.63333,35.47974],[135.63377,35.48013],[135.63545,35.4798],[135.63748,35.47869],[135.63534,35.48019],[135.63599,35.48152],[135.63781,35.48125],[135.63598,35.48144],[135.6356,35.48064],[135.63671,35.47984],[135.63984,35.47917],[135.64007,35.48013],[135.63988,35.47916],[135.64087,35.47889],[135.64392,35.47936],[135.64399,35.48028],[135.64256,35.48048],[135.64404,35.48034],[135.6439,35.47867],[135.63998,35.47782],[135.64138,35.47773],[135.64467,35.47864],[135.64507,35.47646],[135.64479,35.47508],[135.64685,35.47249],[135.64637,35.46973],[135.64753,35.46833],[135.6472,35.46734],[135.6476,35.46601],[135.64847,35.46509],[135.64554,35.46341],[135.64255,35.46277],[135.64139,35.46146],[135.64139,35.46005],[135.64077,35.45869],[135.64136,35.4563],[135.64377,35.45528],[135.64415,35.45441],[135.64658,35.45266],[135.64722,35.45014],[135.64474,35.44958],[135.64413,35.44839],[135.64163,35.44761],[135.64013,35.44767],[135.63933,35.44674],[135.63862,35.44677],[135.63839,35.44726],[135.63639,35.44706],[135.63172,35.44458],[135.62729,35.44586],[135.62441,35.44531],[135.6224,35.44545],[135.62055,35.44284],[135.62108,35.44155],[135.62073,35.44101],[135.61836,35.44135],[135.61766,35.44024],[135.61579,35.44005],[135.61278,35.44113],[135.60886,35.44126],[135.60851,35.44064],[135.60653,35.44047],[135.60617,35.43971],[135.60479,35.43908],[135.60422,35.43795],[135.6023,35.4365],[135.60087,35.43639],[135.60056,35.43527],[135.59907,35.43431],[135.5942,35.43414],[135.5928,35.43456],[135.59142,35.43326],[135.58927,35.43307],[135.5888,35.43261],[135.5887,35.43008],[135.59574,35.42549],[135.59726,35.42553],[135.59836,35.42466],[135.598,35.42256],[135.59878,35.41887],[135.6037,35.41746],[135.60452,35.41581],[135.60724,35.41625],[135.60895,35.41717],[135.61019,35.41705],[135.61124,35.41612],[135.61379,35.41591],[135.61374,35.41509],[135.61531,35.41442],[135.61671,35.41612],[135.61913,35.41708],[135.62023,35.41934],[135.61977,35.42072],[135.6213,35.42222],[135.62242,35.42142],[135.62827,35.42137],[135.62986,35.42251],[135.63032,35.42447],[135.63266,35.42674],[135.63504,35.4259],[135.63689,35.42582],[135.63791,35.42462],[135.63924,35.42518],[135.64121,35.42439],[135.64362,35.41659],[135.64547,35.41729],[135.64798,35.41729],[135.65005,35.41588],[135.65248,35.41618],[135.65426,35.41582],[135.65712,35.4129],[135.65797,35.41354],[135.66101,35.4136],[135.66151,35.41248],[135.66596,35.41021],[135.66792,35.41052],[135.66789,35.41201],[135.66929,35.41383],[135.66951,35.41494],[135.67235,35.41777],[135.68202,35.41865],[135.68177,35.41681],[135.68248,35.41545],[135.68462,35.41526],[135.68825,35.41302],[135.68987,35.41287],[135.69102,35.41156],[135.69252,35.41125],[135.69343,35.41032],[135.69467,35.41072],[135.70202,35.40934],[135.70472,35.41083],[135.70869,35.40945],[135.71268,35.40902],[135.71377,35.4099],[135.7144,35.41181],[135.71642,35.4135],[135.71864,35.41407],[135.71986,35.4149],[135.72201,35.41413],[135.72768,35.4138],[135.72895,35.41551],[135.72901,35.41651],[135.73009,35.41842],[135.73324,35.41823],[135.73635,35.41574],[135.73939,35.41695],[135.74155,35.41645],[135.74258,35.41619],[135.74464,35.41458],[135.74632,35.4143],[135.74709,35.41477],[135.75539,35.41236],[135.75794,35.40985],[135.76022,35.4099],[135.76342,35.40514],[135.76786,35.40406],[135.76937,35.40235],[135.77008,35.40089],[135.76942,35.39996],[135.76984,35.3974],[135.77161,35.39653],[135.7719,35.39544],[135.77368,35.3936],[135.77563,35.39366],[135.77714,35.3944],[135.78008,35.39239],[135.78522,35.39158],[135.78876,35.38967],[135.78931,35.38738],[135.79086,35.38656],[135.79064,35.38426],[135.79198,35.38142],[135.79102,35.3793],[135.79006,35.3784],[135.78426,35.37733],[135.78283,35.3753],[135.77906,35.3735],[135.77884,35.37307],[135.77974,35.37199],[135.77777,35.36624],[135.77644,35.36548],[135.77463,35.36532],[135.77392,35.36469],[135.77359,35.36334],[135.76993,35.35985],[135.76867,35.35595],[135.76601,35.35524],[135.76457,35.35647],[135.7634,35.3564],[135.7601,35.35443],[135.75971,35.35316],[135.75936,35.35316],[135.75798,35.35415],[135.7554,35.3544],[135.75053,35.35714],[135.74435,35.35899],[135.74268,35.35828],[135.74011,35.35835],[135.74107,35.35643],[135.74082,35.35419],[135.73915,35.35325],[135.73775,35.35174],[135.736,35.35105],[135.73164,35.35057],[135.72754,35.3525],[135.72657,35.35193],[135.72424,35.35179],[135.72304,35.3531],[135.72121,35.35347],[135.7186,35.35538],[135.71665,35.35341],[135.71484,35.35408],[135.71294,35.35322],[135.71236,35.35059],[135.7104,35.3478],[135.70736,35.34688],[135.7065,35.34588],[135.70504,35.34654],[135.7043,35.34499],[135.70086,35.34359],[135.6994,35.34487],[135.6973,35.34475],[135.69481,35.34569],[135.69261,35.3458],[135.68985,35.3478],[135.68744,35.34808],[135.6851,35.34729],[135.6806,35.34991],[135.67693,35.34985],[135.67612,35.35073],[135.6752,35.35029],[135.67519,35.35146],[135.67404,35.35291],[135.67202,35.3541],[135.66955,35.35424],[135.6692,35.35592],[135.66801,35.35714],[135.66646,35.35653],[135.66518,35.3569],[135.66077,35.35639],[135.65829,35.35909],[135.65583,35.35912],[135.64945,35.3612],[135.64535,35.36492],[135.64367,35.36558],[135.64199,35.36693],[135.64077,35.36683],[135.64053,35.36562],[135.63877,35.36426],[135.63666,35.36367],[135.63406,35.3646],[135.63346,35.36568],[135.63099,35.36584],[135.62829,35.3669],[135.62633,35.36831],[135.62468,35.36872],[135.62336,35.36994],[135.62166,35.36959],[135.61892,35.37054],[135.61763,35.3699],[135.61598,35.37032],[135.61532,35.37103],[135.61167,35.36928],[135.61102,35.36684],[135.60942,35.36932],[135.60782,35.37012],[135.6069,35.37167],[135.60505,35.37136],[135.6031,35.37218],[135.59992,35.37119],[135.59916,35.37207],[135.59587,35.3729],[135.59361,35.37044],[135.59022,35.3685],[135.58891,35.36867],[135.58808,35.36826],[135.58411,35.37015],[135.58278,35.37203],[135.5801,35.37362],[135.57992,35.37448],[135.579,35.37507],[135.57688,35.37482],[135.57575,35.37522],[135.57428,35.37444],[135.57156,35.37432],[135.56971,35.37518],[135.56831,35.3748],[135.5668,35.37582],[135.56596,35.37722],[135.56427,35.37772],[135.56186,35.37664],[135.55931,35.37644],[135.55742,35.37757],[135.55468,35.37707],[135.55247,35.37784],[135.55121,35.37766],[135.55062,35.3769],[135.54525,35.37722],[135.54022,35.3766],[135.53635,35.37674],[135.52985,35.37906],[135.52752,35.38011],[135.527,35.38504],[135.5261,35.38606],[135.52842,35.38767],[135.52895,35.38921],[135.52865,35.39063],[135.53167,35.39299],[135.52999,35.39749],[135.5275,35.39788],[135.52702,35.39953],[135.52561,35.40093],[135.52507,35.40273],[135.52645,35.40519],[135.5273,35.40528],[135.52857,35.40736],[135.52989,35.40849],[135.52996,35.41007],[135.52739,35.41265],[135.5279,35.41358],[135.52771,35.41497],[135.52648,35.41676],[135.52701,35.41878]]],[[[135.6259,35.53228],[135.62748,35.53382],[135.62749,35.53326],[135.62758,35.53363],[135.62761,35.53322],[135.62825,35.53313],[135.62998,35.53389],[135.632,35.53783],[135.63442,35.53681],[135.63542,35.5376],[135.6369,35.5371],[135.63851,35.53831],[135.63998,35.53811],[135.64188,35.53919],[135.64244,35.54056],[135.64216,35.54105],[135.64282,35.54111],[135.64268,35.54168],[135.64318,35.54218],[135.64571,35.54245],[135.64649,35.54335],[135.64744,35.54283],[135.64904,35.54335],[135.64967,35.54271],[135.65182,35.54277],[135.65252,35.54508],[135.65181,35.54549],[135.65247,35.54597],[135.65331,35.54637],[135.65355,35.54554],[135.65555,35.54571],[135.65672,35.54506],[135.65825,35.54505],[135.66071,35.54627],[135.66112,35.547],[135.66083,35.54785],[135.66251,35.54668],[135.66021,35.54485],[135.66334,35.5433],[135.66017,35.54474],[135.65878,35.54379],[135.66047,35.54386],[135.6619,35.54319],[135.66223,35.54176],[135.66489,35.54154],[135.66569,35.53909],[135.66397,35.53926],[135.66112,35.53853],[135.66079,35.53809],[135.66141,35.53757],[135.65942,35.53587],[135.65951,35.53518],[135.66187,35.53297],[135.66574,35.53372],[135.66682,35.53297],[135.66647,35.53086],[135.66726,35.52957],[135.66731,35.52837],[135.6682,35.52758],[135.66933,35.52476],[135.66993,35.52471],[135.67019,35.52521],[135.67025,35.52487],[135.67092,35.52501],[135.67115,35.52424],[135.6701,35.52393],[135.66946,35.52435],[135.66973,35.52459],[135.66836,35.52463],[135.6662,35.52351],[135.66418,35.52434],[135.66406,35.52528],[135.66352,35.52556],[135.66176,35.52597],[135.66039,35.52507],[135.66174,35.526],[135.6609,35.5276],[135.66122,35.52729],[135.66178,35.5276],[135.66163,35.52896],[135.66127,35.52929],[135.66082,35.529],[135.66126,35.52934],[135.66103,35.52976],[135.65948,35.53075],[135.65582,35.53135],[135.65328,35.53012],[135.6536,35.52979],[135.65512,35.53018],[135.65478,35.52997],[135.65515,35.52957],[135.6534,35.52847],[135.65272,35.52919],[135.65354,35.52971],[135.65321,35.53007],[135.64727,35.52737],[135.64761,35.52685],[135.64733,35.52716],[135.64721,35.52668],[135.64433,35.52575],[135.64448,35.5253],[135.64403,35.52579],[135.6434,35.52554],[135.64393,35.52472],[135.64114,35.52296],[135.64029,35.52358],[135.63653,35.52013],[135.63405,35.52076],[135.63231,35.52232],[135.631,35.52218],[135.63083,35.52116],[135.63284,35.52112],[135.63314,35.5198],[135.6328,35.51812],[135.63362,35.51783],[135.63472,35.51887],[135.63565,35.51851],[135.63643,35.519],[135.63731,35.51808],[135.6402,35.51944],[135.64183,35.51922],[135.64162,35.51828],[135.63943,35.51667],[135.6395,35.51482],[135.63809,35.51488],[135.63715,35.51327],[135.63738,35.51242],[135.63931,35.51107],[135.64179,35.51037],[135.64226,35.50811],[135.64199,35.5068],[135.64095,35.50689],[135.64009,35.50559],[135.63644,35.50396],[135.63562,35.502],[135.63397,35.50157],[135.63357,35.50196],[135.63393,35.50154],[135.63325,35.50071],[135.63329,35.4994],[135.63025,35.4964],[135.63064,35.49532],[135.63212,35.49451],[135.62951,35.49419],[135.62881,35.49306],[135.62881,35.49203],[135.62727,35.49187],[135.62648,35.4913],[135.62626,35.48998],[135.62683,35.48864],[135.62483,35.48908],[135.62374,35.49101],[135.62284,35.49113],[135.62296,35.49074],[135.62189,35.49164],[135.616,35.49241],[135.61114,35.49147],[135.60914,35.49197],[135.60616,35.49026],[135.60511,35.49238],[135.60357,35.49392],[135.60351,35.49808],[135.60616,35.4986],[135.60757,35.49837],[135.60842,35.50112],[135.60787,35.50274],[135.61052,35.5062],[135.60902,35.50688],[135.60846,35.50767],[135.60886,35.50994],[135.60446,35.51187],[135.60259,35.51485],[135.60345,35.51537],[135.60462,35.51528],[135.60674,35.51719],[135.60811,35.51734],[135.60888,35.51846],[135.60917,35.51792],[135.61124,35.51752],[135.61175,35.51781],[135.61137,35.51833],[135.61163,35.51867],[135.6126,35.51903],[135.61734,35.51885],[135.61895,35.51934],[135.62075,35.52182],[135.62044,35.52516],[135.6195,35.52623],[135.61959,35.52688],[135.62345,35.5304],[135.62589,35.53175],[135.6259,35.53228]]]]}},{"type":"Feature","properties":{"id":"muni-18501","name":"若狭町"},"geometry":{"type":"MultiPolygon","coordinates":[[[[135.81365,35.63651],[135.81281,35.63901],[135.81529,35.63957],[135.81492,35.641],[135.81432,35.64151],[135.81466,35.64222],[135.81585,35.64132],[135.81749,35.64092],[135.82058,35.64151],[135.82267,35.64085],[135.82416,35.63966],[135.82578,35.63934],[135.82794,35.63757],[135.83034,35.63728],[135.8342,35.6344],[135.83839,35.63493],[135.83965,35.63459],[135.84089,35.63299],[135.83986,35.62704],[135.84464,35.62168],[135.84705,35.61814],[135.84815,35.61758],[135.84818,35.61476],[135.85054,35.61325],[135.85561,35.60806],[135.85805,35.60698],[135.86085,35.60649],[135.86412,35.60321],[135.86588,35.60227],[135.86899,35.60139],[135.87071,35.6015],[135.87164,35.60284],[135.87448,35.60415],[135.87409,35.60742],[135.87765,35.60839],[135.87939,35.60835],[135.8816,35.60659],[135.88348,35.60233],[135.88451,35.60172],[135.88557,35.59878],[135.88911,35.59781],[135.89316,35.59935],[135.89477,35.60097],[135.89601,35.60108],[135.89664,35.60172],[135.89749,35.60156],[135.90024,35.60416],[135.90135,35.6042],[135.90221,35.6032],[135.90126,35.60169],[135.901,35.59918],[135.90137,35.59824],[135.90273,35.59807],[135.90411,35.59964],[135.90391,35.6],[135.90538,35.60055],[135.90901,35.59462],[135.90748,35.59149],[135.90856,35.59114],[135.9078,35.58968],[135.91145,35.58855],[135.91186,35.58662],[135.91492,35.58587],[135.91536,35.58481],[135.9167,35.58427],[135.9154,35.58424],[135.91505,35.5828],[135.91648,35.58242],[135.91709,35.58006],[135.92472,35.57927],[135.9315,35.57971],[135.93428,35.57813],[135.93633,35.57773],[135.93734,35.57574],[135.93988,35.57429],[135.94161,35.57124],[135.94174,35.56767],[135.94233,35.56725],[135.94264,35.56606],[135.94373,35.56549],[135.94255,35.56217],[135.94352,35.55894],[135.94508,35.55787],[135.94559,35.55606],[135.94634,35.55535],[135.9448,35.55095],[135.94642,35.55001],[135.94873,35.54649],[135.95004,35.54601],[135.95143,35.54227],[135.95297,35.54026],[135.9528,35.53911],[135.95396,35.53559],[135.95391,35.53445],[135.95287,35.53238],[135.95373,35.53155],[135.95345,35.53042],[135.954,35.52922],[135.95364,35.52816],[135.95419,35.52607],[135.95293,35.52557],[135.95254,35.52471],[135.95109,35.52463],[135.94693,35.52053],[135.9461,35.52114],[135.94401,35.52131],[135.94241,35.52112],[135.94085,35.52028],[135.93955,35.52045],[135.93863,35.51824],[135.93888,35.51711],[135.93798,35.516],[135.93748,35.51431],[135.93801,35.513],[135.93769,35.51179],[135.93817,35.51114],[135.93742,35.51101],[135.93747,35.50997],[135.93659,35.50862],[135.93673,35.50748],[135.93568,35.50549],[135.93549,35.50399],[135.93313,35.50188],[135.93314,35.50037],[135.93179,35.49772],[135.93185,35.49612],[135.93043,35.49376],[135.93014,35.49198],[135.92867,35.49176],[135.92753,35.49035],[135.92448,35.48947],[135.92378,35.48662],[135.9226,35.48603],[135.92323,35.48437],[135.92311,35.48277],[135.92391,35.48171],[135.92164,35.47798],[135.92176,35.47545],[135.91965,35.47531],[135.91916,35.47439],[135.91806,35.47382],[135.91727,35.47156],[135.91602,35.47081],[135.91731,35.46741],[135.91617,35.46411],[135.91589,35.46149],[135.91486,35.45914],[135.91547,35.45604],[135.91451,35.4536],[135.91438,35.45157],[135.91191,35.44833],[135.90971,35.4474],[135.91054,35.44562],[135.91308,35.44532],[135.91308,35.44292],[135.91227,35.44109],[135.91405,35.4388],[135.91407,35.43679],[135.91472,35.43587],[135.9148,35.43434],[135.91411,35.43221],[135.91207,35.43051],[135.9085,35.42961],[135.90583,35.43008],[135.90276,35.42952],[135.90187,35.42841],[135.90102,35.42587],[135.89812,35.42439],[135.89771,35.42339],[135.89678,35.42309],[135.89602,35.42191],[135.8946,35.4215],[135.89304,35.41992],[135.89382,35.41467],[135.89337,35.41057],[135.89231,35.40682],[135.89051,35.40318],[135.88694,35.40277],[135.8823,35.40083],[135.88059,35.40072],[135.87532,35.39737],[135.87281,35.39718],[135.87164,35.39603],[135.86866,35.39577],[135.86719,35.39471],[135.86479,35.39442],[135.86297,35.39512],[135.86064,35.39514],[135.8596,35.39636],[135.85774,35.39669],[135.85609,35.3997],[135.8544,35.40078],[135.85428,35.40184],[135.85515,35.40326],[135.85458,35.40603],[135.85549,35.40756],[135.85563,35.40876],[135.85436,35.41056],[135.85334,35.41119],[135.85353,35.41374],[135.85436,35.41512],[135.8579,35.41817],[135.85787,35.42217],[135.85857,35.42308],[135.85878,35.42618],[135.86033,35.42851],[135.8593,35.43049],[135.85901,35.43227],[135.85701,35.43305],[135.85505,35.43678],[135.85218,35.43838],[135.84928,35.44211],[135.84729,35.44181],[135.84283,35.44251],[135.84205,35.44148],[135.84141,35.44133],[135.83566,35.44349],[135.83478,35.44465],[135.83295,35.44534],[135.82921,35.4484],[135.82543,35.4496],[135.82265,35.44988],[135.81884,35.45144],[135.81758,35.45315],[135.81675,35.45576],[135.81529,35.45707],[135.81551,35.46216],[135.81443,35.46363],[135.81118,35.46489],[135.80996,35.4664],[135.81027,35.46861],[135.80959,35.46991],[135.81059,35.47024],[135.81244,35.47434],[135.81204,35.47551],[135.80543,35.47804],[135.80016,35.48101],[135.79878,35.48286],[135.79925,35.48437],[135.79727,35.48578],[135.79757,35.4864],[135.79629,35.48833],[135.79714,35.48983],[135.80088,35.48991],[135.80366,35.491],[135.81134,35.48935],[135.81225,35.4888],[135.81286,35.48745],[135.81474,35.48736],[135.81627,35.48507],[135.8163,35.48399],[135.81729,35.48389],[135.82263,35.48016],[135.82238,35.47964],[135.82347,35.47924],[135.82601,35.4793],[135.8289,35.48156],[135.835,35.48332],[135.83748,35.48253],[135.84128,35.48412],[135.84298,35.48424],[135.84445,35.48614],[135.84436,35.4899],[135.84261,35.49344],[135.84235,35.49536],[135.84472,35.49965],[135.84522,35.5026],[135.84366,35.50405],[135.84259,35.50642],[135.84097,35.50749],[135.84102,35.5083],[135.84226,35.50979],[135.84139,35.51321],[135.83734,35.51575],[135.83528,35.51928],[135.83225,35.52255],[135.83363,35.52434],[135.83441,35.52462],[135.83572,35.52663],[135.83812,35.52776],[135.84,35.52968],[135.84171,35.53066],[135.84201,35.53255],[135.84288,35.53379],[135.84393,35.53377],[135.84531,35.53512],[135.84864,35.53626],[135.84949,35.53747],[135.85036,35.54036],[135.85123,35.54099],[135.84862,35.54513],[135.8458,35.54628],[135.84515,35.54825],[135.84422,35.54916],[135.83925,35.55004],[135.83863,35.55135],[135.83674,35.55253],[135.83557,35.55414],[135.8337,35.55435],[135.83285,35.55531],[135.82731,35.55845],[135.82505,35.55865],[135.82221,35.55962],[135.82123,35.56044],[135.82028,35.56399],[135.81933,35.56481],[135.81901,35.56611],[135.81468,35.56704],[135.81312,35.56843],[135.81306,35.56925],[135.81508,35.5717],[135.81638,35.57151],[135.81718,35.57261],[135.81809,35.57252],[135.81899,35.5731],[135.81951,35.574],[135.82053,35.57357],[135.82075,35.5739],[135.823,35.57207],[135.82345,35.57021],[135.82716,35.56924],[135.82785,35.56848],[135.82746,35.56485],[135.82799,35.56412],[135.8265,35.56388],[135.82683,35.56374],[135.82631,35.56342],[135.82802,35.56409],[135.83072,35.56314],[135.83291,35.56311],[135.83455,35.56174],[135.8352,35.56186],[135.83513,35.56236],[135.83549,35.56265],[135.83521,35.56221],[135.83555,35.5618],[135.83767,35.56221],[135.83842,35.56265],[135.83829,35.56307],[135.83752,35.56309],[135.8389,35.56353],[135.83851,35.56288],[135.83963,35.56306],[135.84069,35.56403],[135.8404,35.56421],[135.84043,35.56423],[135.84071,35.56404],[135.84072,35.56496],[135.84119,35.5648],[135.84042,35.56526],[135.84,35.56479],[135.84006,35.56611],[135.84078,35.56701],[135.84036,35.56737],[135.84051,35.56832],[135.84011,35.56831],[135.84191,35.56908],[135.84267,35.57098],[135.84825,35.57083],[135.84935,35.57168],[135.84977,35.57152],[135.84845,35.57225],[135.84897,35.57211],[135.84962,35.57337],[135.85045,35.57324],[135.84933,35.57442],[135.84896,35.57424],[135.84802,35.5724],[135.84778,35.57229],[135.84892,35.57444],[135.84927,35.57464],[135.84798,35.57645],[135.84816,35.57752],[135.84904,35.57762],[135.8508,35.57892],[135.85479,35.57859],[135.8555,35.57953],[135.8546,35.58083],[135.85751,35.5821],[135.8573,35.58297],[135.85654,35.58313],[135.85718,35.58342],[135.85701,35.5839],[135.85609,35.58421],[135.85597,35.58504],[135.85533,35.58542],[135.85574,35.58586],[135.85482,35.58601],[135.85519,35.58612],[135.85423,35.58715],[135.85686,35.58758],[135.85751,35.58955],[135.85561,35.59208],[135.8534,35.59158],[135.85341,35.59126],[135.85238,35.59181],[135.85213,35.59269],[135.85275,35.59301],[135.85245,35.59334],[135.85428,35.59386],[135.85471,35.59519],[135.8555,35.59562],[135.85547,35.59747],[135.85462,35.59872],[135.85482,35.59956],[135.85563,35.60005],[135.8555,35.6011],[135.85458,35.60154],[135.85495,35.60183],[135.85447,35.60164],[135.8548,35.60183],[135.85413,35.60268],[135.85344,35.60318],[135.85275,35.60323],[135.85295,35.60272],[135.85109,35.60346],[135.84833,35.60255],[135.84645,35.60136],[135.84453,35.6016],[135.84391,35.60256],[135.84487,35.60365],[135.84489,35.60586],[135.84302,35.60753],[135.84272,35.60721],[135.84247,35.6076],[135.84124,35.60764],[135.84147,35.60724],[135.8393,35.60756],[135.83866,35.60678],[135.83927,35.60645],[135.83814,35.60701],[135.83703,35.60654],[135.83644,35.60568],[135.83421,35.60476],[135.83248,35.60288],[135.83185,35.60311],[135.83216,35.6037],[135.83112,35.60547],[135.83041,35.60563],[135.83064,35.60604],[135.82989,35.60734],[135.82793,35.60743],[135.82797,35.60797],[135.82716,35.60836],[135.8273,35.60931],[135.82663,35.6094],[135.82749,35.6103],[135.8274,35.6115],[135.83028,35.61201],[135.8318,35.61326],[135.83283,35.61337],[135.83318,35.61419],[135.83474,35.61472],[135.83466,35.61526],[135.8358,35.61592],[135.83798,35.61562],[135.83903,35.61747],[135.84062,35.61745],[135.83903,35.6175],[135.8389,35.62088],[135.8365,35.62363],[135.83564,35.6237],[135.8343,35.62277],[135.83495,35.62197],[135.83411,35.62291],[135.83206,35.62348],[135.83071,35.62327],[135.82935,35.62424],[135.8263,35.62359],[135.82453,35.62417],[135.82388,35.62394],[135.82379,35.62498],[135.82474,35.62549],[135.82551,35.62712],[135.82487,35.62854],[135.82302,35.62883],[135.82356,35.63135],[135.82462,35.63189],[135.82713,35.63157],[135.83189,35.62966],[135.83301,35.63021],[135.83283,35.63141],[135.83065,35.63199],[135.8302,35.63269],[135.82865,35.63344],[135.82773,35.63522],[135.82531,35.63643],[135.82436,35.6363],[135.82466,35.63671],[135.82432,35.63718],[135.82258,35.63751],[135.82082,35.63676],[135.82008,35.635],[135.81783,35.63428],[135.81715,35.63322],[135.81498,35.63205],[135.81425,35.6339],[135.81342,35.63409],[135.81298,35.63491],[135.81365,35.63651]]],[[[135.836,35.57677],[135.83454,35.57982],[135.8355,35.57916],[135.83683,35.57905],[135.83828,35.57763],[135.83765,35.57702],[135.836,35.57677]]],[[[135.79125,35.60192],[135.79075,35.603],[135.79155,35.60327],[135.79208,35.60233],[135.79125,35.60192]]],[[[135.80335,35.63861],[135.8047,35.63955],[135.807,35.63876],[135.80694,35.63944],[135.80761,35.63903],[135.80733,35.63692],[135.80637,35.63604],[135.80656,35.63537],[135.806,35.63521],[135.80628,35.63432],[135.80586,35.63287],[135.80668,35.63182],[135.80469,35.63002],[135.80271,35.63012],[135.80196,35.63076],[135.80299,35.63147],[135.80252,35.63329],[135.80378,35.63535],[135.80314,35.63617],[135.80351,35.63639],[135.80309,35.63733],[135.80335,35.63861]]]]}}]}