{"type":"FeatureCollection","features":[{"type":"Feature","properties":{"id":"muni-21201","name":"岐阜市"},"geometry":{"type":"Polygon","coordinates":[[[136.68306,35.47513],[136.68444,35.48082],[136.68575,35.4828],[136.69826,35.48286],[136.6988,35.48542],[136.69875,35.4917],[136.69704,35.4917],[136.69705,35.49113],[136.69418,35.49113],[136.69268,35.4901],[136.69266,35.49068],[136.69155,35.49164],[136.6923,35.4916],[136.69264,35.49203],[136.69215,35.49243],[136.69286,35.49273],[136.6941,35.49211],[136.69341,35.49303],[136.69414,35.4928],[136.69464,35.49333],[136.69472,35.49653],[136.69415,35.49655],[136.69401,35.49821],[136.69221,35.49851],[136.6922,35.49903],[136.69119,35.49879],[136.6911,35.49949],[136.6903,35.49986],[136.69117,35.50023],[136.69005,35.50152],[136.69155,35.50212],[136.69274,35.50136],[136.69405,35.50265],[136.69388,35.50081],[136.69517,35.50079],[136.69479,35.50152],[136.69551,35.50147],[136.69576,35.50213],[136.69499,35.50278],[136.69505,35.50329],[136.69691,35.50362],[136.69713,35.5031],[136.69784,35.50311],[136.69755,35.50379],[136.69649,35.50432],[136.69666,35.50525],[136.69511,35.50558],[136.69625,35.50994],[136.69279,35.51039],[136.6905,35.51253],[136.68839,35.51265],[136.68762,35.51363],[136.68616,35.51371],[136.68497,35.51466],[136.68284,35.5153],[136.68245,35.51661],[136.68325,35.51769],[136.68691,35.52035],[136.68746,35.52199],[136.68648,35.52423],[136.68981,35.52686],[136.68863,35.5282],[136.68829,35.53094],[136.68524,35.532],[136.68202,35.53185],[136.67965,35.5348],[136.67881,35.5352],[136.67841,35.5367],[136.68041,35.53758],[136.68246,35.53628],[136.68314,35.53663],[136.68353,35.53867],[136.68495,35.53741],[136.68614,35.53769],[136.68895,35.53724],[136.6886,35.53873],[136.69015,35.53824],[136.69117,35.53861],[136.69368,35.53822],[136.69472,35.5414],[136.69634,35.54189],[136.69672,35.54303],[136.70056,35.5427],[136.70259,35.53833],[136.70376,35.53848],[136.70473,35.53775],[136.70513,35.53584],[136.70607,35.53541],[136.70892,35.53227],[136.70894,35.53066],[136.70983,35.53049],[136.7109,35.52938],[136.71066,35.52788],[136.71106,35.5272],[136.71189,35.52663],[136.71309,35.52691],[136.71367,35.52607],[136.71616,35.52637],[136.71582,35.52423],[136.71766,35.5207],[136.71946,35.52065],[136.72112,35.52153],[136.72196,35.52145],[136.72232,35.5201],[136.72344,35.52012],[136.72452,35.51897],[136.72591,35.51903],[136.72621,35.51785],[136.72948,35.51753],[136.73037,35.51617],[136.73046,35.51391],[136.73228,35.51341],[136.73353,35.51081],[136.73665,35.5079],[136.7383,35.5085],[136.73833,35.50935],[136.73972,35.51126],[136.74165,35.5105],[136.74263,35.51172],[136.74456,35.51223],[136.74555,35.51206],[136.74624,35.51072],[136.74907,35.51011],[136.74987,35.50899],[136.75148,35.50852],[136.75311,35.50671],[136.75349,35.50521],[136.75452,35.50533],[136.75519,35.50388],[136.75883,35.50588],[136.75933,35.50658],[136.76004,35.50508],[136.76201,35.50384],[136.76207,35.50295],[136.76353,35.50118],[136.76362,35.49947],[136.76665,35.49951],[136.76972,35.4983],[136.76975,35.49628],[136.77089,35.49363],[136.77163,35.49309],[136.77192,35.49194],[136.77386,35.49063],[136.77586,35.49017],[136.7752,35.49061],[136.77575,35.4918],[136.7773,35.49118],[136.77852,35.48971],[136.77966,35.48957],[136.78188,35.49131],[136.78649,35.49024],[136.78937,35.49178],[136.79114,35.49098],[136.79116,35.48735],[136.79295,35.48435],[136.79665,35.48601],[136.7973,35.4852],[136.79956,35.48503],[136.79922,35.48635],[136.80012,35.48774],[136.80042,35.48931],[136.79968,35.49045],[136.79999,35.49125],[136.79964,35.49207],[136.8006,35.4931],[136.80208,35.49252],[136.80297,35.4928],[136.80328,35.4977],[136.80478,35.4977],[136.80543,35.49838],[136.80511,35.49842],[136.80564,35.49999],[136.80494,35.50166],[136.80454,35.50208],[136.80387,35.50167],[136.80155,35.50326],[136.8009,35.50488],[136.80312,35.50523],[136.80437,35.50485],[136.80795,35.50548],[136.80919,35.50679],[136.81055,35.50693],[136.81076,35.50759],[136.8128,35.50809],[136.81474,35.51021],[136.8135,35.51179],[136.81203,35.5127],[136.8132,35.51509],[136.81315,35.51606],[136.8128,35.51716],[136.81196,35.51754],[136.81125,35.51885],[136.81251,35.52137],[136.81153,35.52315],[136.80933,35.52486],[136.81048,35.52519],[136.81108,35.52687],[136.81275,35.52809],[136.81285,35.529],[136.8151,35.53034],[136.81531,35.53178],[136.81883,35.53257],[136.82065,35.53121],[136.82131,35.52909],[136.82328,35.52938],[136.82496,35.53077],[136.82623,35.53053],[136.82727,35.52954],[136.82876,35.5258],[136.83085,35.52478],[136.8346,35.52389],[136.83441,35.52046],[136.8353,35.5189],[136.83592,35.51865],[136.83633,35.51939],[136.83778,35.51949],[136.84014,35.51857],[136.83928,35.51617],[136.84081,35.51483],[136.84032,35.51346],[136.84056,35.51237],[136.84401,35.5108],[136.84467,35.50832],[136.84601,35.50704],[136.84777,35.50698],[136.85012,35.50891],[136.85287,35.50797],[136.8576,35.50958],[136.8607,35.50826],[136.85906,35.50671],[136.85839,35.50356],[136.85899,35.50086],[136.85705,35.50048],[136.85556,35.50219],[136.85286,35.50398],[136.85261,35.50468],[136.85134,35.50526],[136.84679,35.50246],[136.8433,35.49918],[136.84568,35.49933],[136.84595,35.49691],[136.84255,35.49623],[136.8434,35.49177],[136.84228,35.48739],[136.84047,35.48546],[136.83975,35.48354],[136.84003,35.47784],[136.83973,35.47594],[136.83621,35.47199],[136.83428,35.46889],[136.8354,35.4663],[136.83712,35.46634],[136.83724,35.46348],[136.84216,35.46586],[136.8479,35.46976],[136.84942,35.46915],[136.85019,35.46973],[136.85068,35.46908],[136.85628,35.4661],[136.85631,35.46392],[136.8586,35.46417],[136.86008,35.4633],[136.86204,35.46328],[136.86279,35.46382],[136.86384,35.46359],[136.86516,35.46464],[136.86765,35.46278],[136.86774,35.46372],[136.86953,35.4643],[136.87218,35.46349],[136.87336,35.46376],[136.8735,35.46254],[136.87407,35.46206],[136.87763,35.46058],[136.8795,35.46064],[136.87985,35.45872],[136.88119,35.45844],[136.88186,35.45777],[136.88516,35.45729],[136.88496,35.45694],[136.88619,35.45552],[136.88602,35.4549],[136.88424,35.45483],[136.88448,35.45423],[136.88541,35.45387],[136.88406,35.45364],[136.88393,35.45312],[136.88474,35.45195],[136.88427,35.45112],[136.88227,35.44987],[136.88256,35.44567],[136.88185,35.44466],[136.87788,35.44625],[136.87341,35.44602],[136.87183,35.44543],[136.87044,35.44434],[136.86908,35.44412],[136.86937,35.44217],[136.86871,35.43945],[136.87186,35.43788],[136.87184,35.43675],[136.86637,35.43485],[136.85989,35.4343],[136.85966,35.43118],[136.8603,35.4297],[136.85915,35.42743],[136.85905,35.42494],[136.84796,35.42506],[136.84478,35.42443],[136.84431,35.42625],[136.84168,35.4314],[136.83885,35.4305],[136.83901,35.43],[136.83788,35.42921],[136.83194,35.42809],[136.83017,35.42791],[136.82759,35.42869],[136.82467,35.42871],[136.82308,35.42711],[136.81492,35.42744],[136.81446,35.42204],[136.81515,35.42166],[136.8157,35.42029],[136.81768,35.41937],[136.81774,35.41868],[136.81658,35.41763],[136.8152,35.41722],[136.81492,35.41499],[136.81573,35.41488],[136.81561,35.41586],[136.81629,35.41575],[136.81686,35.41521],[136.81679,35.41342],[136.81549,35.41069],[136.81585,35.40928],[136.81473,35.40729],[136.81515,35.40692],[136.81547,35.40325],[136.81344,35.40054],[136.81407,35.40042],[136.8144,35.39976],[136.81456,35.39774],[136.81619,35.39809],[136.81701,35.39771],[136.81687,35.39605],[136.81511,35.3957],[136.81444,35.39468],[136.81304,35.39396],[136.81587,35.39205],[136.81588,35.39053],[136.81637,35.38988],[136.81571,35.38901],[136.81474,35.38985],[136.81434,35.38955],[136.81317,35.38985],[136.81301,35.38748],[136.81145,35.38739],[136.80867,35.38839],[136.80578,35.38753],[136.80538,35.38678],[136.80339,35.38692],[136.80323,35.38879],[136.80176,35.39135],[136.79762,35.39206],[136.79681,35.39361],[136.7972,35.39417],[136.79467,35.39479],[136.79386,35.39578],[136.79217,35.39643],[136.79263,35.39694],[136.79181,35.39793],[136.78926,35.39963],[136.78583,35.40012],[136.78235,35.39967],[136.78093,35.39854],[136.77814,35.3982],[136.77892,35.39642],[136.77852,35.39618],[136.77578,35.39544],[136.77467,35.39688],[136.77381,35.39662],[136.77363,35.39704],[136.77128,35.39583],[136.77053,35.39359],[136.76982,35.39321],[136.76888,35.39343],[136.76764,35.39149],[136.76732,35.38878],[136.769,35.38777],[136.76781,35.3871],[136.76777,35.38596],[136.76521,35.38506],[136.7647,35.38364],[136.76546,35.38254],[136.76541,35.38179],[136.76656,35.38198],[136.767,35.3801],[136.7664,35.37967],[136.76523,35.38004],[136.76452,35.37915],[136.76355,35.37942],[136.7631,35.3784],[136.76066,35.3789],[136.75949,35.37784],[136.75834,35.37772],[136.75779,35.37635],[136.7554,35.37554],[136.75647,35.37472],[136.75541,35.37404],[136.75578,35.37382],[136.75339,35.37113],[136.75216,35.37036],[136.75201,35.36962],[136.75387,35.36948],[136.75436,35.36783],[136.75716,35.36646],[136.75783,35.36509],[136.7511,35.36518],[136.7506,35.36449],[136.74791,35.36423],[136.74777,35.36374],[136.74465,35.3638],[136.74392,35.36285],[136.7429,35.35931],[136.73342,35.36124],[136.73252,35.35975],[136.73173,35.3599],[136.73115,35.35766],[136.72813,35.3573],[136.72808,35.35635],[136.72665,35.35567],[136.72642,35.35303],[136.72572,35.35269],[136.72437,35.35296],[136.72212,35.35177],[136.72188,35.35318],[136.71999,35.35464],[136.71683,35.35557],[136.71536,35.35527],[136.71417,35.35399],[136.71225,35.35315],[136.71098,35.35139],[136.70912,35.35178],[136.7057,35.353],[136.70614,35.35389],[136.70552,35.35423],[136.70474,35.35334],[136.70279,35.35427],[136.69973,35.35689],[136.69715,35.35516],[136.69436,35.35615],[136.69382,35.35548],[136.69301,35.35593],[136.68846,35.35251],[136.68876,35.36223],[136.69023,35.36652],[136.69366,35.37082],[136.70053,35.37619],[136.70514,35.38257],[136.70623,35.38498],[136.70637,35.38739],[136.70424,35.39395],[136.70317,35.3954],[136.70274,35.39533],[136.7013,35.39957],[136.70091,35.40231],[136.69887,35.40258],[136.6983,35.40321],[136.69873,35.40465],[136.69849,35.40622],[136.69774,35.40618],[136.69781,35.40767],[136.69305,35.40757],[136.69283,35.42138],[136.69901,35.42149],[136.69829,35.46286],[136.69242,35.46322],[136.69294,35.46378],[136.69035,35.46784],[136.68893,35.46961],[136.68705,35.47086],[136.68462,35.47405],[136.68443,35.47525],[136.68354,35.47484],[136.68306,35.47513]]]}},{"type":"Feature","properties":{"id":"muni-21202","name":"大垣市"},"geometry":{"type":"MultiPolygon","coordinates":[[[[136.51228,35.32678],[136.51027,35.32556],[136.51029,35.3243],[136.50697,35.32164],[136.50757,35.32153],[136.50812,35.32057],[136.50744,35.31978],[136.50727,35.31784],[136.50864,35.31644],[136.50966,35.31441],[136.51078,35.31411],[136.51107,35.31311],[136.51305,35.31192],[136.51522,35.30867],[136.51492,35.30723],[136.51529,35.30396],[136.51922,35.30395],[136.52043,35.30321],[136.52028,35.30267],[136.52114,35.30234],[136.52128,35.30163],[136.52267,35.30134],[136.52166,35.3002],[136.52255,35.2984],[136.52258,35.29709],[136.52049,35.29575],[136.51864,35.29631],[136.51845,35.29574],[136.51921,35.29459],[136.51861,35.29306],[136.52026,35.29111],[136.52388,35.28987],[136.52313,35.28831],[136.52158,35.28741],[136.52083,35.28568],[136.52187,35.28391],[136.52427,35.28302],[136.5251,35.2819],[136.52408,35.28094],[136.52189,35.2801],[136.52152,35.27802],[136.52242,35.27709],[136.52205,35.27594],[136.52293,35.27526],[136.52295,35.27401],[136.52359,35.27391],[136.52336,35.27297],[136.52657,35.27144],[136.52563,35.27049],[136.52573,35.26874],[136.52427,35.26846],[136.5241,35.26723],[136.52225,35.26464],[136.52331,35.26319],[136.52413,35.26345],[136.52644,35.26173],[136.52719,35.25827],[136.52778,35.25779],[136.52293,35.25481],[136.52025,35.25395],[136.51697,35.25449],[136.51514,35.25305],[136.51487,35.25102],[136.51348,35.25014],[136.5132,35.2491],[136.51412,35.24845],[136.51317,35.24747],[136.5134,35.24655],[136.5119,35.24562],[136.51152,35.24392],[136.51181,35.24236],[136.51048,35.2397],[136.51081,35.23847],[136.50891,35.23755],[136.50776,35.23608],[136.50682,35.23605],[136.50681,35.23531],[136.50602,35.23487],[136.50421,35.23525],[136.5027,35.23475],[136.50066,35.23517],[136.49735,35.2371],[136.49711,35.23788],[136.49497,35.238],[136.49054,35.23706],[136.4895,35.23555],[136.48739,35.23705],[136.48603,35.23867],[136.48241,35.23987],[136.48324,35.23732],[136.4824,35.23617],[136.48165,35.2363],[136.48163,35.23525],[136.48063,35.23462],[136.47973,35.23457],[136.47664,35.23642],[136.47323,35.23733],[136.47263,35.23686],[136.47218,35.23541],[136.47166,35.23537],[136.47094,35.23434],[136.47003,35.2343],[136.46971,35.23364],[136.47013,35.23288],[136.46771,35.23456],[136.46623,35.23811],[136.46584,35.23734],[136.46491,35.23724],[136.46487,35.23674],[136.4636,35.23618],[136.46356,35.23572],[136.46173,35.2363],[136.46038,35.23387],[136.4582,35.23299],[136.45619,35.23148],[136.45513,35.22925],[136.45385,35.2296],[136.45287,35.22891],[136.4506,35.22411],[136.44999,35.224],[136.45002,35.22321],[136.4489,35.22295],[136.44632,35.21979],[136.44403,35.21949],[136.44232,35.21703],[136.44067,35.21677],[136.4347,35.2203],[136.4341,35.22243],[136.43279,35.22389],[136.43299,35.22533],[136.43256,35.22635],[136.43319,35.22817],[136.43201,35.22914],[136.43061,35.22939],[136.42481,35.22512],[136.42467,35.22422],[136.42331,35.22413],[136.41774,35.22057],[136.41605,35.22025],[136.41514,35.21912],[136.41517,35.21768],[136.41189,35.21845],[136.41174,35.21978],[136.40847,35.2236],[136.40464,35.22415],[136.40334,35.22536],[136.40203,35.22509],[136.40099,35.22587],[136.39928,35.2258],[136.39862,35.22797],[136.39251,35.22986],[136.39382,35.23072],[136.39222,35.23403],[136.38589,35.23505],[136.38534,35.23706],[136.38372,35.23965],[136.37999,35.24091],[136.37907,35.2415],[136.37866,35.24254],[136.3774,35.24313],[136.37916,35.24468],[136.37866,35.2455],[136.37939,35.24761],[136.38092,35.24867],[136.38195,35.24817],[136.38516,35.24835],[136.38731,35.24948],[136.38898,35.24961],[136.39395,35.2534],[136.39435,35.25479],[136.397,35.25779],[136.39435,35.25905],[136.39354,35.26181],[136.39458,35.26411],[136.39411,35.26533],[136.3949,35.26717],[136.3946,35.27076],[136.39501,35.27272],[136.39582,35.27393],[136.39606,35.28038],[136.39456,35.28241],[136.39481,35.28342],[136.39358,35.28558],[136.39094,35.28762],[136.39111,35.29019],[136.39456,35.29232],[136.3948,35.29375],[136.39616,35.29417],[136.39967,35.29938],[136.40258,35.30035],[136.40641,35.29865],[136.40855,35.29834],[136.41001,35.29688],[136.40998,35.296],[136.41172,35.29527],[136.41203,35.29399],[136.41686,35.29095],[136.4172,35.28908],[136.41799,35.28897],[136.41962,35.28765],[136.4216,35.28788],[136.42229,35.28964],[136.42496,35.29165],[136.42531,35.29359],[136.42716,35.29636],[136.42721,35.29719],[136.42833,35.29802],[136.42844,35.30044],[136.42577,35.30483],[136.42567,35.30692],[136.42611,35.30725],[136.42703,35.30755],[136.4288,35.30719],[136.43097,35.30875],[136.43201,35.30724],[136.43538,35.30646],[136.43889,35.30654],[136.44127,35.30792],[136.44418,35.30856],[136.44561,35.30994],[136.44684,35.31044],[136.44828,35.31017],[136.45023,35.31107],[136.45065,35.31173],[136.45172,35.31186],[136.45203,35.31269],[136.45288,35.31284],[136.45342,35.31419],[136.45543,35.31392],[136.45764,35.3146],[136.4575,35.31578],[136.45868,35.31729],[136.45695,35.32076],[136.4578,35.32371],[136.45752,35.32431],[136.45623,35.32458],[136.45636,35.32533],[136.4554,35.32578],[136.4553,35.32791],[136.4564,35.33023],[136.45843,35.3312],[136.4609,35.33566],[136.46178,35.33629],[136.46259,35.33977],[136.46405,35.34176],[136.46365,35.34213],[136.46412,35.34271],[136.4639,35.34421],[136.46421,35.3446],[136.46673,35.34473],[136.46976,35.34307],[136.47211,35.34272],[136.47296,35.34425],[136.4741,35.34465],[136.47438,35.34641],[136.47611,35.35014],[136.4769,35.35062],[136.47645,35.35091],[136.47648,35.35184],[136.47731,35.35352],[136.47861,35.35397],[136.47879,35.35497],[136.48048,35.35602],[136.48092,35.35803],[136.48307,35.35954],[136.48387,35.35982],[136.48511,35.3594],[136.48518,35.35868],[136.48607,35.35845],[136.49142,35.35822],[136.49314,35.35915],[136.49433,35.35899],[136.49519,35.35973],[136.49822,35.36061],[136.50076,35.3582],[136.50082,35.35737],[136.50206,35.35629],[136.50227,35.3553],[136.50381,35.35459],[136.50514,35.35185],[136.50595,35.35166],[136.50664,35.34986],[136.51078,35.34609],[136.51305,35.34641],[136.51347,35.3456],[136.51459,35.34515],[136.51943,35.34839],[136.52169,35.34867],[136.52344,35.34817],[136.52369,35.34597],[136.52508,35.34526],[136.5277,35.3457],[136.52876,35.34481],[136.52859,35.34419],[136.5292,35.34365],[136.52764,35.34298],[136.52685,35.34126],[136.52829,35.33919],[136.53174,35.33875],[136.53199,35.33809],[136.53386,35.33737],[136.53354,35.3366],[136.53413,35.336],[136.53385,35.33419],[136.53557,35.33334],[136.53544,35.33243],[136.53614,35.33149],[136.53358,35.33014],[136.53401,35.3293],[136.53296,35.32622],[136.52516,35.33096],[136.52474,35.33038],[136.52312,35.33127],[136.52094,35.33146],[136.52124,35.33239],[136.52011,35.3327],[136.52032,35.33368],[136.51826,35.33404],[136.51461,35.33319],[136.51388,35.33115],[136.51439,35.33023],[136.51335,35.32961],[136.51228,35.32678]]],[[[136.55459,35.39805],[136.55048,35.39841],[136.54873,35.39742],[136.54778,35.39759],[136.54913,35.39779],[136.54976,35.39849],[136.54848,35.39872],[136.54788,35.39933],[136.5469,35.39929],[136.54553,35.40271],[136.54651,35.40301],[136.54774,35.40475],[136.54838,35.40729],[136.55349,35.40862],[136.55593,35.41061],[136.5583,35.40958],[136.56096,35.40948],[136.56283,35.41091],[136.5637,35.40976],[136.56576,35.40958],[136.56751,35.40833],[136.56813,35.40855],[136.56898,35.40767],[136.56815,35.40725],[136.57147,35.40569],[136.57717,35.40449],[136.57661,35.40576],[136.57697,35.4066],[136.57659,35.4078],[136.57731,35.40883],[136.57862,35.40826],[136.58059,35.40882],[136.58094,35.40799],[136.58237,35.40853],[136.58295,35.40749],[136.58501,35.40828],[136.58515,35.40703],[136.58407,35.40616],[136.58683,35.40602],[136.58678,35.40552],[136.58882,35.40541],[136.58878,35.40487],[136.59158,35.40473],[136.59043,35.40266],[136.59158,35.4026],[136.59153,35.40192],[136.59227,35.40189],[136.59221,35.40118],[136.59307,35.40112],[136.59302,35.40048],[136.59355,35.40046],[136.59339,35.39848],[136.59474,35.39842],[136.59468,35.39774],[136.59611,35.39766],[136.59616,35.39833],[136.59988,35.39815],[136.59983,35.39534],[136.60038,35.39342],[136.60355,35.39343],[136.60358,35.39259],[136.6061,35.39255],[136.60624,35.39158],[136.60851,35.39165],[136.60841,35.39268],[136.60767,35.39265],[136.60727,35.39649],[136.60874,35.3966],[136.60857,35.39831],[136.6098,35.39838],[136.6095,35.4013],[136.61074,35.4014],[136.61073,35.40449],[136.61665,35.40449],[136.61842,35.40489],[136.62135,35.40345],[136.62282,35.40394],[136.62376,35.40312],[136.62402,35.40159],[136.62129,35.4015],[136.62086,35.40099],[136.62166,35.39937],[136.6216,35.39592],[136.6222,35.39463],[136.62147,35.39307],[136.62208,35.39246],[136.62408,35.3926],[136.62676,35.38845],[136.62835,35.38796],[136.62829,35.38833],[136.63111,35.38929],[136.63449,35.38759],[136.64045,35.38756],[136.64062,35.38792],[136.64391,35.3876],[136.64728,35.38568],[136.65413,35.37992],[136.65595,35.37742],[136.65684,35.37475],[136.65885,35.35521],[136.65851,35.34924],[136.65734,35.34863],[136.65437,35.34523],[136.65386,35.34349],[136.65681,35.34066],[136.65447,35.33807],[136.65345,35.33803],[136.65205,35.33945],[136.65177,35.33907],[136.64363,35.3385],[136.63946,35.33527],[136.63802,35.33338],[136.63774,35.33017],[136.63946,35.32168],[136.63952,35.31838],[136.64143,35.31696],[136.64122,35.31538],[136.63956,35.31266],[136.63576,35.31162],[136.6254,35.30347],[136.62376,35.3031],[136.62176,35.3034],[136.61892,35.30197],[136.61613,35.29562],[136.61416,35.2943],[136.61134,35.29398],[136.60919,35.29302],[136.60966,35.29417],[136.60856,35.29616],[136.60501,35.2978],[136.60371,35.30018],[136.59906,35.30025],[136.59692,35.30099],[136.59573,35.30193],[136.59439,35.30361],[136.59374,35.30533],[136.59412,35.30716],[136.59687,35.30745],[136.59447,35.31113],[136.59507,35.31501],[136.59462,35.31641],[136.59336,35.31912],[136.59055,35.32037],[136.58914,35.32199],[136.58702,35.32232],[136.58628,35.32126],[136.58541,35.32225],[136.58638,35.32349],[136.58635,35.32452],[136.58877,35.32587],[136.58945,35.32766],[136.58558,35.33015],[136.58564,35.33208],[136.58419,35.33261],[136.5819,35.33235],[136.58255,35.33338],[136.58144,35.33466],[136.58179,35.3357],[136.58126,35.33672],[136.58245,35.33786],[136.58231,35.3398],[136.58165,35.34126],[136.5814,35.3394],[136.58045,35.33909],[136.57951,35.34059],[136.57921,35.34002],[136.57794,35.34034],[136.57822,35.34172],[136.57645,35.34187],[136.57452,35.34112],[136.57422,35.34203],[136.57319,35.34208],[136.5722,35.34151],[136.57172,35.34252],[136.56957,35.34244],[136.56844,35.34343],[136.56543,35.34291],[136.56415,35.34407],[136.56047,35.34382],[136.56045,35.34593],[136.5615,35.34631],[136.56105,35.34777],[136.56068,35.34723],[136.56063,35.34775],[136.55999,35.34771],[136.56004,35.34718],[136.55919,35.34714],[136.55882,35.34658],[136.55817,35.34724],[136.55805,35.35008],[136.55721,35.35021],[136.55624,35.35229],[136.55644,35.35346],[136.55745,35.3535],[136.55733,35.35572],[136.55802,35.3557],[136.55797,35.35637],[136.55848,35.35649],[136.5582,35.35848],[136.56314,35.35855],[136.56307,35.35899],[136.56181,35.35911],[136.56103,35.36737],[136.56021,35.37066],[136.55829,35.37026],[136.55823,35.37062],[136.55734,35.37068],[136.55579,35.37309],[136.55395,35.37304],[136.55286,35.37421],[136.55176,35.37402],[136.54905,35.37481],[136.54574,35.37784],[136.54365,35.37711],[136.54251,35.37785],[136.54634,35.37904],[136.54635,35.37957],[136.54747,35.37957],[136.5475,35.38011],[136.5479,35.38011],[136.54793,35.38113],[136.54667,35.38116],[136.54669,35.38166],[136.54835,35.38164],[136.54844,35.38699],[136.54789,35.38722],[136.54779,35.38847],[136.54738,35.38786],[136.54567,35.38977],[136.54564,35.391],[136.54615,35.39124],[136.54552,35.39199],[136.546,35.39263],[136.54537,35.39257],[136.54494,35.39311],[136.54443,35.39236],[136.54323,35.39347],[136.54352,35.3943],[136.54298,35.3937],[136.54159,35.39409],[136.54172,35.39512],[136.54067,35.39676],[136.54099,35.39822],[136.54495,35.39833],[136.5487,35.3967],[136.54711,35.39293],[136.548,35.39259],[136.54928,35.39318],[136.55192,35.39722],[136.55279,35.39714],[136.55203,35.39591],[136.55375,35.39783],[136.55409,35.39719],[136.55504,35.39766],[136.55459,35.39805]]],[[[136.67981,35.36968],[136.68051,35.36949],[136.6812,35.3713],[136.68218,35.37054],[136.68428,35.36734],[136.68642,35.3667],[136.68772,35.36777],[136.68819,35.36764],[136.68804,35.3671],[136.69021,35.36645],[136.6891,35.36377],[136.68863,35.36103],[136.68814,35.34504],[136.68502,35.34516],[136.68371,35.34425],[136.68143,35.34425],[136.6789,35.34527],[136.67889,35.3461],[136.67995,35.34613],[136.68006,35.34699],[136.67774,35.34703],[136.67719,35.34779],[136.67645,35.34786],[136.67315,35.34686],[136.67271,35.34711],[136.67298,35.35133],[136.67469,35.35259],[136.67508,35.35385],[136.67299,35.35426],[136.67396,35.3572],[136.67341,35.3588],[136.67427,35.36136],[136.67623,35.36144],[136.67647,35.3633],[136.67569,35.36401],[136.67519,35.36377],[136.6754,35.36415],[136.67465,35.36575],[136.67294,35.36544],[136.67327,35.36633],[136.67273,35.36748],[136.67699,35.36697],[136.6779,35.3673],[136.67804,35.3692],[136.67977,35.36913],[136.67981,35.36968]]]]}},{"type":"Feature","properties":{"id":"muni-21203","name":"高山市"},"geometry":{"type":"Polygon","coordinates":[[[136.95393,35.98355],[136.95148,35.98472],[136.94864,35.98472],[136.94497,35.9882],[136.94209,35.9902],[136.94221,35.99143],[136.94126,35.99318],[136.93561,35.99253],[136.93462,35.99576],[136.934,35.9967],[136.9329,35.9966],[136.9314,35.99927],[136.93117,36.00456],[136.93072,36.0046],[136.93053,36.00589],[136.93065,36.00919],[136.92981,36.0112],[136.92473,36.01175],[136.91718,36.01167],[136.91156,36.01388],[136.90923,36.01293],[136.90745,36.01343],[136.90665,36.01309],[136.90692,36.0146],[136.90816,36.01634],[136.90781,36.01709],[136.90657,36.01804],[136.90532,36.01797],[136.90383,36.01857],[136.90245,36.02107],[136.903,36.02356],[136.90137,36.02471],[136.90004,36.02493],[136.89873,36.02702],[136.89706,36.02704],[136.89613,36.02777],[136.89541,36.02744],[136.89448,36.02776],[136.89328,36.02689],[136.89214,36.02686],[136.89162,36.02436],[136.88688,36.02163],[136.88405,36.0217],[136.8823,36.02118],[136.88169,36.01965],[136.88215,36.01849],[136.88168,36.01823],[136.87932,36.0183],[136.87552,36.01722],[136.8744,36.01567],[136.87096,36.0162],[136.86807,36.01462],[136.86397,36.01434],[136.86231,36.01309],[136.85814,36.01197],[136.85614,36.01039],[136.85392,36.00959],[136.8453,36.00838],[136.84436,36.00673],[136.83787,36.00145],[136.83474,36.00768],[136.83316,36.008],[136.83117,36.00939],[136.82942,36.01149],[136.82573,36.01118],[136.82321,36.00989],[136.82174,36.0102],[136.82108,36.01101],[136.81882,36.01064],[136.81545,36.01166],[136.81227,36.01469],[136.81217,36.01658],[136.81044,36.01858],[136.80957,36.02274],[136.80803,36.02389],[136.80782,36.0265],[136.80731,36.02739],[136.80302,36.03125],[136.79826,36.03113],[136.79698,36.03168],[136.79762,36.03265],[136.79874,36.03317],[136.79888,36.03378],[136.79845,36.03618],[136.79897,36.03799],[136.79864,36.04009],[136.80088,36.04153],[136.80178,36.04281],[136.80033,36.04427],[136.79967,36.04593],[136.79594,36.05075],[136.79258,36.05208],[136.78988,36.0515],[136.78743,36.05177],[136.7851,36.05297],[136.78361,36.05249],[136.78111,36.05441],[136.77866,36.05396],[136.77708,36.05243],[136.77605,36.05348],[136.77493,36.05368],[136.77192,36.05686],[136.76787,36.05741],[136.76697,36.06031],[136.76471,36.06264],[136.76485,36.06537],[136.76397,36.06759],[136.76483,36.06959],[136.76384,36.07451],[136.76153,36.07606],[136.76048,36.07791],[136.76073,36.07909],[136.76004,36.0803],[136.75814,36.08093],[136.7571,36.08186],[136.75543,36.08558],[136.75443,36.08639],[136.75474,36.0877],[136.75418,36.089],[136.75424,36.09043],[136.75628,36.0947],[136.75575,36.09712],[136.75599,36.09887],[136.75923,36.1011],[136.76274,36.10475],[136.76459,36.10567],[136.77169,36.10486],[136.77479,36.10256],[136.78028,36.10164],[136.78341,36.09875],[136.78498,36.09938],[136.78801,36.09775],[136.78891,36.09814],[136.79081,36.1005],[136.79574,36.10277],[136.79872,36.10613],[136.80159,36.10545],[136.80681,36.10564],[136.80747,36.1051],[136.80738,36.10299],[136.80986,36.10218],[136.81062,36.10078],[136.81331,36.10033],[136.81661,36.09582],[136.81749,36.09357],[136.81864,36.09308],[136.82707,36.09657],[136.82782,36.09666],[136.83018,36.09564],[136.83246,36.09681],[136.83613,36.0967],[136.83951,36.09798],[136.84434,36.09771],[136.8475,36.10048],[136.8491,36.1009],[136.85083,36.10057],[136.85454,36.10265],[136.85739,36.10559],[136.86181,36.10494],[136.86564,36.10575],[136.86871,36.10381],[136.86978,36.10218],[136.87294,36.1031],[136.87491,36.10315],[136.87759,36.10204],[136.88322,36.10382],[136.88844,36.10456],[136.8901,36.10379],[136.89299,36.10567],[136.89532,36.10623],[136.89652,36.10583],[136.89736,36.10394],[136.9003,36.10132],[136.90536,36.10011],[136.90902,36.10074],[136.91092,36.10029],[136.91442,36.10063],[136.91545,36.09978],[136.91717,36.09698],[136.92466,36.09463],[136.93482,36.10475],[136.93252,36.11193],[136.93272,36.11268],[136.93789,36.11444],[136.94042,36.1146],[136.94444,36.11399],[136.94548,36.11442],[136.94728,36.11626],[136.94883,36.11692],[136.95279,36.11747],[136.9543,36.1181],[136.95461,36.11878],[136.9537,36.12074],[136.95322,36.12333],[136.95596,36.12667],[136.95598,36.12795],[136.9542,36.12893],[136.95158,36.12871],[136.9495,36.13019],[136.94832,36.1315],[136.94762,36.13412],[136.93879,36.14193],[136.93728,36.1426],[136.93326,36.1431],[136.93325,36.14413],[136.93674,36.15376],[136.93849,36.15605],[136.93775,36.15792],[136.93779,36.1616],[136.93717,36.16348],[136.93959,36.16506],[136.93877,36.16615],[136.93912,36.1674],[136.94374,36.17042],[136.94397,36.17134],[136.94346,36.17298],[136.94435,36.17445],[136.94375,36.17713],[136.94692,36.18096],[136.9473,36.18384],[136.94579,36.18786],[136.94854,36.19351],[136.94799,36.19455],[136.94897,36.1975],[136.94874,36.19867],[136.94762,36.20034],[136.94748,36.20255],[136.94625,36.20622],[136.94648,36.20803],[136.94727,36.20953],[136.94972,36.21041],[136.95139,36.20951],[136.95117,36.20894],[136.95352,36.20372],[136.95824,36.20159],[136.96034,36.19776],[136.96321,36.19653],[136.9642,36.19501],[136.96893,36.19439],[136.97327,36.19464],[136.97518,36.19413],[136.97636,36.19462],[136.97717,36.19427],[136.97892,36.19202],[136.98296,36.1905],[136.98986,36.19409],[136.99136,36.19392],[136.99302,36.193],[136.99438,36.19308],[136.99729,36.19474],[136.99909,36.19488],[136.99989,36.19478],[137.0019,36.1928],[137.00367,36.1932],[137.00733,36.19216],[137.00851,36.1923],[137.00902,36.19098],[137.00988,36.19102],[137.01112,36.18935],[137.01603,36.19072],[137.01757,36.18934],[137.02158,36.18962],[137.02387,36.19],[137.02712,36.19158],[137.0279,36.19358],[137.02773,36.19464],[137.02873,36.1953],[137.02952,36.1967],[137.03102,36.19712],[137.0378,36.19721],[137.04128,36.19555],[137.04753,36.19515],[137.04954,36.19355],[137.0505,36.19149],[137.05108,36.19116],[137.05659,36.19476],[137.05729,36.19619],[137.06023,36.19917],[137.06356,36.19841],[137.06648,36.19959],[137.067,36.19927],[137.06697,36.1986],[137.06998,36.19848],[137.07255,36.2025],[137.07377,36.20292],[137.07493,36.20435],[137.07684,36.20543],[137.07697,36.20618],[137.07963,36.20855],[137.07957,36.2098],[137.08223,36.21067],[137.08358,36.21284],[137.08333,36.21383],[137.08672,36.21691],[137.08801,36.21721],[137.09014,36.21606],[137.09063,36.21643],[137.09045,36.21736],[137.0922,36.21838],[137.09707,36.21835],[137.09913,36.21971],[137.10095,36.2198],[137.10416,36.21818],[137.10573,36.21788],[137.10668,36.21691],[137.10696,36.21417],[137.10635,36.21316],[137.10725,36.21259],[137.10688,36.211],[137.10775,36.20991],[137.10752,36.20911],[137.10608,36.20833],[137.1055,36.20651],[137.10623,36.20495],[137.10582,36.204],[137.10932,36.20003],[137.10907,36.19855],[137.10978,36.1967],[137.11063,36.19601],[137.11283,36.19542],[137.11353,36.19442],[137.11344,36.18988],[137.11503,36.18942],[137.11522,36.18757],[137.11632,36.1862],[137.11653,36.18514],[137.11814,36.18386],[137.12254,36.18344],[137.12478,36.18502],[137.12676,36.18572],[137.13076,36.1887],[137.13162,36.18857],[137.13225,36.18969],[137.13795,36.19234],[137.13837,36.19651],[137.14057,36.19831],[137.14132,36.20163],[137.14259,36.20076],[137.14991,36.20063],[137.15116,36.19989],[137.15532,36.20107],[137.15586,36.20209],[137.15884,36.20473],[137.15752,36.20701],[137.15804,36.20944],[137.15688,36.21033],[137.15765,36.21163],[137.15845,36.21189],[137.15961,36.21426],[137.16087,36.21462],[137.16191,36.21413],[137.16338,36.21442],[137.16594,36.2135],[137.16655,36.21486],[137.16762,36.21488],[137.16905,36.21339],[137.17279,36.21396],[137.17315,36.21353],[137.17289,36.21239],[137.17355,36.21146],[137.17715,36.21172],[137.17798,36.21275],[137.18051,36.21378],[137.18369,36.21754],[137.18413,36.21898],[137.18839,36.22212],[137.19273,36.21851],[137.20003,36.21666],[137.20354,36.21494],[137.20636,36.21268],[137.20723,36.21309],[137.20643,36.21415],[137.20648,36.21525],[137.20562,36.21726],[137.20352,36.21911],[137.2022,36.21942],[137.2026,36.21981],[137.20182,36.22032],[137.20373,36.22216],[137.20389,36.22152],[137.20467,36.22112],[137.20524,36.22258],[137.20496,36.22329],[137.20286,36.22416],[137.20076,36.22664],[137.19597,36.23064],[137.19737,36.23239],[137.1966,36.2329],[137.19854,36.23491],[137.20102,36.23657],[137.20366,36.23727],[137.20588,36.23863],[137.20703,36.24116],[137.20887,36.24152],[137.21036,36.24112],[137.21271,36.24178],[137.21488,36.24512],[137.21586,36.2457],[137.21425,36.24914],[137.21291,36.24991],[137.21343,36.25157],[137.21552,36.25178],[137.21659,36.2534],[137.21888,36.25408],[137.21974,36.25531],[137.21978,36.25633],[137.22148,36.25655],[137.22268,36.25579],[137.22473,36.25607],[137.22887,36.2548],[137.23553,36.25611],[137.23785,36.25585],[137.23926,36.25515],[137.2404,36.25675],[137.24185,36.25672],[137.24231,36.25999],[137.24541,36.26124],[137.24685,36.26279],[137.24923,36.2631],[137.25151,36.26417],[137.25307,36.26584],[137.25449,36.26524],[137.25678,36.26558],[137.25905,36.26726],[137.25956,36.26834],[137.26087,36.26843],[137.26199,36.26775],[137.26352,36.26838],[137.26462,36.26934],[137.26436,36.27037],[137.26559,36.27087],[137.2658,36.27167],[137.26765,36.27284],[137.26862,36.27435],[137.26929,36.27751],[137.27058,36.27816],[137.27292,36.28121],[137.27437,36.28199],[137.27587,36.28625],[137.28353,36.28652],[137.28442,36.28666],[137.28468,36.28742],[137.2853,36.2875],[137.28834,36.28746],[137.29019,36.28694],[137.29111,36.28788],[137.29462,36.28728],[137.29593,36.28644],[137.30026,36.28674],[137.30267,36.28616],[137.30366,36.28658],[137.30657,36.2865],[137.31215,36.28882],[137.31462,36.28813],[137.31633,36.28904],[137.32133,36.28685],[137.3248,36.28722],[137.32772,36.28647],[137.3298,36.28678],[137.32989,36.28762],[137.32909,36.28912],[137.33019,36.29077],[137.33074,36.29346],[137.33451,36.29571],[137.33564,36.29802],[137.33559,36.29969],[137.33993,36.30094],[137.34596,36.29975],[137.35181,36.29715],[137.35545,36.2966],[137.36358,36.29636],[137.36592,36.30034],[137.36504,36.30317],[137.36613,36.3032],[137.36823,36.30423],[137.37129,36.30707],[137.37011,36.30865],[137.36967,36.31035],[137.36555,36.31232],[137.36627,36.31532],[137.36751,36.31586],[137.36981,36.31908],[137.3666,36.32394],[137.36395,36.32658],[137.36004,36.32883],[137.36212,36.33064],[137.36273,36.33208],[137.36233,36.33277],[137.36311,36.33335],[137.36335,36.33444],[137.3614,36.33623],[137.36047,36.33776],[137.36134,36.33954],[137.36095,36.34131],[137.35882,36.34291],[137.35849,36.34529],[137.35894,36.34632],[137.36166,36.34855],[137.36225,36.35028],[137.36366,36.35093],[137.36498,36.35092],[137.36722,36.34993],[137.36955,36.3499],[137.3702,36.34891],[137.37182,36.34858],[137.37214,36.34723],[137.37298,36.34659],[137.37461,36.34642],[137.37626,36.3448],[137.3773,36.3446],[137.37797,36.34501],[137.37946,36.34408],[137.38052,36.34443],[137.38194,36.34416],[137.383,36.34468],[137.38361,36.34382],[137.38627,36.34364],[137.38704,36.34316],[137.38947,36.34407],[137.39246,36.34353],[137.39361,36.34224],[137.39492,36.34241],[137.39685,36.34391],[137.40031,36.34287],[137.40093,36.34377],[137.40434,36.34411],[137.40685,36.34577],[137.40941,36.34632],[137.4137,36.34933],[137.41825,36.35108],[137.41746,36.3536],[137.41541,36.3559],[137.41478,36.35861],[137.41315,36.35922],[137.41484,36.36097],[137.41778,36.36182],[137.41953,36.36331],[137.42023,36.3668],[137.42199,36.37031],[137.42797,36.37049],[137.4292,36.37252],[137.43177,36.37332],[137.43331,36.37212],[137.4345,36.37256],[137.43556,36.37202],[137.43683,36.37263],[137.44301,36.37082],[137.44353,36.36709],[137.44861,36.37075],[137.45041,36.37153],[137.45236,36.37186],[137.45427,36.37128],[137.46949,36.37421],[137.47293,36.37591],[137.47534,36.37475],[137.47601,36.37403],[137.47586,36.37278],[137.47809,36.37154],[137.47993,36.372],[137.48138,36.37133],[137.48403,36.37112],[137.48554,36.37214],[137.48763,36.37218],[137.48816,36.3729],[137.49123,36.37439],[137.49429,36.37834],[137.49421,36.37971],[137.49687,36.38122],[137.49771,36.38273],[137.50266,36.38312],[137.50588,36.38267],[137.51039,36.38312],[137.51631,36.38136],[137.52072,36.3812],[137.52175,36.38185],[137.52327,36.382],[137.52866,36.38568],[137.53149,36.38635],[137.53266,36.3877],[137.53569,36.38933],[137.53799,36.39166],[137.53994,36.3928],[137.54092,36.39163],[137.54586,36.39006],[137.54953,36.39029],[137.55408,36.38884],[137.5592,36.38828],[137.56122,36.38706],[137.56254,36.38776],[137.56501,36.38803],[137.56564,36.38966],[137.57146,36.38933],[137.57383,36.39259],[137.57752,36.39319],[137.58029,36.39137],[137.5843,36.39082],[137.58585,36.38994],[137.58779,36.39008],[137.58685,36.38826],[137.58674,36.38366],[137.58695,36.3826],[137.58765,36.38203],[137.58653,36.37858],[137.58705,36.3775],[137.58643,36.37603],[137.58766,36.37306],[137.58746,36.37176],[137.58985,36.37029],[137.59382,36.36905],[137.59471,36.36909],[137.59665,36.37047],[137.60085,36.37006],[137.60341,36.36902],[137.60379,36.36816],[137.60647,36.36748],[137.60736,36.36677],[137.61303,36.36631],[137.61348,36.36589],[137.61717,36.36607],[137.61943,36.36417],[137.61992,36.36278],[137.62213,36.36011],[137.62268,36.35807],[137.62515,36.35315],[137.62781,36.35184],[137.62854,36.34978],[137.63054,36.34844],[137.63145,36.34685],[137.63457,36.3447],[137.63602,36.34224],[137.64025,36.3419],[137.64188,36.34095],[137.64291,36.34159],[137.64476,36.34119],[137.64529,36.34164],[137.64564,36.34137],[137.64735,36.34184],[137.6461,36.34129],[137.64525,36.33992],[137.64595,36.33671],[137.6456,36.33485],[137.64625,36.33353],[137.64615,36.33029],[137.64834,36.32939],[137.65059,36.32687],[137.65214,36.32214],[137.65049,36.32095],[137.65095,36.31749],[137.6496,36.31573],[137.64909,36.31266],[137.64948,36.31138],[137.64867,36.30899],[137.65085,36.3062],[137.65188,36.30596],[137.65341,36.30462],[137.65247,36.30349],[137.65217,36.30221],[137.65081,36.30183],[137.64848,36.30011],[137.64798,36.29836],[137.6467,36.29641],[137.64767,36.29476],[137.6481,36.29216],[137.64758,36.28916],[137.6437,36.28762],[137.64104,36.28575],[137.63843,36.28496],[137.63746,36.28427],[137.63742,36.28375],[137.63617,36.28345],[137.63478,36.28205],[137.63164,36.28033],[137.63137,36.27964],[137.62899,36.27895],[137.62837,36.27833],[137.62798,36.27663],[137.62722,36.27646],[137.62682,36.27578],[137.62612,36.27177],[137.62361,36.27046],[137.62072,36.26662],[137.61927,36.26646],[137.61712,36.26482],[137.61512,36.26467],[137.61276,36.25761],[137.60666,36.25312],[137.60731,36.2514],[137.60611,36.24989],[137.60598,36.2489],[137.60137,36.24713],[137.60073,36.24598],[137.59833,36.24457],[137.59584,36.24204],[137.59566,36.24047],[137.59515,36.23998],[137.59552,36.2374],[137.59502,36.23666],[137.5933,36.23619],[137.59115,36.23394],[137.58986,36.23127],[137.58957,36.22856],[137.58756,36.22683],[137.58364,36.22709],[137.58452,36.22298],[137.58302,36.22038],[137.57806,36.21917],[137.57496,36.2203],[137.57394,36.22001],[137.57337,36.21918],[137.57605,36.2148],[137.57531,36.21297],[137.57339,36.21065],[137.57516,36.2057],[137.57488,36.20411],[137.57797,36.20148],[137.57859,36.1974],[137.57975,36.19712],[137.58094,36.19526],[137.58564,36.19306],[137.59097,36.19108],[137.59215,36.1918],[137.59426,36.19197],[137.59506,36.19098],[137.59448,36.18894],[137.59159,36.18674],[137.59105,36.18557],[137.59135,36.18388],[137.59241,36.18275],[137.59121,36.17799],[137.59337,36.17629],[137.59401,36.17318],[137.5951,36.17248],[137.59506,36.17207],[137.592,36.16936],[137.59204,36.16621],[137.59071,36.16393],[137.58305,36.1603],[137.57726,36.16001],[137.57225,36.15624],[137.57026,36.15576],[137.56972,36.15453],[137.56889,36.15462],[137.56768,36.15377],[137.56769,36.1484],[137.56694,36.14712],[137.56511,36.14599],[137.55964,36.14445],[137.55733,36.1408],[137.55459,36.14027],[137.55456,36.13701],[137.55601,36.13406],[137.55807,36.13135],[137.56059,36.13039],[137.55937,36.12606],[137.55704,36.12177],[137.55761,36.1206],[137.5572,36.11823],[137.55562,36.11724],[137.55233,36.1168],[137.55156,36.11525],[137.55179,36.11451],[137.55062,36.11338],[137.55028,36.11204],[137.55111,36.10979],[137.55276,36.10889],[137.5539,36.10665],[137.557,36.10377],[137.56154,36.10192],[137.56167,36.09971],[137.56313,36.09818],[137.56517,36.09723],[137.56788,36.09675],[137.56832,36.09477],[137.57125,36.0913],[137.57217,36.08853],[137.57314,36.08774],[137.57604,36.08695],[137.57807,36.08505],[137.58253,36.0853],[137.58833,36.082],[137.59254,36.08047],[137.59432,36.07949],[137.59554,36.07652],[137.59678,36.07571],[137.59788,36.07557],[137.60041,36.07641],[137.60313,36.0762],[137.60903,36.07797],[137.61177,36.07778],[137.61354,36.07658],[137.6138,36.07574],[137.61122,36.07124],[137.61101,36.06984],[137.61142,36.06849],[137.61086,36.06732],[137.61192,36.06511],[137.6146,36.06299],[137.61445,36.06102],[137.61361,36.0596],[137.6077,36.05637],[137.6053,36.05208],[137.60458,36.04853],[137.59978,36.04462],[137.59783,36.0423],[137.59838,36.03687],[137.60028,36.02856],[137.59949,36.02746],[137.59948,36.02583],[137.59833,36.0224],[137.59714,36.02033],[137.5958,36.0192],[137.59595,36.01703],[137.59402,36.01465],[137.59472,36.01285],[137.59145,36.00921],[137.59046,36.00665],[137.58689,36.00522],[137.58463,36.00342],[137.58059,36.00131],[137.57541,35.99573],[137.56923,35.99592],[137.56131,35.98969],[137.55764,35.98926],[137.55272,35.98736],[137.55047,35.98713],[137.54401,35.98375],[137.5433,35.98268],[137.54291,35.98039],[137.54502,35.97774],[137.54385,35.9721],[137.54183,35.97058],[137.54213,35.96738],[137.54125,35.96659],[137.53622,35.96451],[137.53269,35.96204],[137.53195,35.95918],[137.52901,35.95349],[137.5273,35.95194],[137.5265,35.94942],[137.52516,35.94728],[137.52456,35.94235],[137.52093,35.94123],[137.51878,35.93964],[137.51429,35.94076],[137.50957,35.94116],[137.50618,35.94088],[137.50372,35.94007],[137.50173,35.93771],[137.49765,35.92884],[137.49353,35.92575],[137.48777,35.91821],[137.48431,35.9163],[137.48338,35.91383],[137.47336,35.91781],[137.4692,35.92169],[137.46663,35.92329],[137.46539,35.9249],[137.46335,35.92549],[137.46159,35.92765],[137.45896,35.92834],[137.45792,35.9292],[137.45265,35.93466],[137.4503,35.93886],[137.44518,35.94117],[137.44408,35.9427],[137.44506,35.94373],[137.44539,35.94494],[137.44458,35.94658],[137.44484,35.94993],[137.44354,35.951],[137.44378,35.95192],[137.44177,35.95554],[137.44211,35.9568],[137.4408,35.95916],[137.43792,35.9613],[137.43654,35.96178],[137.43398,35.96151],[137.43266,35.96218],[137.42847,35.96245],[137.42546,35.96517],[137.42671,35.96751],[137.42531,35.96848],[137.42463,35.97004],[137.42312,35.97104],[137.41787,35.97147],[137.41604,35.96916],[137.41472,35.96853],[137.41442,35.96773],[137.41095,35.96675],[137.40959,35.96728],[137.40933,35.96784],[137.40621,35.96862],[137.40178,35.96689],[137.39999,35.96541],[137.4002,35.96186],[137.39674,35.9603],[137.39498,35.96025],[137.39259,35.9588],[137.38965,35.95496],[137.38729,35.9547],[137.3854,35.9532],[137.38515,35.95102],[137.38173,35.95005],[137.38022,35.94835],[137.37855,35.94831],[137.37529,35.94667],[137.3717,35.94654],[137.36776,35.94529],[137.36758,35.94734],[137.36454,35.95106],[137.3658,35.95324],[137.36614,35.95554],[137.37005,35.95813],[137.3687,35.9594],[137.36892,35.96124],[137.36771,35.96247],[137.36882,35.96435],[137.37058,35.96577],[137.37068,35.96701],[137.37001,35.96785],[137.37039,35.96877],[137.3672,35.97124],[137.36398,35.97215],[137.36289,35.97366],[137.35956,35.97418],[137.35588,35.97619],[137.35594,35.97699],[137.35484,35.97781],[137.3523,35.98191],[137.35273,35.98362],[137.35087,35.98437],[137.34929,35.98863],[137.34665,35.98983],[137.34462,35.9901],[137.34344,35.98946],[137.3422,35.98996],[137.34235,35.99144],[137.34336,35.99267],[137.34314,35.99399],[137.34426,35.99594],[137.34527,35.99659],[137.34611,35.99877],[137.34592,36.00067],[137.34487,36.00224],[137.34337,36.00175],[137.34047,36.00206],[137.33995,36.00166],[137.33936,36.00218],[137.33792,36.00082],[137.33625,36.00084],[137.33505,36.00025],[137.33062,35.99955],[137.3294,35.99545],[137.32775,35.99437],[137.32546,35.99468],[137.32409,35.99385],[137.32151,35.99404],[137.32023,35.99358],[137.31886,35.99398],[137.31583,35.99311],[137.31342,35.99364],[137.30852,35.9917],[137.30601,35.98916],[137.30168,35.98922],[137.29902,35.98821],[137.29798,35.98733],[137.29605,35.98716],[137.29415,35.9863],[137.29229,35.98632],[137.29142,35.98551],[137.28836,35.98561],[137.28762,35.98648],[137.28832,35.9873],[137.2881,35.98773],[137.28634,35.98803],[137.28573,35.98906],[137.28466,35.98907],[137.28354,35.98984],[137.28199,35.98926],[137.2817,35.98793],[137.28064,35.98751],[137.27911,35.98576],[137.27725,35.98741],[137.27557,35.98764],[137.27467,35.98835],[137.2709,35.98874],[137.26844,35.99009],[137.26601,35.98977],[137.26128,35.9874],[137.2592,35.99066],[137.25951,35.99295],[137.25748,35.99353],[137.25539,35.99264],[137.25464,35.99275],[137.25411,35.99365],[137.25199,35.99424],[137.25172,35.99527],[137.24983,35.99609],[137.24798,35.99546],[137.24781,35.99627],[137.24605,35.99763],[137.24517,36.00059],[137.24211,36.00361],[137.24105,36.00638],[137.23938,36.00745],[137.23908,36.00874],[137.23712,36.01],[137.23597,36.01229],[137.23436,36.01335],[137.23392,36.01458],[137.2346,36.01664],[137.23366,36.0183],[137.23426,36.01933],[137.23396,36.01973],[137.22881,36.02125],[137.22462,36.02362],[137.22183,36.02272],[137.21659,36.02305],[137.21479,36.02479],[137.21374,36.02786],[137.21299,36.02752],[137.21258,36.02654],[137.21031,36.02669],[137.21025,36.02593],[137.20767,36.02511],[137.20611,36.02578],[137.1999,36.02584],[137.19903,36.02775],[137.1978,36.02868],[137.19774,36.03232],[137.19696,36.03598],[137.19561,36.03741],[137.19499,36.0367],[137.19369,36.03675],[137.19201,36.03526],[137.19073,36.03617],[137.18882,36.03583],[137.18698,36.03732],[137.18481,36.03721],[137.18031,36.03492],[137.17868,36.03264],[137.17793,36.03295],[137.17723,36.03264],[137.1747,36.02861],[137.172,36.02837],[137.17013,36.02919],[137.16949,36.02818],[137.1668,36.02666],[137.16522,36.02492],[137.16388,36.02463],[137.16296,36.02225],[137.15884,36.02072],[137.15525,36.01619],[137.15318,36.01557],[137.15264,36.01222],[137.14996,36.01002],[137.15035,36.0092],[137.14797,36.00638],[137.14822,36.00436],[137.14321,36.00243],[137.14167,36.00124],[137.14067,36.00193],[137.13842,36.00094],[137.13798,35.99917],[137.13706,35.99801],[137.13508,35.99695],[137.13335,35.99634],[137.13136,35.99656],[137.13016,35.99613],[137.12847,35.99469],[137.12694,35.99237],[137.12641,35.99086],[137.1267,35.9902],[137.12575,35.9881],[137.12341,35.98757],[137.12181,35.98574],[137.12076,35.98574],[137.12041,35.9836],[137.11949,35.98284],[137.11995,35.98114],[137.11843,35.98041],[137.1181,35.97877],[137.11737,35.97862],[137.11669,35.9776],[137.11649,35.97606],[137.11726,35.97507],[137.11639,35.97303],[137.11538,35.97183],[137.11285,35.9702],[137.11124,35.96779],[137.10896,35.96598],[137.10658,35.95955],[137.10532,35.95874],[137.10528,35.95823],[137.10622,35.95643],[137.11177,35.95378],[137.11293,35.95224],[137.11785,35.95007],[137.11986,35.95049],[137.12134,35.94903],[137.1209,35.94608],[137.11918,35.94502],[137.11893,35.94303],[137.11798,35.94187],[137.11732,35.93987],[137.11612,35.93955],[137.11591,35.93713],[137.11506,35.93488],[137.11341,35.93425],[137.11226,35.93128],[137.10983,35.93167],[137.10851,35.92987],[137.10848,35.92916],[137.10769,35.92914],[137.10694,35.92847],[137.1067,35.927],[137.10531,35.92707],[137.10481,35.92615],[137.10329,35.92553],[137.10081,35.92644],[137.10028,35.92742],[137.09865,35.92751],[137.09645,35.92884],[137.095,35.92906],[137.09375,35.92835],[137.09384,35.92723],[137.09263,35.92587],[137.0933,35.92355],[137.09228,35.92183],[137.09065,35.92111],[137.09097,35.91961],[137.0899,35.91809],[137.09043,35.91587],[137.09197,35.91489],[137.09305,35.91338],[137.09259,35.91142],[137.09358,35.90923],[137.0931,35.90605],[137.09211,35.90571],[137.09215,35.90472],[137.09278,35.90411],[137.09179,35.90019],[137.09009,35.89841],[137.08755,35.89894],[137.08574,35.89779],[137.08445,35.89773],[137.0841,35.89842],[137.08464,35.90035],[137.08322,35.9044],[137.08427,35.9069],[137.08398,35.90776],[137.08098,35.9095],[137.07857,35.91275],[137.07666,35.91327],[137.07503,35.91181],[137.07167,35.91376],[137.07125,35.91549],[137.06942,35.91746],[137.07007,35.91956],[137.06859,35.92022],[137.06825,35.92112],[137.06869,35.92215],[137.06799,35.92376],[137.06897,35.92625],[137.06652,35.92867],[137.06711,35.93067],[137.06672,35.93133],[137.06583,35.93148],[137.06516,35.933],[137.06532,35.93408],[137.06686,35.93447],[137.06746,35.93513],[137.0672,35.93669],[137.06848,35.93748],[137.06906,35.9392],[137.06834,35.94035],[137.06718,35.94065],[137.06711,35.94258],[137.06601,35.94203],[137.06597,35.94262],[137.06482,35.94321],[137.06309,35.94282],[137.0625,35.94324],[137.06295,35.94423],[137.06274,35.94492],[137.06174,35.94548],[137.06032,35.94543],[137.06024,35.94662],[137.05804,35.94808],[137.05756,35.95006],[137.05622,35.95097],[137.05617,35.95294],[137.05506,35.9539],[137.05484,35.957],[137.05419,35.95697],[137.05398,35.95789],[137.05288,35.95776],[137.05165,35.95924],[137.04923,35.96042],[137.04861,35.9604],[137.04751,35.95915],[137.04742,35.95806],[137.04663,35.9572],[137.04382,35.95564],[137.04349,35.95459],[137.04235,35.95421],[137.04095,35.95467],[137.03878,35.95379],[137.03808,35.95426],[137.0381,35.95539],[137.0366,35.95687],[137.03429,35.95632],[137.02945,35.95802],[137.02827,35.95783],[137.02398,35.96068],[137.02124,35.96033],[137.01918,35.95943],[137.01846,35.95699],[137.01703,35.95489],[137.01675,35.95267],[137.0135,35.95136],[137.0075,35.95164],[137.0072,35.94975],[137.00604,35.94878],[137.00336,35.94389],[137.00227,35.94357],[136.99976,35.9404],[136.99772,35.93903],[136.99733,35.93596],[136.99769,35.93428],[136.99886,35.93301],[136.99942,35.93076],[136.99826,35.92872],[136.9974,35.92904],[136.99516,35.9287],[136.99341,35.92787],[136.99207,35.92821],[136.98987,35.92609],[136.98887,35.92585],[136.98812,35.92285],[136.98748,35.922],[136.98762,35.92138],[136.98443,35.91906],[136.98397,35.91752],[136.9825,35.91767],[136.98113,35.91933],[136.97732,35.91917],[136.97497,35.92248],[136.97172,35.92458],[136.97192,35.92548],[136.97285,35.92634],[136.97331,35.92983],[136.97242,35.93256],[136.97155,35.93358],[136.97234,35.93608],[136.97235,35.938],[136.97083,35.9423],[136.9708,35.94358],[136.97007,35.94439],[136.96849,35.94874],[136.96949,35.95034],[136.97074,35.95076],[136.9718,35.95297],[136.97105,35.95468],[136.97149,35.95689],[136.97026,35.95714],[136.96965,35.95821],[136.96751,35.95914],[136.96719,35.96044],[136.96598,35.96093],[136.96478,35.9641],[136.96525,35.96632],[136.9648,35.96815],[136.96242,35.96941],[136.96024,35.97143],[136.961,35.97255],[136.96055,35.97313],[136.96044,35.97625],[136.9593,35.97882],[136.95785,35.97814],[136.95648,35.97865],[136.95597,35.97969],[136.95443,35.98068],[136.95393,35.98355]]]}},{"type":"Feature","properties":{"id":"muni-21204","name":"多治見市"},"geometry":{"type":"Polygon","coordinates":[[[137.06267,35.40164],[137.06635,35.40019],[137.06689,35.3992],[137.06669,35.39814],[137.06773,35.39806],[137.06758,35.39687],[137.06688,35.39609],[137.06921,35.39578],[137.0688,35.39454],[137.06996,35.39369],[137.06916,35.3923],[137.07068,35.39218],[137.07038,35.39136],[137.07139,35.39112],[137.0711,35.39038],[137.07199,35.39026],[137.072,35.3881],[137.07317,35.38826],[137.07428,35.38735],[137.07408,35.38658],[137.07481,35.38646],[137.07683,35.38475],[137.07589,35.38312],[137.07504,35.38308],[137.07603,35.38193],[137.0752,35.38098],[137.07603,35.37998],[137.07698,35.37728],[137.07784,35.37766],[137.07882,35.37729],[137.07907,35.37671],[137.07858,35.37516],[137.07949,35.37471],[137.079,35.37405],[137.08177,35.37276],[137.08301,35.37289],[137.08507,35.37107],[137.08759,35.37147],[137.08817,35.37054],[137.08852,35.37101],[137.08953,35.3705],[137.09003,35.37099],[137.08962,35.37168],[137.08995,35.37226],[137.0909,35.37259],[137.09141,35.37188],[137.09283,35.37208],[137.09426,35.37055],[137.09476,35.3706],[137.09478,35.37127],[137.09562,35.37153],[137.09546,35.37212],[137.09616,35.37251],[137.09719,35.37184],[137.09821,35.37184],[137.09917,35.3709],[137.09959,35.37166],[137.101,35.37202],[137.10194,35.37145],[137.1025,35.37221],[137.10194,35.37335],[137.10342,35.37367],[137.10421,35.37439],[137.10577,35.37371],[137.10734,35.37222],[137.10996,35.3722],[137.10946,35.37002],[137.11197,35.3689],[137.11381,35.36897],[137.11859,35.37395],[137.12107,35.37524],[137.11786,35.37852],[137.11726,35.37949],[137.11763,35.38008],[137.12063,35.38107],[137.12199,35.38336],[137.1242,35.38447],[137.12699,35.3842],[137.12744,35.38336],[137.13042,35.38115],[137.13175,35.38116],[137.13572,35.37967],[137.13757,35.3796],[137.13792,35.37891],[137.14005,35.37941],[137.1428,35.3777],[137.14486,35.37766],[137.14521,35.37706],[137.14446,35.37554],[137.14471,35.37406],[137.14881,35.37198],[137.14718,35.36923],[137.14939,35.36978],[137.15033,35.36887],[137.15186,35.36868],[137.15239,35.36733],[137.15213,35.36686],[137.15278,35.3663],[137.15226,35.36562],[137.1525,35.36494],[137.15345,35.36455],[137.15532,35.36173],[137.15619,35.3616],[137.15625,35.36071],[137.1573,35.35985],[137.15737,35.35902],[137.15673,35.35797],[137.15846,35.35703],[137.15568,35.35153],[137.151,35.3504],[137.14565,35.34997],[137.14544,35.3494],[137.14603,35.34894],[137.1461,35.34685],[137.14743,35.34648],[137.14794,35.34576],[137.14767,35.3454],[137.14908,35.34499],[137.14908,35.34422],[137.15052,35.34424],[137.15053,35.34351],[137.1489,35.3433],[137.15249,35.33934],[137.15713,35.33581],[137.15837,35.33175],[137.15934,35.33083],[137.16038,35.33058],[137.16042,35.32874],[137.1617,35.32717],[137.16037,35.32756],[137.1555,35.32432],[137.15353,35.32421],[137.15332,35.32281],[137.15426,35.32075],[137.15578,35.32001],[137.15873,35.31919],[137.16031,35.31917],[137.16133,35.31985],[137.16342,35.32004],[137.16368,35.31946],[137.16517,35.31935],[137.16704,35.31785],[137.16793,35.31453],[137.17207,35.31221],[137.17164,35.31104],[137.17355,35.30892],[137.17391,35.30748],[137.17495,35.30601],[137.17724,35.30468],[137.17677,35.30247],[137.17875,35.29939],[137.17951,35.29918],[137.17866,35.29831],[137.1794,35.29726],[137.17889,35.29448],[137.18059,35.29321],[137.18057,35.29217],[137.18224,35.28995],[137.18126,35.28791],[137.17686,35.2864],[137.17516,35.2851],[137.17605,35.28374],[137.17762,35.28328],[137.17828,35.28227],[137.17896,35.28245],[137.17912,35.28196],[137.18007,35.28192],[137.18217,35.28028],[137.18473,35.28016],[137.18473,35.2792],[137.18656,35.27729],[137.18089,35.27416],[137.17758,35.27061],[137.17667,35.27027],[137.17357,35.272],[137.17376,35.27479],[137.17296,35.27567],[137.17147,35.27517],[137.16977,35.2759],[137.16954,35.27817],[137.16851,35.27836],[137.16657,35.28025],[137.16507,35.28345],[137.16344,35.28307],[137.16245,35.28339],[137.16167,35.28228],[137.16042,35.28267],[137.15638,35.28175],[137.15451,35.27974],[137.15216,35.27963],[137.14954,35.28176],[137.14561,35.27986],[137.14502,35.28051],[137.14344,35.28084],[137.14191,35.28331],[137.14196,35.28409],[137.14061,35.2847],[137.14026,35.2857],[137.13794,35.28673],[137.1381,35.28805],[137.1335,35.29138],[137.13332,35.29275],[137.13146,35.29365],[137.13039,35.2926],[137.12908,35.29462],[137.12769,35.29416],[137.12591,35.29547],[137.12409,35.29538],[137.12348,35.29614],[137.12271,35.29571],[137.12015,35.29654],[137.11893,35.29792],[137.11668,35.29741],[137.11517,35.299],[137.1122,35.2988],[137.10953,35.30018],[137.10639,35.30025],[137.10251,35.30168],[137.10099,35.30171],[137.10079,35.29924],[137.09774,35.29709],[137.09763,35.29607],[137.09877,35.29221],[137.09667,35.29136],[137.09614,35.29065],[137.09358,35.29133],[137.09196,35.29311],[137.09043,35.2926],[137.08098,35.29243],[137.08061,35.29435],[137.08107,35.29504],[137.07955,35.29624],[137.08045,35.29712],[137.0814,35.29972],[137.07993,35.30098],[137.08027,35.3021],[137.07997,35.30307],[137.08174,35.30524],[137.07986,35.30675],[137.07792,35.30709],[137.07624,35.30627],[137.0719,35.3066],[137.07075,35.30811],[137.06639,35.30901],[137.06673,35.31196],[137.06573,35.3127],[137.06443,35.31677],[137.06318,35.3184],[137.0637,35.32021],[137.06644,35.32266],[137.06941,35.32446],[137.06965,35.32515],[137.07205,35.32521],[137.07307,35.32677],[137.0717,35.32844],[137.07128,35.33065],[137.07094,35.33107],[137.06965,35.33093],[137.06942,35.33273],[137.06826,35.33379],[137.06815,35.33504],[137.06873,35.33573],[137.0659,35.33637],[137.06382,35.336],[137.06329,35.3382],[137.06162,35.33895],[137.05953,35.33894],[137.05956,35.33844],[137.0586,35.33864],[137.05552,35.33774],[137.05528,35.33702],[137.05397,35.33611],[137.05236,35.3365],[137.05079,35.33571],[137.05003,35.33443],[137.04943,35.33425],[137.04744,35.33554],[137.04794,35.33595],[137.04798,35.33689],[137.04632,35.3399],[137.04654,35.34327],[137.04613,35.34398],[137.04691,35.34674],[137.04678,35.34869],[137.04591,35.35017],[137.04617,35.35097],[137.04723,35.35126],[137.04787,35.3522],[137.04883,35.35527],[137.04889,35.35729],[137.04999,35.35939],[137.04767,35.36502],[137.04788,35.36566],[137.05005,35.36638],[137.04999,35.36746],[137.05112,35.36893],[137.05305,35.36843],[137.05375,35.369],[137.0548,35.36866],[137.05482,35.37138],[137.05301,35.37456],[137.05297,35.37649],[137.05302,35.37743],[137.05443,35.37908],[137.05388,35.37992],[137.05468,35.38083],[137.05461,35.38181],[137.05554,35.38417],[137.05986,35.38977],[137.06067,35.39043],[137.06258,35.39085],[137.06259,35.39217],[137.06378,35.39221],[137.06462,35.39157],[137.06505,35.39188],[137.06521,35.39319],[137.0674,35.39361],[137.06638,35.39424],[137.06492,35.39401],[137.06454,35.39501],[137.06397,35.39499],[137.064,35.39402],[137.06289,35.39391],[137.06148,35.39516],[137.06218,35.39815],[137.06038,35.4005],[137.06017,35.40293],[137.06183,35.40308],[137.06267,35.40164]]]}},{"type":"Feature","properties":{"id":"muni-21205","name":"関市"},"geometry":{"type":"Polygon","coordinates":[[[136.80642,35.61051],[136.80421,35.61191],[136.80502,35.61286],[136.80412,35.61393],[136.80355,35.61656],[136.80532,35.61894],[136.80526,35.62029],[136.8071,35.62335],[136.80667,35.62547],[136.80543,35.62655],[136.80592,35.62952],[136.80357,35.63369],[136.80404,35.63483],[136.80565,35.63552],[136.80546,35.63689],[136.80625,35.63778],[136.8047,35.64475],[136.80509,35.6459],[136.80481,35.64925],[136.80609,35.65021],[136.80621,35.65086],[136.80556,35.65361],[136.80396,35.65581],[136.80147,35.658],[136.80055,35.66012],[136.79721,35.66148],[136.79393,35.66162],[136.79257,35.66112],[136.79127,35.66269],[136.78966,35.66307],[136.78758,35.66452],[136.78392,35.6632],[136.78302,35.66432],[136.78256,35.66684],[136.78203,35.66709],[136.77878,35.66663],[136.77655,35.66685],[136.77544,35.66742],[136.77255,35.66741],[136.77194,35.67017],[136.77023,35.67182],[136.77062,35.67418],[136.76982,35.67549],[136.77053,35.67718],[136.77022,35.67859],[136.76938,35.67928],[136.76943,35.68048],[136.76844,35.68315],[136.76294,35.68416],[136.75997,35.68133],[136.75733,35.6797],[136.75411,35.67998],[136.75162,35.68148],[136.74994,35.68117],[136.74922,35.6831],[136.74752,35.68327],[136.74506,35.68493],[136.73945,35.68377],[136.73654,35.68693],[136.73547,35.68962],[136.73552,35.69168],[136.7287,35.69058],[136.72663,35.69141],[136.72592,35.69285],[136.72436,35.69426],[136.72004,35.69489],[136.71894,35.69402],[136.71948,35.69662],[136.7207,35.69662],[136.72116,35.69733],[136.72283,35.69748],[136.72309,35.70049],[136.72447,35.70051],[136.72564,35.70132],[136.72562,35.70241],[136.72654,35.70354],[136.72666,35.70447],[136.72847,35.7064],[136.73024,35.71166],[136.72831,35.71349],[136.72772,35.7157],[136.72552,35.71507],[136.72354,35.71562],[136.71905,35.7143],[136.71664,35.71477],[136.71605,35.71679],[136.71363,35.71849],[136.71244,35.71813],[136.7109,35.71678],[136.7095,35.71652],[136.70865,35.71667],[136.70646,35.71855],[136.70239,35.71905],[136.70078,35.71844],[136.69867,35.71871],[136.69572,35.71695],[136.69433,35.71791],[136.69272,35.72074],[136.68527,35.72236],[136.685,35.72379],[136.68376,35.72475],[136.68361,35.72547],[136.68539,35.72711],[136.68681,35.72759],[136.68696,35.72963],[136.6862,35.73163],[136.68459,35.73295],[136.68265,35.73358],[136.68079,35.73486],[136.68122,35.73575],[136.68069,35.73767],[136.68127,35.74035],[136.68237,35.74155],[136.68173,35.74231],[136.68188,35.74374],[136.68339,35.74422],[136.68459,35.74523],[136.68409,35.7484],[136.68625,35.74874],[136.68759,35.74991],[136.68985,35.75013],[136.69191,35.75304],[136.69008,35.75456],[136.68944,35.75674],[136.68658,35.75838],[136.6857,35.75962],[136.68576,35.76155],[136.68382,35.76415],[136.68348,35.7676],[136.68258,35.76945],[136.68271,35.77051],[136.6807,35.77044],[136.67852,35.77163],[136.67727,35.77343],[136.67532,35.77387],[136.67227,35.7756],[136.67052,35.77526],[136.66925,35.7763],[136.66914,35.77939],[136.66791,35.78067],[136.66807,35.78173],[136.66613,35.78519],[136.6683,35.78855],[136.67095,35.78999],[136.67208,35.79146],[136.67468,35.7911],[136.67496,35.79227],[136.67683,35.79318],[136.67778,35.79195],[136.68159,35.78974],[136.68531,35.78937],[136.68844,35.78985],[136.68986,35.78929],[136.6925,35.79079],[136.69416,35.79069],[136.69727,35.79387],[136.70005,35.79417],[136.70261,35.7923],[136.70442,35.79204],[136.70536,35.7914],[136.70675,35.79196],[136.7092,35.79169],[136.71021,35.79231],[136.71234,35.79494],[136.71485,35.79621],[136.71636,35.79636],[136.71742,35.79776],[136.71905,35.79846],[136.72069,35.80049],[136.72117,35.8028],[136.72269,35.80465],[136.72232,35.80673],[136.72291,35.80807],[136.72865,35.80758],[136.73238,35.80676],[136.73599,35.80501],[136.73637,35.80418],[136.73762,35.80373],[136.74089,35.80107],[136.74339,35.80227],[136.74497,35.80411],[136.74937,35.80583],[136.75074,35.80706],[136.75248,35.80747],[136.75298,35.80832],[136.75495,35.80943],[136.76355,35.81064],[136.76559,35.80926],[136.7685,35.80854],[136.771,35.80707],[136.77436,35.80666],[136.77359,35.80299],[136.77419,35.80188],[136.77403,35.80012],[136.77586,35.79893],[136.7801,35.79883],[136.78205,35.79942],[136.78331,35.79815],[136.78569,35.7987],[136.78764,35.79849],[136.78956,35.79959],[136.79111,35.7983],[136.79218,35.79803],[136.79233,35.79646],[136.79315,35.79534],[136.7922,35.79313],[136.79322,35.79196],[136.79391,35.78801],[136.79281,35.78664],[136.79427,35.78573],[136.79484,35.78479],[136.79811,35.78502],[136.79982,35.78214],[136.80106,35.78179],[136.80523,35.78263],[136.80708,35.78499],[136.81034,35.78521],[136.81102,35.78505],[136.8113,35.78335],[136.81195,35.78279],[136.81237,35.78003],[136.81522,35.77994],[136.81704,35.78081],[136.81832,35.77974],[136.82104,35.77896],[136.82227,35.77793],[136.82349,35.77832],[136.82516,35.77799],[136.82628,35.77625],[136.82769,35.77579],[136.8325,35.77721],[136.83436,35.77683],[136.8376,35.77728],[136.83998,35.77683],[136.8399,35.77572],[136.8419,35.77367],[136.84187,35.77271],[136.84235,35.77227],[136.84256,35.77067],[136.84202,35.76953],[136.84289,35.7692],[136.84347,35.76806],[136.84286,35.7672],[136.84107,35.76638],[136.83851,35.76624],[136.83705,35.76665],[136.83544,35.76556],[136.83638,35.76503],[136.83643,35.76322],[136.83526,35.76265],[136.83413,35.75899],[136.83425,35.75713],[136.83322,35.75466],[136.83484,35.75292],[136.83469,35.75247],[136.83672,35.75168],[136.83792,35.75014],[136.84024,35.75213],[136.84369,35.75146],[136.84498,35.75078],[136.84594,35.74916],[136.84805,35.74916],[136.84996,35.74765],[136.85179,35.74861],[136.85397,35.74717],[136.85461,35.74612],[136.85301,35.74406],[136.85332,35.74252],[136.85272,35.7411],[136.85384,35.73824],[136.85322,35.73556],[136.85341,35.73278],[136.85214,35.72954],[136.8532,35.72416],[136.84978,35.71927],[136.84983,35.71722],[136.84873,35.7154],[136.84814,35.71293],[136.84863,35.71178],[136.84572,35.71034],[136.84384,35.7104],[136.84009,35.70686],[136.83947,35.70393],[136.84014,35.70256],[136.83942,35.70092],[136.8398,35.69917],[136.84105,35.69695],[136.84362,35.69625],[136.84574,35.69167],[136.84769,35.68873],[136.85209,35.68768],[136.85314,35.68656],[136.85336,35.68564],[136.85517,35.68388],[136.85521,35.68097],[136.857,35.68002],[136.85716,35.67897],[136.8581,35.67799],[136.85844,35.67597],[136.85957,35.67376],[136.85927,35.67176],[136.86055,35.66971],[136.86562,35.666],[136.86744,35.66612],[136.87113,35.66514],[136.8715,35.66424],[136.87307,35.66285],[136.87338,35.66042],[136.87306,35.65869],[136.8773,35.65426],[136.88017,35.65244],[136.87621,35.65126],[136.87252,35.64842],[136.87044,35.64861],[136.86937,35.64708],[136.86947,35.64458],[136.87019,35.64325],[136.86963,35.64086],[136.87015,35.63664],[136.86896,35.63655],[136.86485,35.63758],[136.86306,35.63747],[136.85999,35.63635],[136.85549,35.63546],[136.85416,35.63351],[136.85429,35.63037],[136.85505,35.62976],[136.85333,35.62624],[136.85318,35.62491],[136.85384,35.62248],[136.85341,35.6218],[136.8521,35.62171],[136.85102,35.62051],[136.84961,35.62007],[136.84736,35.61768],[136.84751,35.61628],[136.85112,35.61416],[136.85341,35.6109],[136.85195,35.60919],[136.85144,35.60728],[136.85231,35.60594],[136.85197,35.60489],[136.85261,35.60336],[136.8496,35.60209],[136.84629,35.59834],[136.84543,35.59546],[136.84366,35.59533],[136.84134,35.59361],[136.84281,35.59207],[136.84374,35.58986],[136.84543,35.5886],[136.84458,35.58719],[136.84253,35.5855],[136.84273,35.58408],[136.84356,35.58323],[136.84386,35.58196],[136.84402,35.58061],[136.84356,35.57977],[136.84608,35.58008],[136.84746,35.57946],[136.84623,35.57762],[136.84656,35.57659],[136.84561,35.5755],[136.84594,35.57321],[136.84753,35.57223],[136.84753,35.5713],[136.84642,35.56981],[136.84711,35.56863],[136.84703,35.56748],[136.84489,35.56679],[136.84034,35.56394],[136.83988,35.56285],[136.83865,35.56245],[136.83894,35.5617],[136.83845,35.55927],[136.83909,35.55868],[136.83958,35.55705],[136.83919,35.55631],[136.8408,35.55555],[136.84042,35.5539],[136.84271,35.55027],[136.84419,35.55019],[136.84572,35.54927],[136.8485,35.54981],[136.85088,35.54789],[136.85259,35.54751],[136.85407,35.54639],[136.85379,35.54543],[136.85417,35.54459],[136.85333,35.54331],[136.85322,35.5402],[136.85589,35.53953],[136.85725,35.53732],[136.85858,35.5369],[136.85893,35.53621],[136.85969,35.53665],[136.86068,35.53562],[136.86019,35.53396],[136.861,35.53306],[136.86236,35.52908],[136.86301,35.5287],[136.86232,35.52732],[136.86272,35.5267],[136.86258,35.52434],[136.86546,35.52351],[136.8657,35.52201],[136.86706,35.52249],[136.86906,35.5208],[136.86991,35.5208],[136.87115,35.5216],[136.87199,35.52063],[136.87624,35.52004],[136.87682,35.51928],[136.87819,35.5192],[136.87903,35.51838],[136.8822,35.51779],[136.88188,35.51735],[136.88239,35.5152],[136.88609,35.51469],[136.88711,35.51277],[136.89002,35.51241],[136.89128,35.51139],[136.89246,35.51172],[136.89412,35.51041],[136.89875,35.5115],[136.89852,35.51199],[136.8966,35.51148],[136.8965,35.51263],[136.89578,35.51295],[136.89603,35.5135],[136.89558,35.51386],[136.89605,35.51431],[136.89547,35.51447],[136.89698,35.51528],[136.89714,35.51592],[136.89644,35.51616],[136.89659,35.51661],[136.89729,35.51648],[136.89856,35.51876],[136.89945,35.51877],[136.90052,35.51688],[136.90099,35.51691],[136.9002,35.52231],[136.9016,35.52598],[136.90242,35.52689],[136.90296,35.52682],[136.9028,35.52624],[136.90502,35.52629],[136.90729,35.52506],[136.90837,35.52581],[136.90906,35.52538],[136.9098,35.52543],[136.91007,35.52596],[136.91081,35.52558],[136.91331,35.52604],[136.91689,35.52514],[136.91766,35.52404],[136.91936,35.52313],[136.91976,35.52223],[136.91949,35.52191],[136.91987,35.52203],[136.92054,35.52115],[136.92085,35.52155],[136.91986,35.52292],[136.92273,35.5221],[136.92301,35.52224],[136.92255,35.52259],[136.92391,35.52391],[136.927,35.52123],[136.92837,35.52165],[136.92899,35.52302],[136.93123,35.52331],[136.93213,35.52298],[136.93421,35.52447],[136.93312,35.52543],[136.93268,35.52685],[136.93112,35.5278],[136.93247,35.52865],[136.93253,35.53085],[136.93299,35.53177],[136.93458,35.53214],[136.93572,35.53301],[136.93563,35.53387],[136.93689,35.53637],[136.9387,35.53731],[136.94111,35.53734],[136.94218,35.53831],[136.94285,35.5401],[136.94283,35.54354],[136.94468,35.54632],[136.95035,35.54631],[136.95142,35.54564],[136.95453,35.54675],[136.95676,35.54671],[136.96023,35.55011],[136.95971,35.55226],[136.95679,35.55616],[136.95822,35.558],[136.95787,35.55887],[136.95697,35.55906],[136.95669,35.56061],[136.95593,35.56103],[136.95563,35.56356],[136.957,35.56445],[136.95733,35.56524],[136.96044,35.56467],[136.96054,35.5652],[136.96133,35.56543],[136.96337,35.56918],[136.96746,35.57183],[136.96634,35.57465],[136.96721,35.57932],[136.96598,35.58095],[136.96717,35.58182],[136.96707,35.58241],[136.9678,35.58296],[136.96994,35.58266],[136.9719,35.58402],[136.97434,35.58426],[136.97411,35.58568],[136.97333,35.58618],[136.97268,35.58757],[136.97406,35.5889],[136.97424,35.59058],[136.9762,35.59354],[136.97559,35.5972],[136.97829,35.5996],[136.97846,35.60076],[136.97907,35.60133],[136.97828,35.60305],[136.97643,35.60408],[136.97715,35.60589],[136.97797,35.60647],[136.97838,35.6083],[136.97831,35.6094],[136.97747,35.61069],[136.97838,35.61257],[136.97875,35.61544],[136.98395,35.61659],[136.98587,35.61883],[136.98657,35.61894],[136.98571,35.62195],[136.98604,35.62333],[136.98533,35.62423],[136.98637,35.62661],[136.98487,35.62956],[136.9833,35.63025],[136.98382,35.63114],[136.98234,35.63226],[136.98302,35.63515],[136.98219,35.63745],[136.98044,35.63814],[136.97911,35.63942],[136.98014,35.64186],[136.98256,35.64257],[136.98494,35.64396],[136.98652,35.64389],[136.9895,35.64475],[136.99111,35.64612],[136.99078,35.64713],[136.99154,35.64833],[136.99206,35.65125],[136.99395,35.65156],[137.00049,35.64989],[137.00262,35.65063],[137.00477,35.65051],[137.00736,35.65179],[137.01239,35.65312],[137.01507,35.65143],[137.01612,35.65122],[137.01788,35.65185],[137.01924,35.6506],[137.01909,35.64778],[137.01956,35.6474],[137.01993,35.64558],[137.02154,35.64507],[137.02215,35.64385],[137.02411,35.64213],[137.02654,35.64346],[137.02874,35.64295],[137.02978,35.64215],[137.03503,35.64425],[137.0355,35.64511],[137.03675,35.6457],[137.03724,35.64713],[137.03886,35.64866],[137.04006,35.65064],[137.04353,35.64988],[137.04783,35.6504],[137.04949,35.65215],[137.04808,35.6537],[137.04854,35.65407],[137.04931,35.65752],[137.05088,35.65901],[137.05103,35.66098],[137.05372,35.66253],[137.05482,35.66373],[137.05442,35.66469],[137.05284,35.66526],[137.05179,35.66754],[137.05058,35.66818],[137.05179,35.66972],[137.05126,35.67156],[137.04949,35.67291],[137.04843,35.67282],[137.0481,35.67387],[137.04904,35.67469],[137.04879,35.67642],[137.04921,35.67684],[137.04871,35.6775],[137.04888,35.67842],[137.0482,35.68061],[137.04898,35.68286],[137.04902,35.68457],[137.05025,35.68547],[137.04985,35.68653],[137.05156,35.68773],[137.04991,35.69184],[137.05116,35.69421],[137.05324,35.69351],[137.05383,35.69202],[137.05602,35.69185],[137.05696,35.69083],[137.06068,35.69102],[137.06353,35.68741],[137.06555,35.68652],[137.06546,35.68513],[137.06779,35.68564],[137.06965,35.68491],[137.07202,35.68511],[137.07269,35.68438],[137.07501,35.68517],[137.07723,35.68527],[137.07908,35.68431],[137.08061,35.6828],[137.08084,35.68121],[137.08146,35.6804],[137.08254,35.68005],[137.08177,35.67841],[137.08233,35.67729],[137.08425,35.67755],[137.08474,35.67719],[137.08701,35.67812],[137.08822,35.67675],[137.0901,35.6766],[137.09251,35.67911],[137.09656,35.67894],[137.09884,35.6795],[137.10155,35.67901],[137.09924,35.67698],[137.09906,35.6752],[137.0984,35.67461],[137.09881,35.67413],[137.09853,35.67331],[137.09896,35.67055],[137.0983,35.67007],[137.09852,35.66931],[137.09764,35.66863],[137.09806,35.6661],[137.09748,35.665],[137.09736,35.66313],[137.09664,35.66224],[137.09687,35.66055],[137.09601,35.65856],[137.09618,35.6574],[137.09328,35.65644],[137.0909,35.65683],[137.08924,35.65576],[137.08628,35.65081],[137.08578,35.64893],[137.08727,35.64844],[137.08972,35.64517],[137.09288,35.64574],[137.09309,35.64341],[137.09542,35.64054],[137.09451,35.63692],[137.09322,35.63597],[137.09122,35.63165],[137.08699,35.63247],[137.08688,35.63306],[137.08605,35.63323],[137.08453,35.63175],[137.0828,35.63184],[137.08167,35.63099],[137.08176,35.62956],[137.07974,35.62829],[137.07708,35.62864],[137.07546,35.62742],[137.07456,35.62829],[137.07361,35.62761],[137.07064,35.62688],[137.07136,35.62519],[137.07109,35.62354],[137.06789,35.62288],[137.06715,35.62232],[137.06335,35.62339],[137.06133,35.62319],[137.0622,35.62158],[137.06015,35.61462],[137.06078,35.6136],[137.06071,35.61174],[137.06038,35.61111],[137.0588,35.6104],[137.05972,35.60877],[137.05892,35.60469],[137.05569,35.60396],[137.05381,35.59879],[137.05414,35.59781],[137.0533,35.59622],[137.05345,35.59445],[137.053,35.59366],[137.05321,35.59323],[137.05665,35.59222],[137.05607,35.59062],[137.05715,35.58933],[137.05804,35.58899],[137.0572,35.58477],[137.05867,35.58413],[137.05951,35.58302],[137.06091,35.58331],[137.06278,35.58258],[137.06334,35.58174],[137.06307,35.58094],[137.06514,35.5797],[137.06442,35.57869],[137.06456,35.57789],[137.06372,35.57598],[137.06447,35.57519],[137.06644,35.57391],[137.07115,35.57444],[137.07168,35.57355],[137.07272,35.57325],[137.07272,35.57261],[137.07123,35.57188],[137.07117,35.57033],[137.06688,35.5675],[137.06376,35.5676],[137.06372,35.56659],[137.06267,35.56628],[137.06143,35.56496],[137.05793,35.56343],[137.05131,35.55894],[137.04949,35.55679],[137.04953,35.55566],[137.04752,35.55472],[137.04729,35.55384],[137.04403,35.54963],[137.04318,35.54985],[137.04218,35.5511],[137.04059,35.55163],[137.04023,35.55249],[137.03896,35.55335],[137.03781,35.55374],[137.03628,35.55352],[137.0354,35.55131],[137.03445,35.55066],[137.03413,35.54845],[137.03324,35.54775],[137.03198,35.54534],[137.03216,35.54388],[137.02921,35.54134],[137.02887,35.53947],[137.0252,35.53971],[137.02425,35.53906],[137.02307,35.53908],[137.02151,35.53797],[137.01971,35.53833],[137.01951,35.53733],[137.016,35.53735],[137.01579,35.53631],[137.01391,35.53434],[137.01201,35.53427],[137.01044,35.53362],[137.01017,35.53168],[137.00909,35.53039],[137.00919,35.52936],[137.00854,35.5283],[137.00722,35.52769],[137.00677,35.52542],[137.00417,35.52482],[137.00334,35.52364],[137.00208,35.52336],[137.00138,35.5201],[137.00231,35.51964],[137.00174,35.5186],[137.00025,35.51729],[136.99859,35.51713],[136.99866,35.51632],[136.99789,35.51557],[136.99651,35.51683],[136.99354,35.51752],[136.99236,35.51715],[136.99294,35.51675],[136.99146,35.5156],[136.99216,35.51482],[136.9917,35.51424],[136.99295,35.51309],[136.99277,35.51225],[136.9945,35.51039],[136.99205,35.51089],[136.99233,35.50816],[136.99077,35.50769],[136.98991,35.50811],[136.98839,35.50689],[136.9854,35.50833],[136.98363,35.51092],[136.98151,35.51092],[136.97687,35.50856],[136.97036,35.50801],[136.96915,35.50924],[136.96638,35.50833],[136.96417,35.50863],[136.96273,35.50817],[136.96176,35.50565],[136.95647,35.50655],[136.95294,35.50771],[136.95121,35.50876],[136.95104,35.50736],[136.94927,35.50716],[136.94915,35.50599],[136.94825,35.50533],[136.94837,35.50291],[136.94747,35.50133],[136.94723,35.49905],[136.94944,35.4983],[136.95019,35.49607],[136.95087,35.49605],[136.95091,35.49258],[136.95183,35.4913],[136.95093,35.49066],[136.95101,35.48861],[136.95215,35.48795],[136.95266,35.48669],[136.95573,35.4878],[136.95625,35.48565],[136.95934,35.48613],[136.96435,35.48442],[136.9628,35.48303],[136.95949,35.48229],[136.95733,35.47774],[136.95448,35.47415],[136.95617,35.47329],[136.9558,35.47231],[136.95667,35.47092],[136.96308,35.46865],[136.96172,35.46386],[136.96248,35.46366],[136.96242,35.4622],[136.96284,35.46212],[136.96291,35.46119],[136.96158,35.4611],[136.96179,35.45958],[136.96102,35.45855],[136.96097,35.4564],[136.95971,35.45241],[136.96029,35.45178],[136.96008,35.45002],[136.95907,35.44785],[136.95982,35.44667],[136.95898,35.44641],[136.9592,35.4454],[136.9586,35.44481],[136.95825,35.44318],[136.95686,35.44144],[136.95677,35.43855],[136.95569,35.43884],[136.95481,35.43852],[136.95503,35.43629],[136.95569,35.43539],[136.95545,35.43439],[136.95628,35.43403],[136.95531,35.43308],[136.95491,35.43134],[136.95373,35.43069],[136.9491,35.43041],[136.94853,35.42947],[136.94632,35.42932],[136.94537,35.42843],[136.94221,35.42743],[136.93503,35.42945],[136.93205,35.43159],[136.92922,35.43229],[136.92714,35.43428],[136.92555,35.4341],[136.92243,35.43597],[136.92135,35.43577],[136.91943,35.43742],[136.91649,35.43795],[136.91532,35.43958],[136.91374,35.43987],[136.91193,35.44096],[136.9106,35.44087],[136.90863,35.44169],[136.90906,35.44289],[136.90787,35.44433],[136.90446,35.44637],[136.90237,35.44646],[136.9012,35.44484],[136.90029,35.44478],[136.89873,35.44356],[136.89503,35.44419],[136.89416,35.44524],[136.89331,35.44467],[136.89034,35.44486],[136.88938,35.44535],[136.88918,35.44676],[136.88649,35.44658],[136.88589,35.44482],[136.8851,35.44418],[136.88185,35.44466],[136.88256,35.44567],[136.88227,35.44987],[136.88427,35.45112],[136.88474,35.45195],[136.88393,35.45312],[136.88406,35.45364],[136.88541,35.45387],[136.88448,35.45423],[136.88424,35.45483],[136.88602,35.4549],[136.88616,35.45577],[136.88496,35.45694],[136.88516,35.45729],[136.88186,35.45777],[136.88119,35.45844],[136.87985,35.45872],[136.8795,35.46064],[136.87763,35.46058],[136.87407,35.46206],[136.8735,35.46254],[136.87336,35.46376],[136.87218,35.46349],[136.86953,35.4643],[136.86774,35.46372],[136.86765,35.46278],[136.86516,35.46464],[136.86384,35.46359],[136.86279,35.46382],[136.86204,35.46328],[136.86008,35.4633],[136.8586,35.46417],[136.85637,35.46389],[136.85628,35.4661],[136.85492,35.46709],[136.85068,35.46908],[136.85019,35.46973],[136.84942,35.46915],[136.8479,35.46976],[136.8388,35.4639],[136.83707,35.46368],[136.83712,35.46634],[136.8354,35.4663],[136.83428,35.46889],[136.83621,35.47199],[136.83973,35.47594],[136.84003,35.47784],[136.83975,35.48354],[136.84047,35.48546],[136.84228,35.48739],[136.8434,35.49177],[136.84255,35.49623],[136.84595,35.49691],[136.84568,35.49933],[136.8433,35.49918],[136.84679,35.50246],[136.85134,35.50526],[136.85261,35.50468],[136.85286,35.50398],[136.85556,35.50219],[136.85705,35.50048],[136.85899,35.50086],[136.85839,35.50356],[136.85906,35.50671],[136.8607,35.50826],[136.8576,35.50958],[136.85287,35.50797],[136.85012,35.50891],[136.84777,35.50698],[136.84601,35.50704],[136.84467,35.50832],[136.84401,35.5108],[136.84056,35.51237],[136.84032,35.51346],[136.84081,35.51483],[136.83928,35.51617],[136.84014,35.51857],[136.83778,35.51949],[136.83633,35.51939],[136.83592,35.51865],[136.83545,35.51875],[136.83441,35.52046],[136.8346,35.52389],[136.83085,35.52478],[136.82876,35.5258],[136.8268,35.53014],[136.82496,35.53077],[136.82328,35.52938],[136.82131,35.52909],[136.82065,35.53121],[136.81883,35.53257],[136.81531,35.53178],[136.8146,35.53244],[136.81465,35.53305],[136.81317,35.53313],[136.81207,35.53585],[136.81087,35.53616],[136.80965,35.53587],[136.8096,35.53995],[136.80908,35.54103],[136.80915,35.54197],[136.80977,35.54243],[136.80888,35.54267],[136.80972,35.54478],[136.80891,35.545],[136.80931,35.54601],[136.80846,35.54625],[136.80894,35.54757],[136.81299,35.54708],[136.81335,35.54832],[136.81261,35.54958],[136.81353,35.55296],[136.81277,35.5536],[136.81318,35.55499],[136.81745,35.55694],[136.81776,35.55825],[136.82076,35.56033],[136.82066,35.56129],[136.81811,35.56417],[136.81765,35.5657],[136.81784,35.56707],[136.81684,35.5672],[136.81383,35.56602],[136.81199,35.56722],[136.81168,35.56806],[136.80896,35.56973],[136.80825,35.57128],[136.80705,35.57164],[136.80505,35.5732],[136.8041,35.57285],[136.80434,35.57056],[136.80347,35.56903],[136.79981,35.56906],[136.79683,35.56996],[136.79512,35.5697],[136.79514,35.57097],[136.79357,35.57142],[136.79457,35.57608],[136.79391,35.57738],[136.7942,35.57865],[136.79238,35.57987],[136.79195,35.58085],[136.79237,35.5832],[136.79558,35.58646],[136.79625,35.58832],[136.79593,35.58962],[136.79641,35.59136],[136.79509,35.59197],[136.79382,35.59173],[136.78922,35.59362],[136.78753,35.59493],[136.78714,35.59614],[136.78623,35.59675],[136.78658,35.59751],[136.7888,35.59791],[136.78908,35.59869],[136.79116,35.59814],[136.79307,35.59893],[136.79574,35.59867],[136.79681,35.59917],[136.79949,35.6013],[136.79994,35.60328],[136.80638,35.60928],[136.80642,35.61051]]]}},{"type":"Feature","properties":{"id":"muni-21206","name":"中津川市"},"geometry":{"type":"Polygon","coordinates":[[[137.39552,35.5627],[137.3955,35.56434],[137.39453,35.56748],[137.39795,35.57171],[137.39904,35.57234],[137.39894,35.57365],[137.39788,35.57569],[137.39891,35.57958],[137.39843,35.58115],[137.39636,35.58172],[137.39381,35.58514],[137.39325,35.58743],[137.39188,35.58796],[137.39078,35.58956],[137.38979,35.59154],[137.38948,35.5939],[137.38779,35.59543],[137.38727,35.59817],[137.38639,35.59906],[137.38704,35.60134],[137.38661,35.60289],[137.38708,35.6039],[137.38953,35.60526],[137.39254,35.60506],[137.39389,35.60545],[137.39297,35.60839],[137.39377,35.60861],[137.39516,35.60816],[137.40417,35.61443],[137.40514,35.61564],[137.405,35.61672],[137.40571,35.61862],[137.40503,35.61933],[137.40541,35.62101],[137.40488,35.62215],[137.40557,35.62222],[137.4063,35.62325],[137.40774,35.62363],[137.40928,35.62495],[137.4115,35.62542],[137.41282,35.62675],[137.41216,35.6292],[137.41117,35.63047],[137.41087,35.63161],[137.41119,35.63271],[137.41065,35.63319],[137.41102,35.63401],[137.41044,35.63582],[137.41061,35.63716],[137.4114,35.63794],[137.41136,35.63852],[137.40963,35.63851],[137.40704,35.63951],[137.40407,35.64325],[137.40455,35.64498],[137.40129,35.64608],[137.40077,35.64678],[137.40504,35.65038],[137.40603,35.65193],[137.406,35.6529],[137.40743,35.65346],[137.40777,35.65478],[137.40909,35.65564],[137.40859,35.65839],[137.40574,35.66111],[137.40138,35.66173],[137.39984,35.66115],[137.39843,35.66151],[137.3968,35.6623],[137.39604,35.66413],[137.39426,35.66525],[137.39055,35.66599],[137.38683,35.66606],[137.38511,35.66789],[137.38242,35.66829],[137.38095,35.66886],[137.38027,35.66967],[137.37318,35.67209],[137.37017,35.67435],[137.37072,35.67576],[137.36871,35.67645],[137.36683,35.6784],[137.36519,35.67933],[137.36397,35.68178],[137.36399,35.68332],[137.36258,35.6857],[137.3554,35.69224],[137.35406,35.69452],[137.35234,35.69613],[137.35171,35.6951],[137.35057,35.69455],[137.34852,35.69434],[137.34403,35.69563],[137.34382,35.69753],[137.34251,35.69822],[137.34145,35.70073],[137.34185,35.70152],[137.34397,35.70215],[137.3447,35.70348],[137.34374,35.70395],[137.34124,35.70739],[137.34007,35.70774],[137.33787,35.7074],[137.33734,35.70838],[137.33601,35.70912],[137.33358,35.70927],[137.33124,35.71079],[137.33147,35.71241],[137.3306,35.71344],[137.33212,35.71736],[137.33135,35.71893],[137.33155,35.72407],[137.33082,35.72498],[137.33094,35.72779],[137.32975,35.72942],[137.33005,35.73085],[137.3296,35.73315],[137.32972,35.73385],[137.33072,35.73447],[137.33007,35.73532],[137.33005,35.7367],[137.32811,35.73903],[137.32873,35.74155],[137.32784,35.74204],[137.32747,35.74356],[137.32615,35.74522],[137.32604,35.7463],[137.32514,35.74653],[137.32472,35.74774],[137.32698,35.74846],[137.32744,35.74938],[137.33021,35.75136],[137.33091,35.75468],[137.33344,35.75743],[137.33354,35.75988],[137.33441,35.76158],[137.33403,35.76429],[137.33524,35.76537],[137.33619,35.76559],[137.33637,35.76672],[137.33765,35.76761],[137.33898,35.76974],[137.34048,35.77022],[137.34174,35.77264],[137.34417,35.77355],[137.34419,35.77551],[137.34581,35.77686],[137.34622,35.77821],[137.3479,35.7802],[137.34803,35.78136],[137.35117,35.78291],[137.3534,35.78501],[137.35312,35.788],[137.35543,35.78934],[137.35549,35.7905],[137.35678,35.79223],[137.35807,35.79302],[137.35878,35.79502],[137.36185,35.7968],[137.36258,35.79788],[137.36455,35.79856],[137.36696,35.79912],[137.36931,35.79859],[137.37327,35.80036],[137.37682,35.80035],[137.38105,35.8013],[137.38357,35.80035],[137.38421,35.79936],[137.38552,35.79887],[137.38777,35.79869],[137.38947,35.79914],[137.39168,35.79872],[137.39434,35.79727],[137.39371,35.79552],[137.39566,35.79306],[137.39642,35.79091],[137.39534,35.78958],[137.3962,35.78852],[137.39612,35.78634],[137.39686,35.78551],[137.395,35.78398],[137.39415,35.78208],[137.39112,35.78048],[137.39224,35.77867],[137.39321,35.77786],[137.39489,35.77741],[137.3958,35.77642],[137.39998,35.77536],[137.40246,35.77543],[137.40694,35.77692],[137.41171,35.77727],[137.41712,35.77623],[137.41751,35.77464],[137.4193,35.77355],[137.42236,35.77394],[137.42353,35.77473],[137.42495,35.77364],[137.42606,35.77195],[137.42782,35.77127],[137.43382,35.77117],[137.43459,35.77161],[137.43389,35.76695],[137.43705,35.76408],[137.43782,35.76072],[137.44018,35.75878],[137.44435,35.75836],[137.45013,35.75945],[137.45054,35.76044],[137.45028,35.76138],[137.45153,35.76195],[137.45234,35.76346],[137.45294,35.76233],[137.45971,35.76141],[137.46191,35.7584],[137.46319,35.75791],[137.46478,35.75647],[137.46433,35.75422],[137.46531,35.75187],[137.46557,35.74936],[137.4678,35.74749],[137.46722,35.74582],[137.46551,35.74387],[137.46661,35.74217],[137.46634,35.74112],[137.46982,35.73893],[137.47075,35.73567],[137.47239,35.73527],[137.47279,35.73394],[137.4781,35.7305],[137.4781,35.72888],[137.47911,35.72648],[137.48531,35.72447],[137.48647,35.72156],[137.48669,35.71818],[137.48761,35.71645],[137.48726,35.71239],[137.48585,35.71022],[137.48551,35.70793],[137.48579,35.70593],[137.48631,35.70538],[137.4907,35.70423],[137.49175,35.70225],[137.49196,35.70033],[137.49543,35.6985],[137.497,35.6982],[137.49881,35.69627],[137.49763,35.69402],[137.49813,35.69278],[137.49728,35.68906],[137.49755,35.6881],[137.49836,35.68723],[137.5004,35.68699],[137.50195,35.68494],[137.50439,35.68439],[137.50538,35.68307],[137.50796,35.68184],[137.50868,35.68237],[137.50997,35.68233],[137.51199,35.68018],[137.51306,35.67823],[137.5149,35.67747],[137.51633,35.67769],[137.51727,35.67707],[137.51993,35.67749],[137.52459,35.67146],[137.52758,35.67083],[137.53233,35.66789],[137.53324,35.66683],[137.5354,35.66588],[137.5349,35.66421],[137.53617,35.66094],[137.54533,35.65124],[137.54507,35.64929],[137.54283,35.64868],[137.53965,35.64669],[137.53934,35.64403],[137.54113,35.64208],[137.5383,35.63842],[137.53677,35.63765],[137.53223,35.63776],[137.53128,35.63726],[137.53052,35.63589],[137.52888,35.63617],[137.52764,35.63559],[137.52644,35.63385],[137.52617,35.63258],[137.52646,35.63148],[137.52771,35.63011],[137.52744,35.62862],[137.52515,35.62751],[137.52374,35.62574],[137.52293,35.62312],[137.52342,35.62142],[137.52268,35.61953],[137.51956,35.61964],[137.51705,35.61848],[137.51634,35.61754],[137.51576,35.61457],[137.51515,35.61411],[137.51549,35.61259],[137.51435,35.6107],[137.51381,35.60812],[137.51643,35.60631],[137.51801,35.60452],[137.51825,35.6029],[137.51991,35.6028],[137.51972,35.60106],[137.5203,35.60011],[137.52171,35.59956],[137.5233,35.59792],[137.52841,35.59572],[137.52965,35.59387],[137.53179,35.59346],[137.53256,35.59152],[137.53088,35.59018],[137.53093,35.58918],[137.53156,35.58825],[137.53418,35.58787],[137.5367,35.58683],[137.53743,35.58551],[137.53733,35.5844],[137.54391,35.58613],[137.5465,35.58725],[137.54879,35.58706],[137.55081,35.58771],[137.55396,35.58631],[137.56312,35.58552],[137.56412,35.58489],[137.56815,35.58579],[137.56911,35.58444],[137.57127,35.58417],[137.57024,35.58239],[137.57029,35.57977],[137.56818,35.57715],[137.56923,35.57506],[137.56877,35.57357],[137.56701,35.57095],[137.56409,35.56878],[137.56464,35.56786],[137.56479,35.56599],[137.56636,35.56614],[137.56685,35.56491],[137.5709,35.56289],[137.57231,35.56066],[137.57186,35.55967],[137.57268,35.55808],[137.57147,35.55706],[137.57064,35.55376],[137.57233,35.55296],[137.57162,35.55208],[137.57176,35.55146],[137.57389,35.55067],[137.5747,35.54967],[137.57382,35.54492],[137.57439,35.54459],[137.57677,35.54492],[137.57735,35.54351],[137.57914,35.54247],[137.58014,35.54122],[137.58111,35.53879],[137.58446,35.539],[137.58707,35.53845],[137.58794,35.53802],[137.58831,35.537],[137.59031,35.53523],[137.59401,35.5346],[137.59516,35.5339],[137.59708,35.53457],[137.59874,35.53407],[137.60243,35.53079],[137.60491,35.53272],[137.60932,35.5345],[137.60993,35.53061],[137.61335,35.52903],[137.61624,35.52635],[137.61846,35.52607],[137.61939,35.52144],[137.62314,35.52012],[137.62235,35.51864],[137.62382,35.5164],[137.62549,35.51511],[137.62604,35.51222],[137.63166,35.51],[137.63179,35.50903],[137.62922,35.50697],[137.62962,35.50551],[137.62755,35.50316],[137.62821,35.50143],[137.62501,35.50101],[137.62436,35.5],[137.62492,35.49676],[137.62442,35.49384],[137.62584,35.4925],[137.62546,35.4885],[137.62717,35.48587],[137.62692,35.48465],[137.62977,35.48364],[137.62919,35.48137],[137.63036,35.48068],[137.63063,35.47926],[137.62952,35.47718],[137.63235,35.47438],[137.63152,35.473],[137.63188,35.47206],[137.63171,35.4701],[137.62853,35.46745],[137.62656,35.4679],[137.62301,35.46695],[137.62222,35.46729],[137.62138,35.46864],[137.61978,35.46782],[137.61831,35.46768],[137.61695,35.46462],[137.61531,35.46331],[137.61327,35.46293],[137.61033,35.45878],[137.60746,35.45802],[137.60638,35.45626],[137.60434,35.45587],[137.60212,35.45331],[137.59752,35.45114],[137.59298,35.44714],[137.59667,35.44359],[137.5984,35.44286],[137.60149,35.43931],[137.6038,35.43936],[137.60835,35.43786],[137.60949,35.43582],[137.61335,35.43206],[137.61569,35.43043],[137.61639,35.42854],[137.61786,35.42681],[137.61641,35.42541],[137.61571,35.4234],[137.62059,35.41726],[137.61996,35.41507],[137.62204,35.41191],[137.62364,35.41177],[137.62543,35.4109],[137.63089,35.41125],[137.63191,35.41084],[137.6322,35.40877],[137.63096,35.40697],[137.63322,35.40541],[137.63498,35.40276],[137.63487,35.40104],[137.63398,35.39941],[137.63118,35.39768],[137.62864,35.39731],[137.62219,35.39397],[137.61978,35.39338],[137.61855,35.39182],[137.61463,35.39245],[137.61297,35.39178],[137.61186,35.39275],[137.6055,35.39396],[137.60275,35.3936],[137.59633,35.39422],[137.59504,35.39536],[137.59291,35.39351],[137.5904,35.39368],[137.58808,35.39535],[137.58396,35.39669],[137.58325,35.39786],[137.58124,35.39804],[137.58017,35.3991],[137.57827,35.39935],[137.57675,35.40046],[137.57196,35.39904],[137.56791,35.4033],[137.56433,35.40387],[137.56403,35.40168],[137.55818,35.39605],[137.5577,35.39405],[137.55866,35.39217],[137.55825,35.38994],[137.55598,35.38894],[137.55298,35.38657],[137.54799,35.38621],[137.54416,35.38404],[137.54222,35.38084],[137.53962,35.37797],[137.53824,35.37756],[137.53599,35.37805],[137.53458,35.3775],[137.53352,35.37671],[137.533,35.37541],[137.53215,35.37539],[137.52946,35.37339],[137.52427,35.37584],[137.52272,35.37491],[137.52045,35.37583],[137.51947,35.37483],[137.51806,35.37516],[137.5168,35.37412],[137.51609,35.37472],[137.51427,35.37503],[137.51288,35.37419],[137.50993,35.37364],[137.50845,35.37149],[137.50663,35.37001],[137.50328,35.36919],[137.50082,35.36757],[137.4998,35.36798],[137.49863,35.36775],[137.49853,35.36693],[137.49657,35.36606],[137.49527,35.36357],[137.49304,35.36315],[137.4924,35.36257],[137.49183,35.36168],[137.4918,35.3598],[137.49058,35.35999],[137.48945,35.35952],[137.4884,35.36099],[137.48648,35.36221],[137.48557,35.36204],[137.4843,35.36261],[137.48254,35.36451],[137.48173,35.36481],[137.48092,35.36609],[137.47819,35.36704],[137.47391,35.36718],[137.47251,35.3682],[137.46938,35.36911],[137.46716,35.37089],[137.46495,35.37576],[137.46058,35.38061],[137.45903,35.3832],[137.45649,35.38498],[137.45481,35.38698],[137.45393,35.38695],[137.45281,35.38801],[137.45143,35.3883],[137.44818,35.39089],[137.44676,35.39344],[137.44762,35.39579],[137.44757,35.39792],[137.44676,35.39853],[137.44412,35.39771],[137.44192,35.39972],[137.44187,35.4013],[137.43888,35.40446],[137.43926,35.40701],[137.43827,35.40932],[137.43807,35.41128],[137.43567,35.41336],[137.43416,35.41345],[137.433,35.41444],[137.43394,35.41616],[137.43623,35.41571],[137.43639,35.41604],[137.4348,35.4173],[137.43393,35.41914],[137.43117,35.41902],[137.43076,35.42208],[137.43233,35.42237],[137.43539,35.41981],[137.43713,35.41956],[137.4403,35.42123],[137.44323,35.42126],[137.44376,35.42223],[137.44505,35.42276],[137.45011,35.42364],[137.45397,35.42363],[137.45571,35.42494],[137.45857,35.42377],[137.46067,35.4253],[137.46206,35.42564],[137.46647,35.42436],[137.46963,35.42429],[137.47192,35.42694],[137.48074,35.42798],[137.4823,35.42729],[137.48638,35.42766],[137.48866,35.4288],[137.48959,35.43005],[137.49382,35.4306],[137.5,35.43658],[137.50196,35.43767],[137.50253,35.43853],[137.50208,35.43946],[137.49754,35.44066],[137.49654,35.44016],[137.49483,35.44106],[137.49254,35.44035],[137.49182,35.43969],[137.48851,35.43942],[137.48814,35.44092],[137.48602,35.44062],[137.48532,35.44139],[137.4829,35.44222],[137.48113,35.44159],[137.48096,35.44019],[137.47885,35.43953],[137.47303,35.43979],[137.4722,35.44085],[137.47124,35.44098],[137.46709,35.44079],[137.46225,35.43964],[137.45867,35.44529],[137.45722,35.44431],[137.45562,35.4462],[137.44998,35.45095],[137.44658,35.45218],[137.4465,35.45294],[137.44591,35.45335],[137.44411,35.45316],[137.442,35.45447],[137.44199,35.45521],[137.44131,35.4554],[137.44072,35.45665],[137.44182,35.45954],[137.44108,35.45941],[137.43572,35.46463],[137.43434,35.46681],[137.43354,35.47081],[137.43197,35.47318],[137.43037,35.4732],[137.42773,35.47417],[137.42223,35.47836],[137.4191,35.4798],[137.41846,35.47941],[137.41855,35.48005],[137.41599,35.47987],[137.41555,35.47806],[137.4149,35.47818],[137.4142,35.47751],[137.41279,35.47833],[137.41145,35.47817],[137.40772,35.4837],[137.40623,35.48287],[137.40277,35.48202],[137.39272,35.48126],[137.39321,35.48204],[137.39286,35.48394],[137.39356,35.48749],[137.39122,35.48936],[137.38965,35.48969],[137.38942,35.49019],[137.38954,35.49192],[137.3925,35.4951],[137.39255,35.4964],[137.39487,35.4979],[137.39529,35.49932],[137.39453,35.49991],[137.39529,35.50119],[137.39429,35.5031],[137.39445,35.50419],[137.39261,35.50525],[137.39216,35.50761],[137.38903,35.50839],[137.38688,35.50824],[137.38228,35.50596],[137.37933,35.50743],[137.37692,35.50748],[137.3731,35.50637],[137.36993,35.50475],[137.36644,35.50452],[137.36523,35.50509],[137.36207,35.50537],[137.36033,35.50744],[137.35711,35.50891],[137.35424,35.50844],[137.35089,35.5095],[137.35082,35.51154],[137.34799,35.51321],[137.3478,35.51594],[137.34843,35.51704],[137.34818,35.51779],[137.34917,35.52259],[137.34896,35.52322],[137.35,35.52516],[137.35009,35.52836],[137.351,35.53213],[137.34923,35.5369],[137.34779,35.53775],[137.34272,35.53875],[137.3415,35.54042],[137.34031,35.54609],[137.34294,35.54923],[137.34506,35.55074],[137.34486,35.55291],[137.34556,35.55445],[137.34405,35.55786],[137.3445,35.55933],[137.34391,35.56064],[137.34311,35.56113],[137.34283,35.56302],[137.34342,35.5631],[137.34523,35.56172],[137.34835,35.56294],[137.3503,35.56293],[137.35234,35.56383],[137.35649,35.56464],[137.35811,35.56424],[137.35973,35.56558],[137.36653,35.5663],[137.36808,35.56705],[137.37527,35.56415],[137.37689,35.56459],[137.37912,35.56427],[137.38468,35.56215],[137.39084,35.56179],[137.39217,35.56262],[137.39413,35.56221],[137.39552,35.5627]]]}},{"type":"Feature","properties":{"id":"muni-21207","name":"美濃市"},"geometry":{"type":"Polygon","coordinates":[[[136.86154,35.53168],[136.86017,35.53402],[136.86054,35.53581],[136.85969,35.53665],[136.85893,35.53621],[136.85858,35.5369],[136.85725,35.53732],[136.85589,35.53953],[136.85323,35.54017],[136.85328,35.54304],[136.85417,35.54459],[136.85379,35.54543],[136.85407,35.54639],[136.85259,35.54751],[136.85088,35.54789],[136.8485,35.54981],[136.84572,35.54927],[136.84419,35.55019],[136.84271,35.55027],[136.84042,35.5539],[136.8408,35.55555],[136.83919,35.55631],[136.83958,35.55705],[136.83909,35.55868],[136.83845,35.55927],[136.83848,35.56031],[136.83894,35.5617],[136.83865,35.56245],[136.83996,35.56291],[136.84034,35.56394],[136.84489,35.56679],[136.84696,35.56735],[136.84711,35.56863],[136.84642,35.56981],[136.84757,35.57147],[136.84751,35.57226],[136.84594,35.57321],[136.84561,35.5755],[136.84656,35.57659],[136.84623,35.57762],[136.84746,35.57946],[136.84608,35.58008],[136.84357,35.57974],[136.84402,35.58061],[136.84386,35.58196],[136.84253,35.58536],[136.84458,35.58719],[136.84543,35.5886],[136.84374,35.58986],[136.84281,35.59207],[136.84134,35.59361],[136.84366,35.59533],[136.84543,35.59546],[136.84629,35.59834],[136.8496,35.60209],[136.85261,35.60336],[136.85197,35.60489],[136.85231,35.60594],[136.85144,35.60728],[136.85195,35.60919],[136.85341,35.6109],[136.85112,35.61416],[136.84751,35.61628],[136.84736,35.61772],[136.84961,35.62007],[136.85102,35.62051],[136.8521,35.62171],[136.85341,35.6218],[136.85384,35.62248],[136.85318,35.62516],[136.85342,35.62672],[136.85503,35.62957],[136.85429,35.63037],[136.85412,35.6333],[136.8553,35.63536],[136.86317,35.63749],[136.87019,35.63668],[136.86963,35.64086],[136.87018,35.64333],[136.86949,35.64451],[136.86972,35.64537],[136.86928,35.64626],[136.87039,35.64858],[136.8724,35.64838],[136.87621,35.65126],[136.88017,35.65244],[136.88136,35.65233],[136.8845,35.65145],[136.88535,35.65038],[136.88616,35.65023],[136.88924,35.65121],[136.89048,35.64823],[136.89302,35.64793],[136.89457,35.64667],[136.89813,35.6453],[136.8979,35.64353],[136.89896,35.64228],[136.89899,35.63984],[136.8996,35.63883],[136.9015,35.63748],[136.90291,35.63356],[136.90267,35.63244],[136.90389,35.63035],[136.90335,35.62766],[136.90516,35.62711],[136.90802,35.62469],[136.90999,35.62426],[136.91215,35.62295],[136.91238,35.62175],[136.91402,35.61977],[136.91465,35.61512],[136.91553,35.61315],[136.91708,35.61191],[136.91781,35.61061],[136.91982,35.60956],[136.92149,35.60707],[136.9224,35.60662],[136.92308,35.60524],[136.92324,35.60295],[136.92518,35.6012],[136.93053,35.60156],[136.93169,35.60005],[136.93445,35.59875],[136.93863,35.59903],[136.94264,35.59824],[136.94337,35.59893],[136.94276,35.59955],[136.94415,35.60263],[136.94368,35.60435],[136.95008,35.61115],[136.95062,35.6138],[136.95238,35.61491],[136.95772,35.61468],[136.96001,35.6161],[136.96144,35.61643],[136.96764,35.6158],[136.97317,35.61755],[136.9759,35.61737],[136.97875,35.61544],[136.97838,35.61257],[136.97747,35.61069],[136.97831,35.6094],[136.97838,35.6083],[136.97797,35.60647],[136.97715,35.60589],[136.97643,35.60408],[136.97828,35.60305],[136.97907,35.60137],[136.97846,35.60076],[136.97829,35.5996],[136.97559,35.5972],[136.9762,35.59354],[136.97424,35.59058],[136.97406,35.5889],[136.97268,35.58757],[136.97333,35.58618],[136.97411,35.58568],[136.97435,35.58426],[136.9719,35.58402],[136.96994,35.58266],[136.96841,35.58302],[136.96709,35.58244],[136.96717,35.58182],[136.96598,35.58095],[136.96721,35.57932],[136.96631,35.57575],[136.96743,35.57178],[136.96337,35.56918],[136.96133,35.56543],[136.96054,35.5652],[136.96044,35.56467],[136.95733,35.56524],[136.95705,35.5645],[136.95561,35.5635],[136.95593,35.56103],[136.95669,35.56061],[136.95697,35.55906],[136.95787,35.55887],[136.95822,35.558],[136.95679,35.55616],[136.95971,35.55226],[136.96023,35.55011],[136.95676,35.54671],[136.95453,35.54675],[136.95142,35.54564],[136.95035,35.54631],[136.94468,35.54632],[136.94283,35.54354],[136.94285,35.5401],[136.94218,35.53831],[136.94111,35.53734],[136.9387,35.53731],[136.93689,35.53637],[136.93563,35.53387],[136.93572,35.53301],[136.93458,35.53214],[136.93299,35.53177],[136.93254,35.53089],[136.93247,35.52865],[136.93112,35.5278],[136.93268,35.52685],[136.93407,35.52423],[136.93213,35.52298],[136.93123,35.52331],[136.92899,35.52302],[136.92837,35.52165],[136.927,35.52123],[136.92391,35.52391],[136.92255,35.52259],[136.92301,35.52224],[136.92273,35.5221],[136.91986,35.52292],[136.92085,35.52155],[136.92054,35.52115],[136.91987,35.52203],[136.91949,35.52191],[136.91976,35.52223],[136.91936,35.52313],[136.91766,35.52404],[136.91689,35.52514],[136.91331,35.52604],[136.91081,35.52558],[136.91007,35.52596],[136.9098,35.52543],[136.90906,35.52538],[136.90837,35.52581],[136.90729,35.52506],[136.90502,35.52629],[136.9028,35.52624],[136.90296,35.52682],[136.90242,35.52689],[136.9016,35.52598],[136.9002,35.52231],[136.90099,35.51691],[136.90052,35.51688],[136.89945,35.51877],[136.89856,35.51876],[136.89729,35.51648],[136.89659,35.51661],[136.89644,35.51616],[136.89714,35.51592],[136.89698,35.51528],[136.89547,35.51447],[136.89605,35.51431],[136.89558,35.51386],[136.89603,35.5135],[136.89578,35.51295],[136.8965,35.51263],[136.8966,35.51148],[136.89852,35.51199],[136.89875,35.5115],[136.89412,35.51041],[136.89246,35.51172],[136.89128,35.51139],[136.89002,35.51241],[136.88711,35.51277],[136.88609,35.51469],[136.88239,35.5152],[136.88188,35.51735],[136.8822,35.51779],[136.87903,35.51838],[136.87819,35.5192],[136.87682,35.51928],[136.87624,35.52004],[136.87199,35.52063],[136.87115,35.5216],[136.86944,35.52072],[136.86706,35.52249],[136.86569,35.52201],[136.86546,35.52351],[136.86249,35.52445],[136.86273,35.52659],[136.86232,35.52732],[136.86301,35.5287],[136.86236,35.52908],[136.86154,35.53168]]]}},{"type":"Feature","properties":{"id":"muni-21208","name":"瑞浪市"},"geometry":{"type":"Polygon","coordinates":[[[137.23929,35.34243],[137.23913,35.34387],[137.23791,35.34423],[137.23684,35.34534],[137.23615,35.34465],[137.23399,35.34432],[137.2315,35.34681],[137.23138,35.34745],[137.23049,35.34767],[137.22541,35.35229],[137.2248,35.35353],[137.22277,35.35446],[137.22264,35.3553],[137.22149,35.35558],[137.22079,35.35722],[137.21937,35.35769],[137.22071,35.35948],[137.2191,35.36495],[137.22085,35.36589],[137.22116,35.36692],[137.22237,35.36769],[137.22251,35.36864],[137.2247,35.36895],[137.22541,35.3701],[137.22351,35.37059],[137.22348,35.37146],[137.22115,35.37584],[137.22131,35.37732],[137.2207,35.37842],[137.22049,35.38078],[137.21965,35.38212],[137.21896,35.38519],[137.21837,35.38534],[137.21789,35.38639],[137.21776,35.39002],[137.21716,35.39082],[137.21769,35.39213],[137.2175,35.39296],[137.2146,35.39414],[137.21263,35.39351],[137.2115,35.39438],[137.20877,35.39506],[137.20615,35.39755],[137.20283,35.39863],[137.20279,35.39932],[137.20195,35.39969],[137.19901,35.40017],[137.19791,35.40106],[137.19575,35.40069],[137.19407,35.40405],[137.19341,35.40755],[137.19115,35.41032],[137.19265,35.41148],[137.19681,35.41018],[137.19936,35.41207],[137.19695,35.41651],[137.19706,35.41756],[137.19662,35.41806],[137.1971,35.41936],[137.19881,35.4201],[137.19959,35.42195],[137.20178,35.42079],[137.20242,35.42227],[137.20327,35.42256],[137.20387,35.42378],[137.20587,35.42485],[137.20621,35.4255],[137.20394,35.43],[137.20185,35.43226],[137.20072,35.43235],[137.20016,35.43297],[137.19937,35.43442],[137.19991,35.43569],[137.19821,35.43828],[137.19889,35.43851],[137.19932,35.43964],[137.19906,35.44165],[137.19971,35.44394],[137.19924,35.445],[137.19937,35.44648],[137.19855,35.44707],[137.199,35.44883],[137.19871,35.45202],[137.20308,35.45322],[137.20209,35.45599],[137.19981,35.45789],[137.1996,35.45869],[137.20228,35.46337],[137.20172,35.46694],[137.20249,35.46756],[137.20329,35.46966],[137.20821,35.47054],[137.21152,35.47394],[137.21352,35.47479],[137.21572,35.47432],[137.2187,35.47049],[137.2211,35.46932],[137.22277,35.46966],[137.22679,35.47277],[137.22979,35.47283],[137.23264,35.47096],[137.23275,35.47007],[137.23147,35.46658],[137.23195,35.46375],[137.23411,35.45882],[137.23654,35.45712],[137.24006,35.4589],[137.24346,35.45986],[137.24464,35.46138],[137.24538,35.4635],[137.24664,35.46407],[137.25021,35.46461],[137.25391,35.46281],[137.26242,35.4643],[137.26383,35.46322],[137.26648,35.45768],[137.27181,35.45204],[137.28213,35.44963],[137.28484,35.4483],[137.28606,35.44939],[137.28723,35.45454],[137.28876,35.45611],[137.29253,35.45773],[137.2955,35.46118],[137.29978,35.45805],[137.3004,35.45543],[137.29933,35.45464],[137.29931,35.45221],[137.29992,35.4507],[137.29958,35.44971],[137.3014,35.44889],[137.30291,35.44917],[137.30413,35.44786],[137.30516,35.44804],[137.30624,35.44748],[137.30676,35.44523],[137.30611,35.44476],[137.30687,35.44441],[137.30817,35.44492],[137.31223,35.44183],[137.31449,35.44136],[137.31712,35.44224],[137.31859,35.44353],[137.32107,35.44367],[137.3232,35.4429],[137.32604,35.44401],[137.32837,35.44388],[137.33022,35.44277],[137.3324,35.4406],[137.3322,35.43818],[137.33441,35.43548],[137.33475,35.43318],[137.33607,35.43167],[137.33318,35.42921],[137.3322,35.42744],[137.33403,35.42778],[137.33408,35.42717],[137.33488,35.42747],[137.33503,35.42683],[137.33577,35.42678],[137.33592,35.42629],[137.33663,35.4265],[137.33857,35.42546],[137.33863,35.42496],[137.33998,35.4249],[137.3397,35.42437],[137.34003,35.42392],[137.34202,35.42348],[137.34318,35.42213],[137.34616,35.42201],[137.35055,35.41963],[137.35107,35.41619],[137.34833,35.41502],[137.34876,35.41344],[137.34825,35.41207],[137.34669,35.41205],[137.34482,35.41114],[137.3422,35.4107],[137.34272,35.40846],[137.34101,35.40718],[137.34085,35.40659],[137.34175,35.40442],[137.33872,35.40078],[137.33913,35.39961],[137.34233,35.39899],[137.34355,35.39821],[137.34449,35.39742],[137.34426,35.39697],[137.34525,35.39543],[137.34475,35.39385],[137.34263,35.39337],[137.34277,35.39254],[137.34227,35.39194],[137.34268,35.39026],[137.34026,35.38535],[137.34098,35.38397],[137.34056,35.38337],[137.34096,35.38228],[137.33955,35.38097],[137.33436,35.37935],[137.33432,35.37769],[137.33489,35.37706],[137.33431,35.37573],[137.33315,35.37528],[137.33275,35.37421],[137.33136,35.37372],[137.33101,35.37237],[137.32906,35.37028],[137.32728,35.36963],[137.32629,35.36826],[137.3257,35.36825],[137.32551,35.36658],[137.32446,35.36593],[137.32521,35.36508],[137.32391,35.36315],[137.32258,35.36313],[137.32262,35.36188],[137.32199,35.36137],[137.32238,35.35984],[137.32416,35.3579],[137.32451,35.35655],[137.32309,35.35417],[137.32116,35.35281],[137.31973,35.35283],[137.31784,35.3519],[137.31606,35.35229],[137.31366,35.35178],[137.31201,35.35004],[137.31111,35.34972],[137.31067,35.34871],[137.30989,35.34869],[137.31025,35.34788],[137.30809,35.34408],[137.30647,35.34274],[137.30528,35.34239],[137.30521,35.3415],[137.30596,35.34116],[137.30469,35.34078],[137.30407,35.33993],[137.30291,35.34044],[137.30274,35.33952],[137.30198,35.33932],[137.30174,35.33784],[137.30004,35.33698],[137.29953,35.3359],[137.30042,35.33462],[137.29958,35.334],[137.29855,35.33402],[137.29823,35.32968],[137.2976,35.32872],[137.29605,35.32809],[137.29675,35.32631],[137.30063,35.3287],[137.30426,35.32826],[137.30513,35.32656],[137.30754,35.32641],[137.30879,35.32743],[137.30939,35.3295],[137.31083,35.32993],[137.31195,35.33135],[137.31362,35.3315],[137.31402,35.33269],[137.31476,35.33328],[137.31562,35.33325],[137.31708,35.33193],[137.31906,35.33256],[137.32125,35.33149],[137.32514,35.33236],[137.32861,35.3322],[137.32931,35.33412],[137.33016,35.33431],[137.33094,35.33319],[137.33211,35.33328],[137.3326,35.33382],[137.33335,35.33357],[137.33844,35.32742],[137.33953,35.32686],[137.3404,35.32543],[137.34031,35.32289],[137.34139,35.32207],[137.34156,35.32115],[137.34414,35.31797],[137.34659,35.317],[137.34358,35.31606],[137.34354,35.31415],[137.34164,35.31191],[137.34029,35.31188],[137.34054,35.31239],[137.33965,35.31365],[137.33761,35.31373],[137.33668,35.31263],[137.33574,35.31269],[137.33394,35.31162],[137.3337,35.309],[137.33284,35.30801],[137.33144,35.30742],[137.33063,35.30807],[137.33002,35.30674],[137.3264,35.3038],[137.32557,35.30167],[137.3261,35.30085],[137.32585,35.3003],[137.32344,35.29839],[137.32456,35.29706],[137.32657,35.29677],[137.328,35.29584],[137.3276,35.29271],[137.32819,35.2921],[137.32801,35.29149],[137.32243,35.29223],[137.32073,35.2935],[137.31965,35.29254],[137.31803,35.29258],[137.31479,35.29135],[137.31211,35.29221],[137.31077,35.29173],[137.30891,35.29183],[137.30804,35.29115],[137.30562,35.29071],[137.30506,35.29011],[137.30375,35.2907],[137.3027,35.29025],[137.30204,35.29066],[137.30131,35.28971],[137.29831,35.28869],[137.29734,35.28899],[137.29675,35.29025],[137.2951,35.29013],[137.2927,35.28859],[137.29057,35.28853],[137.28945,35.28802],[137.28739,35.28876],[137.28465,35.28841],[137.28374,35.28875],[137.28279,35.28773],[137.28116,35.2878],[137.28033,35.2885],[137.27827,35.28803],[137.27771,35.28848],[137.27581,35.28851],[137.27477,35.28978],[137.27566,35.29199],[137.27697,35.29342],[137.27635,35.29534],[137.27671,35.29651],[137.27837,35.29812],[137.27805,35.30165],[137.28043,35.31501],[137.27979,35.31575],[137.28276,35.31726],[137.28029,35.31907],[137.27802,35.31845],[137.27637,35.31743],[137.27507,35.31756],[137.27359,35.31999],[137.27284,35.32328],[137.26983,35.32362],[137.26871,35.32477],[137.26329,35.32427],[137.26322,35.32565],[137.26161,35.3272],[137.25942,35.32763],[137.25808,35.32865],[137.2579,35.32909],[137.25859,35.33022],[137.25734,35.33124],[137.25386,35.32986],[137.25239,35.32879],[137.25197,35.32756],[137.24969,35.32711],[137.24945,35.32849],[137.24817,35.32896],[137.24808,35.32961],[137.2458,35.33029],[137.24422,35.33235],[137.24481,35.33405],[137.24327,35.33515],[137.2425,35.3366],[137.24418,35.33773],[137.24475,35.33896],[137.24302,35.33917],[137.24208,35.34058],[137.24216,35.34125],[137.24048,35.34095],[137.23929,35.34243]]]}},{"type":"Feature","properties":{"id":"muni-21209","name":"羽島市"},"geometry":{"type":"Polygon","coordinates":[[[136.66564,35.31401],[136.66764,35.31707],[136.66973,35.31922],[136.68266,35.32536],[136.68617,35.32913],[136.68766,35.33174],[136.68834,35.33442],[136.68796,35.34146],[136.68846,35.35251],[136.69301,35.35593],[136.69382,35.35548],[136.69436,35.35615],[136.69715,35.35516],[136.69973,35.35689],[136.70337,35.35397],[136.70474,35.35334],[136.70552,35.35423],[136.70614,35.35389],[136.7057,35.353],[136.71098,35.35139],[136.71225,35.35315],[136.71417,35.35399],[136.71536,35.35527],[136.71651,35.35556],[136.71985,35.35474],[136.72188,35.35318],[136.72212,35.35177],[136.72437,35.35296],[136.72574,35.3527],[136.72649,35.35312],[136.72627,35.35437],[136.72722,35.35626],[136.73099,35.35708],[136.73203,35.35614],[136.73344,35.35574],[136.73527,35.3533],[136.73498,35.35178],[136.73277,35.34987],[136.73248,35.34882],[136.74089,35.34666],[136.74108,35.34551],[136.74056,35.34533],[136.74421,35.34452],[136.74645,35.34578],[136.7476,35.34558],[136.74838,35.34641],[136.75084,35.34687],[136.75387,35.34553],[136.7494,35.33627],[136.74369,35.32881],[136.73631,35.31733],[136.73219,35.30871],[136.73115,35.30484],[136.7284,35.30034],[136.71889,35.28852],[136.7118,35.28388],[136.70577,35.27755],[136.70267,35.27235],[136.7013,35.26611],[136.69578,35.25739],[136.68912,35.2527],[136.68067,35.24537],[136.67971,35.24391],[136.67916,35.24123],[136.67345,35.24256],[136.67197,35.24472],[136.66738,35.24808],[136.66469,35.25133],[136.66345,35.25212],[136.65921,35.2532],[136.65754,35.25429],[136.65716,35.25517],[136.65713,35.25718],[136.66154,35.26289],[136.66586,35.26509],[136.66686,35.26643],[136.67423,35.27062],[136.67623,35.27513],[136.67535,35.28321],[136.67019,35.2949],[136.66744,35.29891],[136.66577,35.30326],[136.66442,35.30973],[136.66564,35.31401]]]}},{"type":"Feature","properties":{"id":"muni-21210","name":"恵那市"},"geometry":{"type":"Polygon","coordinates":[[[137.30087,35.53217],[137.30262,35.53462],[137.30778,35.53551],[137.31028,35.53661],[137.31272,35.53539],[137.31564,35.53527],[137.31593,35.53458],[137.31674,35.53433],[137.32234,35.53458],[137.32359,35.53559],[137.32442,35.53747],[137.32675,35.53824],[137.33158,35.54204],[137.33567,35.54366],[137.33656,35.54465],[137.33676,35.54579],[137.33807,35.54697],[137.34139,35.54756],[137.34027,35.54572],[137.34079,35.54499],[137.34158,35.54025],[137.34276,35.53873],[137.34779,35.53775],[137.34923,35.5369],[137.35098,35.53218],[137.35009,35.52836],[137.35001,35.52522],[137.34896,35.52322],[137.34917,35.52259],[137.34818,35.51779],[137.34843,35.51704],[137.34778,35.51549],[137.348,35.51318],[137.35088,35.51144],[137.35077,35.50959],[137.35424,35.50844],[137.35711,35.50891],[137.36033,35.50744],[137.36207,35.50537],[137.36523,35.50509],[137.36662,35.50451],[137.36993,35.50475],[137.3731,35.50637],[137.37692,35.50748],[137.37933,35.50743],[137.38228,35.50596],[137.38688,35.50824],[137.38903,35.50839],[137.39216,35.50761],[137.39261,35.50525],[137.39445,35.50419],[137.39429,35.5031],[137.39529,35.50119],[137.39453,35.49991],[137.39529,35.49932],[137.39487,35.4979],[137.39255,35.4964],[137.3925,35.4951],[137.38954,35.49192],[137.38942,35.49019],[137.38965,35.48969],[137.39122,35.48936],[137.39356,35.48749],[137.39286,35.48394],[137.39321,35.48204],[137.39272,35.48126],[137.40277,35.48202],[137.40623,35.48287],[137.40772,35.4837],[137.41145,35.47817],[137.41279,35.47833],[137.4142,35.47751],[137.4149,35.47818],[137.41555,35.47806],[137.41599,35.47987],[137.41855,35.48005],[137.41846,35.47941],[137.4191,35.4798],[137.42223,35.47836],[137.42773,35.47417],[137.43037,35.4732],[137.43197,35.47318],[137.43354,35.47081],[137.43434,35.46681],[137.43572,35.46463],[137.44108,35.45941],[137.44182,35.45954],[137.44072,35.45665],[137.44131,35.4554],[137.44199,35.45521],[137.442,35.45447],[137.44411,35.45316],[137.44591,35.45335],[137.4465,35.45294],[137.44658,35.45218],[137.44998,35.45095],[137.45562,35.4462],[137.45722,35.44431],[137.45867,35.44529],[137.46225,35.43964],[137.46709,35.44079],[137.47124,35.44098],[137.4722,35.44085],[137.47303,35.43979],[137.47885,35.43953],[137.48096,35.44019],[137.48113,35.44159],[137.4829,35.44222],[137.48532,35.44139],[137.48602,35.44062],[137.48814,35.44092],[137.48851,35.43942],[137.49182,35.43969],[137.49254,35.44035],[137.49483,35.44106],[137.49654,35.44016],[137.49754,35.44066],[137.50206,35.43949],[137.50253,35.43853],[137.50196,35.43767],[137.5,35.43658],[137.49382,35.4306],[137.48959,35.43005],[137.48866,35.4288],[137.48638,35.42766],[137.4823,35.42729],[137.48074,35.42798],[137.47192,35.42694],[137.46963,35.42429],[137.46647,35.42436],[137.46206,35.42564],[137.46067,35.4253],[137.45857,35.42377],[137.45571,35.42494],[137.45397,35.42363],[137.45011,35.42364],[137.44505,35.42276],[137.44376,35.42223],[137.44323,35.42126],[137.4403,35.42123],[137.43713,35.41956],[137.43539,35.41981],[137.43233,35.42237],[137.43076,35.42208],[137.43117,35.41902],[137.43393,35.41914],[137.4348,35.4173],[137.43639,35.41604],[137.43623,35.41571],[137.43394,35.41616],[137.433,35.41444],[137.43416,35.41345],[137.43567,35.41336],[137.43807,35.41128],[137.43827,35.40932],[137.43926,35.40701],[137.43888,35.40446],[137.44187,35.4013],[137.44192,35.39972],[137.44412,35.39771],[137.44676,35.39853],[137.44757,35.39792],[137.44762,35.39579],[137.44676,35.39344],[137.44818,35.39089],[137.45143,35.3883],[137.45281,35.38801],[137.45393,35.38695],[137.45481,35.38698],[137.45649,35.38498],[137.45903,35.3832],[137.46058,35.38061],[137.46495,35.37576],[137.46716,35.37089],[137.46938,35.36911],[137.47251,35.3682],[137.47391,35.36718],[137.47819,35.36704],[137.48092,35.36609],[137.48173,35.36481],[137.48254,35.36451],[137.4843,35.36261],[137.48557,35.36204],[137.48632,35.36229],[137.48836,35.36102],[137.48917,35.35955],[137.49058,35.35999],[137.49179,35.3598],[137.49183,35.36168],[137.4924,35.36257],[137.49304,35.36315],[137.49527,35.36357],[137.49657,35.36606],[137.49853,35.36693],[137.49863,35.36775],[137.4998,35.36798],[137.50082,35.36757],[137.50328,35.36919],[137.50663,35.37001],[137.50845,35.37149],[137.50993,35.37364],[137.51288,35.37419],[137.51427,35.37503],[137.51609,35.37472],[137.5168,35.37412],[137.51806,35.37516],[137.51947,35.37483],[137.52045,35.37583],[137.52272,35.37491],[137.52427,35.37584],[137.52934,35.37335],[137.53215,35.37539],[137.533,35.37541],[137.53352,35.37671],[137.53458,35.3775],[137.53605,35.37806],[137.53824,35.37756],[137.53956,35.37793],[137.54222,35.38084],[137.54416,35.38404],[137.54799,35.38621],[137.55298,35.38657],[137.55598,35.38894],[137.55825,35.38994],[137.55866,35.39217],[137.5577,35.39405],[137.55832,35.3963],[137.56082,35.39823],[137.56403,35.40168],[137.56427,35.40385],[137.5676,35.40345],[137.57196,35.39904],[137.57517,35.40001],[137.57603,35.39821],[137.5763,35.39346],[137.57733,35.39048],[137.57855,35.3901],[137.58111,35.39088],[137.58286,35.39005],[137.58648,35.38947],[137.58675,35.38829],[137.58841,35.38583],[137.5897,35.38505],[137.59069,35.38505],[137.59134,35.38403],[137.59319,35.38331],[137.59566,35.38012],[137.59835,35.37905],[137.59867,35.37585],[137.59783,35.37501],[137.59873,35.37285],[137.59793,35.37117],[137.5984,35.3677],[137.59782,35.36593],[137.5993,35.36463],[137.5994,35.36327],[137.6019,35.36077],[137.60254,35.35827],[137.60109,35.35704],[137.60092,35.35588],[137.60268,35.35412],[137.60223,35.35346],[137.60089,35.35364],[137.59989,35.35181],[137.60068,35.34984],[137.59994,35.34782],[137.60012,35.34647],[137.60153,35.34635],[137.60193,35.3452],[137.6003,35.34211],[137.60058,35.34152],[137.60173,35.34103],[137.60171,35.34035],[137.60392,35.3368],[137.60241,35.3359],[137.60359,35.3346],[137.60337,35.33243],[137.60176,35.33234],[137.60108,35.33101],[137.59849,35.33118],[137.59735,35.33176],[137.59612,35.33042],[137.59486,35.33152],[137.59273,35.32994],[137.59149,35.33072],[137.59055,35.3307],[137.59127,35.32814],[137.5885,35.32654],[137.5876,35.32359],[137.58331,35.32162],[137.58311,35.32065],[137.58366,35.31895],[137.58167,35.31825],[137.57899,35.31903],[137.57702,35.31837],[137.57434,35.31658],[137.57155,35.31825],[137.56717,35.31464],[137.56889,35.31377],[137.56893,35.31313],[137.56722,35.31252],[137.56563,35.31341],[137.56448,35.31328],[137.56463,35.3118],[137.56537,35.31117],[137.56505,35.31065],[137.56274,35.31127],[137.56076,35.30945],[137.55955,35.30955],[137.55859,35.3106],[137.55658,35.30962],[137.55869,35.3056],[137.55932,35.30231],[137.55844,35.29977],[137.55842,35.29754],[137.55649,35.29558],[137.56199,35.28994],[137.562,35.28721],[137.56069,35.28531],[137.56165,35.28448],[137.56156,35.283],[137.5582,35.28397],[137.55477,35.2837],[137.55131,35.28424],[137.54793,35.28157],[137.54633,35.28159],[137.54328,35.28063],[137.53928,35.28174],[137.53672,35.28163],[137.53592,35.28208],[137.53567,35.28161],[137.53459,35.28187],[137.53379,35.28123],[137.53329,35.28209],[137.53119,35.2823],[137.53004,35.28307],[137.52973,35.28397],[137.52867,35.28411],[137.52487,35.28431],[137.52365,35.2839],[137.52171,35.28429],[137.52101,35.28368],[137.52002,35.28369],[137.51976,35.28308],[137.51889,35.28324],[137.51872,35.28189],[137.52081,35.2755],[137.52067,35.27368],[137.5182,35.27474],[137.51586,35.27477],[137.51306,35.27193],[137.51382,35.26999],[137.51347,35.26907],[137.51015,35.26795],[137.50857,35.26635],[137.50641,35.26659],[137.50522,35.26301],[137.50357,35.26292],[137.50105,35.26385],[137.49706,35.2643],[137.49651,35.26363],[137.49655,35.26252],[137.49802,35.26038],[137.4973,35.25939],[137.49619,35.25911],[137.49192,35.25955],[137.48745,35.25777],[137.48437,35.25754],[137.48336,35.25688],[137.48331,35.25555],[137.48161,35.25452],[137.47614,35.25329],[137.47463,35.25108],[137.47306,35.24998],[137.47071,35.24657],[137.46884,35.24548],[137.4669,35.24681],[137.46587,35.24679],[137.4632,35.24427],[137.46205,35.24167],[137.45999,35.24003],[137.45761,35.23953],[137.4542,35.24064],[137.4533,35.24046],[137.45024,35.23499],[137.44582,35.23369],[137.44188,35.2336],[137.44135,35.23275],[137.44108,35.22988],[137.43833,35.22989],[137.43703,35.22631],[137.4348,35.22417],[137.42992,35.22284],[137.4282,35.22325],[137.42742,35.22537],[137.42581,35.22599],[137.42433,35.22774],[137.42335,35.23145],[137.42052,35.2339],[137.41939,35.2375],[137.41724,35.24039],[137.41574,35.24027],[137.41193,35.23656],[137.40854,35.2346],[137.40785,35.23467],[137.40705,35.23614],[137.40512,35.23804],[137.40285,35.2384],[137.40126,35.24081],[137.40042,35.24133],[137.39767,35.23999],[137.39492,35.23975],[137.3913,35.24029],[137.3893,35.24012],[137.38675,35.24108],[137.38498,35.24428],[137.38535,35.2449],[137.38496,35.24562],[137.38252,35.24714],[137.38291,35.24778],[137.38556,35.24893],[137.38707,35.252],[137.3857,35.2537],[137.38513,35.25878],[137.3832,35.26017],[137.38122,35.25986],[137.37898,35.25868],[137.37782,35.25873],[137.37705,35.25956],[137.37593,35.25939],[137.37287,35.26348],[137.37083,35.26307],[137.3687,35.26037],[137.36636,35.26115],[137.36216,35.26123],[137.35549,35.25844],[137.35371,35.25816],[137.35281,35.25864],[137.35061,35.25734],[137.34939,35.25739],[137.34809,35.25814],[137.34706,35.25755],[137.3458,35.25801],[137.34414,35.25787],[137.34352,35.25873],[137.34523,35.26033],[137.34565,35.26248],[137.34114,35.26053],[137.33998,35.2646],[137.34391,35.26827],[137.34409,35.26893],[137.3448,35.2692],[137.34564,35.26884],[137.34572,35.26969],[137.34691,35.27087],[137.34644,35.2717],[137.3454,35.27218],[137.34507,35.2737],[137.34274,35.27423],[137.34157,35.27532],[137.33798,35.27599],[137.3375,35.27571],[137.33808,35.27455],[137.33721,35.27457],[137.33576,35.27532],[137.3337,35.27763],[137.33139,35.27691],[137.33203,35.2782],[137.33027,35.27894],[137.32943,35.28011],[137.32455,35.28129],[137.32369,35.28287],[137.32245,35.28333],[137.32128,35.28447],[137.31998,35.28458],[137.31817,35.28576],[137.31734,35.28566],[137.31391,35.28688],[137.31226,35.28809],[137.30996,35.28849],[137.30785,35.29032],[137.30804,35.29115],[137.30891,35.29183],[137.31077,35.29173],[137.31213,35.29221],[137.31479,35.29135],[137.31803,35.29258],[137.31965,35.29254],[137.32073,35.2935],[137.32243,35.29223],[137.32801,35.29149],[137.32819,35.2921],[137.3276,35.29271],[137.328,35.29584],[137.32657,35.29677],[137.32456,35.29706],[137.32344,35.29839],[137.32585,35.3003],[137.3261,35.30085],[137.32557,35.30167],[137.3264,35.3038],[137.33002,35.30674],[137.33063,35.30807],[137.33144,35.30742],[137.33284,35.30801],[137.3337,35.309],[137.33394,35.31162],[137.33574,35.31269],[137.33668,35.31263],[137.33761,35.31373],[137.33965,35.31365],[137.34054,35.31239],[137.34029,35.31188],[137.34164,35.31191],[137.34354,35.31415],[137.34358,35.31606],[137.34658,35.317],[137.34476,35.3176],[137.34349,35.31868],[137.34297,35.31984],[137.34156,35.32115],[137.34139,35.32207],[137.34018,35.32311],[137.3404,35.32543],[137.33953,35.32686],[137.33844,35.32742],[137.33546,35.33137],[137.3326,35.33382],[137.33211,35.33328],[137.33101,35.33317],[137.33035,35.33427],[137.32978,35.33427],[137.32931,35.33412],[137.32861,35.3322],[137.32514,35.33236],[137.32119,35.33148],[137.31906,35.33256],[137.31708,35.33193],[137.31562,35.33325],[137.31484,35.33331],[137.31402,35.33269],[137.31362,35.3315],[137.31195,35.33135],[137.31083,35.32993],[137.30939,35.3295],[137.30879,35.32743],[137.30729,35.32637],[137.30513,35.32656],[137.30433,35.32823],[137.30212,35.32868],[137.29983,35.32852],[137.29675,35.32631],[137.29603,35.32794],[137.2976,35.32872],[137.29823,35.32968],[137.29855,35.33402],[137.29958,35.334],[137.30042,35.33462],[137.29953,35.3359],[137.30004,35.33698],[137.30174,35.33784],[137.30198,35.33932],[137.30274,35.33952],[137.30291,35.34044],[137.30407,35.33993],[137.30469,35.34078],[137.30596,35.34116],[137.30521,35.3415],[137.30528,35.34239],[137.30647,35.34274],[137.30809,35.34408],[137.31025,35.34788],[137.30989,35.34869],[137.31067,35.34871],[137.31111,35.34972],[137.31201,35.35004],[137.31366,35.35178],[137.31606,35.35229],[137.31784,35.3519],[137.31973,35.35283],[137.32116,35.35281],[137.32309,35.35417],[137.32451,35.35655],[137.32416,35.3579],[137.32238,35.35984],[137.32199,35.36137],[137.32262,35.36188],[137.32258,35.36313],[137.32391,35.36315],[137.32521,35.36508],[137.32446,35.36593],[137.32551,35.36658],[137.3257,35.36825],[137.32629,35.36826],[137.32728,35.36963],[137.32906,35.37028],[137.33101,35.37237],[137.33136,35.37372],[137.33275,35.37421],[137.33315,35.37528],[137.33431,35.37573],[137.33489,35.37706],[137.33432,35.37769],[137.33436,35.37935],[137.33955,35.38097],[137.34096,35.38228],[137.34056,35.38337],[137.34098,35.38397],[137.34026,35.38535],[137.34268,35.39026],[137.34227,35.39194],[137.34277,35.39254],[137.34263,35.39337],[137.34475,35.39385],[137.34525,35.39543],[137.34426,35.39697],[137.34449,35.39742],[137.34355,35.39821],[137.34233,35.39899],[137.33913,35.39961],[137.33872,35.40078],[137.34175,35.40442],[137.34085,35.40659],[137.34101,35.40718],[137.34272,35.40846],[137.3422,35.4107],[137.34482,35.41114],[137.34669,35.41205],[137.34825,35.41207],[137.34876,35.41344],[137.34833,35.41502],[137.35107,35.41619],[137.35055,35.41963],[137.34616,35.42201],[137.34318,35.42213],[137.34202,35.42348],[137.34003,35.42392],[137.3397,35.42437],[137.33998,35.4249],[137.33863,35.42496],[137.33857,35.42546],[137.33663,35.4265],[137.33592,35.42629],[137.33577,35.42678],[137.33503,35.42683],[137.33488,35.42747],[137.33408,35.42717],[137.33403,35.42778],[137.3322,35.42744],[137.33318,35.42921],[137.33607,35.43167],[137.33475,35.43318],[137.33441,35.43548],[137.3322,35.43818],[137.3324,35.4406],[137.33022,35.44277],[137.32837,35.44388],[137.32604,35.44401],[137.3232,35.4429],[137.32107,35.44367],[137.31859,35.44353],[137.31712,35.44224],[137.31449,35.44136],[137.31223,35.44183],[137.30817,35.44492],[137.30687,35.44441],[137.30611,35.44476],[137.30676,35.44523],[137.30624,35.44748],[137.30516,35.44804],[137.30413,35.44786],[137.30291,35.44917],[137.3014,35.44889],[137.29958,35.44971],[137.29992,35.4507],[137.29931,35.45221],[137.29933,35.45464],[137.3004,35.45543],[137.29978,35.45805],[137.2955,35.46118],[137.29253,35.45773],[137.28876,35.45611],[137.28723,35.45454],[137.28606,35.44939],[137.28484,35.4483],[137.28213,35.44963],[137.27181,35.45204],[137.26648,35.45768],[137.26392,35.46307],[137.26264,35.46423],[137.25381,35.46281],[137.25056,35.46451],[137.2517,35.4656],[137.25271,35.46766],[137.25203,35.46856],[137.25495,35.46887],[137.2558,35.46958],[137.25773,35.46986],[137.25759,35.47044],[137.25621,35.47083],[137.25682,35.4717],[137.25665,35.47278],[137.25569,35.47313],[137.25578,35.47394],[137.25442,35.475],[137.25489,35.47572],[137.25667,35.47596],[137.25703,35.47699],[137.25776,35.47736],[137.25587,35.4799],[137.25906,35.47998],[137.2603,35.47907],[137.2616,35.48055],[137.26295,35.48093],[137.26158,35.484],[137.26258,35.48424],[137.2628,35.48549],[137.26391,35.48719],[137.26576,35.48804],[137.26602,35.48984],[137.26555,35.4901],[137.26633,35.49066],[137.26529,35.49143],[137.26552,35.49218],[137.26922,35.49387],[137.26979,35.49545],[137.27556,35.49596],[137.27795,35.49838],[137.27976,35.49823],[137.28043,35.49953],[137.28006,35.50096],[137.28179,35.50105],[137.28393,35.50202],[137.28348,35.50323],[137.28709,35.50599],[137.28677,35.50709],[137.28518,35.50795],[137.28457,35.50963],[137.28273,35.51082],[137.28417,35.51246],[137.28187,35.5136],[137.28096,35.51719],[137.28,35.51798],[137.27949,35.51948],[137.2772,35.52137],[137.2763,35.52135],[137.27598,35.52055],[137.27311,35.52075],[137.27351,35.52179],[137.27319,35.52273],[137.26901,35.52704],[137.27101,35.52837],[137.27588,35.52983],[137.2767,35.53127],[137.27881,35.52956],[137.28266,35.53168],[137.28505,35.53093],[137.28747,35.53128],[137.29094,35.531],[137.29467,35.5313],[137.29832,35.53248],[137.30087,35.53217]]]}},{"type":"Feature","properties":{"id":"muni-21211","name":"美濃加茂市"},"geometry":{"type":"Polygon","coordinates":[[[136.96284,35.46212],[136.96242,35.4622],[136.96248,35.46366],[136.96172,35.46386],[136.9639,35.47298],[136.96487,35.47385],[136.96413,35.47444],[136.96497,35.47972],[136.96474,35.48093],[136.9663,35.48087],[136.96762,35.47976],[136.9687,35.47983],[136.96918,35.4757],[136.96894,35.47342],[136.97046,35.47298],[136.97081,35.47161],[136.97378,35.47159],[136.97382,35.47191],[136.98418,35.47158],[136.98414,35.47955],[136.98826,35.47936],[136.98971,35.47857],[136.99099,35.47869],[136.99167,35.47812],[136.99237,35.4787],[136.99301,35.47828],[136.99483,35.47856],[136.99613,35.47934],[136.99737,35.47942],[136.9996,35.48142],[137.00169,35.48207],[137.00199,35.48328],[137.00378,35.48351],[137.00535,35.48449],[137.00876,35.48393],[137.01188,35.48649],[137.01249,35.48777],[137.01204,35.4882],[137.01214,35.48916],[137.0099,35.48967],[137.00793,35.49282],[137.00872,35.49469],[137.00856,35.49412],[137.00901,35.49442],[137.00935,35.49401],[137.00944,35.49294],[137.00845,35.49237],[137.00878,35.49209],[137.00939,35.49255],[137.00988,35.49062],[137.00948,35.49368],[137.00999,35.49421],[137.01172,35.49364],[137.01343,35.49144],[137.0133,35.49249],[137.01138,35.49443],[137.00944,35.49432],[137.009,35.49486],[137.00914,35.4956],[137.00585,35.49349],[137.00101,35.49226],[136.99665,35.49467],[136.9996,35.49555],[136.99933,35.49675],[137.00095,35.49755],[137.00187,35.49899],[137.0028,35.49946],[137.00284,35.5002],[137.00009,35.50256],[136.99725,35.50236],[136.99736,35.50287],[136.99878,35.50314],[136.99893,35.50433],[136.99994,35.50341],[136.99926,35.50495],[136.99941,35.50596],[136.99791,35.50576],[136.99887,35.50675],[136.99725,35.50606],[136.99588,35.50609],[136.99591,35.5067],[136.9985,35.50715],[136.99781,35.50801],[136.99652,35.50767],[136.99745,35.50826],[136.99622,35.5087],[136.9949,35.50845],[136.99435,35.50897],[136.99306,35.50789],[136.99235,35.50814],[136.99205,35.51089],[136.99449,35.51042],[136.99277,35.51225],[136.99297,35.51304],[136.9917,35.51424],[136.99216,35.51482],[136.99146,35.5156],[136.99294,35.51675],[136.99236,35.51715],[136.99347,35.51753],[136.99663,35.51678],[136.99789,35.51557],[136.99866,35.51632],[136.99859,35.51713],[137.00025,35.51729],[137.00174,35.5186],[137.00231,35.51964],[137.00138,35.5201],[137.00208,35.52336],[137.00334,35.52364],[137.00417,35.52482],[137.00677,35.52542],[137.00722,35.52769],[137.00854,35.5283],[137.00919,35.52936],[137.00909,35.53039],[137.01017,35.53168],[137.01044,35.53362],[137.01201,35.53427],[137.01391,35.53434],[137.01579,35.53631],[137.016,35.53735],[137.01951,35.53733],[137.01971,35.53833],[137.02151,35.53797],[137.02307,35.53908],[137.02425,35.53906],[137.0252,35.53971],[137.02887,35.53947],[137.02921,35.54134],[137.03216,35.54388],[137.032,35.54539],[137.03324,35.54775],[137.03413,35.54845],[137.03445,35.55066],[137.0354,35.55131],[137.03633,35.55354],[137.03781,35.55374],[137.03896,35.55335],[137.04023,35.55249],[137.04061,35.55161],[137.04221,35.55108],[137.04318,35.54985],[137.04671,35.54872],[137.04856,35.54781],[137.04894,35.54695],[137.05163,35.54574],[137.05371,35.54542],[137.0551,35.54587],[137.05683,35.5455],[137.05833,35.5458],[137.05874,35.54867],[137.05809,35.55083],[137.05877,35.55042],[137.06003,35.55094],[137.0623,35.54955],[137.06748,35.54765],[137.06842,35.54596],[137.06871,35.54468],[137.06832,35.54423],[137.0688,35.54358],[137.06613,35.54045],[137.06518,35.53841],[137.06597,35.53753],[137.06577,35.53684],[137.06625,35.53595],[137.06727,35.53506],[137.06711,35.53179],[137.06746,35.53156],[137.07019,35.533],[137.07051,35.53197],[137.06897,35.52956],[137.07019,35.52953],[137.07127,35.53044],[137.07147,35.52999],[137.06963,35.52892],[137.06675,35.52919],[137.06386,35.52773],[137.06068,35.52258],[137.05815,35.5217],[137.0585,35.52065],[137.05741,35.52011],[137.05657,35.51888],[137.05658,35.51789],[137.05397,35.51753],[137.05223,35.51671],[137.05168,35.51533],[137.05206,35.51453],[137.05142,35.51357],[137.05187,35.5126],[137.05169,35.5116],[137.05208,35.51133],[137.05187,35.51025],[137.0533,35.50897],[137.05301,35.50857],[137.05138,35.50825],[137.05019,35.50852],[137.05019,35.50894],[137.0474,35.50827],[137.04714,35.50777],[137.04521,35.5074],[137.04375,35.50526],[137.0412,35.50507],[137.04054,35.50416],[137.03969,35.50405],[137.03983,35.50329],[137.03751,35.50042],[137.03774,35.49815],[137.03701,35.49722],[137.03687,35.49574],[137.03726,35.4951],[137.03834,35.49508],[137.03909,35.49453],[137.03925,35.49336],[137.04047,35.49331],[137.04166,35.49212],[137.04483,35.49223],[137.0453,35.491],[137.04645,35.49055],[137.04786,35.48903],[137.05144,35.489],[137.05148,35.48718],[137.05213,35.48631],[137.05127,35.48593],[137.05047,35.48387],[137.05115,35.4828],[137.05257,35.48233],[137.0529,35.48178],[137.05293,35.47871],[137.05128,35.47688],[137.0512,35.4754],[137.04945,35.47293],[137.05111,35.4698],[137.05143,35.46731],[137.05141,35.46592],[137.04978,35.46469],[137.04981,35.46349],[137.05087,35.4615],[137.0515,35.46118],[137.05266,35.46178],[137.05318,35.46034],[137.05403,35.4606],[137.05282,35.46441],[137.05284,35.466],[137.05906,35.46963],[137.06066,35.47157],[137.06219,35.47518],[137.06582,35.47821],[137.07178,35.47964],[137.07192,35.4781],[137.07316,35.47811],[137.07225,35.47436],[137.07683,35.47348],[137.07856,35.47482],[137.07881,35.47573],[137.08019,35.47498],[137.08127,35.47554],[137.08327,35.47533],[137.08378,35.47417],[137.08294,35.47306],[137.0829,35.47257],[137.08342,35.47236],[137.08275,35.47097],[137.08475,35.4713],[137.08614,35.47054],[137.08599,35.46994],[137.08665,35.46928],[137.08586,35.4669],[137.08605,35.46588],[137.08504,35.46571],[137.08357,35.46295],[137.08183,35.46176],[137.08156,35.46074],[137.07957,35.4596],[137.07699,35.46],[137.07573,35.45908],[137.07632,35.45735],[137.07742,35.4566],[137.07849,35.4548],[137.07677,35.4546],[137.07759,35.45337],[137.07687,35.45294],[137.07731,35.45104],[137.07612,35.45014],[137.0761,35.44953],[137.07717,35.44966],[137.07664,35.44966],[137.07656,35.45023],[137.07793,35.45041],[137.07749,35.45143],[137.07814,35.45159],[137.07817,35.44941],[137.07709,35.44948],[137.07723,35.44875],[137.07767,35.44932],[137.07783,35.44788],[137.07818,35.44803],[137.07814,35.44926],[137.07861,35.44934],[137.07849,35.44995],[137.0794,35.45004],[137.07972,35.44878],[137.08021,35.44909],[137.07969,35.44981],[137.08027,35.45005],[137.08078,35.44876],[137.08018,35.4483],[137.08088,35.44747],[137.08183,35.44729],[137.08154,35.44775],[137.08074,35.44773],[137.08096,35.44817],[137.08163,35.44815],[137.0814,35.44877],[137.082,35.45016],[137.08371,35.45017],[137.08302,35.44615],[137.0803,35.44232],[137.07822,35.4409],[137.07531,35.43979],[137.07173,35.43962],[137.06933,35.44023],[137.06512,35.44342],[137.06223,35.44454],[137.05722,35.44524],[137.05194,35.44534],[137.04802,35.44266],[137.0334,35.43698],[137.02859,35.4363],[137.01718,35.43641],[137.01146,35.43587],[137.00761,35.43323],[137.00611,35.42993],[137.00198,35.43137],[137.0034,35.433],[137.00243,35.43818],[137.00142,35.43749],[137.00108,35.4378],[137.00161,35.43806],[137.00215,35.44091],[137.00172,35.44104],[137.00157,35.44008],[136.99614,35.44148],[136.99427,35.44103],[136.99276,35.44223],[136.99222,35.44761],[136.99357,35.45147],[136.9935,35.45204],[136.99237,35.45272],[136.98749,35.45239],[136.98692,35.45113],[136.98474,35.44936],[136.98429,35.4484],[136.98471,35.44793],[136.97943,35.44945],[136.97463,35.45231],[136.97311,35.45063],[136.96972,35.4516],[136.96915,35.44785],[136.97073,35.44637],[136.97012,35.44523],[136.96759,35.44689],[136.96572,35.44466],[136.96259,35.44614],[136.95982,35.44667],[136.95907,35.44785],[136.96008,35.45002],[136.96029,35.45178],[136.95971,35.45241],[136.96097,35.4564],[136.96102,35.45855],[136.96179,35.45958],[136.96158,35.4611],[136.96286,35.46113],[136.96284,35.46212]]]}},{"type":"Feature","properties":{"id":"muni-21212","name":"土岐市"},"geometry":{"type":"Polygon","coordinates":[[[137.15142,35.38078],[137.1515,35.38191],[137.15225,35.38222],[137.15307,35.38409],[137.15299,35.38582],[137.15367,35.38769],[137.15343,35.38933],[137.15437,35.38976],[137.15486,35.39066],[137.15482,35.39308],[137.1555,35.39417],[137.15854,35.39526],[137.16091,35.3987],[137.1643,35.39744],[137.16543,35.39546],[137.17045,35.39222],[137.17162,35.39406],[137.17407,35.39458],[137.17915,35.39198],[137.18071,35.39285],[137.18183,35.39288],[137.18375,35.39417],[137.18377,35.3948],[137.18565,35.39584],[137.19034,35.39616],[137.19224,35.39867],[137.19165,35.39992],[137.19134,35.4029],[137.19428,35.40348],[137.19579,35.40067],[137.19791,35.40106],[137.19901,35.40017],[137.20272,35.39937],[137.20274,35.39869],[137.20612,35.39758],[137.20874,35.39508],[137.2115,35.39438],[137.21263,35.39351],[137.2146,35.39414],[137.21719,35.39329],[137.21769,35.39223],[137.21716,35.39082],[137.21776,35.39002],[137.21789,35.38639],[137.21837,35.38534],[137.21896,35.38519],[137.21965,35.38212],[137.22049,35.38078],[137.2207,35.37842],[137.22131,35.37732],[137.22115,35.37584],[137.22348,35.37146],[137.22351,35.37059],[137.22541,35.3701],[137.2247,35.36895],[137.22251,35.36864],[137.22237,35.36769],[137.22116,35.36692],[137.22085,35.36589],[137.2191,35.36495],[137.22071,35.35948],[137.2194,35.35763],[137.22079,35.35722],[137.22149,35.35558],[137.22264,35.3553],[137.22277,35.35446],[137.2248,35.35353],[137.22541,35.35229],[137.23049,35.34767],[137.23138,35.34745],[137.2315,35.34681],[137.23399,35.34432],[137.23728,35.3452],[137.23787,35.34426],[137.23914,35.34386],[137.23929,35.34243],[137.24044,35.34099],[137.24216,35.34125],[137.24208,35.34058],[137.24302,35.33917],[137.24473,35.33898],[137.24418,35.33773],[137.2425,35.3366],[137.24327,35.33515],[137.24481,35.33405],[137.24422,35.33235],[137.2458,35.33029],[137.24808,35.32961],[137.24817,35.32896],[137.24945,35.32849],[137.24969,35.32711],[137.25197,35.32756],[137.25239,35.32879],[137.25386,35.32986],[137.25734,35.33124],[137.25859,35.33022],[137.2579,35.32909],[137.25808,35.32865],[137.25942,35.32763],[137.26161,35.3272],[137.26322,35.32565],[137.26329,35.32427],[137.26871,35.32477],[137.26983,35.32362],[137.27284,35.32328],[137.27359,35.31999],[137.27507,35.31756],[137.27637,35.31743],[137.27802,35.31845],[137.28029,35.31907],[137.28276,35.31726],[137.27979,35.31575],[137.28043,35.31501],[137.27805,35.30165],[137.27837,35.29812],[137.27669,35.29648],[137.27635,35.29534],[137.27697,35.29342],[137.27566,35.29199],[137.27415,35.28791],[137.27345,35.28795],[137.2716,35.28592],[137.26802,35.28698],[137.26287,35.28538],[137.26214,35.28341],[137.2612,35.28331],[137.26007,35.28193],[137.26001,35.28126],[137.26073,35.28069],[137.25959,35.27887],[137.26114,35.27534],[137.26062,35.27488],[137.25955,35.27449],[137.2576,35.27505],[137.25701,35.27273],[137.25354,35.27287],[137.25287,35.27238],[137.25258,35.271],[137.25149,35.27074],[137.25127,35.26959],[137.24962,35.2685],[137.24595,35.2682],[137.24477,35.26871],[137.24368,35.26859],[137.24339,35.26777],[137.24414,35.26726],[137.24413,35.26674],[137.24294,35.26587],[137.24216,35.26445],[137.241,35.26422],[137.24045,35.26509],[137.23921,35.26451],[137.23713,35.26528],[137.23555,35.26483],[137.23417,35.26362],[137.23395,35.2617],[137.23342,35.26106],[137.22989,35.26106],[137.22878,35.26021],[137.22825,35.25899],[137.22645,35.25828],[137.22479,35.25647],[137.22148,35.25573],[137.22108,35.25744],[137.2215,35.25999],[137.22101,35.26046],[137.21824,35.25878],[137.21761,35.25983],[137.21446,35.25926],[137.21349,35.25993],[137.21289,35.2596],[137.212,35.26004],[137.21116,35.25976],[137.21129,35.25918],[137.21066,35.25854],[137.2091,35.25814],[137.20859,35.25722],[137.20896,35.25689],[137.20841,35.25435],[137.20782,35.25354],[137.20639,35.2532],[137.20567,35.25491],[137.2038,35.25527],[137.20288,35.25469],[137.20268,35.253],[137.20149,35.25325],[137.20146,35.25239],[137.20033,35.25148],[137.19697,35.25346],[137.19563,35.2533],[137.1909,35.25432],[137.18941,35.25263],[137.1871,35.25335],[137.18632,35.25308],[137.18394,35.25453],[137.18374,35.25567],[137.1819,35.25747],[137.18056,35.25817],[137.17968,35.25788],[137.179,35.25879],[137.17646,35.26033],[137.17541,35.26458],[137.17283,35.26487],[137.17537,35.2662],[137.17658,35.26801],[137.17735,35.26825],[137.17733,35.2695],[137.1766,35.26986],[137.17668,35.27029],[137.17758,35.27061],[137.18041,35.27376],[137.18656,35.27729],[137.18473,35.2792],[137.18473,35.28016],[137.18217,35.28028],[137.18007,35.28192],[137.17912,35.28196],[137.17896,35.28245],[137.17828,35.28227],[137.17762,35.28328],[137.17605,35.28374],[137.17516,35.2851],[137.17686,35.2864],[137.18126,35.28791],[137.18223,35.28993],[137.18057,35.29217],[137.18059,35.29321],[137.17889,35.29448],[137.1794,35.29726],[137.17866,35.29831],[137.17951,35.29918],[137.17875,35.29939],[137.17677,35.30247],[137.17715,35.30485],[137.17637,35.30493],[137.17561,35.30589],[137.17495,35.30601],[137.17391,35.30748],[137.17355,35.30892],[137.17164,35.31104],[137.17207,35.31221],[137.16793,35.31453],[137.16678,35.31822],[137.16502,35.31942],[137.16358,35.3195],[137.16344,35.32004],[137.15873,35.31919],[137.15426,35.32075],[137.15327,35.32296],[137.15353,35.32421],[137.1555,35.32432],[137.16037,35.32756],[137.1617,35.32717],[137.16042,35.32874],[137.16038,35.33058],[137.15934,35.33083],[137.15837,35.33175],[137.15713,35.33581],[137.15249,35.33934],[137.1489,35.3433],[137.15053,35.34351],[137.15052,35.34424],[137.14908,35.34422],[137.14908,35.34499],[137.14767,35.3454],[137.14794,35.34576],[137.14743,35.34648],[137.1461,35.34685],[137.14603,35.34894],[137.14546,35.34917],[137.14565,35.34997],[137.151,35.3504],[137.15568,35.35153],[137.15845,35.35688],[137.15673,35.35797],[137.15737,35.35902],[137.1573,35.35985],[137.15625,35.36071],[137.15619,35.3616],[137.15532,35.36173],[137.15345,35.36455],[137.1525,35.36494],[137.15226,35.36562],[137.15278,35.3663],[137.15213,35.36686],[137.15239,35.36733],[137.15186,35.36868],[137.15033,35.36887],[137.14939,35.36978],[137.14718,35.36923],[137.14881,35.37198],[137.14659,35.37331],[137.14517,35.37361],[137.14454,35.37445],[137.14459,35.37607],[137.146,35.37813],[137.14714,35.37892],[137.14953,35.37943],[137.15142,35.38078]]]}},{"type":"Feature","properties":{"id":"muni-21213","name":"各務原市"},"geometry":{"type":"MultiPolygon","coordinates":[[[[136.79392,35.36955],[136.79406,35.36878],[136.79224,35.36911],[136.79212,35.36991],[136.79392,35.36955]]],[[[136.80054,35.36523],[136.80068,35.36866],[136.79893,35.3684],[136.79892,35.36933],[136.80291,35.36987],[136.80225,35.37094],[136.80628,35.3729],[136.80562,35.37383],[136.81074,35.37469],[136.81102,35.37409],[136.81628,35.375],[136.81604,35.37568],[136.81992,35.37629],[136.82094,35.37585],[136.81979,35.37802],[136.81983,35.37895],[136.81905,35.37911],[136.81898,35.38081],[136.81865,35.38079],[136.81939,35.38326],[136.81976,35.38326],[136.81937,35.38361],[136.81955,35.38486],[136.81744,35.38466],[136.81688,35.38739],[136.81301,35.38748],[136.81317,35.38985],[136.81434,35.38955],[136.81474,35.38985],[136.81571,35.38901],[136.81637,35.38988],[136.81588,35.39053],[136.81587,35.39205],[136.81304,35.39396],[136.81444,35.39468],[136.81511,35.3957],[136.81687,35.39605],[136.81701,35.39771],[136.81619,35.39809],[136.81456,35.39774],[136.8144,35.39976],[136.81407,35.40042],[136.81344,35.40054],[136.81547,35.40325],[136.81515,35.40692],[136.81473,35.40729],[136.81585,35.40928],[136.81549,35.41069],[136.81679,35.41342],[136.81686,35.41521],[136.81629,35.41575],[136.81561,35.41586],[136.81573,35.41488],[136.81492,35.41499],[136.8152,35.41722],[136.81658,35.41763],[136.81774,35.41868],[136.81768,35.41937],[136.8157,35.42029],[136.81515,35.42166],[136.81446,35.42204],[136.81488,35.42741],[136.82308,35.42711],[136.82467,35.42871],[136.82759,35.42869],[136.83017,35.42791],[136.83194,35.42809],[136.83788,35.42921],[136.83901,35.43],[136.83885,35.4305],[136.84168,35.4314],[136.84431,35.42625],[136.84478,35.42443],[136.84796,35.42506],[136.85905,35.42494],[136.85915,35.42743],[136.8603,35.4297],[136.85966,35.43118],[136.85989,35.4343],[136.86637,35.43485],[136.87184,35.43675],[136.87186,35.43788],[136.86871,35.43945],[136.86937,35.44217],[136.86906,35.44408],[136.87044,35.44434],[136.87341,35.44602],[136.87788,35.44625],[136.88272,35.44434],[136.88488,35.44416],[136.88589,35.44482],[136.88657,35.44664],[136.88918,35.44676],[136.88938,35.44535],[136.89034,35.44486],[136.89331,35.44467],[136.89416,35.44524],[136.89503,35.44419],[136.89873,35.44356],[136.90029,35.44478],[136.9012,35.44484],[136.90237,35.44646],[136.90446,35.44637],[136.90787,35.44433],[136.90906,35.44289],[136.90863,35.44169],[136.9106,35.44087],[136.91193,35.44096],[136.91374,35.43987],[136.91532,35.43958],[136.91649,35.43795],[136.91943,35.43742],[136.92135,35.43577],[136.92243,35.43597],[136.92555,35.4341],[136.92714,35.43428],[136.92922,35.43229],[136.93205,35.43159],[136.93503,35.42945],[136.94194,35.42743],[136.94537,35.42843],[136.94632,35.42932],[136.9488,35.42939],[136.95267,35.42665],[136.9502,35.42453],[136.95062,35.42347],[136.94989,35.42243],[136.95154,35.42052],[136.9511,35.41985],[136.95161,35.41738],[136.95067,35.41592],[136.95216,35.41523],[136.95278,35.41411],[136.95704,35.41524],[136.96118,35.41452],[136.96243,35.41031],[136.96289,35.40688],[136.96238,35.40103],[136.9585,35.39713],[136.95549,35.39596],[136.94873,35.39469],[136.9375,35.38978],[136.93396,35.38741],[136.92749,35.3818],[136.92111,35.37869],[136.91523,35.3775],[136.91241,35.37742],[136.90397,35.3776],[136.89104,35.37863],[136.86556,35.37349],[136.86095,35.36833],[136.84891,35.36266],[136.83472,35.35679],[136.83325,35.35662],[136.82832,35.35704],[136.81685,35.35934],[136.80231,35.36051],[136.79317,35.36455],[136.794,35.36606],[136.80009,35.36421],[136.80054,35.36523]]]]}},{"type":"Feature","properties":{"id":"muni-21214","name":"可児市"},"geometry":{"type":"MultiPolygon","coordinates":[[[[137.01087,35.38221],[137.01032,35.38123],[137.00634,35.38177],[137.00553,35.38169],[137.00553,35.38111],[137.00421,35.38094],[137.00215,35.38139],[137.00221,35.38355],[137.00094,35.3839],[136.99883,35.38588],[136.99869,35.38629],[136.99943,35.38681],[136.99933,35.38811],[136.99885,35.38834],[136.99922,35.39016],[136.99835,35.39144],[136.99691,35.39108],[136.9955,35.39293],[136.99035,35.39508],[136.99012,35.39549],[136.9908,35.39627],[136.98981,35.39741],[136.98974,35.39863],[136.98724,35.40081],[136.98724,35.40219],[136.98406,35.40158],[136.98079,35.40173],[136.98009,35.40287],[136.97809,35.40331],[136.97836,35.40643],[136.98006,35.40768],[136.98097,35.40929],[136.98441,35.41192],[136.98476,35.41301],[136.98424,35.41389],[136.98696,35.41542],[136.98479,35.41752],[136.98563,35.41797],[136.98577,35.41911],[136.98691,35.42029],[136.98848,35.42044],[136.99065,35.4231],[136.99175,35.42282],[136.99322,35.42324],[136.99265,35.42434],[136.99866,35.42375],[137.00568,35.42502],[137.00714,35.42691],[137.00717,35.42788],[137.00611,35.42993],[137.00675,35.43193],[137.00843,35.43406],[137.01104,35.43571],[137.01692,35.4364],[137.02888,35.43632],[137.0334,35.43698],[137.04802,35.44266],[137.05197,35.44535],[137.05722,35.44524],[137.06223,35.44454],[137.06512,35.44342],[137.06933,35.44023],[137.07266,35.43955],[137.07217,35.43845],[137.0694,35.43688],[137.07152,35.43737],[137.07122,35.4362],[137.06933,35.43566],[137.06915,35.43523],[137.06976,35.43392],[137.06955,35.43283],[137.07048,35.43321],[137.07111,35.43246],[137.07046,35.43195],[137.07116,35.43196],[137.0714,35.43141],[137.06992,35.42947],[137.07023,35.42929],[137.07159,35.4306],[137.07208,35.43201],[137.07589,35.43258],[137.07741,35.43349],[137.07928,35.43151],[137.07874,35.43127],[137.07906,35.43042],[137.08085,35.4312],[137.08282,35.4333],[137.08632,35.43379],[137.08905,35.43599],[137.09004,35.43615],[137.09285,35.43493],[137.0967,35.43758],[137.09943,35.43767],[137.09873,35.43691],[137.09916,35.43637],[137.09923,35.43283],[137.1029,35.43236],[137.10252,35.43103],[137.10678,35.43109],[137.10551,35.42783],[137.10459,35.42734],[137.1046,35.42641],[137.10532,35.42536],[137.10605,35.42527],[137.10785,35.42253],[137.10546,35.42033],[137.10529,35.41835],[137.10876,35.41682],[137.11004,35.41578],[137.1113,35.41687],[137.11247,35.41709],[137.11282,35.41633],[137.11346,35.41631],[137.11485,35.41751],[137.1154,35.41866],[137.11844,35.41934],[137.11973,35.42016],[137.12,35.41785],[137.12204,35.41724],[137.122,35.41498],[137.12264,35.41431],[137.12637,35.41418],[137.12763,35.41351],[137.13243,35.41485],[137.1339,35.4126],[137.13596,35.41211],[137.13812,35.41067],[137.14109,35.40679],[137.14664,35.40736],[137.14747,35.4062],[137.15016,35.40486],[137.15267,35.40466],[137.1533,35.40313],[137.15484,35.40291],[137.15987,35.39869],[137.16074,35.39845],[137.15854,35.39526],[137.1555,35.39417],[137.15485,35.39313],[137.15486,35.39066],[137.15437,35.38976],[137.15341,35.38926],[137.15367,35.38769],[137.15299,35.38582],[137.15306,35.38406],[137.15225,35.38222],[137.1515,35.38191],[137.15142,35.38078],[137.14953,35.37943],[137.14681,35.37878],[137.14521,35.37706],[137.14449,35.37789],[137.1429,35.37768],[137.14168,35.37816],[137.14005,35.37941],[137.13792,35.37891],[137.13757,35.3796],[137.13572,35.37967],[137.13175,35.38116],[137.13042,35.38115],[137.12744,35.38336],[137.12699,35.3842],[137.1242,35.38447],[137.12199,35.38336],[137.12063,35.38107],[137.11763,35.38008],[137.11726,35.37949],[137.11786,35.37852],[137.12107,35.37524],[137.11859,35.37395],[137.11366,35.36894],[137.11176,35.36895],[137.11077,35.36976],[137.10946,35.37002],[137.10996,35.3722],[137.10734,35.37222],[137.10577,35.37371],[137.10421,35.37439],[137.10342,35.37367],[137.10194,35.37335],[137.1025,35.37221],[137.10194,35.37145],[137.101,35.37202],[137.09959,35.37166],[137.09901,35.3709],[137.09821,35.37184],[137.09719,35.37184],[137.09616,35.37251],[137.09435,35.37053],[137.09283,35.37208],[137.09141,35.37188],[137.0909,35.37259],[137.08995,35.37226],[137.08962,35.37168],[137.09003,35.37099],[137.08953,35.3705],[137.08852,35.37101],[137.08817,35.37054],[137.08759,35.37147],[137.08507,35.37107],[137.08301,35.37289],[137.08177,35.37276],[137.079,35.37405],[137.07949,35.37471],[137.07858,35.37516],[137.07907,35.37671],[137.07882,35.37729],[137.07784,35.37766],[137.07698,35.37728],[137.07603,35.37998],[137.0752,35.38098],[137.07603,35.38193],[137.07504,35.38308],[137.07589,35.38312],[137.07683,35.38475],[137.07481,35.38646],[137.07408,35.38658],[137.07428,35.38735],[137.07317,35.38826],[137.072,35.3881],[137.07199,35.39026],[137.0711,35.39038],[137.07139,35.39112],[137.07038,35.39136],[137.07068,35.39218],[137.06916,35.3923],[137.06996,35.39369],[137.0688,35.39454],[137.06921,35.39578],[137.06688,35.39609],[137.06779,35.39771],[137.06773,35.39806],[137.06669,35.39814],[137.06689,35.3992],[137.06635,35.40019],[137.06267,35.40164],[137.06183,35.40308],[137.06017,35.40293],[137.0601,35.40257],[137.06038,35.4005],[137.06218,35.39815],[137.06148,35.39516],[137.06289,35.39391],[137.064,35.39402],[137.06397,35.39499],[137.06454,35.39501],[137.06492,35.39401],[137.06638,35.39424],[137.0674,35.39361],[137.06521,35.39319],[137.06505,35.39188],[137.06462,35.39157],[137.06378,35.39221],[137.06259,35.39217],[137.06258,35.39085],[137.06067,35.39043],[137.05986,35.38977],[137.05554,35.38417],[137.05461,35.38181],[137.05468,35.38083],[137.05388,35.37992],[137.05443,35.37908],[137.05302,35.37743],[137.05297,35.37649],[137.05301,35.37456],[137.05482,35.37138],[137.0548,35.36866],[137.05375,35.369],[137.05305,35.36843],[137.05112,35.36893],[137.04999,35.36746],[137.05005,35.36638],[137.04788,35.36566],[137.04767,35.36502],[137.04699,35.36617],[137.04557,35.36662],[137.04496,35.36757],[137.04061,35.36697],[137.03875,35.36782],[137.03816,35.36754],[137.03749,35.36799],[137.03585,35.36777],[137.03539,35.36827],[137.03388,35.36809],[137.03395,35.36917],[137.03289,35.36881],[137.02924,35.37139],[137.02906,35.37221],[137.03,35.37404],[137.02892,35.37408],[137.02842,35.37633],[137.02643,35.37496],[137.02298,35.37477],[137.02145,35.37554],[137.02018,35.37546],[137.01936,35.37582],[137.01902,35.37661],[137.01603,35.37752],[137.01497,35.3816],[137.01251,35.38142],[137.01087,35.38221]]],[[[137.0877,35.44742],[137.08345,35.44861],[137.08483,35.45357],[137.09186,35.45801],[137.0946,35.46007],[137.09661,35.46231],[137.10382,35.46476],[137.10458,35.46404],[137.10695,35.46355],[137.11063,35.46336],[137.11089,35.46297],[137.11044,35.46245],[137.11203,35.46174],[137.11197,35.45939],[137.11282,35.45831],[137.11122,35.45739],[137.11018,35.45771],[137.10992,35.45719],[137.10667,35.45755],[137.10692,35.4557],[137.10619,35.45473],[137.10514,35.4547],[137.10536,35.4536],[137.10378,35.45224],[137.10363,35.45154],[137.10268,35.45131],[137.10253,35.45022],[137.10096,35.4521],[137.10069,35.45035],[137.10187,35.44921],[137.101,35.44918],[137.09905,35.44768],[137.09785,35.44743],[137.09724,35.44887],[137.09631,35.44892],[137.09575,35.4503],[137.09613,35.45139],[137.09475,35.4528],[137.09404,35.45248],[137.09207,35.45314],[137.09083,35.45133],[137.08984,35.44579],[137.0877,35.44742]]]]}},{"type":"Feature","properties":{"id":"muni-21215","name":"山県市"},"geometry":{"type":"Polygon","coordinates":[[[136.73046,35.51391],[136.73017,35.51678],[136.72948,35.51753],[136.72621,35.51785],[136.72591,35.51903],[136.72452,35.51897],[136.72344,35.52012],[136.72232,35.5201],[136.72196,35.52145],[136.72112,35.52153],[136.71946,35.52065],[136.71766,35.5207],[136.71582,35.52423],[136.71616,35.52637],[136.71367,35.52607],[136.71309,35.52691],[136.71189,35.52663],[136.71109,35.52716],[136.71066,35.52788],[136.7109,35.52938],[136.70983,35.53049],[136.70894,35.53066],[136.70892,35.53227],[136.70607,35.53541],[136.70513,35.53584],[136.70473,35.53775],[136.70376,35.53848],[136.70259,35.53833],[136.70089,35.54239],[136.69866,35.54307],[136.69672,35.54303],[136.69591,35.54441],[136.69584,35.54718],[136.69003,35.55045],[136.68907,35.5523],[136.68856,35.55543],[136.68757,35.55565],[136.68697,35.5552],[136.68633,35.55562],[136.68598,35.5573],[136.68478,35.559],[136.68508,35.5608],[136.684,35.56275],[136.68391,35.5642],[136.68478,35.5652],[136.68486,35.56638],[136.68127,35.57057],[136.68237,35.57386],[136.68345,35.57548],[136.68338,35.57653],[136.6829,35.57736],[136.68013,35.57879],[136.67917,35.58146],[136.67792,35.58226],[136.6771,35.58431],[136.67507,35.58603],[136.67453,35.58723],[136.67233,35.58814],[136.67129,35.58923],[136.6688,35.58967],[136.66919,35.59055],[136.66914,35.59404],[136.66816,35.59718],[136.66468,35.59977],[136.66326,35.60249],[136.66484,35.60349],[136.66509,35.60443],[136.66672,35.60574],[136.66707,35.60804],[136.66883,35.61059],[136.66896,35.61599],[136.66858,35.61665],[136.66896,35.61745],[136.66877,35.61877],[136.668,35.61989],[136.66826,35.62207],[136.66558,35.62477],[136.66512,35.62628],[136.66658,35.62839],[136.66805,35.62912],[136.66933,35.63097],[136.67269,35.63174],[136.67365,35.6349],[136.67594,35.63636],[136.67679,35.63779],[136.67544,35.64082],[136.67632,35.64234],[136.67746,35.64669],[136.67654,35.64864],[136.67639,35.6503],[136.67508,35.65217],[136.67449,35.65486],[136.68213,35.6585],[136.68476,35.65883],[136.687,35.6601],[136.68854,35.66037],[136.68922,35.66144],[136.69007,35.66606],[136.69112,35.66783],[136.69106,35.66861],[136.69187,35.66955],[136.6935,35.67006],[136.69292,35.67108],[136.69206,35.67665],[136.69071,35.67815],[136.691,35.67883],[136.68978,35.68155],[136.68978,35.68296],[136.69007,35.68369],[136.69128,35.68403],[136.69147,35.68545],[136.69216,35.68595],[136.69257,35.68719],[136.6947,35.68942],[136.69413,35.69382],[136.69356,35.69457],[136.69483,35.69636],[136.69558,35.70049],[136.69505,35.70162],[136.69535,35.7028],[136.6935,35.70485],[136.69354,35.70867],[136.69551,35.71006],[136.69513,35.71148],[136.69697,35.71387],[136.69631,35.71454],[136.69572,35.71695],[136.69875,35.71873],[136.70078,35.71844],[136.70239,35.71905],[136.70646,35.71855],[136.7087,35.71664],[136.70963,35.71651],[136.7109,35.71678],[136.71244,35.71813],[136.71363,35.71849],[136.71605,35.71679],[136.71664,35.71477],[136.71905,35.7143],[136.72354,35.71562],[136.72552,35.71507],[136.72772,35.7157],[136.72831,35.71349],[136.73024,35.71166],[136.72847,35.7064],[136.72666,35.70447],[136.72654,35.70354],[136.72562,35.70241],[136.72564,35.70132],[136.72447,35.70051],[136.72309,35.70049],[136.72283,35.69748],[136.72116,35.69733],[136.7207,35.69662],[136.71948,35.69662],[136.71892,35.69404],[136.72004,35.69489],[136.72436,35.69426],[136.72592,35.69285],[136.72663,35.69141],[136.7287,35.69058],[136.73552,35.69168],[136.73547,35.68962],[136.73654,35.68693],[136.73945,35.68377],[136.74506,35.68493],[136.74752,35.68327],[136.74922,35.6831],[136.74994,35.68117],[136.75162,35.68148],[136.75411,35.67998],[136.75733,35.6797],[136.75997,35.68133],[136.76294,35.68416],[136.76847,35.68313],[136.76943,35.68048],[136.76938,35.67928],[136.77022,35.67859],[136.77053,35.67718],[136.76982,35.67549],[136.77062,35.67418],[136.77023,35.67182],[136.77194,35.67017],[136.77255,35.66741],[136.77544,35.66742],[136.77655,35.66685],[136.77878,35.66663],[136.78203,35.66709],[136.78256,35.66684],[136.78302,35.66432],[136.78392,35.6632],[136.78758,35.66452],[136.78966,35.66307],[136.79127,35.66269],[136.79257,35.66112],[136.79393,35.66162],[136.79719,35.66148],[136.79937,35.66079],[136.80055,35.66012],[136.80147,35.658],[136.80431,35.65538],[136.80558,35.65357],[136.80621,35.65086],[136.80609,35.65021],[136.80481,35.64925],[136.80509,35.6459],[136.8047,35.64475],[136.80516,35.64377],[136.8054,35.64038],[136.80631,35.6388],[136.80622,35.63768],[136.80546,35.63689],[136.80567,35.63556],[136.80404,35.63483],[136.80357,35.63369],[136.80592,35.62952],[136.80543,35.62655],[136.80667,35.62547],[136.8071,35.62335],[136.80526,35.62029],[136.80532,35.61894],[136.80356,35.61651],[136.80412,35.61393],[136.80502,35.61286],[136.80421,35.61191],[136.80651,35.61047],[136.80646,35.60945],[136.79994,35.60328],[136.79949,35.6013],[136.79674,35.59912],[136.79574,35.59867],[136.79307,35.59893],[136.79116,35.59814],[136.78908,35.59869],[136.7888,35.59791],[136.78658,35.59751],[136.78623,35.59675],[136.78714,35.59614],[136.78753,35.59493],[136.78922,35.59362],[136.79382,35.59173],[136.79509,35.59197],[136.79641,35.59136],[136.79593,35.58962],[136.79625,35.58832],[136.79558,35.58646],[136.79237,35.5832],[136.79195,35.58085],[136.79238,35.57987],[136.7942,35.57865],[136.79391,35.57738],[136.79457,35.57608],[136.79357,35.57142],[136.79514,35.57097],[136.79512,35.5697],[136.79683,35.56996],[136.79981,35.56906],[136.80347,35.56903],[136.80434,35.57056],[136.8041,35.57285],[136.80505,35.5732],[136.80705,35.57164],[136.80825,35.57128],[136.80896,35.56973],[136.81168,35.56806],[136.81199,35.56722],[136.81383,35.56602],[136.81684,35.5672],[136.81784,35.56707],[136.81765,35.5657],[136.81809,35.56422],[136.82072,35.56109],[136.82073,35.5603],[136.81773,35.55822],[136.81745,35.55694],[136.81318,35.55499],[136.81277,35.5536],[136.81353,35.55296],[136.81261,35.54958],[136.81335,35.54832],[136.81299,35.54708],[136.80894,35.54757],[136.80846,35.54625],[136.80931,35.54601],[136.80891,35.545],[136.80972,35.54478],[136.80888,35.54267],[136.80977,35.54243],[136.80915,35.54197],[136.80908,35.54103],[136.8096,35.53995],[136.80965,35.53587],[136.81087,35.53616],[136.81207,35.53585],[136.81317,35.53313],[136.81465,35.53305],[136.8146,35.53244],[136.81543,35.53165],[136.8151,35.53034],[136.81389,35.52995],[136.81285,35.529],[136.81241,35.52758],[136.81159,35.52749],[136.81108,35.52687],[136.81048,35.52519],[136.80933,35.52486],[136.81153,35.52315],[136.81251,35.52137],[136.81125,35.51885],[136.81196,35.51754],[136.8128,35.51716],[136.81315,35.51606],[136.8132,35.51509],[136.81203,35.5127],[136.8135,35.51179],[136.81474,35.51021],[136.8128,35.50809],[136.81076,35.50759],[136.81055,35.50693],[136.80919,35.50679],[136.80795,35.50548],[136.80437,35.50485],[136.80312,35.50523],[136.8009,35.50488],[136.80155,35.50326],[136.80387,35.50167],[136.80454,35.50208],[136.80484,35.50179],[136.80566,35.49954],[136.80478,35.4977],[136.80328,35.4977],[136.80297,35.4928],[136.80208,35.49252],[136.8006,35.4931],[136.79964,35.49207],[136.79999,35.49125],[136.79968,35.49045],[136.80042,35.48931],[136.80012,35.48774],[136.79922,35.48635],[136.79956,35.48503],[136.7973,35.4852],[136.79665,35.48601],[136.79408,35.48453],[136.79284,35.48436],[136.79116,35.48735],[136.79114,35.49098],[136.78937,35.49178],[136.78649,35.49024],[136.78188,35.49131],[136.77966,35.48957],[136.77852,35.48971],[136.7773,35.49118],[136.77575,35.4918],[136.7752,35.49061],[136.77586,35.49017],[136.77391,35.4906],[136.77192,35.49194],[136.77163,35.49309],[136.77089,35.49363],[136.76975,35.49628],[136.76972,35.4983],[136.76665,35.49951],[136.76362,35.49947],[136.76353,35.50118],[136.76207,35.50295],[136.76201,35.50384],[136.76004,35.50508],[136.75933,35.50658],[136.75883,35.50588],[136.75519,35.50388],[136.75452,35.50533],[136.75349,35.50521],[136.75311,35.50671],[136.75148,35.50852],[136.74987,35.50899],[136.74907,35.51011],[136.74624,35.51072],[136.74555,35.51206],[136.74456,35.51223],[136.74263,35.51172],[136.74165,35.5105],[136.73972,35.51126],[136.73833,35.50935],[136.7383,35.5085],[136.73665,35.5079],[136.73353,35.51081],[136.73228,35.51341],[136.73046,35.51391]]]}},{"type":"Feature","properties":{"id":"muni-21216","name":"瑞穂市"},"geometry":{"type":"Polygon","coordinates":[[[136.63818,35.39025],[136.63799,35.39167],[136.63923,35.3936],[136.64003,35.39442],[136.64223,35.39501],[136.63994,35.40255],[136.63999,35.40709],[136.63869,35.41158],[136.63362,35.42011],[136.63262,35.42263],[136.63288,35.42864],[136.64029,35.42871],[136.64211,35.4278],[136.64205,35.42567],[136.6436,35.4248],[136.64522,35.42278],[136.64728,35.4226],[136.65106,35.42408],[136.65284,35.42252],[136.65244,35.42194],[136.65326,35.42191],[136.65367,35.42106],[136.65479,35.42152],[136.66029,35.42094],[136.67076,35.42113],[136.67047,35.41796],[136.67083,35.41787],[136.67634,35.41818],[136.67811,35.41783],[136.68109,35.41937],[136.68004,35.41731],[136.681,35.41759],[136.68208,35.41723],[136.68206,35.41442],[136.68693,35.41447],[136.68672,35.41388],[136.68733,35.41283],[136.68936,35.41245],[136.68935,35.41154],[136.69302,35.41154],[136.69305,35.40757],[136.69781,35.40767],[136.69774,35.40618],[136.69849,35.40622],[136.69873,35.40465],[136.6983,35.40321],[136.69887,35.40258],[136.70091,35.40231],[136.7013,35.39957],[136.70274,35.39533],[136.70317,35.3954],[136.7042,35.39405],[136.70615,35.38868],[136.70631,35.38584],[136.70514,35.38257],[136.70053,35.37619],[136.69366,35.37082],[136.69021,35.36645],[136.68804,35.3671],[136.68819,35.36764],[136.68772,35.36777],[136.68642,35.3667],[136.68428,35.36734],[136.68218,35.37054],[136.6812,35.3713],[136.68051,35.36949],[136.68033,35.36979],[136.67981,35.36968],[136.67977,35.36913],[136.67804,35.3692],[136.6779,35.3673],[136.67686,35.36696],[136.67213,35.36755],[136.67125,35.36887],[136.67061,35.36853],[136.66319,35.37138],[136.66331,35.37469],[136.66184,35.37554],[136.66166,35.37648],[136.66031,35.37684],[136.65879,35.37617],[136.65788,35.37675],[136.65956,35.37876],[136.65862,35.38062],[136.6576,35.38077],[136.65663,35.38164],[136.65655,35.38286],[136.65559,35.38321],[136.65217,35.38144],[136.64596,35.38657],[136.64391,35.3876],[136.64064,35.38807],[136.63776,35.39015],[136.63818,35.39025]]]}},{"type":"Feature","properties":{"id":"muni-21217","name":"飛騨市"},"geometry":{"type":"Polygon","coordinates":[[[137.08551,36.21616],[137.08333,36.21383],[137.08358,36.21284],[137.08223,36.21067],[137.07957,36.2098],[137.07963,36.20855],[137.07697,36.20618],[137.07684,36.20543],[137.07493,36.20435],[137.07377,36.20292],[137.07255,36.2025],[137.06998,36.19848],[137.06697,36.1986],[137.067,36.19927],[137.06648,36.19959],[137.06356,36.19841],[137.06023,36.19917],[137.05729,36.19619],[137.05659,36.19476],[137.05111,36.19116],[137.0505,36.19149],[137.04954,36.19355],[137.04753,36.19515],[137.04128,36.19555],[137.0378,36.19721],[137.03102,36.19712],[137.02952,36.1967],[137.02873,36.1953],[137.02773,36.19464],[137.0279,36.19358],[137.02712,36.19158],[137.02387,36.19],[137.02158,36.18962],[137.01757,36.18934],[137.01603,36.19072],[137.01112,36.18935],[137.00988,36.19102],[137.00902,36.19098],[137.00851,36.1923],[137.00733,36.19216],[137.00367,36.1932],[137.0019,36.1928],[136.99989,36.19478],[136.99909,36.19488],[136.99729,36.19474],[136.99438,36.19308],[136.99302,36.193],[136.99136,36.19392],[136.98986,36.19409],[136.98296,36.1905],[136.97892,36.19202],[136.97717,36.19427],[136.97636,36.19462],[136.97518,36.19413],[136.97327,36.19464],[136.96893,36.19439],[136.9642,36.19501],[136.96321,36.19653],[136.96034,36.19776],[136.95824,36.20159],[136.95348,36.20377],[136.95116,36.20903],[136.95321,36.21202],[136.95126,36.21676],[136.95199,36.21776],[136.95184,36.21897],[136.95289,36.22059],[136.95325,36.22402],[136.95399,36.22612],[136.95586,36.22757],[136.95669,36.22933],[136.95814,36.23047],[136.9533,36.23457],[136.95286,36.23551],[136.95313,36.23688],[136.95179,36.23692],[136.95146,36.23733],[136.95577,36.23972],[136.95392,36.24364],[136.95784,36.25157],[136.96143,36.25431],[136.96259,36.25573],[136.96264,36.26023],[136.96448,36.26349],[136.96612,36.26568],[136.96802,36.26618],[136.96894,36.26723],[136.97102,36.26784],[136.9718,36.2673],[136.97348,36.26755],[136.97372,36.26956],[136.9747,36.27037],[136.97484,36.27226],[136.97564,36.27325],[136.97533,36.27445],[136.97566,36.27519],[136.97628,36.27595],[136.97983,36.27751],[136.98025,36.27932],[136.98215,36.27966],[136.98328,36.28115],[136.98663,36.28256],[136.98681,36.2835],[136.9856,36.28441],[136.98617,36.28619],[136.98819,36.28591],[136.99035,36.2871],[136.99462,36.28771],[136.99634,36.28766],[136.99683,36.28633],[136.99738,36.28607],[136.99921,36.28676],[137.00258,36.28698],[137.00318,36.28785],[137.00488,36.28788],[137.00764,36.28953],[137.00782,36.29216],[137.01259,36.29327],[137.01082,36.29514],[137.0108,36.29814],[137.0122,36.29875],[137.01212,36.29975],[137.01421,36.30119],[137.01402,36.30265],[137.01451,36.30434],[137.01656,36.30512],[137.01866,36.30734],[137.02026,36.30776],[137.02121,36.30919],[137.02034,36.31079],[137.01921,36.31061],[137.0182,36.31139],[137.0179,36.31441],[137.01852,36.31469],[137.01808,36.31541],[137.01845,36.31601],[137.01962,36.31611],[137.0193,36.31728],[137.01968,36.31828],[137.02184,36.31855],[137.02453,36.31671],[137.02949,36.31792],[137.03029,36.31727],[137.03352,36.31781],[137.03738,36.3175],[137.03874,36.319],[137.04126,36.32009],[137.04234,36.32169],[137.04386,36.32197],[137.04518,36.32464],[137.0469,36.3252],[137.04773,36.32634],[137.05152,36.32822],[137.05237,36.32982],[137.05145,36.33113],[137.0522,36.33344],[137.0519,36.33611],[137.05244,36.33836],[137.05651,36.34028],[137.05863,36.3424],[137.05678,36.34331],[137.05551,36.34331],[137.0513,36.34472],[137.04954,36.3446],[137.04891,36.34551],[137.05064,36.34811],[137.05019,36.34961],[137.05474,36.35249],[137.05493,36.35405],[137.0565,36.3549],[137.05702,36.35789],[137.05909,36.36043],[137.05913,36.36182],[137.06044,36.36264],[137.06069,36.36415],[137.06207,36.36607],[137.0619,36.367],[137.05946,36.36733],[137.05844,36.36818],[137.05897,36.37013],[137.05804,36.37126],[137.05939,36.37351],[137.06104,36.37445],[137.06631,36.37546],[137.06793,36.37704],[137.07005,36.37782],[137.07117,36.38007],[137.07266,36.38065],[137.07365,36.38186],[137.07526,36.38208],[137.0761,36.38336],[137.07875,36.38432],[137.08098,36.38375],[137.0843,36.38407],[137.08632,36.38346],[137.08658,36.38282],[137.08784,36.38267],[137.09065,36.38292],[137.09131,36.38327],[137.09161,36.38426],[137.09474,36.38375],[137.0954,36.38463],[137.09556,36.38912],[137.09463,36.38986],[137.09511,36.39143],[137.09466,36.39308],[137.09347,36.39373],[137.09197,36.39551],[137.09248,36.39696],[137.09377,36.39743],[137.09598,36.3995],[137.09693,36.39891],[137.09926,36.39974],[137.10171,36.39922],[137.10165,36.40056],[137.10394,36.40195],[137.10464,36.40479],[137.10924,36.40748],[137.10823,36.41005],[137.10917,36.41065],[137.10997,36.41209],[137.10981,36.41322],[137.11095,36.41415],[137.11123,36.41504],[137.11592,36.41617],[137.11745,36.4188],[137.11913,36.41827],[137.12044,36.41668],[137.12235,36.41738],[137.12428,36.42198],[137.12766,36.42412],[137.13003,36.42873],[137.12988,36.42983],[137.13109,36.43121],[137.133,36.43198],[137.13208,36.43323],[137.13236,36.43439],[137.13473,36.43517],[137.1372,36.43788],[137.14352,36.43826],[137.14245,36.44308],[137.14439,36.44507],[137.14434,36.44569],[137.14517,36.44615],[137.14719,36.44603],[137.15137,36.44809],[137.15263,36.44765],[137.15506,36.44929],[137.15602,36.45177],[137.15856,36.45356],[137.15967,36.45677],[137.16129,36.45642],[137.16432,36.45462],[137.169,36.45589],[137.1709,36.45542],[137.17301,36.45372],[137.17504,36.44986],[137.17598,36.45065],[137.17787,36.45479],[137.1779,36.4532],[137.17981,36.45223],[137.18091,36.45223],[137.18541,36.45294],[137.19134,36.45526],[137.19172,36.45443],[137.19423,36.45328],[137.19372,36.45212],[137.19387,36.45013],[137.19304,36.44789],[137.19468,36.44654],[137.19839,36.446],[137.1983,36.44465],[137.19978,36.44139],[137.20484,36.43687],[137.20517,36.4342],[137.20482,36.43173],[137.20602,36.4277],[137.20739,36.42838],[137.20792,36.43081],[137.20874,36.43162],[137.21247,36.43031],[137.21411,36.43092],[137.2131,36.43424],[137.21321,36.43777],[137.21364,36.43859],[137.2153,36.43927],[137.21747,36.4385],[137.21904,36.43898],[137.22057,36.44043],[137.22233,36.4436],[137.22578,36.44424],[137.23211,36.44452],[137.23332,36.44607],[137.23493,36.44705],[137.23694,36.45004],[137.23973,36.4521],[137.2404,36.45452],[137.24248,36.45773],[137.24585,36.46085],[137.24764,36.46179],[137.24867,36.46038],[137.25182,36.45836],[137.25218,36.45716],[137.25189,36.45627],[137.25478,36.45413],[137.25606,36.45078],[137.2585,36.45309],[137.26025,36.45342],[137.26262,36.45516],[137.26404,36.45829],[137.26526,36.45855],[137.26642,36.45967],[137.26966,36.46117],[137.27275,36.46197],[137.27881,36.46494],[137.27971,36.4642],[137.2809,36.46472],[137.28212,36.46458],[137.28563,36.46125],[137.28759,36.46161],[137.28944,36.46014],[137.29296,36.46009],[137.29847,36.45827],[137.29946,36.45866],[137.30098,36.46152],[137.30249,36.46209],[137.30362,36.46184],[137.30639,36.46385],[137.30846,36.46376],[137.30903,36.46281],[137.31314,36.4612],[137.31699,36.46076],[137.3173,36.46003],[137.31631,36.45753],[137.31777,36.45117],[137.31515,36.45031],[137.31338,36.44894],[137.31385,36.44773],[137.31357,36.44625],[137.31209,36.44487],[137.31354,36.44184],[137.31232,36.44145],[137.31218,36.44084],[137.3109,36.441],[137.31057,36.44024],[137.30925,36.44012],[137.308,36.43887],[137.30802,36.43813],[137.30611,36.43672],[137.3051,36.43654],[137.30506,36.43596],[137.30662,36.43482],[137.30591,36.43349],[137.30637,36.43256],[137.30866,36.43157],[137.30861,36.4293],[137.30956,36.4287],[137.31025,36.42731],[137.31179,36.42686],[137.31219,36.4258],[137.31349,36.42477],[137.31702,36.42496],[137.31755,36.42431],[137.31941,36.42451],[137.32199,36.42652],[137.32285,36.42645],[137.32303,36.4272],[137.32388,36.42731],[137.32432,36.42859],[137.32619,36.42835],[137.32804,36.42871],[137.33084,36.43089],[137.33314,36.42988],[137.33484,36.43005],[137.33515,36.43104],[137.33859,36.43389],[137.34018,36.43325],[137.34448,36.43313],[137.34646,36.43442],[137.34795,36.43403],[137.34845,36.43434],[137.34994,36.43266],[137.35133,36.43463],[137.3531,36.4345],[137.35763,36.43599],[137.35908,36.43756],[137.35947,36.4401],[137.3589,36.44169],[137.358,36.44262],[137.35814,36.44389],[137.36259,36.45005],[137.36656,36.45086],[137.3706,36.45364],[137.37093,36.45333],[137.37329,36.45366],[137.37404,36.45305],[137.37532,36.45314],[137.3768,36.45237],[137.37835,36.45306],[137.3797,36.45497],[137.38064,36.4547],[137.38272,36.45507],[137.38439,36.45654],[137.38589,36.45569],[137.38883,36.45711],[137.38973,36.45986],[137.39264,36.4581],[137.39491,36.4554],[137.39494,36.45276],[137.39594,36.45055],[137.39465,36.44835],[137.39535,36.44307],[137.3948,36.44159],[137.39536,36.44069],[137.39496,36.43979],[137.39559,36.43939],[137.39527,36.43645],[137.3961,36.43619],[137.39687,36.43463],[137.3982,36.4338],[137.3984,36.43312],[137.40233,36.43023],[137.40352,36.42719],[137.40402,36.42691],[137.41082,36.42463],[137.41337,36.42554],[137.41698,36.42584],[137.41797,36.42475],[137.41952,36.42447],[137.42108,36.42278],[137.42291,36.42287],[137.42651,36.42212],[137.42718,36.42125],[137.42712,36.42003],[137.42871,36.42099],[137.43196,36.42158],[137.43364,36.42086],[137.43557,36.42076],[137.43636,36.42038],[137.43736,36.4183],[137.43898,36.41753],[137.43964,36.41767],[137.43995,36.41618],[137.4412,36.41536],[137.44197,36.41414],[137.44376,36.41444],[137.44475,36.41392],[137.44511,36.41307],[137.44736,36.41577],[137.44962,36.41657],[137.45034,36.41561],[137.4524,36.41629],[137.45566,36.4137],[137.46,36.41221],[137.46084,36.41232],[137.46169,36.41327],[137.4685,36.41695],[137.47176,36.42146],[137.4731,36.42224],[137.47428,36.4253],[137.48333,36.42361],[137.49082,36.42353],[137.49724,36.42618],[137.49995,36.42565],[137.5041,36.42573],[137.50636,36.42441],[137.51029,36.4244],[137.51165,36.42357],[137.51229,36.42215],[137.51245,36.4174],[137.51391,36.41453],[137.51505,36.41393],[137.51501,36.41149],[137.51654,36.41072],[137.51986,36.40642],[137.52419,36.40536],[137.52549,36.4036],[137.53005,36.40329],[137.53134,36.40234],[137.53258,36.39911],[137.53597,36.39753],[137.53947,36.39402],[137.53994,36.3928],[137.53799,36.39166],[137.53569,36.38933],[137.53266,36.3877],[137.53149,36.38635],[137.52866,36.38568],[137.52327,36.382],[137.52175,36.38185],[137.52082,36.38122],[137.51631,36.38136],[137.51039,36.38312],[137.50588,36.38267],[137.50266,36.38312],[137.49771,36.38273],[137.49687,36.38122],[137.49421,36.37971],[137.49429,36.37834],[137.49123,36.37439],[137.48816,36.3729],[137.48763,36.37218],[137.48554,36.37214],[137.48415,36.37115],[137.48138,36.37133],[137.47993,36.372],[137.47809,36.37154],[137.47586,36.37278],[137.47601,36.37403],[137.47534,36.37475],[137.47302,36.37592],[137.46949,36.37421],[137.45427,36.37128],[137.45236,36.37186],[137.45041,36.37153],[137.44861,36.37075],[137.44365,36.3671],[137.44301,36.37082],[137.43683,36.37263],[137.43556,36.37202],[137.4345,36.37256],[137.43331,36.37212],[137.43178,36.37332],[137.4292,36.37252],[137.42797,36.37049],[137.42206,36.37034],[137.42023,36.3668],[137.41953,36.36331],[137.41778,36.36182],[137.41484,36.36097],[137.41314,36.3592],[137.41478,36.35861],[137.41541,36.3559],[137.41746,36.3536],[137.41825,36.35108],[137.4137,36.34933],[137.40935,36.34629],[137.40685,36.34577],[137.40426,36.34409],[137.40093,36.34377],[137.4004,36.34288],[137.39685,36.34391],[137.39492,36.34241],[137.39351,36.34224],[137.39246,36.34353],[137.38947,36.34407],[137.38704,36.34316],[137.38627,36.34364],[137.38361,36.34382],[137.383,36.34468],[137.38194,36.34416],[137.38052,36.34443],[137.37937,36.34409],[137.37797,36.34501],[137.3773,36.3446],[137.37626,36.3448],[137.37461,36.34642],[137.37298,36.34659],[137.37214,36.34723],[137.37182,36.34858],[137.3702,36.34891],[137.36955,36.3499],[137.36722,36.34993],[137.36498,36.35092],[137.36374,36.35095],[137.36227,36.35031],[137.36166,36.34855],[137.35894,36.34632],[137.35849,36.34529],[137.35882,36.34291],[137.36095,36.34131],[137.36134,36.33954],[137.36047,36.33776],[137.3614,36.33623],[137.36335,36.33444],[137.36311,36.33335],[137.36233,36.33277],[137.36273,36.33208],[137.36212,36.33064],[137.36004,36.32883],[137.36395,36.32658],[137.3666,36.32394],[137.36981,36.31908],[137.36751,36.31586],[137.36627,36.31532],[137.36555,36.31232],[137.36967,36.31035],[137.37011,36.30865],[137.37129,36.30707],[137.36823,36.30423],[137.36613,36.3032],[137.36504,36.30317],[137.36592,36.30034],[137.36364,36.29641],[137.35545,36.2966],[137.35191,36.29713],[137.34596,36.29975],[137.33993,36.30094],[137.33559,36.29969],[137.33564,36.29802],[137.33451,36.29571],[137.33074,36.29346],[137.33019,36.29077],[137.32909,36.28912],[137.32989,36.28762],[137.3298,36.28678],[137.32772,36.28647],[137.3248,36.28722],[137.32133,36.28685],[137.31633,36.28904],[137.31462,36.28813],[137.31215,36.28882],[137.30657,36.2865],[137.30366,36.28658],[137.30267,36.28616],[137.30026,36.28674],[137.29593,36.28644],[137.29462,36.28728],[137.29111,36.28788],[137.29019,36.28694],[137.28834,36.28746],[137.2853,36.2875],[137.28468,36.28742],[137.28442,36.28666],[137.28353,36.28652],[137.27579,36.28621],[137.27437,36.28199],[137.27292,36.28121],[137.27058,36.27816],[137.26929,36.27751],[137.26862,36.27435],[137.26765,36.27284],[137.2658,36.27167],[137.26559,36.27087],[137.26436,36.27037],[137.26462,36.26934],[137.26352,36.26838],[137.26199,36.26775],[137.26087,36.26843],[137.25956,36.26834],[137.25905,36.26726],[137.25678,36.26558],[137.25449,36.26524],[137.25307,36.26584],[137.25151,36.26417],[137.24923,36.2631],[137.24685,36.26279],[137.24541,36.26124],[137.24231,36.25999],[137.24185,36.25672],[137.2404,36.25675],[137.23926,36.25515],[137.23785,36.25585],[137.23553,36.25611],[137.22887,36.2548],[137.22473,36.25607],[137.22268,36.25579],[137.22148,36.25655],[137.21978,36.25633],[137.21974,36.25531],[137.21888,36.25408],[137.21659,36.2534],[137.21552,36.25178],[137.21343,36.25157],[137.21291,36.24991],[137.21425,36.24914],[137.21586,36.2457],[137.21488,36.24512],[137.21271,36.24178],[137.21036,36.24112],[137.20887,36.24152],[137.20703,36.24116],[137.20588,36.23863],[137.20366,36.23727],[137.20102,36.23657],[137.19854,36.23491],[137.1966,36.2329],[137.19737,36.23239],[137.19597,36.23064],[137.20076,36.22664],[137.20286,36.22416],[137.20497,36.22327],[137.20524,36.22258],[137.20467,36.22112],[137.20389,36.22152],[137.20373,36.22216],[137.20182,36.22032],[137.2026,36.21981],[137.2022,36.21942],[137.20352,36.21911],[137.20571,36.21714],[137.20669,36.21442],[137.20643,36.21415],[137.20723,36.21309],[137.20636,36.21268],[137.20354,36.21494],[137.20037,36.21652],[137.19245,36.21865],[137.18839,36.22212],[137.18413,36.21898],[137.18369,36.21754],[137.18051,36.21378],[137.17798,36.21275],[137.17715,36.21172],[137.17355,36.21146],[137.17289,36.21239],[137.17315,36.21353],[137.17279,36.21396],[137.16905,36.21339],[137.16762,36.21488],[137.16655,36.21486],[137.16594,36.2135],[137.16338,36.21442],[137.16191,36.21413],[137.16087,36.21462],[137.15961,36.21426],[137.15845,36.21189],[137.15765,36.21163],[137.15688,36.21033],[137.15804,36.20944],[137.15752,36.20701],[137.15884,36.20473],[137.15586,36.20209],[137.15532,36.20107],[137.15116,36.19989],[137.14991,36.20063],[137.14259,36.20076],[137.14132,36.20163],[137.14057,36.19831],[137.13837,36.19651],[137.13795,36.19234],[137.13516,36.19136],[137.13468,36.1906],[137.13225,36.18969],[137.13162,36.18857],[137.13076,36.1887],[137.12676,36.18572],[137.1218,36.18327],[137.11823,36.18381],[137.11655,36.18511],[137.11632,36.1862],[137.11522,36.18757],[137.11503,36.18942],[137.11344,36.18989],[137.11353,36.19442],[137.11283,36.19542],[137.11063,36.19601],[137.10978,36.1967],[137.10907,36.19855],[137.10932,36.20003],[137.10767,36.20231],[137.10589,36.20381],[137.10623,36.20495],[137.10551,36.20655],[137.10611,36.20838],[137.10752,36.20911],[137.10775,36.20991],[137.10688,36.211],[137.10725,36.21259],[137.10635,36.21316],[137.10696,36.21423],[137.1067,36.21686],[137.10615,36.21758],[137.10191,36.21951],[137.09917,36.21972],[137.0971,36.21836],[137.09211,36.21834],[137.09045,36.21736],[137.09063,36.21645],[137.09017,36.21607],[137.08797,36.21721],[137.08551,36.21616]]]}},{"type":"Feature","properties":{"id":"muni-21218","name":"本巣市"},"geometry":{"type":"Polygon","coordinates":[[[136.58603,35.78437],[136.58532,35.78675],[136.58459,35.7873],[136.58516,35.78968],[136.58595,35.79151],[136.58951,35.79571],[136.59218,35.79495],[136.59498,35.79528],[136.59894,35.7985],[136.59961,35.7986],[136.60237,35.79651],[136.60345,35.79623],[136.60306,35.79539],[136.60348,35.7944],[136.60487,35.79402],[136.60693,35.79218],[136.60953,35.79242],[136.60956,35.78988],[136.61145,35.78871],[136.61362,35.78862],[136.61529,35.78934],[136.61718,35.78834],[136.62106,35.78812],[136.62264,35.78737],[136.6266,35.78962],[136.62769,35.79103],[136.62674,35.79201],[136.62716,35.79327],[136.62613,35.79514],[136.62656,35.79686],[136.62829,35.79595],[136.63222,35.79564],[136.63802,35.79726],[136.64076,35.80355],[136.64246,35.80542],[136.64364,35.80567],[136.64443,35.8067],[136.64521,35.80681],[136.64892,35.8036],[136.64992,35.80134],[136.6513,35.79947],[136.65259,35.79858],[136.65303,35.79701],[136.65236,35.79434],[136.65319,35.79276],[136.6526,35.79096],[136.65403,35.78866],[136.65378,35.78715],[136.65437,35.78573],[136.65548,35.78555],[136.65593,35.78471],[136.6576,35.78363],[136.65982,35.78335],[136.66388,35.78521],[136.66613,35.78519],[136.66807,35.78173],[136.66791,35.78067],[136.66914,35.77939],[136.66946,35.7779],[136.66915,35.7766],[136.66974,35.7757],[136.67088,35.77518],[136.672,35.77563],[136.673,35.77535],[136.67532,35.77387],[136.67733,35.77339],[136.6795,35.77097],[136.68114,35.77031],[136.68271,35.77051],[136.68258,35.76945],[136.68348,35.7676],[136.68382,35.76415],[136.68576,35.76155],[136.6857,35.75962],[136.68658,35.75838],[136.68944,35.75674],[136.69008,35.75456],[136.69191,35.75304],[136.68985,35.75013],[136.68759,35.74991],[136.68625,35.74874],[136.68409,35.7484],[136.68459,35.74523],[136.68339,35.74422],[136.68194,35.74393],[136.68173,35.74231],[136.68237,35.74155],[136.68133,35.74053],[136.68069,35.73767],[136.68122,35.73584],[136.68083,35.73477],[136.68483,35.73279],[136.68637,35.73147],[136.68696,35.72963],[136.68681,35.72759],[136.68539,35.72711],[136.68361,35.72547],[136.68376,35.72475],[136.685,35.72379],[136.68527,35.72236],[136.69281,35.72068],[136.69433,35.71791],[136.69571,35.71705],[136.69631,35.71454],[136.69697,35.71389],[136.69513,35.71148],[136.69551,35.71006],[136.69355,35.70872],[136.69338,35.70705],[136.6935,35.70485],[136.69535,35.7028],[136.69505,35.70162],[136.69558,35.70049],[136.69483,35.69636],[136.69356,35.69457],[136.69413,35.69382],[136.6947,35.68942],[136.69257,35.68719],[136.69216,35.68595],[136.69147,35.68545],[136.69128,35.68403],[136.69007,35.68369],[136.68978,35.68296],[136.68978,35.68155],[136.691,35.67883],[136.69071,35.67815],[136.69206,35.67665],[136.69292,35.67108],[136.6935,35.67006],[136.69187,35.66955],[136.69106,35.66861],[136.69112,35.66783],[136.69007,35.66606],[136.68922,35.66144],[136.68854,35.66037],[136.687,35.6601],[136.68476,35.65883],[136.68213,35.6585],[136.67449,35.65486],[136.67508,35.65217],[136.67639,35.6503],[136.67654,35.64864],[136.67746,35.64669],[136.67632,35.64234],[136.67544,35.64082],[136.67679,35.63779],[136.67594,35.63636],[136.67365,35.6349],[136.67269,35.63174],[136.66933,35.63097],[136.66805,35.62912],[136.66658,35.62839],[136.66512,35.62628],[136.66558,35.62477],[136.66826,35.62207],[136.668,35.61989],[136.66877,35.61877],[136.66896,35.61745],[136.66858,35.61665],[136.66896,35.61599],[136.66883,35.61059],[136.66707,35.60804],[136.66672,35.60574],[136.66509,35.60443],[136.66484,35.60349],[136.66326,35.60249],[136.66468,35.59977],[136.66816,35.59718],[136.66914,35.59404],[136.66919,35.59055],[136.6688,35.58967],[136.67129,35.58923],[136.67233,35.58814],[136.67453,35.58723],[136.67507,35.58603],[136.6771,35.58431],[136.67792,35.58226],[136.67917,35.58146],[136.68013,35.57879],[136.6829,35.57736],[136.68335,35.57658],[136.68345,35.57548],[136.68237,35.57386],[136.68126,35.57066],[136.68486,35.56638],[136.68478,35.5652],[136.68391,35.5642],[136.684,35.56275],[136.68508,35.5608],[136.6848,35.55895],[136.68598,35.5573],[136.68633,35.55562],[136.68697,35.5552],[136.68757,35.55565],[136.68856,35.55543],[136.68907,35.5523],[136.69007,35.55041],[136.69096,35.55027],[136.69386,35.54807],[136.69584,35.54718],[136.69591,35.54441],[136.69672,35.54303],[136.69634,35.54189],[136.69472,35.5414],[136.69368,35.53822],[136.69117,35.53861],[136.69015,35.53824],[136.6886,35.53873],[136.68895,35.53724],[136.68614,35.53769],[136.68495,35.53741],[136.68353,35.53867],[136.68314,35.53663],[136.68265,35.53634],[136.68041,35.53758],[136.6784,35.53668],[136.67881,35.5352],[136.67965,35.5348],[136.68202,35.53185],[136.68524,35.532],[136.68846,35.53073],[136.68863,35.5282],[136.68976,35.52662],[136.68648,35.52423],[136.68746,35.52199],[136.68674,35.52008],[136.68374,35.51817],[136.68245,35.51656],[136.68287,35.51527],[136.68497,35.51466],[136.68616,35.51371],[136.68762,35.51363],[136.68839,35.51265],[136.6905,35.51253],[136.69279,35.51039],[136.69625,35.50994],[136.69511,35.50558],[136.69666,35.50525],[136.69649,35.50432],[136.69755,35.50379],[136.69784,35.50311],[136.69713,35.5031],[136.69691,35.50362],[136.69505,35.50329],[136.69499,35.50278],[136.69576,35.50213],[136.69551,35.50147],[136.69479,35.50152],[136.69517,35.50079],[136.69388,35.50081],[136.69405,35.50265],[136.69274,35.50136],[136.69155,35.50212],[136.69004,35.5015],[136.69117,35.50023],[136.6903,35.49986],[136.6911,35.49949],[136.69119,35.49879],[136.6922,35.49903],[136.69221,35.49851],[136.69401,35.49821],[136.69415,35.49655],[136.69472,35.49653],[136.69464,35.49333],[136.69414,35.4928],[136.69341,35.49303],[136.6941,35.49211],[136.69286,35.49273],[136.69215,35.49243],[136.69264,35.49203],[136.6923,35.4916],[136.69155,35.49164],[136.69266,35.49068],[136.69268,35.4901],[136.69418,35.49113],[136.69705,35.49113],[136.69704,35.4917],[136.69875,35.4917],[136.6988,35.48542],[136.69826,35.48286],[136.68579,35.48281],[136.68444,35.48082],[136.68449,35.47912],[136.68372,35.47806],[136.68313,35.47504],[136.68443,35.47525],[136.68462,35.47405],[136.68705,35.47086],[136.68893,35.46961],[136.69035,35.46784],[136.69294,35.46378],[136.69242,35.46322],[136.69829,35.46286],[136.69845,35.44716],[136.69754,35.44713],[136.69735,35.44769],[136.69606,35.44762],[136.69597,35.44913],[136.69212,35.44904],[136.69244,35.44709],[136.69304,35.44709],[136.69305,35.44644],[136.69229,35.44669],[136.69165,35.44218],[136.68364,35.44195],[136.6789,35.44013],[136.67676,35.44103],[136.67873,35.43675],[136.68118,35.43446],[136.67852,35.4339],[136.67879,35.43126],[136.68012,35.43096],[136.68038,35.43021],[136.68107,35.42994],[136.68101,35.42921],[136.68166,35.42838],[136.6814,35.42732],[136.68202,35.42684],[136.68251,35.42511],[136.68328,35.42512],[136.68329,35.42324],[136.68273,35.42324],[136.68284,35.42261],[136.68201,35.42213],[136.68182,35.42003],[136.67811,35.41783],[136.67634,35.41818],[136.67047,35.4179],[136.67076,35.42113],[136.66029,35.42094],[136.65479,35.42152],[136.65367,35.42106],[136.65326,35.42191],[136.65244,35.42194],[136.65284,35.42252],[136.65106,35.42408],[136.64728,35.4226],[136.64531,35.42274],[136.6436,35.4248],[136.64205,35.42567],[136.64211,35.4278],[136.64029,35.42871],[136.63228,35.42864],[136.63386,35.44155],[136.63468,35.44419],[136.6356,35.44546],[136.63544,35.44663],[136.63433,35.4475],[136.63578,35.44759],[136.64034,35.44943],[136.64271,35.45254],[136.64516,35.45828],[136.64745,35.46735],[136.65578,35.47948],[136.66006,35.49198],[136.65962,35.49464],[136.65635,35.50069],[136.65972,35.50589],[136.66028,35.50765],[136.65976,35.50938],[136.65834,35.51026],[136.6549,35.50962],[136.65281,35.51024],[136.652,35.51171],[136.65194,35.51434],[136.6508,35.51597],[136.64506,35.5174],[136.64313,35.5188],[136.64126,35.52123],[136.64135,35.5227],[136.64211,35.52399],[136.64722,35.52622],[136.64863,35.52741],[136.64955,35.5292],[136.64922,35.53188],[136.64578,35.53471],[136.64169,35.53625],[136.64032,35.53777],[136.63824,35.54212],[136.63658,35.54361],[136.63418,35.54487],[136.63452,35.54788],[136.6366,35.55023],[136.63958,35.55113],[136.64468,35.55097],[136.64642,35.55184],[136.64621,35.55282],[136.6434,35.5541],[136.64041,35.55773],[136.63839,35.56082],[136.63835,35.56229],[136.63656,35.56335],[136.63528,35.566],[136.63515,35.56689],[136.63639,35.5702],[136.63943,35.57282],[136.63977,35.57435],[136.63913,35.57482],[136.63366,35.5736],[136.62853,35.57099],[136.6262,35.57247],[136.62412,35.57305],[136.6219,35.57251],[136.61774,35.57262],[136.61706,35.5751],[136.61495,35.57703],[136.61299,35.57657],[136.61116,35.57676],[136.60699,35.57844],[136.60389,35.57824],[136.60276,35.57889],[136.60007,35.57905],[136.5983,35.57853],[136.59578,35.5786],[136.59503,35.5781],[136.59365,35.57839],[136.59198,35.57775],[136.58554,35.57735],[136.58439,35.57807],[136.58215,35.58188],[136.58122,35.58206],[136.57876,35.58019],[136.57703,35.5797],[136.57135,35.58059],[136.57096,35.5817],[136.56931,35.58269],[136.56925,35.58548],[136.56437,35.58638],[136.56274,35.58739],[136.56352,35.58991],[136.56299,35.59477],[136.56396,35.59672],[136.55992,35.60132],[136.56159,35.60359],[136.5614,35.60493],[136.56236,35.60797],[136.56214,35.60924],[136.5631,35.61156],[136.56112,35.61356],[136.56113,35.61554],[136.56001,35.61692],[136.55911,35.61963],[136.55799,35.62089],[136.55813,35.62189],[136.56007,35.62391],[136.55972,35.62833],[136.55682,35.62938],[136.55544,35.63043],[136.55435,35.63207],[136.55173,35.63398],[136.54695,35.63622],[136.54607,35.63962],[136.54087,35.64161],[136.53611,35.64469],[136.53658,35.64547],[136.5365,35.64701],[136.53731,35.64796],[136.53765,35.65039],[136.53724,35.65154],[136.53203,35.65392],[136.53157,35.65533],[136.52906,35.65758],[136.52903,35.65817],[136.52804,35.65875],[136.5273,35.66003],[136.52342,35.66166],[136.52062,35.66397],[136.51978,35.66631],[136.51789,35.66868],[136.51812,35.67027],[136.51499,35.67372],[136.51551,35.67628],[136.52041,35.6798],[136.52137,35.68134],[136.52146,35.68295],[136.52246,35.68546],[136.5237,35.68569],[136.52527,35.68723],[136.5259,35.68703],[136.52807,35.68826],[136.53144,35.68832],[136.53561,35.68956],[136.53659,35.69062],[136.53653,35.69143],[136.53779,35.69442],[136.53658,35.69522],[136.53705,35.69697],[136.53683,35.69856],[136.53474,35.69964],[136.53349,35.70126],[136.53167,35.70206],[136.53095,35.70293],[136.53221,35.70431],[136.53165,35.70506],[136.53119,35.70863],[136.53008,35.71105],[136.53053,35.71315],[136.52879,35.71526],[136.52924,35.71716],[136.53116,35.71978],[136.5326,35.72084],[136.53197,35.72208],[136.53402,35.72368],[136.53307,35.72584],[136.53469,35.72764],[136.53446,35.73014],[136.53536,35.73201],[136.53435,35.73502],[136.53342,35.73557],[136.5331,35.73704],[136.53219,35.73721],[136.53264,35.73911],[136.53215,35.74099],[136.53125,35.74195],[136.53132,35.74507],[136.5298,35.74927],[136.52986,35.75076],[136.52581,35.75237],[136.52183,35.75315],[136.52081,35.7547],[136.51826,35.75685],[136.51782,35.75877],[136.5164,35.76031],[136.51642,35.76122],[136.5138,35.76244],[136.51315,35.76321],[136.51382,35.76653],[136.51306,35.76755],[136.51343,35.76884],[136.51295,35.77017],[136.51189,35.77158],[136.5121,35.77224],[136.51283,35.77255],[136.51326,35.77532],[136.5185,35.77922],[136.52,35.78169],[136.5199,35.78301],[136.52126,35.78415],[136.5226,35.7863],[136.52274,35.78838],[136.52548,35.78798],[136.52623,35.78715],[136.52872,35.78637],[136.52975,35.78576],[136.53073,35.78401],[136.53305,35.78366],[136.53326,35.7831],[136.53493,35.78247],[136.53638,35.78093],[136.53966,35.78084],[136.54544,35.77873],[136.54766,35.77917],[136.54818,35.78025],[136.55069,35.78117],[136.55348,35.78072],[136.55583,35.78099],[136.55932,35.77926],[136.56016,35.77944],[136.56166,35.77864],[136.56559,35.77974],[136.56729,35.77943],[136.56879,35.77757],[136.57065,35.77745],[136.57277,35.77839],[136.57544,35.78096],[136.57729,35.78167],[136.57987,35.78145],[136.58235,35.78327],[136.58458,35.78357],[136.58603,35.78437]]]}},{"type":"Feature","properties":{"id":"muni-21219","name":"郡上市"},"geometry":{"type":"Polygon","coordinates":[[[136.96533,35.6163],[136.96102,35.61638],[136.95772,35.61468],[136.95289,35.61509],[136.95065,35.61382],[136.95008,35.61115],[136.94367,35.60434],[136.94415,35.60263],[136.94276,35.59955],[136.94337,35.59893],[136.94264,35.59824],[136.93863,35.59903],[136.93452,35.59874],[136.93169,35.60005],[136.93059,35.60155],[136.92526,35.60118],[136.9235,35.60246],[136.9224,35.60662],[136.92149,35.60707],[136.91982,35.60956],[136.91781,35.61061],[136.91708,35.61191],[136.9155,35.6132],[136.91465,35.61512],[136.91402,35.61977],[136.91238,35.62175],[136.91215,35.62295],[136.90999,35.62426],[136.90802,35.62469],[136.90516,35.62711],[136.90335,35.62766],[136.90389,35.63035],[136.90267,35.63244],[136.90291,35.63356],[136.9015,35.63748],[136.8996,35.63883],[136.89899,35.63984],[136.89896,35.64228],[136.8979,35.64353],[136.89817,35.64526],[136.89457,35.64667],[136.89302,35.64793],[136.89048,35.64823],[136.88924,35.65121],[136.88647,35.65025],[136.88546,35.65033],[136.8845,35.65145],[136.88017,35.65244],[136.87824,35.65348],[136.87305,35.65871],[136.87338,35.66042],[136.87307,35.66285],[136.8715,35.66424],[136.87113,35.66514],[136.86744,35.66612],[136.86562,35.666],[136.86055,35.66971],[136.85927,35.67176],[136.85957,35.67376],[136.85844,35.67597],[136.8581,35.67799],[136.85716,35.67897],[136.857,35.68002],[136.85521,35.68097],[136.85517,35.68388],[136.85336,35.68564],[136.85314,35.68656],[136.85209,35.68768],[136.84769,35.68873],[136.84574,35.69167],[136.84362,35.69625],[136.84108,35.69693],[136.83982,35.69911],[136.83942,35.70092],[136.84014,35.70256],[136.83947,35.70393],[136.84009,35.70686],[136.84384,35.7104],[136.84572,35.71034],[136.84863,35.71178],[136.84814,35.71293],[136.84873,35.7154],[136.84983,35.71722],[136.84978,35.71927],[136.8532,35.72416],[136.85214,35.72954],[136.85341,35.73278],[136.85322,35.73556],[136.85384,35.73824],[136.85272,35.7411],[136.85332,35.74252],[136.85301,35.74406],[136.85461,35.74612],[136.85397,35.74717],[136.85179,35.74861],[136.84996,35.74765],[136.84805,35.74916],[136.84594,35.74916],[136.84498,35.75078],[136.84369,35.75146],[136.84024,35.75213],[136.83792,35.75014],[136.83672,35.75168],[136.83469,35.75247],[136.83484,35.75292],[136.83322,35.75466],[136.83425,35.75713],[136.83413,35.75899],[136.83526,35.76265],[136.83643,35.76322],[136.83638,35.76503],[136.83544,35.76556],[136.83705,35.76665],[136.83851,35.76624],[136.84107,35.76638],[136.84286,35.7672],[136.84347,35.76806],[136.84289,35.7692],[136.84202,35.76953],[136.84256,35.77067],[136.84235,35.77227],[136.84187,35.77271],[136.8419,35.77367],[136.8399,35.77572],[136.83998,35.77683],[136.8376,35.77728],[136.83436,35.77683],[136.8325,35.77721],[136.82818,35.7758],[136.82703,35.77591],[136.82623,35.77629],[136.82516,35.77799],[136.82349,35.77832],[136.82227,35.77793],[136.82104,35.77896],[136.81832,35.77974],[136.81704,35.78081],[136.81518,35.77993],[136.81221,35.78009],[136.81195,35.78279],[136.8113,35.78335],[136.81091,35.7851],[136.80708,35.78499],[136.80543,35.78271],[136.80101,35.78178],[136.79976,35.78218],[136.79947,35.78331],[136.79811,35.78502],[136.79484,35.78479],[136.79427,35.78573],[136.79281,35.78664],[136.79391,35.78791],[136.79322,35.79196],[136.79218,35.79325],[136.79313,35.79547],[136.79233,35.79646],[136.79218,35.79803],[136.79111,35.7983],[136.78956,35.79959],[136.79019,35.80135],[136.79001,35.80216],[136.79245,35.80574],[136.79273,35.80696],[136.79382,35.80703],[136.79593,35.80899],[136.79538,35.81111],[136.7967,35.81363],[136.79706,35.81594],[136.79856,35.81789],[136.79787,35.81848],[136.79777,35.8197],[136.79842,35.82108],[136.79794,35.82401],[136.79853,35.82524],[136.7971,35.82817],[136.79855,35.82923],[136.79952,35.83133],[136.79915,35.83298],[136.79972,35.83474],[136.79972,35.83709],[136.80132,35.83959],[136.80203,35.84393],[136.80447,35.84355],[136.80601,35.84277],[136.80745,35.84326],[136.80941,35.84253],[136.81072,35.84304],[136.81164,35.84244],[136.81291,35.84286],[136.81544,35.8426],[136.81648,35.84288],[136.81812,35.84433],[136.82078,35.84384],[136.82535,35.84542],[136.82667,35.84627],[136.82728,35.84814],[136.82873,35.8489],[136.83023,35.85079],[136.83031,35.85162],[136.8312,35.8521],[136.83107,35.85363],[136.8319,35.85426],[136.83145,35.85587],[136.83252,35.85732],[136.8316,35.85896],[136.83225,35.85972],[136.8321,35.86075],[136.83018,35.86335],[136.82995,35.86611],[136.82785,35.86916],[136.82573,35.87016],[136.8256,35.8717],[136.82637,35.87256],[136.82601,35.87438],[136.82412,35.87511],[136.82282,35.87794],[136.82017,35.87931],[136.81887,35.88159],[136.8206,35.8825],[136.82275,35.88587],[136.82257,35.89043],[136.82376,35.89285],[136.82271,35.89383],[136.82228,35.89617],[136.82098,35.89785],[136.82123,35.89868],[136.81949,35.89985],[136.81906,35.9011],[136.81664,35.90162],[136.81586,35.9027],[136.81569,35.90389],[136.8165,35.90496],[136.81655,35.90589],[136.8158,35.90627],[136.81589,35.90676],[136.81446,35.90734],[136.81474,35.90863],[136.81439,35.91015],[136.8124,35.9116],[136.81178,35.91274],[136.80832,35.91316],[136.80742,35.9127],[136.80622,35.91284],[136.80403,35.91547],[136.80287,35.91546],[136.80115,35.9177],[136.79911,35.91838],[136.79971,35.92056],[136.79699,35.92082],[136.79609,35.92135],[136.79479,35.9211],[136.79384,35.92201],[136.79283,35.92084],[136.79057,35.92074],[136.78806,35.922],[136.78657,35.92217],[136.78523,35.92336],[136.78406,35.92557],[136.78382,35.92759],[136.78608,35.93051],[136.78594,35.93138],[136.7869,35.93354],[136.78777,35.93407],[136.78781,35.93494],[136.79009,35.93763],[136.79233,35.93904],[136.79288,35.94048],[136.79357,35.94087],[136.79366,35.94301],[136.79319,35.94399],[136.79351,35.94583],[136.79135,35.94679],[136.78909,35.94868],[136.78664,35.94916],[136.78481,35.94853],[136.78062,35.95052],[136.77868,35.95057],[136.77712,35.94969],[136.76996,35.95058],[136.7692,35.9509],[136.76924,35.9518],[136.76802,35.95194],[136.76667,35.95279],[136.76416,35.95322],[136.75796,35.95559],[136.75553,35.95558],[136.75227,35.95694],[136.7497,35.95985],[136.74891,35.96336],[136.75053,35.96681],[136.75348,35.96832],[136.75236,35.97314],[136.7533,35.97859],[136.752,35.98202],[136.75279,35.98332],[136.75149,35.98728],[136.75229,35.98858],[136.75106,35.99028],[136.74983,35.99084],[136.74836,35.99046],[136.7467,35.99134],[136.74275,35.99167],[136.73719,35.99336],[136.73484,35.9933],[136.73362,35.99395],[136.72889,35.99481],[136.72664,35.99586],[136.72836,35.99746],[136.7291,36.0],[136.72915,36.00561],[136.72844,36.00759],[136.72915,36.00837],[136.72909,36.00954],[136.73111,36.01224],[136.73248,36.01305],[136.73101,36.01667],[136.73104,36.0177],[136.73395,36.02047],[136.73403,36.02213],[136.73309,36.02407],[136.73311,36.02729],[136.73448,36.02949],[136.73392,36.03074],[136.73492,36.03146],[136.73556,36.03303],[136.73508,36.03489],[136.73561,36.03575],[136.73523,36.03852],[136.7357,36.03905],[136.73592,36.0409],[136.73453,36.04235],[136.73578,36.0437],[136.73547,36.04772],[136.73311,36.04893],[136.73478,36.04963],[136.73599,36.05132],[136.73842,36.05323],[136.74013,36.05375],[136.74081,36.05496],[136.74017,36.05691],[136.74199,36.05696],[136.74242,36.0581],[136.74469,36.06033],[136.74625,36.06041],[136.74849,36.06177],[136.7499,36.06114],[136.75182,36.06175],[136.75499,36.06508],[136.75718,36.06538],[136.75865,36.06715],[136.76407,36.06753],[136.76492,36.06487],[136.76471,36.06264],[136.76697,36.06031],[136.76787,36.05741],[136.77192,36.05686],[136.77493,36.05368],[136.77605,36.05348],[136.77708,36.05243],[136.77866,36.05396],[136.78111,36.05441],[136.78361,36.05249],[136.7851,36.05297],[136.78743,36.05177],[136.78988,36.0515],[136.79258,36.05208],[136.79585,36.05083],[136.80178,36.04281],[136.80088,36.04153],[136.79864,36.04009],[136.79897,36.03799],[136.79845,36.03618],[136.79888,36.03378],[136.79699,36.03167],[136.79826,36.03113],[136.80302,36.03125],[136.80731,36.02739],[136.80782,36.0265],[136.80803,36.02389],[136.80957,36.02274],[136.81044,36.01858],[136.81217,36.01658],[136.81227,36.01469],[136.81532,36.01175],[136.81882,36.01064],[136.82108,36.01101],[136.82174,36.0102],[136.82321,36.00989],[136.82573,36.01118],[136.82942,36.01149],[136.83117,36.00939],[136.83316,36.008],[136.83474,36.00768],[136.83787,36.00145],[136.84436,36.00673],[136.84535,36.0084],[136.85392,36.00959],[136.85614,36.01039],[136.85814,36.01197],[136.86231,36.01309],[136.86397,36.01434],[136.86807,36.01462],[136.87096,36.0162],[136.8744,36.01567],[136.87552,36.01722],[136.87932,36.0183],[136.88191,36.01833],[136.88169,36.01965],[136.8823,36.02118],[136.88405,36.0217],[136.88666,36.02155],[136.88812,36.02267],[136.89052,36.02341],[136.89176,36.02454],[136.89208,36.02681],[136.89328,36.02689],[136.89451,36.02777],[136.89541,36.02744],[136.89613,36.02777],[136.89747,36.02694],[136.8987,36.02704],[136.90004,36.02493],[136.90137,36.02471],[136.903,36.02356],[136.90245,36.02107],[136.90383,36.01857],[136.90532,36.01797],[136.90657,36.01804],[136.90817,36.01648],[136.90692,36.0146],[136.90665,36.01309],[136.90745,36.01343],[136.90923,36.01293],[136.91156,36.01388],[136.91718,36.01167],[136.92473,36.01175],[136.92981,36.0112],[136.93065,36.00919],[136.93053,36.00589],[136.93072,36.0046],[136.93117,36.00456],[136.9314,35.99927],[136.9329,35.9966],[136.934,35.9967],[136.93462,35.99576],[136.93561,35.99253],[136.94126,35.99318],[136.94221,35.99143],[136.94209,35.9902],[136.94497,35.9882],[136.94864,35.98472],[136.95148,35.98472],[136.95367,35.98372],[136.95443,35.98068],[136.95597,35.97969],[136.95648,35.97865],[136.95785,35.97814],[136.9593,35.97882],[136.96044,35.97625],[136.96055,35.97313],[136.961,35.97255],[136.96024,35.97143],[136.96242,35.96941],[136.9648,35.96815],[136.96525,35.96632],[136.96478,35.96417],[136.96536,35.96327],[136.96537,35.96198],[136.96601,35.9609],[136.96719,35.96044],[136.96751,35.95914],[136.96965,35.95821],[136.97026,35.95714],[136.97149,35.95689],[136.97105,35.95468],[136.9718,35.95297],[136.97074,35.95076],[136.96949,35.95034],[136.96849,35.94874],[136.97007,35.94439],[136.9708,35.94358],[136.97083,35.9423],[136.97235,35.938],[136.97234,35.93608],[136.97155,35.93358],[136.97242,35.93256],[136.97331,35.92983],[136.97285,35.92634],[136.97192,35.92548],[136.97172,35.92458],[136.97497,35.92248],[136.9774,35.91913],[136.98113,35.91933],[136.9825,35.91767],[136.98397,35.91752],[136.98443,35.91906],[136.98762,35.92138],[136.98748,35.922],[136.98812,35.92285],[136.98887,35.92585],[136.98987,35.92609],[136.99207,35.92821],[136.99341,35.92787],[136.99516,35.9287],[136.9974,35.92904],[136.99826,35.92872],[136.99942,35.93076],[136.99886,35.93301],[136.99769,35.93428],[136.99733,35.93596],[136.99772,35.93903],[136.99976,35.9404],[137.00227,35.94357],[137.00336,35.94389],[137.00604,35.94878],[137.0072,35.94975],[137.0075,35.95164],[137.0135,35.95136],[137.01675,35.95267],[137.01703,35.95489],[137.01846,35.95699],[137.01918,35.95943],[137.02124,35.96033],[137.02398,35.96068],[137.02827,35.95783],[137.02945,35.95802],[137.03429,35.95632],[137.0366,35.95687],[137.0381,35.95539],[137.03808,35.95426],[137.03878,35.95379],[137.04095,35.95467],[137.04235,35.95421],[137.04349,35.95459],[137.04383,35.95565],[137.04701,35.95754],[137.04745,35.95907],[137.0486,35.96039],[137.04978,35.96029],[137.05165,35.95924],[137.05288,35.95776],[137.05398,35.95789],[137.05419,35.95697],[137.05484,35.957],[137.05506,35.9539],[137.05617,35.95294],[137.05622,35.95097],[137.05756,35.95006],[137.05804,35.94808],[137.06024,35.94662],[137.06032,35.94543],[137.06174,35.94548],[137.06274,35.94492],[137.06295,35.94423],[137.0625,35.94324],[137.06309,35.94282],[137.06482,35.94321],[137.06597,35.94262],[137.06601,35.94203],[137.06711,35.94258],[137.06718,35.94065],[137.06834,35.94035],[137.06906,35.9392],[137.06848,35.93748],[137.0672,35.93669],[137.06746,35.93513],[137.06686,35.93447],[137.06532,35.93408],[137.06516,35.93302],[137.06583,35.93148],[137.06672,35.93133],[137.06711,35.93067],[137.06652,35.92867],[137.06897,35.92625],[137.06799,35.92368],[137.06869,35.92215],[137.06824,35.92117],[137.06855,35.92027],[137.07007,35.91953],[137.06943,35.91745],[137.07125,35.91549],[137.07168,35.91375],[137.0731,35.91279],[137.07507,35.9118],[137.07666,35.91327],[137.07857,35.91275],[137.08098,35.9095],[137.08398,35.90776],[137.08427,35.9069],[137.08322,35.9044],[137.08464,35.90035],[137.0841,35.89842],[137.08445,35.89773],[137.08574,35.89779],[137.08755,35.89894],[137.08848,35.89844],[137.09018,35.89843],[137.09179,35.90019],[137.09278,35.90411],[137.09215,35.90472],[137.09211,35.90571],[137.0931,35.90605],[137.09358,35.90923],[137.09259,35.91142],[137.09305,35.91338],[137.09197,35.91489],[137.09043,35.91587],[137.0899,35.91809],[137.09097,35.91961],[137.09065,35.92111],[137.09228,35.92183],[137.0933,35.92355],[137.09263,35.92587],[137.09384,35.92723],[137.09375,35.92835],[137.09504,35.92906],[137.09752,35.92843],[137.09865,35.92751],[137.10028,35.92742],[137.1008,35.92645],[137.10263,35.92561],[137.10226,35.92508],[137.1024,35.92265],[137.10323,35.92178],[137.10335,35.92093],[137.10569,35.91937],[137.10559,35.91865],[137.1073,35.91765],[137.10706,35.91609],[137.1077,35.91497],[137.10998,35.91412],[137.11193,35.91489],[137.11368,35.91416],[137.11615,35.91459],[137.11682,35.9139],[137.11686,35.91237],[137.11741,35.91197],[137.11728,35.91076],[137.11794,35.91018],[137.12011,35.91093],[137.12092,35.91055],[137.12157,35.91091],[137.12261,35.91006],[137.12346,35.90753],[137.12526,35.90656],[137.1259,35.90433],[137.12762,35.90253],[137.12835,35.89982],[137.12923,35.89877],[137.1315,35.89757],[137.13085,35.8963],[137.13152,35.89437],[137.13328,35.89363],[137.13489,35.89039],[137.13619,35.8891],[137.13557,35.8858],[137.13617,35.8846],[137.13788,35.8841],[137.14037,35.88255],[137.14155,35.88312],[137.14482,35.88221],[137.14701,35.8826],[137.14748,35.88115],[137.14727,35.87766],[137.14826,35.87733],[137.15085,35.87453],[137.15469,35.86926],[137.15724,35.86917],[137.15784,35.86755],[137.1602,35.86538],[137.16208,35.8623],[137.16387,35.86229],[137.16411,35.86137],[137.16551,35.86005],[137.16586,35.85473],[137.16631,35.85299],[137.16743,35.85175],[137.16479,35.84708],[137.16244,35.84645],[137.16001,35.84652],[137.15554,35.8452],[137.15356,35.84587],[137.15119,35.84764],[137.14932,35.84792],[137.14882,35.8489],[137.14774,35.84961],[137.14322,35.85138],[137.1394,35.85001],[137.13656,35.8502],[137.13472,35.8498],[137.13103,35.84659],[137.12942,35.84608],[137.12733,35.83924],[137.12396,35.83768],[137.12279,35.83639],[137.12233,35.83469],[137.12274,35.83353],[137.12489,35.83129],[137.12466,35.82973],[137.12347,35.82835],[137.12389,35.82706],[137.12492,35.82551],[137.12565,35.82273],[137.12877,35.8195],[137.12652,35.81616],[137.12649,35.81491],[137.12777,35.81322],[137.12727,35.81158],[137.12797,35.80976],[137.12871,35.8091],[137.12864,35.80832],[137.12937,35.80773],[137.12909,35.80641],[137.13037,35.80423],[137.13026,35.80374],[137.12915,35.80355],[137.12826,35.80206],[137.12904,35.80035],[137.12837,35.7997],[137.1288,35.79906],[137.12835,35.79829],[137.12922,35.79725],[137.1288,35.79591],[137.12969,35.79353],[137.13039,35.79288],[137.12962,35.79063],[137.12883,35.79012],[137.1297,35.78897],[137.13111,35.78889],[137.13127,35.78789],[137.13253,35.78712],[137.13284,35.78641],[137.13245,35.78558],[137.13275,35.7847],[137.13115,35.78346],[137.1308,35.78231],[137.13016,35.78178],[137.12897,35.78177],[137.12811,35.77972],[137.12854,35.77919],[137.12837,35.77814],[137.12755,35.77675],[137.12928,35.77483],[137.12947,35.77343],[137.13009,35.77297],[137.13156,35.76918],[137.13001,35.76725],[137.13042,35.76598],[137.13182,35.76434],[137.13091,35.76097],[137.13114,35.76007],[137.12995,35.75935],[137.12986,35.75879],[137.13073,35.75768],[137.13078,35.75544],[137.1322,35.75281],[137.13242,35.75138],[137.13151,35.75058],[137.13115,35.74901],[137.13171,35.74709],[137.1314,35.74559],[137.13206,35.74114],[137.12936,35.73918],[137.12733,35.74068],[137.12295,35.74034],[137.12403,35.73605],[137.11829,35.73485],[137.11579,35.73539],[137.11158,35.73514],[137.11006,35.7325],[137.10821,35.73121],[137.1079,35.73049],[137.10681,35.73028],[137.10442,35.73087],[137.10059,35.72927],[137.09834,35.73025],[137.09746,35.72942],[137.09742,35.7276],[137.09681,35.72636],[137.09325,35.72635],[137.09202,35.72586],[137.09094,35.72668],[137.09,35.72623],[137.0885,35.72654],[137.08728,35.72588],[137.08521,35.72573],[137.08429,35.7262],[137.08298,35.72546],[137.08176,35.72577],[137.08034,35.72515],[137.07979,35.72414],[137.07731,35.72405],[137.07613,35.72271],[137.07384,35.72555],[137.07174,35.7229],[137.07062,35.72238],[137.06903,35.72007],[137.06922,35.71862],[137.07148,35.71639],[137.06863,35.71601],[137.06653,35.7131],[137.06721,35.71244],[137.06707,35.71165],[137.0676,35.71065],[137.06652,35.70885],[137.06705,35.70736],[137.06655,35.70367],[137.06768,35.70217],[137.06757,35.70155],[137.06445,35.70018],[137.06342,35.70015],[137.058,35.70213],[137.05687,35.70009],[137.05583,35.69973],[137.05523,35.69893],[137.05343,35.69877],[137.05163,35.69934],[137.05003,35.69857],[137.05166,35.69678],[137.05117,35.69423],[137.04991,35.69191],[137.05156,35.68773],[137.04985,35.68653],[137.05025,35.68547],[137.04902,35.68457],[137.04898,35.68286],[137.0482,35.68061],[137.04888,35.67842],[137.04871,35.6775],[137.04921,35.67684],[137.04879,35.67642],[137.04904,35.67469],[137.0481,35.67387],[137.04843,35.67282],[137.04949,35.67291],[137.05126,35.67156],[137.05179,35.66972],[137.05058,35.66818],[137.05179,35.66754],[137.05284,35.66526],[137.05442,35.66469],[137.05482,35.66373],[137.05372,35.66253],[137.05103,35.66098],[137.05083,35.65891],[137.04931,35.65752],[137.04935,35.65659],[137.04803,35.65342],[137.04949,35.65226],[137.049,35.65142],[137.04764,35.65029],[137.04482,35.6499],[137.04006,35.65064],[137.03886,35.64866],[137.03724,35.64713],[137.03675,35.6457],[137.0355,35.64511],[137.03503,35.64425],[137.02971,35.64214],[137.02874,35.64295],[137.02654,35.64346],[137.02392,35.64219],[137.02215,35.64385],[137.02154,35.64507],[137.01993,35.64558],[137.01956,35.6474],[137.01909,35.64778],[137.01924,35.6506],[137.01778,35.65188],[137.01612,35.65122],[137.01507,35.65143],[137.01239,35.65312],[137.00736,35.65179],[137.00477,35.65051],[137.00262,35.65063],[137.00049,35.64989],[136.99496,35.65145],[136.99209,35.65128],[136.99154,35.64833],[136.99079,35.64718],[136.99087,35.64573],[136.98937,35.64468],[136.98652,35.64389],[136.98494,35.64396],[136.98256,35.64257],[136.98019,35.64189],[136.97909,35.6396],[136.98035,35.63819],[136.98218,35.63747],[136.98302,35.63515],[136.98234,35.63226],[136.98383,35.63111],[136.9833,35.63025],[136.98485,35.62957],[136.98498,35.62878],[136.98592,35.62796],[136.98641,35.62613],[136.98533,35.62423],[136.98604,35.62333],[136.98571,35.62195],[136.98657,35.61893],[136.98587,35.61883],[136.98395,35.61659],[136.97876,35.61544],[136.9759,35.61737],[136.97323,35.61754],[136.96764,35.6158],[136.96624,35.61578],[136.96533,35.6163]]]}},{"type":"Feature","properties":{"id":"muni-21220","name":"下呂市"},"geometry":{"type":"Polygon","coordinates":[[[137.09678,35.66086],[137.09664,35.66224],[137.09736,35.66313],[137.09748,35.665],[137.09806,35.6661],[137.09764,35.66863],[137.09852,35.66931],[137.0983,35.67007],[137.09896,35.67055],[137.09853,35.67331],[137.09881,35.67413],[137.0984,35.67461],[137.09906,35.6752],[137.09924,35.67698],[137.10155,35.67901],[137.09884,35.6795],[137.09656,35.67894],[137.09251,35.67911],[137.0901,35.6766],[137.08822,35.67675],[137.08701,35.67812],[137.08474,35.67719],[137.08425,35.67755],[137.08227,35.67731],[137.08177,35.67841],[137.08254,35.68005],[137.08146,35.6804],[137.08084,35.68121],[137.08061,35.6828],[137.07918,35.68425],[137.07723,35.68527],[137.07501,35.68517],[137.07269,35.68438],[137.07202,35.68511],[137.06965,35.68491],[137.06779,35.68564],[137.06542,35.68515],[137.06555,35.68652],[137.06353,35.68741],[137.06068,35.69102],[137.05696,35.69083],[137.05602,35.69185],[137.05383,35.69202],[137.05324,35.69351],[137.05116,35.69421],[137.05166,35.69682],[137.05003,35.69857],[137.05163,35.69934],[137.05343,35.69877],[137.05523,35.69893],[137.05583,35.69973],[137.05687,35.70009],[137.058,35.70213],[137.06342,35.70015],[137.06445,35.70018],[137.06757,35.70155],[137.06768,35.70217],[137.06655,35.70367],[137.06705,35.70736],[137.06652,35.70885],[137.0676,35.71065],[137.06707,35.71165],[137.06721,35.71244],[137.06653,35.7131],[137.06863,35.71601],[137.07148,35.71639],[137.06922,35.71862],[137.06903,35.72007],[137.07062,35.72238],[137.07174,35.7229],[137.07384,35.72555],[137.07613,35.72271],[137.07731,35.72405],[137.07979,35.72414],[137.08034,35.72515],[137.08176,35.72577],[137.08298,35.72546],[137.08429,35.7262],[137.08521,35.72573],[137.08728,35.72588],[137.0885,35.72654],[137.09,35.72623],[137.09094,35.72668],[137.09202,35.72586],[137.09325,35.72635],[137.09681,35.72636],[137.09742,35.7276],[137.09746,35.72942],[137.09834,35.73025],[137.10059,35.72927],[137.10442,35.73087],[137.10681,35.73028],[137.1079,35.73049],[137.10821,35.73121],[137.11006,35.7325],[137.11158,35.73514],[137.11579,35.73539],[137.11829,35.73485],[137.12403,35.73605],[137.12295,35.74034],[137.12733,35.74068],[137.12936,35.73918],[137.13208,35.74118],[137.1314,35.74559],[137.13171,35.74709],[137.13115,35.74901],[137.13151,35.75058],[137.13242,35.75138],[137.1322,35.75281],[137.13078,35.75544],[137.13073,35.75768],[137.12986,35.75879],[137.12995,35.75935],[137.13114,35.76007],[137.13091,35.76097],[137.13182,35.76434],[137.13042,35.76598],[137.13001,35.76725],[137.13156,35.76918],[137.13009,35.77297],[137.12947,35.77343],[137.12928,35.77483],[137.12755,35.77675],[137.12837,35.77814],[137.12854,35.77919],[137.12811,35.77972],[137.12897,35.78177],[137.13016,35.78178],[137.1308,35.78231],[137.13115,35.78346],[137.13275,35.7847],[137.13245,35.78558],[137.13284,35.78641],[137.13253,35.78712],[137.13127,35.78789],[137.13111,35.78889],[137.1297,35.78897],[137.12883,35.79012],[137.12962,35.79063],[137.13039,35.79288],[137.12969,35.79353],[137.1288,35.79591],[137.12922,35.79725],[137.12835,35.79829],[137.1288,35.79906],[137.12837,35.7997],[137.12904,35.80035],[137.12826,35.80206],[137.12915,35.80355],[137.13026,35.80374],[137.13037,35.80423],[137.12909,35.80641],[137.12937,35.80773],[137.12864,35.80832],[137.12871,35.8091],[137.12797,35.80976],[137.12727,35.81158],[137.12777,35.81322],[137.12649,35.81491],[137.12652,35.81616],[137.12877,35.8195],[137.12565,35.82273],[137.12492,35.82551],[137.12389,35.82706],[137.12347,35.82835],[137.12466,35.82973],[137.12489,35.83129],[137.12272,35.83358],[137.12233,35.83469],[137.12279,35.83641],[137.12396,35.83768],[137.12733,35.83924],[137.12942,35.84608],[137.13103,35.84659],[137.13467,35.84978],[137.13656,35.8502],[137.1394,35.85001],[137.14322,35.85138],[137.14774,35.84961],[137.14882,35.8489],[137.14932,35.84792],[137.15119,35.84764],[137.15356,35.84587],[137.15558,35.8452],[137.16001,35.84652],[137.16244,35.84645],[137.16479,35.84708],[137.16742,35.85196],[137.16632,35.85297],[137.16586,35.85473],[137.16549,35.86009],[137.16411,35.86137],[137.16387,35.86229],[137.16208,35.8623],[137.1602,35.86538],[137.15784,35.86755],[137.15724,35.86917],[137.15469,35.86926],[137.15085,35.87453],[137.14826,35.87733],[137.14727,35.87766],[137.14708,35.8788],[137.14753,35.88012],[137.14706,35.88256],[137.14482,35.88221],[137.14155,35.88312],[137.14037,35.88255],[137.13615,35.88461],[137.13557,35.8858],[137.13619,35.8891],[137.13489,35.89039],[137.13328,35.89363],[137.13152,35.89437],[137.13085,35.8963],[137.1315,35.89757],[137.12923,35.89877],[137.12835,35.89982],[137.12762,35.90253],[137.1259,35.90433],[137.12526,35.90656],[137.12346,35.90753],[137.12256,35.91012],[137.12167,35.91089],[137.12092,35.91055],[137.12017,35.91094],[137.11794,35.91018],[137.11728,35.91076],[137.11741,35.91197],[137.11686,35.91237],[137.11682,35.9139],[137.11615,35.91459],[137.11368,35.91416],[137.11201,35.91489],[137.11006,35.91412],[137.1084,35.91447],[137.10707,35.91605],[137.10727,35.91769],[137.10559,35.91865],[137.10569,35.91937],[137.1033,35.92099],[137.10323,35.92178],[137.10237,35.92272],[137.1023,35.92519],[137.10478,35.92613],[137.10531,35.92707],[137.1067,35.927],[137.10694,35.92847],[137.10769,35.92914],[137.10848,35.92916],[137.10851,35.92987],[137.10983,35.93167],[137.11197,35.93119],[137.11252,35.9315],[137.11338,35.93421],[137.11391,35.93474],[137.11504,35.93485],[137.11547,35.93565],[137.11612,35.93955],[137.11735,35.93992],[137.11798,35.94187],[137.11893,35.94303],[137.11918,35.94502],[137.12087,35.946],[137.12141,35.94851],[137.12098,35.94953],[137.11974,35.95056],[137.11782,35.95008],[137.11293,35.95224],[137.11177,35.95378],[137.10626,35.9564],[137.1053,35.95871],[137.10658,35.95955],[137.10896,35.96598],[137.11124,35.96779],[137.11285,35.9702],[137.11538,35.97183],[137.11639,35.97303],[137.11726,35.97507],[137.11649,35.97606],[137.11669,35.9776],[137.11737,35.97862],[137.1181,35.97877],[137.11843,35.98041],[137.11995,35.98114],[137.11949,35.98284],[137.12041,35.9836],[137.12076,35.98574],[137.12181,35.98574],[137.12341,35.98757],[137.12575,35.9881],[137.1267,35.9902],[137.12641,35.99086],[137.12694,35.99237],[137.12847,35.99469],[137.13068,35.99644],[137.13342,35.99636],[137.13679,35.99779],[137.13798,35.99917],[137.13842,36.00094],[137.14067,36.00193],[137.14167,36.00124],[137.14321,36.00243],[137.14822,36.00436],[137.14797,36.00638],[137.15035,36.0092],[137.14996,36.01002],[137.15264,36.01222],[137.15318,36.01557],[137.15525,36.01619],[137.15884,36.02072],[137.16296,36.02225],[137.16388,36.02463],[137.16522,36.02492],[137.1668,36.02666],[137.16949,36.02818],[137.17013,36.02919],[137.172,36.02837],[137.1747,36.02861],[137.17723,36.03264],[137.17793,36.03295],[137.17868,36.03264],[137.18031,36.03492],[137.18481,36.03721],[137.18698,36.03732],[137.18882,36.03583],[137.19073,36.03617],[137.19201,36.03526],[137.19369,36.03675],[137.19499,36.0367],[137.19577,36.03736],[137.19696,36.03598],[137.19774,36.03232],[137.1978,36.02868],[137.19903,36.02775],[137.1999,36.02584],[137.20611,36.02578],[137.20767,36.02511],[137.21025,36.02593],[137.21031,36.02669],[137.21258,36.02654],[137.21299,36.02752],[137.21374,36.02786],[137.21479,36.02479],[137.21659,36.02305],[137.22183,36.02272],[137.22462,36.02362],[137.22881,36.02125],[137.23396,36.01973],[137.23426,36.01933],[137.23366,36.0183],[137.2346,36.01664],[137.23392,36.01458],[137.23436,36.01335],[137.23597,36.01229],[137.23712,36.01],[137.23908,36.00874],[137.23938,36.00745],[137.24105,36.00638],[137.24211,36.00361],[137.24517,36.00059],[137.24605,35.99763],[137.24781,35.99627],[137.24798,35.99546],[137.24983,35.99609],[137.25172,35.99527],[137.25199,35.99424],[137.25411,35.99365],[137.25464,35.99275],[137.25539,35.99264],[137.25748,35.99353],[137.25951,35.99295],[137.2592,35.99066],[137.26128,35.9874],[137.26601,35.98977],[137.26844,35.99009],[137.2709,35.98874],[137.27467,35.98835],[137.27557,35.98764],[137.27725,35.98741],[137.27911,35.98576],[137.28064,35.98751],[137.2817,35.98793],[137.28199,35.98926],[137.28354,35.98984],[137.28466,35.98907],[137.28573,35.98906],[137.28634,35.98803],[137.2881,35.98773],[137.28832,35.9873],[137.28762,35.98648],[137.28836,35.98561],[137.29142,35.98551],[137.29229,35.98632],[137.29415,35.9863],[137.29605,35.98716],[137.29798,35.98733],[137.29902,35.98821],[137.30168,35.98922],[137.30601,35.98916],[137.30852,35.9917],[137.31342,35.99364],[137.31583,35.99311],[137.31886,35.99398],[137.32023,35.99358],[137.32151,35.99404],[137.32409,35.99385],[137.32546,35.99468],[137.32775,35.99437],[137.3294,35.99545],[137.33062,35.99955],[137.33505,36.00025],[137.33625,36.00084],[137.33792,36.00082],[137.33936,36.00218],[137.33995,36.00166],[137.34047,36.00206],[137.34337,36.00175],[137.34487,36.00224],[137.34592,36.00067],[137.34611,35.99877],[137.34527,35.99659],[137.34426,35.99594],[137.34314,35.99399],[137.34336,35.99267],[137.34235,35.99144],[137.3422,35.98996],[137.34344,35.98946],[137.34462,35.9901],[137.34665,35.98983],[137.34929,35.98863],[137.35087,35.98437],[137.35273,35.98362],[137.3523,35.98191],[137.35484,35.97781],[137.35594,35.97699],[137.35588,35.97619],[137.35956,35.97418],[137.36289,35.97366],[137.36398,35.97215],[137.3672,35.97124],[137.37039,35.96877],[137.37001,35.96785],[137.37068,35.96701],[137.37058,35.96577],[137.36882,35.96435],[137.36771,35.96247],[137.36892,35.96124],[137.3687,35.9594],[137.37005,35.95813],[137.36614,35.95554],[137.3658,35.95324],[137.36454,35.95106],[137.36758,35.94734],[137.36772,35.9453],[137.36944,35.94552],[137.3717,35.94654],[137.37529,35.94667],[137.37855,35.94831],[137.38022,35.94835],[137.38173,35.95005],[137.38515,35.95102],[137.3854,35.9532],[137.38729,35.9547],[137.38965,35.95496],[137.39259,35.9588],[137.39498,35.96025],[137.39674,35.9603],[137.4002,35.96186],[137.39999,35.96541],[137.40178,35.96689],[137.40621,35.96862],[137.40933,35.96784],[137.40959,35.96728],[137.41095,35.96675],[137.41442,35.96773],[137.41472,35.96853],[137.41604,35.96916],[137.41787,35.97147],[137.42264,35.97119],[137.42431,35.97035],[137.42531,35.96848],[137.42671,35.96751],[137.42546,35.96517],[137.42847,35.96245],[137.43266,35.96218],[137.43398,35.96151],[137.43654,35.96178],[137.43792,35.9613],[137.4408,35.95916],[137.44211,35.9568],[137.44177,35.95554],[137.44378,35.95192],[137.44354,35.951],[137.44484,35.94993],[137.44458,35.94658],[137.44539,35.94494],[137.44506,35.94373],[137.44408,35.9427],[137.44518,35.94117],[137.4503,35.93886],[137.45265,35.93466],[137.45792,35.9292],[137.45896,35.92834],[137.46159,35.92765],[137.46335,35.92549],[137.46539,35.9249],[137.46663,35.92329],[137.4692,35.92169],[137.47336,35.91781],[137.48338,35.91383],[137.48333,35.91205],[137.48457,35.90938],[137.48314,35.90735],[137.48075,35.90594],[137.48152,35.90042],[137.48085,35.89848],[137.4798,35.89817],[137.47951,35.89645],[137.47672,35.89599],[137.47624,35.89503],[137.47663,35.89359],[137.47449,35.89231],[137.46516,35.89271],[137.46474,35.89143],[137.4617,35.88944],[137.46042,35.88972],[137.4586,35.88935],[137.45334,35.89176],[137.44872,35.89282],[137.4468,35.89426],[137.44487,35.89699],[137.44182,35.89928],[137.43884,35.90017],[137.43793,35.90193],[137.43757,35.90509],[137.43508,35.90569],[137.43273,35.90555],[137.4293,35.90648],[137.42546,35.90607],[137.42298,35.90483],[137.41998,35.90536],[137.41491,35.90171],[137.4056,35.89881],[137.40424,35.89793],[137.40199,35.8976],[137.39818,35.89576],[137.39246,35.89504],[137.39069,35.89419],[137.38551,35.89376],[137.38095,35.8924],[137.37886,35.89068],[137.37898,35.88958],[137.37787,35.88854],[137.37574,35.8879],[137.37405,35.88661],[137.37338,35.88559],[137.37356,35.88424],[137.37063,35.88337],[137.36973,35.88132],[137.36783,35.8808],[137.36705,35.87993],[137.36435,35.87887],[137.36507,35.87787],[137.36719,35.87695],[137.36826,35.8743],[137.36704,35.87183],[137.36818,35.87011],[137.36715,35.86605],[137.36644,35.86534],[137.36765,35.86056],[137.36705,35.8601],[137.36716,35.85886],[137.36535,35.85597],[137.36539,35.85344],[137.36377,35.85227],[137.36355,35.85025],[137.36299,35.85002],[137.36107,35.84605],[137.35862,35.84403],[137.35708,35.84344],[137.35672,35.84272],[137.35442,35.8423],[137.35178,35.84303],[137.34897,35.8429],[137.34806,35.84235],[137.34511,35.84339],[137.34322,35.8428],[137.34235,35.84297],[137.34081,35.84433],[137.33855,35.84403],[137.33588,35.84433],[137.33548,35.84352],[137.33221,35.84079],[137.33164,35.83808],[137.33107,35.83738],[137.33144,35.83648],[137.33028,35.83357],[137.33003,35.83027],[137.33036,35.82927],[137.32731,35.82577],[137.32816,35.82501],[137.32808,35.82354],[137.32879,35.82175],[137.32697,35.82124],[137.32703,35.81916],[137.32502,35.81676],[137.3264,35.81519],[137.32635,35.81419],[137.32507,35.81221],[137.32655,35.81202],[137.32756,35.81075],[137.33023,35.80965],[137.33241,35.80923],[137.33225,35.80793],[137.33153,35.80709],[137.33261,35.80606],[137.33237,35.80496],[137.33363,35.80459],[137.33478,35.80339],[137.33427,35.80234],[137.33624,35.79902],[137.34021,35.7979],[137.34453,35.79877],[137.35126,35.80175],[137.35377,35.80137],[137.36002,35.79604],[137.35869,35.79491],[137.35804,35.79298],[137.35678,35.79223],[137.35554,35.79058],[137.35543,35.78934],[137.35313,35.78801],[137.35333,35.78492],[137.35117,35.78291],[137.34804,35.78137],[137.3479,35.7802],[137.34622,35.77821],[137.34581,35.77686],[137.34419,35.77551],[137.34417,35.77355],[137.34174,35.77264],[137.34048,35.77022],[137.33898,35.76974],[137.33765,35.76761],[137.33637,35.76672],[137.33619,35.76559],[137.33524,35.76537],[137.33403,35.76429],[137.33441,35.76158],[137.33354,35.75988],[137.33344,35.75743],[137.33091,35.75468],[137.33021,35.75136],[137.32744,35.74938],[137.32698,35.74846],[137.32473,35.74783],[137.32512,35.74656],[137.32604,35.7463],[137.32615,35.74522],[137.32747,35.74356],[137.32782,35.74208],[137.32873,35.74155],[137.32811,35.73903],[137.33005,35.7367],[137.33007,35.73532],[137.33072,35.73447],[137.32972,35.73385],[137.3296,35.73315],[137.33005,35.73085],[137.32975,35.72942],[137.33094,35.72779],[137.33082,35.72498],[137.33155,35.72407],[137.33135,35.71893],[137.33212,35.71736],[137.3306,35.71344],[137.33147,35.71241],[137.33116,35.71072],[137.32573,35.7084],[137.325,35.70832],[137.3238,35.70904],[137.32122,35.70783],[137.31923,35.7082],[137.31846,35.70737],[137.31394,35.70675],[137.31275,35.70604],[137.31232,35.70394],[137.31052,35.70372],[137.30816,35.70437],[137.30527,35.70353],[137.30448,35.70262],[137.30251,35.7024],[137.30254,35.70121],[137.30099,35.6982],[137.30041,35.69521],[137.29686,35.69432],[137.29198,35.69438],[137.29083,35.69312],[137.28987,35.69283],[137.2887,35.69359],[137.28771,35.69354],[137.28613,35.69269],[137.28476,35.69112],[137.28267,35.69153],[137.28099,35.69128],[137.28021,35.69203],[137.27812,35.69156],[137.27507,35.69221],[137.27376,35.69156],[137.27153,35.69394],[137.27166,35.69465],[137.27067,35.69703],[137.26782,35.69847],[137.2641,35.69673],[137.26431,35.69572],[137.26382,35.69457],[137.26027,35.69323],[137.25854,35.69367],[137.25761,35.69247],[137.25539,35.69198],[137.25445,35.69015],[137.25159,35.68917],[137.24924,35.68928],[137.24775,35.68571],[137.24838,35.68425],[137.24775,35.68308],[137.24794,35.68031],[137.24839,35.67951],[137.246,35.67859],[137.24466,35.67702],[137.24502,35.6754],[137.24332,35.6747],[137.24027,35.6752],[137.23791,35.67679],[137.23567,35.67639],[137.2319,35.67658],[137.23022,35.67864],[137.22509,35.67958],[137.22475,35.68025],[137.22295,35.6809],[137.21915,35.68166],[137.21841,35.68167],[137.21797,35.68052],[137.21578,35.67969],[137.21508,35.67855],[137.21209,35.67882],[137.20997,35.67776],[137.20614,35.67724],[137.20513,35.6775],[137.20168,35.67272],[137.20007,35.67235],[137.19963,35.67151],[137.19568,35.67072],[137.19448,35.66849],[137.19315,35.66768],[137.19447,35.66485],[137.19539,35.66417],[137.19565,35.66253],[137.19363,35.6607],[137.1962,35.65787],[137.1964,35.65656],[137.19787,35.65554],[137.19334,35.65513],[137.18997,35.65328],[137.18968,35.65288],[137.19021,35.65244],[137.19005,35.65158],[137.19052,35.65074],[137.18907,35.64754],[137.18841,35.64808],[137.1865,35.64835],[137.18613,35.64882],[137.18652,35.64962],[137.18598,35.65031],[137.18444,35.65008],[137.18167,35.65088],[137.18115,35.65008],[137.18033,35.6504],[137.17949,35.64809],[137.17762,35.64601],[137.17746,35.64398],[137.17489,35.64256],[137.17386,35.64138],[137.17155,35.64095],[137.17027,35.63734],[137.16951,35.63673],[137.16334,35.63626],[137.16142,35.63532],[137.15919,35.6355],[137.15828,35.63479],[137.15701,35.63479],[137.15078,35.63251],[137.14919,35.63276],[137.14766,35.63236],[137.14609,35.63133],[137.14296,35.63191],[137.14256,35.63027],[137.14376,35.62906],[137.14273,35.62772],[137.14234,35.62625],[137.13871,35.62411],[137.13846,35.62353],[137.1359,35.62424],[137.13337,35.62368],[137.13248,35.62246],[137.13298,35.62125],[137.13167,35.61988],[137.12935,35.62047],[137.13042,35.62318],[137.12858,35.62278],[137.1262,35.62296],[137.12316,35.62137],[137.12134,35.62293],[137.11802,35.62382],[137.11731,35.6229],[137.11554,35.6229],[137.11306,35.62087],[137.11201,35.62079],[137.10877,35.62212],[137.10938,35.62436],[137.10859,35.62501],[137.10665,35.62474],[137.10504,35.62597],[137.10308,35.62547],[137.09997,35.62582],[137.09634,35.62501],[137.09339,35.62691],[137.09227,35.6294],[137.09227,35.63041],[137.09122,35.63189],[137.09228,35.63421],[137.09293,35.63468],[137.09322,35.63597],[137.09455,35.63699],[137.09542,35.64054],[137.09309,35.64341],[137.09286,35.64577],[137.08972,35.64517],[137.08727,35.64844],[137.08578,35.64893],[137.08628,35.65081],[137.08921,35.65573],[137.0909,35.65683],[137.09328,35.65644],[137.09609,35.65732],[137.09601,35.65856],[137.09678,35.66086]]]}},{"type":"Feature","properties":{"id":"muni-21221","name":"海津市"},"geometry":{"type":"MultiPolygon","coordinates":[[[[136.53625,35.25002],[136.53736,35.24949],[136.53846,35.24961],[136.54403,35.25258],[136.54642,35.25528],[136.55119,35.25686],[136.5521,35.25988],[136.55561,35.26154],[136.557,35.26189],[136.56019,35.26045],[136.56674,35.2615],[136.56672,35.26204],[136.56706,35.26207],[136.56707,35.26141],[136.56975,35.26154],[136.57095,35.25959],[136.57197,35.25623],[136.57299,35.25495],[136.57686,35.25296],[136.578,35.25405],[136.58217,35.24951],[136.58217,35.24893],[136.58435,35.25057],[136.58394,35.25097],[136.58819,35.2524],[136.59095,35.2463],[136.58928,35.24483],[136.59117,35.2438],[136.59147,35.24273],[136.59139,35.23995],[136.59039,35.2382],[136.5912,35.23901],[136.59384,35.23522],[136.5944,35.23527],[136.59418,35.23577],[136.59599,35.23614],[136.59572,35.23706],[136.59839,35.23762],[136.59799,35.23896],[136.59914,35.23919],[136.59932,35.23887],[136.60079,35.24111],[136.60212,35.24137],[136.60255,35.23773],[136.60183,35.23587],[136.60269,35.23301],[136.60242,35.23075],[136.60467,35.22901],[136.60807,35.22787],[136.60806,35.22939],[136.60994,35.23268],[136.60844,35.23498],[136.6089,35.2359],[136.60946,35.23447],[136.61171,35.23389],[136.61467,35.23597],[136.61712,35.23944],[136.61749,35.24089],[136.61673,35.24611],[136.61835,35.24973],[136.62242,35.25057],[136.6274,35.2545],[136.62784,35.25563],[136.62769,35.25684],[136.62579,35.26114],[136.62652,35.26426],[136.62851,35.26527],[136.63783,35.26547],[136.64259,35.26864],[136.648,35.26957],[136.65133,35.2709],[136.65421,35.27403],[136.65513,35.2762],[136.65508,35.27749],[136.65236,35.2819],[136.65128,35.28508],[136.65133,35.28635],[136.65231,35.28797],[136.65308,35.28859],[136.6554,35.28906],[136.6592,35.28834],[136.66713,35.28868],[136.66967,35.28983],[136.67151,35.29199],[136.67568,35.28206],[136.67629,35.27634],[136.67588,35.27402],[136.67451,35.27098],[136.67369,35.27019],[136.66686,35.26643],[136.66586,35.26509],[136.66154,35.26289],[136.65702,35.25684],[136.65758,35.25426],[136.65958,35.25303],[136.66345,35.25212],[136.66469,35.25133],[136.66738,35.24808],[136.67197,35.24472],[136.67337,35.24261],[136.67802,35.24144],[136.67769,35.23792],[136.67828,35.23364],[136.68051,35.2281],[136.68123,35.21765],[136.68151,35.19725],[136.6746,35.19218],[136.67233,35.19104],[136.67161,35.18616],[136.67106,35.17434],[136.67322,35.16574],[136.67413,35.15793],[136.67383,35.15319],[136.67201,35.14721],[136.67124,35.14259],[136.66708,35.14238],[136.66007,35.15244],[136.65654,35.15937],[136.65599,35.16133],[136.65247,35.16291],[136.64793,35.16384],[136.64689,35.1645],[136.64502,35.16342],[136.64463,35.16228],[136.64551,35.15967],[136.64603,35.15585],[136.64558,35.15449],[136.64538,35.1496],[136.64588,35.14745],[136.64524,35.14669],[136.64529,35.14447],[136.64442,35.14415],[136.63999,35.14772],[136.63536,35.14797],[136.63477,35.14947],[136.63403,35.15001],[136.62988,35.15013],[136.62724,35.14779],[136.62378,35.14643],[136.62269,35.1467],[136.62311,35.14744],[136.62241,35.1486],[136.61965,35.14846],[136.61851,35.14984],[136.61673,35.14944],[136.61647,35.14896],[136.61588,35.14922],[136.61478,35.15195],[136.61331,35.1533],[136.61353,35.15491],[136.61269,35.15597],[136.61213,35.15798],[136.6124,35.15954],[136.61046,35.16023],[136.61071,35.16169],[136.60861,35.16282],[136.60689,35.166],[136.60483,35.16729],[136.60454,35.16862],[136.6056,35.16989],[136.60582,35.1721],[136.60442,35.174],[136.60476,35.1751],[136.60339,35.1755],[136.6028,35.17732],[136.60109,35.17856],[136.59918,35.1769],[136.59719,35.17692],[136.59676,35.17735],[136.59721,35.17843],[136.59698,35.1793],[136.5965,35.17987],[136.59455,35.18046],[136.59351,35.1816],[136.592,35.18375],[136.59216,35.1845],[136.5916,35.18567],[136.58772,35.18449],[136.58831,35.18713],[136.58751,35.18722],[136.58711,35.18874],[136.58558,35.1885],[136.58441,35.18887],[136.58462,35.1902],[136.58393,35.19117],[136.58467,35.192],[136.58417,35.19297],[136.58504,35.19413],[136.5849,35.19464],[136.58422,35.19487],[136.58303,35.19659],[136.58199,35.19704],[136.57979,35.19649],[136.57725,35.19669],[136.57705,35.19834],[136.57615,35.19885],[136.57543,35.2001],[136.57598,35.20219],[136.5746,35.20155],[136.57204,35.20264],[136.57017,35.20258],[136.56964,35.20376],[136.5679,35.2046],[136.56684,35.2044],[136.56588,35.20572],[136.56362,35.20539],[136.56287,35.20598],[136.56163,35.20577],[136.56114,35.2064],[136.55963,35.20673],[136.56131,35.20887],[136.55997,35.21162],[136.56002,35.21245],[136.55935,35.21313],[136.55994,35.21544],[136.55883,35.21642],[136.55744,35.21681],[136.55779,35.21781],[136.55716,35.21844],[136.55693,35.22064],[136.55506,35.21988],[136.55429,35.22038],[136.5522,35.22001],[136.54974,35.21904],[136.54831,35.22011],[136.54732,35.21995],[136.54762,35.22132],[136.54687,35.22245],[136.54692,35.22335],[136.54826,35.22571],[136.54796,35.2269],[136.54699,35.22777],[136.54864,35.22932],[136.54845,35.23068],[136.55019,35.23193],[136.55031,35.23311],[136.54889,35.23445],[136.54749,35.23444],[136.54727,35.23521],[136.54419,35.23501],[136.5429,35.23551],[136.54063,35.23741],[136.54097,35.23827],[136.53951,35.24074],[136.54057,35.24228],[136.54062,35.2432],[136.54161,35.24409],[136.54122,35.24583],[136.53948,35.24676],[136.53749,35.24653],[136.53613,35.24776],[136.53652,35.24882],[136.53625,35.25002]]],[[[136.59144,35.24637],[136.58723,35.25598],[136.59206,35.25724],[136.59461,35.25091],[136.5937,35.25031],[136.59362,35.24932],[136.59172,35.24759],[136.59144,35.24637]]]]}},{"type":"Feature","properties":{"id":"muni-21302","name":"岐南町"},"geometry":{"type":"MultiPolygon","coordinates":[[[[136.77688,35.37009],[136.77429,35.36989],[136.77505,35.37288],[136.77725,35.37304],[136.77688,35.37009]]],[[[136.76312,35.37823],[136.76353,35.37941],[136.76458,35.37917],[136.76523,35.38004],[136.7664,35.37967],[136.767,35.3801],[136.76656,35.38198],[136.76541,35.38179],[136.76546,35.38254],[136.7647,35.38364],[136.76521,35.38506],[136.76777,35.38596],[136.76781,35.3871],[136.769,35.38777],[136.76732,35.38878],[136.76764,35.39149],[136.76888,35.39343],[136.77048,35.39353],[136.77101,35.39554],[136.77303,35.39686],[136.77467,35.39688],[136.77578,35.39544],[136.77852,35.39618],[136.77892,35.39642],[136.77814,35.3982],[136.77862,35.39855],[136.78093,35.39854],[136.78189,35.39951],[136.78428,35.40002],[136.78889,35.39982],[136.79169,35.39804],[136.79263,35.39694],[136.79217,35.39643],[136.79439,35.39542],[136.79425,35.395],[136.7972,35.39417],[136.79681,35.39361],[136.79762,35.39206],[136.80176,35.39135],[136.80323,35.38879],[136.80339,35.38692],[136.80538,35.38678],[136.80578,35.38753],[136.80867,35.38839],[136.81147,35.38739],[136.81572,35.38768],[136.81578,35.38728],[136.81688,35.38739],[136.81744,35.38466],[136.81955,35.38486],[136.81937,35.38361],[136.81976,35.38351],[136.81866,35.38083],[136.81652,35.38057],[136.81327,35.38191],[136.81205,35.38179],[136.81189,35.38292],[136.80349,35.38235],[136.80379,35.38074],[136.8001,35.37994],[136.80053,35.37783],[136.80182,35.37792],[136.80166,35.37749],[136.79997,35.37726],[136.79928,35.37643],[136.79669,35.37596],[136.7964,35.37709],[136.79442,35.37714],[136.79444,35.37788],[136.79346,35.37784],[136.79342,35.37675],[136.79219,35.37679],[136.79206,35.37777],[136.78853,35.37774],[136.78863,35.37962],[136.78299,35.3799],[136.78307,35.38162],[136.78001,35.38121],[136.7794,35.38131],[136.77916,35.38191],[136.77792,35.38187],[136.77809,35.37822],[136.7771,35.37819],[136.77724,35.37613],[136.77793,35.37596],[136.77739,35.37511],[136.77739,35.37339],[136.77493,35.37339],[136.77443,35.373],[136.77398,35.37338],[136.77026,35.37334],[136.77015,35.37408],[136.77241,35.37453],[136.76982,35.37454],[136.7695,35.37509],[136.76871,35.37497],[136.76861,35.3755],[136.76601,35.37517],[136.76488,35.37616],[136.76498,35.37761],[136.76404,35.37833],[136.76312,35.37823]]]]}},{"type":"Feature","properties":{"id":"muni-21303","name":"笠松町"},"geometry":{"type":"Polygon","coordinates":[[[136.74089,35.34666],[136.73248,35.34882],[136.73277,35.34987],[136.73498,35.35178],[136.73523,35.35339],[136.73414,35.35512],[136.73129,35.35698],[136.72808,35.35635],[136.72813,35.3573],[136.73115,35.35766],[136.73173,35.3599],[136.73252,35.35975],[136.73342,35.36124],[136.7429,35.35931],[136.74392,35.36285],[136.74465,35.3638],[136.74777,35.36374],[136.74791,35.36423],[136.7506,35.36449],[136.7511,35.36518],[136.75783,35.36509],[136.75716,35.36646],[136.75436,35.36783],[136.75387,35.36948],[136.75201,35.36962],[136.75199,35.37003],[136.75647,35.37472],[136.7554,35.37554],[136.75779,35.37635],[136.75834,35.37772],[136.75949,35.37784],[136.76066,35.3789],[136.76424,35.37825],[136.76407,35.37799],[136.76498,35.37761],[136.76488,35.37616],[136.76601,35.37517],[136.76861,35.3755],[136.76871,35.37497],[136.7695,35.37509],[136.76982,35.37454],[136.77241,35.37453],[136.77015,35.37408],[136.77026,35.37334],[136.77398,35.37338],[136.77443,35.373],[136.77493,35.37339],[136.77739,35.37339],[136.77739,35.37511],[136.77793,35.37596],[136.77724,35.37613],[136.7771,35.37819],[136.77809,35.37822],[136.77792,35.38187],[136.77916,35.38191],[136.7794,35.38131],[136.78001,35.38121],[136.78307,35.38162],[136.78299,35.3799],[136.78863,35.37962],[136.78853,35.37774],[136.79206,35.37777],[136.79219,35.37679],[136.79342,35.37675],[136.79346,35.37784],[136.79444,35.37788],[136.79442,35.37714],[136.7964,35.37709],[136.79669,35.37596],[136.79928,35.37643],[136.79997,35.37726],[136.80166,35.37749],[136.80182,35.37792],[136.80053,35.37783],[136.8001,35.37994],[136.80379,35.38074],[136.80349,35.38235],[136.80403,35.38246],[136.80411,35.38209],[136.81189,35.38292],[136.81205,35.38179],[136.81327,35.38191],[136.81518,35.38085],[136.81898,35.38081],[136.81905,35.37911],[136.81983,35.37895],[136.81979,35.37802],[136.82094,35.37585],[136.81992,35.37629],[136.81604,35.37568],[136.81628,35.375],[136.81102,35.37409],[136.81074,35.37469],[136.80562,35.37383],[136.80628,35.3729],[136.80225,35.37094],[136.80291,35.36987],[136.79892,35.36933],[136.79893,35.3684],[136.80068,35.36866],[136.80081,35.36586],[136.80009,35.36421],[136.794,35.36606],[136.7945,35.36872],[136.77688,35.37009],[136.77725,35.37304],[136.77505,35.37288],[136.77429,35.36989],[136.77137,35.36922],[136.76912,35.36797],[136.76009,35.35876],[136.7563,35.35091],[136.75532,35.3477],[136.75387,35.34553],[136.75084,35.34687],[136.74838,35.34641],[136.7476,35.34558],[136.74645,35.34578],[136.74421,35.34452],[136.74103,35.34504],[136.74056,35.34533],[136.74108,35.34551],[136.74089,35.34666]]]}},{"type":"Feature","properties":{"id":"muni-21341","name":"養老町"},"geometry":{"type":"MultiPolygon","coordinates":[[[[136.58325,35.24663],[136.58756,35.24425],[136.58567,35.2442],[136.58369,35.24493],[136.58325,35.24663]]],[[[136.51032,35.32562],[136.51228,35.32678],[136.51335,35.32961],[136.51439,35.33023],[136.51388,35.33115],[136.51456,35.33312],[136.51597,35.33373],[136.51826,35.33404],[136.52032,35.33368],[136.52011,35.3327],[136.52124,35.33239],[136.52094,35.33146],[136.52312,35.33127],[136.52474,35.33038],[136.52516,35.33096],[136.53296,35.32622],[136.53401,35.3293],[136.53358,35.33014],[136.53613,35.33141],[136.53544,35.33243],[136.53557,35.33334],[136.53852,35.33287],[136.54866,35.33332],[136.5545,35.33452],[136.55444,35.33529],[136.55393,35.33526],[136.55386,35.33573],[136.55332,35.34364],[136.55764,35.34375],[136.55985,35.34268],[136.56047,35.34382],[136.56415,35.34407],[136.56543,35.34291],[136.56844,35.34343],[136.56957,35.34244],[136.57172,35.34252],[136.57222,35.3415],[136.57327,35.34209],[136.57425,35.34201],[136.57429,35.34115],[136.5747,35.3411],[136.57645,35.34187],[136.57822,35.34172],[136.57794,35.34034],[136.57921,35.34002],[136.57951,35.34059],[136.57951,35.34013],[136.58022,35.33993],[136.57996,35.33932],[136.58051,35.33909],[136.5814,35.3394],[136.58163,35.34127],[136.58231,35.3398],[136.58245,35.33786],[136.58126,35.33672],[136.58179,35.3357],[136.58144,35.33466],[136.58255,35.33338],[136.5819,35.33235],[136.58419,35.33261],[136.58564,35.33208],[136.58558,35.33015],[136.58945,35.32766],[136.58877,35.32587],[136.58635,35.32452],[136.58638,35.32349],[136.58541,35.32225],[136.58628,35.32126],[136.58684,35.32227],[136.58898,35.32207],[136.59055,35.32037],[136.59317,35.3193],[136.59503,35.31522],[136.59447,35.31113],[136.59687,35.30748],[136.59388,35.3069],[136.59376,35.30521],[136.59439,35.30361],[136.59734,35.3008],[136.59911,35.30024],[136.60365,35.30022],[136.60501,35.2978],[136.60832,35.2964],[136.60966,35.29417],[136.60919,35.29302],[136.60558,35.29114],[136.60641,35.28982],[136.6107,35.28725],[136.61036,35.28458],[136.60918,35.28226],[136.60768,35.27591],[136.60541,35.27395],[136.60568,35.27297],[136.60792,35.27067],[136.60862,35.26907],[136.6071,35.26528],[136.60709,35.26374],[136.60747,35.26321],[136.61021,35.26258],[136.61158,35.26152],[136.61205,35.26067],[136.61199,35.25893],[136.61326,35.25723],[136.61468,35.25667],[136.61945,35.25612],[136.62377,35.25421],[136.62532,35.25274],[136.62194,35.25034],[136.61835,35.24973],[136.61673,35.24611],[136.61749,35.24089],[136.61712,35.23944],[136.61467,35.23597],[136.61171,35.23389],[136.60946,35.23447],[136.6089,35.2359],[136.60844,35.23498],[136.60994,35.23268],[136.60806,35.22939],[136.60807,35.22787],[136.60467,35.22901],[136.60242,35.23075],[136.60269,35.23301],[136.60183,35.23587],[136.60255,35.23773],[136.60212,35.24137],[136.60079,35.24111],[136.59932,35.23887],[136.59914,35.23919],[136.59799,35.23896],[136.59839,35.23762],[136.59572,35.23706],[136.59599,35.23614],[136.59418,35.23577],[136.5944,35.23527],[136.59384,35.23522],[136.5912,35.23901],[136.59039,35.2382],[136.59139,35.23995],[136.59147,35.24273],[136.59117,35.2438],[136.58928,35.24483],[136.59095,35.2463],[136.58819,35.2524],[136.58394,35.25097],[136.58435,35.25057],[136.58217,35.24893],[136.58217,35.24951],[136.578,35.25405],[136.57686,35.25296],[136.57299,35.25495],[136.57197,35.25623],[136.57095,35.25959],[136.56975,35.26154],[136.56707,35.26141],[136.56706,35.26207],[136.56672,35.26204],[136.56674,35.2615],[136.56019,35.26045],[136.557,35.26189],[136.55555,35.26152],[136.5521,35.25988],[136.55114,35.25683],[136.54642,35.25528],[136.54409,35.25262],[136.53816,35.24955],[136.53624,35.25003],[136.53637,35.25094],[136.53554,35.25138],[136.53514,35.25265],[136.53354,35.25426],[136.53331,35.25555],[136.53413,35.25707],[136.52772,35.2576],[136.52685,35.25932],[136.52644,35.26173],[136.52413,35.26345],[136.52331,35.26319],[136.52225,35.26464],[136.5241,35.26723],[136.52427,35.26846],[136.52573,35.26874],[136.52563,35.27049],[136.52657,35.27144],[136.52336,35.27297],[136.52359,35.27391],[136.52295,35.27401],[136.52293,35.27526],[136.52205,35.27594],[136.52242,35.27709],[136.52152,35.27802],[136.52189,35.2801],[136.52408,35.28094],[136.5251,35.2819],[136.52427,35.28302],[136.52187,35.28391],[136.52083,35.28568],[136.52158,35.28741],[136.52313,35.28831],[136.52388,35.28987],[136.52026,35.29111],[136.51861,35.29306],[136.51921,35.29459],[136.51845,35.29574],[136.51864,35.29631],[136.52049,35.29575],[136.52258,35.29709],[136.52255,35.2984],[136.52166,35.3002],[136.52267,35.30134],[136.52128,35.30163],[136.52114,35.30234],[136.52028,35.30267],[136.52043,35.30321],[136.51922,35.30395],[136.51529,35.30396],[136.51492,35.30723],[136.51522,35.30867],[136.51305,35.31192],[136.51107,35.31311],[136.51078,35.31411],[136.50966,35.31441],[136.50864,35.31644],[136.50727,35.31784],[136.50744,35.31978],[136.50812,35.32057],[136.50757,35.32153],[136.50697,35.32164],[136.51037,35.32439],[136.51032,35.32562]]]]}},{"type":"Feature","properties":{"id":"muni-21361","name":"垂井町"},"geometry":{"type":"Polygon","coordinates":[[[136.50758,35.3715],[136.50899,35.37466],[136.50741,35.37571],[136.50392,35.37558],[136.50208,35.37466],[136.49934,35.37454],[136.49568,35.37324],[136.49537,35.37196],[136.49404,35.37047],[136.49117,35.36847],[136.48939,35.36766],[136.48863,35.36761],[136.4893,35.36803],[136.48795,35.3697],[136.48671,35.36949],[136.48616,35.37047],[136.48456,35.37073],[136.48238,35.37334],[136.4804,35.37432],[136.48023,35.37604],[136.47818,35.37662],[136.47702,35.37746],[136.47599,35.37929],[136.47644,35.3798],[136.47641,35.38093],[136.47791,35.38276],[136.4767,35.38489],[136.47699,35.38594],[136.47417,35.38673],[136.47182,35.38979],[136.46996,35.3914],[136.46848,35.39218],[136.46517,35.39272],[136.46449,35.39341],[136.46385,35.39496],[136.46388,35.3998],[136.46523,35.40364],[136.46756,35.40595],[136.46684,35.41023],[136.46828,35.41181],[136.4703,35.41261],[136.47056,35.41513],[136.47313,35.41519],[136.47496,35.41463],[136.47733,35.41497],[136.47813,35.4158],[136.48043,35.41631],[136.4814,35.4171],[136.48467,35.4156],[136.48576,35.41632],[136.48538,35.41984],[136.48601,35.42027],[136.48614,35.42122],[136.48982,35.42352],[136.48979,35.42421],[136.49063,35.42495],[136.4901,35.42702],[136.49357,35.42945],[136.49489,35.43178],[136.49686,35.43348],[136.49864,35.43417],[136.50197,35.43304],[136.50288,35.43174],[136.50786,35.4316],[136.50945,35.43258],[136.5126,35.43631],[136.51694,35.43789],[136.51737,35.43699],[136.51961,35.4351],[136.51854,35.43419],[136.51851,35.43247],[136.52063,35.43106],[136.52099,35.428],[136.5222,35.42572],[136.52141,35.42378],[136.52285,35.4224],[136.523,35.42138],[136.52504,35.41843],[136.52597,35.41803],[136.53005,35.41933],[136.53241,35.4183],[136.53528,35.41543],[136.53894,35.41461],[136.53926,35.41565],[136.541,35.41536],[136.54144,35.41734],[136.54332,35.41715],[136.544,35.41472],[136.5456,35.41391],[136.54554,35.41325],[136.5488,35.41109],[136.55,35.41079],[136.54914,35.40901],[136.54818,35.40863],[136.54837,35.40725],[136.54774,35.40475],[136.54651,35.40301],[136.54553,35.40271],[136.5469,35.39929],[136.54788,35.39933],[136.54848,35.39872],[136.54976,35.39849],[136.54913,35.39779],[136.54767,35.39766],[136.54873,35.39742],[136.55048,35.39841],[136.55146,35.39804],[136.55384,35.39827],[136.55502,35.39775],[136.55409,35.39719],[136.55375,35.39783],[136.55256,35.39624],[136.55203,35.39591],[136.55279,35.39714],[136.55192,35.39722],[136.54928,35.39318],[136.54805,35.39259],[136.54711,35.39293],[136.5487,35.3967],[136.54648,35.39743],[136.54633,35.39801],[136.54204,35.39841],[136.54103,35.3983],[136.54067,35.39676],[136.54172,35.39512],[136.54159,35.39409],[136.54298,35.3937],[136.54352,35.3943],[136.54323,35.39347],[136.54443,35.39236],[136.54494,35.39311],[136.54537,35.39257],[136.546,35.39263],[136.54552,35.39199],[136.54615,35.39124],[136.54564,35.391],[136.54567,35.38977],[136.54738,35.38786],[136.54779,35.38847],[136.54789,35.38722],[136.54844,35.38699],[136.54835,35.38164],[136.54669,35.38166],[136.54667,35.38116],[136.54793,35.38113],[136.5479,35.38011],[136.5475,35.38011],[136.54747,35.37957],[136.54635,35.37957],[136.54634,35.37904],[136.54251,35.37785],[136.54364,35.37711],[136.54574,35.37784],[136.54905,35.37481],[136.55176,35.37402],[136.55286,35.37421],[136.55395,35.37304],[136.55579,35.37309],[136.55734,35.37068],[136.55823,35.37062],[136.55829,35.37026],[136.56021,35.37066],[136.56103,35.36736],[136.56181,35.35911],[136.56307,35.35899],[136.56314,35.35855],[136.5582,35.35848],[136.55848,35.35649],[136.55797,35.35637],[136.55802,35.3557],[136.55733,35.35572],[136.55745,35.3535],[136.55644,35.35346],[136.55624,35.35229],[136.55721,35.35021],[136.55805,35.35008],[136.55817,35.34724],[136.55882,35.34658],[136.55919,35.34714],[136.56004,35.34718],[136.55999,35.34771],[136.56063,35.34775],[136.56068,35.34723],[136.56105,35.34777],[136.5615,35.34631],[136.56045,35.34593],[136.56048,35.34379],[136.55985,35.34268],[136.55764,35.34375],[136.55332,35.34364],[136.55386,35.33573],[136.55393,35.33526],[136.55444,35.33529],[136.5545,35.33452],[136.54892,35.33333],[136.53607,35.33302],[136.53385,35.33419],[136.53413,35.336],[136.53354,35.3366],[136.53386,35.33737],[136.53199,35.33809],[136.53174,35.33875],[136.52823,35.33924],[136.52679,35.34147],[136.52796,35.3433],[136.52928,35.34386],[136.52859,35.34419],[136.52878,35.34477],[136.52776,35.34568],[136.52508,35.34526],[136.52369,35.34597],[136.5234,35.3482],[136.52169,35.34867],[136.52119,35.34831],[136.51946,35.34841],[136.51456,35.34515],[136.51347,35.3456],[136.51312,35.34639],[136.51084,35.34607],[136.50979,35.34685],[136.50662,35.34988],[136.50595,35.35166],[136.50514,35.35185],[136.50381,35.35459],[136.50248,35.35509],[136.50171,35.35652],[136.50409,35.35825],[136.50483,35.36101],[136.50426,35.36648],[136.50488,35.36731],[136.50408,35.36862],[136.50669,35.37146],[136.50758,35.3715]]]}},{"type":"Feature","properties":{"id":"muni-21362","name":"関ケ原町"},"geometry":{"type":"Polygon","coordinates":[[[136.46421,35.3446],[136.46374,35.34329],[136.46412,35.34271],[136.46365,35.34213],[136.46405,35.34176],[136.46259,35.33977],[136.46178,35.33629],[136.4609,35.33566],[136.45843,35.3312],[136.4564,35.33023],[136.4553,35.32791],[136.4554,35.32578],[136.45636,35.32533],[136.45623,35.32458],[136.45752,35.32431],[136.4578,35.32371],[136.45695,35.32076],[136.45868,35.31729],[136.4575,35.31578],[136.45764,35.3146],[136.45543,35.31392],[136.45342,35.31419],[136.45288,35.31284],[136.45203,35.31269],[136.45172,35.31186],[136.45065,35.31173],[136.45023,35.31107],[136.44828,35.31017],[136.44684,35.31044],[136.44561,35.30994],[136.44418,35.30856],[136.44127,35.30792],[136.43889,35.30654],[136.43538,35.30646],[136.43201,35.30724],[136.43097,35.30875],[136.4288,35.30719],[136.42703,35.30755],[136.42611,35.30725],[136.42567,35.30692],[136.42577,35.30483],[136.42844,35.30044],[136.42833,35.29802],[136.42721,35.29719],[136.42716,35.29636],[136.42531,35.29359],[136.42496,35.29165],[136.42229,35.28964],[136.4216,35.28788],[136.41962,35.28765],[136.41799,35.28897],[136.4172,35.28908],[136.41686,35.29095],[136.41203,35.29399],[136.41172,35.29527],[136.40998,35.296],[136.41001,35.29688],[136.40855,35.29834],[136.40641,35.29865],[136.40303,35.30022],[136.40309,35.30346],[136.40535,35.30403],[136.4064,35.30491],[136.40732,35.30819],[136.40639,35.30951],[136.40661,35.31024],[136.40852,35.31134],[136.41181,35.31479],[136.41185,35.32203],[136.41329,35.3243],[136.41277,35.32606],[136.41135,35.32732],[136.41129,35.329],[136.41232,35.32961],[136.41257,35.33178],[136.41435,35.33248],[136.41529,35.3338],[136.41541,35.33692],[136.41798,35.34038],[136.419,35.3409],[136.41915,35.34155],[136.41848,35.3426],[136.41948,35.34364],[136.41912,35.34474],[136.4221,35.34805],[136.42099,35.3511],[136.42093,35.35242],[136.42156,35.35388],[136.4188,35.35425],[136.41763,35.3538],[136.41676,35.35483],[136.41602,35.35477],[136.41369,35.35363],[136.41351,35.35212],[136.41125,35.35222],[136.41049,35.35288],[136.41074,35.35415],[136.40958,35.35527],[136.40946,35.35671],[136.41004,35.35805],[136.41254,35.3589],[136.41369,35.36014],[136.41316,35.36153],[136.4137,35.36443],[136.41207,35.36555],[136.41201,35.36636],[136.41291,35.36808],[136.41201,35.36898],[136.4118,35.36991],[136.41404,35.37135],[136.4149,35.37324],[136.41652,35.37391],[136.4211,35.3728],[136.42242,35.37348],[136.42455,35.3738],[136.42637,35.37347],[136.42817,35.37426],[136.43375,35.37803],[136.4374,35.37989],[136.43967,35.38302],[136.44133,35.38395],[136.44253,35.38553],[136.44457,35.38943],[136.44662,35.38975],[136.44818,35.38869],[136.44965,35.39245],[136.45118,35.39357],[136.45334,35.39408],[136.45549,35.39352],[136.45887,35.39399],[136.45957,35.39347],[136.4616,35.39542],[136.46385,35.39496],[136.46517,35.39272],[136.46848,35.39218],[136.46996,35.3914],[136.47182,35.38979],[136.47417,35.38673],[136.47699,35.38594],[136.4767,35.38489],[136.47791,35.38276],[136.47641,35.38093],[136.47644,35.3798],[136.47599,35.37929],[136.47702,35.37746],[136.47818,35.37662],[136.48023,35.37604],[136.4804,35.37432],[136.48238,35.37334],[136.48456,35.37073],[136.48616,35.37047],[136.48671,35.36949],[136.48795,35.3697],[136.4893,35.36803],[136.48862,35.36761],[136.49117,35.36847],[136.49404,35.37047],[136.49543,35.37207],[136.49563,35.37321],[136.49925,35.37451],[136.50208,35.37466],[136.50392,35.37558],[136.50734,35.37571],[136.50899,35.37466],[136.50758,35.3715],[136.50669,35.37146],[136.50408,35.36862],[136.50488,35.36731],[136.50426,35.36648],[136.50484,35.36107],[136.50409,35.35825],[136.50262,35.35702],[136.50163,35.35656],[136.49997,35.35919],[136.49822,35.36061],[136.49519,35.35973],[136.49433,35.35899],[136.49314,35.35915],[136.49142,35.35822],[136.48561,35.35854],[136.48518,35.35868],[136.48511,35.3594],[136.48377,35.35981],[136.48097,35.35808],[136.48041,35.35593],[136.47879,35.35497],[136.47858,35.35394],[136.47731,35.35352],[136.47648,35.35184],[136.47645,35.35091],[136.4769,35.35062],[136.47611,35.35014],[136.47438,35.34641],[136.4741,35.34465],[136.47296,35.34425],[136.47211,35.34272],[136.46976,35.34307],[136.46673,35.34473],[136.46421,35.3446]]]}},{"type":"Feature","properties":{"id":"muni-21381","name":"神戸町"},"geometry":{"type":"Polygon","coordinates":[[[136.59158,35.4026],[136.59043,35.40266],[136.59158,35.40473],[136.58878,35.40487],[136.58882,35.40541],[136.58678,35.40552],[136.58683,35.40602],[136.58407,35.40616],[136.58517,35.40707],[136.58492,35.40863],[136.58559,35.41071],[136.58475,35.41067],[136.58429,35.4115],[136.58471,35.41166],[136.58442,35.41218],[136.58528,35.4125],[136.58478,35.4134],[136.58443,35.4171],[136.58627,35.41725],[136.58631,35.41834],[136.5856,35.41836],[136.58507,35.42247],[136.58615,35.42255],[136.58515,35.42936],[136.58461,35.42943],[136.5871,35.4331],[136.58753,35.43633],[136.5887,35.43632],[136.58884,35.43904],[136.59,35.439],[136.59041,35.44426],[136.59308,35.44464],[136.59391,35.44455],[136.59388,35.44398],[136.59598,35.44413],[136.5958,35.44536],[136.59654,35.44599],[136.59722,35.44594],[136.59729,35.44681],[136.60061,35.44835],[136.60374,35.44622],[136.60576,35.44408],[136.61503,35.42984],[136.61971,35.42385],[136.62256,35.42526],[136.62253,35.42683],[136.63013,35.42692],[136.63014,35.42288],[136.63199,35.41914],[136.63077,35.4184],[136.62964,35.41877],[136.62914,35.41963],[136.62705,35.41965],[136.62437,35.4186],[136.62637,35.41534],[136.6293,35.41196],[136.6366,35.40786],[136.63959,35.40426],[136.64223,35.39501],[136.64003,35.39442],[136.63923,35.3936],[136.63799,35.39167],[136.63818,35.39025],[136.63776,35.39015],[136.64064,35.38807],[136.64208,35.38789],[136.63449,35.38759],[136.63111,35.38929],[136.62829,35.38833],[136.62835,35.38796],[136.62764,35.38809],[136.6258,35.3894],[136.62408,35.3926],[136.62169,35.39266],[136.62147,35.39307],[136.6222,35.39463],[136.6216,35.39592],[136.62166,35.39937],[136.62086,35.40099],[136.62129,35.4015],[136.62237,35.40124],[136.62414,35.40171],[136.62376,35.40312],[136.62282,35.40394],[136.62135,35.40345],[136.61823,35.4049],[136.61665,35.40449],[136.61073,35.40449],[136.61074,35.4014],[136.6095,35.4013],[136.6098,35.39838],[136.60857,35.39831],[136.60874,35.3966],[136.60727,35.39649],[136.60767,35.39265],[136.60841,35.39268],[136.60851,35.39165],[136.60754,35.39157],[136.60617,35.3916],[136.6061,35.39255],[136.60358,35.39259],[136.60355,35.39343],[136.60038,35.39342],[136.59983,35.39534],[136.59988,35.39815],[136.59616,35.39833],[136.59611,35.39766],[136.59468,35.39774],[136.59474,35.39842],[136.59339,35.39848],[136.59355,35.40046],[136.59302,35.40048],[136.59307,35.40112],[136.59221,35.40118],[136.59227,35.40189],[136.59153,35.40192],[136.59158,35.4026]]]}},{"type":"Feature","properties":{"id":"muni-21382","name":"輪之内町"},"geometry":{"type":"Polygon","coordinates":[[[136.60554,35.27424],[136.60768,35.27591],[136.60918,35.28226],[136.61036,35.28458],[136.6107,35.28725],[136.60641,35.28982],[136.60577,35.29141],[136.61134,35.29398],[136.6144,35.29442],[136.61639,35.29597],[136.61892,35.30197],[136.62176,35.3034],[136.62376,35.3031],[136.6254,35.30347],[136.63687,35.31209],[136.63956,35.31266],[136.64061,35.31195],[136.64313,35.31144],[136.64289,35.3103],[136.64486,35.31017],[136.64504,35.31104],[136.64861,35.31057],[136.65127,35.30807],[136.65701,35.30787],[136.66007,35.30983],[136.66158,35.30955],[136.66487,35.30742],[136.66661,35.3007],[136.67151,35.29199],[136.66967,35.28983],[136.66713,35.28868],[136.6592,35.28834],[136.6554,35.28906],[136.65308,35.28859],[136.65231,35.28797],[136.65133,35.28635],[136.65174,35.28321],[136.65517,35.27712],[136.65493,35.27528],[136.65265,35.27194],[136.64861,35.26976],[136.64259,35.26864],[136.63783,35.26547],[136.63182,35.26553],[136.62726,35.26486],[136.62652,35.26426],[136.62579,35.26114],[136.62737,35.25788],[136.62784,35.25563],[136.62731,35.25437],[136.62532,35.25274],[136.62377,35.25421],[136.61945,35.25612],[136.61468,35.25667],[136.61326,35.25723],[136.61199,35.25893],[136.61203,35.2608],[136.61149,35.26163],[136.61006,35.26265],[136.60747,35.26321],[136.60702,35.26498],[136.60862,35.26907],[136.60804,35.27051],[136.60551,35.27326],[136.60554,35.27424]]]}},{"type":"Feature","properties":{"id":"muni-21383","name":"安八町"},"geometry":{"type":"Polygon","coordinates":[[[136.65447,35.33807],[136.65681,35.34066],[136.65386,35.34349],[136.65422,35.34498],[136.6573,35.34859],[136.65851,35.34924],[136.65888,35.35101],[136.65883,35.3554],[136.65684,35.37475],[136.65579,35.37767],[136.65425,35.3798],[136.65217,35.38144],[136.65605,35.38322],[136.65655,35.38286],[136.65663,35.38164],[136.6576,35.38077],[136.65862,35.38062],[136.65956,35.37876],[136.65796,35.37729],[136.65795,35.37665],[136.65879,35.37617],[136.65983,35.37675],[136.66128,35.37671],[136.66186,35.37552],[136.66331,35.37469],[136.66319,35.37138],[136.67061,35.36853],[136.67125,35.36887],[136.67147,35.36799],[136.67286,35.36729],[136.67266,35.36697],[136.67327,35.36633],[136.67294,35.36544],[136.67465,35.36575],[136.6754,35.36415],[136.67519,35.36377],[136.67569,35.36401],[136.67647,35.3633],[136.67623,35.36144],[136.67427,35.36136],[136.67341,35.3588],[136.67396,35.3572],[136.67299,35.35426],[136.67508,35.35385],[136.67469,35.35259],[136.67298,35.35133],[136.67271,35.34711],[136.67315,35.34686],[136.67645,35.34786],[136.67719,35.34779],[136.67774,35.34703],[136.68006,35.34699],[136.67995,35.34613],[136.67889,35.3461],[136.6789,35.34527],[136.68143,35.34425],[136.68371,35.34425],[136.68502,35.34516],[136.68814,35.34504],[136.68834,35.33442],[136.68705,35.33056],[136.68329,35.32581],[136.67731,35.32261],[136.67047,35.3197],[136.66802,35.31756],[136.66584,35.31446],[136.66454,35.31095],[136.66487,35.30742],[136.66062,35.3099],[136.65718,35.3079],[136.65127,35.30807],[136.64871,35.31054],[136.64504,35.31104],[136.64486,35.31017],[136.64289,35.3103],[136.64313,35.31144],[136.64061,35.31195],[136.63956,35.31266],[136.64122,35.31538],[136.64143,35.31696],[136.63952,35.31838],[136.63946,35.32168],[136.63786,35.32925],[136.6377,35.33223],[136.63928,35.3351],[136.64363,35.3385],[136.65177,35.33907],[136.65205,35.33945],[136.65345,35.33803],[136.65447,35.33807]]]}},{"type":"Feature","properties":{"id":"muni-21401","name":"揖斐川町"},"geometry":{"type":"Polygon","coordinates":[[[136.51654,35.43838],[136.51694,35.43789],[136.5126,35.43631],[136.50945,35.43258],[136.50786,35.4316],[136.50288,35.43174],[136.50197,35.43304],[136.49864,35.43417],[136.49686,35.43348],[136.49489,35.43178],[136.49357,35.42945],[136.4901,35.42702],[136.49063,35.42495],[136.48979,35.42421],[136.48982,35.42352],[136.48614,35.42122],[136.48601,35.42027],[136.48538,35.41984],[136.48576,35.41632],[136.48467,35.4156],[136.4814,35.4171],[136.48043,35.41631],[136.47813,35.4158],[136.47733,35.41497],[136.47496,35.41463],[136.47313,35.41519],[136.47055,35.41513],[136.4703,35.41261],[136.46828,35.41181],[136.46683,35.41019],[136.46757,35.40599],[136.46544,35.40397],[136.46407,35.40069],[136.46385,35.39496],[136.46157,35.39541],[136.45957,35.39347],[136.45887,35.39399],[136.45549,35.39352],[136.45235,35.39407],[136.44971,35.39255],[136.44818,35.38869],[136.44662,35.38975],[136.44457,35.38943],[136.44165,35.3907],[136.44115,35.39145],[136.44111,35.394],[136.4372,35.3954],[136.43674,35.39747],[136.43374,35.39802],[136.4317,35.39915],[136.43139,35.39995],[136.43016,35.4],[136.42801,35.40096],[136.4274,35.40226],[136.42616,35.40261],[136.42505,35.40375],[136.42455,35.40515],[136.42475,35.4073],[136.42296,35.4082],[136.42217,35.40917],[136.42008,35.41307],[136.41777,35.41525],[136.41593,35.41601],[136.41433,35.41751],[136.41179,35.41856],[136.41179,35.4223],[136.4148,35.42488],[136.41818,35.42664],[136.41878,35.42772],[136.41809,35.42887],[136.41629,35.43029],[136.41547,35.43172],[136.41557,35.43323],[136.42018,35.4361],[136.42314,35.43991],[136.42209,35.44106],[136.42214,35.44236],[136.42355,35.4452],[136.42604,35.44772],[136.42638,35.44883],[136.42496,35.4512],[136.42447,35.45345],[136.42173,35.45525],[136.42069,35.45912],[136.42152,35.46275],[136.42048,35.46679],[136.41906,35.46743],[136.41447,35.46652],[136.41124,35.46829],[136.40655,35.46917],[136.40435,35.46905],[136.40199,35.46995],[136.40231,35.47346],[136.4005,35.47501],[136.39917,35.47847],[136.39824,35.47956],[136.39811,35.48104],[136.396,35.48172],[136.39414,35.48345],[136.3929,35.48541],[136.39114,35.48535],[136.38794,35.48748],[136.38667,35.48895],[136.38696,35.49271],[136.38827,35.49395],[136.38777,35.49678],[136.38904,35.49747],[136.39232,35.504],[136.39385,35.50461],[136.39408,35.50632],[136.39673,35.50728],[136.3969,35.50938],[136.39944,35.51059],[136.39967,35.51146],[136.4004,35.51165],[136.40008,35.51362],[136.40228,35.51333],[136.40241,35.51216],[136.40379,35.5115],[136.40457,35.51335],[136.4053,35.51347],[136.40445,35.5164],[136.40304,35.51742],[136.40246,35.5189],[136.39906,35.52128],[136.39921,35.52207],[136.40067,35.52315],[136.40128,35.5253],[136.40007,35.52773],[136.3993,35.53116],[136.39809,35.5317],[136.39525,35.53081],[136.39294,35.53144],[136.39057,35.5313],[136.38864,35.53274],[136.38427,35.53342],[136.38371,35.53448],[136.38275,35.53478],[136.38219,35.53599],[136.38265,35.53689],[136.38125,35.53743],[136.38085,35.53992],[136.37994,35.54097],[136.38022,35.54614],[136.37893,35.54823],[136.37643,35.54928],[136.37504,35.55284],[136.37498,35.55556],[136.37415,35.5583],[136.3737,35.55933],[136.37292,35.55973],[136.37028,35.55889],[136.3659,35.55958],[136.36267,35.55878],[136.36284,35.55591],[136.36168,35.55162],[136.35932,35.54858],[136.35871,35.54445],[136.35671,35.54264],[136.35655,35.53944],[136.3555,35.53868],[136.3519,35.53824],[136.3501,35.53739],[136.34831,35.53785],[136.34553,35.53702],[136.34403,35.53745],[136.3409,35.53728],[136.3395,35.54057],[136.34108,35.54201],[136.3411,35.54281],[136.33989,35.54403],[136.33899,35.54812],[136.33702,35.55016],[136.33329,35.54995],[136.33201,35.55061],[136.32998,35.55081],[136.32681,35.55008],[136.3261,35.54939],[136.32581,35.54608],[136.32462,35.54517],[136.32206,35.5443],[136.31915,35.54661],[136.31803,35.54694],[136.31698,35.54815],[136.31654,35.55059],[136.31746,35.553],[136.31636,35.55697],[136.31891,35.56539],[136.32278,35.5697],[136.32172,35.57204],[136.32329,35.57478],[136.32257,35.57774],[136.32326,35.57884],[136.32208,35.58127],[136.32269,35.58304],[136.32442,35.58381],[136.3241,35.58527],[136.32329,35.58577],[136.32214,35.58783],[136.32204,35.58953],[136.3228,35.5928],[136.32141,35.59408],[136.32144,35.59882],[136.31899,35.60397],[136.318,35.60487],[136.31514,35.60588],[136.31675,35.60682],[136.31942,35.6102],[136.32067,35.61081],[136.32104,35.6125],[136.32294,35.61447],[136.3235,35.61659],[136.3192,35.62096],[136.31612,35.62177],[136.31591,35.62364],[136.31249,35.6229],[136.30994,35.62326],[136.30646,35.62227],[136.30303,35.61927],[136.30035,35.6186],[136.29796,35.61734],[136.29615,35.61821],[136.29326,35.61813],[136.2913,35.6196],[136.28867,35.62044],[136.28702,35.62476],[136.28737,35.62726],[136.28708,35.62832],[136.28599,35.62972],[136.28359,35.63129],[136.28255,35.63454],[136.279,35.63672],[136.27875,35.63838],[136.27943,35.63963],[136.28156,35.64054],[136.28285,35.64248],[136.28145,35.64761],[136.27955,35.64863],[136.2791,35.6495],[136.27659,35.65136],[136.27602,35.65316],[136.27662,35.65503],[136.27847,35.65761],[136.28074,35.65932],[136.28359,35.66289],[136.28652,35.66482],[136.28956,35.66538],[136.29082,35.66609],[136.289,35.66842],[136.28855,35.67116],[136.29522,35.67535],[136.29689,35.67567],[136.29837,35.67751],[136.29898,35.67753],[136.29882,35.67878],[136.29456,35.68062],[136.29318,35.68316],[136.2917,35.68397],[136.29194,35.68522],[136.29063,35.68775],[136.29129,35.68839],[136.2918,35.69067],[136.2925,35.69125],[136.29495,35.69092],[136.29748,35.69184],[136.29916,35.69347],[136.30148,35.69752],[136.30405,35.70008],[136.30433,35.70123],[136.30646,35.70112],[136.30955,35.70353],[136.31085,35.70561],[136.31072,35.70998],[136.31191,35.7122],[136.31306,35.71298],[136.31635,35.7133],[136.31696,35.71441],[136.31905,35.71437],[136.32274,35.71572],[136.3239,35.71676],[136.32349,35.71807],[136.32123,35.72013],[136.32047,35.72272],[136.32151,35.72399],[136.32341,35.72483],[136.32418,35.72631],[136.32534,35.72648],[136.32462,35.72753],[136.32702,35.73151],[136.32581,35.73304],[136.32528,35.73609],[136.32438,35.73813],[136.32421,35.7409],[136.32531,35.74365],[136.32509,35.74469],[136.32443,35.7452],[136.32196,35.74632],[136.32122,35.74717],[136.31995,35.74746],[136.31916,35.74863],[136.31946,35.75009],[136.31839,35.75125],[136.31945,35.75209],[136.32034,35.75892],[136.32212,35.7614],[136.32126,35.76499],[136.32174,35.7657],[136.32451,35.76715],[136.32326,35.7687],[136.3278,35.77502],[136.33299,35.77643],[136.33578,35.77624],[136.33648,35.77453],[136.33723,35.77523],[136.33934,35.77579],[136.34174,35.77613],[136.34283,35.77534],[136.3449,35.77624],[136.34686,35.77613],[136.34814,35.77781],[136.3483,35.77978],[136.35255,35.783],[136.35591,35.78437],[136.35683,35.78543],[136.35713,35.78668],[136.36,35.78698],[136.36422,35.78828],[136.36571,35.7897],[136.36771,35.79],[136.37197,35.79202],[136.37621,35.79492],[136.37747,35.79524],[136.37917,35.79437],[136.38224,35.79404],[136.38349,35.79315],[136.38886,35.79197],[136.38939,35.79116],[136.38976,35.78813],[136.39301,35.78846],[136.39629,35.78809],[136.40033,35.789],[136.40163,35.78613],[136.40347,35.78522],[136.40368,35.78388],[136.40781,35.78217],[136.40863,35.78028],[136.41086,35.78163],[136.41449,35.78259],[136.41577,35.78263],[136.41641,35.78216],[136.41854,35.78249],[136.42311,35.78003],[136.42412,35.7783],[136.42936,35.77649],[136.43164,35.77461],[136.43478,35.77439],[136.43727,35.7749],[136.43869,35.77445],[136.44081,35.77518],[136.44265,35.77483],[136.44395,35.77369],[136.44578,35.7731],[136.44696,35.77436],[136.4511,35.77656],[136.45397,35.77653],[136.45481,35.77759],[136.45878,35.77914],[136.46173,35.77868],[136.46208,35.77773],[136.46458,35.77584],[136.46486,35.77507],[136.46882,35.77283],[136.47019,35.77338],[136.4744,35.77274],[136.47521,35.77353],[136.47792,35.77428],[136.48035,35.77369],[136.4847,35.77514],[136.48565,35.77335],[136.4912,35.76977],[136.49326,35.7673],[136.49633,35.76558],[136.49754,35.76305],[136.49719,35.76083],[136.49888,35.75825],[136.49947,35.7556],[136.50424,35.75049],[136.50635,35.75046],[136.508,35.75348],[136.50746,35.75551],[136.50783,35.75668],[136.51157,35.75872],[136.51388,35.7623],[136.51633,35.76129],[136.51643,35.76026],[136.51782,35.75877],[136.51826,35.75685],[136.52081,35.7547],[136.52183,35.75315],[136.52581,35.75237],[136.52986,35.75076],[136.5298,35.74927],[136.53132,35.74507],[136.53125,35.74195],[136.53215,35.74099],[136.53264,35.73911],[136.53219,35.73721],[136.5331,35.73704],[136.53342,35.73557],[136.53435,35.73502],[136.53536,35.73201],[136.53446,35.73014],[136.53469,35.72764],[136.53307,35.72584],[136.53402,35.72368],[136.53197,35.72208],[136.5326,35.72084],[136.53116,35.71978],[136.52924,35.71716],[136.52879,35.71526],[136.53053,35.71315],[136.53008,35.71105],[136.53119,35.70863],[136.53165,35.70506],[136.53221,35.70431],[136.53095,35.70293],[136.53167,35.70206],[136.53349,35.70126],[136.53474,35.69964],[136.53683,35.69856],[136.53705,35.69697],[136.53658,35.69522],[136.53779,35.69442],[136.53653,35.69143],[136.53659,35.69062],[136.53561,35.68956],[136.53144,35.68832],[136.52807,35.68826],[136.5259,35.68703],[136.52527,35.68723],[136.5237,35.68569],[136.52246,35.68546],[136.52146,35.68295],[136.52137,35.68134],[136.52041,35.6798],[136.51551,35.67628],[136.51499,35.67372],[136.51812,35.67027],[136.51789,35.66868],[136.51978,35.66631],[136.52062,35.66397],[136.52342,35.66166],[136.5273,35.66003],[136.52804,35.65875],[136.52903,35.65817],[136.52906,35.65758],[136.53157,35.65533],[136.53203,35.65392],[136.53724,35.65154],[136.53765,35.65039],[136.53731,35.64796],[136.5365,35.64701],[136.53658,35.64547],[136.53611,35.64469],[136.54087,35.64161],[136.54607,35.63962],[136.54695,35.63622],[136.55173,35.63398],[136.55435,35.63207],[136.55544,35.63043],[136.55682,35.62938],[136.55972,35.62833],[136.56007,35.62391],[136.55813,35.62189],[136.55799,35.62089],[136.55911,35.61963],[136.56001,35.61692],[136.56113,35.61554],[136.56112,35.61356],[136.5631,35.61156],[136.56214,35.60924],[136.56236,35.60797],[136.5614,35.60493],[136.56159,35.60359],[136.55992,35.60132],[136.56396,35.59672],[136.56299,35.59477],[136.56352,35.58991],[136.56271,35.58741],[136.56437,35.58638],[136.56925,35.58548],[136.56931,35.58269],[136.57096,35.5817],[136.57135,35.58059],[136.57703,35.5797],[136.57876,35.58019],[136.58122,35.58206],[136.58215,35.58188],[136.58439,35.57807],[136.58554,35.57735],[136.59198,35.57775],[136.59365,35.57839],[136.59503,35.5781],[136.59578,35.5786],[136.5983,35.57853],[136.60007,35.57905],[136.60276,35.57889],[136.60389,35.57824],[136.60699,35.57844],[136.61116,35.57676],[136.61299,35.57657],[136.61495,35.57703],[136.61706,35.5751],[136.61774,35.57262],[136.6219,35.57251],[136.62412,35.57305],[136.6262,35.57247],[136.62853,35.57099],[136.63366,35.5736],[136.63913,35.57482],[136.63977,35.57435],[136.63943,35.57282],[136.63639,35.5702],[136.63515,35.56689],[136.63528,35.566],[136.63656,35.56335],[136.63835,35.56229],[136.63839,35.56082],[136.64041,35.55773],[136.6434,35.5541],[136.64621,35.55282],[136.64642,35.55184],[136.64468,35.55097],[136.63958,35.55113],[136.6366,35.55023],[136.63452,35.54788],[136.63418,35.54487],[136.63658,35.54361],[136.63824,35.54212],[136.64032,35.53777],[136.64169,35.53625],[136.64587,35.53465],[136.6493,35.53171],[136.64955,35.5292],[136.64863,35.52741],[136.64722,35.52622],[136.64219,35.52405],[136.64121,35.52171],[136.64165,35.52057],[136.64405,35.51799],[136.64631,35.51693],[136.65013,35.51638],[136.65165,35.51495],[136.65217,35.51116],[136.65369,35.50988],[136.65266,35.50859],[136.65134,35.50794],[136.6515,35.50568],[136.64835,35.50319],[136.64717,35.50295],[136.64654,35.50131],[136.64558,35.50078],[136.64328,35.50081],[136.64177,35.50151],[136.64047,35.50304],[136.63619,35.50556],[136.6325,35.5031],[136.63099,35.50263],[136.62672,35.50329],[136.62619,35.503],[136.62482,35.49997],[136.62196,35.49886],[136.61967,35.49919],[136.61833,35.49885],[136.61852,35.4972],[136.61601,35.49594],[136.61502,35.49403],[136.61316,35.49204],[136.61207,35.49169],[136.61058,35.49235],[136.6097,35.49206],[136.60914,35.49075],[136.60642,35.49063],[136.60386,35.48938],[136.60046,35.48987],[136.59928,35.48918],[136.59602,35.48946],[136.59368,35.48794],[136.5926,35.48659],[136.59253,35.48563],[136.59336,35.48465],[136.59381,35.4821],[136.59202,35.48082],[136.59241,35.47934],[136.59425,35.47753],[136.59639,35.47676],[136.59985,35.47443],[136.60385,35.47416],[136.60321,35.47341],[136.60525,35.47352],[136.60525,35.47097],[136.60462,35.47065],[136.6046,35.46968],[136.60537,35.46968],[136.60548,35.46856],[136.60499,35.4686],[136.6051,35.46826],[136.60664,35.46798],[136.60665,35.46669],[136.60769,35.4667],[136.60784,35.46168],[136.60042,35.46193],[136.59667,35.46079],[136.59602,35.46179],[136.59277,35.46047],[136.5892,35.46428],[136.58628,35.46373],[136.58686,35.46274],[136.58554,35.46239],[136.57848,35.46162],[136.57391,35.46164],[136.57342,35.46345],[136.57033,35.46395],[136.57062,35.46548],[136.56995,35.46568],[136.57037,35.46588],[136.57039,35.46675],[136.56995,35.46722],[136.56908,35.4672],[136.56905,35.46777],[136.57033,35.46786],[136.57028,35.4684],[136.56971,35.46853],[136.56977,35.47134],[136.56875,35.47321],[136.56515,35.47201],[136.54994,35.47146],[136.54682,35.47041],[136.54635,35.46856],[136.5444,35.4682],[136.54386,35.46916],[136.53947,35.47118],[136.53097,35.47193],[136.53682,35.46916],[136.53597,35.46718],[136.52834,35.46464],[136.52525,35.46261],[136.52556,35.46214],[136.52496,35.46073],[136.5251,35.45888],[136.5232,35.45672],[136.52286,35.4552],[136.52129,35.45367],[136.52085,35.45237],[136.519,35.45122],[136.51775,35.44937],[136.51924,35.44795],[136.51889,35.44591],[136.51777,35.44446],[136.5181,35.44296],[136.51713,35.4413],[136.51654,35.43838]]]}},{"type":"Feature","properties":{"id":"muni-21403","name":"大野町"},"geometry":{"type":"Polygon","coordinates":[[[136.61971,35.42385],[136.61503,35.42984],[136.60576,35.44408],[136.5985,35.45063],[136.59602,35.45409],[136.59277,35.46047],[136.59602,35.46179],[136.59667,35.46079],[136.60042,35.46193],[136.60784,35.46168],[136.60769,35.4667],[136.60665,35.46669],[136.60664,35.46798],[136.6051,35.46826],[136.60499,35.4686],[136.60548,35.46856],[136.60537,35.46968],[136.6046,35.46968],[136.60462,35.47065],[136.60525,35.47097],[136.60525,35.47352],[136.60321,35.47341],[136.60385,35.47416],[136.59985,35.47443],[136.5931,35.47838],[136.59196,35.48055],[136.59269,35.48157],[136.59381,35.4821],[136.59336,35.48465],[136.59255,35.48554],[136.5926,35.48659],[136.59397,35.48823],[136.59576,35.4894],[136.59928,35.48918],[136.60046,35.48987],[136.60386,35.48938],[136.60642,35.49063],[136.60914,35.49075],[136.6097,35.49206],[136.61058,35.49235],[136.61207,35.49169],[136.61316,35.49204],[136.61502,35.49403],[136.61601,35.49594],[136.61852,35.4972],[136.61833,35.49885],[136.61967,35.49919],[136.62196,35.49886],[136.62482,35.49997],[136.62619,35.503],[136.62672,35.50329],[136.63099,35.50263],[136.6325,35.5031],[136.63619,35.50556],[136.64047,35.50304],[136.64177,35.50151],[136.64371,35.50074],[136.64592,35.50085],[136.64717,35.50295],[136.64835,35.50319],[136.65161,35.50581],[136.65134,35.50794],[136.65266,35.50859],[136.65369,35.50988],[136.65905,35.51005],[136.65995,35.50904],[136.66025,35.50747],[136.6594,35.50522],[136.65637,35.50033],[136.6595,35.49493],[136.66005,35.49184],[136.65685,35.48181],[136.65574,35.4794],[136.64752,35.4675],[136.64516,35.45828],[136.6423,35.45189],[136.64034,35.44943],[136.63578,35.44759],[136.63433,35.4475],[136.63544,35.44663],[136.6356,35.44546],[136.63446,35.44362],[136.6336,35.43997],[136.63228,35.42864],[136.63288,35.42864],[136.63253,35.42309],[136.63362,35.42011],[136.63858,35.41189],[136.63999,35.40709],[136.63969,35.40407],[136.6366,35.40786],[136.6293,35.41196],[136.62637,35.41534],[136.62437,35.4186],[136.62705,35.41965],[136.62914,35.41963],[136.62964,35.41877],[136.63077,35.4184],[136.63199,35.41914],[136.63014,35.42288],[136.63013,35.42692],[136.62253,35.42683],[136.62256,35.42526],[136.61971,35.42385]]]}},{"type":"Feature","properties":{"id":"muni-21404","name":"池田町"},"geometry":{"type":"Polygon","coordinates":[[[136.51962,35.43508],[136.51732,35.43704],[136.51645,35.43863],[136.51713,35.4413],[136.5181,35.44296],[136.51777,35.44446],[136.51889,35.44591],[136.51924,35.44795],[136.51774,35.44929],[136.51813,35.45024],[136.51983,35.45196],[136.52085,35.45237],[136.52129,35.45367],[136.52286,35.4552],[136.5232,35.45672],[136.5251,35.45888],[136.52496,35.46073],[136.52556,35.46214],[136.52525,35.46261],[136.52834,35.46464],[136.53597,35.46718],[136.53682,35.46916],[136.53097,35.47193],[136.53947,35.47118],[136.54386,35.46916],[136.5444,35.4682],[136.54635,35.46856],[136.54682,35.47041],[136.54994,35.47146],[136.56515,35.47201],[136.56875,35.47321],[136.56977,35.47134],[136.56971,35.46853],[136.57028,35.4684],[136.57033,35.46786],[136.56905,35.46777],[136.56908,35.4672],[136.56995,35.46722],[136.57039,35.46675],[136.57037,35.46588],[136.56995,35.46568],[136.57062,35.46548],[136.57033,35.46395],[136.57342,35.46345],[136.57391,35.46164],[136.57848,35.46162],[136.58618,35.46251],[136.58686,35.46274],[136.58628,35.46373],[136.5892,35.46428],[136.59259,35.46079],[136.59602,35.45409],[136.60061,35.44835],[136.59729,35.44681],[136.59722,35.44594],[136.59654,35.44599],[136.5958,35.44536],[136.59598,35.44413],[136.59388,35.44398],[136.59391,35.44455],[136.59308,35.44464],[136.59041,35.44426],[136.59,35.439],[136.58884,35.43904],[136.5887,35.43632],[136.58753,35.43633],[136.5871,35.4331],[136.58461,35.42943],[136.58515,35.42936],[136.58615,35.42255],[136.58507,35.42247],[136.5856,35.41836],[136.58631,35.41834],[136.58627,35.41725],[136.58443,35.4171],[136.58478,35.4134],[136.58528,35.4125],[136.58442,35.41218],[136.58471,35.41166],[136.58429,35.4115],[136.58475,35.41067],[136.58558,35.41101],[136.58542,35.40957],[136.58495,35.40826],[136.58295,35.40749],[136.58237,35.40853],[136.58094,35.40799],[136.58059,35.40882],[136.57862,35.40826],[136.57731,35.40883],[136.57659,35.4078],[136.57697,35.4066],[136.57661,35.40576],[136.57717,35.40449],[136.57147,35.40569],[136.56815,35.40725],[136.56898,35.40767],[136.56813,35.40855],[136.56751,35.40833],[136.56576,35.40958],[136.5637,35.40976],[136.56283,35.41091],[136.56096,35.40948],[136.5583,35.40958],[136.55585,35.41059],[136.55349,35.40862],[136.54841,35.40728],[136.54818,35.40863],[136.54914,35.40901],[136.55,35.41079],[136.5489,35.41104],[136.54553,35.41326],[136.54565,35.41387],[136.54398,35.41474],[136.54318,35.41723],[136.54144,35.41734],[136.541,35.41536],[136.53926,35.41565],[136.53894,35.41461],[136.53528,35.41543],[136.53241,35.4183],[136.53005,35.41933],[136.52771,35.41842],[136.52529,35.41822],[136.523,35.42138],[136.52285,35.4224],[136.52141,35.42378],[136.5222,35.42572],[136.52099,35.428],[136.52072,35.43086],[136.51851,35.4325],[136.51854,35.43419],[136.51962,35.43508]]]}},{"type":"Feature","properties":{"id":"muni-21421","name":"北方町"},"geometry":{"type":"Polygon","coordinates":[[[136.68107,35.42994],[136.68038,35.43021],[136.68012,35.43096],[136.67879,35.43126],[136.67845,35.43303],[136.67852,35.4339],[136.67909,35.43428],[136.68118,35.43446],[136.67873,35.43675],[136.67676,35.44103],[136.6789,35.44013],[136.68364,35.44195],[136.69165,35.44218],[136.69229,35.44669],[136.69305,35.44644],[136.69304,35.44709],[136.69244,35.44709],[136.69212,35.44904],[136.69597,35.44913],[136.69606,35.44762],[136.69735,35.44769],[136.69754,35.44713],[136.69845,35.44716],[136.69901,35.42149],[136.69283,35.42138],[136.69295,35.41155],[136.68935,35.41154],[136.68936,35.41245],[136.68733,35.41283],[136.68672,35.41388],[136.68693,35.41447],[136.68206,35.41442],[136.68208,35.41723],[136.681,35.41759],[136.68005,35.4173],[136.68192,35.42021],[136.68201,35.42213],[136.68284,35.42261],[136.68273,35.42324],[136.68329,35.42324],[136.68328,35.42512],[136.68251,35.42511],[136.68202,35.42684],[136.6814,35.42732],[136.68166,35.42838],[136.68101,35.42921],[136.68107,35.42994]]]}},{"type":"Feature","properties":{"id":"muni-21501","name":"坂祝町"},"geometry":{"type":"Polygon","coordinates":[[[136.99246,35.44298],[136.99427,35.44103],[136.99614,35.44148],[136.99856,35.44114],[137.00157,35.44008],[137.00172,35.44104],[137.00215,35.44091],[137.00161,35.43806],[137.00108,35.4378],[137.00142,35.43749],[137.00243,35.43818],[137.0034,35.433],[137.00198,35.43137],[137.00611,35.42993],[137.00674,35.42895],[137.00714,35.42691],[137.00575,35.42507],[136.99866,35.42375],[136.98864,35.4248],[136.98532,35.4244],[136.97462,35.42179],[136.97014,35.42209],[136.96616,35.42168],[136.96476,35.42113],[136.9624,35.41882],[136.96147,35.41694],[136.96118,35.41452],[136.95704,35.41524],[136.95278,35.41411],[136.95216,35.41523],[136.95067,35.41592],[136.95161,35.41738],[136.9511,35.41985],[136.95154,35.42052],[136.94989,35.42243],[136.95062,35.42347],[136.9502,35.42453],[136.95267,35.42665],[136.94854,35.42948],[136.9491,35.43041],[136.95373,35.43069],[136.95491,35.43134],[136.95531,35.43308],[136.95628,35.43403],[136.95545,35.43439],[136.95569,35.43539],[136.95503,35.43629],[136.95481,35.43852],[136.95569,35.43884],[136.95677,35.43855],[136.95686,35.44144],[136.95825,35.44318],[136.9586,35.44481],[136.9592,35.4454],[136.95898,35.44641],[136.96019,35.44668],[136.96259,35.44614],[136.96572,35.44466],[136.96759,35.44689],[136.97012,35.44523],[136.97073,35.44637],[136.96915,35.44785],[136.96972,35.4516],[136.97311,35.45063],[136.97463,35.45231],[136.97943,35.44945],[136.98471,35.44793],[136.98429,35.4484],[136.98474,35.44936],[136.98692,35.45113],[136.98749,35.45239],[136.99211,35.45279],[136.9935,35.45204],[136.99222,35.44763],[136.99222,35.44614],[136.99246,35.44298]]]}},{"type":"Feature","properties":{"id":"muni-21502","name":"富加町"},"geometry":{"type":"Polygon","coordinates":[[[136.95183,35.4913],[136.95091,35.49258],[136.95087,35.49605],[136.95019,35.49607],[136.94944,35.4983],[136.94723,35.49905],[136.94747,35.50133],[136.94837,35.50291],[136.94825,35.50533],[136.94915,35.50599],[136.94927,35.50716],[136.95074,35.50714],[136.95121,35.50754],[136.95121,35.50876],[136.95294,35.50771],[136.95647,35.50655],[136.96176,35.50565],[136.96273,35.50817],[136.96417,35.50863],[136.96638,35.50833],[136.96915,35.50924],[136.97036,35.50801],[136.97687,35.50856],[136.98151,35.51092],[136.98363,35.51092],[136.9854,35.50833],[136.98839,35.50689],[136.98991,35.50811],[136.99077,35.50769],[136.99224,35.50816],[136.99296,35.50786],[136.99435,35.50897],[136.9949,35.50845],[136.99622,35.5087],[136.99745,35.50826],[136.99652,35.50767],[136.99777,35.50802],[136.99822,35.50759],[136.9985,35.50715],[136.99591,35.5067],[136.99588,35.50609],[136.99725,35.50606],[136.99887,35.50675],[136.99791,35.50576],[136.99941,35.50596],[136.99926,35.50495],[136.99994,35.50341],[136.99893,35.50433],[136.99878,35.50314],[136.99736,35.50287],[136.99725,35.50236],[137.00009,35.50256],[137.00284,35.49994],[137.00095,35.49755],[136.99933,35.49675],[136.9996,35.49555],[136.99665,35.49467],[136.9975,35.49391],[137.00012,35.49245],[137.00132,35.49228],[137.00585,35.49349],[137.00914,35.4956],[137.009,35.49486],[137.00944,35.49432],[137.01094,35.49412],[137.01131,35.49446],[137.01239,35.49378],[137.01348,35.49152],[137.01172,35.49364],[137.00999,35.49421],[137.00948,35.49368],[137.00988,35.49062],[137.00939,35.49255],[137.00878,35.49209],[137.00845,35.49239],[137.0094,35.49275],[137.00937,35.49398],[137.00901,35.49442],[137.00857,35.49411],[137.00872,35.49469],[137.00811,35.49394],[137.00804,35.49239],[137.0088,35.49194],[137.00973,35.4899],[137.01207,35.48924],[137.01204,35.4882],[137.01249,35.48777],[137.01188,35.48649],[137.00881,35.48395],[137.00535,35.48449],[137.00378,35.48351],[137.00199,35.48328],[137.00169,35.48207],[136.9996,35.48142],[136.99737,35.47942],[136.99613,35.47934],[136.99483,35.47856],[136.99301,35.47828],[136.99237,35.4787],[136.99167,35.47812],[136.99099,35.47869],[136.98971,35.47857],[136.98826,35.47936],[136.98414,35.47955],[136.98418,35.47158],[136.97382,35.47191],[136.97378,35.47159],[136.97081,35.47161],[136.97046,35.47298],[136.96894,35.47342],[136.96918,35.4757],[136.9687,35.47983],[136.96762,35.47976],[136.9663,35.48087],[136.96474,35.48093],[136.96497,35.47972],[136.96413,35.47444],[136.96487,35.47385],[136.96392,35.47303],[136.96308,35.46865],[136.95667,35.47092],[136.9558,35.47231],[136.95617,35.47329],[136.95448,35.47415],[136.95733,35.47774],[136.95949,35.48229],[136.9628,35.48303],[136.96435,35.48442],[136.95934,35.48613],[136.95625,35.48565],[136.95573,35.4878],[136.95265,35.48669],[136.95215,35.48795],[136.95094,35.48877],[136.95096,35.49075],[136.95183,35.4913]]]}},{"type":"Feature","properties":{"id":"muni-21503","name":"川辺町"},"geometry":{"type":"Polygon","coordinates":[[[137.04521,35.5074],[137.05019,35.50894],[137.05019,35.50852],[137.05138,35.50825],[137.05298,35.50853],[137.0533,35.50897],[137.05187,35.51025],[137.05208,35.51133],[137.05169,35.5116],[137.05187,35.5126],[137.05143,35.51352],[137.05206,35.51453],[137.05168,35.51531],[137.05209,35.5165],[137.05286,35.5172],[137.05658,35.51789],[137.05657,35.51888],[137.05741,35.52011],[137.0585,35.52065],[137.05815,35.5217],[137.06068,35.52258],[137.06376,35.52764],[137.06675,35.52919],[137.06963,35.52892],[137.07147,35.52999],[137.07127,35.53044],[137.07019,35.52953],[137.06897,35.52956],[137.07051,35.53197],[137.07019,35.533],[137.06746,35.53156],[137.06711,35.53179],[137.06727,35.53506],[137.06625,35.53595],[137.06577,35.53684],[137.06597,35.53753],[137.06518,35.53841],[137.06613,35.54045],[137.0688,35.54358],[137.06781,35.54725],[137.0664,35.54835],[137.0623,35.54955],[137.06003,35.55094],[137.05877,35.55042],[137.05809,35.55083],[137.05777,35.55308],[137.05811,35.5538],[137.05907,35.55423],[137.06169,35.55385],[137.06266,35.55313],[137.06401,35.55297],[137.06414,35.55119],[137.06879,35.55033],[137.07059,35.55028],[137.07311,35.5515],[137.07638,35.55221],[137.07825,35.55188],[137.07869,35.551],[137.08079,35.55059],[137.08489,35.54852],[137.08603,35.54849],[137.08917,35.5462],[137.09532,35.54512],[137.09735,35.54783],[137.0968,35.5491],[137.09417,35.55103],[137.09364,35.5525],[137.09448,35.5536],[137.09727,35.55499],[137.09897,35.55473],[137.10429,35.55216],[137.10626,35.55023],[137.10738,35.54989],[137.10524,35.54889],[137.10249,35.54893],[137.10195,35.54787],[137.10122,35.54842],[137.09959,35.5481],[137.10089,35.54544],[137.10003,35.54513],[137.09977,35.54418],[137.10335,35.54463],[137.10694,35.54605],[137.10851,35.5453],[137.10689,35.54506],[137.10591,35.54249],[137.10369,35.54198],[137.10574,35.54126],[137.10723,35.53985],[137.10609,35.53522],[137.10722,35.53307],[137.1071,35.53249],[137.10772,35.53224],[137.10811,35.52805],[137.10943,35.52843],[137.10924,35.52641],[137.10876,35.52681],[137.10864,35.5262],[137.10901,35.52407],[137.1082,35.52354],[137.10882,35.52096],[137.1071,35.52047],[137.10737,35.51915],[137.10706,35.51856],[137.11235,35.5185],[137.11365,35.51958],[137.11412,35.5183],[137.1159,35.51719],[137.11675,35.51853],[137.11761,35.51833],[137.11886,35.51941],[137.12073,35.51914],[137.12125,35.51826],[137.12241,35.5178],[137.12243,35.5165],[137.12411,35.51606],[137.12727,35.51628],[137.1276,35.51515],[137.1295,35.51521],[137.13042,35.51463],[137.13221,35.51268],[137.13281,35.50997],[137.13252,35.50761],[137.13123,35.50614],[137.13145,35.50457],[137.12854,35.50186],[137.12649,35.50106],[137.12587,35.50179],[137.12339,35.50287],[137.11918,35.50361],[137.11798,35.50559],[137.11588,35.5059],[137.11527,35.50451],[137.11436,35.50459],[137.11284,35.50349],[137.1148,35.50129],[137.11258,35.49961],[137.1125,35.49862],[137.11136,35.49765],[137.10885,35.49766],[137.10797,35.49724],[137.10729,35.49545],[137.10406,35.49232],[137.10323,35.49017],[137.10194,35.48902],[137.10043,35.48877],[137.09857,35.48956],[137.09571,35.48958],[137.09266,35.48891],[137.09081,35.49017],[137.08965,35.4904],[137.08505,35.48865],[137.08413,35.4878],[137.08275,35.48478],[137.08323,35.48454],[137.08259,35.48297],[137.08342,35.48265],[137.08521,35.48056],[137.08462,35.47986],[137.08607,35.47773],[137.08934,35.47472],[137.09134,35.47429],[137.09185,35.47289],[137.08887,35.47103],[137.08803,35.46965],[137.08665,35.46928],[137.08599,35.46994],[137.08613,35.47056],[137.0848,35.47129],[137.08275,35.47097],[137.08342,35.47236],[137.0829,35.47257],[137.08294,35.47306],[137.08378,35.47417],[137.08312,35.47545],[137.08127,35.47554],[137.08019,35.47498],[137.07881,35.47573],[137.07856,35.47482],[137.07689,35.47348],[137.07361,35.4741],[137.07225,35.47436],[137.07316,35.47811],[137.07192,35.4781],[137.07178,35.47964],[137.06677,35.4786],[137.06244,35.47549],[137.0605,35.47129],[137.05893,35.46951],[137.05288,35.46605],[137.05282,35.46441],[137.05403,35.4606],[137.05318,35.46034],[137.05266,35.46178],[137.0515,35.46118],[137.05087,35.4615],[137.04981,35.46349],[137.04978,35.46469],[137.05141,35.46592],[137.05143,35.46731],[137.05111,35.4698],[137.04945,35.47293],[137.0512,35.4754],[137.05128,35.47688],[137.05293,35.47871],[137.0529,35.48178],[137.05257,35.48233],[137.05115,35.4828],[137.05047,35.48387],[137.05127,35.48593],[137.05213,35.48631],[137.05148,35.48718],[137.05144,35.489],[137.04786,35.48903],[137.04645,35.49055],[137.0453,35.491],[137.04483,35.49223],[137.04166,35.49212],[137.04047,35.49331],[137.03925,35.49336],[137.03909,35.49453],[137.03834,35.49508],[137.03726,35.4951],[137.03687,35.49577],[137.03701,35.49722],[137.03774,35.49815],[137.03751,35.50042],[137.03983,35.50329],[137.03965,35.50401],[137.04105,35.50451],[137.0412,35.50507],[137.04375,35.50526],[137.04521,35.5074]]]}},{"type":"Feature","properties":{"id":"muni-21504","name":"七宗町"},"geometry":{"type":"Polygon","coordinates":[[[137.09126,35.63144],[137.09224,35.63048],[137.09227,35.6294],[137.09336,35.62696],[137.09541,35.6254],[137.09648,35.62501],[137.09997,35.62582],[137.10308,35.62547],[137.10504,35.62597],[137.10665,35.62474],[137.10848,35.62504],[137.10938,35.62436],[137.10877,35.62212],[137.11201,35.62079],[137.11306,35.62087],[137.11507,35.6227],[137.11731,35.6229],[137.11844,35.62385],[137.12134,35.62293],[137.12316,35.62137],[137.1262,35.62296],[137.12858,35.62278],[137.13043,35.62318],[137.12934,35.62052],[137.13107,35.61979],[137.13171,35.6199],[137.13298,35.62125],[137.13248,35.62246],[137.13337,35.62368],[137.1359,35.62424],[137.13844,35.62353],[137.13871,35.62411],[137.14054,35.62502],[137.14003,35.62231],[137.13842,35.62028],[137.13862,35.61953],[137.13984,35.61894],[137.14011,35.61828],[137.13852,35.617],[137.13753,35.61371],[137.13579,35.61219],[137.13538,35.61106],[137.13718,35.60933],[137.13976,35.60956],[137.14412,35.61413],[137.14666,35.61423],[137.14801,35.61504],[137.15087,35.61551],[137.15416,35.61427],[137.15656,35.61433],[137.15817,35.61258],[137.15744,35.6109],[137.15711,35.60784],[137.15457,35.60611],[137.15363,35.60459],[137.15221,35.60437],[137.15099,35.60352],[137.14992,35.60355],[137.14887,35.60232],[137.14927,35.6016],[137.14807,35.6007],[137.14585,35.60091],[137.14473,35.60021],[137.14332,35.60059],[137.14145,35.59898],[137.13995,35.5985],[137.13966,35.59788],[137.14149,35.59691],[137.1415,35.59585],[137.14217,35.5947],[137.14452,35.59451],[137.14629,35.59495],[137.14802,35.59311],[137.15081,35.59238],[137.15275,35.59246],[137.15646,35.59027],[137.1562,35.58895],[137.15748,35.58621],[137.15841,35.58557],[137.15918,35.58339],[137.16361,35.58017],[137.16431,35.57745],[137.16719,35.57622],[137.17137,35.57593],[137.17233,35.57535],[137.17267,35.57446],[137.17494,35.57324],[137.17761,35.57037],[137.17916,35.56717],[137.18033,35.56629],[137.18066,35.563],[137.18361,35.56089],[137.18362,35.55716],[137.18494,35.55378],[137.18447,35.55237],[137.1821,35.5517],[137.17979,35.55231],[137.17826,35.55049],[137.17995,35.54887],[137.17889,35.54828],[137.17819,35.54688],[137.17637,35.54606],[137.17371,35.54555],[137.17221,35.54704],[137.1684,35.54775],[137.16634,35.54711],[137.16643,35.54657],[137.16982,35.54571],[137.17051,35.54489],[137.17036,35.54279],[137.16738,35.54089],[137.16669,35.54146],[137.1649,35.54115],[137.163,35.5423],[137.16261,35.54207],[137.16206,35.54088],[137.16364,35.5364],[137.16299,35.53546],[137.16322,35.53407],[137.16167,35.53397],[137.16091,35.53487],[137.16171,35.53526],[137.16156,35.53561],[137.1607,35.53649],[137.1592,35.53693],[137.15993,35.53889],[137.15808,35.54222],[137.15302,35.54367],[137.15125,35.54167],[137.15028,35.54181],[137.14875,35.54067],[137.14882,35.53963],[137.14771,35.53969],[137.14651,35.5391],[137.14575,35.53937],[137.14299,35.53646],[137.14352,35.53557],[137.14273,35.53499],[137.14122,35.53524],[137.1397,35.53715],[137.13866,35.53706],[137.1375,35.53613],[137.13927,35.53549],[137.14019,35.53455],[137.14013,35.5339],[137.14115,35.53339],[137.13877,35.52959],[137.13737,35.52955],[137.13628,35.52773],[137.13454,35.52737],[137.13419,35.52858],[137.13376,35.52627],[137.13572,35.52552],[137.13335,35.52417],[137.13319,35.52304],[137.13445,35.52069],[137.13312,35.52078],[137.13259,35.5199],[137.12983,35.52004],[137.12836,35.51929],[137.12427,35.51913],[137.12381,35.51698],[137.12255,35.51649],[137.12241,35.5178],[137.11957,35.51951],[137.11864,35.51931],[137.11761,35.51833],[137.11675,35.51853],[137.1159,35.51719],[137.11412,35.5183],[137.11365,35.51958],[137.11235,35.5185],[137.10706,35.51856],[137.10737,35.51915],[137.1071,35.52047],[137.10882,35.52096],[137.1082,35.52354],[137.10901,35.52407],[137.10864,35.5262],[137.10876,35.52681],[137.10924,35.52641],[137.10943,35.52843],[137.10811,35.52805],[137.10772,35.53224],[137.1071,35.53249],[137.10722,35.53307],[137.10609,35.53522],[137.10723,35.53985],[137.10574,35.54126],[137.10369,35.54198],[137.10591,35.54249],[137.10689,35.54506],[137.10851,35.5453],[137.10694,35.54605],[137.10335,35.54463],[137.09969,35.54423],[137.10003,35.54513],[137.10089,35.54544],[137.09964,35.54777],[137.09987,35.54832],[137.10122,35.54842],[137.10195,35.54787],[137.10249,35.54893],[137.10524,35.54889],[137.10738,35.54989],[137.10626,35.55023],[137.10429,35.55216],[137.09897,35.55473],[137.09685,35.55487],[137.09375,35.55286],[137.09417,35.55103],[137.0968,35.5491],[137.09735,35.54783],[137.09532,35.54512],[137.08917,35.5462],[137.08603,35.54849],[137.08489,35.54852],[137.08079,35.55059],[137.07869,35.551],[137.07825,35.55188],[137.07638,35.55221],[137.07311,35.5515],[137.07059,35.55028],[137.06879,35.55033],[137.06414,35.55119],[137.06401,35.55297],[137.06026,35.55414],[137.05855,35.55411],[137.05777,35.55308],[137.05874,35.54867],[137.05832,35.54579],[137.05683,35.5455],[137.0551,35.54587],[137.05371,35.54542],[137.05102,35.54586],[137.04894,35.54695],[137.04853,35.54783],[137.04403,35.54963],[137.04729,35.55384],[137.04752,35.55472],[137.04953,35.55566],[137.04949,35.55679],[137.05131,35.55894],[137.05793,35.56343],[137.06143,35.56496],[137.06267,35.56628],[137.06372,35.56659],[137.06376,35.5676],[137.06594,35.56736],[137.0677,35.5679],[137.07099,35.57016],[137.07137,35.57064],[137.07123,35.57188],[137.07275,35.57269],[137.07272,35.57325],[137.07168,35.57355],[137.07115,35.57444],[137.06644,35.57391],[137.06379,35.57575],[137.06456,35.57789],[137.06442,35.57869],[137.06514,35.5797],[137.06307,35.58094],[137.06334,35.58174],[137.06278,35.58258],[137.06091,35.58331],[137.05951,35.58302],[137.05867,35.58413],[137.0572,35.58477],[137.05804,35.58899],[137.05715,35.58933],[137.05607,35.59062],[137.05665,35.59222],[137.05321,35.59323],[137.053,35.59366],[137.05345,35.59445],[137.0533,35.59622],[137.05414,35.59781],[137.05381,35.59879],[137.05528,35.60338],[137.05583,35.6041],[137.05892,35.60469],[137.05972,35.60877],[137.0588,35.6104],[137.06038,35.61111],[137.06071,35.61174],[137.06078,35.6136],[137.06015,35.61462],[137.0622,35.62158],[137.06133,35.62319],[137.06335,35.62339],[137.06715,35.62232],[137.06789,35.62288],[137.07109,35.62354],[137.07136,35.62519],[137.07064,35.62688],[137.07361,35.62761],[137.07456,35.62829],[137.07546,35.62742],[137.07708,35.62864],[137.07974,35.62829],[137.08176,35.62956],[137.08167,35.63099],[137.0828,35.63184],[137.08453,35.63175],[137.08605,35.63323],[137.08688,35.63306],[137.08699,35.63247],[137.09126,35.63144]]]}},{"type":"Feature","properties":{"id":"muni-21505","name":"八百津町"},"geometry":{"type":"MultiPolygon","coordinates":[[[[137.07653,35.44691],[137.07734,35.44708],[137.07617,35.44799],[137.07701,35.44771],[137.07689,35.44874],[137.07785,35.44757],[137.07817,35.44779],[137.0787,35.44711],[137.07913,35.4474],[137.07856,35.44804],[137.07894,35.44819],[137.07865,35.44876],[137.0791,35.44889],[137.07973,35.44847],[137.07923,35.44827],[137.07938,35.44792],[137.08052,35.44738],[137.0801,35.44701],[137.08136,35.44589],[137.08058,35.44608],[137.08103,35.44536],[137.07999,35.44601],[137.0786,35.44458],[137.07775,35.4451],[137.07839,35.44593],[137.07738,35.44648],[137.07755,35.44675],[137.07645,35.44609],[137.07653,35.44691]]],[[[137.07751,35.45144],[137.07793,35.45041],[137.07656,35.45023],[137.07664,35.44966],[137.07717,35.44966],[137.0761,35.44953],[137.07612,35.45014],[137.07731,35.45104],[137.07687,35.45294],[137.07759,35.45337],[137.07677,35.4546],[137.07849,35.4548],[137.07742,35.4566],[137.07632,35.45735],[137.07573,35.45908],[137.07699,35.46],[137.07957,35.4596],[137.08163,35.4608],[137.08181,35.46174],[137.08354,35.46291],[137.08504,35.46571],[137.08605,35.46588],[137.08586,35.4669],[137.08665,35.46928],[137.08805,35.46967],[137.08887,35.47103],[137.09185,35.47282],[137.09134,35.47429],[137.08934,35.47472],[137.08607,35.47773],[137.08462,35.47986],[137.08521,35.48056],[137.08342,35.48265],[137.08259,35.48297],[137.08323,35.48454],[137.08273,35.48474],[137.08417,35.48784],[137.08552,35.48898],[137.08959,35.4904],[137.09081,35.49017],[137.09266,35.48891],[137.09571,35.48958],[137.09857,35.48956],[137.10043,35.48877],[137.10194,35.48902],[137.10323,35.49017],[137.10406,35.49232],[137.10729,35.49545],[137.10797,35.49724],[137.10885,35.49766],[137.11136,35.49765],[137.1125,35.49862],[137.11258,35.49961],[137.1148,35.50129],[137.11284,35.50349],[137.11436,35.50459],[137.11527,35.50451],[137.11604,35.50598],[137.118,35.50557],[137.11918,35.50361],[137.12339,35.50287],[137.12587,35.50179],[137.12648,35.50106],[137.12848,35.50182],[137.13145,35.50457],[137.13124,35.50619],[137.13252,35.50761],[137.13281,35.50997],[137.13221,35.51268],[137.12956,35.51517],[137.12756,35.51518],[137.12727,35.51628],[137.12411,35.51606],[137.12279,35.51657],[137.12381,35.51698],[137.12427,35.51913],[137.12836,35.51929],[137.12983,35.52004],[137.13259,35.5199],[137.13312,35.52078],[137.13445,35.52069],[137.13319,35.52304],[137.13335,35.52417],[137.13572,35.52552],[137.13376,35.52627],[137.13419,35.52858],[137.13454,35.52737],[137.13628,35.52773],[137.13737,35.52955],[137.13877,35.52959],[137.14115,35.53339],[137.14013,35.5339],[137.14021,35.53451],[137.13931,35.53545],[137.13834,35.53559],[137.13765,35.53641],[137.13965,35.53717],[137.14122,35.53524],[137.14273,35.53499],[137.14352,35.53557],[137.14299,35.53646],[137.14575,35.53937],[137.14651,35.5391],[137.14771,35.53969],[137.14882,35.53963],[137.14875,35.54067],[137.15028,35.54181],[137.15125,35.54167],[137.15302,35.54367],[137.15808,35.54222],[137.15993,35.53889],[137.1592,35.53693],[137.1607,35.53649],[137.16156,35.53561],[137.16171,35.53526],[137.16091,35.53487],[137.16167,35.53397],[137.16322,35.53407],[137.16299,35.53546],[137.16364,35.5364],[137.16206,35.54088],[137.16261,35.54207],[137.163,35.5423],[137.1649,35.54115],[137.16669,35.54146],[137.16738,35.54089],[137.17036,35.54279],[137.17051,35.54489],[137.16982,35.54571],[137.16643,35.54657],[137.16634,35.54711],[137.1684,35.54775],[137.17221,35.54704],[137.17371,35.54555],[137.17645,35.54609],[137.17819,35.54688],[137.17889,35.54828],[137.17995,35.54887],[137.17826,35.55049],[137.17979,35.55231],[137.18267,35.55174],[137.18429,35.5522],[137.1849,35.55347],[137.19499,35.5535],[137.20041,35.55466],[137.20354,35.5523],[137.20301,35.55061],[137.20344,35.54912],[137.20627,35.54629],[137.20618,35.54527],[137.20673,35.54459],[137.21151,35.54617],[137.21156,35.54778],[137.21291,35.54998],[137.21599,35.55151],[137.21933,35.55419],[137.22094,35.55296],[137.22316,35.55417],[137.22379,35.55398],[137.22428,35.55304],[137.22542,35.55349],[137.22557,35.55295],[137.22644,35.55298],[137.22703,35.55131],[137.22916,35.54944],[137.23126,35.54929],[137.23268,35.54751],[137.23573,35.5475],[137.23722,35.54687],[137.23926,35.5445],[137.23942,35.54239],[137.24023,35.54165],[137.24133,35.5419],[137.24458,35.54104],[137.24732,35.53929],[137.24855,35.53978],[137.25061,35.53955],[137.25063,35.53751],[137.25212,35.5357],[137.25152,35.53354],[137.25307,35.53302],[137.25519,35.53112],[137.25871,35.52984],[137.26467,35.52989],[137.26901,35.52703],[137.2694,35.52627],[137.27097,35.52538],[137.27168,35.52418],[137.27212,35.52418],[137.27348,35.522],[137.27311,35.52075],[137.27598,35.52055],[137.2763,35.52135],[137.2772,35.52137],[137.27944,35.51953],[137.28008,35.51785],[137.28094,35.51724],[137.28187,35.5136],[137.28416,35.51249],[137.28276,35.51077],[137.28452,35.50967],[137.28523,35.5079],[137.28703,35.50664],[137.28707,35.50595],[137.28348,35.50323],[137.28393,35.50202],[137.28179,35.50105],[137.28006,35.50096],[137.28043,35.49953],[137.27976,35.49823],[137.27795,35.49838],[137.27556,35.49596],[137.26979,35.49545],[137.26922,35.49387],[137.2655,35.49216],[137.26529,35.49143],[137.26633,35.49066],[137.26555,35.4901],[137.26602,35.48984],[137.26576,35.48804],[137.26391,35.48719],[137.2628,35.48549],[137.26258,35.48424],[137.26158,35.484],[137.26295,35.48093],[137.2616,35.48055],[137.2603,35.47907],[137.25906,35.47998],[137.25587,35.4799],[137.25776,35.47736],[137.25703,35.47699],[137.25667,35.47596],[137.25489,35.47572],[137.25442,35.475],[137.25578,35.47394],[137.25569,35.47313],[137.25665,35.47278],[137.25682,35.4717],[137.25621,35.47083],[137.25759,35.47044],[137.25769,35.46982],[137.2558,35.46958],[137.25495,35.46887],[137.25203,35.46856],[137.25271,35.46766],[137.2517,35.4656],[137.25056,35.46451],[137.24566,35.4637],[137.24346,35.45986],[137.24006,35.4589],[137.23706,35.45718],[137.23621,35.45723],[137.23423,35.45865],[137.23229,35.46262],[137.23146,35.46648],[137.23276,35.47012],[137.23212,35.47156],[137.22949,35.47292],[137.22741,35.47295],[137.22581,35.47225],[137.22271,35.46963],[137.221,35.46934],[137.21863,35.47056],[137.21584,35.47424],[137.21408,35.47482],[137.21162,35.47402],[137.20831,35.47059],[137.2045,35.46965],[137.20126,35.47028],[137.19588,35.4733],[137.19297,35.4739],[137.18462,35.47291],[137.18097,35.47192],[137.1758,35.46971],[137.17248,35.46909],[137.16905,35.46741],[137.16873,35.46616],[137.16783,35.4659],[137.16884,35.46402],[137.16832,35.45917],[137.16778,35.45817],[137.16491,35.45724],[137.16368,35.45533],[137.16438,35.45468],[137.1642,35.45334],[137.16298,35.45426],[137.15954,35.45278],[137.15767,35.45349],[137.15346,35.45322],[137.15217,35.45363],[137.14976,35.45595],[137.1483,35.45545],[137.14711,35.45589],[137.14583,35.45541],[137.1436,35.45558],[137.14365,35.45239],[137.14258,35.45195],[137.13972,35.45221],[137.13926,35.45078],[137.13801,35.45042],[137.13483,35.45013],[137.13506,35.45102],[137.13457,35.45159],[137.13363,35.45113],[137.13319,35.45169],[137.13145,35.45218],[137.12797,35.45211],[137.12718,35.45334],[137.12606,35.45258],[137.12378,35.45398],[137.1197,35.45239],[137.11941,35.45287],[137.11621,35.45385],[137.11547,35.45367],[137.115,35.45517],[137.1132,35.45672],[137.11261,35.45881],[137.11197,35.45939],[137.11207,35.46165],[137.11044,35.46245],[137.11089,35.46297],[137.11065,35.46335],[137.10695,35.46355],[137.10458,35.46404],[137.10382,35.46476],[137.09661,35.46231],[137.0946,35.46007],[137.09172,35.45791],[137.08561,35.45428],[137.08437,35.45286],[137.08371,35.45017],[137.082,35.45016],[137.0814,35.44877],[137.08163,35.44815],[137.08096,35.44817],[137.08074,35.44773],[137.08154,35.44775],[137.08183,35.44729],[137.08088,35.44747],[137.08018,35.4483],[137.08078,35.44876],[137.08027,35.45005],[137.07969,35.44981],[137.08021,35.44909],[137.07972,35.44878],[137.0794,35.45004],[137.07849,35.44995],[137.07861,35.44934],[137.07814,35.44926],[137.07818,35.44803],[137.07783,35.44788],[137.07767,35.44932],[137.07723,35.44875],[137.07709,35.44948],[137.07817,35.44941],[137.0779,35.45094],[137.07833,35.45113],[137.07814,35.45159],[137.07751,35.45144]]]]}},{"type":"Feature","properties":{"id":"muni-21506","name":"白川町"},"geometry":{"type":"Polygon","coordinates":[[[137.19565,35.66253],[137.19539,35.66417],[137.19447,35.66485],[137.19315,35.66768],[137.19448,35.66849],[137.19563,35.67068],[137.19963,35.67151],[137.20007,35.67235],[137.20168,35.67272],[137.20513,35.6775],[137.20614,35.67724],[137.20997,35.67776],[137.21209,35.67882],[137.21508,35.67855],[137.21638,35.68014],[137.21797,35.68052],[137.21841,35.68167],[137.21997,35.68123],[137.22114,35.68143],[137.22475,35.68025],[137.22509,35.67958],[137.23022,35.67864],[137.23197,35.67656],[137.23567,35.67639],[137.23781,35.6768],[137.24049,35.67515],[137.24314,35.67467],[137.24482,35.67525],[137.24473,35.67713],[137.24625,35.67877],[137.2484,35.67953],[137.24794,35.68031],[137.24775,35.68308],[137.24838,35.68425],[137.24775,35.68571],[137.24924,35.68928],[137.25159,35.68917],[137.25445,35.69015],[137.25539,35.69198],[137.25761,35.69247],[137.25854,35.69367],[137.26027,35.69323],[137.26382,35.69457],[137.26431,35.69572],[137.2641,35.69673],[137.26782,35.69847],[137.27067,35.69703],[137.27166,35.69465],[137.27153,35.69394],[137.27376,35.69156],[137.27507,35.69221],[137.27812,35.69156],[137.28021,35.69203],[137.28099,35.69128],[137.28267,35.69153],[137.28476,35.69112],[137.28613,35.69269],[137.28771,35.69354],[137.2887,35.69359],[137.28987,35.69283],[137.29083,35.69312],[137.29198,35.69438],[137.29686,35.69432],[137.30036,35.69518],[137.30099,35.6982],[137.30254,35.70121],[137.30249,35.70239],[137.30448,35.70262],[137.30527,35.70353],[137.30816,35.70437],[137.31052,35.70372],[137.31239,35.70396],[137.31275,35.70604],[137.31398,35.70676],[137.31846,35.70737],[137.31923,35.7082],[137.32122,35.70783],[137.3238,35.70904],[137.325,35.70832],[137.32573,35.7084],[137.33124,35.71079],[137.33358,35.70927],[137.33601,35.70912],[137.33734,35.70838],[137.33787,35.7074],[137.34007,35.70774],[137.34124,35.70739],[137.34374,35.70395],[137.3447,35.70348],[137.34397,35.70215],[137.34185,35.70152],[137.34145,35.70073],[137.34251,35.69822],[137.34382,35.69753],[137.34409,35.69632],[137.34375,35.69595],[137.34273,35.69595],[137.34096,35.69504],[137.33801,35.69299],[137.33583,35.69345],[137.3323,35.69234],[137.32326,35.68642],[137.32055,35.68591],[137.32018,35.6845],[137.32154,35.6829],[137.32047,35.68035],[137.31658,35.6791],[137.31599,35.6769],[137.31403,35.6743],[137.31126,35.67336],[137.30895,35.67074],[137.30626,35.66967],[137.30388,35.66656],[137.29827,35.66775],[137.29708,35.66746],[137.2954,35.66612],[137.29497,35.66543],[137.2952,35.66373],[137.29207,35.66163],[137.28936,35.65681],[137.28677,35.6557],[137.2868,35.65402],[137.28501,35.65131],[137.28529,35.64992],[137.28703,35.6493],[137.28799,35.64756],[137.28277,35.6434],[137.28051,35.64296],[137.27966,35.64102],[137.27753,35.64086],[137.27708,35.63981],[137.27433,35.63826],[137.27357,35.63647],[137.2715,35.63622],[137.27057,35.6348],[137.26857,35.63569],[137.2681,35.63649],[137.26616,35.63469],[137.26575,35.63366],[137.26155,35.63393],[137.25902,35.63337],[137.25697,35.63163],[137.25755,35.63082],[137.25961,35.63004],[137.26159,35.62726],[137.26106,35.62602],[137.26148,35.62503],[137.26057,35.62448],[137.26031,35.62351],[137.25944,35.62308],[137.25898,35.62217],[137.2602,35.61957],[137.25913,35.61839],[137.26119,35.61515],[137.26282,35.61385],[137.26336,35.61204],[137.26342,35.6093],[137.26646,35.60856],[137.26791,35.6077],[137.26892,35.60773],[137.27228,35.60584],[137.27252,35.60426],[137.27528,35.6011],[137.27515,35.59985],[137.27595,35.59908],[137.27878,35.59822],[137.27994,35.59849],[137.2822,35.59754],[137.28324,35.59768],[137.28427,35.59891],[137.29166,35.60107],[137.29284,35.60196],[137.30018,35.60324],[137.30281,35.60538],[137.30338,35.60646],[137.30738,35.60658],[137.30941,35.60911],[137.31095,35.60886],[137.31395,35.6093],[137.3148,35.61013],[137.3182,35.61095],[137.32243,35.61359],[137.32496,35.61395],[137.32558,35.61475],[137.32576,35.61709],[137.32892,35.61818],[137.32963,35.61917],[137.33074,35.61952],[137.33298,35.62216],[137.33947,35.62095],[137.34469,35.61741],[137.34698,35.61662],[137.35182,35.61737],[137.35461,35.61679],[137.3556,35.61777],[137.35858,35.618],[137.35979,35.61743],[137.36362,35.61719],[137.36978,35.61459],[137.37419,35.61401],[137.37483,35.61264],[137.37637,35.61271],[137.37784,35.6118],[137.38091,35.61133],[137.38642,35.60933],[137.38921,35.61042],[137.39006,35.61029],[137.39049,35.60955],[137.39174,35.6094],[137.39297,35.60839],[137.39389,35.60545],[137.39254,35.60506],[137.38953,35.60526],[137.38708,35.6039],[137.38661,35.60289],[137.38698,35.60071],[137.38639,35.59906],[137.38727,35.59817],[137.38779,35.59543],[137.38948,35.5939],[137.38979,35.59154],[137.39078,35.58956],[137.39188,35.58796],[137.39325,35.58743],[137.39381,35.58514],[137.39636,35.58172],[137.39843,35.58115],[137.39891,35.57958],[137.39788,35.57569],[137.39894,35.57365],[137.39904,35.57234],[137.39795,35.57171],[137.39453,35.56748],[137.3955,35.56434],[137.39552,35.5627],[137.39413,35.56221],[137.39217,35.56262],[137.39084,35.56179],[137.38468,35.56215],[137.37912,35.56427],[137.37689,35.56459],[137.37527,35.56415],[137.36808,35.56705],[137.36653,35.5663],[137.35973,35.56558],[137.35811,35.56424],[137.35649,35.56464],[137.35234,35.56383],[137.3503,35.56293],[137.34835,35.56294],[137.34523,35.56172],[137.34307,35.56316],[137.34273,35.56252],[137.34307,35.56123],[137.34391,35.56064],[137.3445,35.55933],[137.34405,35.55786],[137.34556,35.55445],[137.34486,35.55291],[137.34496,35.55058],[137.34139,35.54756],[137.33807,35.54697],[137.33676,35.54579],[137.33656,35.54465],[137.33555,35.54357],[137.33158,35.54204],[137.32675,35.53824],[137.32442,35.53747],[137.32359,35.53559],[137.32246,35.53463],[137.31674,35.53433],[137.31593,35.53458],[137.31564,35.53527],[137.31272,35.53539],[137.31028,35.53661],[137.30778,35.53551],[137.30262,35.53462],[137.30084,35.53215],[137.29832,35.53248],[137.29467,35.5313],[137.29094,35.531],[137.28747,35.53128],[137.28505,35.53093],[137.28266,35.53168],[137.27881,35.52956],[137.2767,35.53127],[137.27588,35.52983],[137.27101,35.52837],[137.26901,35.52703],[137.26462,35.52991],[137.25871,35.52984],[137.25519,35.53112],[137.25307,35.53302],[137.25152,35.53354],[137.25212,35.5357],[137.25063,35.53751],[137.25061,35.53955],[137.24855,35.53978],[137.24732,35.53929],[137.24458,35.54104],[137.24133,35.5419],[137.24023,35.54165],[137.23942,35.54239],[137.23926,35.5445],[137.23722,35.54687],[137.23573,35.5475],[137.23268,35.54751],[137.23126,35.54929],[137.22916,35.54944],[137.22703,35.55131],[137.22644,35.55298],[137.22557,35.55295],[137.22539,35.5535],[137.22428,35.55304],[137.22379,35.55398],[137.22316,35.55417],[137.22094,35.55296],[137.21933,35.55419],[137.21599,35.55151],[137.21291,35.54998],[137.21156,35.54778],[137.21151,35.54617],[137.20673,35.54459],[137.20618,35.54528],[137.20627,35.54629],[137.20344,35.54912],[137.20301,35.55061],[137.20354,35.5523],[137.20048,35.55464],[137.19499,35.5535],[137.1849,35.55347],[137.18362,35.55716],[137.18361,35.56089],[137.18066,35.563],[137.18033,35.56629],[137.17916,35.56717],[137.17761,35.57037],[137.17494,35.57324],[137.17267,35.57446],[137.17233,35.57535],[137.17137,35.57593],[137.16719,35.57622],[137.16431,35.57745],[137.16361,35.58017],[137.15918,35.58339],[137.15841,35.58557],[137.15748,35.58621],[137.1562,35.58895],[137.15646,35.59027],[137.15275,35.59246],[137.15081,35.59238],[137.14802,35.59311],[137.14629,35.59495],[137.14452,35.59451],[137.14217,35.5947],[137.1415,35.59585],[137.14149,35.59691],[137.13966,35.59788],[137.13995,35.5985],[137.14145,35.59898],[137.14332,35.60059],[137.14473,35.60021],[137.14585,35.60091],[137.14807,35.6007],[137.14927,35.6016],[137.14887,35.60232],[137.14992,35.60355],[137.15099,35.60352],[137.15221,35.60437],[137.15363,35.60459],[137.15457,35.60611],[137.15728,35.60816],[137.15744,35.6109],[137.15818,35.61227],[137.15793,35.61312],[137.1563,35.61449],[137.15416,35.61427],[137.15036,35.6155],[137.14801,35.61504],[137.14666,35.61423],[137.1437,35.61399],[137.14128,35.61093],[137.13931,35.60939],[137.13718,35.60933],[137.13538,35.61106],[137.13579,35.61219],[137.13753,35.61371],[137.13852,35.617],[137.14011,35.61828],[137.13984,35.61894],[137.13862,35.61953],[137.13842,35.62028],[137.14003,35.62231],[137.14054,35.62502],[137.1424,35.62632],[137.14273,35.62772],[137.14376,35.62903],[137.14256,35.63027],[137.14293,35.6319],[137.14609,35.63133],[137.14766,35.63236],[137.14919,35.63276],[137.15078,35.63251],[137.15701,35.63479],[137.15828,35.63479],[137.15919,35.6355],[137.16142,35.63532],[137.16334,35.63626],[137.16951,35.63673],[137.17027,35.63734],[137.17155,35.64095],[137.17386,35.64138],[137.17489,35.64256],[137.17742,35.64393],[137.17762,35.64601],[137.17953,35.64817],[137.17998,35.65011],[137.18045,35.65043],[137.18118,35.65009],[137.18166,35.65088],[137.18444,35.65008],[137.18598,35.65031],[137.18652,35.64962],[137.18613,35.64882],[137.1865,35.64835],[137.18841,35.64808],[137.18907,35.64754],[137.19052,35.65074],[137.19005,35.65158],[137.19021,35.65244],[137.18968,35.65288],[137.19012,35.65341],[137.19454,35.65548],[137.19786,35.6555],[137.1964,35.65656],[137.1962,35.65787],[137.19363,35.6607],[137.19565,35.66253]]]}},{"type":"Feature","properties":{"id":"muni-21507","name":"東白川村"},"geometry":{"type":"Polygon","coordinates":[[[137.27142,35.63615],[137.27357,35.63647],[137.27433,35.63826],[137.27708,35.63981],[137.27753,35.64086],[137.27966,35.64102],[137.28051,35.64296],[137.28277,35.6434],[137.28799,35.64756],[137.28703,35.6493],[137.28529,35.64992],[137.28501,35.65131],[137.2868,35.65402],[137.28677,35.6557],[137.28936,35.65681],[137.29207,35.66163],[137.2952,35.66373],[137.29524,35.66597],[137.29708,35.66746],[137.29827,35.66775],[137.30388,35.66656],[137.30626,35.66967],[137.30895,35.67074],[137.31126,35.67336],[137.31403,35.6743],[137.31599,35.6769],[137.31658,35.6791],[137.32061,35.68054],[137.32059,35.68133],[137.32154,35.6829],[137.32018,35.6845],[137.32055,35.68591],[137.32326,35.68642],[137.3323,35.69234],[137.33583,35.69345],[137.33801,35.69299],[137.34273,35.69595],[137.34852,35.69434],[137.35171,35.6951],[137.35226,35.69618],[137.35406,35.69452],[137.3554,35.69224],[137.36258,35.6857],[137.36399,35.68332],[137.36397,35.68178],[137.36519,35.67933],[137.36683,35.6784],[137.36871,35.67645],[137.37072,35.67576],[137.37017,35.67435],[137.37318,35.67209],[137.38027,35.66967],[137.38095,35.66886],[137.38242,35.66829],[137.38511,35.66789],[137.38683,35.66606],[137.39055,35.66599],[137.39426,35.66525],[137.39604,35.66413],[137.3968,35.6623],[137.39843,35.66151],[137.39984,35.66115],[137.40138,35.66173],[137.40574,35.66111],[137.40853,35.65846],[137.40909,35.65564],[137.40777,35.65478],[137.40743,35.65346],[137.406,35.6529],[137.40603,35.65193],[137.40504,35.65038],[137.40077,35.64678],[137.40129,35.64608],[137.40455,35.64498],[137.40407,35.64325],[137.40704,35.63951],[137.40963,35.63851],[137.41136,35.63852],[137.4114,35.63794],[137.41061,35.63716],[137.41044,35.63582],[137.41102,35.63401],[137.41065,35.63319],[137.41119,35.63271],[137.41087,35.63161],[137.41117,35.63047],[137.41216,35.6292],[137.41282,35.62675],[137.4115,35.62542],[137.40928,35.62495],[137.40774,35.62363],[137.4063,35.62325],[137.40557,35.62222],[137.40494,35.62223],[137.40542,35.62052],[137.40503,35.61933],[137.40571,35.61862],[137.405,35.61672],[137.40514,35.61564],[137.40417,35.61443],[137.395,35.60812],[137.39377,35.60861],[137.39297,35.60839],[137.39174,35.6094],[137.39049,35.60955],[137.38978,35.61036],[137.38642,35.60933],[137.38091,35.61133],[137.37784,35.6118],[137.37637,35.61271],[137.37483,35.61264],[137.37419,35.61401],[137.36944,35.61468],[137.36343,35.61724],[137.35979,35.61743],[137.35845,35.618],[137.3556,35.61777],[137.35461,35.61679],[137.35182,35.61737],[137.34698,35.61662],[137.34469,35.61741],[137.33947,35.62095],[137.33298,35.62216],[137.33074,35.61952],[137.32963,35.61917],[137.32892,35.61818],[137.32576,35.61709],[137.32558,35.61475],[137.32496,35.61395],[137.32243,35.61359],[137.3182,35.61095],[137.3148,35.61013],[137.31395,35.6093],[137.31095,35.60886],[137.30941,35.60911],[137.30738,35.60658],[137.30338,35.60646],[137.30281,35.60538],[137.30018,35.60324],[137.29284,35.60196],[137.29166,35.60107],[137.28427,35.59891],[137.28324,35.59768],[137.2822,35.59754],[137.27994,35.59849],[137.27878,35.59822],[137.27595,35.59908],[137.27515,35.59985],[137.27528,35.6011],[137.27252,35.60426],[137.27228,35.60584],[137.26892,35.60773],[137.26791,35.6077],[137.26646,35.60856],[137.26342,35.6093],[137.26336,35.61204],[137.26282,35.61385],[137.26119,35.61515],[137.25913,35.61839],[137.2602,35.61957],[137.25898,35.62217],[137.25944,35.62308],[137.26031,35.62351],[137.26057,35.62448],[137.26148,35.62503],[137.26106,35.62602],[137.26159,35.62726],[137.25961,35.63004],[137.25755,35.63082],[137.25697,35.63163],[137.25902,35.63337],[137.26155,35.63393],[137.26575,35.63366],[137.26616,35.63469],[137.2681,35.63649],[137.26857,35.63569],[137.27057,35.6348],[137.27142,35.63615]]]}},{"type":"Feature","properties":{"id":"muni-21521","name":"御嵩町"},"geometry":{"type":"Polygon","coordinates":[[[137.06955,35.43284],[137.06933,35.43566],[137.07122,35.4362],[137.07152,35.43737],[137.0694,35.43688],[137.07217,35.43845],[137.07266,35.43955],[137.07679,35.44026],[137.08077,35.44277],[137.08302,35.44615],[137.08345,35.44861],[137.08532,35.44826],[137.08596,35.44756],[137.0877,35.44742],[137.08984,35.44579],[137.09083,35.45133],[137.09207,35.45314],[137.09404,35.45248],[137.09475,35.4528],[137.09613,35.45139],[137.09575,35.4503],[137.09631,35.44892],[137.09724,35.44887],[137.09757,35.44758],[137.0983,35.44739],[137.101,35.44918],[137.10196,35.44926],[137.10069,35.45035],[137.10096,35.4521],[137.10253,35.45022],[137.10268,35.45131],[137.10363,35.45154],[137.10378,35.45224],[137.10536,35.4536],[137.10514,35.4547],[137.10619,35.45473],[137.10692,35.4557],[137.10667,35.45755],[137.10992,35.45719],[137.11018,35.45771],[137.11122,35.45739],[137.11282,35.45831],[137.11322,35.45669],[137.115,35.45517],[137.11562,35.45353],[137.11621,35.45385],[137.11941,35.45287],[137.11972,35.45239],[137.12382,35.45397],[137.12606,35.45258],[137.12718,35.45334],[137.12797,35.45211],[137.13145,35.45218],[137.13319,35.45169],[137.13363,35.45113],[137.13457,35.45159],[137.13505,35.45108],[137.13491,35.45011],[137.1392,35.45073],[137.13977,35.45223],[137.14258,35.45195],[137.14357,35.45232],[137.14392,35.45404],[137.1436,35.45558],[137.14421,35.45571],[137.14583,35.45541],[137.14711,35.45589],[137.1483,35.45545],[137.14979,35.45595],[137.15217,35.45363],[137.15405,35.45313],[137.15767,35.45349],[137.15959,35.45279],[137.16293,35.45426],[137.1642,35.45334],[137.16438,35.45468],[137.16368,35.45533],[137.16491,35.45724],[137.16778,35.45817],[137.16832,35.45917],[137.16884,35.46402],[137.16783,35.4659],[137.16873,35.46616],[137.16905,35.46741],[137.17248,35.46909],[137.1758,35.46971],[137.18097,35.47192],[137.18462,35.47291],[137.19297,35.4739],[137.19588,35.4733],[137.19946,35.47103],[137.20329,35.46966],[137.20249,35.46756],[137.20172,35.46694],[137.20228,35.46337],[137.1996,35.45869],[137.19981,35.45789],[137.20209,35.45599],[137.20308,35.45322],[137.19871,35.45202],[137.199,35.44883],[137.19855,35.44707],[137.19937,35.44648],[137.19924,35.445],[137.19971,35.44394],[137.19906,35.44165],[137.19932,35.43964],[137.19889,35.43851],[137.19821,35.43828],[137.19991,35.43569],[137.19937,35.43442],[137.20016,35.43297],[137.20072,35.43235],[137.20185,35.43226],[137.20394,35.43],[137.20621,35.4255],[137.20587,35.42485],[137.20387,35.42378],[137.20327,35.42256],[137.20242,35.42227],[137.20178,35.42079],[137.19959,35.42195],[137.19881,35.4201],[137.1971,35.41936],[137.19662,35.41806],[137.19706,35.41756],[137.19695,35.41651],[137.19936,35.41207],[137.19681,35.41018],[137.19265,35.41148],[137.19115,35.41032],[137.19341,35.40755],[137.19428,35.40348],[137.19134,35.4029],[137.19165,35.39992],[137.19224,35.39867],[137.19108,35.39682],[137.18904,35.39579],[137.18558,35.39582],[137.18377,35.3948],[137.18375,35.39417],[137.18183,35.39288],[137.18071,35.39285],[137.17915,35.39198],[137.17407,35.39458],[137.17162,35.39406],[137.1705,35.39222],[137.16993,35.39246],[137.16862,35.39367],[137.16781,35.3937],[137.16747,35.39446],[137.16543,35.39546],[137.1643,35.39744],[137.16118,35.39863],[137.15989,35.39867],[137.15484,35.40291],[137.1533,35.40313],[137.15267,35.40466],[137.15016,35.40486],[137.14747,35.4062],[137.14664,35.40736],[137.14109,35.40679],[137.13812,35.41067],[137.13596,35.41211],[137.1339,35.4126],[137.13243,35.41485],[137.12763,35.41351],[137.12637,35.41418],[137.12264,35.41431],[137.122,35.41498],[137.12204,35.41724],[137.12,35.41785],[137.11973,35.42016],[137.11844,35.41934],[137.1154,35.41866],[137.11485,35.41751],[137.11346,35.41631],[137.11282,35.41633],[137.11247,35.41709],[137.1113,35.41687],[137.11004,35.41578],[137.10876,35.41682],[137.10534,35.41832],[137.10546,35.42033],[137.10785,35.42253],[137.10605,35.42527],[137.10532,35.42536],[137.1046,35.42641],[137.10459,35.42734],[137.10551,35.42783],[137.10678,35.43109],[137.10252,35.43103],[137.1029,35.43236],[137.09923,35.43283],[137.09916,35.43637],[137.09873,35.43691],[137.09943,35.43767],[137.0967,35.43758],[137.09285,35.43493],[137.09004,35.43615],[137.08905,35.43599],[137.08632,35.43379],[137.08282,35.4333],[137.08085,35.4312],[137.07906,35.43042],[137.07874,35.43127],[137.07928,35.43151],[137.07741,35.43349],[137.07589,35.43258],[137.07208,35.43201],[137.07159,35.4306],[137.07023,35.42929],[137.06992,35.42947],[137.0714,35.43141],[137.07116,35.43196],[137.07046,35.43195],[137.07111,35.43246],[137.07048,35.43321],[137.06955,35.43284]]]}},{"type":"Feature","properties":{"id":"muni-21604","name":"白川村"},"geometry":{"type":"Polygon","coordinates":[[[136.8332,36.26553],[136.8304,36.26608],[136.8277,36.26541],[136.8229,36.26619],[136.82062,36.2656],[136.81782,36.26558],[136.81539,36.2663],[136.81503,36.26903],[136.81431,36.2704],[136.81103,36.27333],[136.80616,36.27575],[136.80547,36.27803],[136.80611,36.28193],[136.80573,36.28415],[136.80431,36.28508],[136.80405,36.28613],[136.80268,36.28642],[136.80239,36.28805],[136.801,36.29008],[136.79526,36.29239],[136.79504,36.29414],[136.79237,36.29904],[136.79573,36.30284],[136.79934,36.30481],[136.80458,36.30629],[136.80845,36.30434],[136.80947,36.30264],[136.81408,36.30349],[136.8147,36.303],[136.81703,36.3035],[136.82149,36.30277],[136.82284,36.30352],[136.8263,36.30247],[136.82707,36.30276],[136.82705,36.30391],[136.82807,36.30428],[136.82768,36.30482],[136.8325,36.30668],[136.83248,36.30728],[136.83062,36.30783],[136.83169,36.31261],[136.8326,36.31334],[136.83241,36.31517],[136.83353,36.31573],[136.8382,36.32313],[136.83854,36.32517],[136.83989,36.32712],[136.83975,36.32824],[136.84253,36.33271],[136.84098,36.33666],[136.83925,36.33837],[136.83851,36.34115],[136.83733,36.3433],[136.83819,36.34462],[136.8373,36.3455],[136.83758,36.34642],[136.83711,36.3471],[136.83896,36.34786],[136.84175,36.34976],[136.84232,36.35063],[136.84412,36.35096],[136.84705,36.35061],[136.84809,36.34895],[136.8494,36.34913],[136.84951,36.34838],[136.85012,36.34806],[136.85148,36.34836],[136.85143,36.34767],[136.85192,36.3473],[136.8552,36.34765],[136.85578,36.34867],[136.8555,36.34961],[136.85736,36.34976],[136.85841,36.34913],[136.86138,36.34947],[136.86297,36.34895],[136.86391,36.34955],[136.86515,36.3496],[136.86539,36.35057],[136.86638,36.35108],[136.86567,36.35249],[136.86483,36.353],[136.86542,36.35394],[136.8643,36.35544],[136.86639,36.35755],[136.86714,36.3598],[136.86826,36.36127],[136.86887,36.36424],[136.86805,36.36548],[136.86932,36.36667],[136.8713,36.36753],[136.87328,36.3665],[136.87371,36.36461],[136.87268,36.36285],[136.87315,36.36131],[136.87387,36.36091],[136.87527,36.36114],[136.87621,36.36044],[136.87616,36.35579],[136.87268,36.35272],[136.87174,36.35343],[136.87076,36.35334],[136.86951,36.35137],[136.86963,36.34984],[136.8703,36.34882],[136.87212,36.3496],[136.8757,36.35001],[136.8765,36.34685],[136.87442,36.34469],[136.87426,36.3431],[136.87465,36.34275],[136.87872,36.34491],[136.88108,36.34241],[136.88246,36.342],[136.88708,36.34554],[136.88855,36.34597],[136.88996,36.34552],[136.8909,36.34703],[136.89407,36.34858],[136.89692,36.35146],[136.89674,36.35312],[136.89913,36.35326],[136.9019,36.35518],[136.90321,36.35552],[136.90557,36.35926],[136.90748,36.36085],[136.90857,36.35963],[136.91208,36.35773],[136.91673,36.35671],[136.91954,36.3555],[136.92472,36.35455],[136.92722,36.35216],[136.93252,36.34849],[136.93532,36.34839],[136.93909,36.34952],[136.94688,36.3459],[136.94835,36.34296],[136.9511,36.3393],[136.95509,36.33917],[136.95772,36.33402],[136.95815,36.33146],[136.95917,36.33088],[136.96143,36.32742],[136.9605,36.32593],[136.96046,36.32461],[136.96151,36.32272],[136.96305,36.32129],[136.96406,36.31873],[136.96794,36.31742],[136.97118,36.31544],[136.97195,36.3134],[136.97223,36.31076],[136.97304,36.30999],[136.96893,36.30514],[136.96853,36.30206],[136.96735,36.29935],[136.968,36.2975],[136.9678,36.29603],[136.96556,36.29531],[136.96589,36.29453],[136.96548,36.2922],[136.96248,36.28998],[136.9604,36.28761],[136.96028,36.28646],[136.96158,36.28451],[136.96069,36.28346],[136.95877,36.28247],[136.95753,36.27978],[136.95795,36.27771],[136.96049,36.27696],[136.96349,36.27687],[136.96638,36.27774],[136.96784,36.27524],[136.96899,36.27565],[136.97068,36.27775],[136.97249,36.27538],[136.97533,36.27445],[136.97564,36.27325],[136.97484,36.27226],[136.9747,36.27037],[136.97372,36.26956],[136.97345,36.26752],[136.9718,36.2673],[136.97102,36.26784],[136.96894,36.26723],[136.96802,36.26618],[136.96612,36.26568],[136.96422,36.26312],[136.96264,36.26023],[136.96259,36.25573],[136.96143,36.25431],[136.95784,36.25157],[136.95389,36.24357],[136.95577,36.23972],[136.95146,36.23733],[136.95179,36.23692],[136.95313,36.23688],[136.95286,36.23551],[136.9533,36.23457],[136.95814,36.23044],[136.95669,36.22933],[136.95586,36.22757],[136.95405,36.22623],[136.95325,36.22402],[136.95289,36.22059],[136.95182,36.21892],[136.95199,36.21776],[136.95127,36.21669],[136.95281,36.21345],[136.95312,36.21172],[136.95139,36.20951],[136.94988,36.21039],[136.9487,36.21018],[136.94697,36.20926],[136.94648,36.20803],[136.94663,36.20435],[136.94748,36.20255],[136.94762,36.20034],[136.94874,36.19867],[136.94897,36.1975],[136.94799,36.19455],[136.94854,36.19351],[136.94579,36.18786],[136.9473,36.18384],[136.94692,36.18096],[136.94375,36.17713],[136.94435,36.17445],[136.94346,36.17298],[136.94397,36.17134],[136.94374,36.17042],[136.93912,36.1674],[136.93877,36.16615],[136.93959,36.16506],[136.93717,36.16348],[136.93779,36.1616],[136.93775,36.15792],[136.93849,36.15605],[136.93674,36.15376],[136.93325,36.14413],[136.93348,36.1428],[136.93837,36.14221],[136.94363,36.13788],[136.94791,36.13376],[136.94832,36.1315],[136.951,36.12904],[136.95199,36.12864],[136.9542,36.12893],[136.95598,36.12795],[136.95596,36.12667],[136.95322,36.12333],[136.9537,36.12074],[136.95461,36.11878],[136.9543,36.1181],[136.95279,36.11747],[136.94883,36.11692],[136.94728,36.11626],[136.94548,36.11442],[136.94444,36.11399],[136.94042,36.1146],[136.93789,36.11444],[136.93272,36.11268],[136.93252,36.11193],[136.93482,36.10475],[136.92466,36.09463],[136.91717,36.09698],[136.91545,36.09978],[136.91442,36.10063],[136.91092,36.10029],[136.90902,36.10074],[136.90536,36.10011],[136.9003,36.10132],[136.89736,36.10394],[136.89652,36.10583],[136.89549,36.10622],[136.89299,36.10567],[136.8901,36.10379],[136.88844,36.10456],[136.88322,36.10382],[136.87759,36.10204],[136.87491,36.10315],[136.87294,36.1031],[136.86978,36.10218],[136.86871,36.10381],[136.86564,36.10575],[136.86181,36.10494],[136.85739,36.10559],[136.85454,36.10265],[136.85083,36.10057],[136.8491,36.1009],[136.8475,36.10048],[136.84434,36.09771],[136.83951,36.09798],[136.83613,36.0967],[136.83246,36.09681],[136.83018,36.09564],[136.82782,36.09666],[136.82707,36.09657],[136.81864,36.09308],[136.81749,36.09357],[136.81661,36.09582],[136.81331,36.10033],[136.81062,36.10078],[136.80986,36.10218],[136.80738,36.10299],[136.80747,36.1051],[136.80707,36.10561],[136.80159,36.10545],[136.79872,36.10613],[136.79574,36.10277],[136.79081,36.1005],[136.78891,36.09814],[136.78801,36.09775],[136.78498,36.09938],[136.78341,36.09875],[136.78028,36.10164],[136.77479,36.10256],[136.77169,36.10486],[136.76547,36.1055],[136.7654,36.10727],[136.76686,36.1092],[136.76714,36.1106],[136.76879,36.11207],[136.77053,36.11586],[136.7695,36.11799],[136.77089,36.12368],[136.77271,36.12598],[136.77403,36.12614],[136.77567,36.12817],[136.7784,36.12955],[136.77826,36.13035],[136.77717,36.13156],[136.7786,36.13324],[136.77981,36.13391],[136.77973,36.13946],[136.78076,36.14163],[136.77787,36.14257],[136.776,36.14398],[136.77571,36.14752],[136.77647,36.1489],[136.77554,36.15014],[136.7737,36.15083],[136.77344,36.15279],[136.77184,36.15499],[136.77301,36.15781],[136.77115,36.1587],[136.76859,36.15884],[136.76693,36.15978],[136.76601,36.16069],[136.76647,36.16232],[136.76953,36.16374],[136.7742,36.16438],[136.77764,36.16653],[136.78137,36.16678],[136.78466,36.1659],[136.78676,36.16618],[136.79129,36.16984],[136.79729,36.1716],[136.79851,36.17253],[136.80035,36.17721],[136.8003,36.17956],[136.79965,36.18113],[136.8007,36.18435],[136.80205,36.18567],[136.80231,36.18745],[136.80553,36.18906],[136.80722,36.1922],[136.809,36.19304],[136.81131,36.19678],[136.81652,36.20029],[136.8186,36.20109],[136.82059,36.19997],[136.82155,36.20026],[136.82273,36.20275],[136.82032,36.20467],[136.81953,36.2065],[136.82091,36.21043],[136.82321,36.21234],[136.82592,36.21355],[136.82708,36.21508],[136.83082,36.2167],[136.83231,36.21788],[136.8319,36.21855],[136.83245,36.22066],[136.83248,36.22364],[136.83397,36.2253],[136.83592,36.22618],[136.83764,36.22934],[136.8404,36.23142],[136.83978,36.23268],[136.84009,36.23334],[136.84188,36.23441],[136.84235,36.23567],[136.84387,36.23682],[136.84449,36.23896],[136.84642,36.24126],[136.84758,36.24573],[136.84874,36.24656],[136.85208,36.24692],[136.85085,36.24959],[136.85097,36.25169],[136.84554,36.25338],[136.84477,36.25436],[136.84399,36.25913],[136.84198,36.25963],[136.83992,36.26082],[136.83805,36.2606],[136.83646,36.26153],[136.83444,36.26326],[136.8332,36.26553]]]}}]}