{"type":"FeatureCollection","features":[{"type":"Feature","properties":{"id":"muni-29201","name":"奈良市"},"geometry":{"type":"Polygon","coordinates":[[[135.72124,34.67958],[135.71981,34.6826],[135.72043,34.68381],[135.71991,34.68659],[135.71897,34.68855],[135.71717,34.68955],[135.71727,34.69157],[135.71683,34.6922],[135.71787,34.69465],[135.71688,34.69637],[135.71567,34.69736],[135.71575,34.69833],[135.71738,34.69973],[135.71715,34.70103],[135.7179,34.70105],[135.71801,34.70164],[135.71351,34.70318],[135.71407,34.70457],[135.71311,34.7053],[135.71441,34.70628],[135.71514,34.7063],[135.71627,34.70747],[135.72111,34.70664],[135.72245,34.7083],[135.72273,34.70776],[135.72313,34.7083],[135.72679,34.70912],[135.72732,34.7098],[135.72914,34.70972],[135.7295,34.71076],[135.72892,34.71165],[135.72816,34.71165],[135.72837,34.71254],[135.72978,34.71244],[135.73079,34.71405],[135.73127,34.71406],[135.73072,34.71513],[135.73145,34.71619],[135.73195,34.71541],[135.73258,34.71586],[135.73469,34.71477],[135.73372,34.7165],[135.73473,34.71721],[135.73456,34.71816],[135.73692,34.7187],[135.73557,34.72107],[135.739,34.72376],[135.73794,34.72563],[135.73811,34.72904],[135.73859,34.72846],[135.73988,34.72839],[135.73963,34.72782],[135.73857,34.72746],[135.73956,34.72745],[135.73972,34.72659],[135.73861,34.72656],[135.73841,34.72585],[135.73961,34.72615],[135.7397,34.72559],[135.73888,34.72492],[135.73982,34.72504],[135.73987,34.72469],[135.73917,34.72461],[135.73918,34.72364],[135.7403,34.723],[135.74006,34.72148],[135.74073,34.72121],[135.74127,34.72125],[135.74093,34.72247],[135.74169,34.7228],[135.74081,34.72292],[135.74098,34.7249],[135.74009,34.72583],[135.74037,34.728],[135.74094,34.72845],[135.74182,34.72834],[135.74195,34.72785],[135.74297,34.72881],[135.74461,34.72784],[135.74296,34.72725],[135.74179,34.7259],[135.74263,34.7247],[135.7444,34.72598],[135.74494,34.72768],[135.74544,34.7266],[135.74591,34.72788],[135.74616,34.72635],[135.74695,34.72572],[135.7463,34.72535],[135.74873,34.72554],[135.74894,34.72507],[135.74999,34.72553],[135.75174,34.72477],[135.75211,34.72517],[135.75148,34.72573],[135.75222,34.72623],[135.75161,34.72635],[135.75164,34.72697],[135.7521,34.7271],[135.75284,34.72643],[135.75332,34.72519],[135.75519,34.7264],[135.75534,34.72737],[135.75634,34.72831],[135.75909,34.72766],[135.76161,34.72583],[135.7633,34.7262],[135.76417,34.72559],[135.76628,34.72528],[135.76855,34.72602],[135.77068,34.72522],[135.77139,34.72533],[135.77143,34.72596],[135.77347,34.72589],[135.77424,34.72521],[135.77385,34.7242],[135.77603,34.72415],[135.77798,34.72294],[135.7784,34.7239],[135.77988,34.72301],[135.78151,34.72288],[135.78448,34.7243],[135.78573,34.72444],[135.78652,34.72393],[135.7892,34.72499],[135.79159,34.72504],[135.79365,34.72393],[135.79513,34.72368],[135.7956,34.72264],[135.79516,34.72174],[135.79645,34.72051],[135.79749,34.72103],[135.79789,34.7222],[135.7986,34.72263],[135.80393,34.72208],[135.80398,34.71983],[135.80589,34.71771],[135.80727,34.71815],[135.80815,34.71761],[135.81194,34.71754],[135.81231,34.71686],[135.81215,34.71522],[135.80961,34.7151],[135.81048,34.7147],[135.81197,34.71442],[135.81327,34.71526],[135.81369,34.7152],[135.81356,34.71477],[135.81465,34.71495],[135.81999,34.71161],[135.8235,34.71232],[135.82442,34.71281],[135.82456,34.71345],[135.82663,34.71375],[135.82737,34.7132],[135.8276,34.71225],[135.82921,34.71244],[135.83046,34.71365],[135.83101,34.7131],[135.83187,34.71336],[135.83369,34.7125],[135.83889,34.71194],[135.8398,34.71129],[135.83977,34.71044],[135.84172,34.70927],[135.84979,34.70823],[135.8492,34.70607],[135.8552,34.70617],[135.86035,34.70711],[135.86425,34.70632],[135.86468,34.70854],[135.8657,34.70836],[135.866,34.70977],[135.8731,34.71159],[135.87394,34.71299],[135.87608,34.71396],[135.87814,34.71216],[135.88136,34.71428],[135.88289,34.71325],[135.88405,34.71304],[135.88521,34.71354],[135.88662,34.71274],[135.88905,34.71031],[135.88925,34.70876],[135.89088,34.70786],[135.89029,34.70919],[135.89064,34.71217],[135.89188,34.71356],[135.89152,34.71415],[135.89218,34.716],[135.89212,34.71745],[135.89381,34.71954],[135.89425,34.72148],[135.8951,34.72267],[135.89493,34.7238],[135.89565,34.72488],[135.89713,34.72585],[135.89742,34.72828],[135.89689,34.7293],[135.89708,34.73038],[135.89853,34.73133],[135.90069,34.73047],[135.90336,34.73305],[135.90353,34.73633],[135.90534,34.73673],[135.90607,34.7385],[135.90797,34.73962],[135.90839,34.74114],[135.91157,34.74338],[135.91171,34.74559],[135.91366,34.74667],[135.91331,34.74921],[135.91399,34.75042],[135.91512,34.75096],[135.91508,34.75254],[135.91583,34.75286],[135.91618,34.75384],[135.921,34.75298],[135.92182,34.75349],[135.9226,34.75561],[135.92419,34.75698],[135.9241,34.75755],[135.92506,34.75776],[135.92864,34.75666],[135.92713,34.75438],[135.92818,34.75354],[135.92875,34.75205],[135.92557,34.74807],[135.92484,34.74599],[135.92293,34.74514],[135.92385,34.74371],[135.92331,34.74172],[135.92553,34.74043],[135.92775,34.73988],[135.93087,34.73802],[135.93371,34.73819],[135.93642,34.7402],[135.93778,34.74006],[135.93852,34.73891],[135.93929,34.73946],[135.94004,34.73932],[135.94287,34.73742],[135.94386,34.74026],[135.94378,34.74132],[135.94472,34.74199],[135.94619,34.74202],[135.94816,34.74439],[135.94984,34.7443],[135.94998,34.74541],[135.95486,34.74816],[135.95571,34.74654],[135.95798,34.7448],[135.95799,34.74088],[135.95859,34.74024],[135.96113,34.74049],[135.96204,34.74009],[135.96377,34.74119],[135.96905,34.74074],[135.96971,34.74032],[135.97156,34.74174],[135.97217,34.74122],[135.97324,34.74144],[135.9745,34.74097],[135.97492,34.74037],[135.97602,34.74109],[135.97691,34.74059],[135.97639,34.73937],[135.97717,34.73801],[135.97909,34.73666],[135.98049,34.73698],[135.98095,34.73501],[135.98371,34.73437],[135.98378,34.73355],[135.9826,34.73215],[135.98453,34.72989],[135.98501,34.72791],[135.98596,34.72662],[135.98544,34.72535],[135.98613,34.72419],[135.9853,34.72324],[135.98587,34.72245],[135.98501,34.71917],[135.98544,34.71797],[135.98639,34.71765],[135.98636,34.71605],[135.9859,34.71566],[135.98676,34.71523],[135.9876,34.71547],[135.98817,34.71489],[135.98981,34.71501],[135.99034,34.71327],[135.99142,34.71346],[135.99171,34.713],[135.99377,34.71391],[135.99473,34.71346],[135.99573,34.71213],[135.99625,34.71314],[135.9982,34.71362],[135.99984,34.71301],[136.00218,34.71441],[136.00285,34.7159],[136.00529,34.71751],[136.0063,34.71685],[136.00897,34.71652],[136.01303,34.71366],[136.01389,34.71153],[136.01254,34.70857],[136.01351,34.70768],[136.01556,34.70766],[136.01915,34.70856],[136.0258,34.70628],[136.02858,34.70646],[136.02835,34.70741],[136.02888,34.70871],[136.02792,34.70966],[136.02863,34.7107],[136.028,34.71152],[136.02927,34.71397],[136.03115,34.71383],[136.03176,34.71536],[136.03358,34.71603],[136.03315,34.7175],[136.03688,34.71865],[136.03989,34.72031],[136.03996,34.72319],[136.04168,34.72812],[136.04112,34.73017],[136.04155,34.73263],[136.04191,34.73425],[136.04313,34.73628],[136.0479,34.73845],[136.04911,34.73827],[136.05096,34.73883],[136.05507,34.73865],[136.05519,34.7382],[136.05761,34.73716],[136.05796,34.73533],[136.05992,34.73513],[136.06152,34.73375],[136.0634,34.72703],[136.06813,34.72409],[136.06881,34.72255],[136.06903,34.72127],[136.06845,34.72025],[136.06892,34.72],[136.06749,34.71868],[136.06742,34.71768],[136.06901,34.7175],[136.06979,34.71691],[136.06975,34.71617],[136.07109,34.71526],[136.06996,34.7127],[136.06804,34.71214],[136.06789,34.71097],[136.06487,34.70905],[136.06432,34.70819],[136.06325,34.70877],[136.06198,34.70783],[136.06081,34.7077],[136.05962,34.70834],[136.0588,34.70736],[136.05658,34.70607],[136.05409,34.70621],[136.05367,34.70473],[136.05497,34.70307],[136.05336,34.70111],[136.0517,34.69992],[136.04928,34.69956],[136.04653,34.6972],[136.04568,34.69743],[136.04482,34.69847],[136.04299,34.70139],[136.04267,34.70325],[136.03996,34.70252],[136.04066,34.70125],[136.03971,34.70088],[136.0392,34.70256],[136.03775,34.70163],[136.03665,34.70304],[136.03631,34.70264],[136.03713,34.7018],[136.03621,34.7012],[136.03632,34.70086],[136.03687,34.70113],[136.03661,34.70039],[136.03512,34.70037],[136.03548,34.70111],[136.03496,34.70164],[136.03491,34.70113],[136.03415,34.70107],[136.03475,34.70044],[136.03457,34.69968],[136.03264,34.6992],[136.03331,34.69855],[136.03353,34.69914],[136.03455,34.69764],[136.0342,34.69658],[136.0345,34.69603],[136.03527,34.69751],[136.03483,34.69852],[136.03526,34.69858],[136.03571,34.69728],[136.03247,34.69354],[136.03182,34.69351],[136.03116,34.69429],[136.03035,34.69378],[136.02982,34.69522],[136.02913,34.69504],[136.02785,34.69603],[136.02716,34.69555],[136.02621,34.69574],[136.02569,34.69505],[136.02475,34.69626],[136.02302,34.69625],[136.02246,34.69528],[136.02161,34.69526],[136.02113,34.69455],[136.02146,34.69433],[136.01986,34.69235],[136.02006,34.69166],[136.01954,34.69113],[136.01995,34.69081],[136.01986,34.68964],[136.01874,34.68834],[136.01792,34.68557],[136.01593,34.68402],[136.01392,34.68324],[136.01415,34.68388],[136.01336,34.68448],[136.01203,34.68448],[136.00993,34.68366],[136.00736,34.6847],[136.00747,34.68335],[136.00622,34.68251],[136.00472,34.68321],[136.00432,34.68425],[136.00362,34.68422],[136.00368,34.68516],[136.00263,34.68579],[135.99852,34.68419],[135.99727,34.68514],[135.99739,34.68616],[135.99546,34.68671],[135.99049,34.68619],[135.98963,34.68542],[135.9901,34.68686],[135.98917,34.68696],[135.98776,34.6904],[135.98802,34.69114],[135.9873,34.69173],[135.98678,34.69327],[135.98713,34.69438],[135.98652,34.69547],[135.98716,34.69686],[135.98664,34.6974],[135.98679,34.69831],[135.98575,34.69876],[135.98439,34.69789],[135.98281,34.69776],[135.98154,34.69921],[135.98071,34.69936],[135.97989,34.69443],[135.97815,34.69308],[135.97944,34.691],[135.9716,34.68826],[135.96864,34.68549],[135.96562,34.68639],[135.96336,34.68591],[135.96042,34.68659],[135.95847,34.68493],[135.95621,34.68449],[135.95513,34.6825],[135.9535,34.68183],[135.9529,34.68072],[135.95325,34.67983],[135.95295,34.67712],[135.95471,34.67537],[135.95416,34.67473],[135.95441,34.67363],[135.95671,34.6727],[135.95718,34.67175],[135.95902,34.67112],[135.95769,34.66925],[135.95988,34.66646],[135.96057,34.66361],[135.95853,34.66301],[135.95832,34.66213],[135.95985,34.66147],[135.96196,34.65867],[135.96165,34.65749],[135.95716,34.65664],[135.95522,34.65457],[135.95673,34.65479],[135.95717,34.65396],[135.95844,34.65444],[135.95978,34.65336],[135.9604,34.65386],[135.96193,34.65371],[135.96339,34.65466],[135.96494,34.65395],[135.96566,34.65441],[135.96529,34.65452],[135.96549,34.65524],[135.96655,34.65559],[135.96722,34.65424],[135.97084,34.65502],[135.97425,34.65451],[135.97827,34.65551],[135.98095,34.65724],[135.98062,34.65814],[135.97952,34.65898],[135.97519,34.6594],[135.97897,34.65945],[135.98115,34.65836],[135.98357,34.65923],[135.98373,34.65969],[135.98304,34.66019],[135.98393,34.6609],[135.9834,34.66342],[135.98278,34.66388],[135.98166,34.66238],[135.98096,34.66352],[135.98146,34.66412],[135.98057,34.66456],[135.98244,34.66644],[135.98326,34.66663],[135.98386,34.66765],[135.98517,34.66768],[135.98837,34.6689],[135.99208,34.66813],[135.99358,34.66738],[135.99232,34.66421],[135.99328,34.66318],[135.99312,34.6627],[135.99142,34.66086],[135.99049,34.66066],[135.99059,34.65848],[135.98958,34.65691],[135.98632,34.65609],[135.98978,34.65631],[135.9917,34.65725],[135.99342,34.65644],[135.99398,34.65523],[135.99323,34.65425],[135.99437,34.65299],[135.99345,34.65185],[135.99417,34.65107],[135.99302,34.64977],[135.99591,34.64897],[135.99639,34.64745],[135.99817,34.64614],[135.99852,34.64507],[135.9981,34.64398],[135.99921,34.64289],[135.99978,34.64123],[135.99995,34.63962],[135.99913,34.63907],[135.99916,34.6378],[135.99619,34.63624],[135.99572,34.63557],[135.99505,34.63583],[135.99338,34.63529],[135.99382,34.63366],[135.99343,34.63178],[135.99433,34.6312],[135.99131,34.63024],[135.99261,34.62803],[135.99322,34.6278],[135.99138,34.62642],[135.99477,34.62614],[135.99474,34.62485],[135.99573,34.62319],[135.99819,34.62313],[136.00114,34.62122],[136.00142,34.61933],[136.00105,34.61842],[135.9984,34.61796],[135.99684,34.61625],[135.99542,34.61576],[135.99445,34.61416],[135.99424,34.61053],[135.9927,34.60949],[135.98976,34.61047],[135.98867,34.61021],[135.98461,34.60702],[135.98507,34.60482],[135.98417,34.60373],[135.98283,34.60354],[135.98067,34.60432],[135.97896,34.60318],[135.97946,34.60132],[135.98021,34.60055],[135.97859,34.60023],[135.98,34.60019],[135.97951,34.59969],[135.97767,34.59916],[135.97676,34.59988],[135.97648,34.59934],[135.97529,34.59946],[135.97693,34.5991],[135.97657,34.59828],[135.97933,34.59942],[135.9803,34.59931],[135.98075,34.59876],[135.98052,34.59735],[135.98107,34.59684],[135.97846,34.59634],[135.97691,34.59673],[135.97556,34.59618],[135.97515,34.59502],[135.97654,34.59533],[135.97658,34.59596],[135.97726,34.59627],[135.98122,34.59628],[135.97757,34.59442],[135.97656,34.59462],[135.97262,34.59289],[135.97116,34.59078],[135.97076,34.58931],[135.96952,34.5885],[135.96979,34.58636],[135.97186,34.58477],[135.97356,34.58538],[135.9742,34.58341],[135.97497,34.58386],[135.97532,34.58499],[135.97636,34.58495],[135.97715,34.58309],[135.97797,34.58242],[135.97768,34.58131],[135.9783,34.58056],[135.97727,34.57957],[135.97597,34.57967],[135.97336,34.57861],[135.9747,34.57739],[135.97594,34.57703],[135.97556,34.57304],[135.97487,34.57152],[135.97574,34.57083],[135.97501,34.56842],[135.97687,34.56532],[135.97643,34.56285],[135.97377,34.56209],[135.97385,34.55989],[135.97199,34.5586],[135.96878,34.55877],[135.96682,34.55981],[135.96496,34.55978],[135.96221,34.55834],[135.96058,34.55815],[135.95843,34.5583],[135.95725,34.55902],[135.95379,34.55838],[135.95217,34.55958],[135.9471,34.559],[135.94593,34.56059],[135.94403,34.56186],[135.94379,34.56286],[135.94301,34.56333],[135.94314,34.56405],[135.94248,34.56461],[135.94248,34.56559],[135.94455,34.56724],[135.94301,34.56831],[135.9428,34.56933],[135.94064,34.57066],[135.9398,34.5722],[135.93943,34.57435],[135.93695,34.57431],[135.93643,34.57486],[135.93582,34.57643],[135.93612,34.57914],[135.93329,34.58261],[135.93239,34.58239],[135.93208,34.58297],[135.92982,34.58383],[135.93089,34.58517],[135.92966,34.58712],[135.92855,34.58782],[135.92793,34.58743],[135.92728,34.58859],[135.92565,34.58957],[135.92611,34.59037],[135.92781,34.59025],[135.92907,34.59084],[135.92994,34.59191],[135.93039,34.59393],[135.93218,34.59636],[135.93452,34.5952],[135.93707,34.59463],[135.93912,34.59654],[135.93767,34.59605],[135.93734,34.59718],[135.93981,34.59782],[135.9397,34.59883],[135.93798,34.60054],[135.93711,34.60075],[135.93583,34.60247],[135.93639,34.6026],[135.93702,34.60366],[135.9393,34.60403],[135.93933,34.60509],[135.94014,34.60555],[135.94066,34.60715],[135.93911,34.60851],[135.93635,34.60951],[135.93562,34.61037],[135.93462,34.61022],[135.93371,34.61262],[135.93592,34.61258],[135.93708,34.61325],[135.93809,34.61313],[135.94053,34.61703],[135.94623,34.62144],[135.94696,34.62119],[135.95134,34.62181],[135.95054,34.62278],[135.95145,34.6245],[135.95025,34.62496],[135.94867,34.62641],[135.94893,34.62784],[135.94783,34.62866],[135.9484,34.62929],[135.94755,34.63129],[135.94472,34.63121],[135.94326,34.63179],[135.94395,34.63241],[135.94286,34.63354],[135.94371,34.63577],[135.94315,34.63609],[135.94257,34.63784],[135.94084,34.63862],[135.93992,34.63976],[135.93973,34.64213],[135.93394,34.64238],[135.93092,34.64164],[135.92873,34.64427],[135.92712,34.64489],[135.92641,34.64433],[135.92522,34.64232],[135.92603,34.6406],[135.92678,34.63406],[135.92518,34.63111],[135.92485,34.62928],[135.92045,34.63035],[135.91863,34.62944],[135.91775,34.62939],[135.91795,34.63012],[135.91532,34.62917],[135.91147,34.62908],[135.91078,34.62965],[135.91091,34.63119],[135.90794,34.63229],[135.90505,34.63281],[135.90387,34.63253],[135.90295,34.63409],[135.90175,34.63412],[135.90079,34.63512],[135.89818,34.63481],[135.89767,34.63313],[135.89626,34.63249],[135.89652,34.62993],[135.89579,34.62949],[135.89563,34.62801],[135.89409,34.62657],[135.89385,34.62309],[135.89259,34.61953],[135.89195,34.61891],[135.89249,34.61701],[135.89164,34.61614],[135.89524,34.61667],[135.89413,34.61515],[135.89448,34.61235],[135.89402,34.61091],[135.89304,34.61053],[135.89236,34.61084],[135.89148,34.60964],[135.88757,34.61052],[135.88663,34.61135],[135.88549,34.61085],[135.88445,34.61106],[135.87882,34.61317],[135.87858,34.61165],[135.87818,34.61172],[135.87853,34.61257],[135.87817,34.61277],[135.87791,34.61216],[135.87717,34.61248],[135.87688,34.61174],[135.87473,34.61178],[135.87425,34.61121],[135.87476,34.61046],[135.87414,34.61036],[135.87374,34.60946],[135.87334,34.61029],[135.87295,34.6102],[135.87296,34.60864],[135.87239,34.60916],[135.8726,34.60732],[135.87155,34.60987],[135.86995,34.60833],[135.87016,34.61057],[135.86887,34.61026],[135.86766,34.61138],[135.86981,34.61317],[135.86949,34.61526],[135.86798,34.61877],[135.86869,34.62031],[135.86663,34.62082],[135.86181,34.61868],[135.85984,34.61944],[135.85537,34.61948],[135.85178,34.62294],[135.85372,34.62355],[135.85412,34.62433],[135.85342,34.62663],[135.85245,34.62695],[135.84889,34.6263],[135.84706,34.62704],[135.84569,34.62648],[135.84557,34.62811],[135.84672,34.62782],[135.84674,34.62847],[135.84861,34.62969],[135.84733,34.6297],[135.84841,34.63149],[135.84935,34.63162],[135.84973,34.63405],[135.84497,34.6342],[135.84495,34.63542],[135.84674,34.63594],[135.8483,34.63842],[135.8474,34.63788],[135.84642,34.63798],[135.84671,34.63865],[135.84533,34.63797],[135.83954,34.63709],[135.84098,34.63774],[135.83787,34.6377],[135.83789,34.63608],[135.83435,34.6361],[135.83432,34.63345],[135.83318,34.63339],[135.83314,34.63419],[135.83198,34.63419],[135.83193,34.6351],[135.82961,34.6352],[135.82934,34.63708],[135.81639,34.63701],[135.81642,34.6401],[135.81404,34.64056],[135.8141,34.64098],[135.81641,34.64119],[135.81625,34.64775],[135.81393,34.64699],[135.81269,34.64706],[135.81282,34.64754],[135.81206,34.64768],[135.81082,34.64706],[135.81048,34.64749],[135.81083,34.64813],[135.81041,34.6485],[135.80926,34.64833],[135.80926,34.64901],[135.80549,34.6489],[135.80551,34.65313],[135.79475,34.6527],[135.79517,34.65753],[135.79509,34.6581],[135.79448,34.65813],[135.79425,34.66142],[135.78305,34.66132],[135.77565,34.66178],[135.77088,34.66143],[135.7691,34.66012],[135.76675,34.65947],[135.76641,34.65855],[135.76475,34.65744],[135.75961,34.65729],[135.75668,34.65772],[135.7537,34.65731],[135.7497,34.65823],[135.74881,34.6578],[135.74763,34.65916],[135.74735,34.66028],[135.74493,34.66001],[135.74149,34.66089],[135.7413,34.66136],[135.7421,34.66188],[135.7406,34.66294],[135.74028,34.66401],[135.73628,34.66445],[135.73563,34.6656],[135.73454,34.66568],[135.73444,34.66618],[135.73158,34.66695],[135.72706,34.66551],[135.72696,34.66646],[135.72631,34.66709],[135.72757,34.66915],[135.72668,34.66996],[135.72694,34.67085],[135.72647,34.67178],[135.72711,34.6725],[135.72344,34.67396],[135.72395,34.67505],[135.72308,34.67611],[135.72309,34.67755],[135.72183,34.678],[135.72226,34.67898],[135.72124,34.67958]]]}},{"type":"Feature","properties":{"id":"muni-29202","name":"大和高田市"},"geometry":{"type":"Polygon","coordinates":[[[135.74695,34.49167],[135.735,34.49158],[135.73499,34.49896],[135.73275,34.49899],[135.73273,34.4985],[135.73144,34.4984],[135.73037,34.49856],[135.73035,34.49906],[135.72909,34.49907],[135.72912,34.50147],[135.73022,34.50139],[135.72989,34.5024],[135.73042,34.50478],[135.73018,34.51046],[135.71829,34.51039],[135.71818,34.51547],[135.71455,34.51545],[135.71453,34.51943],[135.71687,34.51946],[135.71679,34.5265],[135.72031,34.52659],[135.72032,34.5306],[135.72758,34.53063],[135.72817,34.53118],[135.72965,34.53138],[135.73071,34.53091],[135.73023,34.52927],[135.73086,34.52789],[135.7321,34.52761],[135.73249,34.52867],[135.73329,34.52855],[135.73247,34.52935],[135.73276,34.5299],[135.73356,34.52907],[135.73565,34.52913],[135.73583,34.52704],[135.73843,34.52711],[135.73842,34.52812],[135.74085,34.52825],[135.74098,34.52918],[135.7441,34.52922],[135.74412,34.52821],[135.74548,34.52816],[135.74561,34.53029],[135.7503,34.53028],[135.75058,34.5322],[135.75976,34.53236],[135.75975,34.53153],[135.76085,34.53151],[135.76087,34.53046],[135.76312,34.53048],[135.76335,34.52946],[135.76448,34.52955],[135.7641,34.52105],[135.76534,34.51948],[135.76596,34.51959],[135.76596,34.5177],[135.76347,34.5177],[135.76345,34.51674],[135.76225,34.51676],[135.76221,34.51576],[135.76112,34.51575],[135.76112,34.51475],[135.75868,34.51473],[135.75816,34.5107],[135.75993,34.51069],[135.75991,34.50946],[135.75933,34.50945],[135.75934,34.50748],[135.75948,34.50646],[135.75991,34.50644],[135.76,34.50452],[135.75761,34.50453],[135.75761,34.49795],[135.75649,34.49743],[135.75652,34.49659],[135.75995,34.49665],[135.75996,34.49375],[135.75879,34.49372],[135.75875,34.49182],[135.75836,34.49152],[135.75856,34.48869],[135.76603,34.48868],[135.76605,34.48372],[135.76124,34.48364],[135.7612,34.4817],[135.76,34.48172],[135.76007,34.47769],[135.75881,34.47767],[135.75884,34.47673],[135.75404,34.47672],[135.75398,34.48167],[135.74193,34.48177],[135.74432,34.48578],[135.74588,34.48656],[135.7458,34.49069],[135.74696,34.4907],[135.74695,34.49167]]]}},{"type":"Feature","properties":{"id":"muni-29203","name":"大和郡山市"},"geometry":{"type":"Polygon","coordinates":[[[135.74947,34.61918],[135.74924,34.624],[135.74813,34.62432],[135.74737,34.62561],[135.74411,34.62592],[135.74169,34.62836],[135.74122,34.62782],[135.74024,34.62863],[135.73808,34.62911],[135.73774,34.62934],[135.73792,34.63054],[135.7367,34.63064],[135.73654,34.63123],[135.73404,34.63275],[135.73202,34.63248],[135.73075,34.63131],[135.72712,34.6328],[135.72645,34.63372],[135.7261,34.63512],[135.72709,34.63646],[135.72864,34.63684],[135.72932,34.63751],[135.72882,34.63892],[135.72982,34.6398],[135.72805,34.64147],[135.72807,34.64288],[135.72675,34.64464],[135.72784,34.64592],[135.72552,34.64671],[135.72679,34.65027],[135.72774,34.65065],[135.72754,34.65151],[135.72844,34.6514],[135.72773,34.65264],[135.72848,34.65335],[135.72886,34.6549],[135.72783,34.65526],[135.72761,34.65634],[135.72849,34.65787],[135.72931,34.65797],[135.72942,34.65839],[135.72864,34.66018],[135.72742,34.66074],[135.72783,34.66148],[135.72626,34.66285],[135.7262,34.66345],[135.72727,34.66539],[135.72964,34.66653],[135.73158,34.66695],[135.73555,34.66565],[135.73596,34.66469],[135.73666,34.66432],[135.74006,34.66415],[135.7411,34.66239],[135.7421,34.66188],[135.7413,34.66136],[135.74149,34.66089],[135.74493,34.66001],[135.74724,34.66032],[135.74881,34.6578],[135.75031,34.65821],[135.7537,34.65731],[135.75668,34.65772],[135.75961,34.65729],[135.76475,34.65744],[135.76641,34.65855],[135.76675,34.65947],[135.7691,34.66012],[135.77088,34.66143],[135.77565,34.66178],[135.78305,34.66132],[135.79425,34.66142],[135.79448,34.65813],[135.79509,34.6581],[135.79517,34.65753],[135.79475,34.6527],[135.80551,34.65313],[135.80549,34.6489],[135.80926,34.64901],[135.80926,34.64833],[135.81041,34.6485],[135.81083,34.64813],[135.81048,34.64749],[135.81082,34.64706],[135.81206,34.64768],[135.81282,34.64754],[135.81269,34.64706],[135.81393,34.64699],[135.81625,34.64775],[135.81641,34.64119],[135.8141,34.64098],[135.81404,34.64056],[135.81642,34.6401],[135.81639,34.63701],[135.82363,34.63699],[135.82359,34.63612],[135.82245,34.63613],[135.82243,34.63302],[135.82363,34.63239],[135.82367,34.62533],[135.81638,34.62508],[135.81318,34.62292],[135.81299,34.62193],[135.81305,34.61939],[135.81365,34.61941],[135.81367,34.61835],[135.8141,34.61833],[135.81422,34.61647],[135.81666,34.61642],[135.81669,34.61543],[135.82162,34.61547],[135.82167,34.6136],[135.81659,34.61341],[135.81659,34.61173],[135.81351,34.6117],[135.81267,34.61134],[135.81271,34.61045],[135.807,34.6104],[135.80707,34.61285],[135.80618,34.6131],[135.80585,34.61309],[135.8059,34.61242],[135.80229,34.6123],[135.80226,34.61195],[135.80114,34.61186],[135.79483,34.61246],[135.79503,34.60162],[135.79125,34.60155],[135.79121,34.59963],[135.78971,34.59959],[135.78958,34.59666],[135.7878,34.59624],[135.78778,34.59584],[135.78664,34.59582],[135.78636,34.59769],[135.78321,34.59752],[135.78312,34.59658],[135.77801,34.59674],[135.77803,34.59567],[135.77583,34.59594],[135.77559,34.5953],[135.7702,34.59752],[135.76808,34.59719],[135.76747,34.59773],[135.76766,34.60141],[135.76607,34.60136],[135.76601,34.60435],[135.76638,34.60558],[135.76858,34.60685],[135.7673,34.60714],[135.76751,34.60796],[135.7685,34.60797],[135.76893,34.60995],[135.76603,34.60992],[135.76505,34.60748],[135.76595,34.60726],[135.76593,34.60498],[135.76497,34.60506],[135.76482,34.60599],[135.76357,34.60608],[135.76362,34.60689],[135.76235,34.60706],[135.76234,34.60799],[135.76074,34.60831],[135.76065,34.60996],[135.76144,34.60999],[135.76107,34.61158],[135.76136,34.615],[135.76087,34.61501],[135.76118,34.61843],[135.76015,34.61913],[135.75726,34.619],[135.75493,34.61809],[135.75185,34.61577],[135.75182,34.61865],[135.7512,34.61837],[135.75064,34.61913],[135.74947,34.61918]]]}},{"type":"Feature","properties":{"id":"muni-29204","name":"天理市"},"geometry":{"type":"Polygon","coordinates":[[[135.79297,34.58665],[135.79393,34.58682],[135.79494,34.5881],[135.79499,34.59075],[135.79029,34.59082],[135.79019,34.59464],[135.78899,34.59462],[135.78893,34.59561],[135.78664,34.59582],[135.78958,34.59666],[135.78971,34.59959],[135.79121,34.59963],[135.79125,34.60155],[135.79503,34.60162],[135.79483,34.61246],[135.80114,34.61186],[135.80226,34.61195],[135.80229,34.6123],[135.8059,34.61242],[135.80585,34.61309],[135.80618,34.6131],[135.80707,34.61285],[135.807,34.6104],[135.81271,34.61045],[135.81267,34.61134],[135.81351,34.6117],[135.81659,34.61173],[135.81659,34.61341],[135.82167,34.6136],[135.82162,34.61547],[135.81669,34.61543],[135.81666,34.61642],[135.81422,34.61647],[135.8141,34.61833],[135.81367,34.61835],[135.81365,34.61941],[135.81305,34.61939],[135.81299,34.62193],[135.81318,34.62292],[135.81638,34.62508],[135.82367,34.62533],[135.82363,34.63239],[135.82243,34.63302],[135.82245,34.63613],[135.82359,34.63612],[135.82363,34.63699],[135.82943,34.63706],[135.82961,34.6352],[135.83193,34.6351],[135.83198,34.63419],[135.83314,34.63419],[135.83318,34.63339],[135.83432,34.63345],[135.83435,34.6361],[135.83789,34.63608],[135.83787,34.6377],[135.84098,34.63774],[135.83954,34.63709],[135.84533,34.63797],[135.84671,34.63865],[135.84642,34.63798],[135.8474,34.63788],[135.8483,34.63842],[135.84674,34.63594],[135.84495,34.63542],[135.84497,34.6342],[135.84973,34.63405],[135.84935,34.63162],[135.84841,34.63149],[135.84733,34.6297],[135.84861,34.62969],[135.84674,34.62847],[135.84672,34.62782],[135.84557,34.62811],[135.84569,34.62648],[135.84706,34.62704],[135.84889,34.6263],[135.85245,34.62695],[135.85342,34.62663],[135.85412,34.62433],[135.85372,34.62355],[135.85178,34.62294],[135.85537,34.61948],[135.85984,34.61944],[135.86181,34.61868],[135.86663,34.62082],[135.86869,34.62031],[135.86798,34.61877],[135.86949,34.61526],[135.86981,34.61317],[135.86766,34.61138],[135.86887,34.61026],[135.87016,34.61057],[135.86995,34.60833],[135.87155,34.60987],[135.8726,34.60732],[135.87239,34.60916],[135.87296,34.60864],[135.87295,34.6102],[135.87334,34.61029],[135.87374,34.60946],[135.87414,34.61036],[135.87476,34.61046],[135.87425,34.61121],[135.87473,34.61178],[135.87688,34.61174],[135.87717,34.61248],[135.87791,34.61216],[135.87817,34.61277],[135.87853,34.61257],[135.87818,34.61172],[135.87858,34.61165],[135.87882,34.61317],[135.88445,34.61106],[135.88549,34.61085],[135.88663,34.61135],[135.88757,34.61052],[135.89148,34.60964],[135.89236,34.61084],[135.89304,34.61053],[135.89402,34.61091],[135.89448,34.61235],[135.89413,34.61515],[135.89524,34.61667],[135.89164,34.61614],[135.89249,34.61701],[135.89195,34.61891],[135.89259,34.61953],[135.89385,34.62309],[135.89409,34.62657],[135.89563,34.62801],[135.89579,34.62949],[135.89652,34.62993],[135.89626,34.63249],[135.89767,34.63313],[135.89818,34.63481],[135.90079,34.63512],[135.90175,34.63412],[135.90295,34.63409],[135.90387,34.63253],[135.90505,34.63281],[135.90794,34.63229],[135.91091,34.63119],[135.91078,34.62965],[135.91147,34.62908],[135.91532,34.62917],[135.91795,34.63012],[135.91775,34.62939],[135.91863,34.62944],[135.92045,34.63035],[135.92499,34.62934],[135.92518,34.63111],[135.92678,34.63406],[135.92603,34.6406],[135.92522,34.64232],[135.92712,34.64489],[135.92913,34.64401],[135.93092,34.64164],[135.93394,34.64238],[135.93973,34.64213],[135.93992,34.63976],[135.94084,34.63862],[135.94257,34.63784],[135.94315,34.63609],[135.94371,34.63577],[135.94286,34.63354],[135.94395,34.63241],[135.94326,34.63179],[135.94472,34.63121],[135.94755,34.63129],[135.9484,34.62929],[135.94783,34.62866],[135.94893,34.62784],[135.94867,34.62641],[135.95025,34.62496],[135.95145,34.6245],[135.95054,34.62278],[135.95134,34.62181],[135.94696,34.62119],[135.94623,34.62144],[135.94053,34.61703],[135.93809,34.61313],[135.93356,34.61244],[135.93462,34.61022],[135.93562,34.61037],[135.93635,34.60951],[135.93911,34.60851],[135.94066,34.60715],[135.94014,34.60555],[135.93933,34.60509],[135.9393,34.60403],[135.93702,34.60366],[135.93639,34.6026],[135.93583,34.60247],[135.93711,34.60075],[135.93798,34.60054],[135.93985,34.59863],[135.93981,34.59782],[135.93734,34.59718],[135.93767,34.59605],[135.93913,34.59654],[135.93787,34.59523],[135.93707,34.59463],[135.93452,34.5952],[135.93218,34.59636],[135.93039,34.59393],[135.92994,34.59191],[135.92907,34.59084],[135.92781,34.59025],[135.92611,34.59037],[135.92565,34.58957],[135.92438,34.59083],[135.92255,34.59],[135.92124,34.59032],[135.92116,34.59086],[135.91979,34.59173],[135.9187,34.59127],[135.9167,34.59145],[135.91276,34.5883],[135.90816,34.58974],[135.90847,34.58592],[135.90724,34.58401],[135.90864,34.58339],[135.90878,34.58279],[135.90672,34.58162],[135.90569,34.57948],[135.90431,34.57856],[135.90346,34.57857],[135.90328,34.57783],[135.90083,34.57589],[135.89934,34.5756],[135.90121,34.57276],[135.89999,34.5711],[135.8987,34.57015],[135.89774,34.57015],[135.89762,34.56936],[135.89682,34.5688],[135.89597,34.56887],[135.89544,34.56964],[135.89361,34.569],[135.89219,34.56922],[135.89032,34.56708],[135.88813,34.56786],[135.88613,34.56677],[135.88631,34.56554],[135.887,34.56506],[135.88721,34.56255],[135.88451,34.56122],[135.88176,34.55895],[135.87953,34.55905],[135.87452,34.5615],[135.87393,34.56076],[135.87412,34.55948],[135.87213,34.55785],[135.87316,34.55622],[135.87295,34.55509],[135.8719,34.55411],[135.87228,34.55314],[135.87028,34.55238],[135.86986,34.55146],[135.86866,34.55097],[135.86741,34.54881],[135.86556,34.54952],[135.86402,34.54947],[135.86155,34.54838],[135.857,34.55013],[135.85198,34.55053],[135.85034,34.55002],[135.8493,34.54871],[135.84369,34.54889],[135.84282,34.54972],[135.84146,34.54998],[135.84135,34.5508],[135.83782,34.55086],[135.83787,34.55251],[135.83742,34.55257],[135.83165,34.55249],[135.83189,34.5487],[135.82596,34.54869],[135.82585,34.55158],[135.82466,34.55179],[135.8246,34.55356],[135.82234,34.55348],[135.8224,34.55443],[135.82136,34.55458],[135.82102,34.55523],[135.82089,34.56041],[135.81384,34.5604],[135.8138,34.56332],[135.81264,34.56341],[135.81238,34.56456],[135.81131,34.56455],[135.81141,34.56923],[135.81272,34.56925],[135.81253,34.57418],[135.80881,34.57448],[135.8083,34.57673],[135.80731,34.57781],[135.80754,34.58306],[135.80877,34.58303],[135.80878,34.58544],[135.80699,34.58539],[135.80697,34.58605],[135.80763,34.58624],[135.80746,34.58972],[135.80515,34.58976],[135.8051,34.58562],[135.80557,34.58469],[135.80521,34.58468],[135.80521,34.58396],[135.80392,34.58394],[135.80388,34.58283],[135.80311,34.58269],[135.80063,34.58379],[135.79975,34.58379],[135.79923,34.58324],[135.79984,34.58161],[135.79948,34.57975],[135.79906,34.57981],[135.7991,34.57687],[135.79775,34.57685],[135.79774,34.57794],[135.7951,34.57795],[135.79569,34.57881],[135.7947,34.57904],[135.79492,34.58],[135.79386,34.58001],[135.79384,34.57951],[135.79011,34.57934],[135.79011,34.57798],[135.78722,34.57872],[135.78762,34.57894],[135.78706,34.57928],[135.78678,34.58076],[135.78663,34.58577],[135.78905,34.5859],[135.7891,34.5848],[135.79109,34.58485],[135.7911,34.58579],[135.79173,34.58583],[135.79175,34.58648],[135.79215,34.58657],[135.79259,34.58582],[135.79347,34.5857],[135.79274,34.58602],[135.79297,34.58665]]]}},{"type":"Feature","properties":{"id":"muni-29205","name":"橿原市"},"geometry":{"type":"Polygon","coordinates":[[[135.7589,34.47767],[135.76007,34.47769],[135.76,34.48172],[135.7612,34.4817],[135.76124,34.48364],[135.76605,34.48372],[135.76603,34.48868],[135.75856,34.48869],[135.75836,34.49152],[135.75875,34.49182],[135.75879,34.49372],[135.75996,34.49375],[135.75995,34.49665],[135.75652,34.49659],[135.75649,34.49765],[135.75761,34.49795],[135.75761,34.50453],[135.76,34.50452],[135.75991,34.50644],[135.75948,34.50646],[135.75934,34.50748],[135.75933,34.50945],[135.75991,34.50946],[135.75993,34.51069],[135.75816,34.5107],[135.75868,34.51473],[135.76112,34.51475],[135.76112,34.51575],[135.76221,34.51576],[135.76225,34.51676],[135.76345,34.51674],[135.76347,34.5177],[135.76596,34.5177],[135.76596,34.51959],[135.76534,34.51948],[135.7641,34.52105],[135.76448,34.52955],[135.76614,34.52951],[135.76719,34.53088],[135.76791,34.53112],[135.7675,34.53267],[135.7677,34.53434],[135.76977,34.53537],[135.78356,34.5354],[135.78353,34.52956],[135.786,34.52962],[135.78601,34.53057],[135.79188,34.53062],[135.79191,34.53125],[135.79279,34.53126],[135.79281,34.53068],[135.79559,34.53068],[135.79555,34.53666],[135.79737,34.53664],[135.79736,34.53762],[135.80433,34.53759],[135.80437,34.53662],[135.8068,34.53662],[135.80682,34.53566],[135.80797,34.53569],[135.80799,34.53475],[135.81835,34.53483],[135.81847,34.52987],[135.82138,34.52985],[135.82138,34.52618],[135.82501,34.52605],[135.82501,34.52508],[135.8235,34.52502],[135.82233,34.52555],[135.82235,34.5251],[135.82147,34.52509],[135.82147,34.52406],[135.81936,34.52402],[135.81931,34.52308],[135.81854,34.52303],[135.81876,34.51111],[135.82636,34.51101],[135.82616,34.50627],[135.82652,34.50399],[135.82932,34.50405],[135.83063,34.50254],[135.83115,34.50254],[135.83125,34.50375],[135.83187,34.50309],[135.8322,34.50199],[135.82998,34.50241],[135.82992,34.50126],[135.82699,34.49777],[135.82691,34.49635],[135.82576,34.49447],[135.82633,34.4944],[135.82667,34.49512],[135.82847,34.49487],[135.82832,34.49434],[135.82896,34.4935],[135.82855,34.49256],[135.82916,34.49171],[135.82965,34.49115],[135.83143,34.49114],[135.83126,34.48872],[135.83059,34.48865],[135.8287,34.48648],[135.82746,34.48604],[135.82661,34.48617],[135.82554,34.48719],[135.82537,34.48859],[135.8247,34.48937],[135.82375,34.4894],[135.82241,34.48836],[135.82186,34.48631],[135.82184,34.4888],[135.8207,34.48977],[135.82002,34.48979],[135.82003,34.49035],[135.81812,34.49038],[135.8181,34.48962],[135.81679,34.48935],[135.81612,34.48976],[135.81575,34.49218],[135.81452,34.49226],[135.81464,34.49309],[135.81184,34.49334],[135.81167,34.49383],[135.81064,34.49415],[135.8106,34.49515],[135.80948,34.49524],[135.80974,34.49223],[135.81174,34.49219],[135.81196,34.49072],[135.81334,34.49029],[135.81343,34.48951],[135.81205,34.4893],[135.81197,34.49031],[135.81082,34.49032],[135.81068,34.48959],[135.81232,34.48585],[135.81182,34.4858],[135.81217,34.48365],[135.80983,34.48397],[135.8092,34.48214],[135.80744,34.48239],[135.80782,34.47865],[135.80868,34.47651],[135.80769,34.47524],[135.80827,34.47419],[135.80796,34.47298],[135.80845,34.47273],[135.8083,34.47058],[135.80744,34.47061],[135.80638,34.46908],[135.80001,34.46966],[135.79843,34.46782],[135.79808,34.46884],[135.79622,34.46815],[135.7946,34.46847],[135.79383,34.46751],[135.7924,34.46724],[135.79083,34.466],[135.78725,34.46785],[135.78375,34.46795],[135.78098,34.47001],[135.77859,34.47012],[135.77763,34.46955],[135.77714,34.47082],[135.77665,34.47078],[135.77613,34.47157],[135.77268,34.47025],[135.77246,34.46984],[135.77289,34.46965],[135.77147,34.46876],[135.77083,34.4673],[135.76894,34.46759],[135.76864,34.46719],[135.76763,34.4677],[135.7661,34.46669],[135.7645,34.46707],[135.76353,34.46502],[135.7619,34.4648],[135.76024,34.46329],[135.7572,34.46525],[135.75604,34.46463],[135.75177,34.46473],[135.75166,34.46572],[135.75057,34.46567],[135.75055,34.46777],[135.7541,34.46772],[135.75409,34.47672],[135.75884,34.47673],[135.7589,34.47767]]]}},{"type":"Feature","properties":{"id":"muni-29206","name":"桜井市"},"geometry":{"type":"Polygon","coordinates":[[[135.82652,34.50399],[135.82636,34.51101],[135.81876,34.51111],[135.81854,34.52303],[135.81931,34.52308],[135.81936,34.52402],[135.82147,34.52406],[135.82147,34.52509],[135.82235,34.5251],[135.82233,34.52555],[135.8235,34.52502],[135.82501,34.52508],[135.82501,34.52605],[135.82138,34.52618],[135.82138,34.52985],[135.81847,34.52987],[135.81813,34.54267],[135.81892,34.5427],[135.81892,34.5447],[135.8223,34.54492],[135.82201,34.54553],[135.82247,34.54571],[135.82541,34.54574],[135.82513,34.54675],[135.82594,34.54674],[135.82596,34.54869],[135.83189,34.5487],[135.83165,34.55249],[135.83783,34.55254],[135.83782,34.55086],[135.84135,34.5508],[135.84146,34.54998],[135.84282,34.54972],[135.84369,34.54889],[135.8493,34.54871],[135.85034,34.55002],[135.85198,34.55053],[135.857,34.55013],[135.86155,34.54838],[135.86402,34.54947],[135.86556,34.54952],[135.86741,34.54881],[135.86866,34.55097],[135.86986,34.55146],[135.87028,34.55238],[135.87228,34.55314],[135.8719,34.55411],[135.87295,34.55509],[135.87316,34.55622],[135.87213,34.55785],[135.87412,34.55948],[135.87393,34.56076],[135.87452,34.5615],[135.87953,34.55905],[135.8815,34.55887],[135.88451,34.56122],[135.88721,34.56255],[135.887,34.56506],[135.88631,34.56554],[135.88613,34.56677],[135.88813,34.56786],[135.89032,34.56708],[135.89219,34.56922],[135.89361,34.569],[135.89544,34.56964],[135.89597,34.56887],[135.89716,34.56893],[135.89774,34.57015],[135.8987,34.57015],[135.89999,34.5711],[135.90121,34.57276],[135.89934,34.5756],[135.90083,34.57589],[135.90328,34.57783],[135.90346,34.57857],[135.90431,34.57856],[135.90569,34.57948],[135.90672,34.58162],[135.90878,34.58279],[135.90864,34.58339],[135.90724,34.58401],[135.90847,34.58592],[135.90816,34.58974],[135.91276,34.5883],[135.91522,34.59065],[135.91774,34.59163],[135.9187,34.59127],[135.92015,34.59162],[135.92124,34.59032],[135.92221,34.59002],[135.92438,34.59083],[135.92507,34.58985],[135.92728,34.58859],[135.92793,34.58743],[135.92855,34.58782],[135.92966,34.58712],[135.93089,34.58517],[135.92982,34.58383],[135.93208,34.58297],[135.93239,34.58239],[135.93329,34.58261],[135.93612,34.57914],[135.93582,34.57643],[135.93643,34.57486],[135.93695,34.57431],[135.93943,34.57435],[135.9398,34.5722],[135.94064,34.57066],[135.9428,34.56933],[135.94301,34.56831],[135.94455,34.56724],[135.94248,34.56559],[135.94248,34.56461],[135.94314,34.56405],[135.94301,34.56333],[135.94379,34.56286],[135.94403,34.56186],[135.94593,34.56059],[135.9471,34.559],[135.94731,34.55589],[135.94656,34.55444],[135.94477,34.55308],[135.94348,34.55293],[135.94266,34.55182],[135.94049,34.55041],[135.94094,34.54359],[135.94215,34.54146],[135.94161,34.53903],[135.9393,34.53793],[135.93873,34.53521],[135.93558,34.53386],[135.93482,34.53223],[135.93523,34.53066],[135.93132,34.53096],[135.92893,34.53015],[135.92953,34.52584],[135.92928,34.52509],[135.92651,34.52458],[135.92141,34.52132],[135.91992,34.52116],[135.919,34.52023],[135.91649,34.52004],[135.91065,34.51835],[135.91022,34.51727],[135.91062,34.51376],[135.90912,34.51313],[135.90869,34.5103],[135.91266,34.50782],[135.9136,34.50605],[135.91222,34.50449],[135.90981,34.50388],[135.90945,34.50318],[135.90811,34.50325],[135.90666,34.50214],[135.90625,34.50098],[135.90446,34.49952],[135.90405,34.49867],[135.90444,34.49702],[135.9041,34.49516],[135.90165,34.49305],[135.90184,34.49179],[135.90069,34.49007],[135.89856,34.48776],[135.89457,34.48622],[135.89359,34.48511],[135.89111,34.48005],[135.88868,34.4789],[135.88829,34.47794],[135.88669,34.47699],[135.88817,34.47631],[135.88831,34.47542],[135.89032,34.47295],[135.89016,34.47044],[135.89194,34.46698],[135.89235,34.46503],[135.89185,34.46371],[135.89282,34.46208],[135.89145,34.4601],[135.88959,34.45933],[135.8893,34.45813],[135.88982,34.4561],[135.88853,34.45428],[135.88744,34.4541],[135.88753,34.45327],[135.88614,34.45318],[135.88413,34.45182],[135.88349,34.45205],[135.88115,34.45108],[135.87952,34.45113],[135.87577,34.44719],[135.87474,34.44439],[135.87256,34.44403],[135.87085,34.44458],[135.86923,34.44381],[135.86745,34.4437],[135.86752,34.44528],[135.86552,34.4462],[135.86516,34.44746],[135.8639,34.44885],[135.86379,34.45019],[135.86159,34.45273],[135.86263,34.4535],[135.86362,34.45613],[135.8655,34.45718],[135.86852,34.45786],[135.86885,34.45912],[135.86683,34.45822],[135.86198,34.4585],[135.85954,34.45766],[135.85869,34.45931],[135.85867,34.46052],[135.85816,34.46059],[135.85793,34.45985],[135.8585,34.45803],[135.85554,34.46143],[135.85408,34.46199],[135.85055,34.4623],[135.85019,34.46304],[135.85097,34.46413],[135.85015,34.4653],[135.85055,34.46633],[135.85192,34.46736],[135.85047,34.46887],[135.84866,34.46957],[135.8485,34.47121],[135.84315,34.47079],[135.84077,34.47118],[135.8407,34.47295],[135.84034,34.47227],[135.83915,34.47225],[135.8375,34.47416],[135.8372,34.47384],[135.83583,34.47413],[135.83492,34.47503],[135.83186,34.47588],[135.83111,34.47677],[135.83068,34.4791],[135.82896,34.47998],[135.82864,34.48084],[135.8266,34.48151],[135.82471,34.48128],[135.82479,34.48178],[135.82408,34.48196],[135.82365,34.48339],[135.82707,34.48428],[135.82665,34.48624],[135.82763,34.48604],[135.8287,34.48648],[135.83059,34.48865],[135.83126,34.48872],[135.83143,34.49114],[135.82965,34.49115],[135.82916,34.49171],[135.82855,34.49256],[135.82896,34.4935],[135.82832,34.49434],[135.82847,34.49487],[135.82667,34.49512],[135.82633,34.4944],[135.82576,34.49447],[135.82691,34.49635],[135.82699,34.49777],[135.82992,34.50126],[135.82998,34.50241],[135.8322,34.50199],[135.83215,34.50253],[135.83139,34.50376],[135.83115,34.50254],[135.83063,34.50254],[135.82932,34.50405],[135.82652,34.50399]]]}},{"type":"Feature","properties":{"id":"muni-29207","name":"五條市"},"geometry":{"type":"Polygon","coordinates":[[[135.6614,34.39173],[135.66284,34.39345],[135.664,34.39733],[135.66607,34.39702],[135.66777,34.39784],[135.669,34.39766],[135.6744,34.39913],[135.67607,34.39909],[135.67684,34.40212],[135.67617,34.40408],[135.67674,34.40469],[135.67597,34.4056],[135.67823,34.40728],[135.67957,34.40747],[135.68026,34.40896],[135.68103,34.40796],[135.68429,34.40604],[135.68539,34.40365],[135.68635,34.40267],[135.69177,34.40133],[135.69192,34.40187],[135.69275,34.40164],[135.69521,34.40001],[135.69505,34.39933],[135.69607,34.39775],[135.69901,34.39895],[135.70125,34.39697],[135.70208,34.39781],[135.70159,34.39864],[135.70335,34.39765],[135.7032,34.39831],[135.70374,34.39768],[135.70385,34.39817],[135.70417,34.39778],[135.70466,34.3984],[135.70379,34.39908],[135.70401,34.39953],[135.70521,34.39915],[135.70661,34.39943],[135.70744,34.39891],[135.71048,34.39907],[135.71257,34.39789],[135.71343,34.39815],[135.71353,34.39752],[135.71452,34.39696],[135.71449,34.39553],[135.71625,34.39664],[135.71617,34.39594],[135.71671,34.39538],[135.71552,34.39432],[135.71649,34.3938],[135.7165,34.39267],[135.71526,34.39036],[135.7157,34.38987],[135.71685,34.38978],[135.71838,34.38836],[135.7207,34.38912],[135.72101,34.39053],[135.72265,34.38949],[135.72266,34.38866],[135.72374,34.38857],[135.72373,34.388],[135.7282,34.38813],[135.73083,34.38611],[135.73178,34.3866],[135.73179,34.3858],[135.73238,34.38576],[135.73341,34.3864],[135.7351,34.3862],[135.73584,34.38757],[135.73662,34.38798],[135.73743,34.38774],[135.73753,34.38721],[135.7402,34.38673],[135.74085,34.3877],[135.74121,34.38707],[135.74273,34.38789],[135.74297,34.38917],[135.74451,34.38866],[135.7446,34.38918],[135.74545,34.38894],[135.74702,34.38957],[135.75315,34.38804],[135.75402,34.38689],[135.75474,34.38724],[135.75544,34.38688],[135.75462,34.38641],[135.75498,34.3859],[135.75683,34.38605],[135.75638,34.38334],[135.75562,34.38196],[135.75662,34.37957],[135.75782,34.379],[135.75915,34.37689],[135.76389,34.37766],[135.7697,34.37943],[135.7695,34.37714],[135.77336,34.37681],[135.77408,34.37456],[135.77332,34.37373],[135.77251,34.37373],[135.77185,34.37266],[135.77069,34.37276],[135.77143,34.37076],[135.77172,34.36743],[135.77246,34.36689],[135.77093,34.36592],[135.77016,34.36305],[135.7684,34.36209],[135.76799,34.36051],[135.76812,34.35868],[135.76911,34.35802],[135.7708,34.35539],[135.77079,34.35458],[135.77182,34.3535],[135.77195,34.35093],[135.77091,34.3493],[135.77263,34.34466],[135.77205,34.3434],[135.7722,34.34231],[135.7697,34.3435],[135.77008,34.34237],[135.77111,34.34167],[135.77141,34.33947],[135.77012,34.33878],[135.77026,34.33786],[135.76944,34.33774],[135.76878,34.33629],[135.76892,34.33429],[135.76787,34.33338],[135.76951,34.33069],[135.77007,34.32631],[135.77244,34.32683],[135.77395,34.32626],[135.77511,34.32661],[135.77625,34.32571],[135.77969,34.32495],[135.7799,34.32417],[135.7788,34.32269],[135.77979,34.31762],[135.77794,34.3159],[135.77751,34.31383],[135.77573,34.31306],[135.77974,34.3079],[135.77906,34.30721],[135.77857,34.30455],[135.77651,34.303],[135.7761,34.3021],[135.77662,34.30113],[135.77647,34.2998],[135.77569,34.29913],[135.77515,34.29758],[135.77529,34.29426],[135.77574,34.29342],[135.7751,34.29255],[135.77511,34.29144],[135.774,34.29022],[135.77462,34.28926],[135.77707,34.28808],[135.77949,34.28831],[135.78099,34.28724],[135.78161,34.28614],[135.78343,34.28529],[135.78926,34.28461],[135.79294,34.28327],[135.79558,34.28331],[135.79751,34.2841],[135.80056,34.28303],[135.80333,34.28381],[135.80609,34.28538],[135.80695,34.28513],[135.80945,34.28267],[135.81082,34.28219],[135.81311,34.28214],[135.81393,34.28259],[135.82099,34.28066],[135.82225,34.27991],[135.82164,34.2772],[135.82353,34.27669],[135.82655,34.27424],[135.82895,34.27491],[135.83107,34.27455],[135.83213,34.27382],[135.83629,34.27453],[135.84016,34.27258],[135.84103,34.27141],[135.84335,34.26992],[135.84331,34.26931],[135.8451,34.26646],[135.8446,34.26448],[135.8432,34.26457],[135.84155,34.26361],[135.83817,34.26135],[135.83745,34.26008],[135.83396,34.25944],[135.83134,34.25801],[135.82801,34.25388],[135.82267,34.25306],[135.82042,34.252],[135.81984,34.25075],[135.81891,34.25015],[135.81906,34.24926],[135.81838,34.24775],[135.81982,34.24587],[135.81926,34.24466],[135.81974,34.24406],[135.8196,34.24346],[135.8173,34.24231],[135.81645,34.24045],[135.80931,34.24026],[135.80852,34.23808],[135.80567,34.23593],[135.80484,34.23454],[135.80337,34.23416],[135.80211,34.23459],[135.79876,34.23439],[135.79717,34.23375],[135.79616,34.23405],[135.79388,34.23331],[135.79194,34.23177],[135.79038,34.23158],[135.78711,34.23499],[135.7871,34.23647],[135.78631,34.2375],[135.78619,34.23885],[135.78072,34.2406],[135.78004,34.24038],[135.77909,34.24123],[135.77462,34.24097],[135.77339,34.24131],[135.76779,34.2395],[135.7654,34.23791],[135.76319,34.23787],[135.76093,34.23639],[135.75676,34.23531],[135.75568,34.23422],[135.75219,34.23415],[135.75047,34.23376],[135.74899,34.23279],[135.74836,34.23219],[135.74937,34.22671],[135.75109,34.22462],[135.75184,34.22243],[135.75171,34.22006],[135.75049,34.21683],[135.74975,34.21648],[135.74745,34.21297],[135.74356,34.2114],[135.74292,34.21056],[135.74608,34.21049],[135.74418,34.20583],[135.74461,34.20351],[135.74686,34.19995],[135.74689,34.19918],[135.74578,34.19731],[135.74604,34.19538],[135.75137,34.19305],[135.75318,34.19119],[135.75554,34.19199],[135.75725,34.19166],[135.75915,34.19199],[135.76099,34.18877],[135.76092,34.18788],[135.76256,34.18724],[135.76531,34.18518],[135.76686,34.18494],[135.76752,34.18435],[135.77018,34.18518],[135.77266,34.18429],[135.77498,34.18523],[135.77741,34.18472],[135.77883,34.18375],[135.78153,34.18386],[135.78315,34.18316],[135.78553,34.18348],[135.7924,34.17978],[135.79451,34.17618],[135.79557,34.17574],[135.79928,34.17665],[135.80043,34.17762],[135.80295,34.1783],[135.80386,34.17908],[135.80402,34.18064],[135.80504,34.18189],[135.80793,34.18211],[135.8088,34.18247],[135.80942,34.18346],[135.81192,34.18362],[135.81458,34.18488],[135.82027,34.18219],[135.82158,34.18238],[135.8232,34.18169],[135.82581,34.18141],[135.82751,34.18497],[135.83039,34.18525],[135.83479,34.18671],[135.83734,34.18623],[135.84013,34.18919],[135.84164,34.19016],[135.8438,34.19065],[135.84775,34.18973],[135.85135,34.18973],[135.85443,34.19217],[135.85562,34.19393],[135.8578,34.19215],[135.86047,34.19115],[135.86114,34.19038],[135.85916,34.18718],[135.85665,34.1847],[135.85707,34.18395],[135.85634,34.18336],[135.85712,34.17969],[135.85857,34.17635],[135.86277,34.17598],[135.8674,34.17703],[135.86985,34.17834],[135.87385,34.17872],[135.87502,34.17994],[135.87782,34.18043],[135.87991,34.18237],[135.88453,34.18516],[135.88585,34.18539],[135.889,34.1849],[135.89178,34.18362],[135.89198,34.18103],[135.89357,34.17926],[135.89463,34.17651],[135.89566,34.17574],[135.89599,34.17479],[135.89855,34.1738],[135.9034,34.17006],[135.90499,34.16386],[135.90763,34.16208],[135.90842,34.15901],[135.91028,34.15673],[135.91033,34.1526],[135.90927,34.15115],[135.90888,34.14945],[135.90715,34.14785],[135.90515,34.14423],[135.9034,34.14453],[135.90024,34.14615],[135.89864,34.14539],[135.89607,34.1451],[135.89419,34.14396],[135.8937,34.14304],[135.89309,34.14414],[135.89159,34.14495],[135.891,34.14635],[135.88775,34.1486],[135.88205,34.15075],[135.87619,34.1512],[135.87204,34.14975],[135.86518,34.14896],[135.86372,34.14933],[135.85974,34.14585],[135.85562,34.14525],[135.85431,34.14401],[135.85282,34.14356],[135.84764,34.13911],[135.84234,34.14165],[135.83842,34.14003],[135.83381,34.14106],[135.83263,34.1419],[135.82939,34.14275],[135.82722,34.14158],[135.82572,34.14162],[135.82369,34.14004],[135.82163,34.14027],[135.81228,34.13811],[135.80736,34.13871],[135.7992,34.13557],[135.79579,34.13571],[135.7949,34.13507],[135.79266,34.13474],[135.79136,34.1337],[135.78876,34.13418],[135.78823,34.13472],[135.78458,34.14228],[135.78193,34.13867],[135.78094,34.14256],[135.77777,34.14649],[135.7767,34.14643],[135.77586,34.14752],[135.77222,34.14744],[135.76953,34.14803],[135.77097,34.15059],[135.76724,34.15165],[135.75959,34.15273],[135.75681,34.153],[135.75114,34.15255],[135.75113,34.14976],[135.75186,34.14651],[135.74886,34.14608],[135.74416,34.14434],[135.74351,34.14267],[135.74538,34.13838],[135.74431,34.13526],[135.74244,34.13334],[135.74195,34.13221],[135.73769,34.13042],[135.7358,34.12873],[135.73376,34.1254],[135.72995,34.12341],[135.73085,34.12193],[135.73001,34.12021],[135.72598,34.11786],[135.72588,34.11673],[135.72352,34.11553],[135.72348,34.11453],[135.72456,34.11228],[135.72449,34.11043],[135.71827,34.10319],[135.71365,34.09924],[135.71358,34.09661],[135.71235,34.09393],[135.71144,34.0897],[135.71092,34.08914],[135.70297,34.08608],[135.69752,34.08758],[135.69101,34.08498],[135.69039,34.08405],[135.68892,34.08338],[135.68638,34.08479],[135.68449,34.08507],[135.68251,34.08379],[135.67898,34.08398],[135.67656,34.08287],[135.6725,34.08428],[135.67022,34.08435],[135.66857,34.0836],[135.66539,34.08397],[135.66499,34.08447],[135.66594,34.0849],[135.667,34.08689],[135.66749,34.09018],[135.6687,34.09067],[135.66947,34.09186],[135.67231,34.0935],[135.67386,34.09354],[135.67659,34.09485],[135.67913,34.09439],[135.68298,34.09493],[135.68595,34.09736],[135.68645,34.09878],[135.68766,34.10008],[135.69069,34.1007],[135.69342,34.1032],[135.69563,34.10398],[135.69578,34.10693],[135.69484,34.10895],[135.69643,34.11055],[135.69992,34.1124],[135.69929,34.11363],[135.7,34.11539],[135.70007,34.12018],[135.70196,34.12171],[135.70373,34.12242],[135.70457,34.12339],[135.70467,34.12541],[135.707,34.12776],[135.70833,34.13001],[135.71169,34.13195],[135.7175,34.1331],[135.71847,34.13415],[135.72091,34.13524],[135.72289,34.13794],[135.72474,34.13771],[135.72978,34.13924],[135.72837,34.14211],[135.72827,34.14385],[135.72713,34.14491],[135.72602,34.14842],[135.72634,34.14956],[135.72864,34.15135],[135.72836,34.15245],[135.73005,34.15578],[135.72987,34.15736],[135.72906,34.15807],[135.72795,34.16075],[135.72604,34.16194],[135.72334,34.16182],[135.71764,34.16316],[135.71041,34.16608],[135.70951,34.1703],[135.70746,34.17391],[135.69867,34.17486],[135.69877,34.17628],[135.69812,34.17854],[135.69863,34.18021],[135.69448,34.18138],[135.68997,34.18501],[135.69492,34.18914],[135.69823,34.19074],[135.698,34.19326],[135.69834,34.19424],[135.69753,34.19461],[135.6977,34.19577],[135.69952,34.19696],[135.70232,34.19727],[135.70451,34.20182],[135.7053,34.20131],[135.70579,34.19896],[135.70651,34.19844],[135.70787,34.19982],[135.70919,34.20006],[135.70974,34.20097],[135.71135,34.20198],[135.71189,34.20343],[135.71489,34.20652],[135.70981,34.20893],[135.71022,34.20987],[135.71161,34.21081],[135.7122,34.21325],[135.71363,34.21447],[135.7177,34.21494],[135.71826,34.21633],[135.72001,34.2168],[135.72332,34.21987],[135.72754,34.22063],[135.72751,34.22418],[135.7289,34.22584],[135.72865,34.22701],[135.73024,34.22842],[135.72975,34.2324],[135.72862,34.23525],[135.72591,34.23648],[135.72427,34.23816],[135.72351,34.23987],[135.72388,34.24241],[135.72219,34.24455],[135.722,34.24629],[135.72024,34.24975],[135.7207,34.25164],[135.71943,34.25468],[135.7193,34.26022],[135.71845,34.26303],[135.7163,34.26546],[135.71374,34.26539],[135.71254,34.26642],[135.71143,34.2667],[135.71057,34.26794],[135.70822,34.26877],[135.7087,34.27163],[135.704,34.27151],[135.70134,34.27411],[135.70119,34.27504],[135.70053,34.2756],[135.69873,34.27654],[135.6972,34.27656],[135.6923,34.27837],[135.6893,34.27155],[135.68721,34.27067],[135.68402,34.2708],[135.6829,34.27005],[135.68115,34.27043],[135.68041,34.27097],[135.6809,34.27157],[135.67924,34.27219],[135.67924,34.27279],[135.68019,34.27353],[135.67785,34.27458],[135.67705,34.27442],[135.67652,34.2758],[135.67705,34.27632],[135.67625,34.27666],[135.67668,34.27771],[135.67593,34.27785],[135.67541,34.27897],[135.67429,34.2795],[135.67463,34.28027],[135.67338,34.27999],[135.67349,34.28106],[135.67249,34.28165],[135.67363,34.28413],[135.67307,34.28512],[135.67357,34.28661],[135.67509,34.28825],[135.6745,34.28955],[135.67546,34.29025],[135.67385,34.29123],[135.67395,34.29258],[135.67337,34.29293],[135.67333,34.29377],[135.67202,34.29373],[135.67203,34.29517],[135.67095,34.29488],[135.67092,34.29537],[135.67206,34.29597],[135.66912,34.29683],[135.66967,34.29819],[135.66847,34.29795],[135.6693,34.29957],[135.66825,34.29969],[135.6686,34.30078],[135.66709,34.30044],[135.66715,34.30104],[135.66834,34.30158],[135.66756,34.30314],[135.66854,34.30286],[135.66885,34.30328],[135.66851,34.30409],[135.66682,34.30505],[135.66764,34.30507],[135.66892,34.30633],[135.66635,34.30837],[135.66683,34.31113],[135.66549,34.31226],[135.6658,34.31255],[135.6672,34.31195],[135.66775,34.31327],[135.66733,34.31418],[135.66905,34.31516],[135.66778,34.31828],[135.66885,34.31837],[135.66742,34.31947],[135.66829,34.32141],[135.66818,34.32218],[135.6688,34.32279],[135.66825,34.32332],[135.6685,34.32401],[135.66801,34.32563],[135.66662,34.32596],[135.6661,34.32666],[135.6617,34.32733],[135.66007,34.32696],[135.65993,34.32875],[135.66031,34.32915],[135.65947,34.33022],[135.65901,34.33347],[135.65849,34.33387],[135.65999,34.33454],[135.65936,34.33559],[135.66028,34.33616],[135.65954,34.33733],[135.66144,34.33807],[135.66088,34.33874],[135.66093,34.33992],[135.6601,34.34068],[135.66123,34.34279],[135.66221,34.34349],[135.66141,34.34368],[135.66053,34.34484],[135.66284,34.34691],[135.66228,34.34825],[135.66259,34.34922],[135.66177,34.35025],[135.66283,34.35173],[135.6628,34.3534],[135.66356,34.3552],[135.66202,34.35801],[135.6612,34.35809],[135.66083,34.35959],[135.65968,34.36026],[135.65654,34.36464],[135.65598,34.36581],[135.65581,34.36807],[135.65517,34.36868],[135.65536,34.37197],[135.65422,34.37285],[135.65114,34.38119],[135.65126,34.38321],[135.65377,34.38322],[135.65491,34.38401],[135.65593,34.38603],[135.65793,34.38741],[135.65962,34.39008],[135.65985,34.39155],[135.6614,34.39173]]]}},{"type":"Feature","properties":{"id":"muni-29208","name":"御所市"},"geometry":{"type":"Polygon","coordinates":[[[135.71558,34.39429],[135.71671,34.39538],[135.71617,34.39594],[135.71625,34.39664],[135.71449,34.39553],[135.71452,34.39696],[135.71353,34.39752],[135.71343,34.39815],[135.71247,34.39791],[135.71025,34.39912],[135.70744,34.39891],[135.70668,34.39942],[135.70521,34.39915],[135.70401,34.39953],[135.70379,34.39908],[135.70466,34.3984],[135.70425,34.39783],[135.7039,34.3982],[135.70374,34.39768],[135.70311,34.39831],[135.70342,34.39768],[135.70309,34.39768],[135.70159,34.39864],[135.70208,34.39781],[135.70125,34.39697],[135.69901,34.39895],[135.69607,34.39775],[135.69505,34.39933],[135.69521,34.40001],[135.69275,34.40164],[135.69192,34.40187],[135.69177,34.40133],[135.6861,34.40287],[135.68429,34.40604],[135.68103,34.40796],[135.67893,34.41095],[135.67772,34.41127],[135.67815,34.4126],[135.67767,34.41393],[135.67598,34.41373],[135.67415,34.41285],[135.67335,34.41301],[135.66873,34.41537],[135.66738,34.41676],[135.66659,34.41857],[135.66604,34.41858],[135.66667,34.42018],[135.66622,34.42257],[135.66739,34.42303],[135.66766,34.4244],[135.66939,34.42575],[135.67248,34.4263],[135.67376,34.42892],[135.67711,34.43077],[135.67756,34.43184],[135.67941,34.43308],[135.68016,34.43558],[135.68167,34.43825],[135.68081,34.43956],[135.68129,34.44051],[135.68091,34.442],[135.68372,34.4457],[135.68462,34.44603],[135.68681,34.44879],[135.6869,34.45237],[135.68627,34.45245],[135.6849,34.45394],[135.68412,34.45392],[135.68232,34.45615],[135.68325,34.45665],[135.6833,34.45736],[135.68205,34.46089],[135.68211,34.46289],[135.68264,34.46365],[135.68232,34.46517],[135.68393,34.46475],[135.68523,34.46506],[135.6881,34.46425],[135.68882,34.46554],[135.69025,34.46607],[135.69427,34.466],[135.69485,34.46534],[135.69679,34.46495],[135.70241,34.46536],[135.70554,34.46702],[135.70653,34.46682],[135.70901,34.46783],[135.71006,34.46863],[135.70919,34.46932],[135.70937,34.46865],[135.70806,34.46891],[135.70765,34.46949],[135.70836,34.4696],[135.7089,34.46892],[135.70914,34.46961],[135.70994,34.4701],[135.71259,34.47066],[135.71324,34.4706],[135.71304,34.46969],[135.71467,34.46975],[135.71454,34.47026],[135.71504,34.47037],[135.71604,34.46916],[135.71686,34.47062],[135.71706,34.46969],[135.71624,34.46809],[135.71754,34.46758],[135.71912,34.46783],[135.72033,34.46862],[135.72319,34.46853],[135.72471,34.46998],[135.72484,34.47155],[135.72559,34.47163],[135.72667,34.47266],[135.72689,34.47359],[135.73177,34.47364],[135.73182,34.47263],[135.73386,34.47266],[135.73432,34.4707],[135.73508,34.47065],[135.7351,34.4717],[135.73605,34.47174],[135.73704,34.47168],[135.73699,34.47065],[135.74115,34.47067],[135.74116,34.47177],[135.74208,34.47197],[135.74151,34.47371],[135.74237,34.47472],[135.74458,34.47472],[135.74462,34.47368],[135.74822,34.47366],[135.74822,34.47324],[135.74949,34.47369],[135.74933,34.47786],[135.74945,34.4787],[135.75047,34.47977],[135.75046,34.48174],[135.75398,34.48167],[135.7541,34.46772],[135.75055,34.46777],[135.75057,34.46567],[135.75166,34.46572],[135.75177,34.46473],[135.75604,34.46463],[135.7572,34.46525],[135.76024,34.46329],[135.7619,34.4648],[135.76353,34.46502],[135.76376,34.46329],[135.76334,34.461],[135.76416,34.45713],[135.7637,34.45584],[135.76401,34.45582],[135.76408,34.45394],[135.76659,34.45371],[135.76844,34.45185],[135.76968,34.44961],[135.7698,34.44694],[135.76859,34.44557],[135.77118,34.44513],[135.77186,34.44381],[135.77246,34.44366],[135.77215,34.44306],[135.77147,34.44308],[135.77099,34.44155],[135.76974,34.4408],[135.76953,34.44124],[135.76792,34.44148],[135.76885,34.44237],[135.76758,34.44251],[135.76731,34.44122],[135.76542,34.44152],[135.76476,34.43967],[135.76194,34.43787],[135.76185,34.43588],[135.75913,34.42929],[135.76028,34.42817],[135.76113,34.42612],[135.76059,34.42423],[135.76369,34.42315],[135.76521,34.42204],[135.76547,34.42],[135.76183,34.41944],[135.76079,34.41843],[135.76043,34.41698],[135.7581,34.41608],[135.75777,34.41446],[135.75587,34.41276],[135.7533,34.41405],[135.7494,34.41413],[135.74914,34.4129],[135.75011,34.41169],[135.74981,34.4108],[135.75081,34.41013],[135.75149,34.40833],[135.74932,34.4082],[135.74863,34.4064],[135.74815,34.4063],[135.74494,34.40771],[135.74263,34.40785],[135.74132,34.40493],[135.74001,34.40451],[135.73919,34.40145],[135.74104,34.40019],[135.74171,34.39798],[135.74143,34.39627],[135.74234,34.39637],[135.74305,34.39569],[135.74286,34.39415],[135.74446,34.39308],[135.74392,34.39225],[135.7444,34.39138],[135.744,34.39027],[135.74303,34.38959],[135.74273,34.38789],[135.74186,34.38734],[135.74121,34.38707],[135.74085,34.3877],[135.7402,34.38673],[135.7391,34.38678],[135.73662,34.38798],[135.73584,34.38757],[135.7351,34.3862],[135.73341,34.3864],[135.73179,34.3858],[135.73178,34.3866],[135.73083,34.38611],[135.7282,34.38813],[135.72373,34.388],[135.72374,34.38857],[135.72266,34.38866],[135.72265,34.38949],[135.72101,34.39053],[135.7207,34.38912],[135.71838,34.38836],[135.71685,34.38978],[135.7153,34.39018],[135.71522,34.39089],[135.71597,34.39144],[135.71651,34.39281],[135.71649,34.3938],[135.71558,34.39429]]]}},{"type":"Feature","properties":{"id":"muni-29209","name":"生駒市"},"geometry":{"type":"Polygon","coordinates":[[[135.71186,34.64927],[135.71163,34.6486],[135.70955,34.64863],[135.70706,34.64784],[135.70453,34.6483],[135.7016,34.64971],[135.70024,34.64902],[135.69931,34.64923],[135.69818,34.65025],[135.69636,34.65085],[135.69553,34.65191],[135.69557,34.65316],[135.69335,34.65372],[135.69243,34.65464],[135.69149,34.65386],[135.69115,34.65207],[135.69026,34.65245],[135.68924,34.65189],[135.68881,34.65318],[135.68806,34.65376],[135.68918,34.65479],[135.68893,34.65574],[135.6854,34.65998],[135.68151,34.66095],[135.67915,34.66064],[135.67815,34.66153],[135.67605,34.66231],[135.67495,34.66196],[135.67097,34.66208],[135.67054,34.66282],[135.67129,34.6654],[135.67105,34.66718],[135.67419,34.66972],[135.67457,34.67184],[135.67633,34.67343],[135.67734,34.676],[135.67903,34.6779],[135.67738,34.68055],[135.67804,34.68238],[135.67848,34.68229],[135.67862,34.68376],[135.67685,34.68497],[135.67533,34.68795],[135.67403,34.68836],[135.6728,34.6916],[135.67395,34.69685],[135.67395,34.69814],[135.67309,34.70044],[135.67321,34.70199],[135.67524,34.70304],[135.67503,34.70401],[135.676,34.70359],[135.67642,34.7039],[135.67785,34.70615],[135.67927,34.70694],[135.67938,34.70867],[135.68242,34.71117],[135.68573,34.71112],[135.68669,34.7118],[135.68756,34.71152],[135.68856,34.7131],[135.68987,34.71375],[135.69089,34.71524],[135.69274,34.7158],[135.69415,34.71721],[135.69519,34.71737],[135.69538,34.71824],[135.6968,34.71933],[135.69769,34.72084],[135.70022,34.7219],[135.70078,34.72125],[135.70416,34.72365],[135.70416,34.72418],[135.70288,34.72519],[135.70228,34.72637],[135.70008,34.73179],[135.7003,34.73569],[135.69716,34.74117],[135.69747,34.74287],[135.69665,34.74364],[135.69916,34.74527],[135.69924,34.74606],[135.69758,34.74801],[135.69896,34.74979],[135.70079,34.75086],[135.70193,34.75087],[135.70403,34.74943],[135.70452,34.7485],[135.70682,34.74845],[135.70687,34.74983],[135.70719,34.75081],[135.7079,34.75114],[135.70793,34.75217],[135.70865,34.75286],[135.71015,34.75326],[135.71008,34.75446],[135.71059,34.75524],[135.70964,34.75789],[135.70859,34.75896],[135.70948,34.75996],[135.70805,34.76122],[135.70871,34.76215],[135.70861,34.76343],[135.70983,34.76451],[135.70902,34.76485],[135.70787,34.76703],[135.7087,34.76802],[135.70838,34.76869],[135.70906,34.77022],[135.71004,34.77122],[135.70918,34.77199],[135.70638,34.77116],[135.70566,34.77258],[135.70717,34.77332],[135.70731,34.77463],[135.70871,34.77512],[135.70933,34.77689],[135.71016,34.77763],[135.70966,34.78033],[135.71112,34.78062],[135.71167,34.78122],[135.7132,34.77975],[135.71538,34.77987],[135.71657,34.77911],[135.71712,34.7776],[135.71898,34.77618],[135.72009,34.77464],[135.72237,34.77474],[135.72548,34.77592],[135.72761,34.77583],[135.72814,34.77721],[135.72923,34.77783],[135.72975,34.77747],[135.72888,34.77501],[135.72958,34.77406],[135.72926,34.7731],[135.72957,34.77108],[135.73072,34.77],[135.73018,34.76562],[135.73152,34.76486],[135.73208,34.76393],[135.73164,34.76291],[135.73231,34.76202],[135.73231,34.75985],[135.73278,34.7588],[135.732,34.75728],[135.73368,34.75647],[135.73402,34.75497],[135.73665,34.75558],[135.73618,34.75397],[135.73687,34.75164],[135.73596,34.75094],[135.73605,34.75006],[135.73848,34.74943],[135.73897,34.74836],[135.73978,34.74802],[135.74059,34.74821],[135.74486,34.74713],[135.74784,34.74565],[135.74734,34.74326],[135.74877,34.74183],[135.75149,34.74063],[135.75315,34.73854],[135.75427,34.73842],[135.75734,34.73585],[135.75549,34.73377],[135.75515,34.73036],[135.75545,34.72975],[135.75474,34.72883],[135.7549,34.72803],[135.75565,34.72773],[135.75514,34.72636],[135.75332,34.72519],[135.75284,34.72643],[135.7521,34.7271],[135.75164,34.72697],[135.75161,34.72635],[135.75222,34.72623],[135.75148,34.72573],[135.75211,34.72517],[135.75174,34.72477],[135.74999,34.72553],[135.74894,34.72507],[135.74873,34.72554],[135.7463,34.72535],[135.74695,34.72572],[135.74616,34.72635],[135.74591,34.72788],[135.74546,34.72662],[135.74479,34.72762],[135.7444,34.72598],[135.74263,34.7247],[135.74179,34.7259],[135.74296,34.72725],[135.74461,34.72784],[135.74297,34.72881],[135.74195,34.72785],[135.74182,34.72834],[135.74092,34.72844],[135.74037,34.728],[135.74009,34.72583],[135.74098,34.7249],[135.74081,34.72292],[135.74169,34.7228],[135.74093,34.72247],[135.74111,34.72114],[135.74006,34.72148],[135.7403,34.723],[135.73918,34.72364],[135.73917,34.72461],[135.73992,34.72474],[135.73888,34.72492],[135.7397,34.72559],[135.73961,34.72615],[135.73841,34.72585],[135.73861,34.72656],[135.73972,34.72659],[135.73956,34.72745],[135.73857,34.72746],[135.73963,34.72782],[135.73988,34.72839],[135.73859,34.72846],[135.73811,34.72904],[135.73794,34.72563],[135.739,34.72376],[135.73557,34.72107],[135.73692,34.7187],[135.73456,34.71816],[135.73473,34.71721],[135.73372,34.7165],[135.73469,34.71477],[135.73258,34.71586],[135.73195,34.71541],[135.73145,34.71619],[135.73072,34.71513],[135.73127,34.71406],[135.73079,34.71405],[135.72978,34.71244],[135.72837,34.71254],[135.72816,34.71165],[135.72892,34.71165],[135.7295,34.71076],[135.72914,34.70972],[135.72732,34.7098],[135.72679,34.70912],[135.72313,34.7083],[135.72273,34.70776],[135.72245,34.7083],[135.72111,34.70664],[135.71627,34.70747],[135.71514,34.7063],[135.71441,34.70628],[135.71311,34.7053],[135.71407,34.70457],[135.71351,34.70318],[135.71801,34.70164],[135.7179,34.70105],[135.71715,34.70103],[135.71738,34.69973],[135.71634,34.69915],[135.7156,34.698],[135.71575,34.69714],[135.71688,34.69637],[135.71787,34.69465],[135.71683,34.6922],[135.71727,34.69157],[135.71717,34.68955],[135.71897,34.68855],[135.71991,34.68659],[135.72043,34.68381],[135.71982,34.68249],[135.72068,34.68164],[135.72124,34.67958],[135.72226,34.67898],[135.72183,34.678],[135.72309,34.67755],[135.72308,34.67611],[135.72395,34.67505],[135.72344,34.67396],[135.72711,34.6725],[135.72647,34.67178],[135.72694,34.67085],[135.72668,34.66996],[135.72757,34.66915],[135.72631,34.66709],[135.7274,34.66546],[135.72679,34.66495],[135.72619,34.66297],[135.72783,34.66148],[135.72742,34.66074],[135.72864,34.66018],[135.72942,34.65839],[135.72931,34.65797],[135.72849,34.65787],[135.72761,34.65634],[135.72783,34.65526],[135.72886,34.6549],[135.72848,34.65335],[135.72773,34.65264],[135.72844,34.6514],[135.72758,34.65157],[135.72774,34.65065],[135.72686,34.65037],[135.72659,34.64887],[135.72589,34.64826],[135.72363,34.64725],[135.72285,34.64743],[135.72018,34.64651],[135.71898,34.64842],[135.71697,34.64867],[135.71504,34.64817],[135.71313,34.64919],[135.71186,34.64927]]]}},{"type":"Feature","properties":{"id":"muni-29210","name":"香芝市"},"geometry":{"type":"Polygon","coordinates":[[[135.68891,34.53436],[135.68437,34.53462],[135.68521,34.53318],[135.68389,34.53439],[135.68096,34.53396],[135.68032,34.53437],[135.67841,34.53382],[135.67895,34.53507],[135.67967,34.5352],[135.68019,34.53608],[135.68032,34.53756],[135.68119,34.53858],[135.68126,34.53957],[135.68028,34.53968],[135.6803,34.54043],[135.67915,34.53947],[135.67842,34.53973],[135.67817,34.53927],[135.67687,34.53901],[135.67593,34.5397],[135.67564,34.54152],[135.67366,34.54088],[135.67448,34.53926],[135.67408,34.53658],[135.67192,34.53704],[135.67124,34.53599],[135.67074,34.53595],[135.66834,34.5372],[135.66621,34.53495],[135.66722,34.53287],[135.6671,34.5294],[135.66397,34.53019],[135.66287,34.52959],[135.66188,34.53036],[135.66206,34.53114],[135.66109,34.53343],[135.66195,34.53563],[135.66162,34.5374],[135.65968,34.53904],[135.65995,34.54144],[135.65932,34.54412],[135.65737,34.54304],[135.65742,34.54252],[135.65643,34.54171],[135.65514,34.54199],[135.65389,34.54131],[135.65152,34.54264],[135.65015,34.5445],[135.65321,34.54712],[135.65444,34.54743],[135.65592,34.54924],[135.65692,34.55173],[135.65682,34.55387],[135.65488,34.55365],[135.65382,34.55417],[135.6551,34.55447],[135.6573,34.55646],[135.65782,34.56113],[135.65563,34.5621],[135.65771,34.56267],[135.65823,34.56362],[135.66513,34.56794],[135.66936,34.5698],[135.67502,34.57067],[135.67637,34.57155],[135.67615,34.5729],[135.67886,34.5735],[135.67934,34.57265],[135.68145,34.57267],[135.68047,34.57539],[135.68283,34.57475],[135.68459,34.57572],[135.6861,34.57577],[135.68654,34.5751],[135.6884,34.57426],[135.68832,34.57464],[135.69021,34.57522],[135.6928,34.57245],[135.69457,34.57202],[135.69625,34.57237],[135.69756,34.57328],[135.69833,34.57289],[135.69885,34.57355],[135.70007,34.57384],[135.70029,34.57445],[135.7018,34.57454],[135.70185,34.57388],[135.70298,34.57369],[135.70486,34.57381],[135.704,34.56997],[135.70505,34.56935],[135.70567,34.5698],[135.70665,34.56972],[135.70693,34.56772],[135.70598,34.56734],[135.70638,34.56674],[135.70536,34.56625],[135.70564,34.56553],[135.70412,34.56448],[135.70557,34.5616],[135.70591,34.54857],[135.70921,34.54839],[135.7108,34.54887],[135.71143,34.54846],[135.71317,34.54904],[135.71582,34.55198],[135.71915,34.55104],[135.71919,34.55163],[135.71996,34.55169],[135.7204,34.55115],[135.72068,34.54685],[135.72786,34.54448],[135.72561,34.53944],[135.72964,34.53698],[135.72739,34.53447],[135.72704,34.5329],[135.72916,34.53265],[135.72936,34.53211],[135.72758,34.53063],[135.72032,34.5306],[135.72031,34.52659],[135.71679,34.5265],[135.71687,34.51946],[135.70639,34.51933],[135.70615,34.52531],[135.69693,34.52511],[135.69646,34.52823],[135.69596,34.529],[135.69643,34.52981],[135.69715,34.52995],[135.69645,34.53175],[135.69686,34.53236],[135.69621,34.53234],[135.69621,34.53335],[135.69467,34.53329],[135.69599,34.53459],[135.6953,34.53653],[135.6929,34.5356],[135.6916,34.53595],[135.68891,34.53436]]]}},{"type":"Feature","properties":{"id":"muni-29211","name":"葛城市"},"geometry":{"type":"Polygon","coordinates":[[[135.67734,34.5256],[135.67598,34.526],[135.67232,34.52963],[135.66978,34.53075],[135.66738,34.53073],[135.66722,34.53287],[135.66616,34.53475],[135.66834,34.5372],[135.67074,34.53595],[135.67124,34.53599],[135.67192,34.53704],[135.67408,34.53658],[135.67448,34.53926],[135.67377,34.54099],[135.67578,34.54145],[135.67593,34.5397],[135.67687,34.53901],[135.67817,34.53927],[135.67842,34.53973],[135.67915,34.53947],[135.6803,34.54043],[135.68028,34.53968],[135.68126,34.53957],[135.68119,34.53858],[135.68032,34.53756],[135.68019,34.53608],[135.67967,34.5352],[135.67895,34.53507],[135.67841,34.53382],[135.68032,34.53437],[135.68096,34.53396],[135.68389,34.53439],[135.68521,34.53318],[135.68437,34.53462],[135.688,34.53416],[135.68955,34.53456],[135.6916,34.53595],[135.6929,34.5356],[135.6953,34.53653],[135.69599,34.53459],[135.69467,34.53329],[135.69621,34.53335],[135.69621,34.53234],[135.69686,34.53236],[135.69645,34.53175],[135.69715,34.52995],[135.69643,34.52981],[135.69596,34.529],[135.69646,34.52823],[135.69693,34.52511],[135.70615,34.52531],[135.70639,34.51933],[135.71453,34.51938],[135.71455,34.51545],[135.71818,34.51547],[135.71829,34.51039],[135.73018,34.51046],[135.73042,34.50478],[135.72989,34.5024],[135.73022,34.50139],[135.72912,34.50147],[135.72909,34.49907],[135.73035,34.49906],[135.73037,34.49856],[135.73144,34.4984],[135.73273,34.4985],[135.73275,34.49899],[135.73499,34.49896],[135.735,34.49158],[135.74695,34.49167],[135.74696,34.4907],[135.7458,34.49069],[135.74588,34.48656],[135.74432,34.48578],[135.74193,34.48177],[135.75046,34.48174],[135.75047,34.47977],[135.74945,34.4787],[135.74933,34.47786],[135.74949,34.47369],[135.74822,34.47324],[135.74822,34.47366],[135.74462,34.47368],[135.74458,34.47472],[135.74237,34.47472],[135.74151,34.47371],[135.74208,34.47197],[135.74116,34.47177],[135.74115,34.47067],[135.73856,34.47064],[135.73699,34.47065],[135.73704,34.47168],[135.73605,34.47174],[135.7351,34.4717],[135.73508,34.47065],[135.73432,34.4707],[135.73386,34.47266],[135.73182,34.47263],[135.73177,34.47364],[135.72689,34.47359],[135.72667,34.47266],[135.72559,34.47163],[135.72484,34.47155],[135.72471,34.46998],[135.72319,34.46853],[135.72033,34.46862],[135.71912,34.46783],[135.71754,34.46758],[135.71624,34.46809],[135.71706,34.46969],[135.71686,34.47062],[135.71604,34.46916],[135.71504,34.47037],[135.71454,34.47026],[135.71467,34.46975],[135.71304,34.46969],[135.71324,34.4706],[135.71259,34.47066],[135.70994,34.4701],[135.70914,34.46961],[135.7089,34.46892],[135.70836,34.4696],[135.70765,34.46949],[135.70806,34.46891],[135.70937,34.46865],[135.70919,34.46932],[135.71006,34.46863],[135.70901,34.46783],[135.70653,34.46682],[135.70554,34.46702],[135.70241,34.46536],[135.69679,34.46495],[135.69485,34.46534],[135.69427,34.466],[135.69025,34.46607],[135.68882,34.46554],[135.6881,34.46425],[135.68523,34.46506],[135.68393,34.46475],[135.68232,34.46517],[135.6823,34.46772],[135.68354,34.47076],[135.68263,34.4716],[135.68324,34.47315],[135.68329,34.47609],[135.68285,34.47708],[135.68191,34.47737],[135.68211,34.478],[135.68116,34.47987],[135.68175,34.48137],[135.68441,34.48254],[135.68497,34.48393],[135.68419,34.4849],[135.68508,34.48558],[135.68333,34.48612],[135.68252,34.48799],[135.68042,34.48915],[135.67932,34.4925],[135.68021,34.49542],[135.6785,34.49749],[135.67935,34.49851],[135.67912,34.49953],[135.67611,34.50136],[135.67393,34.5021],[135.67303,34.50319],[135.67458,34.50451],[135.6751,34.50564],[135.67686,34.50679],[135.67695,34.50756],[135.67595,34.50839],[135.67627,34.50924],[135.67859,34.50969],[135.67789,34.51087],[135.67791,34.51251],[135.67656,34.51412],[135.67669,34.5148],[135.67601,34.51515],[135.67737,34.51603],[135.67696,34.5169],[135.67759,34.5182],[135.6769,34.5195],[135.6772,34.51997],[135.67659,34.52015],[135.67644,34.52154],[135.67575,34.5224],[135.67734,34.5256]]]}},{"type":"Feature","properties":{"id":"muni-29212","name":"宇陀市"},"geometry":{"type":"Polygon","coordinates":[[[135.92018,34.52128],[135.92173,34.52149],[135.92651,34.52458],[135.92928,34.52509],[135.92953,34.52584],[135.92893,34.53015],[135.93132,34.53096],[135.93523,34.53066],[135.93482,34.53223],[135.93558,34.53386],[135.93873,34.53521],[135.9393,34.53793],[135.94161,34.53903],[135.94215,34.54146],[135.94094,34.54359],[135.94049,34.55041],[135.94266,34.55182],[135.94348,34.55293],[135.94477,34.55308],[135.94664,34.55451],[135.94731,34.55589],[135.9471,34.559],[135.95217,34.55958],[135.95379,34.55838],[135.95725,34.55902],[135.95843,34.5583],[135.96058,34.55815],[135.96221,34.55834],[135.96496,34.55978],[135.96682,34.55981],[135.96878,34.55877],[135.97199,34.5586],[135.97385,34.55989],[135.97377,34.56209],[135.97643,34.56285],[135.97687,34.56532],[135.97503,34.56832],[135.97574,34.57083],[135.97487,34.57152],[135.97556,34.57304],[135.97594,34.57703],[135.9747,34.57739],[135.97336,34.57861],[135.97597,34.57967],[135.97763,34.57975],[135.9783,34.58047],[135.97768,34.58131],[135.97797,34.58242],[135.97612,34.58511],[135.97532,34.58499],[135.97497,34.58386],[135.9742,34.58341],[135.97356,34.58538],[135.97186,34.58477],[135.96951,34.58671],[135.96952,34.5885],[135.97076,34.58931],[135.97116,34.59078],[135.97262,34.59289],[135.97656,34.59462],[135.97757,34.59442],[135.98122,34.59628],[135.97726,34.59627],[135.97658,34.59596],[135.97654,34.59533],[135.97515,34.59502],[135.97556,34.59618],[135.97691,34.59673],[135.97846,34.59634],[135.98107,34.59684],[135.98052,34.59735],[135.98075,34.59876],[135.9803,34.59931],[135.97933,34.59942],[135.97657,34.59828],[135.97693,34.5991],[135.97529,34.59946],[135.97648,34.59934],[135.97676,34.59988],[135.97767,34.59916],[135.97951,34.59969],[135.98,34.60019],[135.97859,34.60023],[135.98021,34.60055],[135.97946,34.60132],[135.97896,34.60318],[135.98067,34.60432],[135.98283,34.60354],[135.98417,34.60373],[135.98507,34.60482],[135.98461,34.60702],[135.98867,34.61021],[135.98976,34.61047],[135.9927,34.60949],[135.99424,34.61053],[135.99445,34.61416],[135.99542,34.61576],[135.99684,34.61625],[135.9984,34.61796],[136.00105,34.61842],[136.00142,34.61933],[136.00114,34.62122],[135.99819,34.62313],[135.99573,34.62319],[135.99474,34.62485],[135.99477,34.62614],[135.99143,34.62657],[135.99369,34.62795],[135.99559,34.6275],[135.99612,34.6278],[136.00221,34.62533],[136.00689,34.62502],[136.00858,34.62586],[136.00901,34.62701],[136.01168,34.62789],[136.0161,34.6304],[136.01795,34.63328],[136.01972,34.63415],[136.02018,34.63494],[136.02288,34.63613],[136.02526,34.63544],[136.02722,34.63327],[136.02887,34.63268],[136.03294,34.62912],[136.03435,34.62868],[136.03512,34.62762],[136.03599,34.62797],[136.03627,34.62885],[136.03702,34.62885],[136.03725,34.62777],[136.03619,34.62714],[136.03641,34.62662],[136.03777,34.62732],[136.03715,34.6267],[136.03754,34.62653],[136.03832,34.62742],[136.03838,34.6268],[136.03963,34.62602],[136.04001,34.62501],[136.03967,34.62354],[136.04176,34.622],[136.04277,34.62219],[136.04205,34.62263],[136.04159,34.6237],[136.04204,34.62425],[136.04113,34.62417],[136.04143,34.62493],[136.04225,34.62444],[136.04309,34.62532],[136.04303,34.62714],[136.0437,34.62543],[136.04326,34.62226],[136.04793,34.62248],[136.05051,34.62085],[136.05289,34.62154],[136.05595,34.62145],[136.05781,34.62042],[136.06238,34.61967],[136.06237,34.61685],[136.06131,34.61686],[136.05863,34.61422],[136.05822,34.61295],[136.05593,34.61018],[136.05411,34.60965],[136.05295,34.60824],[136.05081,34.60702],[136.05023,34.6043],[136.04778,34.60262],[136.04644,34.60062],[136.04744,34.59922],[136.04848,34.59577],[136.04958,34.59453],[136.05215,34.5932],[136.05116,34.59042],[136.05157,34.58833],[136.04984,34.58824],[136.04816,34.58737],[136.04646,34.58548],[136.04652,34.58463],[136.04784,34.58346],[136.04803,34.58174],[136.04926,34.5815],[136.04913,34.58067],[136.05123,34.58039],[136.05105,34.5786],[136.05397,34.57838],[136.0547,34.57873],[136.05599,34.57795],[136.0586,34.57777],[136.05789,34.57671],[136.0601,34.57558],[136.06111,34.57403],[136.06031,34.5728],[136.06045,34.56939],[136.06358,34.56838],[136.06552,34.56694],[136.06745,34.56785],[136.06882,34.56774],[136.06962,34.56696],[136.07123,34.56775],[136.07221,34.56695],[136.07391,34.56658],[136.07562,34.56463],[136.07779,34.5635],[136.08206,34.5625],[136.08248,34.56107],[136.08319,34.56061],[136.08339,34.55912],[136.08478,34.55946],[136.0859,34.55868],[136.08936,34.55858],[136.08997,34.55893],[136.09209,34.55623],[136.09354,34.55655],[136.09419,34.55791],[136.09525,34.55795],[136.09917,34.55609],[136.10144,34.55706],[136.10215,34.55596],[136.10227,34.55675],[136.10424,34.55638],[136.10594,34.55768],[136.10727,34.55623],[136.10625,34.55477],[136.10628,34.5518],[136.10478,34.55101],[136.10414,34.54886],[136.10241,34.54682],[136.09974,34.5451],[136.09759,34.54068],[136.09846,34.53958],[136.10116,34.53925],[136.10228,34.53689],[136.10197,34.53463],[136.10092,34.53389],[136.10026,34.53224],[136.10056,34.53136],[136.1022,34.53036],[136.10194,34.52796],[136.10114,34.52751],[136.09966,34.52814],[136.0976,34.52789],[136.09651,34.527],[136.09445,34.52704],[136.0922,34.52606],[136.08941,34.52575],[136.08901,34.52445],[136.0893,34.52263],[136.08854,34.52099],[136.09005,34.51892],[136.09334,34.51649],[136.0928,34.51492],[136.09097,34.51394],[136.08637,34.50988],[136.08761,34.50546],[136.08501,34.5035],[136.08356,34.49874],[136.08304,34.49792],[136.08157,34.4975],[136.08186,34.49721],[136.08126,34.49552],[136.08019,34.49513],[136.08024,34.49385],[136.07855,34.49294],[136.07542,34.49333],[136.07084,34.49203],[136.07098,34.49116],[136.06967,34.49015],[136.06857,34.48838],[136.06867,34.48718],[136.06805,34.4857],[136.07144,34.48046],[136.07286,34.47947],[136.07339,34.47821],[136.07264,34.47716],[136.07031,34.4766],[136.06866,34.47745],[136.06565,34.47762],[136.06267,34.47885],[136.05957,34.47803],[136.05476,34.47917],[136.05318,34.47905],[136.05123,34.47768],[136.04736,34.47791],[136.04159,34.47855],[136.03858,34.47999],[136.03773,34.47955],[136.03976,34.4767],[136.04475,34.47334],[136.04704,34.47247],[136.04879,34.47082],[136.04976,34.47078],[136.04963,34.46946],[136.04737,34.46824],[136.04589,34.46621],[136.04345,34.46579],[136.04204,34.46302],[136.03872,34.46252],[136.03696,34.46181],[136.03653,34.46057],[136.03498,34.46018],[136.03406,34.46049],[136.03136,34.45886],[136.03045,34.45816],[136.02991,34.45627],[136.02711,34.45612],[136.0256,34.45536],[136.0208,34.45576],[136.0188,34.45492],[136.01789,34.4551],[136.01681,34.45342],[136.01472,34.45392],[136.01326,34.45373],[136.01242,34.45138],[136.01121,34.45015],[136.0111,34.44872],[136.00959,34.44762],[136.00981,34.4472],[136.00873,34.44541],[136.00728,34.4439],[136.00758,34.44288],[136.00468,34.44342],[136.00319,34.44318],[136.00282,34.44244],[136.00059,34.44336],[135.99835,34.4432],[135.99642,34.44391],[135.99405,34.44295],[135.99222,34.44421],[135.99186,34.443],[135.99127,34.44328],[135.98866,34.44264],[135.98635,34.4413],[135.98471,34.44123],[135.98296,34.43922],[135.97982,34.43904],[135.97887,34.4368],[135.9757,34.43648],[135.97475,34.43777],[135.97119,34.43808],[135.9697,34.43738],[135.9681,34.43764],[135.96763,34.43687],[135.96551,34.43683],[135.96539,34.4359],[135.96339,34.43525],[135.96287,34.43581],[135.95975,34.43638],[135.95958,34.43458],[135.95789,34.43333],[135.95799,34.43204],[135.95502,34.43063],[135.95303,34.43159],[135.95142,34.43421],[135.94929,34.43554],[135.94813,34.43556],[135.94607,34.43442],[135.94576,34.43285],[135.94474,34.43178],[135.94493,34.42877],[135.94555,34.42817],[135.94493,34.42715],[135.93889,34.42748],[135.93442,34.42935],[135.9335,34.43013],[135.93356,34.4312],[135.93413,34.43188],[135.9338,34.43239],[135.93302,34.43246],[135.93134,34.43436],[135.92527,34.43672],[135.92429,34.44048],[135.9222,34.44159],[135.92263,34.44221],[135.92214,34.44309],[135.91878,34.44507],[135.91402,34.44577],[135.91314,34.44661],[135.91106,34.4466],[135.90876,34.44762],[135.90645,34.44787],[135.90598,34.44636],[135.90376,34.44451],[135.90211,34.44382],[135.9003,34.44399],[135.89819,34.44216],[135.89705,34.44298],[135.89708,34.44642],[135.89651,34.44728],[135.89265,34.44712],[135.88997,34.45121],[135.88803,34.45223],[135.88753,34.45327],[135.88744,34.4541],[135.88853,34.45428],[135.88982,34.4561],[135.8893,34.45813],[135.88959,34.45933],[135.89145,34.4601],[135.89286,34.46243],[135.89185,34.46371],[135.89235,34.46503],[135.89194,34.46698],[135.89016,34.47044],[135.89032,34.47295],[135.88831,34.47542],[135.88817,34.47631],[135.88669,34.47699],[135.88829,34.47794],[135.88868,34.4789],[135.89111,34.48005],[135.89359,34.48511],[135.89457,34.48622],[135.89856,34.48776],[135.90069,34.49007],[135.90184,34.49179],[135.90165,34.49305],[135.9041,34.49516],[135.90444,34.49702],[135.90405,34.49867],[135.90446,34.49952],[135.90625,34.50098],[135.90666,34.50214],[135.90811,34.50325],[135.90945,34.50318],[135.90981,34.50388],[135.91222,34.50449],[135.9136,34.50605],[135.91266,34.50782],[135.90869,34.5103],[135.90912,34.51313],[135.91062,34.51376],[135.91022,34.51727],[135.91065,34.51835],[135.91649,34.52004],[135.919,34.52023],[135.92018,34.52128]]]}},{"type":"Feature","properties":{"id":"muni-29322","name":"山添村"},"geometry":{"type":"Polygon","coordinates":[[[135.97944,34.691],[135.97815,34.69308],[135.97989,34.69443],[135.98071,34.69936],[135.98154,34.69921],[135.98281,34.69776],[135.98439,34.69789],[135.98575,34.69876],[135.98679,34.69831],[135.98664,34.6974],[135.98716,34.69686],[135.98652,34.69547],[135.98713,34.69438],[135.98678,34.69327],[135.9873,34.69173],[135.98802,34.69114],[135.98776,34.6904],[135.98917,34.68696],[135.9901,34.68686],[135.98963,34.68542],[135.99049,34.68619],[135.99546,34.68671],[135.99739,34.68616],[135.99727,34.68514],[135.99852,34.68419],[136.00263,34.68579],[136.00368,34.68516],[136.0036,34.68426],[136.00432,34.68425],[136.00472,34.68321],[136.00649,34.68248],[136.00754,34.6835],[136.00724,34.68468],[136.00993,34.68366],[136.01203,34.68448],[136.01336,34.68448],[136.01415,34.68388],[136.01392,34.68324],[136.01593,34.68402],[136.01785,34.68549],[136.01874,34.68834],[136.01986,34.68964],[136.01995,34.69081],[136.01954,34.69113],[136.02006,34.69166],[136.01986,34.69235],[136.02146,34.69433],[136.02113,34.69455],[136.02161,34.69526],[136.02246,34.69528],[136.02302,34.69625],[136.02475,34.69626],[136.02569,34.69505],[136.02621,34.69574],[136.02716,34.69555],[136.02785,34.69603],[136.02913,34.69504],[136.02982,34.69522],[136.03035,34.69378],[136.03116,34.69429],[136.03182,34.69351],[136.03247,34.69354],[136.03571,34.69728],[136.03526,34.69858],[136.03483,34.69852],[136.03527,34.69751],[136.0345,34.69603],[136.0342,34.69658],[136.03455,34.69764],[136.03353,34.69914],[136.03331,34.69855],[136.03264,34.6992],[136.03457,34.69968],[136.03475,34.70044],[136.03415,34.70107],[136.03491,34.70113],[136.03496,34.70164],[136.03548,34.70111],[136.03512,34.70037],[136.03661,34.70039],[136.03687,34.70113],[136.03632,34.70086],[136.03621,34.7012],[136.03713,34.7018],[136.03631,34.70264],[136.03665,34.70304],[136.03775,34.70163],[136.0392,34.70256],[136.03971,34.70088],[136.04066,34.70125],[136.03996,34.70252],[136.04267,34.70325],[136.04299,34.70139],[136.04522,34.69789],[136.04613,34.69719],[136.04951,34.69968],[136.05235,34.70028],[136.0543,34.70251],[136.05594,34.70359],[136.05817,34.7023],[136.05924,34.70015],[136.06208,34.69971],[136.06384,34.69868],[136.06553,34.69871],[136.06839,34.69782],[136.07465,34.69825],[136.07752,34.6909],[136.07845,34.69045],[136.07933,34.68912],[136.07979,34.68364],[136.08265,34.68181],[136.08285,34.68041],[136.0822,34.67936],[136.08243,34.67891],[136.08468,34.67821],[136.08522,34.67672],[136.08669,34.67552],[136.08521,34.674],[136.08406,34.674],[136.08441,34.67288],[136.08231,34.67008],[136.08367,34.66639],[136.08259,34.66624],[136.082,34.66521],[136.0804,34.66494],[136.08021,34.66267],[136.07881,34.66346],[136.07811,34.66322],[136.07759,34.66241],[136.07822,34.66108],[136.07762,34.65933],[136.07563,34.65932],[136.07064,34.65771],[136.07015,34.65672],[136.06799,34.65554],[136.06763,34.65448],[136.06646,34.65337],[136.06441,34.65223],[136.06497,34.6519],[136.06489,34.65001],[136.06577,34.64808],[136.06794,34.64641],[136.06752,34.64481],[136.06922,34.64304],[136.06947,34.64144],[136.07104,34.64074],[136.07116,34.63915],[136.07166,34.63863],[136.07295,34.63851],[136.0754,34.63632],[136.07642,34.63425],[136.07574,34.63325],[136.07399,34.63286],[136.07197,34.62993],[136.06939,34.62847],[136.06846,34.62561],[136.06921,34.6244],[136.06893,34.62223],[136.06636,34.62189],[136.06509,34.62056],[136.06238,34.61967],[136.05781,34.62042],[136.05525,34.62152],[136.05254,34.62149],[136.05044,34.62086],[136.04793,34.62248],[136.04326,34.62226],[136.0437,34.62543],[136.04303,34.62714],[136.04309,34.62532],[136.04225,34.62444],[136.04143,34.62493],[136.04113,34.62417],[136.04204,34.62425],[136.04159,34.6237],[136.04205,34.62263],[136.04277,34.62219],[136.04176,34.622],[136.03967,34.62354],[136.04001,34.62501],[136.03963,34.62602],[136.03838,34.6268],[136.03832,34.62742],[136.03754,34.62653],[136.03715,34.6267],[136.03777,34.62732],[136.03641,34.62662],[136.03619,34.62714],[136.03725,34.62777],[136.03702,34.62885],[136.03627,34.62885],[136.03599,34.62797],[136.03512,34.62762],[136.03435,34.62868],[136.03294,34.62912],[136.02887,34.63268],[136.02722,34.63327],[136.02526,34.63544],[136.02299,34.63615],[136.02018,34.63494],[136.01972,34.63415],[136.01795,34.63328],[136.0161,34.6304],[136.01168,34.62789],[136.00901,34.62701],[136.00858,34.62586],[136.00689,34.62502],[136.00221,34.62533],[135.99643,34.62773],[135.99261,34.62803],[135.99131,34.63024],[135.99433,34.6312],[135.99343,34.63178],[135.99382,34.63366],[135.99338,34.63529],[135.99505,34.63583],[135.99572,34.63557],[135.99619,34.63624],[135.99916,34.6378],[135.99913,34.63907],[135.99996,34.63969],[135.99937,34.64259],[135.9981,34.64398],[135.99852,34.64507],[135.99817,34.64614],[135.99639,34.64745],[135.99591,34.64897],[135.99302,34.64977],[135.99417,34.65107],[135.99345,34.65185],[135.99437,34.65299],[135.99323,34.65425],[135.99398,34.65523],[135.99342,34.65644],[135.9917,34.65725],[135.98978,34.65631],[135.98632,34.65609],[135.98958,34.65691],[135.99059,34.65848],[135.99049,34.66066],[135.99142,34.66086],[135.99312,34.6627],[135.99328,34.66318],[135.99232,34.66421],[135.99358,34.66738],[135.99208,34.66813],[135.98837,34.6689],[135.98517,34.66768],[135.98386,34.66765],[135.98326,34.66663],[135.98244,34.66644],[135.98057,34.66456],[135.98146,34.66412],[135.98096,34.66352],[135.98166,34.66238],[135.98278,34.66388],[135.9834,34.66342],[135.98393,34.6609],[135.98304,34.66019],[135.98373,34.65969],[135.98357,34.65923],[135.98115,34.65836],[135.97897,34.65945],[135.97519,34.6594],[135.97952,34.65898],[135.98062,34.65814],[135.98095,34.65724],[135.97827,34.65551],[135.97425,34.65451],[135.97084,34.65502],[135.96722,34.65424],[135.96655,34.65559],[135.96549,34.65524],[135.96529,34.65452],[135.96566,34.65441],[135.96494,34.65395],[135.96339,34.65466],[135.96193,34.65371],[135.9604,34.65386],[135.95978,34.65336],[135.95844,34.65444],[135.95717,34.65396],[135.95673,34.65479],[135.95522,34.65457],[135.95716,34.65664],[135.96165,34.65749],[135.96196,34.65867],[135.95985,34.66147],[135.95832,34.66213],[135.95853,34.66301],[135.96057,34.66361],[135.95988,34.66646],[135.95769,34.66925],[135.95902,34.67112],[135.95718,34.67175],[135.95671,34.6727],[135.95441,34.67363],[135.95416,34.67473],[135.95471,34.67537],[135.95295,34.67712],[135.95325,34.67983],[135.9529,34.68072],[135.9535,34.68183],[135.95513,34.6825],[135.95621,34.68449],[135.95847,34.68493],[135.96042,34.68659],[135.96336,34.68591],[135.96562,34.68639],[135.96864,34.68549],[135.9716,34.68826],[135.97851,34.69047],[135.97944,34.691]]]}},{"type":"Feature","properties":{"id":"muni-29342","name":"平群町"},"geometry":{"type":"Polygon","coordinates":[[[135.66504,34.6128],[135.66169,34.6127],[135.65792,34.61676],[135.65996,34.62172],[135.65913,34.6231],[135.66105,34.62589],[135.66139,34.62852],[135.66231,34.62864],[135.6628,34.62944],[135.66293,34.63317],[135.66108,34.63483],[135.66123,34.63571],[135.66232,34.63556],[135.66282,34.63604],[135.66234,34.6402],[135.66421,34.64234],[135.6635,34.64344],[135.66548,34.64415],[135.66594,34.64602],[135.66576,34.64827],[135.66654,34.64863],[135.66617,34.64957],[135.66442,34.64985],[135.66411,34.65036],[135.66467,34.6508],[135.66526,34.65267],[135.66624,34.65292],[135.66776,34.65425],[135.66825,34.6563],[135.66933,34.65715],[135.67135,34.6611],[135.67147,34.66161],[135.67078,34.66215],[135.67495,34.66196],[135.67605,34.66231],[135.67815,34.66153],[135.67915,34.66064],[135.68151,34.66095],[135.6854,34.65998],[135.68893,34.65574],[135.68918,34.65479],[135.68806,34.65376],[135.68881,34.65318],[135.68924,34.65189],[135.69026,34.65245],[135.69115,34.65207],[135.69149,34.65386],[135.69243,34.65464],[135.69335,34.65372],[135.69557,34.65316],[135.69553,34.65191],[135.69636,34.65085],[135.69818,34.65025],[135.69931,34.64923],[135.70024,34.64902],[135.7016,34.64971],[135.70453,34.6483],[135.70706,34.64784],[135.70955,34.64863],[135.71163,34.6486],[135.71204,34.64942],[135.71504,34.64817],[135.71697,34.64867],[135.71898,34.64842],[135.72015,34.6469],[135.71963,34.64476],[135.71839,34.64405],[135.71709,34.64095],[135.7157,34.6406],[135.71805,34.63831],[135.71775,34.63732],[135.71841,34.63631],[135.71774,34.63548],[135.71804,34.63336],[135.7194,34.63235],[135.71872,34.63113],[135.71907,34.62947],[135.72159,34.62703],[135.72031,34.62583],[135.72025,34.6251],[135.71884,34.62453],[135.71843,34.6223],[135.71885,34.62084],[135.71779,34.61871],[135.71743,34.6182],[135.71556,34.61828],[135.71548,34.61735],[135.71445,34.61591],[135.71352,34.61548],[135.7137,34.61409],[135.71295,34.61417],[135.71263,34.61372],[135.71401,34.61306],[135.71249,34.61276],[135.71285,34.61105],[135.70888,34.60991],[135.70758,34.6099],[135.70625,34.61088],[135.70371,34.61087],[135.70239,34.61208],[135.70195,34.61404],[135.70064,34.61446],[135.70043,34.61543],[135.69852,34.61613],[135.69623,34.61622],[135.69481,34.61566],[135.69443,34.61473],[135.69294,34.61426],[135.69186,34.61319],[135.69018,34.61307],[135.69014,34.61073],[135.68741,34.60986],[135.6863,34.60896],[135.68498,34.60896],[135.6878,34.61031],[135.68535,34.61113],[135.6847,34.61066],[135.68289,34.61154],[135.6856,34.61128],[135.68807,34.61046],[135.68972,34.61096],[135.68977,34.61174],[135.6885,34.61179],[135.68932,34.61205],[135.68751,34.61344],[135.68585,34.61342],[135.68596,34.61387],[135.68542,34.61396],[135.68298,34.61231],[135.68178,34.61406],[135.67928,34.61309],[135.67723,34.6129],[135.67639,34.61155],[135.67548,34.61144],[135.67573,34.61108],[135.67446,34.60983],[135.67387,34.61007],[135.67447,34.60904],[135.67283,34.6083],[135.67367,34.60661],[135.67476,34.60657],[135.67578,34.60726],[135.67572,34.6059],[135.67359,34.60615],[135.67308,34.60597],[135.67314,34.60523],[135.67207,34.60527],[135.67179,34.60695],[135.67059,34.60721],[135.6705,34.60792],[135.67022,34.60752],[135.66909,34.608],[135.66504,34.6128]]]}},{"type":"Feature","properties":{"id":"muni-29343","name":"三郷町"},"geometry":{"type":"Polygon","coordinates":[[[135.67723,34.6129],[135.68178,34.61406],[135.68298,34.61231],[135.68552,34.61398],[135.68596,34.61387],[135.68585,34.61342],[135.68651,34.61366],[135.68873,34.61284],[135.68933,34.61198],[135.68846,34.61182],[135.68969,34.61181],[135.68994,34.61126],[135.68825,34.61049],[135.6856,34.61128],[135.68293,34.61162],[135.6847,34.61066],[135.68535,34.61113],[135.6878,34.61031],[135.68498,34.60896],[135.6863,34.60896],[135.68741,34.60986],[135.69008,34.61068],[135.69018,34.61307],[135.69186,34.61319],[135.69294,34.61426],[135.69443,34.61473],[135.69496,34.61576],[135.69631,34.61623],[135.69969,34.61587],[135.70051,34.61535],[135.70064,34.61446],[135.70195,34.61404],[135.70239,34.61208],[135.70341,34.61102],[135.70625,34.61088],[135.70758,34.6099],[135.70959,34.61011],[135.71004,34.60921],[135.70938,34.6086],[135.7096,34.60807],[135.70871,34.60795],[135.70986,34.60778],[135.71047,34.60592],[135.71004,34.60538],[135.71085,34.60488],[135.71186,34.60499],[135.71211,34.60416],[135.71028,34.60378],[135.71156,34.60186],[135.71149,34.60031],[135.71109,34.5995],[135.70944,34.59886],[135.70823,34.60041],[135.70703,34.60091],[135.70074,34.60115],[135.69798,34.60059],[135.69564,34.59867],[135.69471,34.59621],[135.69492,34.59514],[135.69657,34.59335],[135.69622,34.59237],[135.6898,34.58944],[135.68852,34.58795],[135.68528,34.58637],[135.68307,34.5859],[135.68185,34.58498],[135.68035,34.58527],[135.68069,34.58549],[135.68048,34.58659],[135.67955,34.58773],[135.67801,34.58787],[135.67717,34.58868],[135.67688,34.58966],[135.67905,34.59112],[135.67839,34.59175],[135.67786,34.59122],[135.67722,34.59104],[135.67825,34.59176],[135.67766,34.59203],[135.67822,34.59365],[135.67642,34.59596],[135.67652,34.59831],[135.6755,34.59956],[135.67634,34.6009],[135.67557,34.60084],[135.67551,34.6022],[135.675,34.60179],[135.6727,34.6029],[135.67227,34.60382],[135.67113,34.60396],[135.67011,34.60289],[135.66762,34.6029],[135.66159,34.60154],[135.65978,34.60189],[135.65943,34.6024],[135.65775,34.60245],[135.65579,34.60339],[135.65394,34.60327],[135.65397,34.60383],[135.65262,34.60438],[135.65189,34.60677],[135.65065,34.60687],[135.64979,34.60776],[135.65044,34.60868],[135.65049,34.60971],[135.65214,34.60971],[135.65328,34.61054],[135.65309,34.61135],[135.65404,34.61101],[135.65696,34.61155],[135.65687,34.61365],[135.65838,34.61635],[135.65899,34.6152],[135.66169,34.6127],[135.66554,34.61263],[135.66595,34.61151],[135.66909,34.608],[135.67022,34.60752],[135.6705,34.60792],[135.67059,34.60721],[135.67179,34.60695],[135.67207,34.60527],[135.67314,34.60523],[135.67308,34.60597],[135.67359,34.60615],[135.67578,34.60601],[135.67578,34.60726],[135.67455,34.6065],[135.67328,34.60683],[135.67289,34.60843],[135.67447,34.60904],[135.67387,34.61007],[135.67446,34.60983],[135.67573,34.61108],[135.67548,34.61144],[135.67639,34.61155],[135.67723,34.6129]]]}},{"type":"Feature","properties":{"id":"muni-29344","name":"斑鳩町"},"geometry":{"type":"Polygon","coordinates":[[[135.72277,34.59476],[135.72136,34.59593],[135.71761,34.5948],[135.71557,34.59489],[135.71372,34.59537],[135.71113,34.59687],[135.70944,34.59886],[135.71109,34.5995],[135.71149,34.60031],[135.71156,34.60186],[135.71113,34.60199],[135.71033,34.60402],[135.71211,34.60416],[135.71186,34.60499],[135.71085,34.60488],[135.71004,34.60538],[135.71047,34.60592],[135.70986,34.60778],[135.70871,34.60795],[135.7096,34.60807],[135.70938,34.6086],[135.71004,34.60921],[135.70959,34.61011],[135.71288,34.61109],[135.71249,34.61276],[135.71401,34.61306],[135.71263,34.61372],[135.71295,34.61417],[135.7137,34.61409],[135.71352,34.61548],[135.71445,34.61591],[135.71548,34.61735],[135.71556,34.61828],[135.71743,34.6182],[135.71779,34.61871],[135.71885,34.62084],[135.71843,34.6223],[135.71884,34.62453],[135.72025,34.6251],[135.72031,34.62583],[135.72159,34.62703],[135.71907,34.62947],[135.71872,34.63113],[135.7194,34.63235],[135.71804,34.63336],[135.71774,34.63548],[135.71841,34.63631],[135.71775,34.63732],[135.71805,34.63831],[135.7157,34.64065],[135.71709,34.64095],[135.71779,34.64313],[135.71862,34.64434],[135.71963,34.64476],[135.72011,34.64653],[135.72285,34.64743],[135.72363,34.64725],[135.72589,34.64826],[135.72554,34.64665],[135.72784,34.64592],[135.72675,34.64464],[135.72807,34.64288],[135.72805,34.64147],[135.72982,34.6398],[135.72882,34.63892],[135.72932,34.63751],[135.72864,34.63684],[135.72709,34.63646],[135.72604,34.63501],[135.72704,34.63288],[135.73075,34.63131],[135.73189,34.63242],[135.73395,34.63279],[135.73654,34.63123],[135.7367,34.63064],[135.73792,34.63054],[135.73774,34.62934],[135.73808,34.62911],[135.74024,34.62863],[135.74122,34.62782],[135.74169,34.62836],[135.74411,34.62592],[135.74737,34.62561],[135.74813,34.62432],[135.74924,34.624],[135.74931,34.61917],[135.75064,34.61913],[135.7512,34.61837],[135.75182,34.61865],[135.75168,34.61592],[135.75493,34.61809],[135.75681,34.61876],[135.75664,34.61458],[135.75441,34.61217],[135.75348,34.60967],[135.7524,34.60919],[135.75186,34.60719],[135.74733,34.60709],[135.74628,34.60332],[135.74479,34.60223],[135.74394,34.60277],[135.74239,34.60235],[135.74246,34.60133],[135.74166,34.60133],[135.74108,34.59848],[135.7401,34.59851],[135.74008,34.59764],[135.74306,34.59692],[135.74177,34.5933],[135.733,34.59144],[135.72576,34.59081],[135.72342,34.59199],[135.72277,34.59476]]]}},{"type":"Feature","properties":{"id":"muni-29345","name":"安堵町"},"geometry":{"type":"Polygon","coordinates":[[[135.75992,34.61914],[135.76118,34.61843],[135.76135,34.61738],[135.76087,34.61501],[135.76136,34.615],[135.76107,34.61158],[135.76144,34.60999],[135.76065,34.60996],[135.76092,34.608],[135.76234,34.60799],[135.76235,34.60706],[135.76362,34.60689],[135.76357,34.60608],[135.76482,34.60599],[135.76497,34.60506],[135.76593,34.60498],[135.76595,34.60726],[135.76505,34.60748],[135.76603,34.60992],[135.76893,34.60995],[135.7685,34.60797],[135.76751,34.60796],[135.7673,34.60714],[135.76858,34.60685],[135.76638,34.60558],[135.76601,34.60435],[135.76607,34.60136],[135.76766,34.60141],[135.76747,34.59773],[135.76808,34.59719],[135.76692,34.59698],[135.76438,34.59512],[135.76345,34.5958],[135.7622,34.59503],[135.76219,34.59236],[135.7617,34.59176],[135.76016,34.59153],[135.75724,34.59215],[135.75686,34.58922],[135.75623,34.58867],[135.75419,34.58887],[135.7521,34.59151],[135.7499,34.59279],[135.74529,34.59271],[135.74177,34.5933],[135.74306,34.59692],[135.74009,34.59739],[135.7401,34.59851],[135.74108,34.59848],[135.74166,34.60133],[135.74246,34.60133],[135.74239,34.60235],[135.74394,34.60277],[135.74479,34.60223],[135.74628,34.60332],[135.74733,34.60709],[135.75186,34.60719],[135.7524,34.60919],[135.75348,34.60967],[135.75441,34.61217],[135.75658,34.61422],[135.75681,34.61876],[135.75992,34.61914]]]}},{"type":"Feature","properties":{"id":"muni-29361","name":"川西町"},"geometry":{"type":"Polygon","coordinates":[[[135.76629,34.58005],[135.7657,34.57934],[135.76166,34.57922],[135.75961,34.57861],[135.75902,34.58075],[135.75662,34.58071],[135.75664,34.58166],[135.75492,34.58164],[135.75493,34.58071],[135.75339,34.58075],[135.75302,34.58031],[135.75193,34.58031],[135.75207,34.58002],[135.75104,34.58032],[135.75044,34.58209],[135.75129,34.58663],[135.7499,34.5913],[135.75132,34.59207],[135.75419,34.58887],[135.75623,34.58867],[135.75686,34.58922],[135.75724,34.59215],[135.76016,34.59153],[135.7617,34.59176],[135.76219,34.59236],[135.7622,34.59503],[135.76345,34.5958],[135.76438,34.59512],[135.76738,34.59722],[135.7702,34.59752],[135.77559,34.5953],[135.77583,34.59594],[135.77803,34.59567],[135.77801,34.59674],[135.78312,34.59658],[135.78321,34.59752],[135.78636,34.59769],[135.78666,34.59559],[135.78893,34.59561],[135.78899,34.59462],[135.79019,34.59464],[135.79029,34.59082],[135.79499,34.59075],[135.79491,34.58804],[135.79393,34.58682],[135.79274,34.58654],[135.79274,34.58602],[135.79347,34.5857],[135.79259,34.58582],[135.79215,34.58657],[135.79175,34.58648],[135.79173,34.58583],[135.7911,34.58579],[135.79109,34.58485],[135.7891,34.5848],[135.78905,34.5859],[135.78663,34.58577],[135.78695,34.57983],[135.77591,34.58006],[135.77575,34.57935],[135.77432,34.57962],[135.77412,34.58031],[135.77313,34.58083],[135.77194,34.58093],[135.77212,34.5804],[135.76977,34.57984],[135.76682,34.57962],[135.76629,34.58005]]]}},{"type":"Feature","properties":{"id":"muni-29362","name":"三宅町"},"geometry":{"type":"Polygon","coordinates":[[[135.76901,34.56408],[135.76525,34.56404],[135.76489,34.56172],[135.76341,34.56128],[135.76338,34.56369],[135.76418,34.56751],[135.76294,34.56747],[135.76146,34.56979],[135.76233,34.57136],[135.76315,34.57108],[135.76283,34.57199],[135.7635,34.57203],[135.76354,34.57287],[135.76253,34.57283],[135.76128,34.57389],[135.75881,34.57449],[135.75349,34.57751],[135.75267,34.57823],[135.75358,34.57926],[135.75323,34.58067],[135.75493,34.58071],[135.75492,34.58164],[135.75664,34.58166],[135.75662,34.58071],[135.75902,34.58075],[135.75961,34.57861],[135.76166,34.57922],[135.7657,34.57934],[135.76629,34.58005],[135.76682,34.57962],[135.76977,34.57984],[135.77212,34.5804],[135.77194,34.58093],[135.77313,34.58083],[135.77412,34.58031],[135.77432,34.57962],[135.77575,34.57935],[135.77591,34.58006],[135.78695,34.57983],[135.78762,34.57894],[135.78744,34.57851],[135.79011,34.57798],[135.79006,34.57404],[135.79173,34.57296],[135.79147,34.57209],[135.79232,34.57207],[135.79294,34.57053],[135.79265,34.56936],[135.7939,34.56909],[135.79379,34.56721],[135.78801,34.56723],[135.78802,34.56917],[135.78673,34.5692],[135.78677,34.5701],[135.78559,34.57011],[135.78554,34.56713],[135.78318,34.56716],[135.78319,34.56863],[135.782,34.56863],[135.78199,34.57008],[135.77362,34.57008],[135.77353,34.57098],[135.7725,34.57114],[135.77245,34.57006],[135.77117,34.5701],[135.77116,34.56827],[135.77263,34.56815],[135.77262,34.56716],[135.77366,34.56712],[135.77365,34.56515],[135.76899,34.56513],[135.76901,34.56408]]]}},{"type":"Feature","properties":{"id":"muni-29363","name":"田原本町"},"geometry":{"type":"Polygon","coordinates":[[[135.78356,34.5354],[135.76977,34.53537],[135.76806,34.53763],[135.76621,34.53744],[135.76597,34.53806],[135.76706,34.53805],[135.76672,34.53854],[135.76842,34.53973],[135.76738,34.54186],[135.76823,34.54503],[135.76716,34.54565],[135.76559,34.54513],[135.7649,34.54573],[135.76644,34.54648],[135.76676,34.54726],[135.7653,34.54845],[135.76412,34.55209],[135.7624,34.5534],[135.76259,34.55633],[135.76351,34.55879],[135.76255,34.56127],[135.76489,34.56172],[135.76525,34.56404],[135.76901,34.56408],[135.76899,34.56513],[135.77365,34.56515],[135.77366,34.56712],[135.77262,34.56716],[135.77263,34.56815],[135.77116,34.56827],[135.77117,34.5701],[135.77245,34.57006],[135.7725,34.57114],[135.77353,34.57098],[135.77362,34.57008],[135.78199,34.57008],[135.782,34.56863],[135.78319,34.56863],[135.78318,34.56716],[135.78554,34.56713],[135.78559,34.57011],[135.78599,34.57015],[135.78677,34.5701],[135.78673,34.5692],[135.78802,34.56917],[135.78801,34.56723],[135.79379,34.56721],[135.7939,34.56909],[135.79265,34.56936],[135.79294,34.57053],[135.79232,34.57207],[135.79147,34.57209],[135.79173,34.57296],[135.79006,34.57404],[135.79011,34.57934],[135.79384,34.57951],[135.79386,34.58001],[135.79492,34.58],[135.7947,34.57904],[135.79569,34.57881],[135.7951,34.57795],[135.79774,34.57794],[135.79775,34.57685],[135.7991,34.57687],[135.79906,34.57981],[135.79948,34.57975],[135.79984,34.58161],[135.79923,34.58324],[135.79975,34.58379],[135.80063,34.58379],[135.80311,34.58269],[135.80388,34.58283],[135.80392,34.58394],[135.80521,34.58396],[135.80521,34.58468],[135.80557,34.58469],[135.8051,34.58562],[135.80515,34.58976],[135.80746,34.58972],[135.80763,34.58624],[135.80697,34.58605],[135.80699,34.58539],[135.80878,34.58544],[135.80877,34.58303],[135.80754,34.58306],[135.80731,34.57781],[135.8083,34.57673],[135.80881,34.57448],[135.81253,34.57418],[135.81272,34.56925],[135.81141,34.56923],[135.81131,34.56455],[135.81238,34.56456],[135.81264,34.56341],[135.8138,34.56332],[135.81384,34.5604],[135.82089,34.56041],[135.82102,34.55523],[135.82136,34.55458],[135.8224,34.55443],[135.82234,34.55348],[135.8246,34.55356],[135.82466,34.55179],[135.82585,34.55158],[135.82594,34.54674],[135.82513,34.54675],[135.82541,34.54574],[135.82247,34.54571],[135.82201,34.54553],[135.8223,34.54492],[135.81892,34.5447],[135.81892,34.5427],[135.81813,34.54267],[135.81835,34.53483],[135.80799,34.53475],[135.80797,34.53569],[135.80682,34.53566],[135.8068,34.53662],[135.80437,34.53662],[135.80433,34.53759],[135.79736,34.53762],[135.79737,34.53664],[135.79555,34.53666],[135.79559,34.53068],[135.79281,34.53068],[135.79279,34.53126],[135.79191,34.53125],[135.79188,34.53062],[135.78601,34.53057],[135.786,34.52962],[135.78353,34.52956],[135.78356,34.5354]]]}},{"type":"Feature","properties":{"id":"muni-29385","name":"曽爾村"},"geometry":{"type":"Polygon","coordinates":[[[136.10725,34.48981],[136.10641,34.48692],[136.10387,34.4832],[136.10376,34.48152],[136.10175,34.48019],[136.10106,34.47808],[136.09858,34.47624],[136.09557,34.47615],[136.09433,34.47567],[136.09026,34.47609],[136.08785,34.47485],[136.0858,34.47511],[136.08499,34.47384],[136.08258,34.47323],[136.08193,34.47333],[136.08145,34.47456],[136.07885,34.47509],[136.07691,34.47699],[136.07599,34.47615],[136.07264,34.47716],[136.07339,34.47821],[136.07286,34.47947],[136.07144,34.48046],[136.06804,34.48578],[136.06867,34.48718],[136.06857,34.48838],[136.06967,34.49015],[136.07098,34.49116],[136.07084,34.49203],[136.07542,34.49333],[136.07855,34.49294],[136.08024,34.49385],[136.08019,34.49513],[136.08126,34.49552],[136.08186,34.49721],[136.08157,34.4975],[136.08304,34.49792],[136.08356,34.49874],[136.08501,34.5035],[136.08775,34.50571],[136.08637,34.50988],[136.09097,34.51394],[136.09287,34.515],[136.09333,34.51655],[136.09005,34.51892],[136.08849,34.52114],[136.08928,34.5225],[136.08901,34.52445],[136.08941,34.52575],[136.0922,34.52606],[136.09445,34.52704],[136.09651,34.527],[136.0976,34.52789],[136.09966,34.52814],[136.10114,34.52751],[136.10194,34.52796],[136.1022,34.53036],[136.10056,34.53136],[136.10026,34.53224],[136.10092,34.53389],[136.10197,34.53463],[136.10228,34.53689],[136.10116,34.53925],[136.09846,34.53958],[136.09759,34.54068],[136.09974,34.5451],[136.10241,34.54682],[136.10414,34.54886],[136.10478,34.55101],[136.10628,34.5518],[136.10625,34.55477],[136.10721,34.55636],[136.10972,34.5573],[136.11107,34.55656],[136.11187,34.55441],[136.11155,34.55285],[136.11252,34.55196],[136.11164,34.5512],[136.11266,34.54981],[136.11234,34.54908],[136.11428,34.54605],[136.11582,34.54688],[136.11824,34.54652],[136.11912,34.54772],[136.12167,34.54868],[136.12313,34.54793],[136.1239,34.54819],[136.12404,34.54945],[136.12644,34.55093],[136.12728,34.55257],[136.13096,34.5535],[136.13394,34.55546],[136.13774,34.55989],[136.13811,34.56094],[136.13932,34.55946],[136.14166,34.55932],[136.14286,34.55761],[136.14482,34.55697],[136.1465,34.55577],[136.15009,34.5553],[136.15114,34.55563],[136.15141,34.55726],[136.1505,34.55918],[136.1554,34.55973],[136.15573,34.55882],[136.15497,34.55744],[136.15548,34.55712],[136.15548,34.55589],[136.15833,34.55489],[136.1575,34.55269],[136.15941,34.55103],[136.16075,34.55167],[136.16163,34.55145],[136.1626,34.54994],[136.16279,34.54914],[136.15975,34.54677],[136.16247,34.5436],[136.16363,34.54321],[136.16432,34.54182],[136.16566,34.54148],[136.16822,34.53841],[136.17108,34.5371],[136.17168,34.53542],[136.16985,34.52767],[136.16785,34.52592],[136.16715,34.52455],[136.16787,34.52088],[136.16696,34.51883],[136.16394,34.5156],[136.16017,34.5152],[136.15973,34.51409],[136.15766,34.51364],[136.15767,34.51062],[136.15716,34.50875],[136.15771,34.50759],[136.15527,34.50577],[136.15415,34.50569],[136.15169,34.50437],[136.15184,34.49945],[136.14943,34.49798],[136.1479,34.4973],[136.14679,34.49754],[136.1442,34.49676],[136.14308,34.49543],[136.14229,34.49594],[136.13881,34.49566],[136.13497,34.49382],[136.12816,34.49405],[136.12398,34.49622],[136.12315,34.49623],[136.12149,34.49447],[136.12015,34.49393],[136.11952,34.49405],[136.11867,34.49512],[136.11711,34.49534],[136.11619,34.49487],[136.1166,34.49354],[136.11397,34.49134],[136.10975,34.49136],[136.1094,34.49076],[136.10725,34.48981]]]}},{"type":"Feature","properties":{"id":"muni-29386","name":"御杖村"},"geometry":{"type":"Polygon","coordinates":[[[136.11155,34.43581],[136.10598,34.43537],[136.10051,34.43599],[136.09621,34.43538],[136.09503,34.44128],[136.09271,34.44309],[136.09139,34.44484],[136.09081,34.4461],[136.09053,34.45],[136.08787,34.45166],[136.088,34.45246],[136.08738,34.45346],[136.08776,34.45513],[136.08676,34.4564],[136.08709,34.45734],[136.0854,34.4617],[136.08644,34.46215],[136.08623,34.46382],[136.08483,34.4643],[136.08436,34.46517],[136.08263,34.46628],[136.08185,34.4689],[136.08211,34.46959],[136.08043,34.47111],[136.08129,34.47293],[136.08499,34.47384],[136.0858,34.47511],[136.08785,34.47485],[136.09026,34.47609],[136.09433,34.47567],[136.09557,34.47615],[136.09858,34.47624],[136.10106,34.47808],[136.10175,34.48019],[136.10376,34.48152],[136.10387,34.4832],[136.10658,34.48723],[136.10725,34.48981],[136.1094,34.49076],[136.10975,34.49136],[136.11359,34.49112],[136.1166,34.49354],[136.11619,34.49487],[136.11711,34.49534],[136.11867,34.49512],[136.11952,34.49405],[136.12015,34.49393],[136.12149,34.49447],[136.12315,34.49623],[136.12398,34.49622],[136.12816,34.49405],[136.13497,34.49382],[136.13881,34.49566],[136.14229,34.49594],[136.14308,34.49543],[136.1442,34.49676],[136.14679,34.49754],[136.1479,34.4973],[136.14943,34.49798],[136.15184,34.49945],[136.15169,34.50437],[136.15415,34.50569],[136.15527,34.50577],[136.15771,34.50759],[136.15716,34.50875],[136.15767,34.51062],[136.15766,34.51364],[136.15973,34.51409],[136.16017,34.5152],[136.16394,34.5156],[136.16696,34.51883],[136.16772,34.52044],[136.17234,34.51789],[136.17457,34.51808],[136.18229,34.51688],[136.18215,34.51769],[136.18344,34.51953],[136.18592,34.52083],[136.18678,34.52237],[136.18989,34.52424],[136.19118,34.52373],[136.19492,34.52362],[136.19715,34.52433],[136.19819,34.52527],[136.20784,34.52796],[136.21011,34.52917],[136.21275,34.52918],[136.21398,34.52858],[136.21509,34.52888],[136.2166,34.52814],[136.21668,34.525],[136.21608,34.5233],[136.21804,34.52105],[136.21891,34.51917],[136.21976,34.51581],[136.21896,34.51224],[136.21944,34.51056],[136.21584,34.50772],[136.21594,34.50679],[136.2151,34.50607],[136.21536,34.50489],[136.21469,34.50264],[136.21477,34.50124],[136.21586,34.49949],[136.21807,34.4978],[136.21822,34.49704],[136.22014,34.49638],[136.22211,34.49672],[136.2241,34.49552],[136.22734,34.49543],[136.22907,34.4948],[136.23005,34.49237],[136.22857,34.489],[136.22427,34.48679],[136.22283,34.48675],[136.21919,34.48515],[136.21827,34.48443],[136.21842,34.48364],[136.21718,34.48291],[136.21507,34.48031],[136.21557,34.47786],[136.21422,34.47505],[136.21484,34.47417],[136.21479,34.47314],[136.21012,34.46867],[136.20933,34.46708],[136.20981,34.46532],[136.20928,34.46463],[136.20892,34.46239],[136.2075,34.46084],[136.20734,34.45857],[136.20833,34.45804],[136.20866,34.45496],[136.20791,34.45383],[136.20757,34.45202],[136.20655,34.45064],[136.20626,34.44872],[136.20527,34.44851],[136.20102,34.44967],[136.19914,34.44923],[136.1975,34.4499],[136.19231,34.44958],[136.18867,34.45053],[136.18576,34.44836],[136.18211,34.44663],[136.18007,34.44655],[136.1786,34.44556],[136.1754,34.44538],[136.1706,34.44631],[136.16554,34.44843],[136.16095,34.44832],[136.15852,34.44909],[136.15648,34.44673],[136.15356,34.4456],[136.15296,34.44381],[136.15167,34.442],[136.14932,34.44169],[136.14794,34.44205],[136.14457,34.44106],[136.14278,34.44174],[136.13947,34.44195],[136.13878,34.44303],[136.13648,34.44272],[136.13356,34.44468],[136.13212,34.44435],[136.13122,34.44516],[136.12908,34.44534],[136.12803,34.44493],[136.12675,34.44342],[136.11842,34.44287],[136.11485,34.43932],[136.11375,34.43693],[136.11155,34.43581]]]}},{"type":"Feature","properties":{"id":"muni-29401","name":"高取町"},"geometry":{"type":"Polygon","coordinates":[[[135.76822,34.45201],[135.76659,34.45371],[135.76408,34.45394],[135.76401,34.45582],[135.7637,34.45584],[135.76416,34.45713],[135.76334,34.461],[135.76376,34.46329],[135.76353,34.46502],[135.7645,34.46707],[135.7661,34.46669],[135.76763,34.4677],[135.76864,34.46719],[135.76894,34.46759],[135.77083,34.4673],[135.77147,34.46876],[135.77289,34.46965],[135.77246,34.46984],[135.77268,34.47025],[135.77613,34.47157],[135.77665,34.47078],[135.77714,34.47082],[135.77763,34.46955],[135.77859,34.47012],[135.78098,34.47001],[135.78375,34.46795],[135.78654,34.46784],[135.78587,34.46708],[135.78578,34.4647],[135.78264,34.46457],[135.78349,34.46322],[135.78154,34.46324],[135.78154,34.4626],[135.7805,34.46242],[135.78057,34.46106],[135.78126,34.45992],[135.78259,34.4595],[135.78359,34.4578],[135.78515,34.45965],[135.78723,34.45901],[135.79018,34.45971],[135.79095,34.45925],[135.79144,34.45967],[135.79541,34.4598],[135.79574,34.45928],[135.79612,34.45992],[135.79745,34.45986],[135.79749,34.45834],[135.79844,34.45582],[135.79887,34.45591],[135.79964,34.45487],[135.80151,34.45453],[135.80152,34.45409],[135.80254,34.45418],[135.80357,34.45328],[135.80207,34.44874],[135.80275,34.44829],[135.80332,34.44687],[135.80269,34.44551],[135.80385,34.44454],[135.80462,34.44451],[135.80447,34.44393],[135.805,34.44325],[135.80671,34.44303],[135.80699,34.44219],[135.80788,34.44217],[135.80723,34.44287],[135.80764,34.44331],[135.80622,34.44368],[135.80653,34.4441],[135.80832,34.4431],[135.81392,34.44269],[135.81635,34.44462],[135.81746,34.44415],[135.81883,34.44488],[135.82023,34.44482],[135.82078,34.44594],[135.82417,34.44486],[135.82658,34.44522],[135.82684,34.44452],[135.82621,34.44365],[135.82698,34.44411],[135.82966,34.44202],[135.83011,34.44237],[135.83114,34.44146],[135.83179,34.44174],[135.83273,34.4405],[135.83433,34.4395],[135.83419,34.43888],[135.83594,34.43794],[135.83598,34.43617],[135.83793,34.43595],[135.84037,34.4338],[135.84131,34.43419],[135.84292,34.43162],[135.84418,34.43115],[135.84419,34.43072],[135.84479,34.43079],[135.84481,34.43038],[135.84574,34.4304],[135.84539,34.42982],[135.84668,34.42903],[135.84586,34.42801],[135.84461,34.42808],[135.84272,34.4246],[135.83901,34.42542],[135.83856,34.42487],[135.83757,34.42599],[135.83627,34.42652],[135.83522,34.42612],[135.83224,34.42676],[135.82953,34.42639],[135.82782,34.42482],[135.82743,34.42369],[135.82516,34.42273],[135.8249,34.42056],[135.82545,34.41883],[135.82508,34.41833],[135.82336,34.41764],[135.82225,34.4154],[135.82027,34.41476],[135.81969,34.41384],[135.81847,34.41345],[135.81767,34.4125],[135.8164,34.41221],[135.81494,34.41303],[135.81472,34.41405],[135.812,34.41642],[135.8119,34.41854],[135.81297,34.42142],[135.81245,34.42254],[135.81181,34.4228],[135.81014,34.42192],[135.80798,34.42237],[135.8059,34.42118],[135.80401,34.4211],[135.80396,34.42186],[135.80294,34.42191],[135.80041,34.42036],[135.79958,34.42083],[135.79826,34.42035],[135.7974,34.41905],[135.79536,34.41876],[135.79179,34.41902],[135.78811,34.4216],[135.78737,34.41994],[135.78625,34.4195],[135.78343,34.42047],[135.78295,34.42025],[135.78287,34.4189],[135.78196,34.41771],[135.77775,34.41768],[135.77704,34.41872],[135.77277,34.4178],[135.77243,34.41876],[135.77132,34.41912],[135.76966,34.42126],[135.76824,34.42114],[135.76654,34.41986],[135.76547,34.42],[135.76521,34.42204],[135.76369,34.42315],[135.76059,34.42423],[135.76113,34.42612],[135.76028,34.42817],[135.75913,34.42929],[135.76185,34.43588],[135.76194,34.43787],[135.76476,34.43967],[135.76542,34.44152],[135.76731,34.44122],[135.76758,34.44251],[135.76885,34.44237],[135.76792,34.44148],[135.76953,34.44124],[135.76974,34.4408],[135.77099,34.44155],[135.77147,34.44308],[135.77243,34.44332],[135.77151,34.44422],[135.7716,34.44492],[135.76859,34.44557],[135.7698,34.44694],[135.76969,34.44943],[135.76822,34.45201]]]}},{"type":"Feature","properties":{"id":"muni-29402","name":"明日香村"},"geometry":{"type":"Polygon","coordinates":[[[135.80151,34.45453],[135.7991,34.45515],[135.79887,34.45591],[135.79844,34.45582],[135.79791,34.45663],[135.79737,34.45993],[135.79612,34.45992],[135.79574,34.45928],[135.79541,34.4598],[135.79144,34.45967],[135.79095,34.45925],[135.79018,34.45971],[135.78723,34.45901],[135.78515,34.45965],[135.78364,34.45777],[135.78259,34.4595],[135.78126,34.45992],[135.78057,34.46106],[135.7805,34.46242],[135.78154,34.4626],[135.78154,34.46324],[135.78349,34.46322],[135.78264,34.46457],[135.78578,34.4647],[135.78587,34.46708],[135.78654,34.46784],[135.79083,34.466],[135.7924,34.46724],[135.79383,34.46751],[135.7946,34.46847],[135.79622,34.46815],[135.79808,34.46884],[135.79843,34.46782],[135.80001,34.46966],[135.80638,34.46908],[135.80744,34.47061],[135.8083,34.47058],[135.80845,34.47273],[135.80796,34.47298],[135.80827,34.47419],[135.80769,34.47524],[135.80868,34.47651],[135.80782,34.47865],[135.80744,34.48239],[135.8092,34.48214],[135.80983,34.48397],[135.81217,34.48365],[135.81182,34.4858],[135.81232,34.48585],[135.81068,34.48959],[135.81082,34.49032],[135.81197,34.49031],[135.81205,34.4893],[135.81343,34.48951],[135.81334,34.49029],[135.81196,34.49072],[135.81174,34.49219],[135.80974,34.49223],[135.80948,34.49524],[135.8106,34.49515],[135.81064,34.49415],[135.81167,34.49383],[135.81184,34.49334],[135.81464,34.49309],[135.81452,34.49226],[135.81575,34.49218],[135.81612,34.48976],[135.81679,34.48935],[135.8181,34.48962],[135.81812,34.49038],[135.82003,34.49035],[135.82002,34.48979],[135.8207,34.48977],[135.82184,34.4888],[135.82186,34.48631],[135.82298,34.48912],[135.8247,34.48937],[135.82537,34.48859],[135.82554,34.48719],[135.82661,34.48617],[135.82707,34.48428],[135.82365,34.48339],[135.82408,34.48196],[135.82479,34.48178],[135.82471,34.48128],[135.8266,34.48151],[135.82872,34.48078],[135.82896,34.47998],[135.83068,34.4791],[135.83111,34.47677],[135.83186,34.47588],[135.83492,34.47503],[135.83583,34.47413],[135.8372,34.47384],[135.8375,34.47416],[135.83915,34.47225],[135.84034,34.47227],[135.8407,34.47295],[135.84077,34.47118],[135.84315,34.47079],[135.8485,34.47121],[135.84866,34.46957],[135.85047,34.46887],[135.85192,34.46736],[135.85055,34.46633],[135.85015,34.4653],[135.85097,34.46413],[135.85019,34.46304],[135.85055,34.4623],[135.85408,34.46199],[135.85554,34.46143],[135.85857,34.45801],[135.85793,34.46016],[135.85867,34.46052],[135.85869,34.45931],[135.85954,34.45766],[135.86198,34.4585],[135.86683,34.45822],[135.86885,34.45912],[135.86852,34.45786],[135.8655,34.45718],[135.86362,34.45613],[135.86263,34.4535],[135.86157,34.45285],[135.86379,34.45019],[135.8639,34.44885],[135.86516,34.44746],[135.86552,34.4462],[135.86745,34.44538],[135.86764,34.44395],[135.86625,34.44299],[135.86546,34.44326],[135.86448,34.44289],[135.86342,34.442],[135.86092,34.4423],[135.85944,34.44092],[135.85825,34.44054],[135.85743,34.43831],[135.8577,34.43798],[135.85475,34.43586],[135.85468,34.43513],[135.85524,34.43453],[135.85043,34.43276],[135.84902,34.43166],[135.84905,34.43086],[135.84718,34.42896],[135.84539,34.42982],[135.84574,34.4304],[135.84481,34.43038],[135.84479,34.43079],[135.84419,34.43072],[135.84418,34.43115],[135.84292,34.43162],[135.84131,34.43419],[135.84037,34.4338],[135.83793,34.43595],[135.83598,34.43617],[135.83594,34.43794],[135.83419,34.43888],[135.83433,34.4395],[135.83273,34.4405],[135.83179,34.44174],[135.83114,34.44146],[135.83011,34.44237],[135.82966,34.44202],[135.82698,34.44411],[135.82621,34.44365],[135.82684,34.44452],[135.82658,34.44522],[135.82417,34.44486],[135.82078,34.44594],[135.82023,34.44482],[135.81883,34.44488],[135.81746,34.44415],[135.81635,34.44462],[135.81392,34.44269],[135.80832,34.4431],[135.80653,34.4441],[135.80622,34.44368],[135.80764,34.44331],[135.80723,34.44287],[135.80788,34.44217],[135.80699,34.44219],[135.80671,34.44303],[135.805,34.44325],[135.80447,34.44393],[135.80462,34.44451],[135.80385,34.44454],[135.80269,34.44551],[135.80332,34.44687],[135.80275,34.44829],[135.80207,34.44874],[135.80357,34.45328],[135.80254,34.45418],[135.80152,34.45409],[135.80151,34.45453]]]}},{"type":"Feature","properties":{"id":"muni-29424","name":"上牧町"},"geometry":{"type":"Polygon","coordinates":[[[135.70565,34.55027],[135.70557,34.5616],[135.70412,34.56448],[135.70564,34.56553],[135.70536,34.56625],[135.70638,34.56674],[135.70598,34.56734],[135.70693,34.56772],[135.7069,34.56826],[135.70659,34.56976],[135.70505,34.56935],[135.704,34.56997],[135.70557,34.57704],[135.70982,34.57883],[135.7103,34.58077],[135.71215,34.58115],[135.71178,34.58166],[135.71268,34.58299],[135.71305,34.5823],[135.7174,34.58233],[135.71741,34.58142],[135.719,34.58143],[135.71902,34.57975],[135.72218,34.57765],[135.72719,34.57729],[135.72721,34.57353],[135.72553,34.57327],[135.72524,34.57028],[135.72699,34.56921],[135.72779,34.5671],[135.72902,34.56587],[135.72774,34.56423],[135.72614,34.56106],[135.72622,34.56032],[135.72556,34.55968],[135.72538,34.5585],[135.726,34.55561],[135.7235,34.55482],[135.72338,34.55428],[135.72148,34.55427],[135.72027,34.55334],[135.72039,34.55263],[135.71996,34.55169],[135.71919,34.55163],[135.71933,34.55109],[135.71582,34.55198],[135.71338,34.5492],[135.71155,34.54849],[135.7108,34.54887],[135.70606,34.54832],[135.70565,34.55027]]]}},{"type":"Feature","properties":{"id":"muni-29425","name":"王寺町"},"geometry":{"type":"Polygon","coordinates":[[[135.68228,34.58543],[135.68852,34.58795],[135.6898,34.58944],[135.69416,34.59111],[135.6964,34.59256],[135.69657,34.59335],[135.69492,34.59514],[135.69479,34.59656],[135.69564,34.59867],[135.69749,34.60031],[135.69893,34.60093],[135.70766,34.60077],[135.71131,34.59673],[135.71396,34.59527],[135.7162,34.59484],[135.71643,34.59415],[135.71563,34.59317],[135.71563,34.59016],[135.7133,34.59053],[135.71326,34.58976],[135.71251,34.58985],[135.71214,34.58914],[135.71204,34.59],[135.71081,34.59088],[135.71089,34.58931],[135.70944,34.58875],[135.70895,34.58596],[135.70942,34.58343],[135.71039,34.58259],[135.71212,34.58264],[135.71213,34.58172],[135.71177,34.58165],[135.71215,34.58115],[135.71073,34.58116],[135.70982,34.57883],[135.70557,34.57704],[135.70486,34.57381],[135.70298,34.57369],[135.70185,34.57388],[135.7018,34.57454],[135.70029,34.57445],[135.70007,34.57384],[135.69885,34.57355],[135.69833,34.57289],[135.69756,34.57328],[135.69625,34.57237],[135.69457,34.57202],[135.6928,34.57245],[135.69021,34.57522],[135.68832,34.57464],[135.6884,34.57426],[135.68654,34.5751],[135.6861,34.57577],[135.68459,34.57572],[135.68283,34.57475],[135.68076,34.57544],[135.68125,34.57392],[135.68099,34.57307],[135.68145,34.57267],[135.67934,34.57265],[135.67886,34.5735],[135.67731,34.57332],[135.67615,34.5729],[135.67634,34.57149],[135.67465,34.57057],[135.67304,34.57066],[135.67358,34.57169],[135.6726,34.57322],[135.67338,34.57307],[135.67342,34.57449],[135.67032,34.57552],[135.67368,34.57803],[135.67095,34.5784],[135.67163,34.57978],[135.67316,34.58],[135.67532,34.57954],[135.68059,34.58219],[135.68228,34.58543]]]}},{"type":"Feature","properties":{"id":"muni-29426","name":"広陵町"},"geometry":{"type":"Polygon","coordinates":[[[135.73023,34.52927],[135.73071,34.53091],[135.72965,34.53138],[135.72872,34.53121],[135.72936,34.53211],[135.72916,34.53265],[135.72704,34.5329],[135.72739,34.53447],[135.72964,34.53698],[135.72561,34.53944],[135.72786,34.54448],[135.72068,34.54685],[135.7204,34.55115],[135.71987,34.55203],[135.72039,34.55263],[135.72027,34.55334],[135.72148,34.55427],[135.72338,34.55428],[135.7235,34.55482],[135.72569,34.55562],[135.72719,34.55529],[135.72926,34.55751],[135.72956,34.55678],[135.73113,34.55638],[135.7319,34.55674],[135.7309,34.55775],[135.7321,34.55814],[135.73942,34.55792],[135.74052,34.55857],[135.74014,34.55916],[135.74187,34.5601],[135.74151,34.56048],[135.74168,34.561],[135.74309,34.56196],[135.73968,34.56155],[135.73926,34.56089],[135.73957,34.56069],[135.7387,34.55987],[135.73887,34.55805],[135.73825,34.55923],[135.73756,34.55871],[135.73792,34.55987],[135.73696,34.55927],[135.73739,34.56028],[135.73605,34.56061],[135.73657,34.56151],[135.7375,34.56082],[135.73817,34.56113],[135.73849,34.56167],[135.73774,34.56227],[135.73925,34.56212],[135.73862,34.563],[135.73707,34.56282],[135.73636,34.56353],[135.73813,34.56347],[135.73783,34.56443],[135.73819,34.56533],[135.73873,34.56338],[135.74038,34.5629],[135.74114,34.56319],[135.74148,34.56393],[135.74078,34.56522],[135.73823,34.56562],[135.73692,34.56809],[135.7359,34.56802],[135.73648,34.56872],[135.73562,34.56887],[135.73598,34.56964],[135.73521,34.56987],[135.73586,34.5702],[135.73763,34.56954],[135.73754,34.572],[135.73893,34.57282],[135.7386,34.57341],[135.73937,34.57501],[135.73817,34.57545],[135.73909,34.57577],[135.73843,34.57628],[135.73885,34.57682],[135.73792,34.57682],[135.73785,34.57731],[135.73892,34.57761],[135.73944,34.57692],[135.74075,34.57738],[135.74047,34.57773],[135.74185,34.57779],[135.74327,34.57853],[135.74537,34.57784],[135.7506,34.5778],[135.75267,34.57823],[135.75881,34.57449],[135.76128,34.57389],[135.76253,34.57283],[135.76354,34.57287],[135.7635,34.57203],[135.76283,34.57199],[135.76315,34.57108],[135.76233,34.57136],[135.76148,34.57032],[135.76148,34.56935],[135.76294,34.56747],[135.76418,34.56751],[135.76423,34.56717],[135.76343,34.56402],[135.7634,34.56149],[135.76255,34.56127],[135.76351,34.55879],[135.76259,34.55633],[135.7624,34.5534],[135.76412,34.55209],[135.7653,34.54845],[135.76676,34.54726],[135.76644,34.54648],[135.765,34.54598],[135.76505,34.54539],[135.76589,34.54513],[135.76731,34.54564],[135.76823,34.54503],[135.76738,34.54186],[135.76842,34.53973],[135.76672,34.53854],[135.76706,34.53805],[135.76597,34.53806],[135.76621,34.53744],[135.76806,34.53763],[135.76977,34.53537],[135.76761,34.53415],[135.76791,34.53112],[135.76719,34.53088],[135.76614,34.52951],[135.76335,34.52946],[135.76332,34.53043],[135.76087,34.53046],[135.76085,34.53151],[135.75975,34.53153],[135.75976,34.53236],[135.75058,34.5322],[135.7503,34.53028],[135.74561,34.53029],[135.74548,34.52816],[135.74412,34.52821],[135.7441,34.52922],[135.74098,34.52918],[135.74085,34.52825],[135.73842,34.52812],[135.73843,34.52711],[135.73583,34.52704],[135.73565,34.52913],[135.73356,34.52907],[135.73276,34.5299],[135.73247,34.52935],[135.73337,34.52864],[135.73249,34.52867],[135.7321,34.52761],[135.73117,34.52772],[135.73023,34.52927]]]}},{"type":"Feature","properties":{"id":"muni-29427","name":"河合町"},"geometry":{"type":"Polygon","coordinates":[[[135.72538,34.5585],[135.72774,34.56423],[135.72902,34.56587],[135.72779,34.5671],[135.72699,34.56921],[135.72524,34.57028],[135.72553,34.57327],[135.72721,34.57353],[135.72719,34.57729],[135.72218,34.57765],[135.71902,34.57975],[135.719,34.58143],[135.71741,34.58142],[135.7174,34.58233],[135.71305,34.5823],[135.71268,34.58299],[135.71122,34.58242],[135.7096,34.58293],[135.70897,34.5858],[135.70911,34.58742],[135.70944,34.58875],[135.71089,34.58931],[135.71081,34.59088],[135.71204,34.59],[135.71214,34.58914],[135.71251,34.58985],[135.71326,34.58976],[135.7133,34.59053],[135.71563,34.59016],[135.71536,34.5918],[135.71563,34.59317],[135.71643,34.59415],[135.7162,34.59484],[135.71761,34.5948],[135.72085,34.59592],[135.72193,34.59577],[135.72277,34.59476],[135.72317,34.59241],[135.72378,34.59159],[135.72576,34.59081],[135.73364,34.59154],[135.74133,34.59328],[135.74529,34.59271],[135.74894,34.59304],[135.75132,34.59207],[135.7499,34.5913],[135.75129,34.58663],[135.75048,34.58169],[135.75104,34.58032],[135.75169,34.58],[135.75323,34.58067],[135.75362,34.57971],[135.75337,34.57878],[135.75254,34.57815],[135.75071,34.57781],[135.74537,34.57784],[135.74327,34.57853],[135.74185,34.57779],[135.74047,34.57773],[135.74075,34.57738],[135.73944,34.57692],[135.73892,34.57761],[135.73797,34.57737],[135.73792,34.57682],[135.73885,34.57682],[135.73843,34.57628],[135.73909,34.57577],[135.73817,34.57545],[135.73937,34.57501],[135.7386,34.57341],[135.73893,34.57282],[135.73754,34.572],[135.73763,34.56954],[135.73586,34.5702],[135.73521,34.56987],[135.73598,34.56964],[135.73562,34.56887],[135.73648,34.56872],[135.7359,34.56802],[135.73692,34.56809],[135.73823,34.56562],[135.74078,34.56522],[135.74148,34.56395],[135.74114,34.56319],[135.74038,34.5629],[135.73873,34.56338],[135.73821,34.56534],[135.73783,34.56443],[135.73813,34.56347],[135.73636,34.56355],[135.73707,34.56282],[135.73862,34.563],[135.73925,34.56228],[135.73773,34.56226],[135.7385,34.56162],[135.7377,34.5608],[135.73656,34.5615],[135.73604,34.56064],[135.73739,34.56028],[135.73693,34.5593],[135.73787,34.55991],[135.73756,34.55871],[135.73825,34.55923],[135.73887,34.55805],[135.7387,34.55987],[135.73957,34.56069],[135.73926,34.56089],[135.73957,34.56147],[135.74309,34.56196],[135.74168,34.561],[135.74187,34.5601],[135.74014,34.55916],[135.74052,34.55857],[135.73942,34.55792],[135.7321,34.55814],[135.7309,34.55775],[135.7319,34.55674],[135.73113,34.55638],[135.72956,34.55678],[135.72926,34.55751],[135.72705,34.55527],[135.72595,34.5558],[135.72538,34.5585]]]}},{"type":"Feature","properties":{"id":"muni-29441","name":"吉野町"},"geometry":{"type":"Polygon","coordinates":[[[135.86227,34.35489],[135.85203,34.35654],[135.85196,34.35784],[135.85138,34.35812],[135.84917,34.35742],[135.84673,34.36063],[135.84521,34.36157],[135.8444,34.36148],[135.84324,34.36009],[135.84166,34.36084],[135.84068,34.36239],[135.8379,34.36352],[135.83718,34.36465],[135.83808,34.36769],[135.83528,34.36619],[135.83163,34.3664],[135.8301,34.36705],[135.82929,34.36852],[135.82686,34.36963],[135.8253,34.37138],[135.82175,34.37289],[135.81984,34.37638],[135.82012,34.3782],[135.81907,34.38012],[135.81912,34.38365],[135.81783,34.38708],[135.83475,34.39171],[135.84328,34.39334],[135.843,34.3951],[135.84373,34.39575],[135.84367,34.39646],[135.84463,34.39683],[135.84461,34.39923],[135.84545,34.40055],[135.84674,34.40105],[135.84891,34.40002],[135.84987,34.39895],[135.85337,34.39904],[135.8558,34.40091],[135.85579,34.40216],[135.85674,34.40344],[135.8566,34.40422],[135.85784,34.40604],[135.85823,34.4086],[135.85792,34.40961],[135.85836,34.41029],[135.85742,34.41179],[135.85827,34.41547],[135.85673,34.4179],[135.85299,34.41941],[135.85257,34.42046],[135.85093,34.42126],[135.85081,34.4218],[135.85202,34.42397],[135.84764,34.42633],[135.84772,34.42721],[135.84672,34.42901],[135.84747,34.42899],[135.84905,34.43086],[135.84902,34.43166],[135.85043,34.43276],[135.85524,34.43453],[135.85468,34.43513],[135.85475,34.43586],[135.85733,34.43752],[135.85825,34.44054],[135.85944,34.44092],[135.86026,34.44195],[135.86116,34.44236],[135.86164,34.44192],[135.86342,34.442],[135.86514,34.44318],[135.86625,34.44299],[135.87085,34.44458],[135.87256,34.44403],[135.87474,34.44439],[135.87577,34.44719],[135.87952,34.45113],[135.88115,34.45108],[135.88349,34.45205],[135.88413,34.45182],[135.88614,34.45318],[135.88753,34.45327],[135.88803,34.45223],[135.88997,34.45121],[135.89265,34.44712],[135.89651,34.44728],[135.89708,34.44642],[135.89705,34.44298],[135.89828,34.44214],[135.9003,34.44399],[135.90211,34.44382],[135.90376,34.44451],[135.90598,34.44636],[135.90645,34.44787],[135.90876,34.44762],[135.91106,34.4466],[135.91314,34.44661],[135.91402,34.44577],[135.91672,34.4456],[135.92079,34.44419],[135.92235,34.44289],[135.92263,34.44221],[135.9222,34.44159],[135.92358,34.44108],[135.92474,34.43984],[135.92527,34.43672],[135.93134,34.43436],[135.93302,34.43246],[135.93409,34.43202],[135.93356,34.4312],[135.93359,34.43],[135.93889,34.42748],[135.94493,34.42715],[135.94555,34.42817],[135.94493,34.42877],[135.94474,34.43178],[135.94576,34.43285],[135.94607,34.43442],[135.94809,34.43555],[135.94929,34.43554],[135.95142,34.43421],[135.95303,34.43159],[135.95502,34.43063],[135.95799,34.43204],[135.95789,34.43333],[135.95958,34.43458],[135.95975,34.43638],[135.96287,34.43581],[135.96339,34.43525],[135.96539,34.4359],[135.96551,34.43683],[135.96763,34.43687],[135.9681,34.43764],[135.9697,34.43738],[135.9711,34.43808],[135.97513,34.43753],[135.9757,34.43648],[135.9754,34.43586],[135.97661,34.43386],[135.97864,34.43297],[135.97938,34.43179],[135.97955,34.42886],[135.97623,34.42562],[135.97621,34.42469],[135.97498,34.4247],[135.97329,34.42315],[135.97028,34.42291],[135.96825,34.42339],[135.96822,34.41966],[135.9653,34.41949],[135.96196,34.41839],[135.96078,34.41593],[135.95847,34.41469],[135.95742,34.4135],[135.95681,34.41222],[135.95752,34.41076],[135.95963,34.41],[135.95944,34.40697],[135.95993,34.40645],[135.95931,34.40567],[135.95706,34.40439],[135.95665,34.40497],[135.95599,34.40469],[135.95534,34.40536],[135.95383,34.40534],[135.9518,34.40387],[135.94986,34.40349],[135.95007,34.40255],[135.94779,34.40257],[135.94648,34.40097],[135.94521,34.40052],[135.94325,34.39878],[135.94199,34.39913],[135.94104,34.39869],[135.94102,34.39813],[135.93914,34.39748],[135.93875,34.39365],[135.93783,34.39238],[135.93721,34.39222],[135.93749,34.38923],[135.94204,34.38589],[135.94169,34.38059],[135.93859,34.37936],[135.93646,34.37738],[135.93706,34.37502],[135.93507,34.37548],[135.93455,34.37254],[135.93368,34.37219],[135.93307,34.37127],[135.93328,34.36941],[135.93188,34.3693],[135.93039,34.3703],[135.93007,34.37114],[135.92635,34.37226],[135.92585,34.37358],[135.92679,34.37533],[135.92162,34.37598],[135.9213,34.37378],[135.92172,34.37174],[135.92367,34.36809],[135.92606,34.36682],[135.9253,34.36488],[135.9231,34.36618],[135.92153,34.36588],[135.9206,34.3662],[135.91871,34.36588],[135.91732,34.36495],[135.91622,34.36505],[135.91532,34.36432],[135.91433,34.36436],[135.91249,34.36345],[135.91164,34.36205],[135.91134,34.36027],[135.91006,34.35928],[135.91012,34.35801],[135.90627,34.35597],[135.90518,34.35417],[135.90106,34.35292],[135.89882,34.35082],[135.896,34.34957],[135.89519,34.34655],[135.89159,34.34414],[135.89042,34.3428],[135.88787,34.34141],[135.88832,34.34009],[135.8826,34.33707],[135.88176,34.33551],[135.88139,34.33261],[135.87887,34.3325],[135.87642,34.33436],[135.87746,34.33576],[135.87709,34.33734],[135.87744,34.3396],[135.87543,34.34204],[135.87298,34.34214],[135.86911,34.3436],[135.86794,34.34665],[135.86774,34.34892],[135.8682,34.34955],[135.87072,34.35033],[135.87029,34.35134],[135.86891,34.35213],[135.86843,34.35324],[135.86531,34.35443],[135.8634,34.35429],[135.86227,34.35489]]]}},{"type":"Feature","properties":{"id":"muni-29442","name":"大淀町"},"geometry":{"type":"Polygon","coordinates":[[[135.78326,34.38261],[135.78175,34.38334],[135.77902,34.38331],[135.77156,34.37972],[135.76389,34.37766],[135.75915,34.37689],[135.75782,34.379],[135.75662,34.37957],[135.75562,34.38196],[135.75638,34.38334],[135.75683,34.38605],[135.75498,34.3859],[135.75462,34.38641],[135.75527,34.38704],[135.75402,34.38689],[135.75333,34.38791],[135.75168,34.38859],[135.75041,34.38851],[135.74702,34.38957],[135.74545,34.38894],[135.7446,34.38918],[135.74451,34.38866],[135.74297,34.38917],[135.74438,34.39131],[135.74392,34.39225],[135.74443,34.39324],[135.74286,34.39415],[135.74305,34.39569],[135.74234,34.39637],[135.74143,34.39627],[135.74171,34.39798],[135.74108,34.4001],[135.73919,34.40145],[135.74001,34.40451],[135.74132,34.40493],[135.74263,34.40785],[135.74494,34.40771],[135.74815,34.4063],[135.74863,34.4064],[135.74932,34.4082],[135.75149,34.40833],[135.75081,34.41013],[135.74981,34.4108],[135.75011,34.41169],[135.74914,34.4129],[135.7494,34.41413],[135.7533,34.41405],[135.75587,34.41276],[135.75777,34.41446],[135.7581,34.41608],[135.76043,34.41698],[135.76079,34.41843],[135.76183,34.41944],[135.76654,34.41986],[135.76832,34.42116],[135.76999,34.4211],[135.77132,34.41912],[135.77243,34.41876],[135.77263,34.41785],[135.77704,34.41872],[135.77775,34.41768],[135.77893,34.41786],[135.77997,34.41741],[135.782,34.41775],[135.78284,34.41882],[135.78325,34.42042],[135.78625,34.4195],[135.78737,34.41994],[135.78811,34.4216],[135.79179,34.41902],[135.79517,34.41875],[135.7974,34.41905],[135.79826,34.42035],[135.79958,34.42083],[135.80041,34.42036],[135.80294,34.42191],[135.80396,34.42186],[135.80401,34.4211],[135.8059,34.42118],[135.80798,34.42237],[135.81014,34.42192],[135.81181,34.4228],[135.81245,34.42254],[135.81297,34.42142],[135.8119,34.41854],[135.812,34.41642],[135.81472,34.41405],[135.81494,34.41303],[135.81633,34.4122],[135.81767,34.4125],[135.81847,34.41345],[135.81969,34.41384],[135.82027,34.41476],[135.82225,34.4154],[135.82336,34.41764],[135.82508,34.41833],[135.82545,34.41883],[135.8249,34.42056],[135.82516,34.42273],[135.82743,34.42369],[135.82782,34.42482],[135.82953,34.42639],[135.83224,34.42676],[135.83522,34.42612],[135.83627,34.42652],[135.83757,34.42599],[135.83856,34.42487],[135.83901,34.42542],[135.84272,34.4246],[135.84461,34.42808],[135.84586,34.42801],[135.84668,34.42903],[135.84772,34.42721],[135.84764,34.42633],[135.85202,34.42397],[135.85081,34.4218],[135.85093,34.42126],[135.85257,34.42046],[135.85299,34.41941],[135.85673,34.4179],[135.85827,34.41547],[135.85742,34.41179],[135.85836,34.41029],[135.85792,34.40961],[135.85823,34.4086],[135.85784,34.40604],[135.8566,34.40422],[135.85674,34.40344],[135.85579,34.40216],[135.8558,34.40091],[135.85319,34.39903],[135.84987,34.39895],[135.84711,34.401],[135.84545,34.40055],[135.84461,34.39923],[135.84463,34.39683],[135.84367,34.39646],[135.84373,34.39575],[135.843,34.3951],[135.84328,34.39334],[135.83475,34.39171],[135.81311,34.38577],[135.80025,34.38506],[135.79602,34.38432],[135.79188,34.38101],[135.78718,34.37922],[135.78591,34.3798],[135.78326,34.38261]]]}},{"type":"Feature","properties":{"id":"muni-29443","name":"下市町"},"geometry":{"type":"Polygon","coordinates":[[[135.79783,34.28407],[135.79558,34.28331],[135.79331,34.28321],[135.78926,34.28461],[135.78343,34.28529],[135.78161,34.28614],[135.78099,34.28724],[135.77949,34.28831],[135.77694,34.28811],[135.77642,34.28872],[135.77462,34.28926],[135.774,34.29022],[135.77511,34.29144],[135.7751,34.29255],[135.77574,34.29342],[135.77529,34.29426],[135.77515,34.29758],[135.77569,34.29913],[135.77647,34.2998],[135.77662,34.30113],[135.7761,34.3021],[135.77651,34.303],[135.77857,34.30455],[135.77906,34.30721],[135.77974,34.3079],[135.77573,34.31306],[135.77751,34.31383],[135.77794,34.3159],[135.77979,34.31762],[135.7788,34.32269],[135.7799,34.32417],[135.77969,34.32495],[135.77625,34.32571],[135.77511,34.32661],[135.77395,34.32626],[135.77244,34.32683],[135.77007,34.32631],[135.76951,34.33069],[135.76787,34.33338],[135.76892,34.33429],[135.76878,34.33629],[135.76944,34.33774],[135.77026,34.33786],[135.77012,34.33878],[135.77141,34.33947],[135.77111,34.34167],[135.77008,34.34237],[135.7697,34.3435],[135.7722,34.34231],[135.77205,34.3434],[135.77263,34.34466],[135.77091,34.3493],[135.77195,34.35093],[135.77182,34.3535],[135.77079,34.35458],[135.7708,34.35539],[135.76911,34.35802],[135.76812,34.35868],[135.76799,34.36051],[135.7684,34.36209],[135.77016,34.36305],[135.77093,34.36592],[135.77246,34.36689],[135.77172,34.36743],[135.77143,34.37076],[135.77069,34.37276],[135.77185,34.37266],[135.77251,34.37373],[135.77332,34.37373],[135.77408,34.37456],[135.77336,34.37681],[135.7695,34.37714],[135.7697,34.37943],[135.77197,34.37986],[135.77902,34.38331],[135.78165,34.38335],[135.78378,34.38234],[135.78549,34.38017],[135.78718,34.37922],[135.79188,34.38101],[135.79602,34.38432],[135.80025,34.38506],[135.81251,34.38567],[135.81783,34.38708],[135.81912,34.38365],[135.81907,34.38012],[135.82012,34.3782],[135.81984,34.37638],[135.82049,34.37479],[135.82134,34.37415],[135.82146,34.37316],[135.8253,34.37138],[135.82686,34.36963],[135.82929,34.36852],[135.8301,34.36705],[135.83306,34.36614],[135.83528,34.36619],[135.83809,34.3677],[135.83721,34.36452],[135.8379,34.36352],[135.84103,34.36215],[135.84195,34.36065],[135.84355,34.36007],[135.84413,34.36124],[135.84491,34.36166],[135.84673,34.36063],[135.84917,34.35742],[135.85138,34.35812],[135.85196,34.35784],[135.85203,34.35654],[135.85298,34.35613],[135.85497,34.3562],[135.86227,34.35489],[135.8634,34.35429],[135.86531,34.35443],[135.86805,34.35349],[135.869,34.35202],[135.87029,34.35134],[135.87071,34.35029],[135.86787,34.3493],[135.86804,34.34587],[135.86509,34.34581],[135.8659,34.34542],[135.86646,34.3443],[135.86238,34.34331],[135.85906,34.34153],[135.85833,34.33975],[135.85916,34.33915],[135.85823,34.33613],[135.85526,34.33422],[135.85494,34.33323],[135.85323,34.33149],[135.85266,34.32982],[135.8514,34.32999],[135.85057,34.33116],[135.84773,34.33071],[135.84053,34.33246],[135.83536,34.33178],[135.83156,34.33025],[135.83096,34.32737],[135.82847,34.32526],[135.82433,34.32341],[135.822,34.32319],[135.82133,34.32185],[135.82059,34.3216],[135.82117,34.32],[135.82079,34.31889],[135.81765,34.31552],[135.81795,34.31416],[135.81497,34.31197],[135.8159,34.3102],[135.81603,34.30858],[135.81725,34.30841],[135.81892,34.30743],[135.8192,34.30679],[135.82203,34.3059],[135.82408,34.30455],[135.82147,34.30179],[135.82159,34.29982],[135.82049,34.29858],[135.82076,34.29726],[135.82002,34.2958],[135.82051,34.29427],[135.82035,34.292],[135.82284,34.2884],[135.82223,34.28676],[135.8223,34.2848],[135.82313,34.28288],[135.82331,34.28061],[135.82225,34.27991],[135.82099,34.28066],[135.81393,34.28259],[135.81311,34.28214],[135.81082,34.28219],[135.80945,34.28267],[135.80695,34.28513],[135.80609,34.28538],[135.80333,34.28381],[135.80056,34.28303],[135.79783,34.28407]]]}},{"type":"Feature","properties":{"id":"muni-29444","name":"黒滝村"},"geometry":{"type":"Polygon","coordinates":[[[135.82115,34.31994],[135.82056,34.32152],[135.82133,34.32185],[135.82185,34.32309],[135.82433,34.32341],[135.82847,34.32526],[135.83096,34.32737],[135.83156,34.33025],[135.83514,34.33172],[135.84053,34.33246],[135.84773,34.33071],[135.85057,34.33116],[135.8514,34.32999],[135.85266,34.32982],[135.85323,34.33149],[135.85494,34.33323],[135.85526,34.33422],[135.85823,34.33613],[135.85916,34.33915],[135.85833,34.33975],[135.85906,34.34153],[135.86238,34.34331],[135.86646,34.3443],[135.8659,34.34542],[135.86509,34.34581],[135.86722,34.34565],[135.86812,34.34612],[135.86932,34.34329],[135.87566,34.34182],[135.87744,34.3396],[135.87709,34.33734],[135.87746,34.33576],[135.87642,34.33436],[135.87917,34.33242],[135.88159,34.33274],[135.88176,34.33551],[135.8831,34.33756],[135.88835,34.34009],[135.8899,34.33799],[135.89023,34.33661],[135.89317,34.33451],[135.89802,34.33335],[135.90351,34.33061],[135.90468,34.32894],[135.90463,34.32669],[135.90604,34.32319],[135.90753,34.32272],[135.90984,34.32093],[135.91083,34.31741],[135.91185,34.31655],[135.9129,34.31406],[135.91188,34.31311],[135.91112,34.31116],[135.9127,34.30788],[135.91191,34.3065],[135.91343,34.30188],[135.91305,34.29855],[135.9139,34.29699],[135.91389,34.29552],[135.91446,34.29438],[135.91635,34.29242],[135.91669,34.2891],[135.91529,34.28545],[135.91439,34.28455],[135.91288,34.2863],[135.91026,34.28728],[135.90789,34.28934],[135.90495,34.29028],[135.90182,34.29245],[135.90077,34.29185],[135.89795,34.29186],[135.89265,34.28854],[135.88961,34.28874],[135.88698,34.28998],[135.88557,34.28932],[135.88453,34.28942],[135.88356,34.28867],[135.88198,34.28907],[135.8804,34.2884],[135.87403,34.28759],[135.87199,34.28617],[135.8702,34.28387],[135.86599,34.2843],[135.86389,34.28349],[135.85618,34.28343],[135.85285,34.28224],[135.85351,34.27988],[135.85241,34.27836],[135.85261,34.27719],[135.85149,34.27551],[135.85151,34.27474],[135.85083,34.27426],[135.84776,34.27409],[135.84738,34.27363],[135.8458,34.27375],[135.84472,34.27098],[135.84335,34.26992],[135.84103,34.27141],[135.84016,34.27258],[135.83629,34.27453],[135.83213,34.27382],[135.83107,34.27455],[135.82895,34.27491],[135.82655,34.27424],[135.82353,34.27669],[135.82158,34.27728],[135.82225,34.27991],[135.82345,34.2808],[135.8223,34.2848],[135.82223,34.28676],[135.82288,34.2882],[135.82135,34.29012],[135.82015,34.29327],[135.82051,34.29427],[135.82002,34.2958],[135.82076,34.29726],[135.82049,34.29858],[135.82159,34.29982],[135.82147,34.30179],[135.82408,34.30455],[135.82203,34.3059],[135.8192,34.30679],[135.81892,34.30743],[135.81725,34.30841],[135.81603,34.30858],[135.8159,34.3102],[135.81497,34.31197],[135.81795,34.31416],[135.81765,34.31552],[135.81999,34.3177],[135.82115,34.31994]]]}},{"type":"Feature","properties":{"id":"muni-29446","name":"天川村"},"geometry":{"type":"Polygon","coordinates":[[[135.81458,34.18488],[135.81192,34.18362],[135.80942,34.18346],[135.8088,34.18247],[135.80793,34.18211],[135.80515,34.18194],[135.80402,34.18064],[135.80386,34.17908],[135.80295,34.1783],[135.80043,34.17762],[135.79928,34.17665],[135.79557,34.17574],[135.79451,34.17618],[135.7924,34.17978],[135.78553,34.18348],[135.78315,34.18316],[135.78153,34.18386],[135.77883,34.18375],[135.77741,34.18472],[135.77498,34.18523],[135.77266,34.18429],[135.77018,34.18518],[135.76752,34.18435],[135.76686,34.18494],[135.76531,34.18518],[135.76256,34.18724],[135.76092,34.18788],[135.76099,34.18877],[135.75915,34.19199],[135.75725,34.19166],[135.75554,34.19199],[135.75318,34.19119],[135.75137,34.19305],[135.74609,34.19534],[135.74578,34.19731],[135.74689,34.19918],[135.74686,34.19995],[135.74461,34.20351],[135.74418,34.20583],[135.74608,34.21049],[135.74296,34.2103],[135.74295,34.21079],[135.74745,34.21297],[135.74975,34.21648],[135.75049,34.21683],[135.75176,34.22035],[135.75183,34.2225],[135.75099,34.22487],[135.74937,34.22671],[135.74836,34.23219],[135.75047,34.23376],[135.75568,34.23422],[135.75676,34.23531],[135.76093,34.23639],[135.76319,34.23787],[135.7654,34.23791],[135.76779,34.2395],[135.77339,34.24131],[135.77462,34.24097],[135.77909,34.24123],[135.78004,34.24038],[135.78072,34.2406],[135.78619,34.23885],[135.78631,34.2375],[135.7871,34.23647],[135.78711,34.23499],[135.79038,34.23158],[135.79194,34.23177],[135.79388,34.23331],[135.79616,34.23405],[135.79717,34.23375],[135.79876,34.23439],[135.80211,34.23459],[135.80337,34.23416],[135.80484,34.23454],[135.80567,34.23593],[135.80852,34.23808],[135.80931,34.24026],[135.81645,34.24045],[135.8173,34.24231],[135.8196,34.24346],[135.81974,34.24406],[135.81926,34.24466],[135.81982,34.24587],[135.81838,34.24775],[135.81906,34.24926],[135.81891,34.25015],[135.81984,34.25075],[135.82053,34.25209],[135.82267,34.25306],[135.82801,34.25388],[135.8317,34.25825],[135.83606,34.26012],[135.83745,34.26008],[135.83817,34.26135],[135.84155,34.26361],[135.8432,34.26457],[135.8446,34.26448],[135.84517,34.26625],[135.84331,34.26931],[135.84335,34.26992],[135.84472,34.27098],[135.8458,34.27375],[135.84738,34.27363],[135.84776,34.27409],[135.85083,34.27426],[135.85151,34.27474],[135.85149,34.27551],[135.85261,34.27719],[135.85241,34.27836],[135.85351,34.27988],[135.85285,34.28224],[135.85618,34.28343],[135.86389,34.28349],[135.86599,34.2843],[135.8702,34.28387],[135.87199,34.28617],[135.87403,34.28759],[135.8804,34.2884],[135.88198,34.28907],[135.88356,34.28867],[135.88453,34.28942],[135.88557,34.28932],[135.88663,34.28993],[135.88961,34.28874],[135.89265,34.28854],[135.89795,34.29186],[135.90077,34.29185],[135.90182,34.29245],[135.90495,34.29028],[135.90789,34.28934],[135.91026,34.28728],[135.91288,34.2863],[135.91519,34.2835],[135.91761,34.28251],[135.9185,34.2815],[135.92111,34.28121],[135.92401,34.27926],[135.92657,34.27851],[135.92962,34.2789],[135.93229,34.27774],[135.9352,34.2783],[135.93743,34.27678],[135.93873,34.27519],[135.94037,34.27544],[135.94286,34.27479],[135.94962,34.27647],[135.95067,34.2776],[135.95203,34.27721],[135.95366,34.2775],[135.95668,34.27644],[135.95762,34.27563],[135.95907,34.2754],[135.95975,34.2747],[135.96298,34.27439],[135.9634,34.27372],[135.9625,34.27228],[135.95797,34.26859],[135.96018,34.26593],[135.96151,34.2672],[135.9643,34.26798],[135.96388,34.26687],[135.96437,34.26515],[135.96403,34.26401],[135.96485,34.26291],[135.96455,34.26185],[135.96518,34.25957],[135.96945,34.25794],[135.97289,34.25731],[135.97315,34.25654],[135.97181,34.25486],[135.97182,34.2529],[135.96978,34.24809],[135.97061,34.24645],[135.97028,34.24547],[135.96934,34.24413],[135.96717,34.24272],[135.96582,34.23965],[135.96492,34.23895],[135.96313,34.23557],[135.96388,34.2343],[135.96533,34.23379],[135.96421,34.23258],[135.96492,34.23195],[135.9648,34.23123],[135.96365,34.23081],[135.96326,34.22968],[135.96356,34.22929],[135.96283,34.22782],[135.95923,34.22591],[135.95571,34.22569],[135.95484,34.22302],[135.9535,34.22197],[135.95407,34.22138],[135.95513,34.21793],[135.95365,34.21625],[135.95352,34.21472],[135.95147,34.21054],[135.9489,34.20926],[135.94811,34.20739],[135.94692,34.20658],[135.9466,34.2057],[135.94482,34.20467],[135.94561,34.20299],[135.9456,34.20029],[135.94538,34.19821],[135.94405,34.19617],[135.94393,34.19513],[135.94427,34.1939],[135.9456,34.19225],[135.9459,34.18972],[135.94491,34.18741],[135.94273,34.18529],[135.94368,34.18189],[135.94299,34.18018],[135.9401,34.17933],[135.93867,34.18031],[135.9358,34.18051],[135.9338,34.17908],[135.93088,34.17852],[135.92869,34.17925],[135.92644,34.17885],[135.9231,34.17992],[135.92015,34.17914],[135.91682,34.1797],[135.91544,34.17948],[135.91433,34.17997],[135.91292,34.17966],[135.91121,34.17907],[135.91112,34.17677],[135.90964,34.17472],[135.90679,34.17343],[135.90609,34.17191],[135.90429,34.17109],[135.9034,34.17006],[135.89855,34.1738],[135.89599,34.17479],[135.89566,34.17574],[135.89463,34.17651],[135.89357,34.17926],[135.89198,34.18103],[135.89178,34.18362],[135.889,34.1849],[135.88585,34.18539],[135.88268,34.18431],[135.87782,34.18043],[135.87502,34.17994],[135.87385,34.17872],[135.86985,34.17834],[135.8674,34.17703],[135.86277,34.17598],[135.85846,34.17638],[135.85712,34.17969],[135.85634,34.18336],[135.85707,34.18395],[135.85665,34.1847],[135.85916,34.18718],[135.86114,34.19038],[135.86047,34.19115],[135.8578,34.19215],[135.85562,34.19393],[135.85443,34.19217],[135.85135,34.18973],[135.84775,34.18973],[135.8438,34.19065],[135.84164,34.19016],[135.84013,34.18919],[135.83734,34.18623],[135.83479,34.18671],[135.83039,34.18525],[135.82751,34.18497],[135.82581,34.18141],[135.8232,34.18169],[135.82158,34.18238],[135.82027,34.18219],[135.81458,34.18488]]]}},{"type":"Feature","properties":{"id":"muni-29447","name":"野迫川村"},"geometry":{"type":"Polygon","coordinates":[[[135.58188,34.07881],[135.5742,34.07843],[135.56732,34.07464],[135.5638,34.07366],[135.55721,34.07047],[135.55433,34.06943],[135.55277,34.0695],[135.55148,34.06858],[135.54834,34.06817],[135.54627,34.06891],[135.54462,34.07182],[135.54267,34.07197],[135.53971,34.07534],[135.54028,34.07737],[135.54262,34.07981],[135.54325,34.08167],[135.5487,34.08352],[135.55,34.08477],[135.54933,34.08614],[135.54995,34.08894],[135.54876,34.09672],[135.54635,34.09804],[135.54734,34.10028],[135.55029,34.10083],[135.55206,34.10236],[135.55386,34.10213],[135.5584,34.10348],[135.55711,34.10622],[135.55724,34.10838],[135.55847,34.10856],[135.56052,34.10989],[135.56189,34.10997],[135.56508,34.11262],[135.56615,34.11299],[135.57014,34.11292],[135.57206,34.11416],[135.57755,34.11516],[135.57878,34.11611],[135.57899,34.11795],[135.57987,34.1194],[135.57953,34.12008],[135.5802,34.12225],[135.58247,34.12841],[135.58471,34.13246],[135.58555,34.13764],[135.58498,34.1412],[135.58682,34.14215],[135.58812,34.14388],[135.58837,34.14693],[135.59076,34.14879],[135.59386,34.14893],[135.59608,34.1507],[135.599,34.15131],[135.60028,34.15263],[135.60413,34.1536],[135.60486,34.15442],[135.60759,34.15536],[135.60855,34.15499],[135.61016,34.15541],[135.61166,34.15521],[135.61529,34.15613],[135.61661,34.15575],[135.61869,34.1572],[135.62107,34.15828],[135.62186,34.15815],[135.62179,34.15962],[135.62276,34.16268],[135.62083,34.16428],[135.62062,34.16834],[135.62312,34.16931],[135.62386,34.17201],[135.62566,34.17223],[135.6258,34.17296],[135.6279,34.17467],[135.62857,34.17679],[135.63128,34.17749],[135.6333,34.17744],[135.63448,34.17863],[135.63666,34.17905],[135.63836,34.18137],[135.64187,34.1832],[135.64185,34.18432],[135.64342,34.18729],[135.64495,34.1884],[135.64503,34.19067],[135.64342,34.19073],[135.6412,34.19159],[135.64069,34.19311],[135.63959,34.19348],[135.63668,34.19617],[135.63573,34.19653],[135.63541,34.19746],[135.63416,34.19798],[135.63401,34.1989],[135.63552,34.20245],[135.63446,34.20457],[135.6365,34.20639],[135.64133,34.20944],[135.64056,34.21164],[135.64173,34.21417],[135.6434,34.21574],[135.64598,34.21626],[135.64797,34.21907],[135.64945,34.21886],[135.65084,34.2176],[135.6528,34.21671],[135.6542,34.2168],[135.6553,34.21624],[135.65882,34.21818],[135.66262,34.21842],[135.66479,34.2212],[135.66688,34.22288],[135.66749,34.22461],[135.66884,34.22482],[135.67246,34.22434],[135.67302,34.22344],[135.67467,34.22304],[135.67776,34.22355],[135.67883,34.22267],[135.68178,34.22157],[135.68242,34.2221],[135.68322,34.22199],[135.68586,34.22008],[135.6863,34.21824],[135.68774,34.21731],[135.69335,34.21744],[135.69398,34.2171],[135.69546,34.21548],[135.69675,34.21305],[135.69833,34.21164],[135.70182,34.21255],[135.70799,34.20826],[135.70981,34.20893],[135.71489,34.20652],[135.71189,34.20343],[135.71135,34.20198],[135.70974,34.20097],[135.70919,34.20006],[135.70787,34.19982],[135.70699,34.19854],[135.70585,34.19885],[135.70534,34.20124],[135.70451,34.20182],[135.70232,34.19727],[135.69952,34.19696],[135.6977,34.19577],[135.69753,34.19461],[135.69834,34.19424],[135.698,34.19326],[135.69823,34.19074],[135.69492,34.18914],[135.68997,34.18501],[135.69448,34.18138],[135.69863,34.18021],[135.69812,34.17854],[135.69877,34.17628],[135.69867,34.17486],[135.70746,34.17391],[135.70951,34.1703],[135.71041,34.16608],[135.71764,34.16316],[135.72334,34.16182],[135.72604,34.16194],[135.72795,34.16075],[135.72906,34.15807],[135.72987,34.15736],[135.73005,34.15578],[135.72836,34.15245],[135.72864,34.15135],[135.72634,34.14956],[135.72602,34.14842],[135.72713,34.14491],[135.72823,34.14394],[135.72849,34.14177],[135.72987,34.13948],[135.72955,34.13887],[135.72788,34.13884],[135.72474,34.13771],[135.72289,34.13794],[135.72091,34.13524],[135.71847,34.13415],[135.7175,34.1331],[135.71169,34.13195],[135.70833,34.13001],[135.707,34.12776],[135.70467,34.12541],[135.70457,34.12339],[135.70373,34.12242],[135.70196,34.12171],[135.70007,34.12018],[135.7,34.11539],[135.69929,34.11363],[135.69992,34.1124],[135.69643,34.11055],[135.69484,34.10895],[135.69578,34.10693],[135.69563,34.10398],[135.69342,34.1032],[135.69069,34.1007],[135.68766,34.10008],[135.68645,34.09878],[135.68595,34.09736],[135.68298,34.09493],[135.67913,34.09439],[135.67659,34.09485],[135.67386,34.09354],[135.67231,34.0935],[135.66947,34.09186],[135.6687,34.09067],[135.66749,34.09018],[135.667,34.08689],[135.66594,34.0849],[135.66418,34.08459],[135.66198,34.08339],[135.6595,34.08],[135.65562,34.07931],[135.65144,34.07721],[135.64618,34.07721],[135.64098,34.07579],[135.63895,34.07432],[135.63932,34.07252],[135.63725,34.0709],[135.6364,34.06916],[135.63259,34.06733],[135.62973,34.0666],[135.62661,34.06782],[135.62379,34.06552],[135.62184,34.06483],[135.61932,34.06522],[135.61774,34.06701],[135.61121,34.0695],[135.60979,34.07158],[135.60867,34.07179],[135.60308,34.07495],[135.60046,34.0755],[135.59914,34.07777],[135.59786,34.07881],[135.59342,34.07887],[135.59223,34.07792],[135.59068,34.07822],[135.58948,34.07785],[135.58422,34.07792],[135.58188,34.07881]]]}},{"type":"Feature","properties":{"id":"muni-29449","name":"十津川村"},"geometry":{"type":"Polygon","coordinates":[[[135.62219,33.95316],[135.62511,33.95101],[135.62532,33.95013],[135.62777,33.94951],[135.6298,33.94957],[135.63112,33.94903],[135.63712,33.95057],[135.63554,33.9567],[135.6356,33.9589],[135.63885,33.96172],[135.63889,33.96345],[135.64002,33.96517],[135.64017,33.9672],[135.63949,33.97079],[135.63968,33.97359],[135.63809,33.9748],[135.6375,33.97624],[135.63848,33.98009],[135.63814,33.98128],[135.63918,33.98271],[135.63863,33.98505],[135.63698,33.98784],[135.6368,33.98951],[135.63598,33.99095],[135.6347,33.99143],[135.63027,33.99127],[135.63008,33.99442],[135.62894,33.99786],[135.62778,33.9982],[135.62754,33.99892],[135.62606,33.99985],[135.62408,34.00033],[135.62337,34.00236],[135.62459,34.00333],[135.62523,34.00706],[135.62209,34.00959],[135.61682,34.00917],[135.61206,34.01017],[135.61088,34.01235],[135.60831,34.01357],[135.60544,34.01269],[135.59849,34.01236],[135.59586,34.01167],[135.59393,34.0129],[135.59144,34.01957],[135.59444,34.02227],[135.59571,34.02432],[135.59576,34.02567],[135.59488,34.02701],[135.59486,34.02791],[135.59659,34.03002],[135.59953,34.03201],[135.59888,34.03401],[135.59723,34.03604],[135.59594,34.03683],[135.59471,34.0394],[135.59496,34.04102],[135.59449,34.04415],[135.59156,34.04659],[135.58746,34.04715],[135.58672,34.04855],[135.58454,34.05004],[135.58389,34.0516],[135.58164,34.05423],[135.58167,34.05543],[135.58063,34.05626],[135.58043,34.0579],[135.5745,34.05881],[135.56688,34.05754],[135.56638,34.05862],[135.56475,34.06006],[135.56411,34.06232],[135.56315,34.06355],[135.5576,34.06381],[135.55243,34.06539],[135.55136,34.06758],[135.55131,34.06843],[135.55214,34.06923],[135.5545,34.06949],[135.56102,34.07207],[135.5638,34.07366],[135.56632,34.07419],[135.5742,34.07843],[135.58138,34.07895],[135.58422,34.07792],[135.58948,34.07785],[135.59068,34.07822],[135.59179,34.07785],[135.59342,34.07887],[135.59776,34.07882],[135.599,34.07794],[135.60046,34.0755],[135.60308,34.07495],[135.60867,34.07179],[135.60979,34.07158],[135.61121,34.0695],[135.61774,34.06701],[135.61932,34.06522],[135.62184,34.06483],[135.62379,34.06552],[135.62661,34.06782],[135.6295,34.06658],[135.63355,34.06773],[135.63646,34.06921],[135.63725,34.0709],[135.63932,34.07252],[135.63895,34.07432],[135.64098,34.07579],[135.64618,34.07721],[135.65144,34.07721],[135.65562,34.07931],[135.6595,34.08],[135.66178,34.08322],[135.66418,34.08459],[135.6664,34.08359],[135.66857,34.0836],[135.67022,34.08435],[135.6725,34.08428],[135.67633,34.08286],[135.67898,34.08398],[135.68251,34.08379],[135.68449,34.08507],[135.68638,34.08479],[135.68892,34.08338],[135.69039,34.08405],[135.69101,34.08498],[135.69752,34.08758],[135.70297,34.08608],[135.70583,34.08744],[135.70992,34.08859],[135.71144,34.0897],[135.71235,34.09393],[135.71358,34.09661],[135.71365,34.09924],[135.71827,34.10319],[135.72449,34.11043],[135.72456,34.11228],[135.72348,34.11453],[135.72352,34.11553],[135.72588,34.11673],[135.72598,34.11786],[135.73001,34.12021],[135.73085,34.12193],[135.72995,34.12341],[135.73376,34.1254],[135.7358,34.12873],[135.73769,34.13042],[135.74195,34.13221],[135.74244,34.13334],[135.74431,34.13526],[135.74538,34.13838],[135.74351,34.14267],[135.74354,34.14355],[135.74541,34.14507],[135.75186,34.14651],[135.75113,34.14976],[135.75114,34.15255],[135.75681,34.153],[135.75959,34.15273],[135.76724,34.15165],[135.77097,34.15059],[135.76953,34.14803],[135.77222,34.14744],[135.77586,34.14752],[135.7767,34.14643],[135.77777,34.14649],[135.78094,34.14256],[135.78193,34.13867],[135.78461,34.14227],[135.78823,34.13472],[135.78876,34.13418],[135.79099,34.13373],[135.79579,34.13571],[135.7992,34.13557],[135.80736,34.13871],[135.81228,34.13811],[135.82163,34.14027],[135.82369,34.14004],[135.82572,34.14162],[135.82722,34.14158],[135.82939,34.14275],[135.83263,34.1419],[135.83381,34.14106],[135.83842,34.14003],[135.84234,34.14165],[135.84764,34.13911],[135.85282,34.14356],[135.85431,34.14401],[135.85562,34.14525],[135.85974,34.14585],[135.86372,34.14933],[135.86518,34.14896],[135.87204,34.14975],[135.87678,34.15124],[135.87881,34.15072],[135.88205,34.15075],[135.88775,34.1486],[135.891,34.14635],[135.89159,34.14495],[135.89309,34.14414],[135.8937,34.14304],[135.89419,34.14396],[135.89607,34.1451],[135.89864,34.14539],[135.90024,34.14615],[135.9034,34.14453],[135.90529,34.14423],[135.90755,34.14002],[135.90894,34.13576],[135.91113,34.13467],[135.91313,34.13444],[135.91293,34.1331],[135.91404,34.13001],[135.914,34.12861],[135.91535,34.12643],[135.9151,34.12383],[135.91055,34.11987],[135.91014,34.11851],[135.90719,34.11722],[135.90341,34.1144],[135.90164,34.11372],[135.90243,34.10815],[135.90219,34.10593],[135.90321,34.10461],[135.90481,34.10361],[135.90459,34.10238],[135.90568,34.10125],[135.9065,34.09928],[135.90556,34.09773],[135.90559,34.0968],[135.90085,34.09397],[135.90072,34.09224],[135.90127,34.09136],[135.89939,34.08904],[135.89928,34.08783],[135.89818,34.086],[135.90034,34.08194],[135.90114,34.0781],[135.89912,34.07609],[135.8965,34.07537],[135.89558,34.07455],[135.8933,34.07199],[135.89278,34.0699],[135.8909,34.06715],[135.89257,34.06445],[135.8938,34.06411],[135.89534,34.0621],[135.89603,34.0594],[135.89692,34.0582],[135.89219,34.05189],[135.89327,34.04825],[135.89527,34.0469],[135.89538,34.04538],[135.8973,34.04135],[135.90077,34.03885],[135.9018,34.03733],[135.90355,34.03652],[135.90413,34.03546],[135.90617,34.03454],[135.90712,34.03471],[135.90819,34.03268],[135.91098,34.02958],[135.90979,34.02754],[135.90974,34.02448],[135.90604,34.022],[135.90277,34.02103],[135.90157,34.01972],[135.90237,34.01509],[135.90447,34.0128],[135.90447,34.01138],[135.90629,34.01024],[135.90648,34.00819],[135.90537,34.00635],[135.90494,34.0044],[135.90794,34.00219],[135.90853,33.99953],[135.90578,33.9976],[135.90548,33.99675],[135.90303,33.99448],[135.90309,33.99324],[135.90213,33.99188],[135.90265,33.99055],[135.90257,33.98693],[135.90114,33.98514],[135.89828,33.98287],[135.9037,33.97939],[135.9055,33.97755],[135.90843,33.97596],[135.91079,33.97581],[135.91243,33.97438],[135.91569,33.97262],[135.9151,33.9712],[135.91597,33.9678],[135.91497,33.96613],[135.91227,33.9642],[135.91005,33.96437],[135.90654,33.963],[135.90692,33.96247],[135.90659,33.96207],[135.90668,33.95841],[135.90455,33.9556],[135.90194,33.9539],[135.89698,33.95417],[135.89713,33.95268],[135.89362,33.95017],[135.89359,33.94938],[135.89474,33.9492],[135.89449,33.94853],[135.8936,33.94807],[135.89235,33.94563],[135.89312,33.94455],[135.89307,33.94298],[135.8924,33.94187],[135.89259,33.94084],[135.89347,33.9398],[135.89288,33.93908],[135.89459,33.93823],[135.89477,33.93632],[135.89533,33.9362],[135.89537,33.93562],[135.89792,33.93401],[135.89865,33.92901],[135.89823,33.92843],[135.89829,33.92699],[135.89898,33.92539],[135.90007,33.92467],[135.90275,33.92408],[135.90472,33.92555],[135.90879,33.9233],[135.90988,33.92215],[135.90899,33.91852],[135.906,33.91934],[135.90293,33.92097],[135.899,33.9216],[135.89508,33.92105],[135.8937,33.92005],[135.89465,33.91784],[135.89702,33.91537],[135.89778,33.91315],[135.89689,33.90846],[135.89455,33.90617],[135.88523,33.90695],[135.88232,33.90776],[135.88081,33.90927],[135.88133,33.91132],[135.88069,33.91163],[135.88007,33.913],[135.88214,33.91498],[135.88059,33.91762],[135.87906,33.91796],[135.87714,33.91721],[135.87659,33.91813],[135.87433,33.91824],[135.86706,33.92075],[135.86571,33.92214],[135.86543,33.92001],[135.86687,33.91771],[135.86718,33.91619],[135.86804,33.91585],[135.86901,33.91431],[135.86569,33.91116],[135.86471,33.90921],[135.86337,33.90806],[135.86292,33.90505],[135.86105,33.90431],[135.85892,33.90174],[135.85883,33.90091],[135.85963,33.90046],[135.86011,33.89888],[135.85847,33.89675],[135.85893,33.89394],[135.86038,33.89146],[135.8599,33.88874],[135.86125,33.8871],[135.86482,33.88915],[135.87168,33.88861],[135.87217,33.88674],[135.87473,33.88392],[135.87821,33.88404],[135.88034,33.88238],[135.88262,33.87891],[135.88192,33.87848],[135.88093,33.87604],[135.87844,33.87497],[135.87751,33.87385],[135.87476,33.8729],[135.87403,33.87063],[135.87324,33.87031],[135.87274,33.86818],[135.87396,33.86619],[135.87347,33.86551],[135.87473,33.86159],[135.87311,33.86129],[135.87294,33.85907],[135.87122,33.85912],[135.86921,33.85999],[135.86679,33.86006],[135.86408,33.86207],[135.86201,33.86282],[135.86076,33.86565],[135.86191,33.86759],[135.86208,33.87653],[135.86041,33.87628],[135.85923,33.87558],[135.85795,33.87303],[135.85577,33.8754],[135.85343,33.87676],[135.85222,33.88187],[135.85356,33.88299],[135.85348,33.88427],[135.85433,33.8849],[135.85445,33.88645],[135.85538,33.8877],[135.8521,33.89046],[135.85223,33.89307],[135.85156,33.89432],[135.84975,33.89458],[135.84703,33.89666],[135.84466,33.89657],[135.84226,33.89712],[135.83941,33.89682],[135.83751,33.8955],[135.83654,33.89546],[135.83064,33.89755],[135.82802,33.89951],[135.82091,33.90298],[135.81912,33.90318],[135.81725,33.90516],[135.81544,33.90606],[135.81061,33.90594],[135.80853,33.90661],[135.80589,33.90441],[135.80329,33.90318],[135.80258,33.89798],[135.80164,33.89588],[135.79269,33.89479],[135.78908,33.893],[135.78385,33.89185],[135.78062,33.88912],[135.77744,33.88832],[135.7756,33.88873],[135.77303,33.89047],[135.77197,33.89014],[135.76938,33.89098],[135.76645,33.89091],[135.76487,33.88982],[135.76389,33.88742],[135.7611,33.88775],[135.75607,33.88518],[135.75308,33.88749],[135.75195,33.88958],[135.74884,33.88826],[135.74829,33.88762],[135.74669,33.88893],[135.74544,33.88906],[135.74476,33.89061],[135.74223,33.88976],[135.74217,33.89036],[135.74056,33.89126],[135.74059,33.89261],[135.73899,33.89327],[135.73878,33.89471],[135.73727,33.89477],[135.73617,33.89416],[135.73493,33.89593],[135.73267,33.89605],[135.73043,33.90007],[135.72405,33.90323],[135.72217,33.90229],[135.71851,33.90305],[135.71312,33.90259],[135.70947,33.9043],[135.70631,33.90437],[135.70441,33.90359],[135.69164,33.90339],[135.68647,33.904],[135.6835,33.90202],[135.68364,33.9008],[135.6825,33.89937],[135.67873,33.89806],[135.67441,33.89866],[135.67208,33.89946],[135.67111,33.90029],[135.66356,33.89933],[135.66061,33.89746],[135.6625,33.89423],[135.66215,33.88891],[135.65996,33.88645],[135.65728,33.88569],[135.65599,33.88326],[135.65578,33.88143],[135.65133,33.88059],[135.65029,33.87964],[135.64953,33.87803],[135.64793,33.87691],[135.64504,33.87748],[135.64342,33.87706],[135.64253,33.87631],[135.64003,33.8776],[135.63798,33.87775],[135.63553,33.87689],[135.63392,33.87503],[135.63022,33.8744],[135.62858,33.87296],[135.62469,33.87336],[135.62209,33.87312],[135.62068,33.87185],[135.61778,33.87201],[135.61799,33.87458],[135.61998,33.87673],[135.62244,33.87825],[135.62347,33.88003],[135.62326,33.88179],[135.62447,33.88293],[135.62648,33.88326],[135.62672,33.8845],[135.62629,33.88682],[135.62559,33.88862],[135.62453,33.88943],[135.62342,33.89145],[135.62248,33.89447],[135.62283,33.89779],[135.61954,33.89945],[135.61542,33.8987],[135.61399,33.89949],[135.61269,33.89864],[135.61026,33.89946],[135.60596,33.89919],[135.60108,33.90264],[135.60195,33.90514],[135.6,33.90843],[135.60558,33.91069],[135.60766,33.91232],[135.61047,33.91309],[135.61013,33.91518],[135.61086,33.91721],[135.61076,33.91868],[135.61262,33.92143],[135.61253,33.92404],[135.61412,33.92531],[135.61386,33.92757],[135.61278,33.9299],[135.61022,33.93128],[135.60947,33.93237],[135.61136,33.93693],[135.61358,33.93755],[135.61519,33.93682],[135.61663,33.9369],[135.61717,33.93747],[135.61673,33.93896],[135.61833,33.94112],[135.61862,33.94396],[135.61753,33.94599],[135.61547,33.94831],[135.61603,33.94946],[135.61603,33.95228],[135.61671,33.9536],[135.61837,33.95465],[135.62012,33.95315],[135.62219,33.95316]]]}},{"type":"Feature","properties":{"id":"muni-29450","name":"下北山村"},"geometry":{"type":"Polygon","coordinates":[[[135.96854,33.98604],[135.9609,33.98454],[135.95858,33.9818],[135.95701,33.98091],[135.95435,33.98042],[135.95337,33.98095],[135.94772,33.98068],[135.94646,33.97944],[135.94508,33.9789],[135.94389,33.97755],[135.94375,33.97649],[135.94195,33.97601],[135.94147,33.97528],[135.93976,33.9777],[135.94037,33.98002],[135.93926,33.98081],[135.93384,33.98007],[135.93117,33.98065],[135.92876,33.98032],[135.92627,33.98136],[135.92423,33.97905],[135.92187,33.97837],[135.91894,33.97506],[135.91569,33.97262],[135.91243,33.97438],[135.91079,33.97581],[135.90843,33.97596],[135.9055,33.97755],[135.9037,33.97939],[135.89828,33.98287],[135.90114,33.98514],[135.90257,33.98693],[135.90265,33.99055],[135.90213,33.99188],[135.90309,33.99324],[135.90303,33.99448],[135.90548,33.99675],[135.90578,33.9976],[135.90853,33.99953],[135.90794,34.00219],[135.90494,34.0044],[135.90537,34.00635],[135.90648,34.00819],[135.90629,34.01024],[135.90447,34.01138],[135.90447,34.0128],[135.90237,34.01509],[135.90157,34.01972],[135.90277,34.02103],[135.90604,34.022],[135.90974,34.02448],[135.90979,34.02754],[135.91098,34.02958],[135.90819,34.03268],[135.90712,34.03471],[135.90617,34.03454],[135.90413,34.03546],[135.90355,34.03652],[135.9018,34.03733],[135.90077,34.03885],[135.8973,34.04135],[135.89538,34.04538],[135.89527,34.0469],[135.89327,34.04825],[135.89219,34.05189],[135.89692,34.0582],[135.89603,34.0594],[135.89534,34.0621],[135.8938,34.06411],[135.89257,34.06445],[135.89092,34.06747],[135.89278,34.0699],[135.8933,34.07199],[135.89617,34.07515],[135.89872,34.07586],[135.901,34.07779],[135.90034,34.08194],[135.89818,34.086],[135.89928,34.08783],[135.89939,34.08904],[135.90127,34.09136],[135.90072,34.09224],[135.90085,34.09397],[135.90559,34.0968],[135.90556,34.09773],[135.90645,34.09904],[135.90634,34.10009],[135.90459,34.10238],[135.90481,34.10361],[135.90321,34.10461],[135.90219,34.10593],[135.90243,34.10815],[135.90164,34.11372],[135.90341,34.1144],[135.90719,34.11722],[135.91014,34.11851],[135.91055,34.11987],[135.9151,34.12383],[135.91531,34.12646],[135.91741,34.12745],[135.92333,34.12774],[135.92823,34.12622],[135.92929,34.12506],[135.93119,34.12416],[135.93395,34.12379],[135.93625,34.12224],[135.93632,34.11915],[135.93911,34.11773],[135.94057,34.11532],[135.94354,34.11297],[135.94435,34.11147],[135.94658,34.11166],[135.95452,34.11083],[135.9567,34.10955],[135.95772,34.10825],[135.95857,34.10575],[135.96362,34.10454],[135.9654,34.10264],[135.96726,34.10158],[135.9674,34.09854],[135.96912,34.09575],[135.96923,34.09405],[135.96702,34.09088],[135.96658,34.08693],[135.96807,34.08614],[135.9698,34.08391],[135.96878,34.0798],[135.9692,34.0786],[135.96887,34.07703],[135.96942,34.07621],[135.96869,34.074],[135.97007,34.07293],[135.97108,34.07074],[135.96888,34.06943],[135.96852,34.06812],[135.96923,34.06616],[135.97116,34.06468],[135.97148,34.06303],[135.97532,34.06232],[135.97618,34.06173],[135.97797,34.06167],[135.97916,34.06081],[135.98065,34.06081],[135.98233,34.063],[135.98716,34.06542],[135.98809,34.06661],[135.99047,34.0668],[135.99828,34.06987],[135.99982,34.07142],[135.99987,34.07251],[136.00101,34.07437],[136.00543,34.07592],[136.00705,34.07556],[136.01034,34.07315],[136.01169,34.07062],[136.01002,34.06835],[136.01013,34.06733],[136.01288,34.06571],[136.01563,34.06309],[136.01944,34.0618],[136.0239,34.05806],[136.02588,34.05772],[136.03025,34.0551],[136.03399,34.05566],[136.03643,34.05813],[136.03633,34.05957],[136.03803,34.05901],[136.03888,34.05793],[136.03984,34.05813],[136.04146,34.0575],[136.03995,34.05669],[136.0408,34.05387],[136.04048,34.05344],[136.0414,34.05268],[136.04206,34.0529],[136.04371,34.05223],[136.04603,34.05028],[136.04819,34.04672],[136.04769,34.0444],[136.05075,34.04409],[136.0505,34.04287],[136.05108,34.04234],[136.05129,34.03982],[136.05481,34.03827],[136.05624,34.03633],[136.05574,34.0352],[136.0547,34.03568],[136.05374,34.03524],[136.05321,34.03441],[136.05368,34.03349],[136.05294,34.03219],[136.05246,34.03211],[136.05074,34.03356],[136.04437,34.0357],[136.04368,34.03749],[136.04431,34.03874],[136.04374,34.04066],[136.04225,34.04046],[136.04129,34.0396],[136.04088,34.03668],[136.03887,34.03659],[136.03774,34.03792],[136.03802,34.04047],[136.03767,34.04099],[136.03444,34.03682],[136.03169,34.03175],[136.0277,34.03274],[136.02348,34.03626],[136.02002,34.03667],[136.01908,34.03635],[136.01823,34.03573],[136.01697,34.03339],[136.01722,34.03154],[136.01653,34.02834],[136.01551,34.02762],[136.01491,34.02466],[136.01361,34.02372],[136.01339,34.02298],[136.01218,34.02253],[136.01069,34.02109],[136.00888,34.02086],[136.00748,34.01987],[136.00792,34.01859],[136.00631,34.01482],[136.00363,34.01327],[136.00358,34.00978],[136.00221,34.00666],[136.00094,34.00584],[135.99822,34.00607],[135.99706,34.00527],[135.99112,34.00435],[135.98942,34.00222],[135.98873,33.99827],[135.9849,33.99474],[135.98535,33.99306],[135.98494,33.99176],[135.98165,33.99071],[135.97937,33.99058],[135.97665,33.98946],[135.9759,33.98674],[135.97493,33.9859],[135.97194,33.98565],[135.96854,33.98604]]]}},{"type":"Feature","properties":{"id":"muni-29451","name":"上北山村"},"geometry":{"type":"Polygon","coordinates":[[[136.11352,34.16366],[136.1136,34.16227],[136.11449,34.16121],[136.11455,34.1596],[136.1119,34.15731],[136.11101,34.15499],[136.10711,34.15376],[136.10577,34.15248],[136.10568,34.15103],[136.10636,34.14943],[136.10588,34.1487],[136.10643,34.14752],[136.10637,34.14425],[136.10282,34.14242],[136.10192,34.1411],[136.10335,34.13904],[136.10289,34.13719],[136.10438,34.137],[136.10499,34.13465],[136.10705,34.13054],[136.10815,34.12966],[136.10787,34.1281],[136.10841,34.12688],[136.10651,34.12427],[136.10507,34.12316],[136.10118,34.122],[136.09977,34.12056],[136.09949,34.11878],[136.10003,34.11844],[136.10016,34.11688],[136.10132,34.11667],[136.10263,34.11549],[136.10392,34.11527],[136.10462,34.11417],[136.10456,34.11305],[136.10574,34.1096],[136.10404,34.10855],[136.10377,34.10715],[136.10565,34.10455],[136.10781,34.10332],[136.10347,34.09915],[136.10372,34.09754],[136.10236,34.09637],[136.10344,34.09537],[136.10317,34.09444],[136.10581,34.09328],[136.10692,34.09133],[136.10835,34.09104],[136.11018,34.08872],[136.11225,34.08743],[136.11301,34.08643],[136.11693,34.08444],[136.11881,34.0819],[136.11826,34.08099],[136.11663,34.08073],[136.11483,34.08247],[136.11235,34.08234],[136.10837,34.08369],[136.1028,34.08413],[136.10016,34.08595],[136.09789,34.08685],[136.09616,34.08636],[136.09444,34.08485],[136.09328,34.08297],[136.09355,34.08211],[136.09676,34.07865],[136.09682,34.0765],[136.0948,34.07507],[136.09432,34.07358],[136.0941,34.0722],[136.09456,34.06967],[136.09393,34.06695],[136.0931,34.06566],[136.09398,34.06493],[136.09438,34.0627],[136.09657,34.05934],[136.09689,34.05751],[136.09634,34.05589],[136.09185,34.04849],[136.09422,34.04737],[136.09762,34.04485],[136.09945,34.04044],[136.10117,34.03924],[136.10117,34.03687],[136.10272,34.03478],[136.10244,34.03321],[136.1031,34.03008],[136.10465,34.02779],[136.10423,34.02561],[136.10137,34.02592],[136.09996,34.02381],[136.09749,34.02385],[136.09651,34.02248],[136.09324,34.0237],[136.09171,34.02526],[136.089,34.02634],[136.08867,34.02727],[136.08742,34.02723],[136.08723,34.02803],[136.08613,34.02871],[136.08203,34.02763],[136.08083,34.02841],[136.08141,34.02948],[136.08011,34.02961],[136.07974,34.02854],[136.07842,34.02854],[136.07834,34.03063],[136.07696,34.03062],[136.07612,34.03188],[136.07327,34.03248],[136.07247,34.03386],[136.06842,34.03336],[136.06672,34.03403],[136.06245,34.03224],[136.06132,34.03328],[136.0579,34.0343],[136.05624,34.03433],[136.05574,34.0352],[136.05624,34.03633],[136.05516,34.03797],[136.05129,34.03982],[136.05108,34.04234],[136.0505,34.04287],[136.05075,34.04409],[136.04769,34.0444],[136.04819,34.04672],[136.04603,34.05028],[136.04371,34.05223],[136.04206,34.0529],[136.0414,34.05268],[136.04048,34.05344],[136.0408,34.05387],[136.03995,34.05669],[136.04146,34.0575],[136.03984,34.05813],[136.03888,34.05793],[136.03803,34.05901],[136.03633,34.05957],[136.03643,34.05813],[136.03399,34.05566],[136.03025,34.0551],[136.02588,34.05772],[136.0239,34.05806],[136.01944,34.0618],[136.01563,34.06309],[136.01288,34.06571],[136.01013,34.06733],[136.01002,34.06835],[136.01169,34.07062],[136.01034,34.07315],[136.00705,34.07556],[136.00543,34.07592],[136.00101,34.07437],[135.99987,34.07251],[135.99982,34.07142],[135.99828,34.06987],[135.99047,34.0668],[135.98809,34.06661],[135.98716,34.06542],[135.98233,34.063],[135.98065,34.06081],[135.97916,34.06081],[135.97797,34.06167],[135.97618,34.06173],[135.97532,34.06232],[135.97148,34.06303],[135.97116,34.06468],[135.96923,34.06616],[135.96852,34.06812],[135.96888,34.06943],[135.97108,34.07074],[135.97007,34.07293],[135.96869,34.074],[135.96942,34.07621],[135.96887,34.07703],[135.9692,34.0786],[135.96878,34.0798],[135.9698,34.08391],[135.96807,34.08614],[135.96658,34.08693],[135.96702,34.09088],[135.96923,34.09405],[135.96912,34.09575],[135.9674,34.09854],[135.96726,34.10158],[135.9654,34.10264],[135.96362,34.10454],[135.95857,34.10575],[135.95772,34.10825],[135.9567,34.10955],[135.95452,34.11083],[135.94658,34.11166],[135.94435,34.11147],[135.94354,34.11297],[135.94057,34.11532],[135.93911,34.11773],[135.93632,34.11915],[135.93625,34.12224],[135.93395,34.12379],[135.93119,34.12416],[135.92929,34.12506],[135.92823,34.12622],[135.92333,34.12774],[135.91741,34.12745],[135.91535,34.12643],[135.914,34.12861],[135.91404,34.13001],[135.91293,34.1331],[135.91313,34.13444],[135.91113,34.13467],[135.90894,34.13576],[135.90755,34.14002],[135.90515,34.14423],[135.90715,34.14785],[135.90888,34.14945],[135.90927,34.15115],[135.91033,34.1526],[135.91057,34.15584],[135.90988,34.15746],[135.90842,34.15901],[135.90763,34.16208],[135.90499,34.16386],[135.90326,34.16976],[135.90429,34.17109],[135.90609,34.17191],[135.90679,34.17343],[135.90964,34.17472],[135.91112,34.17677],[135.91121,34.17907],[135.91292,34.17966],[135.91433,34.17997],[135.91544,34.17948],[135.91682,34.1797],[135.92015,34.17914],[135.9231,34.17992],[135.92644,34.17885],[135.92869,34.17925],[135.93088,34.17852],[135.9338,34.17908],[135.9358,34.18051],[135.93867,34.18031],[135.9401,34.17933],[135.94299,34.18018],[135.94368,34.18189],[135.94273,34.18529],[135.94491,34.18741],[135.9459,34.18972],[135.9456,34.19225],[135.94427,34.1939],[135.94393,34.19513],[135.94405,34.19617],[135.94538,34.19821],[135.9456,34.20029],[135.94561,34.20299],[135.94482,34.20467],[135.9466,34.2057],[135.94692,34.20658],[135.94811,34.20739],[135.9489,34.20926],[135.95147,34.21054],[135.95352,34.21472],[135.95365,34.21625],[135.95513,34.21793],[135.95407,34.22138],[135.9535,34.22197],[135.95484,34.22302],[135.95581,34.22576],[135.95923,34.22591],[135.96283,34.22782],[135.96599,34.22512],[135.96815,34.22518],[135.96962,34.22452],[135.97355,34.22462],[135.97845,34.2263],[135.98179,34.2267],[135.98389,34.22804],[135.98661,34.22816],[135.98902,34.22762],[135.99181,34.22846],[135.99632,34.22864],[136.00072,34.23103],[136.00178,34.23262],[136.00289,34.23319],[136.0079,34.23291],[136.01233,34.23381],[136.01533,34.2339],[136.01702,34.23431],[136.0198,34.23675],[136.02325,34.23498],[136.02489,34.23476],[136.02697,34.22782],[136.02679,34.22722],[136.02547,34.2265],[136.02481,34.22485],[136.02538,34.22291],[136.02661,34.22239],[136.02663,34.22087],[136.02773,34.21913],[136.02762,34.2183],[136.02838,34.21691],[136.02822,34.2158],[136.02986,34.21455],[136.03007,34.21381],[136.03088,34.21355],[136.0318,34.21146],[136.03421,34.20944],[136.03484,34.20814],[136.03901,34.20752],[136.04336,34.20899],[136.04553,34.20724],[136.04699,34.20673],[136.05051,34.20697],[136.05142,34.20663],[136.05557,34.20736],[136.05759,34.20712],[136.05859,34.20642],[136.05962,34.20394],[136.06374,34.19949],[136.06626,34.19995],[136.06919,34.19918],[136.07391,34.20109],[136.07689,34.19938],[136.07906,34.19936],[136.08119,34.19849],[136.08196,34.19938],[136.08741,34.19915],[136.09012,34.19624],[136.09336,34.19561],[136.0941,34.19348],[136.09258,34.19023],[136.09463,34.18956],[136.09539,34.1882],[136.09995,34.18641],[136.10273,34.18661],[136.10634,34.18512],[136.10886,34.18508],[136.10888,34.18319],[136.10842,34.18234],[136.10893,34.18114],[136.10768,34.17942],[136.10705,34.1751],[136.10529,34.17536],[136.10442,34.17364],[136.10561,34.17156],[136.11189,34.16772],[136.11204,34.16683],[136.11094,34.16486],[136.11352,34.16366]]]}},{"type":"Feature","properties":{"id":"muni-29452","name":"川上村"},"geometry":{"type":"Polygon","coordinates":[[[135.90463,34.32901],[135.90351,34.33061],[135.90125,34.33196],[135.89783,34.33341],[135.89336,34.33441],[135.89023,34.33661],[135.8899,34.33799],[135.88884,34.33915],[135.88787,34.34141],[135.89042,34.3428],[135.89159,34.34414],[135.89519,34.34655],[135.896,34.34957],[135.89882,34.35082],[135.90106,34.35292],[135.90518,34.35417],[135.90627,34.35597],[135.91012,34.35801],[135.91006,34.35928],[135.91134,34.36027],[135.91164,34.36205],[135.91249,34.36345],[135.91433,34.36436],[135.91532,34.36432],[135.91622,34.36505],[135.91732,34.36495],[135.91871,34.36588],[135.9206,34.3662],[135.92153,34.36588],[135.9231,34.36618],[135.9253,34.36488],[135.92606,34.36682],[135.92367,34.36809],[135.92172,34.37174],[135.9213,34.37378],[135.92162,34.37598],[135.92679,34.37533],[135.92585,34.37358],[135.92635,34.37226],[135.93007,34.37114],[135.93125,34.36966],[135.93282,34.36924],[135.93328,34.36941],[135.93338,34.37191],[135.93455,34.37254],[135.93507,34.37548],[135.93696,34.37494],[135.93989,34.37612],[135.94373,34.37628],[135.94889,34.37537],[135.95102,34.37584],[135.95272,34.3745],[135.95532,34.37429],[135.95836,34.3755],[135.95913,34.37786],[135.96479,34.37738],[135.96647,34.37792],[135.96747,34.37882],[135.96795,34.38029],[135.96956,34.38126],[135.97134,34.38058],[135.9721,34.37857],[135.97466,34.37724],[135.97483,34.37359],[135.976,34.37151],[135.9766,34.36927],[135.97831,34.36754],[135.98187,34.36157],[135.98242,34.35839],[135.98166,34.35731],[135.98149,34.35446],[135.98524,34.35427],[135.98936,34.35208],[135.99106,34.35155],[135.993,34.35193],[135.99809,34.3498],[135.99973,34.35111],[136.00033,34.35305],[136.00205,34.35329],[136.00368,34.35422],[136.00647,34.35433],[136.00969,34.35316],[136.01339,34.35602],[136.01593,34.35585],[136.01725,34.35639],[136.01985,34.35375],[136.0233,34.35417],[136.02694,34.35193],[136.02793,34.35072],[136.02831,34.34883],[136.03061,34.34577],[136.03596,34.34656],[136.04143,34.34458],[136.04485,34.34429],[136.04639,34.34372],[136.05674,34.34634],[136.0599,34.34584],[136.06381,34.34656],[136.06518,34.34841],[136.06539,34.35085],[136.06694,34.35362],[136.0685,34.35521],[136.06795,34.35646],[136.06626,34.35794],[136.06529,34.36004],[136.06551,34.36056],[136.0664,34.36076],[136.06817,34.36358],[136.06919,34.36429],[136.07158,34.36429],[136.07382,34.36339],[136.07853,34.36307],[136.08305,34.36394],[136.088,34.36357],[136.08971,34.36242],[136.09063,34.36278],[136.09433,34.3614],[136.09529,34.36052],[136.09587,34.35737],[136.09728,34.35561],[136.09751,34.35357],[136.09858,34.35221],[136.09674,34.34952],[136.09722,34.34782],[136.09871,34.3449],[136.10037,34.3431],[136.10186,34.34241],[136.10201,34.34152],[136.10124,34.33991],[136.10113,34.33829],[136.10231,34.3361],[136.10527,34.33418],[136.10854,34.33104],[136.10921,34.32914],[136.11372,34.32816],[136.11543,34.32634],[136.11895,34.32631],[136.12013,34.32693],[136.1216,34.32612],[136.12387,34.32192],[136.12801,34.31821],[136.12941,34.31631],[136.12875,34.31546],[136.12616,34.31431],[136.12217,34.3104],[136.11903,34.31043],[136.11624,34.30963],[136.11491,34.3088],[136.11305,34.30645],[136.11208,34.30609],[136.11161,34.30507],[136.11017,34.30529],[136.1076,34.30468],[136.10461,34.30552],[136.1003,34.30555],[136.09596,34.30308],[136.09489,34.30156],[136.09599,34.29742],[136.09596,34.294],[136.09795,34.291],[136.09782,34.2888],[136.10025,34.28814],[136.1014,34.28623],[136.10346,34.28531],[136.10539,34.28306],[136.10807,34.28161],[136.11192,34.28076],[136.11453,34.27628],[136.11473,34.27483],[136.11529,34.27413],[136.11662,34.27396],[136.11742,34.27095],[136.11921,34.27006],[136.12043,34.2702],[136.12097,34.26923],[136.1208,34.26844],[136.12181,34.26712],[136.11864,34.26475],[136.1185,34.26323],[136.11904,34.26246],[136.118,34.26054],[136.12078,34.26007],[136.12318,34.25837],[136.12542,34.25816],[136.12766,34.2567],[136.12841,34.25389],[136.1302,34.25333],[136.13181,34.25193],[136.12944,34.24923],[136.13063,34.24643],[136.13024,34.24286],[136.12462,34.24131],[136.12259,34.23977],[136.12124,34.23702],[136.12007,34.23666],[136.1176,34.23428],[136.11747,34.23307],[136.11635,34.23122],[136.11663,34.2305],[136.11566,34.22964],[136.11351,34.22883],[136.1105,34.22933],[136.10961,34.22811],[136.11049,34.22729],[136.10985,34.22664],[136.10945,34.2243],[136.11092,34.22396],[136.11205,34.22445],[136.11318,34.22431],[136.11527,34.22335],[136.11638,34.22357],[136.11733,34.22311],[136.11681,34.22148],[136.1174,34.21967],[136.11677,34.21921],[136.11671,34.21846],[136.11748,34.21675],[136.11878,34.21543],[136.11821,34.21435],[136.117,34.21364],[136.11672,34.21234],[136.11532,34.21037],[136.11207,34.21051],[136.11003,34.21125],[136.1078,34.21041],[136.1072,34.20926],[136.10734,34.20742],[136.10674,34.2066],[136.10218,34.20506],[136.10132,34.20366],[136.09769,34.20266],[136.09697,34.20157],[136.09671,34.19902],[136.09336,34.19561],[136.09012,34.19624],[136.08741,34.19915],[136.08196,34.19938],[136.08119,34.19849],[136.07906,34.19936],[136.07689,34.19938],[136.07391,34.20109],[136.06919,34.19918],[136.06626,34.19995],[136.06374,34.19949],[136.05962,34.20394],[136.05859,34.20642],[136.05759,34.20712],[136.05557,34.20736],[136.05142,34.20663],[136.05051,34.20697],[136.04699,34.20673],[136.04553,34.20724],[136.04336,34.20899],[136.03901,34.20752],[136.03484,34.20814],[136.03421,34.20944],[136.0318,34.21146],[136.03088,34.21355],[136.03007,34.21381],[136.02986,34.21455],[136.02822,34.2158],[136.02838,34.21691],[136.02762,34.2183],[136.02773,34.21913],[136.02663,34.22087],[136.02661,34.22239],[136.02538,34.22291],[136.02481,34.22485],[136.02547,34.2265],[136.02679,34.22722],[136.02697,34.22782],[136.02489,34.23476],[136.02325,34.23498],[136.02011,34.23674],[136.01702,34.23431],[136.01533,34.2339],[136.01233,34.23381],[136.0079,34.23291],[136.00289,34.23319],[136.00178,34.23262],[136.00072,34.23103],[135.99632,34.22864],[135.99181,34.22846],[135.98902,34.22762],[135.98661,34.22816],[135.98389,34.22804],[135.98179,34.2267],[135.97845,34.2263],[135.97255,34.22449],[135.96962,34.22452],[135.96815,34.22518],[135.96519,34.22544],[135.96434,34.22675],[135.96283,34.22782],[135.96356,34.22929],[135.96326,34.22968],[135.96365,34.23081],[135.9648,34.23123],[135.96492,34.23195],[135.9643,34.23217],[135.96424,34.23275],[135.96533,34.23379],[135.96388,34.2343],[135.96313,34.23557],[135.96492,34.23895],[135.96582,34.23965],[135.96717,34.24272],[135.96934,34.24413],[135.97028,34.24547],[135.97061,34.24645],[135.96978,34.24809],[135.97009,34.2495],[135.97182,34.2529],[135.97181,34.25486],[135.97315,34.25667],[135.97255,34.25747],[135.96945,34.25794],[135.96518,34.25957],[135.96455,34.26185],[135.96485,34.26291],[135.96403,34.26401],[135.96437,34.26515],[135.96388,34.26687],[135.9643,34.26798],[135.96151,34.2672],[135.96018,34.26593],[135.95797,34.26859],[135.96185,34.27159],[135.96337,34.27393],[135.96261,34.27449],[135.95958,34.27476],[135.95907,34.2754],[135.95762,34.27563],[135.95668,34.27644],[135.95366,34.2775],[135.95203,34.27721],[135.95067,34.2776],[135.94962,34.27647],[135.94286,34.27479],[135.94037,34.27544],[135.93873,34.27519],[135.93743,34.27678],[135.9352,34.2783],[135.93229,34.27774],[135.92952,34.27891],[135.92657,34.27851],[135.92401,34.27926],[135.92111,34.28121],[135.9185,34.2815],[135.91761,34.28251],[135.91488,34.28379],[135.91439,34.28455],[135.91529,34.28545],[135.91682,34.29001],[135.91632,34.29067],[135.91635,34.29242],[135.91446,34.29438],[135.91389,34.29552],[135.9139,34.29699],[135.91305,34.29855],[135.91343,34.30188],[135.91191,34.3065],[135.9127,34.30788],[135.91112,34.31116],[135.91188,34.31311],[135.9129,34.31406],[135.91185,34.31655],[135.91083,34.31741],[135.90984,34.32093],[135.90753,34.32272],[135.90604,34.32319],[135.90463,34.32669],[135.90463,34.32901]]]}},{"type":"Feature","properties":{"id":"muni-29453","name":"東吉野村"},"geometry":{"type":"Polygon","coordinates":[[[136.01339,34.35602],[136.00969,34.35316],[136.00647,34.35433],[136.00368,34.35422],[136.00205,34.35329],[136.00033,34.35305],[135.99973,34.35111],[135.99809,34.3498],[135.993,34.35193],[135.99106,34.35155],[135.98936,34.35208],[135.98524,34.35427],[135.98149,34.35446],[135.98166,34.35731],[135.98242,34.35839],[135.98187,34.36157],[135.97831,34.36754],[135.9766,34.36927],[135.976,34.37151],[135.97483,34.37359],[135.97466,34.37724],[135.9721,34.37857],[135.97134,34.38058],[135.96956,34.38126],[135.96795,34.38029],[135.96747,34.37882],[135.96647,34.37792],[135.96479,34.37738],[135.95913,34.37786],[135.95836,34.3755],[135.95532,34.37429],[135.95272,34.3745],[135.95102,34.37584],[135.94889,34.37537],[135.94373,34.37628],[135.93989,34.37612],[135.93706,34.37502],[135.93658,34.37583],[135.93661,34.37757],[135.93859,34.37936],[135.94169,34.38059],[135.94209,34.38495],[135.94196,34.38602],[135.93749,34.38923],[135.93721,34.39222],[135.93783,34.39238],[135.93875,34.39365],[135.93894,34.39721],[135.93971,34.39792],[135.94102,34.39813],[135.94104,34.39869],[135.94199,34.39913],[135.94325,34.39878],[135.94521,34.40052],[135.94648,34.40097],[135.94779,34.40257],[135.95007,34.40255],[135.94986,34.40349],[135.9518,34.40387],[135.95383,34.40534],[135.95534,34.40536],[135.95599,34.40469],[135.95665,34.40497],[135.95706,34.40439],[135.95931,34.40567],[135.95993,34.40645],[135.95944,34.40697],[135.95963,34.41],[135.95752,34.41076],[135.95681,34.41222],[135.9583,34.41457],[135.96078,34.41593],[135.96196,34.41839],[135.9653,34.41949],[135.96822,34.41966],[135.96825,34.42339],[135.97028,34.42291],[135.97358,34.42325],[135.97498,34.4247],[135.97621,34.42469],[135.97623,34.42562],[135.97955,34.42886],[135.97938,34.43179],[135.97864,34.43297],[135.97661,34.43386],[135.9754,34.43586],[135.9758,34.43656],[135.97887,34.4368],[135.97982,34.43904],[135.98296,34.43922],[135.98471,34.44123],[135.98635,34.4413],[135.98866,34.44264],[135.99127,34.44328],[135.99186,34.443],[135.99222,34.44421],[135.99405,34.44295],[135.99642,34.44391],[135.99835,34.4432],[136.00059,34.44336],[136.00282,34.44244],[136.00319,34.44318],[136.00468,34.44342],[136.00758,34.44288],[136.00728,34.4439],[136.00873,34.44541],[136.00981,34.4472],[136.00959,34.44762],[136.0111,34.44872],[136.01121,34.45015],[136.01242,34.45138],[136.01326,34.45373],[136.01472,34.45392],[136.01681,34.45342],[136.01789,34.4551],[136.0188,34.45492],[136.0208,34.45576],[136.0256,34.45536],[136.02711,34.45612],[136.02991,34.45627],[136.03045,34.45816],[136.03136,34.45886],[136.03406,34.46049],[136.03498,34.46018],[136.03653,34.46057],[136.03696,34.46181],[136.03872,34.46252],[136.04204,34.46302],[136.04345,34.46579],[136.04589,34.46621],[136.04737,34.46824],[136.04963,34.46946],[136.04976,34.47078],[136.04879,34.47082],[136.04704,34.47247],[136.04475,34.47334],[136.03976,34.4767],[136.03773,34.47955],[136.0387,34.47998],[136.04159,34.47855],[136.05119,34.47768],[136.05359,34.47915],[136.05562,34.47912],[136.05685,34.47839],[136.05957,34.47803],[136.06267,34.47885],[136.06565,34.47762],[136.06866,34.47745],[136.07031,34.4766],[136.07304,34.47717],[136.07599,34.47615],[136.07691,34.47699],[136.07885,34.47509],[136.08145,34.47456],[136.08191,34.47336],[136.08121,34.47286],[136.08046,34.47096],[136.08211,34.46959],[136.08185,34.4689],[136.0827,34.46619],[136.08436,34.46517],[136.08483,34.4643],[136.08623,34.46382],[136.08644,34.46215],[136.0854,34.4617],[136.08709,34.45734],[136.08676,34.4564],[136.08776,34.45513],[136.08738,34.45346],[136.088,34.45246],[136.08787,34.45166],[136.09059,34.44989],[136.09084,34.44601],[136.09199,34.4439],[136.09503,34.44128],[136.09627,34.43568],[136.0923,34.43053],[136.08841,34.42868],[136.08973,34.42688],[136.09011,34.4239],[136.09125,34.42273],[136.09089,34.42105],[136.09009,34.42028],[136.09006,34.4176],[136.09056,34.41695],[136.09016,34.41585],[136.08788,34.41339],[136.08676,34.41299],[136.08643,34.41154],[136.08492,34.41085],[136.08413,34.40984],[136.0804,34.40956],[136.0793,34.40831],[136.07781,34.4078],[136.07755,34.40674],[136.07666,34.40638],[136.07565,34.40383],[136.07587,34.40274],[136.07416,34.39962],[136.07475,34.39844],[136.07315,34.39656],[136.07064,34.39524],[136.07033,34.39466],[136.06904,34.39448],[136.06967,34.39236],[136.06915,34.38923],[136.07172,34.38778],[136.07212,34.38702],[136.07654,34.3862],[136.07826,34.38647],[136.07939,34.3852],[136.08185,34.38374],[136.08333,34.38117],[136.08594,34.3799],[136.08664,34.37587],[136.08961,34.37444],[136.08994,34.3721],[136.09221,34.36875],[136.09045,34.36697],[136.09037,34.3626],[136.08971,34.36242],[136.088,34.36357],[136.08305,34.36394],[136.07853,34.36307],[136.07382,34.36339],[136.07158,34.36429],[136.06863,34.36408],[136.0664,34.36076],[136.06551,34.36056],[136.06527,34.35953],[136.06848,34.35579],[136.0685,34.35521],[136.06694,34.35362],[136.06539,34.35085],[136.06518,34.34841],[136.06381,34.34656],[136.0599,34.34584],[136.05674,34.34634],[136.05149,34.34523],[136.04705,34.34368],[136.04143,34.34458],[136.03596,34.34656],[136.03061,34.34577],[136.02831,34.34883],[136.02811,34.35026],[136.02721,34.35171],[136.02539,34.35257],[136.02401,34.35389],[136.02284,34.35417],[136.01985,34.35375],[136.01725,34.35639],[136.01593,34.35585],[136.01339,34.35602]]]}}]}