{"type":"FeatureCollection","features":[{"type":"Feature","properties":{"id":"muni-33101","name":"岡山市北区"},"geometry":{"type":"Polygon","coordinates":[[[133.80479,34.68714],[133.80207,34.68956],[133.79803,34.69062],[133.79655,34.69241],[133.79443,34.6964],[133.7934,34.69591],[133.7913,34.6987],[133.78988,34.69821],[133.79022,34.69741],[133.78762,34.69477],[133.78639,34.6968],[133.78817,34.69716],[133.78609,34.69726],[133.78238,34.69853],[133.78643,34.70003],[133.7861,34.70052],[133.79831,34.70591],[133.79833,34.70808],[133.79987,34.71083],[133.79812,34.71224],[133.79791,34.71399],[133.79835,34.71461],[133.79778,34.71587],[133.79905,34.71634],[133.7967,34.72073],[133.797,34.72245],[133.79598,34.72324],[133.79561,34.72493],[133.79411,34.72631],[133.79097,34.73141],[133.78912,34.73141],[133.78738,34.7335],[133.7814,34.73628],[133.77974,34.73786],[133.77927,34.73912],[133.77654,34.74018],[133.77395,34.74052],[133.77247,34.74192],[133.77041,34.7427],[133.76923,34.74261],[133.76779,34.74154],[133.76602,34.7423],[133.76555,34.74331],[133.76229,34.74524],[133.76183,34.7467],[133.76201,34.74861],[133.7584,34.74848],[133.75705,34.74958],[133.75422,34.74728],[133.75315,34.74816],[133.743,34.74914],[133.74521,34.75106],[133.74633,34.75105],[133.74635,34.75271],[133.7459,34.75393],[133.74402,34.75546],[133.74304,34.75502],[133.741,34.75508],[133.74082,34.75545],[133.74135,34.75567],[133.74134,34.75648],[133.74214,34.75729],[133.74195,34.75817],[133.74257,34.75854],[133.74167,34.76],[133.74052,34.76015],[133.73998,34.76073],[133.73986,34.76528],[133.74038,34.7672],[133.73965,34.76947],[133.74333,34.77323],[133.74375,34.77679],[133.74613,34.77706],[133.74735,34.77966],[133.74843,34.78084],[133.74913,34.78278],[133.74743,34.78523],[133.74825,34.78768],[133.75296,34.78568],[133.75562,34.78199],[133.75659,34.78288],[133.75803,34.78554],[133.76199,34.78647],[133.76258,34.78729],[133.76639,34.78977],[133.76762,34.78671],[133.77189,34.78623],[133.77303,34.78657],[133.77382,34.78837],[133.77341,34.79034],[133.7741,34.79142],[133.77399,34.79368],[133.77445,34.79483],[133.77401,34.79574],[133.77496,34.79894],[133.77483,34.79932],[133.77302,34.79947],[133.77901,34.80373],[133.7807,34.80657],[133.78115,34.80806],[133.78084,34.80886],[133.78311,34.80928],[133.78317,34.81075],[133.78418,34.81127],[133.78734,34.81109],[133.78957,34.81306],[133.79226,34.81435],[133.795,34.81389],[133.79539,34.8174],[133.79683,34.81914],[133.79991,34.81965],[133.79875,34.81707],[133.79909,34.81513],[133.79994,34.81463],[133.80142,34.81462],[133.80255,34.81308],[133.80667,34.8121],[133.80721,34.81151],[133.80692,34.81],[133.8077,34.8081],[133.81153,34.80702],[133.81408,34.80561],[133.81621,34.80554],[133.81869,34.8066],[133.82006,34.81076],[133.81829,34.81284],[133.81859,34.81431],[133.81783,34.81709],[133.8184,34.81877],[133.82032,34.81937],[133.82029,34.82119],[133.81905,34.82311],[133.81774,34.82405],[133.81767,34.826],[133.81693,34.82674],[133.81725,34.82764],[133.81616,34.8292],[133.81777,34.83475],[133.81849,34.83521],[133.81988,34.83514],[133.82074,34.83656],[133.82244,34.83755],[133.82363,34.83757],[133.8254,34.83973],[133.8286,34.84188],[133.83165,34.84221],[133.83254,34.84331],[133.83367,34.84349],[133.83441,34.84295],[133.83345,34.84118],[133.83531,34.84213],[133.83932,34.84269],[133.84343,34.8447],[133.84361,34.84544],[133.84269,34.84643],[133.84317,34.84924],[133.84682,34.8519],[133.84819,34.8537],[133.84708,34.85483],[133.84686,34.85671],[133.84576,34.85729],[133.84491,34.86006],[133.84614,34.86158],[133.84695,34.86453],[133.84491,34.86641],[133.84473,34.86727],[133.84365,34.86756],[133.8439,34.8683],[133.84235,34.86914],[133.84678,34.87526],[133.84679,34.87652],[133.84768,34.87873],[133.85018,34.87948],[133.84913,34.88049],[133.84929,34.8822],[133.84794,34.88369],[133.84816,34.88586],[133.8501,34.88742],[133.8514,34.88684],[133.85268,34.88697],[133.85114,34.88843],[133.8516,34.89049],[133.85535,34.89333],[133.85508,34.8939],[133.85638,34.89505],[133.85697,34.89519],[133.85805,34.89432],[133.86007,34.89417],[133.86475,34.89657],[133.86565,34.89774],[133.86511,34.89935],[133.86619,34.90043],[133.87166,34.90027],[133.87319,34.90064],[133.87528,34.90204],[133.87678,34.90216],[133.87819,34.90317],[133.87611,34.90648],[133.87539,34.90687],[133.87225,34.90704],[133.86796,34.90535],[133.86398,34.90612],[133.86278,34.90709],[133.86203,34.90888],[133.85946,34.91224],[133.85202,34.91494],[133.84985,34.91642],[133.84737,34.92039],[133.84703,34.92212],[133.84854,34.92459],[133.85245,34.92746],[133.85268,34.92894],[133.85221,34.93137],[133.85025,34.93426],[133.85219,34.93619],[133.85286,34.93912],[133.84918,34.94295],[133.85201,34.94375],[133.85245,34.94535],[133.85472,34.94498],[133.85665,34.94297],[133.86111,34.94371],[133.86187,34.94187],[133.86283,34.94091],[133.86303,34.93855],[133.86395,34.93797],[133.86399,34.937],[133.86551,34.93671],[133.86634,34.93431],[133.86872,34.93275],[133.86918,34.9328],[133.86906,34.9348],[133.86859,34.93539],[133.86888,34.93777],[133.87025,34.938],[133.87017,34.93863],[133.8725,34.93897],[133.87355,34.94009],[133.87606,34.94091],[133.87827,34.94333],[133.88,34.94431],[133.88277,34.94818],[133.88488,34.94838],[133.88506,34.94879],[133.88658,34.94807],[133.88713,34.94667],[133.88782,34.94644],[133.88735,34.94557],[133.88835,34.94375],[133.89029,34.94499],[133.8923,34.9451],[133.89231,34.94446],[133.89523,34.94431],[133.89602,34.94507],[133.89688,34.94514],[133.89772,34.94471],[133.89758,34.94363],[133.89875,34.94284],[133.90176,34.94295],[133.90215,34.9443],[133.90167,34.94431],[133.90207,34.94545],[133.9016,34.94658],[133.90237,34.94643],[133.90294,34.94559],[133.90394,34.94624],[133.9043,34.94723],[133.90517,34.94775],[133.9051,34.94857],[133.90567,34.94881],[133.90763,34.94878],[133.90916,34.94787],[133.91112,34.94763],[133.91216,34.94645],[133.91038,34.94601],[133.90985,34.94294],[133.90746,34.94136],[133.90658,34.93837],[133.90716,34.93465],[133.90959,34.93242],[133.90946,34.93113],[133.90888,34.9308],[133.90903,34.93022],[133.90846,34.92939],[133.90844,34.92696],[133.90673,34.92492],[133.90332,34.9254],[133.90185,34.9231],[133.9007,34.92323],[133.89935,34.92263],[133.8996,34.92162],[133.90421,34.92155],[133.90501,34.92115],[133.90539,34.91901],[133.90615,34.91789],[133.90461,34.91702],[133.90362,34.91566],[133.90161,34.91578],[133.9003,34.91385],[133.89445,34.91372],[133.89411,34.90968],[133.89571,34.90902],[133.896,34.90819],[133.89817,34.90767],[133.89858,34.90621],[133.89976,34.90582],[133.9001,34.90285],[133.90059,34.90217],[133.90244,34.90146],[133.90307,34.90171],[133.90346,34.90315],[133.90428,34.90328],[133.90425,34.90405],[133.90512,34.9041],[133.90532,34.9053],[133.90751,34.9053],[133.90895,34.90689],[133.91217,34.90615],[133.91193,34.90433],[133.91302,34.90325],[133.91701,34.90346],[133.91752,34.90248],[133.91813,34.90281],[133.91944,34.90209],[133.9201,34.90251],[133.91988,34.90338],[133.92079,34.90405],[133.92109,34.90296],[133.92305,34.90217],[133.92322,34.90044],[133.92227,34.89861],[133.92145,34.89482],[133.92169,34.89429],[133.92346,34.89289],[133.92759,34.89326],[133.92797,34.8929],[133.9278,34.89126],[133.93238,34.88645],[133.93866,34.88415],[133.93738,34.88222],[133.93446,34.88046],[133.93295,34.87754],[133.93142,34.87735],[133.93089,34.87661],[133.92948,34.87648],[133.92798,34.87552],[133.92793,34.87415],[133.92716,34.87306],[133.92778,34.87248],[133.92945,34.87433],[133.93247,34.87431],[133.93355,34.8732],[133.93464,34.87353],[133.9369,34.87118],[133.94115,34.87117],[133.94364,34.86983],[133.94456,34.87009],[133.94507,34.86973],[133.94698,34.87111],[133.94905,34.87136],[133.94918,34.87292],[133.94974,34.87353],[133.95278,34.87194],[133.95569,34.87294],[133.95847,34.8716],[133.95928,34.86998],[133.96099,34.86818],[133.96139,34.86381],[133.96327,34.8636],[133.96447,34.86079],[133.96593,34.85961],[133.96557,34.859],[133.96584,34.85817],[133.96664,34.85806],[133.96708,34.85628],[133.9688,34.8547],[133.96853,34.85333],[133.96477,34.85245],[133.96448,34.85166],[133.96204,34.8505],[133.96161,34.84982],[133.96261,34.84969],[133.96354,34.85022],[133.9662,34.84976],[133.96695,34.84899],[133.97154,34.84779],[133.9724,34.84632],[133.97492,34.8463],[133.97626,34.84533],[133.97509,34.84386],[133.97794,34.84301],[133.97843,34.84328],[133.97749,34.84487],[133.97762,34.84733],[133.97901,34.84951],[133.98015,34.8498],[133.98092,34.8494],[133.98173,34.85009],[133.9822,34.85155],[133.9823,34.85318],[133.98112,34.85351],[133.98098,34.85492],[133.9857,34.8549],[133.98692,34.85419],[133.98762,34.85447],[133.9885,34.85317],[133.99241,34.85173],[133.99397,34.84969],[133.99331,34.84864],[133.99277,34.84603],[133.9928,34.84118],[133.99036,34.83727],[133.98916,34.8371],[133.98749,34.83558],[133.98835,34.83499],[133.98839,34.83286],[133.99117,34.83234],[133.98958,34.83093],[133.98839,34.83079],[133.98837,34.82982],[133.98993,34.82769],[133.99129,34.82786],[133.99226,34.82711],[133.99053,34.82632],[133.99054,34.82537],[133.98981,34.82457],[133.98766,34.82378],[133.98713,34.8218],[133.98553,34.82117],[133.98505,34.82019],[133.98697,34.81867],[133.98717,34.81803],[133.98674,34.81712],[133.98697,34.81381],[133.98542,34.81292],[133.98539,34.81098],[133.98667,34.8093],[133.98595,34.80729],[133.98488,34.8064],[133.98345,34.80642],[133.98206,34.80556],[133.98061,34.80581],[133.98037,34.80502],[133.97969,34.8051],[133.97897,34.80437],[133.97653,34.80471],[133.97469,34.80408],[133.97343,34.80228],[133.97278,34.79935],[133.97073,34.79881],[133.97098,34.79705],[133.96957,34.79715],[133.96777,34.79503],[133.96745,34.79431],[133.96774,34.79346],[133.9671,34.79293],[133.9669,34.79193],[133.96585,34.79154],[133.96475,34.78958],[133.96277,34.78906],[133.96174,34.78824],[133.96197,34.78691],[133.96109,34.78617],[133.96236,34.78558],[133.9643,34.78601],[133.96767,34.78443],[133.9696,34.78478],[133.97096,34.78341],[133.97134,34.78195],[133.97316,34.7826],[133.9761,34.77999],[133.97782,34.78062],[133.97998,34.78069],[133.98003,34.77904],[133.98083,34.77837],[133.98068,34.77568],[133.97997,34.77479],[133.97783,34.77412],[133.97811,34.77302],[133.97682,34.77114],[133.97667,34.76908],[133.97896,34.76784],[133.97952,34.76684],[133.98064,34.76673],[133.98153,34.76601],[133.98384,34.76774],[133.98635,34.76759],[133.98586,34.76131],[133.98532,34.76051],[133.98402,34.75995],[133.98338,34.75783],[133.9819,34.75672],[133.9808,34.75501],[133.97997,34.75548],[133.97786,34.75544],[133.97466,34.75436],[133.97259,34.75421],[133.97136,34.75168],[133.97167,34.75086],[133.97136,34.74954],[133.97288,34.7474],[133.9726,34.7452],[133.97506,34.7456],[133.97779,34.74532],[133.97948,34.7443],[133.98299,34.74479],[133.98368,34.74298],[133.98122,34.74323],[133.98034,34.7424],[133.98045,34.74145],[133.98416,34.73922],[133.98435,34.73883],[133.98334,34.73849],[133.98366,34.73768],[133.98608,34.73682],[133.98673,34.73614],[133.98634,34.73313],[133.9872,34.73252],[133.98819,34.7328],[133.98997,34.73147],[133.99054,34.73065],[133.99022,34.73044],[133.9921,34.72892],[133.99132,34.72758],[133.99336,34.72666],[133.99351,34.72332],[133.99266,34.72179],[133.99377,34.71904],[133.99317,34.71757],[133.9936,34.71655],[133.99064,34.71613],[133.99003,34.71433],[133.98896,34.71347],[133.98731,34.71305],[133.98546,34.713],[133.98348,34.71398],[133.98237,34.71404],[133.98022,34.71331],[133.97972,34.71422],[133.97744,34.71332],[133.97537,34.71319],[133.97531,34.714],[133.96661,34.714],[133.95911,34.71313],[133.9591,34.7118],[133.96481,34.71145],[133.95997,34.7105],[133.95902,34.70839],[133.95695,34.70685],[133.95638,34.7054],[133.95574,34.70599],[133.95251,34.70395],[133.95172,34.70279],[133.95184,34.70087],[133.94962,34.69876],[133.94824,34.69546],[133.94326,34.69384],[133.93947,34.69025],[133.93971,34.68923],[133.93922,34.68816],[133.93403,34.68178],[133.93248,34.67777],[133.93207,34.67465],[133.9327,34.67052],[133.93384,34.67039],[133.93762,34.6684],[133.93888,34.66502],[133.93896,34.66344],[133.93787,34.6628],[133.93708,34.6613],[133.93336,34.65866],[133.93049,34.64875],[133.93072,34.64675],[133.93388,34.64092],[133.93565,34.63864],[133.93864,34.63595],[133.9377,34.63474],[133.93304,34.63702],[133.93266,34.63447],[133.92686,34.635],[133.9265,34.6304],[133.92574,34.63047],[133.92565,34.62994],[133.9251,34.62994],[133.92463,34.62809],[133.91564,34.62978],[133.91634,34.63057],[133.91587,34.63087],[133.9165,34.63266],[133.91625,34.6331],[133.91666,34.63328],[133.91611,34.63422],[133.91768,34.63487],[133.91728,34.63552],[133.91775,34.63766],[133.91417,34.63772],[133.91307,34.63816],[133.91321,34.63918],[133.91229,34.63933],[133.9119,34.64266],[133.91292,34.64384],[133.91116,34.64303],[133.91098,34.64387],[133.90999,34.64136],[133.90667,34.63808],[133.90614,34.63813],[133.90457,34.63595],[133.90052,34.63594],[133.89956,34.63707],[133.89753,34.63652],[133.89764,34.63505],[133.89634,34.63515],[133.89478,34.63399],[133.89183,34.63363],[133.89131,34.63022],[133.89069,34.63114],[133.88786,34.63122],[133.88721,34.62946],[133.88345,34.62976],[133.88184,34.63053],[133.88027,34.63223],[133.87391,34.63423],[133.87238,34.63411],[133.87004,34.63287],[133.86811,34.63291],[133.85983,34.63665],[133.85219,34.63457],[133.85276,34.63298],[133.85149,34.6309],[133.8476,34.62806],[133.84734,34.62675],[133.84581,34.62506],[133.84416,34.6245],[133.8432,34.62106],[133.84092,34.6202],[133.83942,34.61869],[133.83758,34.62024],[133.8359,34.61994],[133.83513,34.62109],[133.83375,34.62577],[133.83331,34.6262],[133.83198,34.62588],[133.83153,34.62687],[133.83033,34.62776],[133.83335,34.62783],[133.83373,34.62893],[133.83533,34.62995],[133.83604,34.63175],[133.83516,34.63381],[133.83622,34.63419],[133.83907,34.63376],[133.83928,34.63465],[133.83894,34.63562],[133.83746,34.63532],[133.83692,34.63635],[133.83147,34.65159],[133.8337,34.65228],[133.83416,34.65103],[133.83663,34.65164],[133.83565,34.65445],[133.83784,34.65504],[133.83671,34.65785],[133.83547,34.65766],[133.83508,34.65876],[133.83468,34.66048],[133.83576,34.66118],[133.83135,34.66412],[133.82941,34.66495],[133.82896,34.66471],[133.82581,34.66638],[133.82495,34.66947],[133.82198,34.66837],[133.81675,34.66774],[133.81234,34.66781],[133.81161,34.66636],[133.80659,34.6653],[133.80472,34.66359],[133.8033,34.66304],[133.80153,34.66254],[133.80058,34.66304],[133.797,34.66697],[133.79579,34.67112],[133.79522,34.671],[133.79368,34.67274],[133.7954,34.67223],[133.79555,34.67253],[133.79571,34.6771],[133.79752,34.67869],[133.80024,34.67907],[133.80162,34.68012],[133.80164,34.68161],[133.80378,34.68423],[133.80413,34.68691],[133.80479,34.68714]]]}},{"type":"Feature","properties":{"id":"muni-33102","name":"岡山市中区"},"geometry":{"type":"Polygon","coordinates":[[[133.94638,34.62985],[133.93508,34.63925],[133.93242,34.64331],[133.93051,34.64777],[133.93063,34.64974],[133.93318,34.65835],[133.93399,34.65939],[133.93708,34.6613],[133.93787,34.6628],[133.939,34.66365],[133.93762,34.6684],[133.93384,34.67039],[133.9327,34.67052],[133.93207,34.67465],[133.93248,34.67777],[133.93403,34.68178],[133.9382,34.68663],[133.93971,34.68923],[133.93942,34.69014],[133.94045,34.69128],[133.94326,34.69384],[133.94824,34.69546],[133.94962,34.69876],[133.95184,34.70087],[133.95172,34.70279],[133.95287,34.70435],[133.95574,34.70599],[133.95638,34.7054],[133.95695,34.70685],[133.95902,34.70839],[133.95997,34.7105],[133.96481,34.71145],[133.9591,34.7118],[133.95911,34.71313],[133.96661,34.714],[133.97531,34.714],[133.97537,34.71319],[133.97744,34.71332],[133.97972,34.71422],[133.98022,34.71331],[133.98237,34.71404],[133.98597,34.71317],[133.98655,34.71202],[133.98623,34.71081],[133.9839,34.70767],[133.98594,34.70765],[133.98456,34.70663],[133.98452,34.70492],[133.98507,34.70421],[133.98627,34.70398],[133.98628,34.70223],[133.9871,34.70118],[133.98688,34.69947],[133.98741,34.69923],[133.98796,34.69741],[133.9891,34.69735],[133.98914,34.69191],[133.98875,34.69091],[133.98908,34.68304],[133.99395,34.68339],[133.99761,34.68444],[133.99808,34.68411],[133.99794,34.683],[133.99865,34.68285],[133.99856,34.68212],[134.00386,34.68217],[134.0049,34.67982],[134.00578,34.67931],[134.00684,34.67759],[134.00599,34.67481],[134.0026,34.67279],[134.00133,34.67295],[134.00121,34.67173],[133.99879,34.67189],[133.9984,34.66994],[133.99764,34.66997],[133.99763,34.67103],[133.9925,34.67111],[133.99054,34.66982],[133.98854,34.66943],[133.98753,34.66975],[133.98711,34.6696],[133.98723,34.6691],[133.98571,34.6698],[133.98562,34.66907],[133.98459,34.66813],[133.98478,34.66775],[133.98622,34.66789],[133.98798,34.66705],[133.98911,34.66612],[133.98935,34.6647],[133.99303,34.66392],[133.9925,34.66239],[133.99294,34.66083],[133.99266,34.65798],[133.99149,34.65609],[133.98919,34.65505],[133.98842,34.65375],[133.98783,34.64766],[133.98657,34.64559],[133.98684,34.64098],[133.98596,34.6256],[133.98884,34.61805],[133.99006,34.61621],[133.9915,34.61462],[133.99585,34.61431],[133.99577,34.61321],[133.99521,34.61304],[133.99503,34.6134],[133.99049,34.6113],[133.99005,34.61172],[133.98871,34.61109],[133.98885,34.61051],[133.98082,34.60681],[133.98123,34.60615],[133.98288,34.60708],[133.98348,34.60671],[133.98402,34.60758],[133.98717,34.60843],[133.98799,34.60705],[133.98671,34.6052],[133.98575,34.60466],[133.9841,34.60669],[133.98369,34.6065],[133.98398,34.60614],[133.98262,34.60535],[133.98458,34.60285],[133.98277,34.60185],[133.98078,34.60432],[133.97996,34.60388],[133.98088,34.6027],[133.97989,34.60216],[133.97896,34.60334],[133.97816,34.60287],[133.97998,34.60063],[133.9816,34.60066],[133.98163,34.60016],[133.97734,34.60036],[133.97527,34.6015],[133.97111,34.60528],[133.97093,34.605],[133.97108,34.60532],[133.9636,34.61354],[133.96179,34.61255],[133.95367,34.62177],[133.94979,34.62522],[133.94638,34.62985]]]}},{"type":"Feature","properties":{"id":"muni-33103","name":"岡山市東区"},"geometry":{"type":"MultiPolygon","coordinates":[[[[134.09365,34.55779],[134.09266,34.55714],[134.0922,34.5587],[134.09264,34.55879],[134.09365,34.55779]]],[[[134.09363,34.56271],[134.09164,34.56119],[134.09231,34.56049],[134.09209,34.55994],[134.09029,34.56086],[134.09037,34.56137],[134.09137,34.56146],[134.09117,34.56204],[134.09363,34.56271]]],[[[134.09939,34.56465],[134.0988,34.56585],[134.10009,34.5671],[134.10202,34.56654],[134.10223,34.56596],[134.10279,34.5663],[134.10228,34.56651],[134.10334,34.56726],[134.10355,34.56654],[134.10432,34.56651],[134.10392,34.56632],[134.10418,34.56524],[134.10459,34.56692],[134.10506,34.56688],[134.10505,34.56738],[134.10432,34.56768],[134.10537,34.56779],[134.10619,34.56509],[134.10692,34.56427],[134.10657,34.56073],[134.1035,34.56014],[134.1019,34.56161],[134.10091,34.56017],[134.10024,34.56003],[134.10019,34.56057],[134.09868,34.56147],[134.09803,34.55995],[134.0968,34.55947],[134.09647,34.56074],[134.09516,34.56256],[134.09762,34.56432],[134.09839,34.56411],[134.09851,34.5635],[134.09921,34.56351],[134.09885,34.56428],[134.09939,34.56465]]],[[[134.09554,34.56417],[134.09457,34.56519],[134.09448,34.56604],[134.09515,34.56799],[134.09575,34.56833],[134.09803,34.56634],[134.09826,34.56493],[134.09554,34.56417]]],[[[134.10014,34.56739],[134.10039,34.56758],[134.1003,34.56735],[134.10014,34.56739]]],[[[133.98911,34.66612],[133.98622,34.66789],[133.98459,34.66792],[133.98571,34.6698],[133.98723,34.6691],[133.98711,34.6696],[133.98753,34.66975],[133.98854,34.66943],[133.99054,34.66982],[133.9925,34.67111],[133.99763,34.67103],[133.99764,34.66997],[133.9984,34.66994],[133.99879,34.67189],[134.00121,34.67173],[134.00133,34.67295],[134.0026,34.67279],[134.00599,34.67481],[134.00684,34.67759],[134.00578,34.67931],[134.0049,34.67982],[134.00386,34.68217],[133.99856,34.68212],[133.99865,34.68285],[133.99794,34.683],[133.99808,34.68411],[133.99761,34.68444],[133.99395,34.68339],[133.98908,34.68304],[133.98875,34.69091],[133.98914,34.69191],[133.9891,34.69735],[133.98796,34.69741],[133.98741,34.69923],[133.98688,34.69947],[133.9871,34.70118],[133.98628,34.70223],[133.98627,34.70398],[133.98507,34.70421],[133.98452,34.70492],[133.98456,34.70663],[133.98594,34.70765],[133.9839,34.70767],[133.98623,34.71081],[133.98655,34.71202],[133.98597,34.71317],[133.98896,34.71347],[133.99003,34.71433],[133.99033,34.71593],[133.99139,34.71644],[133.9936,34.71655],[133.99317,34.71757],[133.99377,34.71904],[133.99334,34.72043],[133.99369,34.72095],[133.99653,34.72253],[133.99719,34.7241],[133.99801,34.72413],[133.99865,34.72508],[134.00132,34.72679],[134.00327,34.72611],[134.00576,34.72669],[134.0072,34.72605],[134.0092,34.72633],[134.00941,34.72713],[134.00895,34.72774],[134.00935,34.72772],[134.00933,34.72938],[134.01068,34.72958],[134.01146,34.73041],[134.01331,34.73061],[134.0174,34.73207],[134.02003,34.73418],[134.02251,34.73414],[134.02364,34.73525],[134.02502,34.73558],[134.02595,34.73706],[134.02898,34.73795],[134.03069,34.73936],[134.03067,34.73991],[134.03427,34.74166],[134.03375,34.74288],[134.03426,34.74369],[134.03556,34.74442],[134.03884,34.74437],[134.04002,34.74545],[134.04004,34.7465],[134.0441,34.74887],[134.04528,34.74899],[134.04524,34.75109],[134.04649,34.75254],[134.04807,34.75343],[134.04671,34.75653],[134.04861,34.758],[134.04892,34.75899],[134.05106,34.76123],[134.05077,34.76356],[134.04975,34.76307],[134.04802,34.76321],[134.0478,34.76416],[134.04854,34.76456],[134.04897,34.76683],[134.05175,34.7692],[134.05267,34.7709],[134.0541,34.77102],[134.05541,34.76844],[134.05719,34.7676],[134.05888,34.76846],[134.05927,34.76892],[134.059,34.77074],[134.06019,34.77221],[134.05931,34.77291],[134.06015,34.77579],[134.06469,34.77988],[134.06663,34.77993],[134.06923,34.78104],[134.0699,34.78262],[134.07133,34.7831],[134.07452,34.78161],[134.07601,34.78231],[134.07805,34.78207],[134.07939,34.78133],[134.08049,34.78257],[134.08175,34.78309],[134.08477,34.7818],[134.08697,34.78198],[134.08703,34.78109],[134.08802,34.77996],[134.08735,34.77812],[134.08769,34.7763],[134.09008,34.77431],[134.09046,34.773],[134.08995,34.77196],[134.09288,34.77005],[134.09017,34.7617],[134.09316,34.76103],[134.09639,34.76171],[134.0978,34.76095],[134.09909,34.76125],[134.10147,34.76088],[134.10273,34.75916],[134.1059,34.75772],[134.10729,34.75636],[134.10856,34.75623],[134.10871,34.75946],[134.10819,34.76058],[134.10905,34.76089],[134.11089,34.75962],[134.11305,34.75898],[134.11381,34.75791],[134.11503,34.75736],[134.11929,34.75724],[134.11813,34.75389],[134.12241,34.75308],[134.12294,34.75229],[134.12258,34.75018],[134.12092,34.74958],[134.12101,34.74881],[134.1197,34.7475],[134.11875,34.74787],[134.11751,34.74735],[134.11673,34.748],[134.11513,34.74761],[134.11264,34.74605],[134.11084,34.74592],[134.11053,34.74491],[134.11155,34.74366],[134.11152,34.74225],[134.10741,34.74131],[134.10585,34.74201],[134.10621,34.73771],[134.10495,34.73472],[134.10303,34.72648],[134.09343,34.71473],[134.08548,34.70887],[134.08362,34.70659],[134.08342,34.70508],[134.08423,34.6999],[134.08396,34.69776],[134.08339,34.69603],[134.08044,34.69259],[134.07791,34.68301],[134.07695,34.68111],[134.07566,34.6795],[134.07294,34.67738],[134.06758,34.67487],[134.06071,34.67075],[134.05273,34.65925],[134.05415,34.65855],[134.05479,34.65676],[134.05949,34.65967],[134.06072,34.65972],[134.06014,34.65724],[134.06128,34.65687],[134.05932,34.65623],[134.05826,34.65355],[134.05832,34.6517],[134.05998,34.65006],[134.0644,34.64994],[134.06439,34.64851],[134.06656,34.6486],[134.06688,34.64769],[134.06865,34.6484],[134.07457,34.64895],[134.07777,34.64995],[134.08342,34.64947],[134.07606,34.64681],[134.07583,34.6448],[134.07704,34.64486],[134.07537,34.64364],[134.07482,34.64021],[134.07306,34.63804],[134.07397,34.63508],[134.07534,34.63534],[134.08006,34.6326],[134.08245,34.63363],[134.08591,34.63246],[134.08874,34.63403],[134.09032,34.63295],[134.09167,34.63444],[134.0931,34.63452],[134.09447,34.6356],[134.09353,34.63663],[134.09391,34.63728],[134.09703,34.63721],[134.0976,34.63817],[134.09948,34.63844],[134.10062,34.63963],[134.10372,34.63884],[134.10356,34.63698],[134.10408,34.63707],[134.10436,34.63781],[134.1046,34.63758],[134.10508,34.6352],[134.10429,34.63363],[134.10489,34.63289],[134.10694,34.63312],[134.10929,34.63456],[134.11088,34.63483],[134.10929,34.63109],[134.11255,34.63043],[134.11299,34.6296],[134.11412,34.62937],[134.11408,34.62824],[134.11612,34.62779],[134.11554,34.62637],[134.11666,34.62521],[134.11649,34.62378],[134.11723,34.62212],[134.11661,34.62098],[134.11525,34.62133],[134.11485,34.62055],[134.11677,34.61992],[134.11684,34.61953],[134.11324,34.61981],[134.11246,34.61926],[134.11288,34.61853],[134.11202,34.61612],[134.10996,34.61637],[134.10932,34.61665],[134.10928,34.61736],[134.10861,34.61744],[134.10871,34.61592],[134.10731,34.61374],[134.1088,34.61226],[134.10893,34.61118],[134.10965,34.61048],[134.10953,34.60966],[134.10846,34.60919],[134.10939,34.60845],[134.10969,34.60579],[134.11213,34.60396],[134.11162,34.60354],[134.11166,34.60258],[134.11263,34.6007],[134.11248,34.59977],[134.11159,34.5989],[134.11156,34.59789],[134.11216,34.5971],[134.11165,34.59497],[134.11375,34.59265],[134.11269,34.59174],[134.1119,34.59177],[134.11196,34.58983],[134.11139,34.58893],[134.10876,34.58963],[134.10737,34.58926],[134.10854,34.58987],[134.1086,34.59032],[134.10809,34.59043],[134.10827,34.58981],[134.10741,34.59023],[134.10698,34.59008],[134.10712,34.58962],[134.10684,34.59009],[134.10566,34.58957],[134.1066,34.58911],[134.10349,34.58957],[134.10177,34.58767],[134.10172,34.58685],[134.10103,34.58608],[134.10157,34.58687],[134.10104,34.58725],[134.10028,34.58654],[134.10069,34.58631],[134.09939,34.58535],[134.09972,34.58482],[134.10086,34.58486],[134.09971,34.58473],[134.09841,34.58515],[134.09671,34.5827],[134.09525,34.58258],[134.0944,34.58153],[134.09144,34.5809],[134.08915,34.58129],[134.08786,34.58051],[134.08608,34.58026],[134.08455,34.581],[134.0818,34.58385],[134.08318,34.58566],[134.0849,34.58512],[134.08319,34.58596],[134.08205,34.58491],[134.08162,34.58563],[134.08043,34.58619],[134.07731,34.58623],[134.06954,34.58421],[134.06878,34.58329],[134.0683,34.58392],[134.06646,34.58429],[134.06029,34.58452],[134.05909,34.58592],[134.05442,34.5865],[134.05329,34.5898],[134.05259,34.59027],[134.0529,34.59025],[134.05397,34.5943],[134.05354,34.59509],[134.05467,34.59491],[134.05494,34.5951],[134.05425,34.59525],[134.05419,34.59534],[134.05498,34.59516],[134.05551,34.59591],[134.05339,34.59592],[134.05347,34.59654],[134.05638,34.60181],[134.05731,34.60176],[134.05774,34.60332],[134.05877,34.60363],[134.05945,34.60337],[134.05996,34.60243],[134.06132,34.60235],[134.06235,34.60494],[134.064,34.60475],[134.06453,34.60554],[134.0638,34.6078],[134.06304,34.60858],[134.06218,34.60865],[134.06071,34.60773],[134.0599,34.60826],[134.05888,34.60803],[134.05346,34.60384],[134.05176,34.60535],[134.05233,34.60581],[134.05175,34.60586],[134.04841,34.60315],[134.0506,34.60087],[134.04937,34.59944],[134.04901,34.59954],[134.04929,34.59936],[134.04815,34.59888],[134.04846,34.59858],[134.0475,34.5978],[134.04785,34.59748],[134.04583,34.59907],[134.0445,34.59905],[134.04418,34.59945],[134.04519,34.60043],[134.04539,34.60196],[134.04347,34.60706],[134.04233,34.60845],[134.04186,34.6073],[134.04215,34.60846],[134.04152,34.6111],[134.04202,34.61163],[134.04168,34.61185],[134.0417,34.6114],[134.04135,34.61237],[134.03991,34.62222],[134.03933,34.62144],[134.03951,34.62282],[134.03967,34.62197],[134.03988,34.62227],[134.03975,34.62295],[134.03819,34.62322],[134.0382,34.62436],[134.03683,34.62688],[134.0357,34.63277],[134.03326,34.6326],[134.03186,34.63856],[134.0338,34.64464],[134.03781,34.64998],[134.03585,34.6515],[134.03243,34.64917],[134.02972,34.64573],[134.02913,34.64373],[134.02921,34.63532],[134.03243,34.62569],[134.03206,34.62561],[134.03431,34.61843],[134.03482,34.61524],[134.03249,34.60941],[134.0326,34.60768],[134.03142,34.60393],[134.02957,34.60426],[134.02904,34.6064],[134.02582,34.60687],[134.019,34.60977],[134.00288,34.61291],[133.99672,34.61349],[133.99667,34.61312],[133.99577,34.61321],[133.99585,34.61431],[133.9915,34.61462],[133.98884,34.61805],[133.98596,34.6256],[133.98684,34.64098],[133.98648,34.64503],[133.98783,34.64766],[133.98842,34.65375],[133.98919,34.65505],[133.99149,34.65609],[133.99266,34.65798],[133.99294,34.66083],[133.9925,34.66239],[133.99303,34.66392],[133.98935,34.6647],[133.98911,34.66612]]],[[[134.11032,34.56344],[134.11107,34.56244],[134.1108,34.56182],[134.11135,34.561],[134.11115,34.56043],[134.10954,34.56037],[134.10886,34.56104],[134.10778,34.56073],[134.10833,34.56201],[134.10777,34.56432],[134.11032,34.56344]]],[[[134.11238,34.56285],[134.11275,34.56288],[134.11272,34.56268],[134.11238,34.56285]]],[[[134.11257,34.56328],[134.11294,34.56354],[134.11284,34.5632],[134.11257,34.56328]]],[[[134.10365,34.5674],[134.10359,34.56751],[134.10366,34.56743],[134.10365,34.5674]]],[[[134.10325,34.56757],[134.10303,34.5679],[134.10328,34.56795],[134.10325,34.56757]]]]}},{"type":"Feature","properties":{"id":"muni-33104","name":"岡山市南区"},"geometry":{"type":"MultiPolygon","coordinates":[[[[133.96098,34.5838],[133.96189,34.58483],[133.96161,34.58531],[133.96231,34.58491],[133.96113,34.58617],[133.96184,34.5866],[133.96249,34.5862],[133.96209,34.58672],[133.96088,34.58683],[133.96043,34.58756],[133.96252,34.58864],[133.9631,34.58998],[133.96369,34.59019],[133.9634,34.58978],[133.96444,34.58952],[133.96419,34.59004],[133.96802,34.59183],[133.96825,34.5927],[133.96909,34.59252],[133.97286,34.59414],[133.97357,34.59328],[133.97366,34.59435],[133.97529,34.59406],[133.9762,34.59464],[133.97791,34.59408],[133.98774,34.59543],[133.98767,34.59508],[133.98963,34.59482],[133.98967,34.59366],[133.99166,34.59313],[133.9916,34.59465],[133.99644,34.59492],[133.99794,34.594],[133.99787,34.59323],[134.00307,34.59293],[134.0033,34.59394],[134.00439,34.59439],[134.00453,34.59519],[134.00524,34.59402],[134.00512,34.5947],[134.0064,34.59509],[134.00673,34.5948],[134.00686,34.59524],[134.00991,34.59594],[134.01067,34.59756],[134.01147,34.59799],[134.01192,34.59746],[134.01197,34.59793],[134.01379,34.5975],[134.01519,34.59798],[134.01888,34.59815],[134.01923,34.59867],[134.01924,34.59823],[134.01996,34.59833],[134.01941,34.59866],[134.02042,34.59898],[134.02057,34.59854],[134.02139,34.5984],[134.02284,34.59889],[134.0265,34.59898],[134.02826,34.59806],[134.02862,34.59848],[134.02887,34.59846],[134.02839,34.59802],[134.02887,34.59772],[134.0285,34.59724],[134.02906,34.59701],[134.02933,34.59858],[134.02959,34.5981],[134.03271,34.59777],[134.03356,34.59697],[134.03397,34.59602],[134.03231,34.5949],[134.03473,34.59045],[134.03586,34.59058],[134.03719,34.59184],[134.03682,34.591],[134.03741,34.59146],[134.03854,34.59081],[134.0392,34.59018],[134.03934,34.58854],[134.04069,34.5875],[134.04119,34.58379],[134.03997,34.58333],[134.03984,34.5827],[134.0404,34.58279],[134.04003,34.5825],[134.04091,34.58012],[134.04135,34.58047],[134.04326,34.57909],[134.04377,34.57801],[134.0447,34.57819],[134.04426,34.57845],[134.04601,34.57805],[134.04721,34.57659],[134.04612,34.57567],[134.04307,34.57616],[134.04221,34.57576],[134.04108,34.57637],[134.0391,34.57605],[134.03759,34.57476],[134.03658,34.57471],[134.03599,34.57401],[134.03636,34.57369],[134.0358,34.5741],[134.03519,34.57334],[134.03587,34.57439],[134.03454,34.57347],[134.03218,34.57478],[134.03024,34.5782],[134.02935,34.57854],[134.02689,34.5776],[134.02539,34.5763],[134.02364,34.57599],[134.02276,34.5752],[134.02232,34.57586],[134.02044,34.5764],[134.0197,34.57757],[134.01777,34.57736],[134.0173,34.5778],[134.01576,34.57688],[134.01505,34.57763],[134.01406,34.5775],[134.01022,34.5751],[134.00637,34.5755],[134.00477,34.57704],[134.00342,34.57641],[133.99878,34.57704],[133.99717,34.57637],[133.99571,34.57754],[133.99036,34.57595],[133.98764,34.5775],[133.98631,34.57749],[133.98522,34.57478],[133.98271,34.57226],[133.98314,34.57044],[133.9814,34.56871],[133.98273,34.56653],[133.98098,34.56403],[133.97966,34.56315],[133.97977,34.5623],[133.97844,34.56165],[133.97733,34.55997],[133.97483,34.5591],[133.97308,34.55916],[133.9711,34.55753],[133.96996,34.55784],[133.96947,34.55878],[133.96767,34.55893],[133.96632,34.55849],[133.96492,34.55907],[133.96467,34.56182],[133.96203,34.56492],[133.96168,34.56616],[133.95828,34.56714],[133.95793,34.56789],[133.95711,34.56817],[133.95617,34.57044],[133.95116,34.57037],[133.94897,34.571],[133.94835,34.57223],[133.94666,34.57296],[133.94738,34.57378],[133.94781,34.57345],[133.94873,34.57386],[133.94733,34.57503],[133.95272,34.57962],[133.95414,34.58115],[133.9539,34.58137],[133.9544,34.58137],[133.95669,34.58383],[133.95657,34.58451],[133.95713,34.58508],[133.95588,34.58589],[133.95621,34.58615],[133.95711,34.58523],[133.95813,34.58552],[133.95755,34.58522],[133.95916,34.5839],[133.95922,34.58429],[133.95965,34.58462],[133.95972,34.58458],[133.95916,34.58367],[133.96098,34.5838]]],[[[133.82151,34.54441],[133.82069,34.54667],[133.81992,34.54612],[133.81906,34.54678],[133.81862,34.54647],[133.81751,34.5473],[133.81701,34.54692],[133.81629,34.54739],[133.81857,34.54987],[133.82055,34.55101],[133.82221,34.5514],[133.82401,34.55098],[133.82679,34.55158],[133.8333,34.55497],[133.83264,34.55559],[133.83273,34.55833],[133.83102,34.56182],[133.82886,34.56447],[133.82538,34.56663],[133.82786,34.56773],[133.8282,34.56851],[133.83153,34.56781],[133.83278,34.56858],[133.84242,34.57912],[133.843,34.5807],[133.84373,34.58988],[133.83827,34.59926],[133.83973,34.60065],[133.83513,34.60658],[133.83487,34.61029],[133.83411,34.61145],[133.83457,34.61339],[133.8357,34.61382],[133.83521,34.61492],[133.83558,34.61508],[133.83524,34.61577],[133.83579,34.618],[133.8342,34.61771],[133.83494,34.61947],[133.83561,34.6199],[133.83758,34.62024],[133.83942,34.61869],[133.84092,34.6202],[133.8432,34.62106],[133.84416,34.6245],[133.84581,34.62506],[133.84734,34.62675],[133.8476,34.62806],[133.85149,34.6309],[133.85276,34.63298],[133.85219,34.63457],[133.85983,34.63665],[133.86811,34.63291],[133.87004,34.63287],[133.87238,34.63411],[133.87391,34.63423],[133.88027,34.63223],[133.88184,34.63053],[133.88345,34.62976],[133.88721,34.62946],[133.88786,34.63122],[133.89069,34.63114],[133.89131,34.63022],[133.89183,34.63363],[133.89478,34.63399],[133.89634,34.63515],[133.89764,34.63505],[133.89753,34.63652],[133.89956,34.63707],[133.90052,34.63594],[133.90457,34.63595],[133.90614,34.63813],[133.90667,34.63808],[133.90999,34.64136],[133.91098,34.64387],[133.91116,34.64303],[133.91292,34.64384],[133.9119,34.64266],[133.91229,34.63933],[133.91321,34.63918],[133.91307,34.63816],[133.91417,34.63772],[133.91775,34.63766],[133.91728,34.63552],[133.91768,34.63487],[133.91611,34.63422],[133.91666,34.63328],[133.91625,34.6331],[133.9165,34.63266],[133.91587,34.63087],[133.91634,34.63057],[133.91564,34.62978],[133.92463,34.62809],[133.9251,34.62994],[133.92565,34.62994],[133.92574,34.63047],[133.9265,34.6304],[133.92686,34.635],[133.93266,34.63447],[133.93304,34.63702],[133.9377,34.63474],[133.93864,34.63595],[133.945,34.63106],[133.94979,34.62522],[133.95367,34.62177],[133.96179,34.61255],[133.95985,34.61144],[133.96866,34.60083],[133.96851,34.59975],[133.96732,34.59916],[133.96835,34.59881],[133.96748,34.59863],[133.96724,34.59914],[133.96709,34.59855],[133.96631,34.59839],[133.96701,34.59866],[133.96696,34.59906],[133.96522,34.59865],[133.96544,34.59821],[133.96502,34.59861],[133.96366,34.59829],[133.96381,34.59798],[133.9632,34.59819],[133.96326,34.59781],[133.96306,34.59817],[133.95936,34.59736],[133.95839,34.59792],[133.95886,34.59721],[133.95669,34.59671],[133.95715,34.59697],[133.95235,34.60275],[133.94966,34.60109],[133.9499,34.60087],[133.94591,34.59913],[133.94962,34.59464],[133.95224,34.59575],[133.95437,34.59637],[133.94896,34.59414],[133.94832,34.59432],[133.9485,34.59392],[133.94785,34.59352],[133.95087,34.59088],[133.94988,34.5901],[133.94779,34.59209],[133.94392,34.59017],[133.93772,34.58833],[133.92266,34.58744],[133.92573,34.58672],[133.92546,34.57848],[133.92927,34.57264],[133.92983,34.56952],[133.92953,34.56912],[133.92999,34.56879],[133.93081,34.56495],[133.93161,34.56341],[133.91974,34.5449],[133.90234,34.53715],[133.89731,34.54305],[133.89473,34.54163],[133.89342,34.54315],[133.88448,34.53794],[133.88704,34.53674],[133.88606,34.53546],[133.88791,34.5347],[133.88629,34.53158],[133.88567,34.52739],[133.88669,34.52507],[133.88227,34.52387],[133.88117,34.52453],[133.8792,34.52411],[133.87841,34.52453],[133.87707,34.52361],[133.87664,34.52262],[133.87368,34.52222],[133.87366,34.52143],[133.87291,34.52105],[133.87042,34.52035],[133.86952,34.51951],[133.86628,34.51873],[133.86518,34.51992],[133.8618,34.51985],[133.86092,34.51922],[133.86077,34.51838],[133.86002,34.51887],[133.85897,34.51873],[133.85755,34.51969],[133.85644,34.51984],[133.85605,34.52077],[133.85445,34.52037],[133.85364,34.51964],[133.85135,34.52121],[133.85068,34.52528],[133.84985,34.52693],[133.85195,34.52947],[133.85121,34.53003],[133.85111,34.53104],[133.84985,34.53192],[133.84906,34.53193],[133.84707,34.52917],[133.84541,34.529],[133.84295,34.53057],[133.84265,34.53199],[133.8414,34.53381],[133.83925,34.53387],[133.83779,34.53571],[133.83503,34.53543],[133.83229,34.53361],[133.83128,34.53384],[133.83036,34.53324],[133.82957,34.53352],[133.82947,34.53463],[133.82839,34.53446],[133.82784,34.53484],[133.828,34.53565],[133.82717,34.5374],[133.82602,34.53728],[133.82438,34.54034],[133.82404,34.54334],[133.82329,34.544],[133.82151,34.54441]]],[[[133.98905,34.60575],[133.99106,34.602],[133.99085,34.60116],[133.99004,34.60069],[133.9893,34.6009],[133.98923,34.60219],[133.98798,34.60455],[133.98934,34.60621],[133.98905,34.60575]]]]}},{"type":"Feature","properties":{"id":"muni-33202","name":"倉敷市"},"geometry":{"type":"MultiPolygon","coordinates":[[[[133.81706,34.42602],[133.83084,34.42372],[133.83127,34.42414],[133.83358,34.42366],[133.83596,34.42458],[133.83677,34.42541],[133.83708,34.42509],[133.83661,34.42348],[133.83581,34.42326],[133.83467,34.4212],[133.83342,34.42105],[133.83284,34.42031],[133.83257,34.41894],[133.8318,34.41817],[133.83213,34.41724],[133.81629,34.42452],[133.81482,34.42475],[133.81395,34.42568],[133.81509,34.42541],[133.81706,34.42602]]],[[[133.75718,34.42097],[133.7442,34.45426],[133.75025,34.46828],[133.76388,34.46373],[133.78085,34.4228],[133.77291,34.41551],[133.75718,34.42097]]],[[[133.60389,34.49567],[133.60447,34.4958],[133.60285,34.49701],[133.60326,34.50081],[133.60246,34.50178],[133.60264,34.50303],[133.60587,34.50327],[133.60724,34.50589],[133.60952,34.50692],[133.61151,34.50682],[133.61397,34.50778],[133.61751,34.5073],[133.61849,34.51017],[133.62103,34.51064],[133.62221,34.51229],[133.62312,34.5127],[133.62261,34.5153],[133.62187,34.51604],[133.62212,34.51704],[133.62156,34.51931],[133.62369,34.51875],[133.62425,34.5197],[133.62586,34.52037],[133.62693,34.52204],[133.6276,34.52211],[133.62773,34.52141],[133.62932,34.52055],[133.63094,34.52065],[133.6317,34.52166],[133.63091,34.52407],[133.63235,34.52568],[133.63219,34.52648],[133.63612,34.53028],[133.63568,34.53193],[133.6368,34.53283],[133.63673,34.53505],[133.64009,34.53666],[133.64066,34.53938],[133.65016,34.54528],[133.64858,34.54539],[133.64285,34.54817],[133.64497,34.54976],[133.64414,34.55101],[133.64412,34.55188],[133.64518,34.55263],[133.64577,34.55419],[133.64661,34.55449],[133.64755,34.55381],[133.64791,34.55728],[133.64042,34.56026],[133.64004,34.56082],[133.63841,34.56053],[133.63848,34.56282],[133.63973,34.56437],[133.63917,34.56531],[133.63763,34.56532],[133.63698,34.5659],[133.63658,34.56682],[133.63715,34.56792],[133.63668,34.56951],[133.6347,34.57026],[133.63456,34.57144],[133.63239,34.57193],[133.63159,34.57321],[133.63049,34.57352],[133.62951,34.57453],[133.62791,34.57426],[133.62593,34.57564],[133.62281,34.57903],[133.62301,34.58011],[133.62434,34.58188],[133.62814,34.5821],[133.62874,34.58234],[133.62884,34.58311],[133.62999,34.58356],[133.632,34.58387],[133.63313,34.58294],[133.63665,34.58383],[133.63691,34.58425],[133.63641,34.58518],[133.63729,34.58545],[133.63698,34.58673],[133.63741,34.58782],[133.63852,34.58778],[133.63837,34.58855],[133.63894,34.5892],[133.64159,34.59059],[133.64316,34.59249],[133.64548,34.59389],[133.64617,34.59349],[133.64737,34.59489],[133.64858,34.59532],[133.64955,34.59633],[133.64953,34.59679],[133.64122,34.60294],[133.63983,34.60438],[133.63771,34.60823],[133.63785,34.60955],[133.63706,34.61039],[133.63633,34.61447],[133.63763,34.61457],[133.63579,34.61762],[133.63569,34.61988],[133.63441,34.6213],[133.63328,34.6237],[133.63324,34.62716],[133.63201,34.62788],[133.63204,34.62865],[133.63384,34.63048],[133.633,34.63294],[133.63208,34.63403],[133.63269,34.63702],[133.63379,34.63809],[133.63402,34.63961],[133.63245,34.64085],[133.63211,34.642],[133.63268,34.64269],[133.63721,34.64459],[133.63907,34.6445],[133.64001,34.64532],[133.64264,34.64582],[133.64427,34.64538],[133.64502,34.64657],[133.64962,34.64532],[133.65136,34.64586],[133.65371,34.64754],[133.65659,34.6476],[133.65736,34.6483],[133.6578,34.64966],[133.66066,34.65001],[133.6619,34.6509],[133.66272,34.65041],[133.66358,34.64858],[133.66439,34.64844],[133.66533,34.64942],[133.66662,34.6494],[133.66722,34.65035],[133.66696,34.65146],[133.66855,34.65283],[133.66877,34.65486],[133.67054,34.65509],[133.67083,34.65643],[133.67363,34.65767],[133.67358,34.65833],[133.67474,34.65889],[133.6747,34.65981],[133.67539,34.66029],[133.67857,34.66069],[133.67932,34.65872],[133.68235,34.65765],[133.68248,34.65865],[133.68368,34.65869],[133.6864,34.66119],[133.68841,34.66146],[133.68812,34.66325],[133.69386,34.66471],[133.69612,34.65961],[133.70067,34.65903],[133.70186,34.65686],[133.7051,34.65834],[133.70576,34.65697],[133.70678,34.6573],[133.70815,34.65696],[133.70929,34.65603],[133.71137,34.65551],[133.71471,34.65707],[133.71689,34.65877],[133.71699,34.65628],[133.72227,34.64895],[133.72337,34.64629],[133.72748,34.6465],[133.72778,34.63852],[133.72737,34.63443],[133.72624,34.631],[133.7278,34.62763],[133.73062,34.62465],[133.73003,34.62415],[133.73157,34.62222],[133.7359,34.62358],[133.74251,34.62211],[133.7463,34.62229],[133.74745,34.62334],[133.74858,34.62577],[133.75173,34.62667],[133.75364,34.62898],[133.75596,34.62999],[133.75726,34.63136],[133.75437,34.63403],[133.75335,34.63399],[133.752,34.63295],[133.75083,34.63344],[133.7514,34.63446],[133.75281,34.63509],[133.75285,34.63634],[133.75233,34.63688],[133.75308,34.63732],[133.75442,34.63709],[133.7552,34.63832],[133.7563,34.63856],[133.75609,34.63907],[133.75764,34.64165],[133.75944,34.64186],[133.76002,34.64246],[133.7626,34.64317],[133.76267,34.6446],[133.76391,34.64475],[133.76413,34.64309],[133.7663,34.64263],[133.7668,34.64163],[133.76859,34.64032],[133.77062,34.64037],[133.77144,34.64164],[133.77303,34.64263],[133.77309,34.6432],[133.77607,34.64459],[133.77629,34.64405],[133.77981,34.6442],[133.78044,34.64489],[133.78117,34.6432],[133.78207,34.64238],[133.78437,34.64367],[133.78625,34.64282],[133.78814,34.64287],[133.78845,34.64226],[133.79042,34.64273],[133.79328,34.64052],[133.79329,34.63816],[133.79437,34.63944],[133.7965,34.63972],[133.79923,34.64084],[133.79958,34.6421],[133.80062,34.64312],[133.79883,34.64429],[133.79816,34.64778],[133.7988,34.64857],[133.80032,34.64875],[133.79882,34.65376],[133.79933,34.65543],[133.80078,34.65574],[133.80069,34.65937],[133.80163,34.66006],[133.80149,34.66271],[133.80472,34.66359],[133.80659,34.6653],[133.81161,34.66636],[133.81234,34.66781],[133.81675,34.66774],[133.82198,34.66837],[133.82495,34.66947],[133.82581,34.66638],[133.82896,34.66471],[133.82941,34.66495],[133.83135,34.66412],[133.83576,34.66118],[133.83468,34.66048],[133.83508,34.65876],[133.83547,34.65766],[133.83671,34.65785],[133.83784,34.65504],[133.83565,34.65445],[133.83663,34.65164],[133.83416,34.65103],[133.8337,34.65228],[133.83147,34.65159],[133.83685,34.63652],[133.83746,34.63532],[133.83894,34.63562],[133.83907,34.63376],[133.83622,34.63419],[133.83516,34.63381],[133.83599,34.63124],[133.83533,34.62995],[133.83361,34.62879],[133.83335,34.62783],[133.83105,34.62794],[133.82944,34.62745],[133.82863,34.62627],[133.82677,34.62587],[133.82471,34.6238],[133.82179,34.62286],[133.82014,34.62172],[133.81991,34.62202],[133.81795,34.62127],[133.81782,34.62004],[133.81549,34.61811],[133.81389,34.61899],[133.81423,34.61826],[133.81344,34.61733],[133.81331,34.61603],[133.81399,34.61497],[133.81438,34.61287],[133.8093,34.61151],[133.80402,34.61147],[133.80147,34.60903],[133.80486,34.60508],[133.80522,34.60058],[133.80688,34.59687],[133.81219,34.59899],[133.81374,34.59916],[133.81975,34.59793],[133.82017,34.59716],[133.82427,34.59616],[133.82455,34.59049],[133.82923,34.59242],[133.83204,34.59451],[133.83244,34.59557],[133.83842,34.59968],[133.83827,34.59926],[133.84369,34.59002],[133.843,34.5807],[133.84242,34.57912],[133.83278,34.56858],[133.83153,34.56781],[133.8282,34.56851],[133.82786,34.56773],[133.82538,34.56663],[133.82886,34.56447],[133.83102,34.56182],[133.83273,34.55833],[133.83264,34.55559],[133.8333,34.55497],[133.82679,34.55158],[133.82401,34.55098],[133.82221,34.5514],[133.82055,34.55101],[133.81857,34.54987],[133.81629,34.54739],[133.81701,34.54692],[133.81751,34.5473],[133.81862,34.54647],[133.81906,34.54678],[133.81992,34.54612],[133.82069,34.54667],[133.82126,34.54609],[133.82151,34.54441],[133.82329,34.544],[133.82404,34.54334],[133.82404,34.54142],[133.82495,34.53888],[133.82611,34.53721],[133.82717,34.5374],[133.828,34.53565],[133.82784,34.53484],[133.82839,34.53446],[133.82947,34.53463],[133.82957,34.53352],[133.83036,34.53324],[133.83128,34.53384],[133.83229,34.53361],[133.83503,34.53543],[133.83779,34.53571],[133.83925,34.53387],[133.8414,34.53381],[133.84265,34.53199],[133.84295,34.53057],[133.84541,34.529],[133.84707,34.52917],[133.84906,34.53193],[133.84985,34.53192],[133.85111,34.53104],[133.85121,34.53003],[133.85195,34.52947],[133.84985,34.52693],[133.85068,34.52528],[133.85135,34.52121],[133.85364,34.51964],[133.85445,34.52037],[133.85605,34.52077],[133.85644,34.51984],[133.86077,34.51838],[133.86092,34.51922],[133.8618,34.51985],[133.86526,34.5199],[133.86618,34.51904],[133.86552,34.51649],[133.86632,34.51312],[133.8662,34.51107],[133.86885,34.50915],[133.86789,34.50614],[133.86964,34.5048],[133.86905,34.50286],[133.87051,34.50003],[133.86988,34.49861],[133.869,34.49862],[133.86751,34.49614],[133.86782,34.4953],[133.86952,34.49609],[133.87073,34.49529],[133.87035,34.49433],[133.8706,34.49332],[133.87018,34.49232],[133.8677,34.49262],[133.86707,34.49149],[133.86723,34.49011],[133.86673,34.49124],[133.86718,34.49267],[133.86495,34.49251],[133.86334,34.49412],[133.86056,34.49289],[133.86254,34.49244],[133.86333,34.49281],[133.86377,34.49228],[133.86376,34.49108],[133.86306,34.49066],[133.86373,34.4902],[133.86275,34.48956],[133.86363,34.48696],[133.86296,34.48564],[133.86118,34.48589],[133.86238,34.48476],[133.86188,34.48399],[133.86228,34.48372],[133.85929,34.48238],[133.86105,34.48303],[133.86225,34.48284],[133.86209,34.48162],[133.86111,34.48077],[133.86229,34.48045],[133.86239,34.4776],[133.86353,34.47697],[133.86366,34.47636],[133.86558,34.47638],[133.86574,34.47556],[133.86709,34.47509],[133.87006,34.47563],[133.86996,34.47635],[133.8705,34.47661],[133.87261,34.47616],[133.87303,34.47509],[133.87437,34.47502],[133.87499,34.47421],[133.87642,34.47436],[133.8765,34.47296],[133.87765,34.4731],[133.87803,34.4726],[133.8776,34.47182],[133.87694,34.47243],[133.87622,34.47158],[133.87627,34.46782],[133.87743,34.46715],[133.87734,34.46555],[133.87798,34.4643],[133.8795,34.46421],[133.88106,34.4635],[133.88214,34.46177],[133.88165,34.46109],[133.88215,34.46017],[133.88186,34.4584],[133.88018,34.4567],[133.87872,34.45769],[133.87664,34.46011],[133.87448,34.46102],[133.87309,34.46283],[133.86734,34.46731],[133.86544,34.46769],[133.86533,34.46697],[133.86306,34.46723],[133.86266,34.46802],[133.86009,34.46713],[133.85983,34.468],[133.85947,34.46697],[133.85699,34.46987],[133.85214,34.46988],[133.85212,34.46897],[133.84804,34.46991],[133.8472,34.4695],[133.84621,34.47007],[133.84376,34.4701],[133.84294,34.46969],[133.84308,34.4692],[133.84043,34.46894],[133.83648,34.4714],[133.83784,34.47236],[133.83655,34.47459],[133.83384,34.47435],[133.83273,34.47317],[133.83398,34.47128],[133.83141,34.47013],[133.83024,34.47309],[133.82665,34.47085],[133.82711,34.47035],[133.8257,34.46983],[133.82406,34.47234],[133.82534,34.46961],[133.82076,34.46856],[133.8199,34.46956],[133.81906,34.46925],[133.81962,34.46791],[133.81681,34.46664],[133.81765,34.46584],[133.81676,34.46536],[133.81766,34.46427],[133.81532,34.46271],[133.8112,34.4642],[133.80712,34.46864],[133.80661,34.46851],[133.80668,34.46759],[133.80995,34.464],[133.80988,34.46332],[133.8122,34.46266],[133.81519,34.46068],[133.81476,34.46008],[133.80876,34.46155],[133.80902,34.46113],[133.80815,34.45898],[133.81084,34.45814],[133.80975,34.45589],[133.80999,34.45257],[133.81081,34.45257],[133.81049,34.45065],[133.80936,34.44998],[133.80965,34.44681],[133.81069,34.44534],[133.81122,34.44545],[133.81229,34.44196],[133.8112,34.44223],[133.81157,34.44071],[133.81212,34.44049],[133.81277,34.44074],[133.81265,34.44112],[133.81314,34.44035],[133.8143,34.44052],[133.81358,34.44174],[133.81452,34.44211],[133.81549,34.44038],[133.81368,34.44015],[133.81388,34.43863],[133.81472,34.43771],[133.81619,34.43745],[133.81847,34.43595],[133.81981,34.43318],[133.8224,34.43053],[133.82253,34.42978],[133.82085,34.42929],[133.81744,34.43199],[133.81556,34.43201],[133.81437,34.43142],[133.81249,34.43199],[133.80957,34.43411],[133.80866,34.43448],[133.80826,34.43418],[133.80652,34.43508],[133.80709,34.43596],[133.80609,34.43656],[133.80519,34.43625],[133.80607,34.43555],[133.80236,34.43716],[133.80155,34.43617],[133.79666,34.43674],[133.79653,34.43594],[133.79594,34.436],[133.79448,34.43664],[133.79422,34.43772],[133.79112,34.43946],[133.79029,34.43936],[133.79051,34.43852],[133.7913,34.43849],[133.79055,34.4376],[133.79022,34.43798],[133.78878,34.43738],[133.78951,34.43708],[133.78951,34.43663],[133.78763,34.43545],[133.78648,34.43548],[133.78482,34.43664],[133.78401,34.43794],[133.78293,34.438],[133.78225,34.43912],[133.78126,34.43958],[133.78151,34.44066],[133.78088,34.44449],[133.77959,34.44693],[133.77759,34.44798],[133.77647,34.44966],[133.77587,34.44969],[133.77448,34.45314],[133.77119,34.4553],[133.77072,34.45699],[133.772,34.45744],[133.77347,34.45692],[133.77515,34.45831],[133.77493,34.46073],[133.77391,34.4617],[133.77442,34.46192],[133.77424,34.46227],[133.77296,34.4628],[133.77324,34.46138],[133.77252,34.46223],[133.77033,34.46244],[133.76866,34.46181],[133.76712,34.46252],[133.76725,34.46706],[133.76688,34.46937],[133.76634,34.46931],[133.76645,34.46768],[133.76622,34.46712],[133.76594,34.47027],[133.76675,34.47033],[133.76661,34.47233],[133.76571,34.47295],[133.76539,34.4723],[133.76346,34.4727],[133.76288,34.47008],[133.7596,34.47023],[133.75932,34.46843],[133.75811,34.46861],[133.75839,34.47414],[133.75911,34.47498],[133.761,34.47514],[133.76137,34.47548],[133.75907,34.47534],[133.75797,34.47626],[133.75692,34.47512],[133.75604,34.47605],[133.75728,34.47718],[133.75739,34.47966],[133.75782,34.48016],[133.75733,34.48213],[133.76247,34.49116],[133.76148,34.4931],[133.76365,34.49253],[133.76501,34.4935],[133.76328,34.49444],[133.76349,34.49973],[133.76559,34.50688],[133.76746,34.50795],[133.76486,34.50755],[133.76255,34.49958],[133.76092,34.49931],[133.76014,34.49313],[133.75835,34.4864],[133.74831,34.48953],[133.74264,34.50144],[133.74324,34.50882],[133.74558,34.51179],[133.74424,34.51285],[133.74365,34.51249],[133.74254,34.51404],[133.73995,34.51594],[133.73905,34.51762],[133.73969,34.52297],[133.73945,34.52409],[133.73993,34.52513],[133.73792,34.52484],[133.73736,34.52293],[133.73659,34.51706],[133.7371,34.50863],[133.73505,34.50667],[133.73505,34.49863],[133.72962,34.49864],[133.72169,34.50087],[133.72169,34.50389],[133.71903,34.50389],[133.719,34.49647],[133.73704,34.4908],[133.74289,34.47045],[133.74024,34.46994],[133.73742,34.47079],[133.73314,34.47456],[133.72714,34.47645],[133.72635,34.47585],[133.72507,34.47294],[133.7199,34.47437],[133.71929,34.47314],[133.70401,34.4778],[133.70572,34.52753],[133.70532,34.53202],[133.703,34.54311],[133.70078,34.54302],[133.70033,34.55133],[133.70255,34.55911],[133.6973,34.55947],[133.69429,34.54927],[133.6923,34.54485],[133.69204,34.54338],[133.6926,34.54211],[133.69197,34.54136],[133.6913,34.53758],[133.6909,34.52436],[133.69121,34.5229],[133.68955,34.52357],[133.68973,34.52546],[133.68267,34.52519],[133.68075,34.52452],[133.67976,34.52475],[133.67859,34.52363],[133.67863,34.52304],[133.6843,34.52352],[133.68438,34.52303],[133.69065,34.51964],[133.69043,34.51231],[133.68398,34.51245],[133.68409,34.50698],[133.67821,34.50713],[133.67815,34.50417],[133.68388,34.5041],[133.68357,34.49043],[133.66885,34.49066],[133.66916,34.502],[133.67474,34.50416],[133.67792,34.50413],[133.67793,34.50715],[133.67021,34.50734],[133.67037,34.51268],[133.67581,34.5148],[133.67591,34.5137],[133.67709,34.51368],[133.67715,34.51483],[133.67683,34.51487],[133.67681,34.51836],[133.66984,34.51773],[133.66912,34.52487],[133.66766,34.52482],[133.66788,34.52562],[133.66746,34.5256],[133.6672,34.52694],[133.66661,34.52691],[133.66641,34.53107],[133.66746,34.53256],[133.66774,34.5341],[133.66853,34.53441],[133.66825,34.53518],[133.67027,34.53988],[133.67022,34.54149],[133.66963,34.54086],[133.66901,34.54097],[133.66645,34.53447],[133.66421,34.53264],[133.66305,34.53077],[133.66399,34.53034],[133.66383,34.52621],[133.66354,34.52708],[133.66271,34.52701],[133.66282,34.52575],[133.66556,34.52405],[133.66514,34.52289],[133.66553,34.52149],[133.6647,34.5199],[133.665,34.51924],[133.65958,34.51983],[133.65945,34.5208],[133.65844,34.5203],[133.65677,34.51647],[133.65682,34.51568],[133.65565,34.51628],[133.65494,34.51614],[133.64794,34.51208],[133.64898,34.51147],[133.64906,34.50968],[133.65054,34.50927],[133.65081,34.51],[133.65124,34.50997],[133.65082,34.5084],[133.64796,34.50575],[133.6478,34.505],[133.64885,34.50392],[133.64181,34.50495],[133.64002,34.50313],[133.6409,34.50425],[133.64051,34.50496],[133.63842,34.50417],[133.63821,34.50377],[133.63899,34.50282],[133.6394,34.50295],[133.63807,34.5013],[133.63722,34.50199],[133.63563,34.5023],[133.63063,34.50229],[133.62873,34.50191],[133.62813,34.50134],[133.62887,34.49965],[133.62773,34.50171],[133.62665,34.50152],[133.62531,34.50079],[133.62501,34.49981],[133.62355,34.49832],[133.62348,34.49778],[133.62401,34.49739],[133.6234,34.4966],[133.62358,34.49584],[133.62228,34.49449],[133.62201,34.49356],[133.61931,34.49165],[133.61782,34.4916],[133.61727,34.49105],[133.61666,34.49134],[133.61621,34.4942],[133.61462,34.49492],[133.60729,34.49539],[133.60639,34.49499],[133.60663,34.4946],[133.60618,34.49429],[133.60566,34.49484],[133.60388,34.49501],[133.60389,34.49567]]]]}},{"type":"Feature","properties":{"id":"muni-33203","name":"津山市"},"geometry":{"type":"Polygon","coordinates":[[[133.87812,35.0238],[133.87704,35.02624],[133.87797,35.02852],[133.87765,35.03132],[133.87689,35.03287],[133.87818,35.03487],[133.87757,35.03659],[133.87559,35.03663],[133.87355,35.03742],[133.87342,35.03825],[133.8742,35.03939],[133.87399,35.04007],[133.87502,35.04188],[133.87459,35.04247],[133.8657,35.04254],[133.86443,35.04183],[133.86366,35.04028],[133.86206,35.0404],[133.86141,35.03983],[133.85824,35.04024],[133.85726,35.03965],[133.85613,35.04033],[133.85511,35.03971],[133.85368,35.04072],[133.85231,35.03932],[133.85082,35.03963],[133.85012,35.03929],[133.84761,35.04013],[133.84575,35.0399],[133.84443,35.03963],[133.84352,35.03818],[133.84282,35.03807],[133.84149,35.03869],[133.84227,35.04087],[133.84019,35.04039],[133.83949,35.04225],[133.83568,35.04718],[133.83241,35.04593],[133.83165,35.04446],[133.83061,35.04482],[133.82749,35.04412],[133.82399,35.04585],[133.82224,35.04761],[133.82245,35.04873],[133.82168,35.05064],[133.82303,35.0514],[133.82305,35.05218],[133.82395,35.05248],[133.82447,35.05377],[133.82371,35.05505],[133.82377,35.05844],[133.82429,35.05888],[133.82242,35.06629],[133.82107,35.06771],[133.82279,35.06819],[133.82382,35.06921],[133.82437,35.07074],[133.82573,35.07145],[133.82617,35.07313],[133.82689,35.07316],[133.82871,35.07536],[133.8289,35.0778],[133.8328,35.08116],[133.83539,35.08233],[133.83572,35.0841],[133.83517,35.08497],[133.83564,35.08695],[133.83263,35.08816],[133.83613,35.09745],[133.83629,35.09885],[133.83843,35.09854],[133.84035,35.09885],[133.84096,35.09957],[133.84411,35.10052],[133.84608,35.10235],[133.84755,35.1024],[133.84898,35.10325],[133.85158,35.10311],[133.85596,35.10544],[133.85985,35.10521],[133.86188,35.1038],[133.86349,35.10358],[133.86405,35.10257],[133.86532,35.1029],[133.86585,35.10212],[133.86793,35.10177],[133.86799,35.09884],[133.87019,35.09771],[133.8703,35.09614],[133.87167,35.09315],[133.87451,35.0908],[133.874,35.08963],[133.87425,35.08782],[133.87349,35.08575],[133.87611,35.08523],[133.87893,35.08363],[133.87944,35.08292],[133.87939,35.08196],[133.88032,35.08071],[133.88218,35.08081],[133.88438,35.08021],[133.88654,35.08031],[133.88739,35.08081],[133.88834,35.08021],[133.8897,35.08114],[133.8959,35.07981],[133.89756,35.07741],[133.89957,35.07667],[133.90066,35.07694],[133.90173,35.0761],[133.90216,35.07485],[133.90387,35.07446],[133.90466,35.07474],[133.90642,35.07221],[133.90776,35.07209],[133.90863,35.07075],[133.91069,35.07058],[133.91315,35.06706],[133.91411,35.0667],[133.9154,35.06726],[133.91742,35.066],[133.91695,35.06433],[133.91807,35.06347],[133.91936,35.06328],[133.9204,35.06377],[133.9221,35.06287],[133.92367,35.06334],[133.9251,35.06277],[133.92535,35.06216],[133.92644,35.06339],[133.93097,35.06338],[133.93265,35.06424],[133.93366,35.0632],[133.93381,35.06217],[133.93483,35.06272],[133.93577,35.06225],[133.93614,35.06351],[133.93749,35.06293],[133.93758,35.06583],[133.93974,35.06632],[133.93977,35.06903],[133.94142,35.06921],[133.94281,35.07094],[133.94407,35.07102],[133.94367,35.07286],[133.94434,35.07375],[133.94285,35.07681],[133.94316,35.07796],[133.94519,35.07799],[133.94514,35.08184],[133.94414,35.08182],[133.94333,35.08494],[133.9462,35.0861],[133.94573,35.0878],[133.94793,35.08761],[133.94811,35.08814],[133.94886,35.08783],[133.94821,35.08896],[133.94902,35.08935],[133.94893,35.09064],[133.94946,35.09137],[133.94887,35.09241],[133.95045,35.09389],[133.95015,35.09454],[133.95081,35.09511],[133.95277,35.09465],[133.95431,35.09516],[133.95489,35.09676],[133.95573,35.09714],[133.95644,35.09934],[133.95522,35.10187],[133.95595,35.10306],[133.95679,35.10314],[133.95868,35.1057],[133.95976,35.10619],[133.96357,35.1058],[133.96512,35.10601],[133.96552,35.1068],[133.96554,35.10772],[133.96635,35.109],[133.96445,35.11027],[133.96434,35.11172],[133.96478,35.11198],[133.96343,35.1132],[133.96417,35.11414],[133.96305,35.11573],[133.96325,35.11675],[133.96383,35.1182],[133.96462,35.11854],[133.96544,35.12168],[133.9678,35.12331],[133.96889,35.12559],[133.96919,35.12929],[133.96846,35.13233],[133.97039,35.13593],[133.96939,35.13671],[133.97072,35.13813],[133.97116,35.14042],[133.97408,35.14174],[133.97498,35.14303],[133.97511,35.14412],[133.97427,35.1458],[133.97503,35.14633],[133.97449,35.14799],[133.97491,35.14941],[133.97408,35.15062],[133.97547,35.15279],[133.97582,35.15508],[133.97703,35.15645],[133.97784,35.15671],[133.9775,35.15757],[133.97791,35.15903],[133.97951,35.15939],[133.98016,35.16017],[133.98011,35.16187],[133.9805,35.16149],[133.98246,35.16171],[133.98414,35.16103],[133.98456,35.16225],[133.9861,35.16302],[133.98725,35.16567],[133.98733,35.16733],[133.98654,35.1681],[133.98709,35.1705],[133.9878,35.17092],[133.98821,35.17196],[133.98991,35.17245],[133.99186,35.17578],[133.99309,35.17624],[133.99341,35.17686],[133.9953,35.177],[133.99597,35.17821],[133.9955,35.18047],[133.99609,35.18174],[133.99556,35.18282],[133.99585,35.18434],[133.99721,35.18577],[133.99709,35.18731],[133.99784,35.18913],[133.99778,35.19039],[133.99956,35.19184],[133.99979,35.19333],[133.99798,35.19513],[133.99882,35.19706],[134.00022,35.1985],[133.99984,35.19992],[133.99812,35.20145],[133.99883,35.20297],[133.99776,35.20494],[133.99767,35.20736],[133.99715,35.20786],[133.99742,35.20914],[133.9966,35.21024],[133.99758,35.21257],[133.99825,35.21314],[133.99774,35.21412],[133.99837,35.21466],[133.99695,35.21664],[133.99681,35.21898],[133.998,35.21983],[133.99869,35.22203],[134.00109,35.22355],[134.00128,35.22511],[134.00277,35.2252],[134.00358,35.22613],[134.00592,35.22692],[134.00704,35.22878],[134.00856,35.22963],[134.01013,35.22973],[134.0125,35.23137],[134.01077,35.23342],[134.0086,35.23477],[134.00799,35.23603],[134.00684,35.23671],[134.00598,35.23865],[134.00427,35.24027],[134.0041,35.24099],[134.00585,35.24491],[134.00413,35.24713],[134.00134,35.24907],[134.00118,35.25209],[134.00025,35.2532],[133.99988,35.25585],[134.00057,35.25637],[134.00501,35.25662],[134.00511,35.2578],[134.00627,35.25829],[134.00624,35.25954],[134.00788,35.25989],[134.00906,35.2634],[134.0126,35.26559],[134.01473,35.26571],[134.0168,35.26679],[134.01938,35.26915],[134.02007,35.27258],[134.02193,35.27412],[134.02224,35.27645],[134.02185,35.27887],[134.02054,35.28207],[134.01753,35.2842],[134.01874,35.28701],[134.01853,35.2884],[134.01927,35.29056],[134.01893,35.29122],[134.02078,35.29193],[134.02117,35.2934],[134.02307,35.29379],[134.02359,35.29537],[134.02536,35.29633],[134.02645,35.29972],[134.0301,35.30545],[134.03473,35.30385],[134.03769,35.30447],[134.03974,35.30376],[134.0424,35.30364],[134.04409,35.30265],[134.04809,35.29867],[134.05077,35.29869],[134.05217,35.29821],[134.05511,35.29863],[134.05758,35.3002],[134.0585,35.30136],[134.06231,35.30309],[134.06378,35.30248],[134.06653,35.29935],[134.06996,35.29721],[134.07083,35.29943],[134.07572,35.30268],[134.08202,35.30257],[134.08369,35.30303],[134.08512,35.30395],[134.08524,35.30625],[134.08632,35.30744],[134.08775,35.30728],[134.08931,35.30614],[134.09126,35.3055],[134.09236,35.30554],[134.09402,35.30646],[134.09475,35.30553],[134.09782,35.30592],[134.09876,35.30443],[134.09805,35.3032],[134.09949,35.30135],[134.1006,35.30026],[134.1023,35.3004],[134.10266,35.29691],[134.10319,35.29596],[134.10418,35.29513],[134.10818,35.29359],[134.1097,35.29206],[134.1095,35.2913],[134.11159,35.29059],[134.11133,35.28963],[134.11415,35.28863],[134.11464,35.28675],[134.11361,35.28553],[134.11565,35.28375],[134.11776,35.28345],[134.12269,35.28112],[134.12702,35.2803],[134.13131,35.28039],[134.13342,35.28144],[134.13432,35.28336],[134.13577,35.28255],[134.13668,35.28073],[134.13966,35.2787],[134.14121,35.27479],[134.14043,35.27357],[134.13834,35.27292],[134.13768,35.27105],[134.13792,35.26912],[134.14004,35.268],[134.13977,35.26751],[134.14059,35.26586],[134.14249,35.26391],[134.14402,35.26381],[134.14639,35.26254],[134.14573,35.26113],[134.14981,35.26076],[134.1505,35.25783],[134.14744,35.25509],[134.14711,35.2541],[134.14464,35.25369],[134.14495,35.25211],[134.14304,35.25069],[134.14298,35.24808],[134.14413,35.24593],[134.14378,35.24459],[134.14572,35.24368],[134.14541,35.24267],[134.14332,35.24142],[134.14068,35.24151],[134.13732,35.23884],[134.1385,35.23678],[134.14023,35.23595],[134.14143,35.23374],[134.14438,35.2313],[134.14796,35.23197],[134.15041,35.23328],[134.15431,35.23342],[134.15724,35.23451],[134.16089,35.23329],[134.16225,35.23011],[134.16413,35.22808],[134.16391,35.22682],[134.1622,35.22549],[134.1625,35.22423],[134.16148,35.2228],[134.16175,35.22156],[134.16318,35.22083],[134.16361,35.21934],[134.16237,35.21886],[134.16173,35.21697],[134.16216,35.21636],[134.16024,35.21366],[134.16007,35.2125],[134.15889,35.21111],[134.15675,35.2098],[134.15636,35.20776],[134.15471,35.20646],[134.15428,35.20391],[134.15459,35.20257],[134.1539,35.20193],[134.15397,35.20093],[134.15308,35.20017],[134.15407,35.19934],[134.15423,35.19857],[134.15294,35.1959],[134.15515,35.19349],[134.15677,35.19364],[134.15747,35.19293],[134.16088,35.19171],[134.16115,35.19037],[134.16541,35.18749],[134.16555,35.18642],[134.1667,35.18486],[134.16714,35.18237],[134.16887,35.17998],[134.16761,35.17776],[134.16855,35.17491],[134.16745,35.17256],[134.1676,35.17167],[134.16561,35.16969],[134.16133,35.16945],[134.15989,35.16844],[134.15442,35.16715],[134.15061,35.16745],[134.14668,35.1643],[134.14545,35.16261],[134.14103,35.16246],[134.14069,35.16062],[134.14279,35.15667],[134.14365,35.15115],[134.1438,35.14691],[134.14293,35.13935],[134.14226,35.13708],[134.14029,35.13346],[134.13869,35.12824],[134.13698,35.1249],[134.13528,35.11991],[134.13372,35.11764],[134.13364,35.11162],[134.13243,35.11081],[134.13181,35.10968],[134.13184,35.10627],[134.13079,35.10238],[134.12907,35.10211],[134.1283,35.10143],[134.12877,35.10142],[134.12581,35.09984],[134.12527,35.09921],[134.12558,35.09866],[134.12498,35.09668],[134.11909,35.09277],[134.11753,35.0897],[134.11291,35.08623],[134.11043,35.08463],[134.10974,35.08468],[134.10928,35.0836],[134.10442,35.0846],[134.10389,35.08231],[134.10413,35.08168],[134.10332,35.08163],[134.10365,35.08039],[134.10305,35.07883],[134.10252,35.07888],[134.10187,35.07694],[134.10122,35.07104],[134.10052,35.0707],[134.10103,35.0702],[134.10228,35.07033],[134.10419,35.06848],[134.10531,35.06387],[134.10544,35.06107],[134.10482,35.06052],[134.10476,35.05957],[134.1024,35.05914],[134.10222,35.05797],[134.10389,35.05669],[134.10411,35.05603],[134.10271,35.05431],[134.10282,35.05285],[134.10203,35.05203],[134.103,35.05085],[134.10108,35.05028],[134.09829,35.05072],[134.09742,35.05183],[134.09678,35.05173],[134.09582,35.05251],[134.09441,35.05251],[134.09374,35.05326],[134.09297,35.0531],[134.09153,35.0544],[134.08712,35.05369],[134.08561,35.0522],[134.08343,35.0516],[134.083,35.05099],[134.08115,35.05163],[134.08078,35.05087],[134.07935,35.05163],[134.07841,35.05115],[134.07807,35.05207],[134.07634,35.0511],[134.07645,35.04943],[134.07726,35.04868],[134.07818,35.04865],[134.08068,35.04736],[134.08415,35.04826],[134.08522,35.04675],[134.08494,35.0443],[134.08422,35.04231],[134.08332,35.04133],[134.08426,35.04],[134.08284,35.03881],[134.0828,35.03786],[134.0836,35.03755],[134.0821,35.03593],[134.08228,35.03465],[134.08141,35.03432],[134.08117,35.03279],[134.08345,35.03201],[134.08253,35.03069],[134.08264,35.02832],[134.082,35.02611],[134.08344,35.02536],[134.08261,35.0247],[134.08296,35.02335],[134.08456,35.02297],[134.08351,35.02112],[134.0837,35.01999],[134.08451,35.01969],[134.0842,35.01959],[134.08465,35.0186],[134.0841,35.01868],[134.07887,35.02369],[134.0763,35.02491],[134.07354,35.02487],[134.07188,35.02394],[134.0707,35.02255],[134.069,35.02301],[134.065,35.0225],[134.06351,35.02051],[134.06162,35.02135],[134.06053,35.02114],[134.05942,35.022],[134.05914,35.02282],[134.05856,35.02269],[134.05834,35.02394],[134.05758,35.02467],[134.05574,35.02542],[134.05202,35.02486],[134.05087,35.02586],[134.04911,35.02536],[134.04656,35.02612],[134.0437,35.02553],[134.04145,35.02322],[134.0414,35.02052],[134.03524,35.01668],[134.03411,35.01576],[134.03405,35.0151],[134.03168,35.01452],[134.03382,35.01173],[134.03713,35.00587],[134.04025,35.00229],[134.0378,35.00164],[134.03485,35.00294],[134.03246,35.00224],[134.03171,35.0027],[134.02965,35.0026],[134.02854,35.00432],[134.02646,35.00486],[134.02641,35.0058],[134.02563,35.00672],[134.02579,35.00809],[134.02511,35.00619],[134.02384,35.00579],[134.01997,35.00738],[134.01764,35.00914],[134.01606,35.00938],[134.01332,35.01202],[134.01341,35.01346],[134.0124,35.01341],[134.01068,35.01491],[134.01239,35.01609],[134.0109,35.01755],[134.01074,35.01876],[134.00968,35.01879],[134.00857,35.0175],[134.00641,35.01668],[134.00546,35.01573],[134.00457,35.01568],[134.0037,35.01647],[134.00338,35.01785],[134.00203,35.01858],[134.00109,35.01978],[133.99544,35.02134],[133.99302,35.02415],[133.99232,35.02413],[133.99162,35.02589],[133.98855,35.02668],[133.98754,35.02548],[133.98621,35.02478],[133.98507,35.02479],[133.97943,35.02155],[133.97893,35.02007],[133.97706,35.01951],[133.97582,35.0157],[133.97319,35.01496],[133.97213,35.01545],[133.97193,35.0133],[133.97302,35.01189],[133.96881,35.0111],[133.9626,35.01169],[133.96134,35.00805],[133.96037,35.00748],[133.95736,35.00931],[133.95478,35.00831],[133.95349,35.00883],[133.95258,35.00848],[133.95074,35.00973],[133.949,35.01486],[133.94829,35.0152],[133.94753,35.01691],[133.9479,35.0213],[133.94949,35.02177],[133.9503,35.02317],[133.94991,35.02409],[133.95045,35.02768],[133.95004,35.02931],[133.95421,35.0333],[133.95545,35.03372],[133.95447,35.0351],[133.95433,35.03735],[133.95466,35.03808],[133.95573,35.03859],[133.95502,35.04004],[133.95673,35.0431],[133.95648,35.04412],[133.95694,35.04479],[133.95597,35.0453],[133.95543,35.04659],[133.95639,35.04823],[133.95404,35.04942],[133.9527,35.0513],[133.94808,35.05168],[133.94793,35.04939],[133.94876,35.04679],[133.94864,35.04548],[133.94968,35.04424],[133.9491,35.04341],[133.94778,35.04403],[133.94286,35.04346],[133.93948,35.04033],[133.93881,35.04067],[133.93803,35.04016],[133.93729,35.04035],[133.93588,35.04172],[133.93242,35.03999],[133.93177,35.04057],[133.9312,35.04037],[133.93135,35.03899],[133.93317,35.0377],[133.93747,35.03632],[133.93841,35.03326],[133.93789,35.03297],[133.93784,35.02951],[133.93649,35.02923],[133.93668,35.02861],[133.9343,35.0284],[133.93461,35.02722],[133.93416,35.02595],[133.93466,35.0259],[133.93488,35.02241],[133.9335,35.02128],[133.93344,35.02039],[133.93155,35.01963],[133.93166,35.0179],[133.93029,35.016],[133.93025,35.01443],[133.92866,35.01287],[133.92504,35.01055],[133.92275,35.0103],[133.91878,35.01127],[133.91899,35.01023],[133.92023,35.00964],[133.91977,35.0091],[133.92053,35.00821],[133.92017,35.00737],[133.91951,35.00738],[133.9198,35.00642],[133.91889,35.00526],[133.91956,35.00413],[133.91825,35.00347],[133.91744,35.00232],[133.91443,35.00133],[133.91228,34.99957],[133.91128,34.99965],[133.91003,34.99872],[133.90937,34.99437],[133.90888,34.99385],[133.90761,34.99334],[133.90614,34.99196],[133.9044,34.99162],[133.90372,34.99012],[133.90251,34.98947],[133.90117,34.98949],[133.8998,34.9879],[133.89985,34.98635],[133.89714,34.98525],[133.89547,34.98389],[133.8926,34.98497],[133.89117,34.98716],[133.89081,34.98901],[133.8891,34.99051],[133.88764,34.99106],[133.8875,34.99292],[133.88698,34.99334],[133.88175,34.992],[133.87897,34.9905],[133.8769,34.99638],[133.8772,34.99678],[133.8768,34.9988],[133.87513,35.00095],[133.87518,35.00194],[133.87425,35.0028],[133.8737,35.00545],[133.87209,35.00714],[133.87196,35.00847],[133.87425,35.01152],[133.87564,35.01164],[133.87697,35.01307],[133.87838,35.01282],[133.87902,35.01359],[133.88017,35.01356],[133.87842,35.01846],[133.87914,35.02037],[133.87913,35.02282],[133.87812,35.0238]]]}},{"type":"Feature","properties":{"id":"muni-33204","name":"玉野市"},"geometry":{"type":"MultiPolygon","coordinates":[[[[133.92364,34.42198],[133.92482,34.42094],[133.92538,34.41942],[133.91992,34.41862],[133.91962,34.41972],[133.92056,34.42103],[133.92364,34.42198]]],[[[134.01081,34.49754],[134.01036,34.49824],[134.00859,34.49822],[134.00732,34.49894],[134.01004,34.50096],[134.01041,34.50185],[134.01131,34.50212],[134.01161,34.5031],[134.01354,34.50343],[134.01288,34.50285],[134.0144,34.50325],[134.01381,34.50355],[134.01459,34.504],[134.01439,34.50334],[134.01505,34.50378],[134.01468,34.50409],[134.01494,34.50471],[134.01721,34.506],[134.01772,34.50684],[134.01976,34.50681],[134.02149,34.50742],[134.02068,34.50645],[134.02075,34.50515],[134.01905,34.5039],[134.01928,34.50273],[134.01868,34.50005],[134.01931,34.49855],[134.01648,34.49579],[134.01315,34.49738],[134.01081,34.49754]]],[[[133.8703,34.49243],[133.87073,34.49529],[133.86952,34.49609],[133.86782,34.4953],[133.86751,34.49614],[133.869,34.49862],[133.86988,34.49861],[133.87051,34.50003],[133.86905,34.50286],[133.86964,34.5048],[133.86789,34.50614],[133.86885,34.50915],[133.8662,34.51107],[133.86632,34.51312],[133.86558,34.51672],[133.86628,34.51873],[133.86952,34.51951],[133.87042,34.52035],[133.87291,34.52105],[133.87366,34.52143],[133.87368,34.52222],[133.87664,34.52262],[133.87707,34.52361],[133.87826,34.52448],[133.87935,34.52411],[133.88117,34.52453],[133.88227,34.52387],[133.88669,34.52507],[133.88567,34.52739],[133.88629,34.53158],[133.88791,34.5347],[133.88606,34.53546],[133.88704,34.53674],[133.88448,34.53794],[133.89342,34.54315],[133.89473,34.54163],[133.89731,34.54305],[133.90234,34.53715],[133.91974,34.5449],[133.93145,34.56306],[133.93911,34.55274],[133.94135,34.55405],[133.94111,34.55478],[133.94257,34.55536],[133.94381,34.55737],[133.94401,34.55926],[133.94366,34.56038],[133.94282,34.56103],[133.94401,34.5629],[133.94406,34.56688],[133.94695,34.57287],[133.94835,34.57223],[133.94897,34.571],[133.95116,34.57037],[133.95617,34.57044],[133.95711,34.56817],[133.95793,34.56789],[133.95828,34.56714],[133.96168,34.56616],[133.96203,34.56492],[133.96467,34.56182],[133.96492,34.55907],[133.96632,34.55849],[133.96767,34.55893],[133.96947,34.55878],[133.96996,34.55784],[133.9711,34.55753],[133.97308,34.55916],[133.97483,34.5591],[133.97733,34.55997],[133.97844,34.56165],[133.97977,34.5623],[133.97966,34.56315],[133.98098,34.56403],[133.98273,34.56653],[133.9814,34.56871],[133.98314,34.57044],[133.98271,34.57226],[133.98522,34.57478],[133.98631,34.57749],[133.98764,34.5775],[133.99036,34.57595],[133.99571,34.57754],[133.99717,34.57637],[133.99878,34.57704],[134.00342,34.57641],[134.00477,34.57704],[134.00637,34.5755],[134.01022,34.5751],[134.01406,34.5775],[134.01505,34.57763],[134.01576,34.57688],[134.0173,34.5778],[134.01777,34.57736],[134.0197,34.57757],[134.02044,34.5764],[134.02232,34.57586],[134.02276,34.5752],[134.02364,34.57599],[134.02539,34.5763],[134.02689,34.5776],[134.02935,34.57854],[134.03024,34.5782],[134.03218,34.57478],[134.03416,34.57376],[134.03306,34.5731],[134.03056,34.56931],[134.02937,34.56557],[134.02919,34.56423],[134.03127,34.56257],[134.03206,34.56244],[134.03207,34.56165],[134.03196,34.56243],[134.03012,34.56213],[134.02925,34.56313],[134.02815,34.56353],[134.02973,34.56209],[134.03174,34.56175],[134.03048,34.56187],[134.0301,34.56099],[134.03013,34.55973],[134.03044,34.55899],[134.03107,34.55877],[134.03089,34.55832],[134.03387,34.55806],[134.03372,34.55751],[134.03161,34.55781],[134.03038,34.55636],[134.02934,34.55663],[134.02894,34.55602],[134.02872,34.55453],[134.02909,34.55307],[134.03225,34.55292],[134.03158,34.55083],[134.031,34.5512],[134.02935,34.55064],[134.029,34.55167],[134.02687,34.55231],[134.02623,34.55331],[134.02455,34.55283],[134.02251,34.55094],[134.02111,34.54835],[134.02112,34.54689],[134.02208,34.54656],[134.02227,34.54529],[134.02075,34.54422],[134.02118,34.54513],[134.02022,34.54479],[134.01982,34.5446],[134.02029,34.54419],[134.01902,34.54379],[134.01849,34.54417],[134.01754,34.54376],[134.01516,34.54578],[134.01514,34.54675],[134.01658,34.54797],[134.01556,34.5498],[134.01426,34.55087],[134.01371,34.55083],[134.01351,34.549],[134.01098,34.54885],[134.01256,34.54911],[134.01275,34.54999],[134.01102,34.55012],[134.0106,34.54969],[134.01132,34.55072],[134.01018,34.55086],[134.00967,34.5507],[134.00996,34.54957],[134.00939,34.55059],[134.00886,34.55008],[134.00926,34.54975],[134.00851,34.54913],[134.00978,34.54913],[134.01053,34.54839],[134.00976,34.54907],[134.00874,34.54888],[134.00798,34.54946],[134.00556,34.54654],[134.00381,34.54755],[134.00538,34.54636],[134.00416,34.54451],[134.00466,34.54534],[134.00325,34.54587],[134.00287,34.54524],[134.00345,34.54482],[134.0009,34.54536],[134.00109,34.54504],[133.99542,34.53356],[133.99558,34.53314],[133.99607,34.5332],[133.99698,34.53297],[133.99566,34.53312],[133.99626,34.53251],[133.99757,34.53222],[133.99784,34.53164],[134.00138,34.52954],[133.99923,34.5287],[133.99706,34.52834],[133.99719,34.52877],[133.99671,34.52893],[133.99694,34.52865],[133.99609,34.52864],[133.99554,34.52605],[133.99596,34.52514],[133.99724,34.52529],[133.99793,34.5249],[133.99799,34.52121],[133.9983,34.52076],[133.99905,34.5208],[133.99969,34.51926],[134.00094,34.51875],[134.00176,34.51969],[134.00262,34.51981],[134.00251,34.5188],[134.00134,34.51837],[134.00173,34.51728],[134.00399,34.51719],[134.00568,34.51801],[134.00658,34.51761],[134.00634,34.51692],[134.00728,34.51643],[134.0072,34.51578],[134.00524,34.51517],[134.00514,34.51467],[134.00586,34.5143],[134.00522,34.51387],[134.0053,34.51295],[134.00398,34.51285],[134.0034,34.51147],[134.0017,34.51267],[134.00106,34.51436],[133.99942,34.5162],[133.99848,34.51632],[133.99659,34.51796],[133.9931,34.51849],[133.99158,34.52222],[133.99126,34.52435],[133.98903,34.52668],[133.98914,34.52844],[133.98802,34.53019],[133.98273,34.53182],[133.98023,34.53221],[133.98009,34.53185],[133.97963,34.53186],[133.98019,34.53221],[133.9792,34.53286],[133.9774,34.53296],[133.97017,34.52993],[133.96974,34.5301],[133.97018,34.53029],[133.9699,34.53054],[133.9689,34.52997],[133.96873,34.53031],[133.96884,34.52942],[133.96837,34.52876],[133.96681,34.5284],[133.96287,34.52595],[133.96061,34.52344],[133.96104,34.52298],[133.96104,34.52278],[133.96074,34.52324],[133.95946,34.5228],[133.96025,34.52145],[133.96127,34.52203],[133.96146,34.52266],[133.96133,34.52202],[133.96023,34.52138],[133.96062,34.52021],[133.96107,34.52064],[133.96236,34.51866],[133.96094,34.51757],[133.95989,34.51832],[133.95836,34.51774],[133.95673,34.51423],[133.9571,34.51466],[133.96164,34.51354],[133.96236,34.51555],[133.96159,34.51579],[133.96243,34.5156],[133.96022,34.50938],[133.95743,34.50679],[133.95777,34.50593],[133.9574,34.50679],[133.95681,34.50693],[133.95702,34.50651],[133.95647,34.50598],[133.95741,34.50535],[133.95714,34.50435],[133.95895,34.5026],[133.95925,34.50318],[133.96028,34.50243],[133.95947,34.50214],[133.95993,34.50145],[133.95921,34.50156],[133.95956,34.5012],[133.96195,34.49988],[133.9626,34.50038],[133.963,34.50004],[133.96236,34.49898],[133.96321,34.49731],[133.96386,34.4972],[133.96435,34.49593],[133.96382,34.49546],[133.96487,34.4949],[133.96387,34.49342],[133.96115,34.49193],[133.95916,34.49237],[133.95706,34.49508],[133.95752,34.49238],[133.95626,34.49232],[133.95557,34.49352],[133.9552,34.49299],[133.95448,34.49319],[133.95465,34.4911],[133.95581,34.49037],[133.95293,34.49034],[133.95284,34.49275],[133.95013,34.49293],[133.94999,34.48998],[133.95085,34.48945],[133.95002,34.48986],[133.95045,34.48937],[133.95,34.4895],[133.95044,34.48908],[133.95001,34.48923],[133.9504,34.48884],[133.95018,34.4878],[133.94909,34.48644],[133.94811,34.487],[133.94897,34.48808],[133.94797,34.48865],[133.94781,34.48828],[133.94768,34.48859],[133.9462,34.48835],[133.94644,34.48698],[133.94722,34.4871],[133.94672,34.4867],[133.94829,34.48586],[133.94806,34.48516],[133.94396,34.48259],[133.94334,34.48283],[133.94376,34.48326],[133.93867,34.48143],[133.93779,34.4801],[133.93858,34.48],[133.938,34.47965],[133.93887,34.47981],[133.93859,34.47958],[133.9376,34.47955],[133.93612,34.48018],[133.93717,34.47938],[133.93844,34.47925],[133.93927,34.47547],[133.93522,34.47474],[133.93437,34.47434],[133.93468,34.47368],[133.93438,34.47319],[133.93485,34.47292],[133.93538,34.47325],[133.93486,34.4729],[133.93542,34.47216],[133.93674,34.47258],[133.93549,34.47198],[133.93618,34.47123],[133.93574,34.47089],[133.93626,34.47107],[133.93659,34.47019],[133.9377,34.46938],[133.93924,34.46917],[133.9387,34.4683],[133.94068,34.46563],[133.94044,34.46536],[133.94106,34.46513],[133.94179,34.46571],[133.94143,34.46526],[133.942,34.46546],[133.94198,34.465],[133.94245,34.46517],[133.94359,34.46422],[133.94346,34.46249],[133.94252,34.46196],[133.94258,34.45946],[133.94095,34.45937],[133.94259,34.45833],[133.9434,34.45671],[133.94339,34.45513],[133.94045,34.45488],[133.93969,34.45431],[133.93873,34.45486],[133.93801,34.45469],[133.93809,34.4542],[133.93732,34.45387],[133.93779,34.45419],[133.93773,34.45446],[133.93682,34.45368],[133.93687,34.45331],[133.93704,34.45366],[133.93725,34.45382],[133.93701,34.45175],[133.93573,34.4518],[133.93486,34.45089],[133.93402,34.45139],[133.93293,34.45126],[133.93223,34.453],[133.93031,34.45308],[133.93143,34.45331],[133.93218,34.45431],[133.93108,34.45527],[133.93024,34.45461],[133.9307,34.4542],[133.9299,34.45435],[133.93039,34.45393],[133.92975,34.4544],[133.92928,34.45419],[133.9288,34.4549],[133.92951,34.45437],[133.92995,34.45472],[133.9283,34.45607],[133.92953,34.45711],[133.9279,34.45625],[133.92692,34.45625],[133.92688,34.45904],[133.92676,34.45769],[133.926,34.45749],[133.92657,34.4557],[133.92514,34.45542],[133.92499,34.45483],[133.92533,34.45504],[133.92565,34.45387],[133.92652,34.45301],[133.9272,34.45274],[133.92773,34.45308],[133.92757,34.45261],[133.92929,34.45275],[133.92933,34.45243],[133.92896,34.45268],[133.92776,34.45103],[133.92143,34.45035],[133.92154,34.45002],[133.92037,34.45024],[133.91936,34.44982],[133.91946,34.44967],[133.91932,34.44966],[133.91751,34.4513],[133.91631,34.45158],[133.91608,34.45107],[133.91636,34.452],[133.91571,34.45217],[133.91561,34.45176],[133.91569,34.45218],[133.91391,34.45262],[133.91338,34.451],[133.91051,34.45127],[133.91001,34.45088],[133.90865,34.45175],[133.90723,34.45194],[133.901,34.45636],[133.90001,34.45673],[133.89958,34.45644],[133.89994,34.45688],[133.89964,34.45699],[133.89921,34.45662],[133.89862,34.45714],[133.89778,34.45679],[133.8986,34.45659],[133.89913,34.45625],[133.8884,34.4569],[133.88601,34.45611],[133.88315,34.45616],[133.88016,34.45668],[133.88186,34.4584],[133.88215,34.46017],[133.88165,34.46109],[133.88214,34.46177],[133.88106,34.4635],[133.8795,34.46421],[133.87798,34.4643],[133.87734,34.46555],[133.87743,34.46715],[133.87627,34.46782],[133.87622,34.47158],[133.87694,34.47243],[133.8776,34.47182],[133.87803,34.4726],[133.87765,34.4731],[133.8765,34.47296],[133.87642,34.47436],[133.87499,34.47421],[133.87437,34.47502],[133.87303,34.47509],[133.87261,34.47616],[133.8705,34.47661],[133.86996,34.47635],[133.87006,34.47563],[133.86709,34.47509],[133.86574,34.47556],[133.86558,34.47638],[133.86366,34.47636],[133.86353,34.47697],[133.86239,34.4776],[133.86229,34.48045],[133.86111,34.48077],[133.86209,34.48162],[133.86225,34.48284],[133.86105,34.48303],[133.85929,34.48238],[133.86228,34.48372],[133.86188,34.48399],[133.86238,34.48476],[133.86118,34.48589],[133.86296,34.48564],[133.86363,34.48696],[133.86275,34.48956],[133.86373,34.4902],[133.86306,34.49066],[133.86376,34.49108],[133.86377,34.49228],[133.86333,34.49281],[133.86254,34.49244],[133.86056,34.49289],[133.86334,34.49412],[133.86495,34.49251],[133.86718,34.49267],[133.86673,34.49124],[133.86723,34.49011],[133.86707,34.49149],[133.8677,34.49262],[133.8703,34.49243]]],[[[134.02286,34.54612],[134.02429,34.546],[134.02347,34.54571],[134.02286,34.54612]]]]}},{"type":"Feature","properties":{"id":"muni-33205","name":"笠岡市"},"geometry":{"type":"MultiPolygon","coordinates":[[[[133.49761,34.35031],[133.50009,34.34982],[133.49967,34.34893],[133.50015,34.3473],[133.50289,34.3464],[133.50405,34.34489],[133.50616,34.34512],[133.50779,34.34446],[133.50703,34.34426],[133.50784,34.34292],[133.50837,34.34288],[133.50825,34.34321],[133.50832,34.34323],[133.51012,34.34262],[133.50797,34.33783],[133.50772,34.33678],[133.50827,34.33492],[133.5081,34.33471],[133.5048,34.33681],[133.50307,34.33632],[133.50259,34.33731],[133.50282,34.338],[133.50218,34.33899],[133.50113,34.3391],[133.50046,34.33991],[133.50098,34.34004],[133.49873,34.33972],[133.49718,34.34056],[133.49736,34.34192],[133.49854,34.34247],[133.49861,34.3439],[133.49911,34.34434],[133.49863,34.34458],[133.4992,34.34485],[133.49865,34.34558],[133.4975,34.34522],[133.49681,34.34552],[133.49771,34.3464],[133.49786,34.34726],[133.49761,34.35031]]],[[[133.49628,34.38449],[133.49786,34.38487],[133.49838,34.38342],[133.50088,34.3829],[133.49976,34.38187],[133.49558,34.38254],[133.49618,34.38344],[133.49479,34.38458],[133.49552,34.38505],[133.49628,34.38449]]],[[[133.49563,34.39158],[133.49573,34.39118],[133.49516,34.39078],[133.4952,34.39132],[133.49563,34.39158]]],[[[133.51337,34.41106],[133.51371,34.41144],[133.51385,34.4118],[133.51403,34.41104],[133.51337,34.41106]]],[[[133.49553,34.42188],[133.49596,34.42166],[133.49582,34.42119],[133.49544,34.42141],[133.49553,34.42188]]],[[[133.51684,34.42381],[133.51395,34.4222],[133.51042,34.42193],[133.5112,34.42316],[133.51291,34.42294],[133.5143,34.42402],[133.51651,34.4242],[133.51684,34.42381]]],[[[133.5123,34.43476],[133.51451,34.43316],[133.51609,34.43365],[133.51618,34.43457],[133.51687,34.43505],[133.51773,34.43486],[133.51712,34.43327],[133.51614,34.43267],[133.51634,34.43196],[133.515,34.43077],[133.51509,34.43],[133.51609,34.42977],[133.516,34.42876],[133.51456,34.42844],[133.5135,34.42708],[133.51226,34.42672],[133.51159,34.4259],[133.50895,34.42603],[133.50557,34.42417],[133.50284,34.42495],[133.50098,34.42366],[133.49983,34.42389],[133.49952,34.42596],[133.50067,34.42726],[133.50019,34.42847],[133.50123,34.42896],[133.50068,34.43117],[133.50188,34.43109],[133.50198,34.43004],[133.50347,34.42997],[133.50383,34.4303],[133.50332,34.43053],[133.50367,34.43099],[133.50332,34.43111],[133.50371,34.43115],[133.50311,34.43178],[133.50373,34.43117],[133.50489,34.43166],[133.50573,34.43314],[133.50679,34.43344],[133.50849,34.43193],[133.51039,34.43175],[133.51168,34.43269],[133.51132,34.43328],[133.51178,34.43509],[133.51234,34.4353],[133.5123,34.43476]]],[[[133.49656,34.42966],[133.49673,34.43007],[133.49688,34.43005],[133.49656,34.42966]]],[[[133.48956,34.43042],[133.48891,34.43157],[133.49069,34.43252],[133.49081,34.43199],[133.48995,34.4307],[133.48956,34.43042]]],[[[133.50032,34.436],[133.5004,34.43359],[133.49866,34.43041],[133.49582,34.43119],[133.49595,34.43181],[133.49688,34.4317],[133.4977,34.43285],[133.49748,34.43518],[133.49814,34.43636],[133.49895,34.43705],[133.49928,34.43609],[133.50032,34.436]]],[[[133.50743,34.43404],[133.50738,34.4346],[133.50794,34.43426],[133.50743,34.43404]]],[[[133.50231,34.43705],[133.5027,34.4375],[133.50137,34.4402],[133.5038,34.44047],[133.50438,34.43995],[133.50436,34.43813],[133.50278,34.43649],[133.50231,34.43705]]],[[[133.50068,34.43998],[133.50063,34.44042],[133.50113,34.44014],[133.50068,34.43998]]],[[[133.44712,34.48329],[133.44892,34.48505],[133.44993,34.48538],[133.44796,34.48726],[133.44813,34.48838],[133.45107,34.49026],[133.45053,34.49081],[133.45109,34.49096],[133.4511,34.492],[133.45441,34.49342],[133.45632,34.49574],[133.45609,34.49784],[133.45653,34.49975],[133.45565,34.50194],[133.4561,34.5031],[133.45504,34.50457],[133.4553,34.5056],[133.45314,34.50642],[133.44977,34.50574],[133.448,34.50604],[133.44698,34.50542],[133.44495,34.5059],[133.44522,34.50999],[133.44653,34.51049],[133.44655,34.51195],[133.44739,34.51236],[133.4494,34.51164],[133.45003,34.51225],[133.44872,34.51341],[133.44886,34.51443],[133.44799,34.51544],[133.44875,34.51683],[133.4476,34.51839],[133.44719,34.52024],[133.44745,34.5208],[133.44879,34.52139],[133.44984,34.52379],[133.44958,34.52446],[133.45064,34.52528],[133.45191,34.52726],[133.45185,34.52807],[133.45442,34.53111],[133.4531,34.53359],[133.45339,34.53536],[133.4515,34.53763],[133.45023,34.53799],[133.44884,34.53944],[133.44952,34.54083],[133.44908,34.54167],[133.44956,34.5428],[133.45186,34.54422],[133.45466,34.54497],[133.45681,34.54388],[133.45847,34.54183],[133.46067,34.54033],[133.46172,34.54152],[133.46526,34.54218],[133.46528,34.54449],[133.46667,34.54488],[133.46646,34.54594],[133.46947,34.54552],[133.47261,34.5469],[133.47353,34.54805],[133.4748,34.54732],[133.47747,34.5474],[133.47891,34.54942],[133.48148,34.55087],[133.48222,34.55219],[133.48374,34.55221],[133.48424,34.55144],[133.48531,34.55131],[133.48766,34.55268],[133.48996,34.55672],[133.49631,34.5598],[133.50077,34.56076],[133.50167,34.56252],[133.50309,34.56227],[133.50534,34.56319],[133.50515,34.56572],[133.50565,34.5674],[133.50465,34.57053],[133.50608,34.57165],[133.50427,34.57381],[133.50594,34.57543],[133.50645,34.5775],[133.50565,34.57847],[133.50475,34.57834],[133.50467,34.57891],[133.5075,34.58093],[133.5079,34.582],[133.50913,34.58207],[133.5099,34.58295],[133.51031,34.58513],[133.50964,34.58695],[133.50993,34.58821],[133.51113,34.58979],[133.51067,34.5906],[133.51144,34.59132],[133.51562,34.59141],[133.51682,34.59233],[133.51878,34.59199],[133.51999,34.59294],[133.52255,34.59216],[133.52366,34.59232],[133.52388,34.59572],[133.52519,34.59629],[133.52802,34.59969],[133.5341,34.59876],[133.53543,34.60064],[133.54013,34.60199],[133.54236,34.60361],[133.5448,34.6034],[133.54849,34.60165],[133.54984,34.60003],[133.55206,34.59971],[133.5527,34.59816],[133.5534,34.59798],[133.55319,34.59746],[133.5548,34.59466],[133.55701,34.59327],[133.56028,34.59288],[133.56154,34.59206],[133.56314,34.5898],[133.56299,34.589],[133.56367,34.58737],[133.56452,34.58664],[133.56596,34.58693],[133.56709,34.58567],[133.56881,34.58566],[133.57031,34.58485],[133.57238,34.58463],[133.57195,34.58314],[133.57121,34.58335],[133.57089,34.58181],[133.56593,34.57747],[133.56636,34.57598],[133.56625,34.57312],[133.56253,34.57122],[133.56312,34.57026],[133.56142,34.56887],[133.56129,34.56797],[133.56179,34.56734],[133.56121,34.56612],[133.56227,34.56233],[133.56085,34.56201],[133.56055,34.56052],[133.56101,34.55946],[133.55967,34.55792],[133.55901,34.55561],[133.5574,34.55508],[133.55663,34.55309],[133.55529,34.55158],[133.55454,34.55182],[133.55368,34.55113],[133.5516,34.55066],[133.551,34.55],[133.54919,34.54987],[133.54608,34.55115],[133.54301,34.55035],[133.54203,34.55086],[133.54049,34.55086],[133.54125,34.5489],[133.54066,34.54737],[133.54331,34.54605],[133.54451,34.54488],[133.54448,34.5441],[133.54364,34.54405],[133.54434,34.54348],[133.5446,34.54225],[133.54407,34.54082],[133.54338,34.5403],[133.54357,34.53641],[133.5425,34.53521],[133.54572,34.53343],[133.5469,34.52974],[133.54884,34.52793],[133.54971,34.52818],[133.54893,34.52646],[133.5489,34.52486],[133.54813,34.52405],[133.54707,34.5239],[133.54648,34.52299],[133.5467,34.51872],[133.54363,34.51871],[133.54551,34.51636],[133.54534,34.51539],[133.54438,34.51438],[133.54456,34.51214],[133.53826,34.50868],[133.53654,34.50699],[133.53631,34.50491],[133.53437,34.50321],[133.52974,34.49708],[133.53669,34.49475],[133.53768,34.4934],[133.5399,34.49395],[133.54184,34.49273],[133.54259,34.49266],[133.5432,34.4932],[133.54425,34.49208],[133.54559,34.49224],[133.54771,34.49142],[133.54771,34.49105],[133.54979,34.4913],[133.552,34.49279],[133.55318,34.49246],[133.55401,34.49324],[133.55643,34.49252],[133.56051,34.49364],[133.56151,34.49315],[133.56133,34.49087],[133.56235,34.48967],[133.56037,34.48802],[133.56444,34.4876],[133.56616,34.48632],[133.56775,34.48621],[133.56858,34.4853],[133.56907,34.48417],[133.56849,34.48292],[133.56893,34.4811],[133.56859,34.47982],[133.56973,34.47853],[133.56978,34.47733],[133.57134,34.47603],[133.57105,34.47219],[133.57166,34.47092],[133.57259,34.47035],[133.57265,34.46926],[133.57391,34.46759],[133.57344,34.46587],[133.56873,34.46575],[133.56498,34.46747],[133.56059,34.46833],[133.55948,34.46778],[133.55919,34.46707],[133.55941,34.46805],[133.55735,34.46721],[133.558,34.46678],[133.55883,34.46704],[133.55802,34.46675],[133.55779,34.46677],[133.55797,34.46642],[133.55717,34.46543],[133.55786,34.46527],[133.55531,34.46568],[133.5534,34.46388],[133.55229,34.46419],[133.54978,34.46288],[133.54808,34.46307],[133.54615,34.46199],[133.54471,34.4622],[133.54018,34.46128],[133.53741,34.46326],[133.53576,34.4656],[133.53411,34.46658],[133.53368,34.46785],[133.53034,34.47031],[133.52979,34.47116],[133.53055,34.4709],[133.53025,34.47182],[133.52949,34.47156],[133.53032,34.47187],[133.52948,34.47428],[133.52989,34.47412],[133.52932,34.47691],[133.52977,34.47783],[133.52903,34.47738],[133.5263,34.47882],[133.52448,34.47882],[133.52442,34.47678],[133.52507,34.47541],[133.5246,34.47467],[133.52237,34.47521],[133.52172,34.47591],[133.52188,34.47695],[133.51863,34.4788],[133.51824,34.47945],[133.51852,34.48085],[133.51799,34.48113],[133.51821,34.48148],[133.51872,34.48122],[133.51908,34.48191],[133.51933,34.48165],[133.51898,34.48243],[133.51824,34.48238],[133.51794,34.48182],[133.51833,34.48263],[133.5155,34.48894],[133.51715,34.49031],[133.51482,34.49005],[133.50825,34.49715],[133.51004,34.49882],[133.50926,34.4995],[133.5094,34.49989],[133.50846,34.50022],[133.50732,34.49945],[133.50775,34.49825],[133.50746,34.49903],[133.50726,34.49854],[133.50638,34.49936],[133.50453,34.49905],[133.50341,34.50089],[133.50464,34.5021],[133.50356,34.50315],[133.50318,34.50271],[133.50356,34.50321],[133.50262,34.50399],[133.50353,34.50471],[133.50261,34.50502],[133.50159,34.50446],[133.50191,34.50428],[133.50185,34.50423],[133.50157,34.50444],[133.50193,34.50139],[133.50108,34.50108],[133.49708,34.50354],[133.49675,34.5044],[133.49612,34.50414],[133.49347,34.50567],[133.4925,34.50831],[133.49037,34.50874],[133.4898,34.50857],[133.48969,34.50728],[133.48893,34.50671],[133.48955,34.50642],[133.49004,34.507],[133.49645,34.50333],[133.50142,34.49985],[133.50167,34.50014],[133.51632,34.48081],[133.51435,34.47984],[133.51549,34.47924],[133.51656,34.4793],[133.51764,34.47852],[133.51809,34.47877],[133.51769,34.47844],[133.51849,34.47745],[133.51845,34.47549],[133.5195,34.47522],[133.51865,34.47466],[133.51939,34.47311],[133.52313,34.47156],[133.52383,34.47254],[133.52516,34.4723],[133.52733,34.471],[133.52805,34.46844],[133.52759,34.46597],[133.52482,34.4603],[133.52505,34.45799],[133.52716,34.45637],[133.52766,34.45394],[133.52501,34.4522],[133.52424,34.45101],[133.51415,34.44896],[133.5125,34.44961],[133.51287,34.44985],[133.51243,34.45027],[133.51227,34.44959],[133.50942,34.45195],[133.50877,34.45182],[133.50946,34.45025],[133.50905,34.45082],[133.50741,34.45075],[133.50765,34.45022],[133.50944,34.44952],[133.50767,34.45017],[133.5075,34.45029],[133.50719,34.4518],[133.50487,34.45161],[133.50416,34.45087],[133.50317,34.45167],[133.50188,34.4514],[133.50117,34.45183],[133.50026,34.45089],[133.50008,34.44976],[133.49778,34.44838],[133.49505,34.44425],[133.48918,34.44097],[133.4868,34.44108],[133.48561,34.44183],[133.48503,34.4416],[133.48285,34.44245],[133.48085,34.44156],[133.48019,34.44247],[133.47761,34.44331],[133.4756,34.44177],[133.47486,34.44192],[133.47401,34.44122],[133.47297,34.44393],[133.47281,34.44702],[133.47349,34.44959],[133.47313,34.44974],[133.47393,34.45007],[133.47324,34.45054],[133.47395,34.45022],[133.47334,34.45063],[133.47413,34.45037],[133.47592,34.45241],[133.47808,34.45357],[133.48067,34.45357],[133.48245,34.4541],[133.48273,34.45546],[133.48179,34.45577],[133.48276,34.45551],[133.48616,34.45712],[133.48887,34.45702],[133.4902,34.45857],[133.49009,34.46048],[133.48424,34.46613],[133.48345,34.46541],[133.48403,34.46466],[133.48076,34.46291],[133.4802,34.46362],[133.47239,34.45951],[133.47274,34.45907],[133.47225,34.45944],[133.46777,34.45702],[133.46327,34.45969],[133.45636,34.45975],[133.45649,34.47063],[133.4552,34.47065],[133.45498,34.47113],[133.45522,34.47744],[133.45225,34.47747],[133.45273,34.47704],[133.45212,34.47702],[133.45169,34.47706],[133.4522,34.47747],[133.44924,34.4775],[133.44718,34.47926],[133.44715,34.4807],[133.44779,34.48135],[133.44712,34.48329]]],[[[133.53878,34.30942],[133.54051,34.30738],[133.53909,34.30719],[133.53855,34.30565],[133.53698,34.30425],[133.5374,34.30399],[133.53656,34.30323],[133.53686,34.30252],[133.53708,34.3026],[133.5373,34.3033],[133.53742,34.30337],[133.53682,34.30055],[133.53382,34.29854],[133.53197,34.29956],[133.52915,34.29997],[133.52846,34.30056],[133.52829,34.30213],[133.52736,34.30289],[133.52646,34.30286],[133.52681,34.3041],[133.52584,34.30498],[133.52628,34.30561],[133.52612,34.30643],[133.52701,34.30714],[133.52704,34.30811],[133.5281,34.30753],[133.52944,34.30802],[133.53029,34.30737],[133.53298,34.30711],[133.53414,34.30768],[133.53627,34.30757],[133.53694,34.30879],[133.53735,34.30903],[133.53675,34.30798],[133.53727,34.30773],[133.53778,34.30966],[133.53878,34.30942]]],[[[133.51786,34.32118],[133.51716,34.31966],[133.51614,34.31993],[133.5165,34.32091],[133.51726,34.32129],[133.51786,34.32118]]],[[[133.52385,34.34331],[133.51973,34.34397],[133.52064,34.34611],[133.51804,34.34812],[133.51791,34.3494],[133.51684,34.35082],[133.51746,34.35234],[133.51824,34.35209],[133.51941,34.35052],[133.52394,34.34792],[133.52427,34.34632],[133.52385,34.34331]]],[[[133.55226,34.35462],[133.55227,34.35345],[133.55146,34.35302],[133.55119,34.35425],[133.55226,34.35462]]],[[[133.57404,34.35898],[133.57388,34.35823],[133.57479,34.35615],[133.57749,34.35598],[133.57949,34.35721],[133.57797,34.35626],[133.57833,34.35572],[133.57759,34.35529],[133.5792,34.35517],[133.57968,34.35576],[133.5788,34.35592],[133.58011,34.35652],[133.57982,34.35684],[133.58052,34.35647],[133.58111,34.35732],[133.58094,34.35789],[133.58033,34.3579],[133.58028,34.35864],[133.57921,34.35862],[133.58028,34.35868],[133.58023,34.35959],[133.58085,34.35976],[133.58035,34.36027],[133.58091,34.36101],[133.58061,34.36142],[133.58143,34.36163],[133.58158,34.36228],[133.58196,34.36274],[133.58155,34.36195],[133.58263,34.36197],[133.58267,34.36231],[133.58267,34.36196],[133.58345,34.36211],[133.58318,34.36164],[133.58426,34.36166],[133.58457,34.36208],[133.58246,34.3627],[133.5849,34.36227],[133.58653,34.36376],[133.58809,34.36382],[133.58972,34.36309],[133.5911,34.36139],[133.59067,34.36038],[133.59105,34.35879],[133.58456,34.35816],[133.58255,34.35449],[133.58261,34.35381],[133.58105,34.35297],[133.58108,34.35113],[133.57919,34.35087],[133.57784,34.34998],[133.57639,34.35005],[133.57596,34.34904],[133.57405,34.34868],[133.57361,34.34769],[133.57234,34.34808],[133.57134,34.3494],[133.57003,34.34933],[133.56713,34.3509],[133.56754,34.35161],[133.56648,34.35252],[133.56679,34.35329],[133.56896,34.35401],[133.56883,34.35553],[133.5693,34.35651],[133.56977,34.35627],[133.57123,34.3568],[133.57319,34.35979],[133.57404,34.35898]]],[[[133.59338,34.37208],[133.59217,34.37232],[133.59266,34.37417],[133.59401,34.37346],[133.59338,34.37208]]],[[[133.58553,34.38147],[133.58908,34.38111],[133.58615,34.3773],[133.5874,34.37305],[133.58685,34.37212],[133.5856,34.37179],[133.58456,34.3721],[133.58283,34.37147],[133.58267,34.37194],[133.58354,34.37259],[133.58335,34.37358],[133.58573,34.37581],[133.58474,34.37735],[133.58355,34.37816],[133.58244,34.37817],[133.58219,34.37968],[133.58285,34.3808],[133.58483,34.38059],[133.58553,34.38147]]],[[[133.51374,34.3795],[133.51416,34.3792],[133.51351,34.37921],[133.51374,34.3795]]],[[[133.52474,34.38844],[133.52758,34.38813],[133.52735,34.38857],[133.52778,34.38899],[133.52882,34.389],[133.5292,34.38983],[133.53058,34.39017],[133.52965,34.3911],[133.52794,34.39093],[133.52705,34.39097],[133.52964,34.39113],[133.52963,34.39282],[133.53092,34.39277],[133.53125,34.39213],[133.53111,34.39276],[133.53324,34.39278],[133.5331,34.39428],[133.53469,34.39496],[133.53473,34.3962],[133.53473,34.39495],[133.53428,34.39427],[133.53557,34.39377],[133.53657,34.39422],[133.53529,34.39431],[133.53716,34.39585],[133.53675,34.39643],[133.53666,34.39885],[133.5374,34.39987],[133.53676,34.40011],[133.53761,34.40125],[133.54153,34.40141],[133.54185,34.40087],[133.54173,34.4015],[133.54236,34.40215],[133.54371,34.40169],[133.54519,34.40199],[133.54588,34.40101],[133.54714,34.40064],[133.54776,34.39972],[133.54768,34.39895],[133.55005,34.39639],[133.55175,34.39316],[133.55235,34.39338],[133.55202,34.39395],[133.55233,34.3954],[133.55478,34.3945],[133.55569,34.39512],[133.556,34.39644],[133.55762,34.39619],[133.55727,34.39471],[133.55836,34.39319],[133.55742,34.39333],[133.55663,34.39429],[133.55587,34.39422],[133.55449,34.39345],[133.55457,34.3921],[133.55363,34.39093],[133.55292,34.39215],[133.5511,34.39177],[133.55209,34.39149],[133.551,34.39149],[133.55022,34.39062],[133.55022,34.38698],[133.54821,34.38556],[133.54778,34.38379],[133.54627,34.38205],[133.54517,34.3816],[133.54488,34.38033],[133.5457,34.37872],[133.54711,34.37844],[133.54768,34.37797],[133.54799,34.37749],[133.54707,34.3784],[133.54629,34.37838],[133.54572,34.37863],[133.54531,34.37901],[133.54503,34.37739],[133.54685,34.37733],[133.54657,34.37714],[133.54851,34.37542],[133.55142,34.37614],[133.55132,34.37709],[133.55061,34.37742],[133.55137,34.37712],[133.55152,34.37666],[133.55321,34.37634],[133.55463,34.37508],[133.55494,34.37549],[133.55711,34.37546],[133.55813,34.37673],[133.55975,34.37706],[133.56007,34.37607],[133.55795,34.37451],[133.55868,34.37237],[133.56037,34.37059],[133.55976,34.36929],[133.55895,34.36879],[133.55893,34.36719],[133.55705,34.3669],[133.55573,34.36763],[133.55467,34.36682],[133.55349,34.36745],[133.55215,34.36723],[133.55124,34.36818],[133.54818,34.36903],[133.54737,34.36876],[133.54718,34.36819],[133.54936,34.36813],[133.54716,34.36806],[133.5458,34.36662],[133.54526,34.36665],[133.5425,34.36778],[133.54163,34.36877],[133.53967,34.36978],[133.53615,34.37362],[133.53462,34.37368],[133.53359,34.37295],[133.53233,34.37316],[133.53066,34.37633],[133.52994,34.37635],[133.52792,34.3785],[133.52585,34.37799],[133.52209,34.38055],[133.52074,34.38088],[133.51995,34.38183],[133.5168,34.38268],[133.51703,34.38307],[133.51617,34.38449],[133.51677,34.38672],[133.51826,34.38705],[133.51916,34.38952],[133.52094,34.39094],[133.52389,34.3915],[133.52408,34.39063],[133.52515,34.38968],[133.52588,34.38971],[133.52481,34.38962],[133.52537,34.38879],[133.52474,34.38844]]],[[[133.51904,34.41005],[133.51827,34.41024],[133.5191,34.41028],[133.51957,34.41126],[133.5191,34.41156],[133.51974,34.4126],[133.5195,34.41398],[133.52023,34.41459],[133.52099,34.41455],[133.52135,34.41573],[133.52462,34.41641],[133.52691,34.41604],[133.52688,34.41484],[133.52427,34.41293],[133.52466,34.4113],[133.52557,34.41121],[133.52588,34.41063],[133.52277,34.40873],[133.52306,34.40752],[133.52388,34.40704],[133.52359,34.40624],[133.5241,34.4045],[133.52556,34.4022],[133.52535,34.40054],[133.52596,34.39954],[133.52522,34.39858],[133.52235,34.39913],[133.52083,34.39833],[133.52017,34.39567],[133.51897,34.3942],[133.51816,34.39412],[133.51752,34.39324],[133.51633,34.39282],[133.51637,34.39239],[133.51383,34.38979],[133.51186,34.39011],[133.51134,34.3915],[133.50904,34.39354],[133.50925,34.39722],[133.50803,34.39902],[133.5073,34.39916],[133.50654,34.40243],[133.5053,34.40324],[133.50619,34.40563],[133.50574,34.40609],[133.50594,34.40662],[133.50488,34.40684],[133.50592,34.40745],[133.50613,34.40675],[133.5083,34.40727],[133.50948,34.40713],[133.5102,34.40629],[133.51142,34.40649],[133.51311,34.40756],[133.5145,34.41015],[133.51633,34.41129],[133.51786,34.41018],[133.51713,34.40951],[133.5177,34.40904],[133.51717,34.40941],[133.51661,34.40843],[133.51758,34.40858],[133.51755,34.40811],[133.51872,34.40849],[133.51904,34.41005]]],[[[133.53609,34.40861],[133.53597,34.40816],[133.5357,34.40845],[133.53609,34.40861]]],[[[133.51414,34.41625],[133.51419,34.41654],[133.51434,34.41643],[133.51414,34.41625]]],[[[133.51538,34.42088],[133.51656,34.42086],[133.51705,34.41991],[133.51553,34.42027],[133.51538,34.42088]]],[[[133.52555,34.47259],[133.52538,34.47323],[133.52659,34.47341],[133.52664,34.47239],[133.52555,34.47259]]]]}},{"type":"Feature","properties":{"id":"muni-33207","name":"井原市"},"geometry":{"type":"Polygon","coordinates":[[[133.39239,34.63225],[133.39162,34.63221],[133.39002,34.63325],[133.38913,34.63435],[133.38819,34.63467],[133.38722,34.63614],[133.38751,34.63886],[133.38892,34.64001],[133.38771,34.64077],[133.38779,34.6415],[133.38859,34.6434],[133.39029,34.64339],[133.39081,34.64401],[133.39149,34.64551],[133.39163,34.64933],[133.39486,34.64977],[133.39637,34.65205],[133.39644,34.65586],[133.3979,34.65704],[133.39804,34.6586],[133.4002,34.66],[133.39999,34.66188],[133.40209,34.66486],[133.40276,34.66675],[133.40253,34.67023],[133.40334,34.67187],[133.40177,34.67389],[133.39836,34.67505],[133.39621,34.67526],[133.39455,34.67384],[133.39251,34.67579],[133.39091,34.67529],[133.3899,34.67623],[133.38562,34.67729],[133.38477,34.67962],[133.38306,34.6799],[133.38264,34.68065],[133.3845,34.68212],[133.38521,34.68377],[133.38686,34.68388],[133.38661,34.6849],[133.38393,34.68704],[133.38294,34.68999],[133.38075,34.69219],[133.37812,34.69254],[133.37629,34.69459],[133.3747,34.69442],[133.3743,34.69476],[133.37452,34.69725],[133.37381,34.6996],[133.37472,34.70078],[133.37286,34.70301],[133.37224,34.70503],[133.37332,34.70588],[133.3732,34.70766],[133.36996,34.7101],[133.37153,34.71325],[133.37134,34.71516],[133.37039,34.71583],[133.3699,34.71754],[133.36828,34.71849],[133.36975,34.72011],[133.36932,34.72152],[133.36968,34.72286],[133.3686,34.72385],[133.36453,34.72451],[133.36349,34.72645],[133.36171,34.7267],[133.36027,34.73086],[133.35827,34.73303],[133.36073,34.73433],[133.36457,34.74063],[133.36684,34.74121],[133.36747,34.74282],[133.36861,34.74373],[133.36951,34.74391],[133.37057,34.74206],[133.37505,34.74167],[133.37909,34.74315],[133.38195,34.7427],[133.38269,34.74328],[133.38444,34.7434],[133.38526,34.74189],[133.3866,34.74131],[133.3861,34.73954],[133.38817,34.73754],[133.3908,34.73674],[133.39164,34.73545],[133.39299,34.73478],[133.39567,34.73444],[133.39808,34.73517],[133.3981,34.73467],[133.40124,34.73321],[133.40291,34.73577],[133.40379,34.73552],[133.40503,34.73428],[133.40391,34.73167],[133.40465,34.72983],[133.40432,34.72844],[133.40871,34.72717],[133.40958,34.7263],[133.41049,34.72152],[133.41016,34.72059],[133.41212,34.7199],[133.41158,34.71879],[133.41159,34.71679],[133.41272,34.71563],[133.41259,34.71408],[133.41522,34.71159],[133.41629,34.71127],[133.41726,34.71014],[133.42065,34.70814],[133.42074,34.7068],[133.42213,34.70553],[133.4208,34.70354],[133.42239,34.70283],[133.42324,34.70138],[133.4231,34.70067],[133.42435,34.70004],[133.42508,34.69806],[133.42678,34.69609],[133.43067,34.69554],[133.43326,34.69619],[133.43382,34.69546],[133.43402,34.69373],[133.43539,34.69209],[133.43778,34.69042],[133.43949,34.69024],[133.44203,34.69077],[133.44339,34.6888],[133.44719,34.68627],[133.44803,34.68591],[133.44916,34.68624],[133.45106,34.68489],[133.45329,34.68432],[133.45482,34.68503],[133.45583,34.68455],[133.45689,34.68769],[133.45609,34.68908],[133.45675,34.69168],[133.4579,34.69077],[133.4598,34.69036],[133.46129,34.68685],[133.46125,34.68483],[133.46234,34.68392],[133.4657,34.68572],[133.46611,34.68778],[133.46921,34.68822],[133.47266,34.69011],[133.47608,34.68832],[133.47699,34.68844],[133.47896,34.69006],[133.48071,34.68964],[133.48059,34.69051],[133.4812,34.69084],[133.4808,34.69134],[133.48095,34.69241],[133.48486,34.69385],[133.48811,34.69446],[133.49019,34.69605],[133.49329,34.69512],[133.49315,34.69411],[133.49559,34.6936],[133.49609,34.69451],[133.49851,34.69423],[133.50054,34.69484],[133.50176,34.69627],[133.50328,34.69716],[133.50372,34.69842],[133.50408,34.69991],[133.50264,34.70379],[133.50385,34.70529],[133.50536,34.70565],[133.50738,34.70758],[133.51037,34.70879],[133.51338,34.70861],[133.51438,34.70812],[133.51553,34.70919],[133.51783,34.7097],[133.5183,34.71061],[133.51946,34.71126],[133.52442,34.7121],[133.52548,34.71308],[133.52614,34.71543],[133.53028,34.71785],[133.5292,34.71879],[133.52694,34.71937],[133.52612,34.72325],[133.52451,34.72409],[133.52265,34.72393],[133.52076,34.72636],[133.52115,34.7275],[133.5205,34.73001],[133.52082,34.73176],[133.51992,34.73361],[133.52208,34.73457],[133.52244,34.73639],[133.5262,34.73735],[133.52714,34.7393],[133.52957,34.7401],[133.53238,34.7399],[133.53642,34.74274],[133.54032,34.7416],[133.54109,34.74092],[133.54264,34.7412],[133.54508,34.74078],[133.546,34.7397],[133.55038,34.73994],[133.55144,34.74072],[133.55269,34.74089],[133.55573,34.74014],[133.55993,34.74009],[133.55447,34.73185],[133.5553,34.73015],[133.55516,34.72844],[133.55791,34.72624],[133.55925,34.72621],[133.56022,34.7233],[133.56123,34.72306],[133.56294,34.7187],[133.56376,34.71861],[133.56439,34.72],[133.5661,34.72044],[133.5668,34.72135],[133.56813,34.71992],[133.57043,34.71907],[133.57319,34.72079],[133.57514,34.72129],[133.577,34.72045],[133.57846,34.72084],[133.5806,34.7191],[133.58246,34.71945],[133.58434,34.71851],[133.58435,34.7177],[133.58318,34.71649],[133.58318,34.71435],[133.58448,34.7108],[133.5858,34.71098],[133.5872,34.71006],[133.58928,34.71149],[133.59159,34.71151],[133.59354,34.7127],[133.59592,34.71268],[133.59688,34.71045],[133.59924,34.71037],[133.60004,34.70865],[133.60308,34.70878],[133.60606,34.70807],[133.60712,34.70659],[133.60902,34.70617],[133.60843,34.70466],[133.60606,34.70321],[133.6066,34.70207],[133.60458,34.70301],[133.60407,34.70391],[133.60273,34.7038],[133.59871,34.70026],[133.59673,34.70043],[133.5926,34.69826],[133.59323,34.69733],[133.59245,34.69582],[133.5942,34.69427],[133.59349,34.69339],[133.59297,34.68965],[133.59424,34.68726],[133.59168,34.68519],[133.58794,34.68359],[133.58764,34.68315],[133.58827,34.68217],[133.58687,34.68246],[133.58535,34.6821],[133.58396,34.68146],[133.58273,34.67987],[133.58205,34.67968],[133.57812,34.68049],[133.57604,34.68164],[133.57432,34.68132],[133.57331,34.68026],[133.57084,34.68065],[133.57041,34.67913],[133.57028,34.67184],[133.56943,34.66977],[133.56838,34.66873],[133.56775,34.66869],[133.56477,34.6632],[133.56154,34.66018],[133.56116,34.65839],[133.56184,34.65541],[133.56245,34.65481],[133.56272,34.6522],[133.5642,34.65132],[133.56429,34.64948],[133.56204,34.6494],[133.56058,34.64541],[133.55842,34.64575],[133.5543,34.64323],[133.5537,34.64327],[133.55263,34.64362],[133.55224,34.6444],[133.55124,34.64425],[133.5506,34.64599],[133.54919,34.64744],[133.54772,34.64769],[133.54652,34.64856],[133.54628,34.64797],[133.54482,34.64808],[133.54386,34.6489],[133.54198,34.64666],[133.53814,34.64702],[133.53123,34.64559],[133.52928,34.64571],[133.52929,34.64666],[133.52871,34.64736],[133.52937,34.64821],[133.52709,34.64971],[133.52679,34.65048],[133.52233,34.65111],[133.5223,34.65028],[133.52304,34.64944],[133.52216,34.64694],[133.52251,34.64612],[133.52285,34.64628],[133.52343,34.6453],[133.5257,34.64685],[133.52652,34.64623],[133.52596,34.64523],[133.52635,34.64421],[133.52592,34.64265],[133.52494,34.64194],[133.52524,34.64108],[133.52623,34.64106],[133.52809,34.64249],[133.53236,34.64227],[133.53402,34.64288],[133.53479,34.64279],[133.53599,34.64122],[133.53669,34.64113],[133.53658,34.63844],[133.53501,34.63661],[133.53732,34.63255],[133.53625,34.63163],[133.53472,34.63119],[133.53319,34.62993],[133.52773,34.63141],[133.52606,34.63253],[133.52412,34.63159],[133.52369,34.63049],[133.51935,34.63019],[133.51865,34.62956],[133.51987,34.62689],[133.52115,34.62658],[133.52224,34.62444],[133.52719,34.62142],[133.52767,34.61904],[133.52888,34.61805],[133.52956,34.61641],[133.53238,34.61575],[133.53049,34.61375],[133.53086,34.61255],[133.53186,34.61146],[133.53128,34.61028],[133.53191,34.60779],[133.52992,34.60611],[133.52766,34.60504],[133.52801,34.60375],[133.52757,34.6022],[133.53008,34.6005],[133.52992,34.59962],[133.52802,34.59969],[133.52733,34.59926],[133.52569,34.5968],[133.52388,34.59572],[133.52366,34.59232],[133.52255,34.59216],[133.51999,34.59294],[133.51878,34.59199],[133.51682,34.59233],[133.51562,34.59141],[133.51144,34.59132],[133.51067,34.5906],[133.51113,34.58979],[133.50993,34.58821],[133.50964,34.58695],[133.51031,34.58513],[133.5099,34.58295],[133.50913,34.58207],[133.5079,34.582],[133.5075,34.58093],[133.50467,34.57891],[133.50475,34.57834],[133.50565,34.57847],[133.50645,34.5775],[133.50594,34.57543],[133.50427,34.57381],[133.50608,34.57165],[133.50465,34.57053],[133.50565,34.5674],[133.50515,34.56572],[133.50534,34.56319],[133.50309,34.56227],[133.50167,34.56252],[133.50077,34.56076],[133.49631,34.5598],[133.48996,34.55672],[133.48766,34.55268],[133.48531,34.55131],[133.48424,34.55144],[133.48374,34.55221],[133.48222,34.55219],[133.48148,34.55087],[133.47891,34.54942],[133.47747,34.5474],[133.4748,34.54732],[133.47353,34.54805],[133.47261,34.5469],[133.46947,34.54552],[133.46646,34.54594],[133.46667,34.54488],[133.46528,34.54449],[133.46526,34.54218],[133.46172,34.54152],[133.46067,34.54033],[133.45847,34.54183],[133.45681,34.54388],[133.45466,34.54497],[133.45186,34.54422],[133.44952,34.54279],[133.44919,34.54539],[133.44778,34.54608],[133.44731,34.54787],[133.44775,34.54874],[133.44555,34.55],[133.44675,34.5513],[133.44535,34.55218],[133.44654,34.55298],[133.44576,34.55677],[133.44386,34.55695],[133.44287,34.55798],[133.44319,34.55843],[133.4406,34.55937],[133.43841,34.56175],[133.43845,34.56279],[133.43746,34.56296],[133.43519,34.56573],[133.43263,34.56653],[133.4315,34.56637],[133.43087,34.5674],[133.43014,34.56738],[133.42663,34.56924],[133.42772,34.57141],[133.42286,34.57958],[133.42214,34.58324],[133.42266,34.58376],[133.42236,34.5842],[133.42324,34.58439],[133.42288,34.58625],[133.4204,34.58708],[133.41675,34.5862],[133.41525,34.58697],[133.41322,34.58672],[133.41281,34.58888],[133.41229,34.58947],[133.40898,34.58984],[133.40721,34.58896],[133.40614,34.58914],[133.40507,34.59094],[133.40123,34.59232],[133.40033,34.59299],[133.39993,34.59415],[133.3989,34.59383],[133.39683,34.59488],[133.39672,34.59709],[133.39798,34.59888],[133.39702,34.60001],[133.39683,34.60248],[133.39618,34.60331],[133.39586,34.60533],[133.39449,34.60648],[133.3943,34.60748],[133.39228,34.60826],[133.39321,34.60976],[133.3928,34.61163],[133.39206,34.61227],[133.39092,34.61204],[133.38845,34.61475],[133.38485,34.61698],[133.38447,34.6191],[133.38358,34.61976],[133.38418,34.62053],[133.38343,34.62186],[133.38451,34.62303],[133.38471,34.62496],[133.38861,34.62718],[133.38877,34.62883],[133.3906,34.63061],[133.39196,34.63111],[133.39188,34.6319],[133.39239,34.63225]]]}},{"type":"Feature","properties":{"id":"muni-33208","name":"総社市"},"geometry":{"type":"Polygon","coordinates":[[[133.60615,34.70804],[133.60308,34.70878],[133.60004,34.70865],[133.59924,34.71037],[133.59688,34.71045],[133.59592,34.71268],[133.59354,34.7127],[133.59159,34.71151],[133.58928,34.71149],[133.5872,34.71006],[133.5858,34.71098],[133.58448,34.7108],[133.58318,34.71435],[133.58318,34.71649],[133.58435,34.7177],[133.58434,34.71851],[133.5822,34.71959],[133.5822,34.722],[133.58389,34.72345],[133.58411,34.72443],[133.586,34.72531],[133.58698,34.72569],[133.5889,34.72524],[133.59152,34.72571],[133.59404,34.72954],[133.5961,34.73173],[133.59751,34.732],[133.60042,34.73558],[133.60173,34.73526],[133.60551,34.7356],[133.60513,34.73765],[133.60541,34.73837],[133.60685,34.73916],[133.60925,34.73947],[133.6109,34.74295],[133.61611,34.74616],[133.61746,34.7486],[133.62194,34.75158],[133.61961,34.7541],[133.6216,34.75499],[133.62342,34.75659],[133.62337,34.75745],[133.62406,34.75859],[133.62545,34.75914],[133.62635,34.76031],[133.62851,34.7603],[133.63225,34.75876],[133.63636,34.75896],[133.63705,34.76001],[133.63995,34.76196],[133.64032,34.76277],[133.64672,34.76645],[133.64709,34.76723],[133.64633,34.76827],[133.64572,34.77049],[133.647,34.77099],[133.64678,34.77246],[133.64718,34.77318],[133.64809,34.77327],[133.6483,34.77455],[133.65062,34.7751],[133.65063,34.77654],[133.65197,34.7774],[133.65214,34.77831],[133.6529,34.77856],[133.6527,34.7798],[133.65353,34.78043],[133.65615,34.78131],[133.66134,34.78128],[133.66214,34.77871],[133.66588,34.77612],[133.66764,34.77282],[133.6693,34.77263],[133.67114,34.77109],[133.67375,34.77018],[133.67391,34.76872],[133.6749,34.76687],[133.67409,34.76419],[133.67424,34.76318],[133.6768,34.76267],[133.67801,34.76082],[133.67772,34.75941],[133.67828,34.75886],[133.67773,34.7579],[133.6795,34.75585],[133.6792,34.75459],[133.6803,34.75302],[133.68008,34.75159],[133.68178,34.75074],[133.682,34.74954],[133.68289,34.74956],[133.68398,34.74758],[133.68584,34.74728],[133.68759,34.74619],[133.68692,34.74352],[133.68891,34.74553],[133.68945,34.74901],[133.69127,34.75229],[133.69103,34.75542],[133.69254,34.75602],[133.6929,34.75742],[133.6957,34.75701],[133.69712,34.75818],[133.69848,34.76058],[133.69996,34.76158],[133.70062,34.76122],[133.70018,34.76012],[133.70139,34.75925],[133.70534,34.75959],[133.70659,34.76233],[133.70967,34.76282],[133.71142,34.76376],[133.71163,34.76542],[133.71258,34.76673],[133.71405,34.76738],[133.71525,34.76957],[133.71915,34.77174],[133.71968,34.77523],[133.72139,34.77551],[133.72297,34.7746],[133.72836,34.77441],[133.72854,34.77168],[133.73127,34.76946],[133.73455,34.76859],[133.73632,34.7688],[133.74,34.76797],[133.74038,34.7672],[133.73986,34.76528],[133.73998,34.76073],[133.74052,34.76015],[133.74167,34.76],[133.74257,34.75854],[133.74195,34.75817],[133.74214,34.75729],[133.74134,34.75648],[133.74135,34.75567],[133.74082,34.75545],[133.741,34.75508],[133.74304,34.75502],[133.74402,34.75546],[133.7459,34.75393],[133.74635,34.75271],[133.74633,34.75105],[133.74521,34.75106],[133.743,34.74914],[133.75315,34.74816],[133.75422,34.74728],[133.75705,34.74958],[133.7584,34.74848],[133.76201,34.74861],[133.76183,34.7467],[133.76229,34.74524],[133.76555,34.74331],[133.76602,34.7423],[133.76779,34.74154],[133.76923,34.74261],[133.77041,34.7427],[133.77247,34.74192],[133.77395,34.74052],[133.77654,34.74018],[133.77927,34.73912],[133.77974,34.73786],[133.7814,34.73628],[133.78738,34.7335],[133.78912,34.73141],[133.79091,34.73148],[133.79411,34.72631],[133.79561,34.72493],[133.79598,34.72324],[133.797,34.72245],[133.7967,34.72073],[133.79905,34.71634],[133.79778,34.71587],[133.79835,34.71461],[133.79791,34.71399],[133.79812,34.71224],[133.79987,34.71083],[133.79833,34.70808],[133.79831,34.70591],[133.7861,34.70052],[133.78643,34.70003],[133.78238,34.69853],[133.78609,34.69726],[133.78817,34.69716],[133.78639,34.6968],[133.78762,34.69477],[133.79022,34.69741],[133.78988,34.69821],[133.7913,34.6987],[133.7934,34.69591],[133.79443,34.6964],[133.79655,34.69241],[133.79803,34.69062],[133.80207,34.68956],[133.80485,34.68706],[133.80413,34.68691],[133.80378,34.68423],[133.80164,34.68161],[133.80162,34.68012],[133.80024,34.67907],[133.79752,34.67869],[133.79571,34.6771],[133.79555,34.67253],[133.7954,34.67223],[133.79368,34.67274],[133.79522,34.671],[133.79579,34.67112],[133.797,34.66697],[133.80159,34.6623],[133.80163,34.66006],[133.80069,34.65937],[133.80078,34.65574],[133.79933,34.65543],[133.79882,34.65376],[133.80032,34.64875],[133.7988,34.64857],[133.79816,34.64778],[133.79883,34.64429],[133.80061,34.64302],[133.79958,34.6421],[133.79923,34.64084],[133.7965,34.63972],[133.79437,34.63944],[133.79329,34.63816],[133.79328,34.64052],[133.79042,34.64273],[133.78845,34.64226],[133.78814,34.64287],[133.78625,34.64282],[133.78437,34.64367],[133.78207,34.64238],[133.78117,34.6432],[133.78044,34.64489],[133.77981,34.6442],[133.77629,34.64405],[133.77607,34.64459],[133.77376,34.6436],[133.77144,34.64164],[133.77069,34.64041],[133.77007,34.64026],[133.76859,34.64032],[133.7668,34.64163],[133.76605,34.64278],[133.76429,34.64296],[133.76391,34.64475],[133.76267,34.6446],[133.7626,34.64317],[133.76002,34.64246],[133.75944,34.64186],[133.75764,34.64165],[133.75609,34.63907],[133.7563,34.63856],[133.7552,34.63832],[133.75442,34.63709],[133.75308,34.63732],[133.75233,34.63688],[133.75285,34.63634],[133.75281,34.63509],[133.751,34.63396],[133.75083,34.63344],[133.752,34.63295],[133.7538,34.63413],[133.75486,34.63386],[133.75726,34.63136],[133.75596,34.62999],[133.75364,34.62898],[133.75173,34.62667],[133.74858,34.62577],[133.74745,34.62334],[133.7463,34.62229],[133.74251,34.62211],[133.7359,34.62358],[133.73157,34.62222],[133.73003,34.62415],[133.73062,34.62465],[133.7278,34.62763],[133.72624,34.631],[133.72737,34.63443],[133.72778,34.63852],[133.72748,34.6465],[133.72337,34.64629],[133.72227,34.64895],[133.71699,34.65628],[133.71689,34.65877],[133.71471,34.65707],[133.71137,34.65551],[133.70929,34.65603],[133.70815,34.65696],[133.70678,34.6573],[133.70576,34.65697],[133.7051,34.65834],[133.70186,34.65686],[133.70067,34.65903],[133.69612,34.65961],[133.69386,34.66471],[133.68812,34.66325],[133.68841,34.66146],[133.6864,34.66119],[133.68368,34.65869],[133.68248,34.65865],[133.68235,34.65765],[133.67932,34.65872],[133.67857,34.66069],[133.67539,34.66029],[133.6747,34.65981],[133.67474,34.65889],[133.67358,34.65833],[133.67363,34.65767],[133.67083,34.65643],[133.67054,34.65509],[133.66877,34.65486],[133.66855,34.65283],[133.66696,34.65146],[133.66722,34.65035],[133.66662,34.6494],[133.66533,34.64942],[133.66439,34.64844],[133.66358,34.64858],[133.66272,34.65041],[133.6619,34.6509],[133.66066,34.65001],[133.6578,34.64966],[133.65736,34.6483],[133.65659,34.6476],[133.65371,34.64754],[133.65124,34.6458],[133.64902,34.64519],[133.64833,34.64574],[133.64486,34.64654],[133.64442,34.64543],[133.64264,34.64582],[133.64001,34.64532],[133.63907,34.6445],[133.63721,34.64459],[133.63268,34.64269],[133.63189,34.64186],[133.63051,34.64233],[133.62978,34.64404],[133.62895,34.64476],[133.62921,34.64565],[133.62779,34.64573],[133.62687,34.64507],[133.6245,34.64457],[133.62184,34.64513],[133.62007,34.64422],[133.61869,34.64441],[133.61886,34.64584],[133.61973,34.64734],[133.62109,34.64751],[133.62099,34.64904],[133.6223,34.64914],[133.62319,34.65125],[133.62271,34.65213],[133.62288,34.6547],[133.62377,34.65599],[133.62364,34.65849],[133.62021,34.65957],[133.61957,34.66025],[133.6185,34.66027],[133.61851,34.66087],[133.61696,34.66258],[133.61804,34.66361],[133.61727,34.66478],[133.6174,34.66633],[133.61809,34.66751],[133.61697,34.66761],[133.61318,34.67086],[133.61366,34.67253],[133.61581,34.67348],[133.6152,34.67388],[133.61538,34.67436],[133.61833,34.67577],[133.61748,34.67725],[133.61526,34.67765],[133.61442,34.68001],[133.6153,34.68352],[133.61766,34.68438],[133.61894,34.6858],[133.62352,34.68605],[133.62361,34.68811],[133.62587,34.69125],[133.62507,34.69265],[133.62592,34.69294],[133.62694,34.69448],[133.6266,34.69569],[133.62782,34.69635],[133.62752,34.69823],[133.62657,34.69949],[133.62729,34.70085],[133.62617,34.70132],[133.62601,34.70226],[133.62418,34.70214],[133.62155,34.70119],[133.62119,34.70193],[133.62007,34.70208],[133.61854,34.70613],[133.61495,34.70568],[133.61281,34.70605],[133.61135,34.70692],[133.60859,34.70619],[133.60712,34.70659],[133.60615,34.70804]]]}},{"type":"Feature","properties":{"id":"muni-33209","name":"高梁市"},"geometry":{"type":"Polygon","coordinates":[[[133.4598,34.69036],[133.45663,34.69161],[133.45609,34.68908],[133.45689,34.68769],[133.45583,34.68455],[133.45482,34.68503],[133.45329,34.68432],[133.45106,34.68489],[133.44916,34.68624],[133.44803,34.68591],[133.44719,34.68627],[133.44339,34.6888],[133.44203,34.69077],[133.43949,34.69024],[133.43778,34.69042],[133.43539,34.69209],[133.43402,34.69373],[133.43382,34.69546],[133.43326,34.69619],[133.43067,34.69554],[133.42685,34.69603],[133.42508,34.69806],[133.42435,34.70004],[133.4231,34.70067],[133.42324,34.70138],[133.42239,34.70283],[133.4208,34.70354],[133.42213,34.70553],[133.42074,34.7068],[133.42065,34.70814],[133.41726,34.71014],[133.41629,34.71127],[133.41522,34.71159],[133.41259,34.71408],[133.41272,34.71563],[133.41159,34.71679],[133.41158,34.71879],[133.41212,34.7199],[133.41016,34.72059],[133.41049,34.72152],[133.40958,34.7263],[133.40871,34.72717],[133.40432,34.72844],[133.40465,34.72983],[133.40391,34.73167],[133.40503,34.73428],[133.40379,34.73552],[133.40291,34.73577],[133.40124,34.73321],[133.3981,34.73467],[133.39808,34.73517],[133.39567,34.73444],[133.39299,34.73478],[133.39164,34.73545],[133.3908,34.73674],[133.38817,34.73754],[133.3861,34.73954],[133.3866,34.74131],[133.38526,34.74189],[133.38444,34.7434],[133.38269,34.74328],[133.38195,34.7427],[133.37909,34.74315],[133.37513,34.74167],[133.37057,34.74206],[133.36969,34.74299],[133.36951,34.74391],[133.3704,34.74788],[133.36732,34.74922],[133.36808,34.75246],[133.36593,34.75447],[133.36447,34.75432],[133.36158,34.75549],[133.36223,34.75601],[133.36294,34.75872],[133.36338,34.75863],[133.3638,34.75966],[133.36732,34.76133],[133.36521,34.7647],[133.36574,34.76584],[133.36448,34.76739],[133.36559,34.76836],[133.36677,34.76862],[133.36695,34.77066],[133.36653,34.77217],[133.36728,34.77434],[133.36878,34.77404],[133.36986,34.77487],[133.37153,34.77731],[133.37154,34.77907],[133.37234,34.77996],[133.3768,34.7818],[133.37336,34.78358],[133.37297,34.78459],[133.37051,34.78579],[133.37055,34.78818],[133.36953,34.78908],[133.37076,34.79068],[133.37219,34.79123],[133.37223,34.79206],[133.37527,34.79354],[133.37573,34.7946],[133.37553,34.79624],[133.37745,34.79747],[133.3766,34.8003],[133.37829,34.80258],[133.37817,34.80841],[133.37571,34.81111],[133.37446,34.81373],[133.37306,34.81424],[133.37055,34.81352],[133.36935,34.81395],[133.36767,34.81638],[133.36787,34.81897],[133.36612,34.81887],[133.36353,34.82007],[133.35852,34.81986],[133.35724,34.8219],[133.35759,34.82277],[133.35652,34.8236],[133.35647,34.82648],[133.35356,34.82849],[133.35307,34.83057],[133.35054,34.8314],[133.34682,34.83161],[133.34809,34.82956],[133.3477,34.82869],[133.34644,34.82949],[133.34214,34.83033],[133.33952,34.83261],[133.33908,34.83403],[133.33569,34.83505],[133.33542,34.83688],[133.33343,34.83826],[133.33257,34.84127],[133.33377,34.84194],[133.33412,34.84358],[133.33556,34.84494],[133.33449,34.84625],[133.33436,34.84785],[133.33069,34.8497],[133.33098,34.8518],[133.32894,34.85315],[133.3308,34.85415],[133.33136,34.85565],[133.33077,34.85597],[133.33096,34.85658],[133.33233,34.85738],[133.33255,34.85861],[133.33443,34.85938],[133.33537,34.86192],[133.33745,34.863],[133.33876,34.86484],[133.33862,34.86621],[133.33622,34.8676],[133.3366,34.86963],[133.33779,34.87011],[133.34194,34.86893],[133.34418,34.86964],[133.34471,34.8708],[133.34693,34.8726],[133.34692,34.87362],[133.34761,34.87454],[133.35314,34.87784],[133.35795,34.87487],[133.36184,34.87491],[133.36448,34.87556],[133.36578,34.87453],[133.36802,34.87375],[133.37236,34.87444],[133.37696,34.87337],[133.37995,34.87352],[133.38166,34.8721],[133.38335,34.87206],[133.38445,34.87085],[133.3866,34.8711],[133.38975,34.86917],[133.39093,34.86983],[133.39285,34.87008],[133.39391,34.87115],[133.3955,34.87167],[133.39866,34.87512],[133.40034,34.87469],[133.40175,34.875],[133.40466,34.87379],[133.40477,34.87452],[133.40664,34.87592],[133.40744,34.87727],[133.40997,34.87848],[133.41099,34.8799],[133.41192,34.87995],[133.41489,34.87675],[133.41637,34.87716],[133.41721,34.87776],[133.41702,34.87862],[133.4176,34.88004],[133.42074,34.88157],[133.42058,34.88317],[133.42181,34.88347],[133.42333,34.88568],[133.42403,34.88572],[133.42448,34.88646],[133.42549,34.88636],[133.42618,34.88468],[133.42593,34.88407],[133.42795,34.88316],[133.42966,34.8833],[133.43147,34.88203],[133.43467,34.88143],[133.43524,34.88021],[133.43763,34.88166],[133.43838,34.88321],[133.44192,34.88425],[133.44319,34.88249],[133.44396,34.87988],[133.44711,34.87763],[133.44822,34.87772],[133.44998,34.87593],[133.45027,34.87415],[133.45075,34.87405],[133.45174,34.87453],[133.4525,34.87567],[133.45595,34.87543],[133.46242,34.8768],[133.46399,34.8763],[133.4644,34.87689],[133.46509,34.87668],[133.46634,34.87797],[133.46778,34.87843],[133.46848,34.87939],[133.46867,34.88288],[133.46921,34.88428],[133.47204,34.88587],[133.47286,34.88577],[133.474,34.88363],[133.47563,34.88289],[133.47648,34.88089],[133.47748,34.8803],[133.47587,34.87837],[133.47712,34.87675],[133.47921,34.87612],[133.48043,34.87501],[133.4805,34.87322],[133.48204,34.87192],[133.48382,34.87206],[133.48778,34.87496],[133.48947,34.87508],[133.49204,34.87868],[133.49556,34.87424],[133.49756,34.87632],[133.50009,34.87647],[133.50002,34.87294],[133.50137,34.87164],[133.50428,34.87145],[133.50666,34.87047],[133.50809,34.87042],[133.50949,34.86933],[133.51192,34.86947],[133.51374,34.86836],[133.51409,34.86581],[133.51756,34.8677],[133.5188,34.86758],[133.52213,34.8703],[133.52339,34.87233],[133.52381,34.87429],[133.52473,34.87514],[133.52394,34.87683],[133.52524,34.87701],[133.5277,34.87647],[133.52896,34.87709],[133.52987,34.87629],[133.53315,34.87634],[133.5344,34.87697],[133.53587,34.87704],[133.53699,34.87831],[133.53904,34.87869],[133.53992,34.88026],[133.54239,34.88067],[133.54277,34.88192],[133.54608,34.88203],[133.54607,34.8829],[133.5465,34.88297],[133.54722,34.88213],[133.55061,34.88093],[133.55097,34.88249],[133.55252,34.88198],[133.5535,34.88227],[133.55393,34.88407],[133.5546,34.88456],[133.55812,34.88518],[133.56183,34.88696],[133.5646,34.88614],[133.56609,34.89254],[133.56569,34.89365],[133.56447,34.89468],[133.56412,34.89668],[133.5659,34.89791],[133.56957,34.8972],[133.57014,34.8981],[133.56743,34.90154],[133.56684,34.9047],[133.56604,34.90584],[133.56626,34.90641],[133.5675,34.90622],[133.56762,34.9068],[133.56689,34.90778],[133.56489,34.90797],[133.56466,34.90931],[133.56366,34.91006],[133.56153,34.91433],[133.56245,34.91486],[133.56263,34.91549],[133.56345,34.91539],[133.56334,34.91602],[133.56564,34.91712],[133.56612,34.91845],[133.56542,34.91881],[133.56535,34.91942],[133.56701,34.91909],[133.567,34.91993],[133.56826,34.92114],[133.56825,34.92203],[133.56655,34.92445],[133.56889,34.92374],[133.56933,34.9241],[133.56958,34.92542],[133.56852,34.92811],[133.56878,34.92898],[133.57239,34.9287],[133.57251,34.92921],[133.57192,34.92971],[133.57326,34.93077],[133.5754,34.92911],[133.57583,34.9296],[133.57676,34.92957],[133.57696,34.93018],[133.57732,34.92955],[133.57938,34.9293],[133.57991,34.93059],[133.58122,34.93042],[133.58129,34.93127],[133.58387,34.93025],[133.58412,34.92937],[133.58502,34.92893],[133.58611,34.92949],[133.58682,34.93089],[133.58672,34.93166],[133.58968,34.93393],[133.58931,34.93509],[133.59011,34.93638],[133.5892,34.93707],[133.58878,34.93842],[133.58621,34.93973],[133.58538,34.9417],[133.5845,34.94246],[133.58472,34.94434],[133.58409,34.94716],[133.58533,34.94784],[133.58946,34.94782],[133.59012,34.94823],[133.5903,34.95009],[133.59184,34.95027],[133.59294,34.95105],[133.59453,34.95081],[133.59757,34.95175],[133.59953,34.95172],[133.60077,34.95284],[133.60253,34.95224],[133.60391,34.95242],[133.60426,34.95154],[133.60313,34.94977],[133.60311,34.9474],[133.60549,34.94144],[133.60763,34.9413],[133.60711,34.9407],[133.60706,34.93922],[133.60862,34.93932],[133.61073,34.93756],[133.61083,34.93626],[133.61264,34.93607],[133.61311,34.93487],[133.61279,34.93346],[133.61351,34.93256],[133.61513,34.93184],[133.61711,34.9323],[133.61808,34.9284],[133.61776,34.925],[133.61851,34.92242],[133.62031,34.92083],[133.61948,34.91824],[133.62088,34.91551],[133.61985,34.91418],[133.62076,34.91282],[133.62147,34.90807],[133.62115,34.90677],[133.61997,34.90624],[133.61977,34.90528],[133.61865,34.90449],[133.61805,34.90204],[133.61725,34.9014],[133.61805,34.90056],[133.6192,34.90021],[133.62409,34.90087],[133.62831,34.90259],[133.6305,34.90242],[133.63205,34.90388],[133.63221,34.90508],[133.63316,34.90582],[133.63335,34.90987],[133.63441,34.90935],[133.63582,34.90949],[133.63699,34.91109],[133.6385,34.91093],[133.64117,34.9117],[133.64273,34.91294],[133.6445,34.913],[133.64608,34.91455],[133.64992,34.91476],[133.65052,34.91594],[133.64995,34.91722],[133.65059,34.91768],[133.64923,34.92002],[133.65033,34.92104],[133.64946,34.92184],[133.65012,34.92338],[133.6482,34.92676],[133.64858,34.92789],[133.64743,34.92873],[133.64827,34.92958],[133.64821,34.93118],[133.64663,34.93183],[133.64659,34.93309],[133.6455,34.93359],[133.64441,34.93518],[133.64504,34.93619],[133.64426,34.9374],[133.64592,34.93823],[133.64782,34.93993],[133.64807,34.94072],[133.64926,34.94091],[133.6497,34.94247],[133.65139,34.94229],[133.65297,34.94097],[133.65309,34.93996],[133.65467,34.94002],[133.65602,34.93832],[133.65803,34.93819],[133.66649,34.94142],[133.66973,34.94238],[133.6717,34.94234],[133.6717,34.94358],[133.67095,34.94411],[133.67114,34.94558],[133.67174,34.94479],[133.67252,34.94475],[133.67347,34.94578],[133.67452,34.94554],[133.67565,34.94656],[133.67559,34.94835],[133.67352,34.95055],[133.67476,34.95142],[133.67614,34.95057],[133.67822,34.95167],[133.6813,34.95189],[133.68659,34.94789],[133.68954,34.9473],[133.69248,34.94782],[133.69595,34.94924],[133.70093,34.95325],[133.70339,34.95428],[133.70429,34.95833],[133.70557,34.95989],[133.70926,34.96007],[133.71014,34.95961],[133.71116,34.95767],[133.71366,34.95775],[133.71449,34.95693],[133.71719,34.95586],[133.71591,34.9547],[133.71581,34.95384],[133.7141,34.9526],[133.71517,34.95061],[133.71739,34.94959],[133.71754,34.94899],[133.71674,34.94851],[133.71679,34.94764],[133.71814,34.94712],[133.71899,34.9448],[133.71791,34.94347],[133.7197,34.94128],[133.71849,34.93944],[133.7199,34.93638],[133.71936,34.93521],[133.72022,34.93354],[133.71994,34.93239],[133.71912,34.93201],[133.71718,34.92915],[133.71707,34.92822],[133.71802,34.9276],[133.71807,34.92688],[133.71696,34.9259],[133.71558,34.92642],[133.7151,34.92532],[133.71423,34.92477],[133.71391,34.92273],[133.71216,34.92099],[133.71201,34.91943],[133.71535,34.91314],[133.71769,34.91178],[133.71803,34.91016],[133.71766,34.90883],[133.71211,34.90555],[133.71081,34.90368],[133.71095,34.90299],[133.71014,34.90272],[133.70986,34.90173],[133.70699,34.89918],[133.70513,34.89482],[133.70548,34.89294],[133.70273,34.89302],[133.70188,34.89372],[133.70095,34.89317],[133.69807,34.8932],[133.69693,34.8916],[133.6949,34.89141],[133.69381,34.89179],[133.69303,34.89141],[133.69076,34.8882],[133.68818,34.88794],[133.6868,34.88716],[133.68502,34.88369],[133.6837,34.88339],[133.68179,34.88423],[133.68181,34.88358],[133.68294,34.88255],[133.68117,34.882],[133.68301,34.88009],[133.68293,34.87893],[133.68226,34.87833],[133.67974,34.87937],[133.6788,34.87838],[133.67609,34.87806],[133.67349,34.87875],[133.67023,34.87744],[133.66894,34.87576],[133.66351,34.87406],[133.66335,34.87348],[133.66426,34.87178],[133.66345,34.86846],[133.66469,34.865],[133.65518,34.85133],[133.6532,34.85038],[133.65093,34.85057],[133.65131,34.84926],[133.64723,34.84771],[133.64599,34.84583],[133.6457,34.84276],[133.6446,34.8398],[133.64229,34.83824],[133.64066,34.83606],[133.64085,34.8335],[133.63993,34.83244],[133.6403,34.83067],[133.64108,34.82957],[133.64629,34.82794],[133.64831,34.8266],[133.6474,34.82484],[133.6483,34.82343],[133.64773,34.81924],[133.64989,34.81907],[133.6513,34.81833],[133.64827,34.81887],[133.64754,34.81417],[133.64857,34.8129],[133.65026,34.81328],[133.65104,34.81182],[133.65034,34.81109],[133.6505,34.81024],[133.65379,34.80799],[133.65687,34.80438],[133.65737,34.80305],[133.65836,34.80291],[133.65778,34.80248],[133.6592,34.80024],[133.65886,34.79982],[133.65984,34.79923],[133.65966,34.79724],[133.66076,34.79655],[133.65999,34.79465],[133.65899,34.79398],[133.65896,34.79235],[133.65983,34.79187],[133.66138,34.78877],[133.66249,34.78841],[133.66248,34.78683],[133.66163,34.78631],[133.6618,34.78512],[133.66106,34.78397],[133.66196,34.78221],[133.66175,34.78185],[133.65992,34.78109],[133.65818,34.78145],[133.65524,34.78117],[133.65282,34.78002],[133.6529,34.77856],[133.65214,34.77831],[133.65197,34.7774],[133.65063,34.77654],[133.65062,34.7751],[133.6483,34.77455],[133.64809,34.77327],[133.64701,34.77302],[133.647,34.77099],[133.64572,34.77049],[133.64633,34.76827],[133.64709,34.76723],[133.64672,34.76645],[133.64032,34.76277],[133.63995,34.76196],[133.63705,34.76001],[133.63636,34.75896],[133.63225,34.75876],[133.62851,34.7603],[133.62635,34.76031],[133.62545,34.75914],[133.62406,34.75859],[133.62337,34.75745],[133.62342,34.75659],[133.6216,34.75499],[133.61961,34.7541],[133.62194,34.75158],[133.61746,34.7486],[133.61611,34.74616],[133.6109,34.74295],[133.60925,34.73947],[133.60685,34.73916],[133.60541,34.73837],[133.60513,34.73765],[133.60551,34.7356],[133.60173,34.73526],[133.60042,34.73558],[133.59751,34.732],[133.5961,34.73173],[133.59404,34.72954],[133.59152,34.72571],[133.5889,34.72524],[133.58698,34.72569],[133.58411,34.72443],[133.58389,34.72345],[133.5822,34.722],[133.58211,34.7199],[133.58246,34.71945],[133.58189,34.7192],[133.58054,34.71912],[133.57846,34.72084],[133.577,34.72045],[133.57514,34.72129],[133.57319,34.72079],[133.57043,34.71907],[133.56813,34.71992],[133.5668,34.72135],[133.5661,34.72044],[133.56439,34.72],[133.56376,34.71861],[133.56294,34.7187],[133.56123,34.72306],[133.56022,34.7233],[133.55925,34.72621],[133.55791,34.72624],[133.55516,34.72844],[133.5553,34.73015],[133.55447,34.73185],[133.55993,34.74009],[133.55573,34.74014],[133.55269,34.74089],[133.55144,34.74072],[133.55038,34.73994],[133.546,34.7397],[133.54508,34.74078],[133.54264,34.7412],[133.54109,34.74092],[133.54032,34.7416],[133.53642,34.74274],[133.53238,34.7399],[133.52957,34.7401],[133.52714,34.7393],[133.5262,34.73735],[133.52244,34.73639],[133.52208,34.73457],[133.51992,34.73361],[133.52082,34.73176],[133.5205,34.73001],[133.52115,34.7275],[133.52076,34.72636],[133.52265,34.72393],[133.52451,34.72409],[133.52612,34.72325],[133.52694,34.71937],[133.5292,34.71879],[133.53028,34.71785],[133.52614,34.71543],[133.52548,34.71308],[133.52442,34.7121],[133.51946,34.71126],[133.5183,34.71061],[133.51783,34.7097],[133.51553,34.70919],[133.51438,34.70812],[133.51338,34.70861],[133.51037,34.70879],[133.50738,34.70758],[133.50536,34.70565],[133.50385,34.70529],[133.50264,34.70379],[133.50408,34.69991],[133.50372,34.69842],[133.50328,34.69716],[133.50176,34.69627],[133.50054,34.69484],[133.49851,34.69423],[133.49609,34.69451],[133.49559,34.6936],[133.49315,34.69411],[133.49329,34.69512],[133.49019,34.69605],[133.48811,34.69446],[133.48486,34.69385],[133.48095,34.69241],[133.4808,34.69134],[133.4812,34.69084],[133.48059,34.69051],[133.48071,34.68964],[133.47896,34.69006],[133.47699,34.68844],[133.47608,34.68832],[133.47266,34.69011],[133.46921,34.68822],[133.46611,34.68778],[133.4657,34.68572],[133.46234,34.68392],[133.46125,34.68483],[133.46129,34.68685],[133.4598,34.69036]]]}},{"type":"Feature","properties":{"id":"muni-33210","name":"新見市"},"geometry":{"type":"Polygon","coordinates":[[[133.33622,34.8676],[133.33862,34.86621],[133.33876,34.86484],[133.33745,34.863],[133.33537,34.86192],[133.33443,34.85938],[133.33255,34.85861],[133.33233,34.85738],[133.33077,34.85622],[133.32977,34.8559],[133.3286,34.85627],[133.32346,34.85912],[133.32249,34.86104],[133.32413,34.86206],[133.3239,34.8645],[133.32163,34.86634],[133.32038,34.8661],[133.31691,34.86733],[133.31465,34.86953],[133.31483,34.87199],[133.31449,34.87268],[133.30997,34.87405],[133.30731,34.87665],[133.30594,34.88046],[133.3062,34.88144],[133.30389,34.88349],[133.30143,34.88438],[133.29852,34.88929],[133.29712,34.88993],[133.29803,34.89091],[133.29689,34.8931],[133.29726,34.8946],[133.29569,34.89525],[133.29525,34.89596],[133.29722,34.89995],[133.29676,34.90129],[133.29589,34.90148],[133.29571,34.90235],[133.29424,34.90372],[133.29541,34.90421],[133.29603,34.90529],[133.29835,34.90698],[133.29859,34.90753],[133.2976,34.90896],[133.2978,34.90968],[133.29883,34.91026],[133.301,34.91322],[133.30369,34.91439],[133.30363,34.91592],[133.30493,34.91806],[133.30453,34.92203],[133.30401,34.92349],[133.30289,34.92468],[133.30204,34.92876],[133.30338,34.93071],[133.30616,34.93233],[133.30627,34.93371],[133.30964,34.93727],[133.30846,34.94077],[133.30699,34.94182],[133.30556,34.94414],[133.30448,34.94503],[133.30283,34.9477],[133.30178,34.95054],[133.29842,34.95271],[133.29798,34.95493],[133.29719,34.95603],[133.29798,34.95728],[133.29894,34.95721],[133.30082,34.95955],[133.30206,34.96006],[133.30283,34.96219],[133.30153,34.96332],[133.30511,34.96522],[133.30497,34.96823],[133.3044,34.9689],[133.30411,34.97103],[133.30323,34.97214],[133.30564,34.97281],[133.30851,34.97442],[133.31073,34.9745],[133.31218,34.97568],[133.31248,34.97704],[133.31342,34.978],[133.31324,34.97997],[133.31457,34.98154],[133.3165,34.98269],[133.31871,34.98276],[133.32003,34.98366],[133.32008,34.98495],[133.32173,34.9888],[133.32062,34.99082],[133.32115,34.99276],[133.31987,34.99445],[133.32014,34.99546],[133.31942,34.99829],[133.31955,35.0012],[133.32121,35.00359],[133.32076,35.00521],[133.32181,35.00597],[133.32005,35.00717],[133.31954,35.00875],[133.31738,35.0094],[133.31699,35.01062],[133.3162,35.01109],[133.31552,35.01243],[133.31351,35.01313],[133.31211,35.01304],[133.31103,35.01396],[133.3094,35.01345],[133.30871,35.01463],[133.30454,35.01529],[133.30324,35.01746],[133.30338,35.0204],[133.30109,35.02172],[133.29978,35.02361],[133.29697,35.02466],[133.29727,35.0262],[133.29582,35.02741],[133.29573,35.02998],[133.29433,35.0305],[133.29307,35.032],[133.29084,35.03624],[133.28864,35.03764],[133.28776,35.03745],[133.28686,35.03908],[133.28504,35.04083],[133.28277,35.04029],[133.28157,35.04116],[133.28169,35.04183],[133.2809,35.04201],[133.27965,35.0414],[133.27914,35.0427],[133.27462,35.04487],[133.27326,35.04787],[133.27201,35.04815],[133.27049,35.04959],[133.26907,35.04983],[133.26676,35.0527],[133.26831,35.05708],[133.27242,35.05981],[133.27211,35.06154],[133.27471,35.06296],[133.27502,35.06426],[133.27693,35.06633],[133.27934,35.0658],[133.28433,35.06573],[133.2848,35.06658],[133.28888,35.06877],[133.28926,35.06985],[133.29083,35.07103],[133.29015,35.07379],[133.28892,35.07442],[133.28845,35.07538],[133.28878,35.08016],[133.29006,35.08137],[133.28999,35.0827],[133.29052,35.08315],[133.28943,35.08805],[133.29015,35.09045],[133.28817,35.09213],[133.28766,35.09384],[133.28816,35.09593],[133.28958,35.09636],[133.28997,35.09732],[133.29074,35.09779],[133.29078,35.10035],[133.29519,35.10196],[133.29881,35.10394],[133.30183,35.1016],[133.30286,35.09957],[133.3079,35.09955],[133.30874,35.09757],[133.31013,35.09636],[133.31296,35.09813],[133.31388,35.09746],[133.31583,35.09747],[133.31611,35.09662],[133.31897,35.09398],[133.32092,35.0937],[133.32228,35.09451],[133.32315,35.09374],[133.32527,35.09347],[133.32775,35.09471],[133.32766,35.09598],[133.32883,35.09644],[133.33079,35.09894],[133.33257,35.09932],[133.33182,35.10109],[133.33496,35.10325],[133.33811,35.10665],[133.34325,35.10546],[133.34701,35.10565],[133.35475,35.10075],[133.35568,35.10093],[133.35657,35.10215],[133.35838,35.10206],[133.35916,35.10438],[133.36262,35.10544],[133.36345,35.10718],[133.36628,35.10887],[133.36646,35.11024],[133.36975,35.11048],[133.37218,35.11188],[133.37238,35.11283],[133.37836,35.11459],[133.38127,35.11503],[133.38537,35.11475],[133.38779,35.11278],[133.39486,35.11363],[133.39988,35.11503],[133.40338,35.11425],[133.40497,35.11591],[133.40582,35.11814],[133.40838,35.11993],[133.41182,35.12109],[133.41246,35.12462],[133.41195,35.12516],[133.412,35.12678],[133.41274,35.12822],[133.41177,35.1315],[133.41251,35.13376],[133.41128,35.1355],[133.41119,35.13885],[133.40975,35.13957],[133.40932,35.14051],[133.40764,35.14188],[133.40492,35.14306],[133.40405,35.14619],[133.40449,35.14876],[133.40335,35.14995],[133.40322,35.15102],[133.40095,35.15264],[133.40035,35.15374],[133.40012,35.15563],[133.40062,35.15882],[133.39871,35.16151],[133.39798,35.16483],[133.39434,35.16633],[133.39326,35.16749],[133.39314,35.16859],[133.39361,35.1696],[133.39659,35.17244],[133.3948,35.1743],[133.39438,35.17634],[133.39478,35.17861],[133.3962,35.18083],[133.39876,35.18057],[133.40019,35.18138],[133.40181,35.1815],[133.40397,35.18412],[133.40749,35.18582],[133.41028,35.18403],[133.41205,35.18467],[133.41569,35.18454],[133.41867,35.1817],[133.42097,35.18044],[133.42136,35.17693],[133.42204,35.17619],[133.42566,35.17656],[133.42825,35.17745],[133.43169,35.17569],[133.43741,35.17374],[133.43812,35.17305],[133.44148,35.17342],[133.44589,35.1728],[133.44756,35.17123],[133.45258,35.17301],[133.4562,35.17289],[133.45715,35.17364],[133.45815,35.17621],[133.45995,35.17774],[133.46348,35.1778],[133.46693,35.17514],[133.47023,35.17738],[133.47212,35.17707],[133.47311,35.1783],[133.47339,35.18086],[133.47488,35.18192],[133.48207,35.18178],[133.48386,35.18408],[133.48496,35.18448],[133.48556,35.18626],[133.48872,35.1865],[133.48973,35.1876],[133.49583,35.18657],[133.49642,35.18745],[133.49831,35.18821],[133.50052,35.1927],[133.50286,35.19165],[133.508,35.19314],[133.51,35.19063],[133.51139,35.18979],[133.51332,35.18996],[133.51477,35.19112],[133.51601,35.19081],[133.51716,35.1874],[133.51857,35.18667],[133.51914,35.18289],[133.52102,35.18206],[133.52344,35.18342],[133.5261,35.18291],[133.52664,35.17971],[133.52896,35.17846],[133.52957,35.17744],[133.53554,35.17614],[133.53577,35.17538],[133.53437,35.17378],[133.5347,35.17316],[133.53427,35.17255],[133.53436,35.17087],[133.53774,35.17095],[133.53939,35.16948],[133.53959,35.16848],[133.54132,35.16807],[133.54089,35.16519],[133.54139,35.16352],[133.5407,35.16268],[133.54081,35.16207],[133.53951,35.1614],[133.53575,35.1578],[133.53584,35.15656],[133.53683,35.15568],[133.53739,35.15401],[133.53739,35.15233],[133.53829,35.15151],[133.54527,35.15161],[133.54596,35.15106],[133.54825,35.15069],[133.55402,35.15164],[133.55534,35.15088],[133.55532,35.15013],[133.55676,35.14874],[133.56006,35.14873],[133.56146,35.14783],[133.56297,35.1481],[133.56391,35.14917],[133.56795,35.14945],[133.56943,35.14713],[133.5721,35.14576],[133.57304,35.1448],[133.5749,35.14511],[133.5772,35.14475],[133.57863,35.14388],[133.5797,35.14214],[133.58136,35.14215],[133.58154,35.14125],[133.58457,35.14065],[133.58731,35.1395],[133.58839,35.13835],[133.59067,35.13811],[133.5912,35.13641],[133.588,35.13059],[133.58788,35.12845],[133.58621,35.12756],[133.58619,35.12476],[133.58458,35.12253],[133.58394,35.11621],[133.58287,35.11411],[133.58045,35.11236],[133.57574,35.112],[133.57509,35.11094],[133.57572,35.10794],[133.57492,35.10686],[133.57495,35.10457],[133.57416,35.10318],[133.57463,35.1011],[133.57434,35.09998],[133.57581,35.09825],[133.57612,35.09603],[133.57463,35.09505],[133.57481,35.09384],[133.57603,35.09289],[133.57625,35.0909],[133.57891,35.08967],[133.57933,35.08796],[133.58078,35.08671],[133.58321,35.08713],[133.58437,35.08664],[133.58432,35.08547],[133.58587,35.08471],[133.58706,35.08277],[133.5889,35.08201],[133.58934,35.08002],[133.58913,35.07681],[133.58839,35.0752],[133.58958,35.07384],[133.58921,35.07341],[133.58951,35.07271],[133.58679,35.06919],[133.58764,35.06781],[133.5868,35.06683],[133.58747,35.06544],[133.58748,35.06378],[133.58801,35.06346],[133.58768,35.06141],[133.58671,35.06047],[133.58597,35.05817],[133.58677,35.05553],[133.58517,35.05488],[133.58557,35.05349],[133.58667,35.05293],[133.58683,35.05177],[133.58872,35.05095],[133.58863,35.049],[133.59081,35.04807],[133.59101,35.04625],[133.58864,35.04502],[133.58799,35.04395],[133.58653,35.04338],[133.58567,35.04211],[133.58403,35.0415],[133.58378,35.03953],[133.58454,35.03816],[133.58412,35.03708],[133.58461,35.03639],[133.58311,35.0338],[133.58434,35.03293],[133.58385,35.03151],[133.58597,35.03048],[133.58693,35.02925],[133.58911,35.0284],[133.58864,35.02738],[133.58897,35.02627],[133.58754,35.02468],[133.58765,35.02376],[133.58912,35.02457],[133.58986,35.02383],[133.59398,35.02299],[133.59528,35.02213],[133.59925,35.02212],[133.6001,35.02126],[133.60039,35.02014],[133.59897,35.01891],[133.59802,35.01718],[133.59855,35.01601],[133.59982,35.01561],[133.59904,35.0138],[133.5969,35.01345],[133.59624,35.01204],[133.59516,35.01172],[133.59372,35.00794],[133.58899,35.00716],[133.58592,35.00311],[133.58548,35.0022],[133.58574,35.00125],[133.58507,35.00013],[133.58271,34.99935],[133.58388,34.99663],[133.58673,34.99577],[133.58763,34.99386],[133.58875,34.99288],[133.59041,34.99283],[133.59052,34.99359],[133.59188,34.99412],[133.59248,34.997],[133.59374,34.99822],[133.59451,34.99991],[133.59755,35.00153],[133.59956,35.00072],[133.60014,34.99932],[133.60144,34.99881],[133.60386,34.99679],[133.60646,34.99599],[133.60806,34.99457],[133.6081,34.99263],[133.60887,34.99158],[133.60854,34.99004],[133.60689,34.9887],[133.6073,34.98853],[133.60641,34.98803],[133.60261,34.98939],[133.60107,34.98949],[133.60105,34.98639],[133.60302,34.98523],[133.60373,34.98404],[133.6057,34.98307],[133.60904,34.98229],[133.61138,34.98101],[133.61283,34.9791],[133.61102,34.97904],[133.60969,34.97814],[133.613,34.97634],[133.6144,34.97605],[133.61882,34.97294],[133.61949,34.97128],[133.61808,34.96998],[133.618,34.96931],[133.61971,34.96561],[133.62104,34.96452],[133.6219,34.96196],[133.62089,34.96143],[133.61509,34.96148],[133.60984,34.96042],[133.60706,34.95854],[133.60699,34.95791],[133.60794,34.95654],[133.60442,34.95441],[133.60124,34.95479],[133.60012,34.95629],[133.60048,34.95842],[133.59937,34.95926],[133.59603,34.95826],[133.59513,34.95742],[133.59813,34.9541],[133.60035,34.95347],[133.60077,34.95284],[133.60048,34.95218],[133.59498,34.95086],[133.59294,34.95105],[133.59184,34.95027],[133.59025,34.95006],[133.59012,34.94823],[133.58946,34.94782],[133.58533,34.94784],[133.58409,34.94716],[133.58472,34.94434],[133.5845,34.94246],[133.58538,34.9417],[133.58621,34.93973],[133.58878,34.93842],[133.5892,34.93707],[133.59011,34.93638],[133.58931,34.93509],[133.58968,34.93393],[133.58672,34.93166],[133.58682,34.93089],[133.58611,34.92949],[133.58502,34.92893],[133.58412,34.92937],[133.58387,34.93025],[133.58129,34.93127],[133.58122,34.93042],[133.57991,34.93059],[133.57938,34.9293],[133.57732,34.92955],[133.57696,34.93018],[133.57676,34.92957],[133.57583,34.9296],[133.5754,34.92911],[133.57326,34.93077],[133.57192,34.92971],[133.57251,34.92921],[133.57239,34.9287],[133.56874,34.92895],[133.56852,34.92811],[133.56958,34.92542],[133.56933,34.9241],[133.56889,34.92374],[133.56655,34.92445],[133.56825,34.92203],[133.56826,34.92114],[133.567,34.91993],[133.56701,34.91909],[133.56535,34.91942],[133.56542,34.91881],[133.56612,34.91845],[133.56564,34.91712],[133.56334,34.91602],[133.56345,34.91539],[133.56263,34.91549],[133.5615,34.91422],[133.56321,34.91161],[133.56366,34.91006],[133.56466,34.90931],[133.56489,34.90797],[133.56689,34.90778],[133.56762,34.9068],[133.5675,34.90622],[133.56626,34.90641],[133.56604,34.90584],[133.56684,34.9047],[133.56743,34.90154],[133.57014,34.8981],[133.56957,34.8972],[133.5659,34.89791],[133.56412,34.89668],[133.56447,34.89468],[133.56569,34.89365],[133.56609,34.89254],[133.5646,34.88614],[133.56183,34.88696],[133.55812,34.88518],[133.5546,34.88456],[133.55393,34.88407],[133.5535,34.88227],[133.55252,34.88198],[133.55097,34.88249],[133.55061,34.88093],[133.54722,34.88213],[133.5465,34.88297],[133.54607,34.8829],[133.54608,34.88203],[133.54277,34.88192],[133.54239,34.88067],[133.53992,34.88026],[133.53904,34.87869],[133.53699,34.87831],[133.53587,34.87704],[133.5344,34.87697],[133.53315,34.87634],[133.52987,34.87629],[133.52896,34.87709],[133.5277,34.87647],[133.52524,34.87701],[133.52394,34.87683],[133.52473,34.87514],[133.52381,34.87429],[133.52339,34.87233],[133.52213,34.8703],[133.5188,34.86758],[133.51756,34.8677],[133.51409,34.86581],[133.51374,34.86836],[133.51192,34.86947],[133.50949,34.86933],[133.50809,34.87042],[133.50666,34.87047],[133.50428,34.87145],[133.50137,34.87164],[133.50002,34.87294],[133.50009,34.87647],[133.49756,34.87632],[133.49556,34.87424],[133.49204,34.87868],[133.48947,34.87508],[133.48778,34.87496],[133.48382,34.87206],[133.48204,34.87192],[133.4805,34.87322],[133.48043,34.87501],[133.47921,34.87612],[133.47712,34.87675],[133.47587,34.87837],[133.47748,34.8803],[133.47648,34.88089],[133.47563,34.88289],[133.474,34.88363],[133.47271,34.88584],[133.47171,34.88585],[133.47142,34.88522],[133.46921,34.88428],[133.46867,34.88288],[133.46848,34.87939],[133.46778,34.87843],[133.46634,34.87797],[133.46509,34.87668],[133.4644,34.87689],[133.46399,34.8763],[133.46242,34.8768],[133.45595,34.87543],[133.4525,34.87567],[133.45174,34.87453],[133.45075,34.87405],[133.45027,34.87415],[133.44998,34.87593],[133.44822,34.87772],[133.44711,34.87763],[133.44396,34.87988],[133.44319,34.88249],[133.44192,34.88425],[133.43838,34.88321],[133.43763,34.88166],[133.43524,34.88021],[133.43467,34.88143],[133.43147,34.88203],[133.42966,34.8833],[133.42795,34.88316],[133.42593,34.88407],[133.42618,34.88468],[133.42549,34.88636],[133.42448,34.88646],[133.42403,34.88572],[133.42333,34.88568],[133.42181,34.88347],[133.42058,34.88317],[133.42074,34.88157],[133.4176,34.88004],[133.41702,34.87862],[133.41721,34.87776],[133.41637,34.87716],[133.41489,34.87675],[133.41192,34.87995],[133.41099,34.8799],[133.40997,34.87848],[133.40744,34.87727],[133.40664,34.87592],[133.40477,34.87452],[133.40466,34.87379],[133.40175,34.875],[133.40034,34.87469],[133.39866,34.87512],[133.3955,34.87167],[133.39391,34.87115],[133.39285,34.87008],[133.39093,34.86983],[133.38995,34.86921],[133.3866,34.8711],[133.38445,34.87085],[133.38335,34.87206],[133.38166,34.8721],[133.37995,34.87352],[133.37696,34.87337],[133.37236,34.87444],[133.36802,34.87375],[133.36578,34.87453],[133.36448,34.87556],[133.36184,34.87491],[133.35795,34.87487],[133.35306,34.87784],[133.34761,34.87454],[133.34692,34.87362],[133.34693,34.8726],[133.34471,34.8708],[133.34418,34.86964],[133.34194,34.86893],[133.33757,34.87009],[133.3364,34.8693],[133.33622,34.8676]]]}},{"type":"Feature","properties":{"id":"muni-33211","name":"備前市"},"geometry":{"type":"MultiPolygon","coordinates":[[[[134.25367,34.69064],[134.25257,34.69097],[134.25359,34.69131],[134.25367,34.69064]]],[[[134.26366,34.69633],[134.26398,34.69575],[134.2634,34.69642],[134.26366,34.69633]]],[[[134.25327,34.70264],[134.25178,34.70323],[134.25214,34.7044],[134.25031,34.70578],[134.25484,34.70666],[134.25671,34.706],[134.25709,34.70631],[134.25673,34.7069],[134.25767,34.70723],[134.25871,34.70725],[134.26002,34.70628],[134.26159,34.70665],[134.26347,34.70642],[134.26415,34.70533],[134.26342,34.70436],[134.26261,34.70413],[134.26292,34.70393],[134.26213,34.704],[134.26186,34.70315],[134.26433,34.70326],[134.26537,34.70264],[134.26586,34.70127],[134.26637,34.70198],[134.26591,34.70124],[134.26682,34.70084],[134.2687,34.70115],[134.27086,34.69924],[134.27157,34.6963],[134.27139,34.69589],[134.2693,34.69581],[134.26841,34.69516],[134.26786,34.69645],[134.26807,34.69718],[134.26724,34.69707],[134.26626,34.69785],[134.26491,34.69756],[134.26336,34.69882],[134.26253,34.69832],[134.26273,34.6971],[134.26135,34.69623],[134.26033,34.69685],[134.26015,34.6976],[134.26028,34.69687],[134.26101,34.69637],[134.26075,34.69584],[134.26199,34.69528],[134.26212,34.69428],[134.26102,34.69454],[134.25872,34.69366],[134.25889,34.69275],[134.26085,34.69249],[134.26163,34.69173],[134.25964,34.69176],[134.25866,34.69059],[134.25754,34.69027],[134.25624,34.69091],[134.25534,34.69045],[134.25443,34.69136],[134.2546,34.69195],[134.25366,34.69161],[134.25338,34.69202],[134.25219,34.69192],[134.25075,34.69255],[134.25183,34.69332],[134.25329,34.69354],[134.25414,34.69311],[134.25534,34.6937],[134.25548,34.69403],[134.25466,34.69385],[134.25548,34.69406],[134.25508,34.69493],[134.25437,34.69466],[134.25348,34.6957],[134.25253,34.69489],[134.25108,34.69504],[134.24946,34.69585],[134.24987,34.69731],[134.25063,34.69699],[134.25045,34.69801],[134.25146,34.69876],[134.2501,34.69873],[134.25027,34.69947],[134.25148,34.70018],[134.25194,34.70111],[134.253,34.7015],[134.25327,34.70264]]],[[[134.26611,34.71379],[134.26798,34.7109],[134.26912,34.71018],[134.26873,34.70868],[134.26712,34.70916],[134.26613,34.70845],[134.26542,34.70907],[134.26439,34.70892],[134.26325,34.70959],[134.2621,34.70819],[134.25964,34.70803],[134.25796,34.70899],[134.25636,34.70878],[134.25478,34.70946],[134.25315,34.70888],[134.25032,34.70978],[134.24745,34.70996],[134.24781,34.71055],[134.24916,34.71063],[134.24956,34.71148],[134.25097,34.71247],[134.25205,34.71273],[134.25368,34.71234],[134.25499,34.71303],[134.25619,34.71269],[134.25842,34.71353],[134.2632,34.71341],[134.26457,34.71407],[134.26611,34.71379]]],[[[134.20782,34.71182],[134.20847,34.71171],[134.20858,34.71156],[134.20774,34.7113],[134.20782,34.71182]]],[[[134.21317,34.71272],[134.21512,34.71247],[134.21538,34.71147],[134.21317,34.71272]]],[[[134.22411,34.71281],[134.22431,34.71334],[134.22471,34.71332],[134.22478,34.71274],[134.22411,34.71281]]],[[[134.21364,34.72523],[134.21591,34.72467],[134.21669,34.72378],[134.21877,34.72312],[134.21933,34.72121],[134.21686,34.72151],[134.21633,34.72072],[134.21467,34.7201],[134.21328,34.72074],[134.21208,34.72204],[134.21113,34.72013],[134.20949,34.71957],[134.20902,34.72135],[134.20972,34.72287],[134.21087,34.72373],[134.21107,34.72564],[134.21296,34.72596],[134.21364,34.72523]]],[[[134.18592,34.7431],[134.1853,34.74226],[134.18555,34.74075],[134.18514,34.74025],[134.18409,34.74118],[134.18306,34.74014],[134.18262,34.74044],[134.17923,34.7368],[134.17975,34.73609],[134.17892,34.73586],[134.17998,34.73578],[134.18046,34.7352],[134.17856,34.73434],[134.17941,34.73304],[134.17978,34.7342],[134.18186,34.73508],[134.18745,34.73437],[134.19104,34.73316],[134.19553,34.72978],[134.19959,34.72863],[134.19967,34.72801],[134.20501,34.72671],[134.20439,34.72276],[134.20321,34.72289],[134.20013,34.72125],[134.19707,34.72068],[134.19571,34.72143],[134.19531,34.7211],[134.19569,34.72147],[134.19499,34.72187],[134.19503,34.72131],[134.19405,34.7212],[134.19398,34.72015],[134.1923,34.71999],[134.19392,34.72],[134.19387,34.71964],[134.19297,34.71967],[134.19221,34.7195],[134.19448,34.71929],[134.19443,34.71666],[134.19517,34.71713],[134.19539,34.71684],[134.19529,34.71762],[134.19737,34.71747],[134.19795,34.71656],[134.19762,34.71529],[134.19793,34.7146],[134.19974,34.71514],[134.20191,34.71465],[134.2045,34.71716],[134.20597,34.71717],[134.20671,34.71647],[134.20855,34.7165],[134.20878,34.71594],[134.20832,34.71534],[134.20874,34.71504],[134.21192,34.71719],[134.21295,34.71709],[134.21424,34.71622],[134.2142,34.71528],[134.211,34.71477],[134.20813,34.71265],[134.20645,34.71295],[134.20621,34.71232],[134.20355,34.71128],[134.20368,34.71083],[134.20348,34.71115],[134.20208,34.71067],[134.20087,34.70952],[134.19937,34.70923],[134.19741,34.7078],[134.20101,34.70873],[134.20244,34.70994],[134.20545,34.71071],[134.20708,34.70954],[134.21355,34.71011],[134.21853,34.70958],[134.21805,34.70907],[134.2191,34.70908],[134.21795,34.70777],[134.2202,34.70869],[134.22013,34.70962],[134.22083,34.70944],[134.22283,34.71124],[134.22512,34.71138],[134.22598,34.71199],[134.22795,34.71228],[134.22872,34.71319],[134.22813,34.71454],[134.2307,34.71332],[134.23116,34.71197],[134.23074,34.71041],[134.23169,34.70737],[134.23131,34.70654],[134.22934,34.70537],[134.22685,34.70592],[134.2261,34.70428],[134.22497,34.70428],[134.22194,34.70302],[134.21973,34.7038],[134.21874,34.70313],[134.21602,34.70414],[134.21396,34.70302],[134.21276,34.70393],[134.21072,34.70377],[134.2094,34.70256],[134.20755,34.70244],[134.20698,34.7017],[134.20257,34.7017],[134.20075,34.69945],[134.19848,34.6993],[134.19611,34.69711],[134.19417,34.69716],[134.19364,34.69531],[134.19185,34.69461],[134.19162,34.69403],[134.19044,34.69364],[134.18759,34.69403],[134.18603,34.69254],[134.18499,34.68947],[134.1842,34.68904],[134.18139,34.68783],[134.17843,34.68725],[134.17754,34.68633],[134.1757,34.68585],[134.17464,34.68476],[134.17101,34.68497],[134.16982,34.68447],[134.16889,34.68523],[134.16595,34.68509],[134.16516,34.68403],[134.16326,34.68389],[134.16179,34.68462],[134.16101,34.68575],[134.16129,34.68657],[134.16063,34.6878],[134.16097,34.68858],[134.16049,34.69011],[134.16215,34.6916],[134.16322,34.69191],[134.16211,34.6927],[134.16162,34.69152],[134.16008,34.69433],[134.1605,34.69773],[134.15932,34.69856],[134.15871,34.7006],[134.16105,34.70454],[134.16106,34.70834],[134.16328,34.70966],[134.16304,34.71075],[134.16425,34.71185],[134.16529,34.7146],[134.16434,34.71538],[134.16087,34.71587],[134.15965,34.71834],[134.15866,34.7192],[134.15749,34.71877],[134.15378,34.72087],[134.15122,34.72408],[134.15216,34.72598],[134.15174,34.72652],[134.15122,34.72676],[134.14811,34.72564],[134.14586,34.72668],[134.14409,34.72592],[134.14332,34.72534],[134.14306,34.72366],[134.1396,34.72235],[134.13961,34.72127],[134.13776,34.72029],[134.13687,34.7187],[134.1349,34.71806],[134.13395,34.71847],[134.13347,34.71736],[134.13027,34.71754],[134.12849,34.71705],[134.12646,34.71765],[134.12621,34.71628],[134.12471,34.71538],[134.12488,34.71377],[134.12155,34.70998],[134.12464,34.70817],[134.12317,34.70654],[134.12401,34.70606],[134.12281,34.7044],[134.12383,34.7038],[134.12244,34.70215],[134.11848,34.7045],[134.11866,34.7056],[134.11811,34.706],[134.11285,34.70908],[134.11119,34.70902],[134.1117,34.71049],[134.10975,34.71207],[134.10687,34.71239],[134.10935,34.71516],[134.10925,34.71578],[134.11054,34.71812],[134.11002,34.71906],[134.10998,34.72164],[134.11134,34.72713],[134.11097,34.72764],[134.10848,34.72836],[134.10709,34.72762],[134.10639,34.72613],[134.10303,34.72648],[134.10495,34.73472],[134.10621,34.73771],[134.10585,34.74201],[134.10741,34.74131],[134.11152,34.74225],[134.11155,34.74366],[134.11053,34.74491],[134.11084,34.74592],[134.11264,34.74605],[134.11513,34.74761],[134.11673,34.748],[134.11765,34.74733],[134.11875,34.74787],[134.11987,34.74762],[134.12101,34.74881],[134.12092,34.74958],[134.12267,34.75034],[134.12299,34.75215],[134.12195,34.75386],[134.12253,34.75473],[134.12173,34.75556],[134.12213,34.7564],[134.12649,34.75578],[134.12827,34.75766],[134.13278,34.75895],[134.13364,34.76029],[134.13797,34.76332],[134.13973,34.76331],[134.13964,34.76383],[134.14194,34.76613],[134.14438,34.76588],[134.14542,34.76725],[134.14773,34.76529],[134.1475,34.76437],[134.14927,34.76344],[134.14896,34.76268],[134.14926,34.76193],[134.15135,34.76097],[134.15266,34.7611],[134.15501,34.75956],[134.15706,34.75986],[134.15971,34.7615],[134.16215,34.75953],[134.16707,34.76013],[134.16787,34.75958],[134.17114,34.75928],[134.17523,34.76116],[134.1762,34.76047],[134.17715,34.76059],[134.17887,34.76302],[134.18066,34.76371],[134.18196,34.76538],[134.18509,34.76456],[134.18619,34.76301],[134.18806,34.76345],[134.19025,34.76483],[134.19117,34.76344],[134.19218,34.76338],[134.19391,34.76418],[134.19458,34.76277],[134.19528,34.76447],[134.19661,34.76534],[134.19954,34.76537],[134.20159,34.76701],[134.20002,34.76878],[134.20056,34.77009],[134.19958,34.77254],[134.19856,34.77312],[134.19742,34.77608],[134.19612,34.77678],[134.19483,34.77828],[134.19165,34.77875],[134.19128,34.7817],[134.19387,34.78312],[134.19705,34.78363],[134.19784,34.78613],[134.19994,34.79005],[134.19958,34.79108],[134.19797,34.79207],[134.1954,34.79308],[134.19366,34.79301],[134.19293,34.79343],[134.19202,34.79602],[134.19213,34.79847],[134.19108,34.79898],[134.19052,34.8004],[134.1928,34.80337],[134.1936,34.80587],[134.19303,34.80799],[134.1923,34.80888],[134.19642,34.80967],[134.198,34.81186],[134.19752,34.81192],[134.19772,34.81294],[134.19677,34.8153],[134.19727,34.81682],[134.19886,34.81835],[134.20089,34.81853],[134.20113,34.81953],[134.20297,34.82145],[134.20528,34.82179],[134.20709,34.82604],[134.20823,34.82687],[134.20742,34.82837],[134.20823,34.82941],[134.2098,34.83008],[134.20995,34.83131],[134.21093,34.83273],[134.21027,34.83402],[134.2104,34.83488],[134.21204,34.83719],[134.21385,34.83788],[134.21396,34.83872],[134.21591,34.83932],[134.21629,34.84022],[134.2104,34.84211],[134.20821,34.84346],[134.20889,34.84478],[134.21044,34.84551],[134.21091,34.84873],[134.2066,34.85291],[134.20649,34.85553],[134.20549,34.85707],[134.20352,34.85732],[134.20242,34.85673],[134.19979,34.85655],[134.19618,34.85848],[134.19485,34.85768],[134.19364,34.85779],[134.19023,34.85899],[134.1893,34.86048],[134.18928,34.86186],[134.1846,34.86037],[134.18337,34.85947],[134.18012,34.85929],[134.18061,34.86424],[134.18264,34.86656],[134.18305,34.86802],[134.18269,34.86872],[134.18377,34.87013],[134.18372,34.87154],[134.18441,34.87242],[134.18365,34.8747],[134.1838,34.87637],[134.1847,34.87773],[134.18697,34.87483],[134.18876,34.87468],[134.19027,34.87582],[134.19111,34.87803],[134.1927,34.879],[134.19303,34.88151],[134.19375,34.88181],[134.19467,34.88094],[134.19414,34.88475],[134.19433,34.88532],[134.19532,34.88563],[134.19615,34.88712],[134.19538,34.88994],[134.19798,34.89124],[134.199,34.89392],[134.19989,34.89451],[134.20011,34.89596],[134.19935,34.89648],[134.19865,34.89799],[134.19617,34.89934],[134.19648,34.90067],[134.19526,34.90145],[134.1968,34.90489],[134.19523,34.90953],[134.19426,34.91004],[134.19549,34.91127],[134.19513,34.91302],[134.19581,34.91424],[134.19682,34.91464],[134.19829,34.91427],[134.20028,34.91505],[134.20227,34.91475],[134.20348,34.91421],[134.20521,34.91238],[134.20546,34.91048],[134.20614,34.91014],[134.21306,34.91029],[134.21547,34.91096],[134.21662,34.90856],[134.22076,34.90727],[134.22109,34.90581],[134.2242,34.90752],[134.2246,34.90865],[134.22703,34.90885],[134.22545,34.91136],[134.22449,34.91171],[134.22406,34.91247],[134.22444,34.91604],[134.22695,34.91719],[134.22644,34.91821],[134.22677,34.91873],[134.22653,34.91995],[134.22758,34.92126],[134.22626,34.92299],[134.22641,34.92359],[134.22831,34.92448],[134.22971,34.92377],[134.23085,34.92491],[134.23213,34.92534],[134.2327,34.92669],[134.23496,34.92771],[134.23573,34.92942],[134.23499,34.93531],[134.23568,34.93765],[134.23971,34.938],[134.24615,34.94145],[134.24655,34.94246],[134.24575,34.94321],[134.24629,34.94381],[134.24579,34.94468],[134.24443,34.94519],[134.24388,34.94696],[134.24542,34.94717],[134.24615,34.94824],[134.25037,34.94914],[134.25197,34.94746],[134.25304,34.94735],[134.25345,34.94608],[134.2546,34.94544],[134.25417,34.94456],[134.2532,34.94405],[134.25377,34.94316],[134.25329,34.94211],[134.25398,34.93742],[134.25536,34.93752],[134.25585,34.93674],[134.25825,34.9356],[134.25861,34.93399],[134.25981,34.93441],[134.26047,34.93621],[134.26206,34.93748],[134.26295,34.93732],[134.26337,34.93607],[134.26461,34.93687],[134.26514,34.93605],[134.26678,34.93529],[134.26744,34.9356],[134.26731,34.93638],[134.26914,34.93404],[134.27287,34.93268],[134.27359,34.93178],[134.27475,34.93139],[134.27485,34.93001],[134.27604,34.9295],[134.27499,34.9241],[134.277,34.92339],[134.27706,34.92266],[134.27806,34.92153],[134.28468,34.92112],[134.28508,34.91993],[134.28342,34.91853],[134.28374,34.91695],[134.28623,34.91628],[134.28742,34.91527],[134.28811,34.91242],[134.28949,34.91115],[134.29126,34.91088],[134.29281,34.91142],[134.29308,34.90834],[134.29513,34.90724],[134.29451,34.90478],[134.29494,34.90408],[134.29401,34.90292],[134.29232,34.90283],[134.2924,34.90211],[134.29046,34.90124],[134.29029,34.90049],[134.28826,34.90026],[134.2881,34.89966],[134.28968,34.89875],[134.28925,34.8979],[134.2839,34.89688],[134.28384,34.89553],[134.28331,34.89523],[134.28127,34.89584],[134.27789,34.89513],[134.27553,34.89396],[134.27533,34.89326],[134.27334,34.89268],[134.27273,34.89136],[134.27301,34.89064],[134.27199,34.88971],[134.27015,34.8898],[134.26913,34.88919],[134.26875,34.88623],[134.27014,34.88353],[134.26864,34.88393],[134.26722,34.88337],[134.26622,34.88455],[134.26437,34.88512],[134.26266,34.88442],[134.26243,34.8821],[134.26312,34.8797],[134.26417,34.87915],[134.26379,34.87814],[134.26578,34.87754],[134.26695,34.87553],[134.2655,34.87292],[134.26426,34.8724],[134.26314,34.87092],[134.26177,34.87116],[134.26092,34.87047],[134.25872,34.87045],[134.25911,34.86945],[134.25883,34.86873],[134.26013,34.86711],[134.25918,34.86488],[134.2585,34.86444],[134.25837,34.86276],[134.25542,34.86069],[134.25516,34.85993],[134.25566,34.85855],[134.25387,34.85703],[134.25343,34.85585],[134.25383,34.8534],[134.25268,34.85208],[134.25428,34.8508],[134.25419,34.85001],[134.25566,34.84819],[134.25745,34.84898],[134.25866,34.84688],[134.26044,34.84719],[134.26225,34.84624],[134.26277,34.84523],[134.26198,34.84372],[134.26352,34.84122],[134.2652,34.84047],[134.26507,34.83929],[134.26547,34.83875],[134.26504,34.83759],[134.26303,34.83691],[134.26161,34.83575],[134.26273,34.8345],[134.2634,34.83275],[134.26161,34.83092],[134.26364,34.82692],[134.26496,34.82675],[134.26616,34.82556],[134.26872,34.82616],[134.26992,34.82678],[134.26989,34.82749],[134.27168,34.82668],[134.27347,34.82726],[134.27468,34.82877],[134.27743,34.82825],[134.28184,34.82937],[134.28199,34.82988],[134.2844,34.82879],[134.28718,34.82894],[134.28846,34.82821],[134.28827,34.82467],[134.28774,34.82354],[134.28816,34.82169],[134.29059,34.82023],[134.29154,34.82021],[134.29333,34.81845],[134.29528,34.81841],[134.29526,34.81567],[134.29755,34.81488],[134.29791,34.81355],[134.29983,34.81392],[134.30101,34.81359],[134.30149,34.81456],[134.30213,34.81457],[134.30367,34.81381],[134.30449,34.81248],[134.30686,34.81148],[134.3072,34.81089],[134.30629,34.80848],[134.30756,34.80732],[134.30867,34.80711],[134.30847,34.80542],[134.31002,34.80459],[134.31042,34.80296],[134.31176,34.80266],[134.31426,34.80298],[134.31679,34.80217],[134.31702,34.80171],[134.3165,34.80093],[134.31738,34.79889],[134.31717,34.79779],[134.31629,34.79709],[134.31732,34.79617],[134.31742,34.79407],[134.31818,34.79311],[134.316,34.79195],[134.31884,34.78875],[134.31938,34.78719],[134.31797,34.78355],[134.31643,34.78286],[134.31579,34.78078],[134.3178,34.77985],[134.3179,34.77775],[134.31994,34.77791],[134.32085,34.77679],[134.32011,34.77599],[134.32241,34.7751],[134.32311,34.77421],[134.32597,34.77512],[134.32824,34.77438],[134.32966,34.77452],[134.32998,34.77364],[134.33121,34.77276],[134.33089,34.77094],[134.33331,34.77003],[134.33396,34.77022],[134.33495,34.76917],[134.3334,34.76552],[134.33104,34.76646],[134.33019,34.76742],[134.32981,34.76674],[134.32745,34.76649],[134.32784,34.76431],[134.32609,34.76343],[134.32444,34.76357],[134.32156,34.76171],[134.32025,34.75911],[134.32011,34.75784],[134.3182,34.75624],[134.31825,34.75496],[134.31767,34.75366],[134.31831,34.75212],[134.31709,34.74962],[134.31647,34.74404],[134.31472,34.74066],[134.31362,34.74013],[134.31383,34.73912],[134.31323,34.7384],[134.31475,34.73734],[134.31532,34.73634],[134.31698,34.73528],[134.32075,34.73528],[134.32147,34.73347],[134.32394,34.73199],[134.32365,34.731],[134.32099,34.72905],[134.32184,34.72607],[134.32161,34.72304],[134.32239,34.72228],[134.32142,34.72174],[134.32054,34.72301],[134.31941,34.72846],[134.31638,34.7313],[134.31347,34.73285],[134.31373,34.73324],[134.31294,34.73267],[134.31197,34.73385],[134.31141,34.73386],[134.31121,34.7333],[134.30331,34.73452],[134.29802,34.73654],[134.29359,34.73606],[134.29244,34.73836],[134.29161,34.73819],[134.29263,34.73524],[134.28898,34.73504],[134.2857,34.73401],[134.28491,34.7333],[134.28487,34.73283],[134.28506,34.73322],[134.28565,34.7332],[134.28507,34.73299],[134.28563,34.73273],[134.28562,34.7325],[134.28505,34.73263],[134.28561,34.73229],[134.28503,34.73231],[134.28359,34.73029],[134.28283,34.72991],[134.28183,34.72997],[134.28057,34.73094],[134.28001,34.73358],[134.28024,34.73226],[134.27975,34.73215],[134.2802,34.73228],[134.27968,34.73247],[134.28001,34.73289],[134.2793,34.73301],[134.27902,34.73394],[134.27547,34.73457],[134.27421,34.73332],[134.27328,34.7334],[134.27609,34.73186],[134.27646,34.73204],[134.2761,34.73182],[134.27628,34.72826],[134.2711,34.72629],[134.27027,34.72778],[134.27125,34.72816],[134.27087,34.72884],[134.2702,34.72856],[134.2696,34.72838],[134.27085,34.72886],[134.26949,34.73045],[134.27029,34.73138],[134.26878,34.73139],[134.26809,34.73049],[134.26748,34.73055],[134.268,34.72929],[134.26898,34.72953],[134.268,34.72922],[134.26918,34.72625],[134.26862,34.72413],[134.26918,34.72368],[134.26901,34.72308],[134.27025,34.72236],[134.26941,34.72078],[134.26862,34.72031],[134.26837,34.71907],[134.2639,34.71839],[134.25992,34.71876],[134.25706,34.7181],[134.25142,34.71843],[134.24963,34.71704],[134.24377,34.71527],[134.24265,34.71731],[134.24132,34.71846],[134.23604,34.72057],[134.23569,34.72057],[134.23501,34.71976],[134.23465,34.71963],[134.23555,34.72055],[134.23407,34.72106],[134.23351,34.72081],[134.23415,34.71945],[134.23358,34.71914],[134.22826,34.72062],[134.22733,34.72044],[134.22623,34.71934],[134.22531,34.71966],[134.22549,34.72094],[134.22641,34.72099],[134.22678,34.72219],[134.22831,34.72191],[134.22878,34.7232],[134.23187,34.72268],[134.23241,34.72321],[134.23247,34.72589],[134.23083,34.72872],[134.23009,34.72882],[134.22907,34.73125],[134.22413,34.73116],[134.22402,34.73174],[134.22337,34.73173],[134.22319,34.73002],[134.22213,34.72984],[134.22139,34.72987],[134.22115,34.73163],[134.22051,34.73162],[134.2194,34.731],[134.21967,34.73043],[134.21812,34.72995],[134.21865,34.7293],[134.21927,34.72937],[134.21864,34.72926],[134.21793,34.73009],[134.21793,34.7305],[134.21676,34.73035],[134.21688,34.73068],[134.21616,34.73085],[134.21362,34.73044],[134.21388,34.7309],[134.21332,34.73111],[134.21339,34.73022],[134.21317,34.73081],[134.21171,34.73151],[134.21063,34.73142],[134.21062,34.73101],[134.21053,34.7314],[134.20946,34.7315],[134.20942,34.73073],[134.20805,34.73064],[134.20797,34.73008],[134.20396,34.7305],[134.20234,34.73146],[134.19733,34.73281],[134.1949,34.73402],[134.19521,34.73455],[134.19381,34.73448],[134.18659,34.73802],[134.18602,34.73907],[134.18828,34.74102],[134.18738,34.74062],[134.18621,34.74177],[134.18592,34.7431]]],[[[134.29081,34.68709],[134.29193,34.68567],[134.29236,34.68436],[134.29333,34.68402],[134.29428,34.6849],[134.29654,34.68435],[134.29715,34.68588],[134.29693,34.68511],[134.29794,34.6841],[134.2979,34.68361],[134.29879,34.68372],[134.29917,34.68439],[134.30028,34.68424],[134.30005,34.68526],[134.29985,34.68541],[134.29897,34.68536],[134.29863,34.68547],[134.29985,34.68548],[134.3008,34.68635],[134.30192,34.6853],[134.30265,34.68288],[134.30236,34.68243],[134.301,34.68252],[134.3002,34.6816],[134.29889,34.68107],[134.29817,34.6817],[134.29681,34.68012],[134.29583,34.68047],[134.29494,34.68019],[134.29399,34.68238],[134.29207,34.68296],[134.29123,34.684],[134.28986,34.68437],[134.29037,34.68476],[134.29013,34.68646],[134.29081,34.68709]]],[[[134.32044,34.69174],[134.32091,34.69265],[134.32123,34.69212],[134.32044,34.69174]]],[[[134.31978,34.69829],[134.32278,34.69834],[134.32423,34.69761],[134.32374,34.697],[134.32415,34.69577],[134.32125,34.693],[134.3206,34.69484],[134.31945,34.69567],[134.3199,34.69594],[134.31931,34.69739],[134.31978,34.69829]]],[[[134.31726,34.69987],[134.31798,34.69968],[134.31848,34.69884],[134.31776,34.69869],[134.31726,34.69987]]],[[[134.28735,34.7036],[134.29051,34.70346],[134.29148,34.70208],[134.29017,34.70007],[134.29104,34.69871],[134.2923,34.69781],[134.29175,34.69736],[134.29192,34.69653],[134.29107,34.69757],[134.29007,34.69783],[134.28807,34.6964],[134.28587,34.69786],[134.28676,34.69803],[134.28658,34.69853],[134.28583,34.69866],[134.28564,34.69807],[134.28276,34.69854],[134.28155,34.69924],[134.28384,34.69856],[134.28345,34.69877],[134.28392,34.69932],[134.28352,34.69958],[134.28415,34.69929],[134.28423,34.70002],[134.28313,34.69979],[134.28189,34.70063],[134.28167,34.69956],[134.28139,34.6999],[134.28195,34.70113],[134.28029,34.70199],[134.27941,34.70319],[134.28135,34.70317],[134.2823,34.70385],[134.28495,34.70364],[134.28605,34.70431],[134.28735,34.7036]]],[[[134.31005,34.70392],[134.31035,34.70447],[134.31063,34.7043],[134.31043,34.70382],[134.31005,34.70392]]],[[[134.27344,34.70434],[134.27363,34.70371],[134.27308,34.70457],[134.27344,34.70434]]],[[[134.3317,34.70714],[134.33173,34.70755],[134.33191,34.70771],[134.33216,34.70723],[134.3317,34.70714]]],[[[134.28496,34.71157],[134.28313,34.71092],[134.28202,34.71134],[134.28129,34.70994],[134.27978,34.70941],[134.27763,34.71025],[134.27707,34.71208],[134.27478,34.71345],[134.27504,34.71486],[134.27701,34.71815],[134.2766,34.7216],[134.28029,34.72232],[134.28292,34.71956],[134.28512,34.71812],[134.28661,34.71845],[134.28721,34.72037],[134.28624,34.72107],[134.28546,34.72431],[134.2868,34.72456],[134.29304,34.72986],[134.29738,34.73041],[134.30545,34.72881],[134.3112,34.72711],[134.31228,34.72623],[134.31771,34.7168],[134.32276,34.71416],[134.32454,34.71468],[134.32649,34.7164],[134.32749,34.71875],[134.33148,34.72214],[134.33156,34.72305],[134.33296,34.72313],[134.3349,34.72251],[134.33866,34.71998],[134.33907,34.71715],[134.34293,34.71393],[134.3433,34.71249],[134.34459,34.71125],[134.34662,34.71045],[134.34701,34.70921],[134.34694,34.70824],[134.34644,34.70787],[134.34477,34.7076],[134.34276,34.70654],[134.34208,34.70501],[134.34269,34.70351],[134.34155,34.70332],[134.34091,34.70386],[134.34106,34.7046],[134.34018,34.70596],[134.34011,34.70712],[134.33901,34.70747],[134.33784,34.70681],[134.33762,34.7074],[134.33712,34.70738],[134.33714,34.70832],[134.33795,34.70901],[134.33677,34.71141],[134.33411,34.71153],[134.33385,34.70934],[134.33167,34.70853],[134.32938,34.70986],[134.32736,34.71226],[134.32633,34.71235],[134.32381,34.71111],[134.32274,34.7083],[134.32357,34.7072],[134.32493,34.70682],[134.32434,34.70608],[134.32468,34.70412],[134.32392,34.70413],[134.3239,34.70458],[134.32323,34.70484],[134.32212,34.70436],[134.32125,34.70319],[134.31807,34.70369],[134.31664,34.70295],[134.31553,34.70367],[134.31507,34.70517],[134.31412,34.70526],[134.31344,34.70387],[134.31275,34.70355],[134.31175,34.70424],[134.31121,34.70572],[134.30862,34.70594],[134.30825,34.70716],[134.30961,34.70817],[134.30832,34.70944],[134.3104,34.71024],[134.31019,34.71086],[134.30857,34.71189],[134.30837,34.71126],[134.30721,34.71157],[134.30694,34.71124],[134.30631,34.71386],[134.3065,34.71534],[134.30615,34.71488],[134.30608,34.71496],[134.30634,34.71524],[134.30634,34.71538],[134.30542,34.71532],[134.30421,34.71336],[134.30184,34.71271],[134.30167,34.71213],[134.30309,34.70998],[134.30289,34.70834],[134.30175,34.70878],[134.30117,34.70834],[134.29921,34.70868],[134.29883,34.70727],[134.29772,34.70766],[134.297,34.70736],[134.29654,34.70842],[134.29512,34.70884],[134.29351,34.70798],[134.29278,34.70696],[134.29153,34.70708],[134.29033,34.70627],[134.28466,34.70611],[134.28359,34.70687],[134.2816,34.70697],[134.28131,34.70769],[134.28198,34.70836],[134.28317,34.70856],[134.28409,34.70954],[134.28553,34.70984],[134.28636,34.71057],[134.28668,34.71201],[134.2873,34.71261],[134.28708,34.71324],[134.28597,34.71287],[134.28569,34.71334],[134.28472,34.71338],[134.28496,34.71157]]]]}},{"type":"Feature","properties":{"id":"muni-33212","name":"瀬戸内市"},"geometry":{"type":"MultiPolygon","coordinates":[[[[134.15414,34.59815],[134.15328,34.59814],[134.15401,34.59882],[134.15414,34.59815]]],[[[134.19088,34.60193],[134.19237,34.60044],[134.19303,34.60047],[134.19363,34.60123],[134.1962,34.60019],[134.19653,34.60034],[134.19617,34.60067],[134.19728,34.60041],[134.1996,34.60176],[134.20028,34.60131],[134.20058,34.59969],[134.20134,34.59919],[134.20072,34.59898],[134.20073,34.59793],[134.19987,34.59827],[134.19828,34.59784],[134.19859,34.59686],[134.19812,34.59597],[134.19657,34.59726],[134.19541,34.59665],[134.19419,34.59672],[134.19364,34.59486],[134.19291,34.59637],[134.19316,34.59722],[134.19265,34.59733],[134.1916,34.5965],[134.19053,34.59722],[134.19018,34.59659],[134.18966,34.59745],[134.19039,34.59889],[134.18985,34.60031],[134.19047,34.60062],[134.19014,34.60204],[134.19096,34.6024],[134.19088,34.60193]]],[[[134.15934,34.60056],[134.16294,34.59976],[134.16286,34.60007],[134.16303,34.60007],[134.16342,34.59957],[134.16255,34.5992],[134.16246,34.59843],[134.16094,34.59822],[134.15957,34.59702],[134.15785,34.59712],[134.15762,34.59889],[134.15883,34.59936],[134.15972,34.60031],[134.15934,34.60056]]],[[[134.1574,34.59985],[134.15606,34.59946],[134.15616,34.59868],[134.15532,34.59884],[134.15578,34.59969],[134.15675,34.59989],[134.15702,34.5999],[134.1574,34.59985]]],[[[134.19884,34.61721],[134.19996,34.61692],[134.20049,34.61613],[134.20166,34.61619],[134.20134,34.61467],[134.19927,34.61312],[134.19829,34.61112],[134.19721,34.61093],[134.19704,34.60976],[134.19558,34.60878],[134.19568,34.60824],[134.19476,34.60795],[134.1946,34.607],[134.19285,34.60705],[134.19092,34.60555],[134.18867,34.60566],[134.18777,34.60486],[134.18716,34.60513],[134.18664,34.60475],[134.18584,34.60519],[134.18483,34.6048],[134.18382,34.60605],[134.18161,34.60635],[134.18016,34.606],[134.17993,34.60497],[134.17801,34.60467],[134.17706,34.60338],[134.17645,34.60434],[134.17565,34.60425],[134.1752,34.60366],[134.17424,34.60411],[134.17293,34.60356],[134.17246,34.60259],[134.1711,34.60278],[134.16974,34.60228],[134.16909,34.60272],[134.16774,34.60223],[134.16601,34.60258],[134.16413,34.6041],[134.16424,34.60494],[134.16625,34.60692],[134.16636,34.60771],[134.16671,34.60784],[134.16663,34.60719],[134.16722,34.60747],[134.16722,34.60949],[134.16804,34.61034],[134.16998,34.61064],[134.17383,34.61295],[134.17406,34.61102],[134.17371,34.61139],[134.17314,34.6109],[134.1736,34.60997],[134.17509,34.60886],[134.17784,34.60885],[134.17733,34.60917],[134.1796,34.60965],[134.18189,34.61117],[134.18554,34.61148],[134.18708,34.61305],[134.18747,34.61391],[134.18701,34.61395],[134.18812,34.61474],[134.19108,34.61449],[134.19277,34.61566],[134.19725,34.61586],[134.19776,34.61694],[134.19884,34.61721]]],[[[134.19428,34.63182],[134.19424,34.63095],[134.19414,34.63091],[134.19428,34.63182]]],[[[134.19826,34.63992],[134.19799,34.63958],[134.19723,34.63987],[134.1978,34.64019],[134.19826,34.63992]]],[[[134.08002,34.63261],[134.07534,34.63534],[134.07397,34.63508],[134.07306,34.63804],[134.07482,34.64021],[134.07537,34.64364],[134.07704,34.64486],[134.07583,34.6448],[134.07606,34.64681],[134.08342,34.64947],[134.07777,34.64995],[134.07457,34.64895],[134.06865,34.6484],[134.06688,34.64769],[134.06656,34.6486],[134.06439,34.64851],[134.0644,34.64994],[134.05998,34.65006],[134.05832,34.6517],[134.05826,34.65355],[134.05932,34.65623],[134.06128,34.65687],[134.06014,34.65724],[134.06072,34.65972],[134.05949,34.65967],[134.05479,34.65676],[134.05415,34.65855],[134.05273,34.65925],[134.06071,34.67075],[134.06758,34.67487],[134.07294,34.67738],[134.0766,34.68061],[134.07791,34.68301],[134.08044,34.69259],[134.08339,34.69603],[134.08396,34.69776],[134.08418,34.7009],[134.08342,34.70508],[134.0838,34.70694],[134.08548,34.70887],[134.09343,34.71473],[134.10303,34.72648],[134.10639,34.72613],[134.10709,34.72762],[134.10848,34.72836],[134.11117,34.72751],[134.10998,34.72164],[134.11002,34.71906],[134.11054,34.71812],[134.10925,34.71578],[134.10935,34.71516],[134.10687,34.71239],[134.10975,34.71207],[134.1117,34.71049],[134.11119,34.70902],[134.11285,34.70908],[134.11811,34.706],[134.11866,34.7056],[134.11848,34.7045],[134.12244,34.70215],[134.12383,34.7038],[134.12281,34.7044],[134.12401,34.70606],[134.12317,34.70654],[134.12464,34.70817],[134.12155,34.70998],[134.12488,34.71377],[134.12471,34.71538],[134.12621,34.71628],[134.12646,34.71765],[134.12849,34.71705],[134.13027,34.71754],[134.13347,34.71736],[134.13395,34.71847],[134.1349,34.71806],[134.13687,34.7187],[134.13776,34.72029],[134.13961,34.72127],[134.1396,34.72235],[134.14306,34.72366],[134.14332,34.72534],[134.14409,34.72592],[134.14586,34.72668],[134.14811,34.72564],[134.15122,34.72676],[134.15174,34.72652],[134.15216,34.72598],[134.15122,34.72408],[134.15378,34.72087],[134.15749,34.71877],[134.15866,34.7192],[134.15965,34.71834],[134.16087,34.71587],[134.16434,34.71538],[134.16529,34.7146],[134.16425,34.71185],[134.16304,34.71075],[134.16328,34.70966],[134.16106,34.70834],[134.16105,34.70454],[134.15871,34.7006],[134.15932,34.69856],[134.1605,34.69773],[134.16008,34.69433],[134.16162,34.69152],[134.16211,34.6927],[134.16322,34.69191],[134.16049,34.69032],[134.16097,34.68858],[134.16063,34.6878],[134.16129,34.68657],[134.16101,34.68575],[134.16179,34.68462],[134.16317,34.6839],[134.16516,34.68403],[134.16595,34.68509],[134.16889,34.68523],[134.16982,34.68447],[134.17101,34.68497],[134.17464,34.68476],[134.1757,34.68585],[134.17754,34.68633],[134.17843,34.68725],[134.18139,34.68783],[134.1842,34.68904],[134.18499,34.68947],[134.18603,34.69254],[134.18759,34.69403],[134.19044,34.69364],[134.19162,34.69403],[134.19185,34.69461],[134.19364,34.69531],[134.19417,34.69716],[134.19611,34.69711],[134.19848,34.6993],[134.20075,34.69945],[134.20257,34.7017],[134.20698,34.7017],[134.20755,34.70244],[134.2094,34.70256],[134.21072,34.70377],[134.21276,34.70393],[134.21396,34.70302],[134.21602,34.70414],[134.21874,34.70313],[134.21973,34.7038],[134.22194,34.70302],[134.22497,34.70428],[134.2261,34.70428],[134.22685,34.70592],[134.22934,34.70537],[134.23115,34.70638],[134.23169,34.70737],[134.23074,34.71041],[134.23116,34.71197],[134.2307,34.71332],[134.22813,34.71454],[134.22857,34.71481],[134.22987,34.71506],[134.23125,34.71454],[134.23265,34.7153],[134.23609,34.71464],[134.23651,34.71294],[134.23568,34.7119],[134.23578,34.71043],[134.23608,34.71025],[134.23623,34.71119],[134.23642,34.71027],[134.23789,34.7095],[134.23768,34.70926],[134.23936,34.70741],[134.24184,34.70558],[134.2416,34.70438],[134.24218,34.70321],[134.24493,34.70279],[134.2445,34.70186],[134.24532,34.70137],[134.24519,34.70082],[134.24397,34.70022],[134.24311,34.70097],[134.2425,34.70063],[134.24241,34.69923],[134.24297,34.69768],[134.24346,34.69759],[134.24411,34.69845],[134.24504,34.69837],[134.24412,34.69666],[134.24289,34.69687],[134.24258,34.69529],[134.2412,34.6952],[134.23991,34.69851],[134.23857,34.69976],[134.23764,34.6996],[134.23776,34.70016],[134.23741,34.69941],[134.23801,34.69746],[134.23796,34.69498],[134.23631,34.6943],[134.23561,34.69322],[134.2355,34.69151],[134.23217,34.69138],[134.23111,34.69069],[134.22944,34.69129],[134.22866,34.69275],[134.22912,34.6917],[134.22635,34.6918],[134.22648,34.6907],[134.22711,34.69042],[134.22678,34.68952],[134.22812,34.68924],[134.22757,34.68775],[134.22432,34.68711],[134.22278,34.68635],[134.22257,34.68534],[134.21863,34.68456],[134.21826,34.68366],[134.21689,34.68384],[134.21636,34.68465],[134.21384,34.68487],[134.21269,34.68553],[134.21382,34.68474],[134.21423,34.68399],[134.2135,34.68483],[134.21259,34.68381],[134.21352,34.68318],[134.21379,34.68341],[134.21354,34.68316],[134.21399,34.6829],[134.2147,34.68365],[134.21421,34.68309],[134.21503,34.68249],[134.21913,34.68198],[134.21914,34.68266],[134.2205,34.68279],[134.22077,34.68362],[134.22067,34.68279],[134.22182,34.68263],[134.22214,34.68193],[134.22305,34.68166],[134.22328,34.68088],[134.22221,34.68114],[134.22102,34.68004],[134.22072,34.68072],[134.21934,34.68083],[134.22028,34.67993],[134.22002,34.67832],[134.221,34.67869],[134.22145,34.67951],[134.22102,34.67867],[134.22026,34.67827],[134.21947,34.67684],[134.21771,34.67565],[134.21618,34.67626],[134.21409,34.6756],[134.21383,34.67381],[134.21427,34.67319],[134.21388,34.67283],[134.21315,34.67325],[134.21136,34.6726],[134.2082,34.67313],[134.20718,34.67285],[134.20465,34.67453],[134.20447,34.67255],[134.20764,34.66962],[134.20709,34.66921],[134.20677,34.66948],[134.20674,34.66864],[134.20794,34.66971],[134.2109,34.67015],[134.21021,34.66943],[134.21013,34.66655],[134.20899,34.66658],[134.20595,34.6684],[134.20547,34.66797],[134.20634,34.66695],[134.2055,34.66777],[134.20494,34.66756],[134.20428,34.66665],[134.20443,34.66556],[134.20349,34.66517],[134.20256,34.66371],[134.20152,34.66331],[134.20022,34.66466],[134.19841,34.66384],[134.19659,34.66463],[134.19491,34.66447],[134.19456,34.66501],[134.1919,34.66507],[134.19099,34.66361],[134.19163,34.66314],[134.19247,34.66337],[134.19278,34.66188],[134.19397,34.66174],[134.19511,34.66056],[134.19618,34.66072],[134.19839,34.65973],[134.19851,34.65915],[134.19775,34.65837],[134.19524,34.65834],[134.19425,34.65568],[134.19316,34.65605],[134.19188,34.65512],[134.19025,34.65321],[134.1903,34.65255],[134.19125,34.652],[134.19039,34.65221],[134.18924,34.65176],[134.1885,34.65077],[134.18588,34.6516],[134.18293,34.65122],[134.18371,34.65245],[134.18356,34.65343],[134.18238,34.6538],[134.18141,34.65268],[134.18029,34.65265],[134.17857,34.6543],[134.17914,34.65625],[134.17779,34.65705],[134.17618,34.65615],[134.17645,34.65462],[134.17693,34.65482],[134.17641,34.65458],[134.17634,34.6535],[134.17556,34.6537],[134.17445,34.65268],[134.17356,34.65269],[134.17343,34.65206],[134.17347,34.65252],[134.17212,34.65276],[134.17161,34.65235],[134.17225,34.65328],[134.17137,34.65342],[134.17052,34.65284],[134.17093,34.65258],[134.17023,34.65223],[134.16978,34.65078],[134.17169,34.65049],[134.1712,34.64956],[134.17188,34.64945],[134.17187,34.6505],[134.1731,34.65108],[134.17243,34.65052],[134.17215,34.64875],[134.17281,34.644],[134.17473,34.634],[134.17545,34.63386],[134.17569,34.63353],[134.17509,34.63361],[134.17497,34.633],[134.17373,34.63205],[134.17391,34.63139],[134.17614,34.63042],[134.17741,34.63152],[134.17856,34.63149],[134.17913,34.63262],[134.17902,34.63411],[134.18021,34.63578],[134.18398,34.63676],[134.18504,34.63606],[134.18517,34.63257],[134.18579,34.63213],[134.18694,34.63231],[134.18737,34.63175],[134.18636,34.63069],[134.18513,34.63119],[134.18102,34.62995],[134.17971,34.63033],[134.17877,34.62985],[134.17749,34.62684],[134.1773,34.62387],[134.17661,34.62339],[134.17572,34.62375],[134.17495,34.62342],[134.17294,34.61935],[134.17326,34.61734],[134.17355,34.61717],[134.17355,34.61662],[134.17298,34.6174],[134.17064,34.6159],[134.17073,34.61576],[134.17063,34.61526],[134.17044,34.61587],[134.17012,34.61561],[134.17049,34.61375],[134.16651,34.61318],[134.16443,34.61458],[134.16387,34.61561],[134.16122,34.61665],[134.16234,34.61672],[134.16247,34.61714],[134.16043,34.61753],[134.16014,34.61714],[134.1611,34.61694],[134.16102,34.61658],[134.1595,34.61682],[134.15969,34.61571],[134.15934,34.61567],[134.15916,34.61683],[134.15774,34.61683],[134.15773,34.61604],[134.15827,34.6161],[134.15835,34.61566],[134.15686,34.61544],[134.15626,34.61603],[134.15726,34.61682],[134.15535,34.61574],[134.15549,34.61528],[134.15531,34.61572],[134.15414,34.61541],[134.1484,34.61682],[134.14809,34.61644],[134.14836,34.61682],[134.14759,34.61706],[134.14894,34.61915],[134.14753,34.61737],[134.14644,34.61717],[134.14706,34.61703],[134.14707,34.61627],[134.1475,34.61654],[134.14721,34.61425],[134.1495,34.61433],[134.14721,34.6142],[134.14706,34.61314],[134.14832,34.61301],[134.14714,34.61305],[134.14713,34.61272],[134.14831,34.61267],[134.14713,34.6127],[134.14712,34.61237],[134.1483,34.61234],[134.14711,34.61235],[134.14796,34.61202],[134.14712,34.6118],[134.14861,34.6121],[134.14804,34.61175],[134.14615,34.61163],[134.14535,34.60966],[134.14408,34.61004],[134.1434,34.60989],[134.14358,34.60938],[134.14338,34.60988],[134.14197,34.6093],[134.14242,34.60893],[134.14192,34.6091],[134.14186,34.60767],[134.14022,34.60954],[134.13958,34.60926],[134.13918,34.60947],[134.13999,34.60947],[134.13982,34.61014],[134.13814,34.61221],[134.1381,34.61318],[134.13766,34.6138],[134.13784,34.61294],[134.13416,34.61258],[134.1375,34.6126],[134.13879,34.61122],[134.13408,34.60761],[134.13585,34.60665],[134.13521,34.60509],[134.13544,34.60373],[134.1372,34.60336],[134.13818,34.60233],[134.13768,34.601],[134.13841,34.59948],[134.13542,34.59832],[134.13391,34.59666],[134.13305,34.59709],[134.13273,34.59794],[134.12903,34.59752],[134.12925,34.59785],[134.12787,34.59874],[134.1242,34.59578],[134.12374,34.59519],[134.1242,34.59485],[134.12384,34.59506],[134.12298,34.59393],[134.12243,34.59423],[134.12202,34.59384],[134.1228,34.59394],[134.12327,34.59371],[134.12376,34.59436],[134.12491,34.59503],[134.12363,34.59387],[134.12327,34.59366],[134.1229,34.59382],[134.12254,34.59349],[134.12141,34.5917],[134.12171,34.5901],[134.11999,34.58858],[134.1177,34.58933],[134.11889,34.58938],[134.11814,34.58986],[134.11543,34.58904],[134.1152,34.58867],[134.11608,34.58819],[134.11499,34.58875],[134.1131,34.58827],[134.11117,34.5889],[134.11196,34.58983],[134.1119,34.59177],[134.11269,34.59174],[134.11375,34.59265],[134.11165,34.59497],[134.11216,34.5971],[134.11156,34.59789],[134.11159,34.5989],[134.11248,34.59977],[134.11263,34.6007],[134.11166,34.60258],[134.11162,34.60354],[134.11213,34.60396],[134.10969,34.60579],[134.10939,34.60845],[134.10846,34.60919],[134.10953,34.60966],[134.10965,34.61048],[134.10893,34.61118],[134.1088,34.61226],[134.10731,34.61374],[134.10871,34.61592],[134.10861,34.61744],[134.10928,34.61736],[134.10932,34.61665],[134.10996,34.61637],[134.11202,34.61612],[134.11288,34.61853],[134.11246,34.61926],[134.11324,34.61981],[134.11684,34.61953],[134.11677,34.61992],[134.11485,34.62055],[134.11525,34.62133],[134.11661,34.62098],[134.11723,34.62212],[134.11649,34.62378],[134.11666,34.62521],[134.11554,34.62637],[134.11612,34.62779],[134.11408,34.62824],[134.11412,34.62937],[134.11299,34.6296],[134.11255,34.63043],[134.10929,34.63109],[134.11088,34.63483],[134.10929,34.63456],[134.10694,34.63312],[134.10489,34.63289],[134.10429,34.63363],[134.10508,34.6352],[134.1046,34.63758],[134.10436,34.63781],[134.10408,34.63707],[134.10356,34.63698],[134.10372,34.63884],[134.10062,34.63963],[134.09948,34.63844],[134.0976,34.63817],[134.09703,34.63721],[134.09391,34.63728],[134.09353,34.63663],[134.09447,34.6356],[134.0931,34.63452],[134.09167,34.63444],[134.09035,34.63295],[134.08874,34.63403],[134.08591,34.63246],[134.08245,34.63363],[134.08002,34.63261]]],[[[134.20958,34.61294],[134.21061,34.61161],[134.20875,34.61143],[134.20728,34.60956],[134.20545,34.61005],[134.20389,34.60915],[134.20308,34.60779],[134.20112,34.60762],[134.20117,34.6086],[134.20314,34.60995],[134.20576,34.61081],[134.2082,34.6126],[134.20958,34.61294]]],[[[134.20268,34.63707],[134.20308,34.63777],[134.20345,34.63767],[134.20268,34.63707]]],[[[134.21548,34.66706],[134.21587,34.66601],[134.21539,34.6655],[134.21582,34.66464],[134.21503,34.66445],[134.2154,34.66406],[134.21411,34.66474],[134.21247,34.66353],[134.21183,34.66602],[134.213,34.66562],[134.21345,34.66699],[134.2148,34.6674],[134.21548,34.66706]]],[[[134.25119,34.67704],[134.25208,34.676],[134.25248,34.6756],[134.25111,34.67603],[134.25119,34.67704]]],[[[134.22713,34.66828],[134.22462,34.66772],[134.22347,34.66852],[134.22269,34.66831],[134.22248,34.67055],[134.22108,34.67087],[134.22019,34.67318],[134.21834,34.67422],[134.21854,34.67563],[134.22118,34.67692],[134.22457,34.67693],[134.22636,34.67522],[134.22633,34.67265],[134.22549,34.67202],[134.22636,34.67135],[134.22659,34.67248],[134.22765,34.6738],[134.22739,34.67657],[134.22894,34.67732],[134.22877,34.67678],[134.22942,34.67712],[134.22886,34.67902],[134.23182,34.67931],[134.23296,34.67874],[134.23446,34.67921],[134.23574,34.67803],[134.24012,34.67885],[134.24145,34.67979],[134.2416,34.67846],[134.24362,34.67841],[134.24452,34.67899],[134.24312,34.67968],[134.24351,34.67966],[134.24273,34.68003],[134.24271,34.68048],[134.24633,34.68203],[134.24712,34.68161],[134.24724,34.6825],[134.24621,34.68299],[134.247,34.684],[134.24867,34.68368],[134.2502,34.68441],[134.25131,34.6834],[134.25137,34.68214],[134.25228,34.68186],[134.25284,34.68248],[134.25323,34.68559],[134.25425,34.68705],[134.25574,34.68795],[134.25689,34.68727],[134.25872,34.6877],[134.26061,34.68656],[134.26135,34.68463],[134.26318,34.68391],[134.263,34.6827],[134.26425,34.68183],[134.26549,34.6817],[134.26669,34.68219],[134.2663,34.68309],[134.2667,34.68389],[134.26733,34.68291],[134.26702,34.68177],[134.26745,34.68153],[134.26845,34.68188],[134.26869,34.68302],[134.2715,34.68354],[134.27269,34.68355],[134.27362,34.68191],[134.27313,34.6815],[134.27336,34.68068],[134.27186,34.68024],[134.27192,34.67926],[134.27113,34.67955],[134.27063,34.67928],[134.27075,34.67857],[134.27014,34.67888],[134.26974,34.67857],[134.26962,34.67709],[134.26869,34.67716],[134.26817,34.67806],[134.26726,34.67816],[134.26536,34.67707],[134.2646,34.67634],[134.26491,34.67594],[134.26356,34.67592],[134.26257,34.67493],[134.26004,34.67545],[134.25955,34.6761],[134.25956,34.67716],[134.2585,34.67773],[134.25796,34.67881],[134.25665,34.67894],[134.25615,34.67985],[134.25388,34.67964],[134.25281,34.6787],[134.25298,34.67813],[134.2517,34.67758],[134.25092,34.67768],[134.25095,34.67919],[134.24887,34.67983],[134.24661,34.67974],[134.24451,34.67886],[134.24566,34.6768],[134.24588,34.67482],[134.24525,34.67271],[134.24419,34.67214],[134.24037,34.67223],[134.23877,34.67327],[134.23783,34.67328],[134.23571,34.67158],[134.23524,34.67011],[134.23318,34.66944],[134.23229,34.66989],[134.23214,34.67077],[134.2325,34.67091],[134.23213,34.67141],[134.22979,34.6715],[134.22722,34.66984],[134.22688,34.66936],[134.22713,34.66828]]],[[[134.22495,34.68189],[134.22647,34.68089],[134.22596,34.6798],[134.22508,34.67954],[134.22455,34.68081],[134.22381,34.68125],[134.22495,34.68189]]],[[[134.24262,34.70574],[134.24296,34.70604],[134.24338,34.70558],[134.24294,34.70543],[134.24262,34.70574]]]]}},{"type":"Feature","properties":{"id":"muni-33213","name":"赤磐市"},"geometry":{"type":"Polygon","coordinates":[[[134.0174,34.73207],[134.00933,34.72938],[134.00935,34.72772],[134.00895,34.72774],[134.00941,34.72713],[134.0092,34.72633],[134.0072,34.72605],[134.00576,34.72669],[134.00327,34.72611],[134.00132,34.72679],[133.99865,34.72508],[133.99801,34.72413],[133.99719,34.7241],[133.99675,34.72271],[133.99425,34.72143],[133.99334,34.72043],[133.99266,34.72179],[133.99351,34.72332],[133.99336,34.72666],[133.99132,34.72758],[133.9921,34.72892],[133.99022,34.73044],[133.9905,34.73079],[133.98897,34.73228],[133.98804,34.73285],[133.9872,34.73252],[133.98634,34.73313],[133.98673,34.73614],[133.98608,34.73682],[133.98386,34.73749],[133.98334,34.73849],[133.98435,34.73883],[133.98416,34.73922],[133.98045,34.74145],[133.98034,34.7424],[133.98122,34.74323],[133.98368,34.74298],[133.98299,34.74479],[133.97948,34.7443],[133.97779,34.74532],[133.97506,34.7456],[133.9726,34.7452],[133.97288,34.7474],[133.97136,34.74954],[133.97167,34.75086],[133.97136,34.75168],[133.97233,34.75393],[133.97786,34.75544],[133.97997,34.75548],[133.98091,34.75505],[133.9819,34.75672],[133.98362,34.7582],[133.98402,34.75995],[133.98575,34.76102],[133.98651,34.76708],[133.98583,34.76789],[133.98384,34.76774],[133.98153,34.76601],[133.98064,34.76673],[133.97952,34.76684],[133.97896,34.76784],[133.97667,34.76908],[133.97682,34.77114],[133.97811,34.77302],[133.97783,34.77412],[133.97997,34.77479],[133.98068,34.77568],[133.98083,34.77837],[133.98003,34.77904],[133.97998,34.78069],[133.97782,34.78062],[133.9761,34.77999],[133.97316,34.7826],[133.97134,34.78195],[133.97096,34.78341],[133.9696,34.78478],[133.96767,34.78443],[133.9643,34.78601],[133.96236,34.78558],[133.96109,34.78617],[133.96197,34.78691],[133.96174,34.78824],[133.96277,34.78906],[133.96475,34.78958],[133.96585,34.79154],[133.9669,34.79193],[133.9671,34.79293],[133.96774,34.79346],[133.96745,34.79431],[133.96777,34.79503],[133.96957,34.79715],[133.97098,34.79705],[133.97073,34.79881],[133.97278,34.79935],[133.97343,34.80228],[133.97469,34.80408],[133.97653,34.80471],[133.97897,34.80437],[133.97969,34.8051],[133.98037,34.80502],[133.98061,34.80581],[133.98206,34.80556],[133.98345,34.80642],[133.98488,34.8064],[133.98595,34.80729],[133.98667,34.8093],[133.98539,34.81098],[133.98542,34.81292],[133.98697,34.81381],[133.98674,34.81712],[133.98717,34.81803],[133.98697,34.81867],[133.98505,34.82019],[133.98553,34.82117],[133.98713,34.8218],[133.98766,34.82378],[133.98981,34.82457],[133.99054,34.82537],[133.99053,34.82632],[133.99226,34.82711],[133.99129,34.82786],[133.98993,34.82769],[133.98837,34.82982],[133.98839,34.83079],[133.98958,34.83093],[133.99117,34.83234],[133.98839,34.83286],[133.98835,34.83499],[133.98749,34.83558],[133.98916,34.8371],[133.99036,34.83727],[133.9928,34.84118],[133.99277,34.84603],[133.99331,34.84864],[133.99401,34.84955],[133.99241,34.85173],[133.9885,34.85317],[133.98762,34.85447],[133.98692,34.85419],[133.9857,34.8549],[133.98098,34.85492],[133.98112,34.85351],[133.9823,34.85318],[133.9822,34.85155],[133.98173,34.85009],[133.98092,34.8494],[133.98015,34.8498],[133.97901,34.84951],[133.97762,34.84733],[133.97749,34.84487],[133.97843,34.84328],[133.97794,34.84301],[133.97509,34.84386],[133.97626,34.84533],[133.97492,34.8463],[133.9724,34.84632],[133.97154,34.84779],[133.96695,34.84899],[133.9662,34.84976],[133.96354,34.85022],[133.96261,34.84969],[133.96161,34.84982],[133.96204,34.8505],[133.96448,34.85166],[133.96477,34.85245],[133.96853,34.85333],[133.9688,34.8547],[133.96708,34.85628],[133.96664,34.85806],[133.96584,34.85817],[133.96557,34.859],[133.96593,34.85961],[133.96447,34.86079],[133.96327,34.8636],[133.96139,34.86381],[133.96099,34.86818],[133.95928,34.86998],[133.95847,34.8716],[133.95557,34.87294],[133.95624,34.87345],[133.96007,34.87269],[133.961,34.87458],[133.96355,34.87417],[133.96617,34.87642],[133.96747,34.87628],[133.97038,34.87784],[133.97209,34.87724],[133.97298,34.87763],[133.9737,34.87847],[133.97538,34.87916],[133.97635,34.88058],[133.97558,34.88148],[133.97577,34.88278],[133.97762,34.88397],[133.97966,34.88643],[133.982,34.88684],[133.98817,34.88683],[133.99612,34.89067],[133.99699,34.8909],[133.99864,34.89045],[134.00045,34.892],[134.0011,34.89323],[134.00285,34.89401],[134.00317,34.89475],[134.00447,34.8948],[134.00438,34.89619],[134.00159,34.89907],[134.00114,34.90065],[134.0016,34.90182],[134.00065,34.90314],[134.0023,34.90471],[134.00235,34.90573],[134.00139,34.90736],[134.00321,34.90881],[134.00208,34.91014],[134.00196,34.91108],[134.00344,34.91201],[134.00635,34.91202],[134.00762,34.91385],[134.00731,34.91469],[134.00856,34.91509],[134.00883,34.91643],[134.01124,34.91735],[134.01062,34.91933],[134.01097,34.92084],[134.01153,34.92122],[134.011,34.92332],[134.01187,34.92381],[134.01217,34.92712],[134.01298,34.92791],[134.01354,34.92949],[134.01234,34.93114],[134.01432,34.93444],[134.01402,34.93566],[134.01563,34.93815],[134.01754,34.93925],[134.01926,34.9411],[134.01812,34.94532],[134.02168,34.94664],[134.02282,34.94864],[134.02515,34.95094],[134.02548,34.94953],[134.02699,34.9492],[134.02942,34.94637],[134.0313,34.94608],[134.03361,34.94403],[134.03559,34.94433],[134.03726,34.94328],[134.04049,34.9433],[134.04429,34.94036],[134.04974,34.93791],[134.04915,34.93721],[134.04941,34.93669],[134.05438,34.9383],[134.05827,34.93851],[134.05895,34.93945],[134.06731,34.93685],[134.06788,34.93765],[134.06978,34.93795],[134.07136,34.93912],[134.07257,34.94128],[134.07794,34.94087],[134.08599,34.94253],[134.08779,34.9425],[134.09035,34.94062],[134.09158,34.93766],[134.08873,34.9309],[134.08908,34.92919],[134.08981,34.92832],[134.09328,34.92647],[134.09637,34.92552],[134.09804,34.9245],[134.10047,34.91919],[134.09978,34.9169],[134.09607,34.9096],[134.09411,34.90721],[134.0876,34.90207],[134.08547,34.89918],[134.08542,34.89709],[134.08608,34.89625],[134.08883,34.89505],[134.09638,34.89785],[134.09678,34.89754],[134.09736,34.89693],[134.09782,34.8927],[134.09401,34.88809],[134.09322,34.88557],[134.0943,34.88421],[134.09625,34.88323],[134.1036,34.8819],[134.10413,34.88102],[134.10362,34.87878],[134.10074,34.87833],[134.09522,34.87511],[134.09395,34.87486],[134.09293,34.87583],[134.09201,34.87592],[134.09126,34.87433],[134.08928,34.87347],[134.08843,34.87364],[134.08797,34.87484],[134.08683,34.8749],[134.08476,34.87644],[134.08055,34.87722],[134.08107,34.87426],[134.08099,34.87096],[134.08056,34.87005],[134.08127,34.86843],[134.0809,34.86707],[134.07863,34.86701],[134.07736,34.86524],[134.07799,34.86389],[134.07681,34.86303],[134.07472,34.86258],[134.07246,34.86143],[134.07237,34.8601],[134.07172,34.85951],[134.06653,34.85978],[134.06505,34.86065],[134.06535,34.85923],[134.06433,34.8578],[134.06442,34.85679],[134.06304,34.85527],[134.06106,34.8551],[134.05951,34.8542],[134.05916,34.85461],[134.05625,34.85492],[134.05543,34.85686],[134.05472,34.85742],[134.04901,34.85676],[134.04727,34.85771],[134.0433,34.85784],[134.04383,34.85427],[134.04529,34.85271],[134.04492,34.84878],[134.04248,34.84599],[134.03704,34.84484],[134.03952,34.84249],[134.03972,34.83757],[134.03848,34.83582],[134.03976,34.83548],[134.04036,34.83401],[134.03867,34.83257],[134.03904,34.83157],[134.04017,34.83024],[134.04263,34.83018],[134.04592,34.82768],[134.0471,34.82919],[134.04883,34.82995],[134.04832,34.83175],[134.04911,34.83273],[134.05044,34.83307],[134.05419,34.83278],[134.05525,34.83214],[134.05476,34.82983],[134.05744,34.82861],[134.0587,34.82624],[134.06071,34.82471],[134.06307,34.82496],[134.06355,34.82534],[134.06237,34.82601],[134.06298,34.82709],[134.06573,34.82823],[134.07203,34.82624],[134.07323,34.82475],[134.07412,34.8244],[134.07628,34.8244],[134.07934,34.82598],[134.07996,34.82483],[134.08068,34.82452],[134.08228,34.82468],[134.0852,34.82347],[134.0874,34.82035],[134.0876,34.81825],[134.08976,34.81409],[134.0896,34.81227],[134.09203,34.81123],[134.09422,34.8109],[134.09441,34.80995],[134.09383,34.80837],[134.09532,34.80647],[134.09867,34.80497],[134.10121,34.80266],[134.10528,34.80343],[134.10905,34.8019],[134.11068,34.80058],[134.11154,34.79917],[134.1113,34.79819],[134.11286,34.79819],[134.11863,34.79602],[134.11875,34.79366],[134.1338,34.79294],[134.13447,34.79048],[134.13804,34.79056],[134.13864,34.78979],[134.14226,34.78827],[134.14331,34.78654],[134.14492,34.78636],[134.14666,34.78475],[134.14979,34.78365],[134.14958,34.78236],[134.15092,34.78042],[134.1501,34.77919],[134.1511,34.77675],[134.15069,34.77467],[134.15145,34.77309],[134.15226,34.77252],[134.14887,34.77013],[134.14895,34.76912],[134.14766,34.76707],[134.14527,34.76721],[134.14407,34.7658],[134.14194,34.76613],[134.13964,34.76383],[134.13973,34.76331],[134.13813,34.76338],[134.13733,34.76258],[134.13641,34.76242],[134.13332,34.76001],[134.13255,34.75882],[134.12827,34.75766],[134.12649,34.75578],[134.12213,34.7564],[134.12173,34.75556],[134.12253,34.75473],[134.12194,34.75402],[134.12241,34.75308],[134.12158,34.75301],[134.11813,34.75389],[134.11929,34.75724],[134.11503,34.75736],[134.11381,34.75791],[134.11305,34.75898],[134.11089,34.75962],[134.10905,34.76089],[134.10819,34.76058],[134.10871,34.75946],[134.10856,34.75623],[134.10729,34.75636],[134.1059,34.75772],[134.10273,34.75916],[134.10147,34.76088],[134.09909,34.76125],[134.0978,34.76095],[134.09639,34.76171],[134.09316,34.76103],[134.09017,34.7617],[134.09288,34.77005],[134.08995,34.77196],[134.09046,34.773],[134.09008,34.77431],[134.08769,34.7763],[134.08735,34.77812],[134.08802,34.77996],[134.08703,34.78109],[134.08697,34.78198],[134.08477,34.7818],[134.08175,34.78309],[134.08049,34.78257],[134.07939,34.78133],[134.07805,34.78207],[134.07601,34.78231],[134.07452,34.78161],[134.07118,34.78309],[134.0699,34.78262],[134.06923,34.78104],[134.06663,34.77993],[134.06469,34.77988],[134.06036,34.77605],[134.05932,34.77341],[134.05936,34.77277],[134.06019,34.77221],[134.059,34.77074],[134.05923,34.76878],[134.05812,34.76784],[134.05719,34.7676],[134.05541,34.76844],[134.0541,34.77102],[134.05311,34.77096],[134.04897,34.76683],[134.04854,34.76456],[134.0478,34.76416],[134.04802,34.76321],[134.04975,34.76307],[134.05077,34.76356],[134.05106,34.76123],[134.04892,34.75899],[134.04861,34.758],[134.04671,34.75653],[134.04807,34.75343],[134.04649,34.75254],[134.04524,34.75109],[134.04528,34.74899],[134.0441,34.74887],[134.04004,34.7465],[134.04002,34.74545],[134.03884,34.74437],[134.03556,34.74442],[134.03426,34.74369],[134.03375,34.74288],[134.03427,34.74166],[134.03067,34.73991],[134.03069,34.73936],[134.02898,34.73795],[134.02595,34.73706],[134.02502,34.73558],[134.02364,34.73525],[134.02251,34.73414],[134.02003,34.73418],[134.0174,34.73207]]]}},{"type":"Feature","properties":{"id":"muni-33214","name":"真庭市"},"geometry":{"type":"Polygon","coordinates":[[[133.63582,34.90949],[133.63335,34.90987],[133.63316,34.90582],[133.63221,34.90508],[133.63205,34.90388],[133.6305,34.90242],[133.62831,34.90259],[133.62409,34.90087],[133.61953,34.90023],[133.61805,34.90056],[133.61724,34.90134],[133.61805,34.90204],[133.61865,34.90449],[133.61977,34.90528],[133.61997,34.90624],[133.62115,34.90677],[133.62147,34.90807],[133.62076,34.91282],[133.61985,34.91418],[133.62088,34.91551],[133.61948,34.91824],[133.62031,34.92083],[133.61851,34.92242],[133.61776,34.925],[133.61808,34.9284],[133.61724,34.93204],[133.61487,34.93187],[133.61351,34.93256],[133.61279,34.93346],[133.61311,34.93487],[133.61264,34.93607],[133.61083,34.93626],[133.61073,34.93756],[133.60862,34.93932],[133.60706,34.93922],[133.60711,34.9407],[133.60763,34.9413],[133.60549,34.94144],[133.60311,34.9474],[133.60313,34.94977],[133.60426,34.95154],[133.60409,34.95229],[133.60216,34.95234],[133.59999,34.95364],[133.59831,34.95399],[133.59513,34.95742],[133.59726,34.95885],[133.59937,34.95926],[133.60048,34.95842],[133.60012,34.95629],[133.60124,34.95479],[133.60442,34.95441],[133.60794,34.95654],[133.60699,34.95791],[133.60706,34.95854],[133.60984,34.96042],[133.61509,34.96148],[133.62065,34.9614],[133.62187,34.96187],[133.62104,34.96452],[133.61971,34.96561],[133.618,34.96931],[133.61808,34.96998],[133.61949,34.97128],[133.61882,34.97294],[133.6144,34.97605],[133.613,34.97634],[133.60969,34.97814],[133.61102,34.97904],[133.61283,34.9791],[133.61138,34.98101],[133.60904,34.98229],[133.6057,34.98307],[133.60373,34.98404],[133.60302,34.98523],[133.60105,34.98639],[133.60107,34.98949],[133.60261,34.98939],[133.60641,34.98803],[133.6073,34.98853],[133.60689,34.9887],[133.60854,34.99004],[133.60887,34.99158],[133.6081,34.99263],[133.60813,34.99445],[133.60646,34.99599],[133.60293,34.99741],[133.60144,34.99881],[133.60014,34.99932],[133.59956,35.00072],[133.59779,35.00149],[133.59451,34.99991],[133.59374,34.99822],[133.59248,34.997],[133.59205,34.99432],[133.59052,34.99359],[133.59041,34.99283],[133.58853,34.99298],[133.58673,34.99577],[133.58388,34.99663],[133.58279,34.99902],[133.58275,34.99965],[133.58507,35.00013],[133.58574,35.00125],[133.58548,35.0022],[133.58592,35.00311],[133.58899,35.00716],[133.59372,35.00794],[133.59516,35.01172],[133.59624,35.01204],[133.5969,35.01345],[133.59904,35.0138],[133.59982,35.01561],[133.59855,35.01601],[133.59802,35.01718],[133.59897,35.01891],[133.60039,35.02014],[133.6001,35.02126],[133.59925,35.02212],[133.59528,35.02213],[133.59398,35.02299],[133.58986,35.02383],[133.58912,35.02457],[133.58765,35.02376],[133.58754,35.02468],[133.58897,35.02627],[133.58864,35.02738],[133.58911,35.0284],[133.58693,35.02925],[133.58597,35.03048],[133.58385,35.03151],[133.58434,35.03293],[133.58311,35.0338],[133.58461,35.03639],[133.58412,35.03708],[133.58454,35.03816],[133.58378,35.03953],[133.58403,35.0415],[133.58567,35.04211],[133.58653,35.04338],[133.58799,35.04395],[133.58864,35.04502],[133.59101,35.04625],[133.59081,35.04807],[133.58863,35.049],[133.58872,35.05095],[133.58683,35.05177],[133.58667,35.05293],[133.58557,35.05349],[133.58517,35.05488],[133.58677,35.05553],[133.58597,35.05817],[133.58671,35.06047],[133.58768,35.06141],[133.58801,35.06346],[133.58748,35.06378],[133.58747,35.06544],[133.5868,35.06683],[133.58764,35.06781],[133.58679,35.06919],[133.58951,35.07271],[133.58921,35.07341],[133.58958,35.07384],[133.58839,35.0752],[133.58913,35.07681],[133.58934,35.08002],[133.5889,35.08201],[133.58706,35.08277],[133.58587,35.08471],[133.58432,35.08547],[133.58437,35.08664],[133.58321,35.08713],[133.58078,35.08671],[133.57933,35.08796],[133.57891,35.08967],[133.57625,35.0909],[133.57603,35.09289],[133.57481,35.09384],[133.57463,35.09505],[133.57612,35.09603],[133.57581,35.09825],[133.57434,35.09998],[133.57463,35.1011],[133.57416,35.10318],[133.57495,35.10457],[133.57492,35.10686],[133.57572,35.10794],[133.57509,35.11094],[133.57574,35.112],[133.58045,35.11236],[133.58275,35.1139],[133.5839,35.11601],[133.58458,35.12253],[133.58619,35.12476],[133.58621,35.12756],[133.58788,35.12845],[133.588,35.13059],[133.59128,35.13695],[133.59054,35.13818],[133.58839,35.13835],[133.58731,35.1395],[133.58457,35.14065],[133.58154,35.14125],[133.58136,35.14215],[133.5797,35.14214],[133.57863,35.14388],[133.5772,35.14475],[133.5749,35.14511],[133.57304,35.1448],[133.5721,35.14576],[133.56943,35.14713],[133.56807,35.14897],[133.57216,35.14901],[133.57672,35.15044],[133.57788,35.15184],[133.58025,35.15253],[133.58668,35.15748],[133.58615,35.16018],[133.58534,35.16164],[133.58436,35.16207],[133.58364,35.16327],[133.58219,35.16378],[133.58171,35.16465],[133.58252,35.16601],[133.58223,35.16802],[133.58293,35.17024],[133.58283,35.172],[133.58211,35.17347],[133.58357,35.17516],[133.58828,35.17573],[133.58751,35.17757],[133.58828,35.1787],[133.58843,35.18073],[133.58938,35.18117],[133.58848,35.18271],[133.58906,35.1844],[133.59053,35.18469],[133.59211,35.18651],[133.59329,35.18706],[133.59458,35.18666],[133.59609,35.18525],[133.59834,35.18634],[133.59967,35.18632],[133.60098,35.18527],[133.60319,35.18602],[133.6062,35.18535],[133.60698,35.18649],[133.60696,35.18735],[133.60558,35.18977],[133.60775,35.19063],[133.60939,35.19272],[133.60919,35.19395],[133.60803,35.19497],[133.60759,35.19879],[133.60678,35.19904],[133.60711,35.1998],[133.60665,35.20231],[133.60711,35.20355],[133.60634,35.20581],[133.60575,35.20582],[133.60406,35.20754],[133.60418,35.20812],[133.60114,35.21093],[133.59931,35.21353],[133.59748,35.21436],[133.59663,35.21548],[133.59655,35.21599],[133.59719,35.21625],[133.59694,35.21794],[133.59797,35.2186],[133.59837,35.22089],[133.59924,35.22185],[133.59906,35.22399],[133.59973,35.22492],[133.59671,35.2283],[133.59544,35.231],[133.59264,35.23308],[133.59242,35.23556],[133.59434,35.23937],[133.59664,35.24099],[133.59632,35.24153],[133.59369,35.24429],[133.59292,35.24403],[133.59018,35.24492],[133.58874,35.24448],[133.58658,35.24645],[133.58217,35.24666],[133.58056,35.24757],[133.57848,35.24991],[133.57605,35.25097],[133.57578,35.25223],[133.57305,35.25333],[133.56982,35.25353],[133.56641,35.25551],[133.56816,35.2567],[133.56793,35.25817],[133.56845,35.25901],[133.56696,35.26134],[133.56781,35.26272],[133.56747,35.26455],[133.56678,35.26532],[133.56727,35.26787],[133.56939,35.27003],[133.57097,35.27077],[133.57204,35.27267],[133.57116,35.27516],[133.5697,35.27615],[133.56905,35.27761],[133.57045,35.27927],[133.57201,35.28006],[133.57256,35.28177],[133.57042,35.28718],[133.57357,35.28886],[133.57356,35.28935],[133.5744,35.28991],[133.57428,35.29223],[133.57702,35.29567],[133.57673,35.29682],[133.57789,35.29718],[133.57748,35.29876],[133.57665,35.29911],[133.57592,35.30036],[133.57718,35.30162],[133.57696,35.30335],[133.57582,35.30429],[133.57579,35.30516],[133.57632,35.30639],[133.57652,35.31087],[133.57751,35.31221],[133.57699,35.31437],[133.57933,35.3163],[133.58132,35.31709],[133.58116,35.31925],[133.58215,35.32006],[133.58274,35.32145],[133.58399,35.32141],[133.58496,35.32358],[133.58596,35.32357],[133.5881,35.32497],[133.59007,35.32735],[133.58932,35.32879],[133.59087,35.32936],[133.59238,35.33074],[133.59209,35.33213],[133.58908,35.33361],[133.58935,35.33547],[133.58839,35.33694],[133.59462,35.34082],[133.59594,35.34464],[133.59673,35.34514],[133.60367,35.34322],[133.60561,35.34103],[133.60744,35.34196],[133.60886,35.34206],[133.60979,35.34191],[133.61026,35.34097],[133.61239,35.34],[133.61582,35.34119],[133.61689,35.3401],[133.62256,35.33675],[133.62593,35.33825],[133.63054,35.33875],[133.63307,35.33975],[133.6387,35.33909],[133.63943,35.33768],[133.64073,35.3366],[133.64396,35.33611],[133.64797,35.33652],[133.6495,35.3362],[133.65257,35.33445],[133.65384,35.3328],[133.65832,35.32897],[133.66011,35.3284],[133.6622,35.32692],[133.66348,35.32514],[133.66484,35.32485],[133.66582,35.32386],[133.6677,35.32372],[133.66931,35.32298],[133.67092,35.32301],[133.67213,35.32369],[133.674,35.32337],[133.6751,35.32112],[133.67825,35.31889],[133.68348,35.31864],[133.6858,35.31974],[133.68707,35.31928],[133.69115,35.32011],[133.69192,35.32217],[133.69159,35.32401],[133.69332,35.32539],[133.69717,35.3271],[133.69847,35.32603],[133.70119,35.32491],[133.70483,35.32422],[133.70722,35.32514],[133.70887,35.32517],[133.71429,35.32288],[133.71572,35.32122],[133.71819,35.31972],[133.72206,35.31909],[133.72491,35.31981],[133.72697,35.31742],[133.72892,35.317],[133.73001,35.31763],[133.73247,35.31764],[133.73516,35.31618],[133.73546,35.31652],[133.735,35.3189],[133.73762,35.31898],[133.73992,35.31683],[133.74202,35.31665],[133.7435,35.31741],[133.74446,35.31922],[133.7452,35.31969],[133.74871,35.31726],[133.7493,35.31562],[133.7489,35.31467],[133.7498,35.31425],[133.7505,35.31197],[133.75117,35.3114],[133.7542,35.31082],[133.75694,35.30829],[133.75875,35.30876],[133.75986,35.31043],[133.76235,35.31155],[133.76315,35.31046],[133.76308,35.30945],[133.76635,35.30912],[133.76732,35.30859],[133.76868,35.30681],[133.76947,35.30479],[133.77291,35.30301],[133.77494,35.30115],[133.77572,35.29974],[133.77934,35.29946],[133.77989,35.29885],[133.78237,35.29822],[133.7834,35.29483],[133.78664,35.29519],[133.78884,35.29736],[133.79001,35.29774],[133.7893,35.29638],[133.78976,35.29561],[133.78906,35.29462],[133.7894,35.29363],[133.79404,35.29312],[133.79489,35.2934],[133.79541,35.29448],[133.79802,35.29411],[133.79888,35.29319],[133.80017,35.29294],[133.79974,35.29194],[133.8001,35.29064],[133.79897,35.29001],[133.79952,35.28863],[133.80185,35.28749],[133.80099,35.28659],[133.80136,35.28502],[133.8023,35.28388],[133.80545,35.28215],[133.80504,35.28062],[133.80956,35.27702],[133.80901,35.27661],[133.80967,35.27428],[133.80822,35.27179],[133.80854,35.26966],[133.80957,35.26912],[133.81053,35.26927],[133.81217,35.26664],[133.81327,35.26568],[133.81563,35.26474],[133.81641,35.26372],[133.81608,35.26287],[133.81675,35.26235],[133.81676,35.26055],[133.81808,35.25974],[133.81884,35.25825],[133.8179,35.25525],[133.81802,35.25275],[133.81758,35.25169],[133.81827,35.24909],[133.82056,35.24702],[133.82036,35.24219],[133.81851,35.23999],[133.819,35.23829],[133.8177,35.2366],[133.81765,35.23548],[133.81528,35.23354],[133.81455,35.23125],[133.81174,35.23035],[133.81038,35.22918],[133.81089,35.22725],[133.81256,35.22463],[133.81466,35.22276],[133.81659,35.21874],[133.81464,35.21749],[133.81199,35.21914],[133.80817,35.21979],[133.80579,35.21682],[133.80456,35.21596],[133.80212,35.21468],[133.79973,35.21445],[133.79346,35.21727],[133.79113,35.21758],[133.78763,35.21884],[133.78634,35.22013],[133.78345,35.2207],[133.78018,35.22232],[133.7785,35.22265],[133.77793,35.22074],[133.779,35.21668],[133.78083,35.215],[133.78123,35.21288],[133.77732,35.20902],[133.77662,35.20773],[133.77235,35.20555],[133.77309,35.20172],[133.77549,35.2011],[133.77684,35.2001],[133.7772,35.19847],[133.77817,35.19766],[133.77912,35.19298],[133.78084,35.19023],[133.77872,35.18855],[133.77792,35.18617],[133.77868,35.18266],[133.77712,35.18063],[133.77752,35.17801],[133.77908,35.17615],[133.77625,35.17325],[133.77362,35.173],[133.77054,35.17109],[133.77093,35.16829],[133.77207,35.1669],[133.77142,35.16542],[133.77147,35.16406],[133.7661,35.15898],[133.76717,35.15713],[133.76782,35.15671],[133.76837,35.15712],[133.77015,35.1557],[133.77479,35.1559],[133.77731,35.15435],[133.78103,35.15294],[133.78205,35.15144],[133.78169,35.14962],[133.78224,35.14784],[133.78398,35.14709],[133.78476,35.14559],[133.7865,35.14518],[133.78673,35.14303],[133.78827,35.14258],[133.78922,35.1429],[133.7895,35.14246],[133.78893,35.14197],[133.78928,35.14148],[133.79159,35.1409],[133.79151,35.13931],[133.79238,35.13812],[133.79531,35.13621],[133.79438,35.13533],[133.79749,35.1356],[133.79777,35.13412],[133.7989,35.1334],[133.8025,35.13168],[133.80558,35.13186],[133.80624,35.13077],[133.80835,35.13132],[133.81047,35.13092],[133.81128,35.13182],[133.8139,35.1328],[133.81628,35.13245],[133.81866,35.12933],[133.82056,35.12909],[133.82172,35.12737],[133.82335,35.12751],[133.82412,35.12711],[133.82606,35.12814],[133.82804,35.12844],[133.82842,35.12765],[133.82964,35.12794],[133.82942,35.12734],[133.83084,35.12711],[133.83378,35.12809],[133.83361,35.126],[133.83226,35.12321],[133.83324,35.12307],[133.83458,35.12116],[133.83583,35.12078],[133.83637,35.11943],[133.83715,35.11965],[133.83725,35.11855],[133.84015,35.11909],[133.84268,35.11689],[133.84418,35.11684],[133.8439,35.11544],[133.84488,35.11448],[133.84376,35.11139],[133.84469,35.10941],[133.84285,35.10643],[133.84368,35.10395],[133.84556,35.10157],[133.84294,35.1],[133.84096,35.09957],[133.84035,35.09885],[133.83843,35.09854],[133.83629,35.09885],[133.83613,35.09745],[133.83263,35.08816],[133.83564,35.08695],[133.83517,35.08497],[133.83572,35.0841],[133.83539,35.08233],[133.8328,35.08116],[133.8289,35.0778],[133.82871,35.07536],[133.82689,35.07316],[133.82617,35.07313],[133.82573,35.07145],[133.82437,35.07074],[133.82382,35.06921],[133.82279,35.06819],[133.82107,35.06771],[133.82242,35.06629],[133.82367,35.06218],[133.82429,35.05888],[133.82377,35.05844],[133.82371,35.05505],[133.82447,35.05377],[133.82395,35.05248],[133.82305,35.05218],[133.82303,35.0514],[133.82186,35.051],[133.82167,35.0501],[133.82245,35.04873],[133.82224,35.04761],[133.82279,35.04681],[133.82605,35.04465],[133.82353,35.04341],[133.82255,35.04203],[133.82109,35.04207],[133.81875,35.04466],[133.81768,35.04388],[133.81548,35.04344],[133.81714,35.0421],[133.81755,35.03883],[133.81961,35.03801],[133.81907,35.03705],[133.81956,35.03575],[133.81891,35.03549],[133.81865,35.03441],[133.81651,35.034],[133.81608,35.0337],[133.81634,35.03325],[133.81473,35.03228],[133.81537,35.03109],[133.81218,35.0299],[133.81162,35.02719],[133.80518,35.0263],[133.8051,35.02478],[133.80326,35.023],[133.80005,35.02143],[133.79766,35.022],[133.79614,35.02125],[133.79316,35.02156],[133.79225,35.02071],[133.785,35.01965],[133.78389,35.01701],[133.78501,35.01597],[133.78692,35.01628],[133.78704,35.01499],[133.78782,35.01506],[133.78841,35.01386],[133.7883,35.01183],[133.78906,35.01168],[133.78967,35.00955],[133.78898,35.00884],[133.78862,35.00672],[133.7875,35.00652],[133.78583,35.00314],[133.78666,35.003],[133.78765,35.0017],[133.78619,34.99775],[133.78658,34.99734],[133.78627,34.99609],[133.78844,34.99394],[133.78782,34.99274],[133.78857,34.99067],[133.78756,34.98915],[133.79169,34.98541],[133.7943,34.98222],[133.8007,34.9808],[133.80271,34.97972],[133.80352,34.97859],[133.80412,34.9757],[133.80497,34.97456],[133.80513,34.9692],[133.80241,34.9656],[133.80333,34.96296],[133.80499,34.96202],[133.80521,34.96095],[133.80655,34.96086],[133.80832,34.95726],[133.80815,34.95492],[133.80934,34.95469],[133.80954,34.95385],[133.80881,34.95141],[133.80552,34.95144],[133.80174,34.95311],[133.80063,34.95317],[133.79984,34.95426],[133.80031,34.95617],[133.80009,34.95729],[133.79931,34.95883],[133.79792,34.95974],[133.79168,34.95907],[133.79044,34.95791],[133.78992,34.95625],[133.78925,34.95563],[133.78664,34.95482],[133.78501,34.95603],[133.78469,34.95791],[133.78406,34.95873],[133.78277,34.95931],[133.78093,34.96114],[133.77743,34.96115],[133.77399,34.96023],[133.77267,34.96077],[133.77144,34.96011],[133.76974,34.95753],[133.76859,34.95677],[133.76633,34.95672],[133.76523,34.95537],[133.76359,34.95472],[133.76171,34.95246],[133.7597,34.95303],[133.75507,34.95209],[133.75479,34.95114],[133.75585,34.94987],[133.75409,34.94985],[133.74995,34.94543],[133.74833,34.945],[133.7466,34.94666],[133.74465,34.94737],[133.7436,34.94716],[133.74259,34.94564],[133.74193,34.94556],[133.74007,34.94691],[133.73691,34.94761],[133.73368,34.95018],[133.73198,34.94973],[133.72792,34.9501],[133.72423,34.94877],[133.72304,34.94934],[133.72154,34.94907],[133.72095,34.95034],[133.72139,34.95278],[133.72016,34.95402],[133.71798,34.9547],[133.71692,34.95545],[133.71719,34.95586],[133.71449,34.95693],[133.71366,34.95775],[133.71116,34.95767],[133.71022,34.95951],[133.70943,34.96],[133.70557,34.95989],[133.70429,34.95833],[133.70339,34.95428],[133.70093,34.95325],[133.69595,34.94924],[133.69248,34.94782],[133.68954,34.9473],[133.68659,34.94789],[133.6813,34.95189],[133.67822,34.95167],[133.67614,34.95057],[133.67476,34.95142],[133.67352,34.95055],[133.67559,34.94835],[133.67565,34.94656],[133.67452,34.94554],[133.67347,34.94578],[133.67252,34.94475],[133.67174,34.94479],[133.67114,34.94558],[133.67095,34.94411],[133.6717,34.94358],[133.6717,34.94234],[133.66973,34.94238],[133.66649,34.94142],[133.65803,34.93819],[133.65602,34.93832],[133.65467,34.94002],[133.65309,34.93996],[133.65297,34.94097],[133.65139,34.94229],[133.6497,34.94247],[133.64926,34.94091],[133.64807,34.94072],[133.64782,34.93993],[133.64592,34.93823],[133.64426,34.9374],[133.64504,34.93619],[133.64441,34.93518],[133.6455,34.93359],[133.64659,34.93309],[133.64663,34.93183],[133.64821,34.93118],[133.64827,34.92958],[133.64743,34.92873],[133.64858,34.92789],[133.6482,34.92676],[133.65011,34.92345],[133.64946,34.92184],[133.65033,34.92104],[133.64923,34.92002],[133.65059,34.91768],[133.64992,34.91707],[133.65047,34.91575],[133.64949,34.91449],[133.64608,34.91455],[133.64444,34.91297],[133.64315,34.91309],[133.64137,34.91178],[133.6385,34.91093],[133.63699,34.91109],[133.63582,34.90949]]]}},{"type":"Feature","properties":{"id":"muni-33215","name":"美作市"},"geometry":{"type":"Polygon","coordinates":[[[134.10431,34.94984],[134.10268,34.95251],[134.1016,34.95274],[134.10113,34.95389],[134.1,34.95375],[134.09931,34.95446],[134.09663,34.95407],[134.09447,34.95537],[134.0931,34.95561],[134.09235,34.95776],[134.09354,34.95965],[134.09192,34.96107],[134.09229,34.96285],[134.09163,34.96329],[134.08948,34.96292],[134.08855,34.96336],[134.08836,34.96402],[134.09174,34.9652],[134.09371,34.96473],[134.09502,34.96582],[134.09713,34.96599],[134.09751,34.96546],[134.09951,34.96597],[134.10066,34.96919],[134.10289,34.97108],[134.10471,34.97212],[134.10706,34.9724],[134.1084,34.97281],[134.10706,34.9725],[134.10667,34.97467],[134.107,34.97565],[134.10591,34.97683],[134.10379,34.97628],[134.10342,34.97523],[134.10211,34.97454],[134.10028,34.9746],[134.10035,34.97801],[134.10348,34.97818],[134.1029,34.9793],[134.10281,34.98106],[134.10513,34.98219],[134.10502,34.98273],[134.10283,34.98269],[134.09986,34.98394],[134.0993,34.98605],[134.09975,34.98834],[134.10178,34.98972],[134.10568,34.98985],[134.10644,34.98894],[134.1075,34.98895],[134.10944,34.98977],[134.11087,34.99242],[134.10908,34.99212],[134.1084,34.99091],[134.10665,34.99092],[134.10653,34.99211],[134.10416,34.99298],[134.10208,34.99443],[134.1005,34.99642],[134.09984,34.99651],[134.09763,34.99576],[134.09448,34.99168],[134.09493,34.99006],[134.09366,34.98817],[134.09345,34.98723],[134.09386,34.98632],[134.09199,34.98717],[134.09152,34.98796],[134.08958,34.9878],[134.0887,34.98707],[134.08719,34.98766],[134.08697,34.98827],[134.0882,34.9897],[134.08821,34.99091],[134.08624,34.99359],[134.0867,34.99666],[134.08818,34.99843],[134.09046,34.99968],[134.08981,35.00196],[134.09081,35.00368],[134.08986,35.00682],[134.08866,35.00712],[134.08848,35.00811],[134.08737,35.00935],[134.08845,35.01185],[134.09032,35.01343],[134.09184,35.01343],[134.09395,35.01432],[134.09554,35.01393],[134.09601,35.01516],[134.09782,35.01549],[134.10026,35.01725],[134.10173,35.01741],[134.10451,35.0153],[134.1064,35.01476],[134.10724,35.01495],[134.10752,35.01612],[134.10986,35.01633],[134.11032,35.01501],[134.11124,35.01554],[134.11433,35.01565],[134.11533,35.01637],[134.11786,35.01634],[134.11925,35.01784],[134.12181,35.01921],[134.12431,35.01776],[134.1254,35.0177],[134.12657,35.01786],[134.12786,35.01878],[134.12955,35.01796],[134.13113,35.01915],[134.13257,35.01858],[134.13312,35.01906],[134.13698,35.01969],[134.13759,35.01815],[134.13728,35.01772],[134.13818,35.018],[134.13894,35.01919],[134.1387,35.02011],[134.1404,35.02222],[134.13951,35.02371],[134.13983,35.02751],[134.13849,35.03056],[134.13849,35.0325],[134.13948,35.03391],[134.13666,35.03551],[134.13844,35.03764],[134.13857,35.038],[134.13784,35.03828],[134.13872,35.03973],[134.13528,35.04751],[134.13819,35.04887],[134.14299,35.0478],[134.14914,35.04879],[134.14941,35.04668],[134.14996,35.04696],[134.15265,35.04625],[134.15648,35.0474],[134.15939,35.04974],[134.16213,35.04621],[134.16403,35.04507],[134.16574,35.04491],[134.16756,35.0454],[134.17025,35.04441],[134.17146,35.04493],[134.17179,35.04452],[134.17222,35.04486],[134.17236,35.04453],[134.17476,35.04456],[134.17628,35.04535],[134.17656,35.0465],[134.17765,35.04704],[134.1779,35.04902],[134.1796,35.05032],[134.17949,35.05144],[134.18071,35.05335],[134.17892,35.05416],[134.17897,35.05667],[134.17798,35.05707],[134.17817,35.05829],[134.17673,35.06001],[134.17651,35.06194],[134.17795,35.063],[134.18448,35.06222],[134.18525,35.06291],[134.1838,35.06465],[134.1844,35.06593],[134.18381,35.06565],[134.18292,35.06701],[134.18315,35.06767],[134.18123,35.06734],[134.18025,35.06818],[134.1781,35.06875],[134.17795,35.06952],[134.17868,35.07021],[134.17849,35.07114],[134.17734,35.07066],[134.17666,35.07092],[134.17654,35.07218],[134.17734,35.07284],[134.17654,35.07386],[134.1729,35.07504],[134.17016,35.0767],[134.17061,35.07848],[134.1723,35.08037],[134.17239,35.08118],[134.17166,35.08141],[134.17128,35.08276],[134.17319,35.08458],[134.17214,35.08532],[134.17344,35.08643],[134.17331,35.08816],[134.17413,35.08867],[134.17431,35.08977],[134.17519,35.09015],[134.17597,35.09175],[134.1772,35.09236],[134.18284,35.08922],[134.18439,35.08977],[134.18489,35.09054],[134.18773,35.09228],[134.18917,35.09249],[134.19012,35.09174],[134.19057,35.09249],[134.19037,35.09459],[134.18947,35.09522],[134.19014,35.09631],[134.18978,35.09717],[134.19026,35.09792],[134.19202,35.099],[134.19434,35.09913],[134.19518,35.0999],[134.19513,35.10104],[134.19618,35.1027],[134.19772,35.10261],[134.1993,35.10404],[134.19991,35.103],[134.19927,35.10167],[134.19854,35.10121],[134.19867,35.10052],[134.20165,35.10019],[134.20257,35.10042],[134.20535,35.10268],[134.2064,35.10286],[134.2069,35.10378],[134.20798,35.10377],[134.20767,35.10214],[134.20651,35.10033],[134.20674,35.09636],[134.20879,35.09558],[134.21114,35.09819],[134.21334,35.09826],[134.21366,35.09933],[134.21491,35.1002],[134.21804,35.10009],[134.21836,35.10181],[134.21946,35.10238],[134.21935,35.10432],[134.2214,35.10471],[134.22197,35.10676],[134.22339,35.10785],[134.22457,35.10737],[134.2248,35.10811],[134.22587,35.10827],[134.22721,35.10946],[134.23069,35.11005],[134.2318,35.11273],[134.23512,35.11444],[134.2346,35.11591],[134.23168,35.11754],[134.22736,35.1188],[134.22583,35.11866],[134.22569,35.11937],[134.22301,35.12006],[134.22533,35.12288],[134.23069,35.12446],[134.23077,35.12576],[134.2317,35.12669],[134.23182,35.12831],[134.23129,35.1287],[134.23137,35.13031],[134.23021,35.13111],[134.22994,35.132],[134.22609,35.13333],[134.2236,35.13685],[134.22306,35.14341],[134.22562,35.1437],[134.22865,35.14882],[134.22639,35.15158],[134.22731,35.15325],[134.22726,35.15435],[134.22853,35.15558],[134.22879,35.15657],[134.22843,35.15762],[134.22692,35.15832],[134.22647,35.16013],[134.22156,35.16466],[134.22224,35.16795],[134.22176,35.16991],[134.22224,35.17181],[134.22151,35.17336],[134.22237,35.17467],[134.22454,35.17575],[134.22457,35.1766],[134.22417,35.17751],[134.22306,35.17778],[134.22195,35.17911],[134.22196,35.17994],[134.21944,35.18157],[134.21855,35.18492],[134.21689,35.18568],[134.21636,35.18951],[134.21931,35.19052],[134.22195,35.19051],[134.22327,35.1928],[134.22576,35.19307],[134.22618,35.19396],[134.2255,35.19533],[134.22701,35.19599],[134.22814,35.19732],[134.23257,35.19739],[134.23467,35.19944],[134.24122,35.19898],[134.2423,35.19817],[134.24434,35.19844],[134.24584,35.19955],[134.2496,35.20074],[134.25203,35.20311],[134.2518,35.20459],[134.25403,35.20812],[134.25818,35.2093],[134.26021,35.21075],[134.26379,35.20865],[134.26774,35.20858],[134.2683,35.20703],[134.26848,35.20388],[134.27078,35.20078],[134.27411,35.20058],[134.27563,35.19969],[134.27602,35.19872],[134.27813,35.19697],[134.28143,35.19668],[134.2799,35.19407],[134.27997,35.19206],[134.28017,35.19063],[134.28373,35.18733],[134.28376,35.18556],[134.2828,35.18216],[134.28597,35.17904],[134.28765,35.17852],[134.2894,35.17718],[134.28917,35.17548],[134.28722,35.17365],[134.28721,35.17203],[134.28798,35.17143],[134.28882,35.1696],[134.2899,35.16417],[134.29278,35.16077],[134.29372,35.15845],[134.29857,35.15733],[134.29971,35.15596],[134.30077,35.15733],[134.30162,35.15737],[134.30499,35.15467],[134.30834,35.15381],[134.3111,35.15245],[134.31274,35.15262],[134.31399,35.15194],[134.31702,35.15203],[134.32023,35.14855],[134.32062,35.14686],[134.32248,35.14802],[134.32252,35.147],[134.32361,35.14798],[134.32696,35.14652],[134.33365,35.14492],[134.33394,35.14452],[134.33601,35.14656],[134.33647,35.1464],[134.33829,35.14732],[134.33925,35.1483],[134.33916,35.1493],[134.3406,35.1506],[134.3405,35.1521],[134.34152,35.15373],[134.341,35.15543],[134.34176,35.15628],[134.34363,35.15661],[134.34428,35.15727],[134.34561,35.15959],[134.34577,35.16152],[134.34911,35.16292],[134.351,35.16433],[134.35468,35.16536],[134.3554,35.16604],[134.35559,35.16728],[134.35811,35.16979],[134.35818,35.17099],[134.35979,35.17217],[134.36068,35.17408],[134.36449,35.17595],[134.36596,35.17585],[134.36914,35.17779],[134.3694,35.17955],[134.37081,35.18025],[134.3717,35.18196],[134.37436,35.18258],[134.37617,35.18384],[134.37791,35.18599],[134.37914,35.18654],[134.37893,35.18845],[134.38055,35.19056],[134.38146,35.19415],[134.3835,35.1944],[134.38427,35.19367],[134.38836,35.19236],[134.39228,35.19273],[134.3948,35.19136],[134.39514,35.19056],[134.39863,35.18886],[134.39957,35.18756],[134.40574,35.1877],[134.40996,35.18674],[134.41118,35.18686],[134.41246,35.18429],[134.41261,35.18093],[134.41217,35.17956],[134.41274,35.17799],[134.41199,35.17622],[134.40816,35.17141],[134.40823,35.17057],[134.40714,35.1699],[134.4061,35.16558],[134.40756,35.16495],[134.40765,35.16386],[134.411,35.16288],[134.41146,35.16057],[134.41241,35.15926],[134.41337,35.15883],[134.41251,35.15702],[134.41208,35.15255],[134.40964,35.1503],[134.4087,35.14794],[134.40631,35.14727],[134.3967,35.15237],[134.39519,35.15205],[134.39407,35.1526],[134.39281,35.152],[134.3916,35.15258],[134.38821,35.1512],[134.38772,35.15172],[134.38345,35.15259],[134.38,35.15082],[134.38001,35.15003],[134.37923,35.14912],[134.3774,35.1491],[134.37568,35.15085],[134.37485,35.15098],[134.37162,35.14882],[134.37118,35.14754],[134.3672,35.14687],[134.36626,35.1443],[134.36548,35.14391],[134.36527,35.14309],[134.36445,35.14271],[134.36248,35.14011],[134.36263,35.13897],[134.36169,35.13765],[134.36326,35.13566],[134.36221,35.13438],[134.3601,35.13384],[134.36013,35.13326],[134.36106,35.13265],[134.36039,35.13164],[134.36039,35.12901],[134.35932,35.1273],[134.35737,35.12602],[134.35625,35.12436],[134.35915,35.12372],[134.3602,35.12295],[134.36025,35.12112],[134.36079,35.12016],[134.35803,35.11813],[134.35762,35.11721],[134.3567,35.11718],[134.35563,35.11548],[134.35359,35.11464],[134.3529,35.1134],[134.35215,35.11006],[134.35247,35.10628],[134.35335,35.10536],[134.35383,35.10335],[134.35325,35.10188],[134.35413,35.10121],[134.35393,35.10008],[134.35494,35.09947],[134.35505,35.09891],[134.35328,35.0977],[134.35262,35.09652],[134.35111,35.09633],[134.35013,35.0942],[134.35064,35.09289],[134.35017,35.09198],[134.35042,35.09097],[134.34932,35.09018],[134.34719,35.09107],[134.34606,35.09028],[134.34178,35.08972],[134.34074,35.08871],[134.33871,35.08931],[134.33783,35.09095],[134.33711,35.09119],[134.33732,35.09024],[134.33655,35.08877],[134.3359,35.08873],[134.33305,35.08622],[134.33244,35.08627],[134.33209,35.08721],[134.33143,35.08741],[134.32785,35.08545],[134.32495,35.08566],[134.32252,35.08412],[134.3212,35.08415],[134.31886,35.08315],[134.32025,35.0817],[134.31953,35.07876],[134.32007,35.07686],[134.32087,35.07605],[134.32005,35.07531],[134.32086,35.07467],[134.32172,35.07264],[134.32076,35.0721],[134.32123,35.06978],[134.32185,35.06896],[134.32126,35.06744],[134.32018,35.06734],[134.31833,35.06596],[134.31707,35.06567],[134.31643,35.06415],[134.31668,35.0632],[134.3153,35.06124],[134.3145,35.06086],[134.3147,35.05946],[134.31428,35.05833],[134.31514,35.05761],[134.31467,35.0564],[134.3151,35.05466],[134.31458,35.0527],[134.3151,35.05191],[134.31426,35.05065],[134.31554,35.04826],[134.31697,35.04727],[134.31639,35.04576],[134.31702,35.04522],[134.3173,35.04377],[134.31669,35.04286],[134.31375,35.04467],[134.31238,35.04472],[134.31179,35.04539],[134.30949,35.04498],[134.30779,35.04583],[134.30631,35.04382],[134.30715,35.04336],[134.30683,35.04253],[134.30763,35.04169],[134.30538,35.04003],[134.30258,35.04049],[134.30142,35.04133],[134.3006,35.04271],[134.29712,35.0431],[134.29645,35.04159],[134.29492,35.04156],[134.29287,35.03957],[134.29278,35.03787],[134.29237,35.03754],[134.28932,35.03686],[134.28836,35.0374],[134.28644,35.03643],[134.2843,35.03817],[134.28166,35.03704],[134.28091,35.0356],[134.28176,35.03417],[134.28167,35.03351],[134.28044,35.03279],[134.27984,35.03057],[134.27803,35.02896],[134.27707,35.02682],[134.27595,35.02558],[134.2764,35.02482],[134.27558,35.02352],[134.27238,35.02353],[134.2676,35.02156],[134.26776,35.01985],[134.26875,35.01825],[134.26524,35.01707],[134.26451,35.01667],[134.26448,35.01595],[134.26512,35.0142],[134.26859,35.01251],[134.26548,35.01311],[134.26422,35.01257],[134.26348,35.01138],[134.26357,35.01102],[134.26579,35.01075],[134.26577,35.00939],[134.26664,35.00887],[134.26535,35.00554],[134.26607,35.00505],[134.2677,35.00528],[134.26896,35.00366],[134.2747,35.00267],[134.27696,35.00119],[134.27881,35.00132],[134.27865,35.00011],[134.27985,34.99964],[134.28006,34.99859],[134.28203,34.99679],[134.28583,34.99686],[134.28657,34.9964],[134.28627,34.99542],[134.28387,34.99441],[134.28126,34.99182],[134.27918,34.99136],[134.27759,34.98683],[134.27315,34.98605],[134.27314,34.98502],[134.27053,34.9832],[134.27107,34.98135],[134.26942,34.97854],[134.27058,34.9781],[134.27202,34.97874],[134.27317,34.97799],[134.27375,34.97685],[134.27609,34.97712],[134.27681,34.97675],[134.27688,34.97586],[134.27597,34.97484],[134.27551,34.97247],[134.27469,34.97174],[134.27508,34.96846],[134.27339,34.96737],[134.27419,34.96573],[134.27687,34.96325],[134.27543,34.96269],[134.27502,34.96205],[134.27383,34.96192],[134.27276,34.96012],[134.26957,34.95924],[134.269,34.95833],[134.26747,34.95754],[134.26631,34.95404],[134.26267,34.9523],[134.26014,34.95231],[134.25724,34.94728],[134.25345,34.94608],[134.25304,34.94735],[134.25197,34.94746],[134.25124,34.94861],[134.24976,34.94922],[134.24615,34.94824],[134.24542,34.94717],[134.24388,34.94696],[134.24443,34.94519],[134.24579,34.94468],[134.24629,34.94381],[134.24575,34.94321],[134.24655,34.94246],[134.24615,34.94145],[134.23971,34.938],[134.23568,34.93765],[134.23499,34.93531],[134.23573,34.92942],[134.23496,34.92771],[134.2327,34.92669],[134.23213,34.92534],[134.23085,34.92491],[134.22971,34.92377],[134.22831,34.92448],[134.22627,34.92333],[134.22758,34.92126],[134.22653,34.91995],[134.22677,34.91873],[134.22644,34.91821],[134.22695,34.91719],[134.22444,34.91604],[134.22406,34.91247],[134.22449,34.91171],[134.22545,34.91136],[134.22703,34.90885],[134.2246,34.90865],[134.2242,34.90752],[134.22109,34.90581],[134.22076,34.90727],[134.21662,34.90856],[134.21547,34.91096],[134.21306,34.91029],[134.20614,34.91014],[134.20546,34.91048],[134.20521,34.91238],[134.20348,34.91421],[134.20227,34.91475],[134.20028,34.91505],[134.19829,34.91427],[134.1962,34.9145],[134.19513,34.91302],[134.19549,34.91127],[134.19426,34.91004],[134.19523,34.90953],[134.19677,34.90552],[134.19641,34.90327],[134.19526,34.90145],[134.19648,34.90067],[134.19617,34.89934],[134.19865,34.89799],[134.19935,34.89648],[134.20011,34.89596],[134.19989,34.89451],[134.199,34.89392],[134.19798,34.89124],[134.19682,34.89102],[134.19432,34.89171],[134.19274,34.89031],[134.19198,34.89032],[134.19061,34.89325],[134.18851,34.89387],[134.18791,34.89462],[134.18829,34.8969],[134.18794,34.89874],[134.18712,34.8985],[134.18669,34.89731],[134.18511,34.89697],[134.18347,34.89835],[134.18129,34.89754],[134.17865,34.89741],[134.17814,34.89846],[134.17389,34.89838],[134.17255,34.89918],[134.17193,34.89813],[134.17233,34.89667],[134.17215,34.8933],[134.17021,34.89252],[134.16972,34.89035],[134.16816,34.88927],[134.16832,34.88737],[134.16728,34.88667],[134.1675,34.88533],[134.16694,34.88454],[134.16723,34.88376],[134.16577,34.88098],[134.16349,34.88129],[134.16074,34.88099],[134.15872,34.88235],[134.15883,34.88324],[134.15799,34.8835],[134.158,34.88405],[134.15652,34.8851],[134.15562,34.88684],[134.1541,34.8876],[134.14995,34.88762],[134.14765,34.88838],[134.14521,34.88784],[134.14276,34.88942],[134.1418,34.88949],[134.13753,34.88691],[134.13497,34.88805],[134.13322,34.88982],[134.12885,34.8881],[134.12704,34.88974],[134.12434,34.89056],[134.12503,34.89226],[134.1247,34.8941],[134.12576,34.89515],[134.12491,34.89611],[134.12557,34.89695],[134.12485,34.89958],[134.1268,34.90054],[134.12693,34.90105],[134.12654,34.90533],[134.12544,34.90774],[134.126,34.90852],[134.12597,34.90959],[134.12781,34.91073],[134.12807,34.91135],[134.12824,34.91253],[134.12777,34.9135],[134.12317,34.91455],[134.12237,34.91669],[134.12197,34.91617],[134.12,34.91596],[134.11903,34.91428],[134.11786,34.91355],[134.11597,34.91363],[134.11484,34.91234],[134.11251,34.91226],[134.11135,34.91103],[134.10996,34.9108],[134.1095,34.91107],[134.11,34.91236],[134.10953,34.91371],[134.10793,34.91527],[134.10599,34.91508],[134.10581,34.91692],[134.10476,34.9184],[134.10535,34.91988],[134.10538,34.92184],[134.10221,34.92264],[134.10408,34.9247],[134.10876,34.92561],[134.10875,34.92657],[134.10739,34.92815],[134.10748,34.9288],[134.10957,34.93005],[134.11217,34.93075],[134.11206,34.93252],[134.11361,34.9325],[134.11718,34.9313],[134.12069,34.93107],[134.12148,34.93162],[134.12212,34.9345],[134.12148,34.93568],[134.11975,34.93577],[134.11902,34.93706],[134.11562,34.93772],[134.11001,34.9406],[134.10784,34.94294],[134.10793,34.94403],[134.10625,34.94594],[134.10626,34.94711],[134.10398,34.94871],[134.10431,34.94984]]]}},{"type":"Feature","properties":{"id":"muni-33216","name":"浅口市"},"geometry":{"type":"MultiPolygon","coordinates":[[[[133.5939,34.46764],[133.59401,34.46829],[133.59442,34.46842],[133.59439,34.46772],[133.5939,34.46764]]],[[[133.58988,34.48226],[133.59038,34.4829],[133.5899,34.48224],[133.58988,34.48226]]],[[[133.5597,34.53741],[133.55924,34.53523],[133.56043,34.53387],[133.56076,34.53155],[133.55835,34.53074],[133.55774,34.53121],[133.55603,34.53127],[133.55315,34.52995],[133.55098,34.53077],[133.54961,34.52991],[133.54971,34.52826],[133.54884,34.52793],[133.5469,34.52974],[133.54572,34.53343],[133.5425,34.53521],[133.54357,34.53641],[133.54338,34.5403],[133.54407,34.54082],[133.5446,34.54225],[133.54434,34.54348],[133.54364,34.54405],[133.54448,34.5441],[133.54451,34.54488],[133.54331,34.54605],[133.54066,34.54737],[133.54125,34.5489],[133.54049,34.55086],[133.54203,34.55086],[133.54301,34.55035],[133.54608,34.55115],[133.54919,34.54987],[133.551,34.55],[133.5516,34.55066],[133.55368,34.55113],[133.55454,34.55182],[133.55529,34.55158],[133.55663,34.55309],[133.5574,34.55508],[133.55901,34.55561],[133.55967,34.55792],[133.56101,34.55946],[133.56055,34.56052],[133.56085,34.56201],[133.56227,34.56233],[133.56121,34.56612],[133.56179,34.56734],[133.56129,34.56797],[133.56142,34.56887],[133.56312,34.57026],[133.56253,34.57122],[133.56625,34.57312],[133.56636,34.57598],[133.56593,34.57747],[133.57089,34.58181],[133.57121,34.58335],[133.57195,34.58314],[133.57238,34.58463],[133.56975,34.58514],[133.5705,34.58549],[133.57083,34.58701],[133.57485,34.58936],[133.57604,34.58918],[133.57832,34.5902],[133.58121,34.5898],[133.58368,34.59025],[133.58482,34.58982],[133.58333,34.58257],[133.58606,34.58169],[133.58688,34.58037],[133.58859,34.57984],[133.59012,34.57995],[133.59082,34.57949],[133.59069,34.57871],[133.59122,34.57825],[133.5945,34.57674],[133.59683,34.57686],[133.59754,34.57627],[133.60096,34.57708],[133.60199,34.57616],[133.6038,34.57634],[133.60582,34.57772],[133.60949,34.57328],[133.61083,34.57326],[133.61133,34.57492],[133.61386,34.57716],[133.61674,34.57779],[133.61703,34.57904],[133.61813,34.57963],[133.62084,34.57953],[133.62086,34.58063],[133.62213,34.58101],[133.62306,34.58042],[133.623,34.57862],[133.62593,34.57564],[133.62791,34.57426],[133.62951,34.57453],[133.63049,34.57352],[133.63159,34.57321],[133.63239,34.57193],[133.63456,34.57144],[133.6347,34.57026],[133.63668,34.56951],[133.63715,34.56792],[133.63658,34.56682],[133.63698,34.5659],[133.63763,34.56532],[133.63917,34.56531],[133.63973,34.56437],[133.63848,34.56282],[133.63841,34.56053],[133.64004,34.56082],[133.64042,34.56026],[133.64791,34.55728],[133.64755,34.55381],[133.64661,34.55449],[133.64577,34.55419],[133.64518,34.55263],[133.64412,34.55188],[133.64414,34.55101],[133.64497,34.54976],[133.64285,34.54817],[133.64858,34.54539],[133.65016,34.54528],[133.64066,34.53938],[133.64009,34.53666],[133.63673,34.53505],[133.6368,34.53283],[133.63568,34.53193],[133.63612,34.53028],[133.63219,34.52648],[133.63235,34.52568],[133.63091,34.52407],[133.6317,34.52166],[133.63094,34.52065],[133.62932,34.52055],[133.62773,34.52141],[133.6276,34.52211],[133.62693,34.52204],[133.62586,34.52037],[133.62425,34.5197],[133.62369,34.51875],[133.62156,34.51931],[133.62212,34.51704],[133.62187,34.51604],[133.62261,34.5153],[133.62316,34.51284],[133.62221,34.51229],[133.62154,34.51107],[133.62002,34.5102],[133.61849,34.51017],[133.61751,34.5073],[133.61397,34.50778],[133.61151,34.50682],[133.60952,34.50692],[133.60724,34.50589],[133.60587,34.50327],[133.60264,34.50303],[133.60246,34.50178],[133.60326,34.50081],[133.60285,34.49701],[133.60447,34.4958],[133.60389,34.49567],[133.60393,34.49506],[133.60219,34.49421],[133.60168,34.49494],[133.59937,34.49398],[133.60021,34.49277],[133.59889,34.49197],[133.5988,34.49064],[133.59886,34.49198],[133.60017,34.49278],[133.59984,34.49309],[133.60006,34.49278],[133.5995,34.49245],[133.60003,34.49278],[133.59967,34.49329],[133.59992,34.49314],[133.59952,34.49372],[133.5979,34.49278],[133.59829,34.49234],[133.59742,34.49182],[133.59817,34.4907],[133.5977,34.49052],[133.59707,34.49139],[133.59505,34.4905],[133.59508,34.49028],[133.59502,34.49015],[133.59406,34.48909],[133.59505,34.49028],[133.59416,34.49106],[133.59463,34.4906],[133.59411,34.49101],[133.59362,34.49057],[133.59415,34.49006],[133.59349,34.4905],[133.59408,34.48999],[133.59329,34.49033],[133.59275,34.48981],[133.59326,34.48938],[133.59286,34.48964],[133.59229,34.4892],[133.59289,34.48881],[133.59242,34.48906],[133.59149,34.48792],[133.59182,34.48772],[133.59147,34.4879],[133.5906,34.48699],[133.59105,34.48647],[133.59192,34.48645],[133.59105,34.48644],[133.5905,34.48672],[133.5902,34.48639],[133.58931,34.48325],[133.58972,34.48308],[133.58997,34.48285],[133.5893,34.48324],[133.58871,34.48248],[133.58963,34.48207],[133.58929,34.48185],[133.59562,34.47605],[133.59599,34.47619],[133.59599,34.47569],[133.59684,34.47596],[133.59616,34.47657],[133.59606,34.47701],[133.59567,34.47688],[133.59599,34.47711],[133.59713,34.47584],[133.59804,34.47664],[133.59741,34.47594],[133.59975,34.47541],[133.60001,34.4743],[133.60162,34.47378],[133.60176,34.47333],[133.59928,34.47219],[133.59672,34.47203],[133.59383,34.46932],[133.5921,34.4701],[133.59205,34.47068],[133.57848,34.47037],[133.57826,34.46954],[133.57918,34.46913],[133.57839,34.46942],[133.57723,34.46851],[133.57731,34.46655],[133.57641,34.46574],[133.57454,34.46546],[133.57344,34.46587],[133.57391,34.46759],[133.57265,34.46926],[133.57259,34.47035],[133.57166,34.47092],[133.57105,34.47219],[133.57134,34.47603],[133.56978,34.47733],[133.56973,34.47853],[133.56859,34.47982],[133.56893,34.4811],[133.56849,34.48292],[133.56907,34.48417],[133.56858,34.4853],[133.56775,34.48621],[133.56616,34.48632],[133.56444,34.4876],[133.56037,34.48802],[133.56235,34.48967],[133.56133,34.49087],[133.5617,34.49292],[133.56054,34.49364],[133.56151,34.49535],[133.56361,34.49674],[133.56409,34.49536],[133.56552,34.49476],[133.56627,34.4949],[133.56765,34.49631],[133.56794,34.49776],[133.56585,34.49927],[133.56572,34.50186],[133.56459,34.50309],[133.56362,34.50552],[133.56468,34.50737],[133.56544,34.50783],[133.56698,34.5114],[133.56845,34.51188],[133.56875,34.51402],[133.57014,34.514],[133.57231,34.51476],[133.57267,34.51531],[133.57241,34.51585],[133.57739,34.51736],[133.57734,34.5188],[133.57481,34.52479],[133.57778,34.52549],[133.57904,34.52649],[133.58127,34.52695],[133.58129,34.52741],[133.58166,34.52745],[133.58174,34.52685],[133.58275,34.52697],[133.58281,34.52804],[133.58374,34.52793],[133.58447,34.52943],[133.58595,34.52991],[133.58617,34.53125],[133.58498,34.53255],[133.58466,34.5314],[133.58339,34.53099],[133.5832,34.52947],[133.58203,34.52869],[133.58018,34.52891],[133.57982,34.52962],[133.58166,34.5301],[133.58115,34.53101],[133.58212,34.53133],[133.5819,34.53246],[133.58265,34.53388],[133.58223,34.53397],[133.5817,34.5329],[133.58073,34.53326],[133.58004,34.5318],[133.57812,34.53219],[133.57603,34.53048],[133.57311,34.53008],[133.56853,34.5361],[133.56722,34.53528],[133.56552,34.53645],[133.56533,34.53723],[133.5625,34.53855],[133.56031,34.53732],[133.5597,34.53741]]]]}},{"type":"Feature","properties":{"id":"muni-33346","name":"和気町"},"geometry":{"type":"Polygon","coordinates":[[[134.03704,34.84484],[134.04248,34.84599],[134.04492,34.84878],[134.04529,34.85271],[134.04383,34.85427],[134.0433,34.85784],[134.04727,34.85771],[134.04901,34.85676],[134.05472,34.85742],[134.05543,34.85686],[134.05625,34.85492],[134.05916,34.85461],[134.05951,34.8542],[134.06106,34.8551],[134.06304,34.85527],[134.06414,34.85639],[134.06433,34.8578],[134.06535,34.85923],[134.06505,34.86065],[134.06653,34.85978],[134.07172,34.85951],[134.07237,34.8601],[134.07246,34.86143],[134.07779,34.86368],[134.07736,34.86524],[134.07803,34.8665],[134.07931,34.86716],[134.08077,34.86697],[134.08127,34.86843],[134.08056,34.87005],[134.08099,34.87096],[134.08107,34.87426],[134.08055,34.87722],[134.08476,34.87644],[134.08683,34.8749],[134.08797,34.87484],[134.08843,34.87364],[134.08928,34.87347],[134.09126,34.87433],[134.09201,34.87592],[134.09293,34.87583],[134.09395,34.87486],[134.09522,34.87511],[134.10074,34.87833],[134.10362,34.87878],[134.10413,34.88102],[134.1036,34.8819],[134.09625,34.88323],[134.0943,34.88421],[134.09322,34.88557],[134.09401,34.88809],[134.09782,34.8927],[134.09736,34.89693],[134.09638,34.89785],[134.08988,34.89526],[134.08832,34.89505],[134.08588,34.8964],[134.08525,34.89792],[134.08574,34.89967],[134.08813,34.90265],[134.09411,34.90721],[134.09607,34.9096],[134.1004,34.9185],[134.10043,34.91967],[134.09897,34.92307],[134.10538,34.92184],[134.10535,34.91988],[134.10476,34.9184],[134.10581,34.91692],[134.10599,34.91508],[134.10793,34.91527],[134.10953,34.91371],[134.11,34.91236],[134.1095,34.91107],[134.10996,34.9108],[134.11135,34.91103],[134.11251,34.91226],[134.11484,34.91234],[134.11597,34.91363],[134.11786,34.91355],[134.11903,34.91428],[134.12,34.91596],[134.12197,34.91617],[134.12237,34.91669],[134.12317,34.91455],[134.12777,34.9135],[134.12824,34.91253],[134.12807,34.91135],[134.12781,34.91073],[134.12597,34.90959],[134.126,34.90852],[134.12544,34.90774],[134.12654,34.90533],[134.12693,34.90105],[134.1268,34.90054],[134.12485,34.89958],[134.12557,34.89695],[134.12491,34.89611],[134.12576,34.89515],[134.1247,34.8941],[134.12503,34.89226],[134.12434,34.89056],[134.12704,34.88974],[134.12885,34.8881],[134.13322,34.88982],[134.13497,34.88805],[134.13753,34.88691],[134.1418,34.88949],[134.14276,34.88942],[134.14521,34.88784],[134.14765,34.88838],[134.14995,34.88762],[134.1541,34.8876],[134.15562,34.88684],[134.15652,34.8851],[134.158,34.88405],[134.15799,34.8835],[134.15883,34.88324],[134.15872,34.88235],[134.16074,34.88099],[134.16349,34.88129],[134.16577,34.88098],[134.16723,34.88376],[134.16694,34.88454],[134.1675,34.88533],[134.16728,34.88667],[134.16832,34.88737],[134.16816,34.88927],[134.16972,34.89035],[134.17021,34.89252],[134.17215,34.8933],[134.17233,34.89667],[134.17193,34.89813],[134.17248,34.89915],[134.17389,34.89838],[134.17814,34.89846],[134.17865,34.89741],[134.18129,34.89754],[134.18347,34.89835],[134.18511,34.89697],[134.18669,34.89731],[134.18712,34.8985],[134.18794,34.89874],[134.18829,34.8969],[134.18791,34.89462],[134.18851,34.89387],[134.19061,34.89325],[134.19198,34.89032],[134.19274,34.89031],[134.19432,34.89171],[134.19728,34.89099],[134.19588,34.89046],[134.19531,34.88971],[134.19615,34.88712],[134.19532,34.88563],[134.19433,34.88532],[134.19414,34.88475],[134.19467,34.88094],[134.19375,34.88181],[134.19303,34.88151],[134.1927,34.879],[134.19111,34.87803],[134.19027,34.87582],[134.18876,34.87468],[134.18697,34.87483],[134.1847,34.87773],[134.1838,34.87637],[134.18365,34.8747],[134.18441,34.87242],[134.18372,34.87154],[134.18377,34.87013],[134.18269,34.86872],[134.18305,34.86802],[134.18264,34.86656],[134.18061,34.86424],[134.18,34.85943],[134.18337,34.85947],[134.1846,34.86037],[134.18928,34.86186],[134.1893,34.86048],[134.19023,34.85899],[134.19364,34.85779],[134.19485,34.85768],[134.19618,34.85848],[134.19979,34.85655],[134.20242,34.85673],[134.20352,34.85732],[134.20549,34.85707],[134.20649,34.85553],[134.2066,34.85291],[134.21091,34.84873],[134.21044,34.84551],[134.20889,34.84478],[134.20821,34.84346],[134.2104,34.84211],[134.21629,34.84022],[134.21591,34.83932],[134.21396,34.83872],[134.21385,34.83788],[134.21204,34.83719],[134.2104,34.83488],[134.21027,34.83402],[134.21093,34.83273],[134.20995,34.83131],[134.2098,34.83008],[134.20823,34.82941],[134.20742,34.82837],[134.20823,34.82687],[134.20709,34.82604],[134.20528,34.82179],[134.20297,34.82145],[134.20113,34.81953],[134.20089,34.81853],[134.19886,34.81835],[134.19727,34.81682],[134.19677,34.8153],[134.19772,34.81294],[134.19752,34.81192],[134.198,34.81186],[134.19642,34.80967],[134.1923,34.80888],[134.19303,34.80799],[134.1936,34.80587],[134.1928,34.80337],[134.19052,34.8004],[134.19108,34.79898],[134.19213,34.79847],[134.19202,34.79602],[134.19293,34.79343],[134.19366,34.79301],[134.1954,34.79308],[134.19797,34.79207],[134.19958,34.79108],[134.19994,34.79005],[134.19784,34.78613],[134.19705,34.78363],[134.19387,34.78312],[134.19128,34.7817],[134.19165,34.77875],[134.19483,34.77828],[134.19612,34.77678],[134.19742,34.77608],[134.19856,34.77312],[134.19958,34.77254],[134.20056,34.77009],[134.20002,34.76878],[134.20159,34.76701],[134.19954,34.76537],[134.19661,34.76534],[134.19528,34.76447],[134.19458,34.76277],[134.19391,34.76418],[134.19218,34.76338],[134.19117,34.76344],[134.19025,34.76483],[134.18806,34.76345],[134.18619,34.76301],[134.18509,34.76456],[134.18196,34.76538],[134.18066,34.76371],[134.17887,34.76302],[134.17715,34.76059],[134.1762,34.76047],[134.17523,34.76116],[134.17114,34.75928],[134.16787,34.75958],[134.16707,34.76013],[134.16215,34.75953],[134.15971,34.7615],[134.15834,34.76041],[134.15528,34.7595],[134.15266,34.7611],[134.15135,34.76097],[134.14968,34.76162],[134.14896,34.76251],[134.14927,34.76344],[134.1475,34.76437],[134.14773,34.76529],[134.14599,34.76698],[134.14766,34.76707],[134.14895,34.76912],[134.14887,34.77013],[134.15226,34.77252],[134.15145,34.77309],[134.15069,34.77467],[134.1511,34.77675],[134.1501,34.77919],[134.15092,34.78042],[134.14958,34.78236],[134.14972,34.78375],[134.1473,34.7844],[134.14492,34.78636],[134.14331,34.78654],[134.14226,34.78827],[134.13864,34.78979],[134.13804,34.79056],[134.13447,34.79048],[134.1338,34.79294],[134.11875,34.79366],[134.11863,34.79602],[134.11286,34.79819],[134.1113,34.79819],[134.11154,34.79917],[134.11068,34.80058],[134.1087,34.80209],[134.10528,34.80343],[134.10121,34.80266],[134.09867,34.80497],[134.09482,34.8069],[134.09383,34.80837],[134.09441,34.80995],[134.09422,34.8109],[134.09203,34.81123],[134.0896,34.81227],[134.08976,34.81409],[134.0876,34.81825],[134.0874,34.82035],[134.08543,34.82335],[134.08228,34.82468],[134.08068,34.82452],[134.07996,34.82483],[134.0795,34.82593],[134.07628,34.8244],[134.07412,34.8244],[134.07323,34.82475],[134.07203,34.82624],[134.06538,34.82822],[134.06298,34.82709],[134.06244,34.82634],[134.06254,34.8258],[134.06355,34.82534],[134.06307,34.82496],[134.06071,34.82471],[134.0587,34.82624],[134.05744,34.82861],[134.05476,34.82983],[134.05525,34.83214],[134.05419,34.83278],[134.05044,34.83307],[134.04911,34.83273],[134.04832,34.83175],[134.04883,34.82995],[134.0471,34.82919],[134.04592,34.82768],[134.04263,34.83018],[134.04017,34.83024],[134.03867,34.83257],[134.04002,34.83345],[134.04024,34.83456],[134.03976,34.83548],[134.03848,34.83582],[134.03972,34.83757],[134.03952,34.84249],[134.03704,34.84484]]]}},{"type":"Feature","properties":{"id":"muni-33423","name":"早島町"},"geometry":{"type":"Polygon","coordinates":[[[133.82034,34.59713],[133.81975,34.59793],[133.81374,34.59916],[133.81219,34.59899],[133.80688,34.59687],[133.80522,34.60058],[133.80486,34.60508],[133.80147,34.60903],[133.80402,34.61147],[133.8093,34.61151],[133.81438,34.61287],[133.81399,34.61497],[133.81331,34.61603],[133.81344,34.61733],[133.81423,34.61826],[133.81389,34.61899],[133.81549,34.61811],[133.81782,34.62004],[133.81795,34.62127],[133.81991,34.62202],[133.82014,34.62172],[133.82179,34.62286],[133.82471,34.6238],[133.82677,34.62587],[133.82854,34.62621],[133.82919,34.62728],[133.83033,34.62776],[133.83153,34.62687],[133.83198,34.62588],[133.83331,34.6262],[133.83435,34.62461],[133.83513,34.62109],[133.83593,34.61995],[133.83494,34.61947],[133.8342,34.61771],[133.83579,34.618],[133.83524,34.61577],[133.83558,34.61508],[133.83521,34.61492],[133.8357,34.61382],[133.83457,34.61339],[133.83411,34.61145],[133.83487,34.61029],[133.83513,34.60658],[133.83973,34.60065],[133.83244,34.59557],[133.83204,34.59451],[133.82923,34.59242],[133.82455,34.59049],[133.82427,34.59616],[133.82034,34.59713]]]}},{"type":"Feature","properties":{"id":"muni-33445","name":"里庄町"},"geometry":{"type":"Polygon","coordinates":[[[133.54425,34.49208],[133.54309,34.49319],[133.54259,34.49266],[133.54184,34.49273],[133.5399,34.49395],[133.53768,34.4934],[133.53669,34.49475],[133.52974,34.49708],[133.53437,34.50321],[133.53631,34.50491],[133.53654,34.50699],[133.53826,34.50868],[133.54456,34.51214],[133.54438,34.51438],[133.54534,34.51539],[133.54551,34.51636],[133.54363,34.51871],[133.5467,34.51872],[133.54648,34.52299],[133.54707,34.5239],[133.54813,34.52405],[133.5489,34.52486],[133.54893,34.52646],[133.54976,34.52849],[133.54961,34.52991],[133.55098,34.53077],[133.55315,34.52995],[133.55603,34.53127],[133.55774,34.53121],[133.55835,34.53074],[133.56076,34.53155],[133.56043,34.53387],[133.55924,34.53523],[133.55948,34.5368],[133.5597,34.53741],[133.56031,34.53732],[133.5625,34.53855],[133.56533,34.53723],[133.56552,34.53645],[133.56722,34.53528],[133.56853,34.5361],[133.57311,34.53008],[133.57603,34.53048],[133.57812,34.53219],[133.58004,34.5318],[133.58073,34.53326],[133.5817,34.5329],[133.5825,34.53398],[133.5819,34.53246],[133.58212,34.53133],[133.58115,34.53101],[133.58166,34.5301],[133.57982,34.52962],[133.58018,34.52891],[133.58203,34.52869],[133.58326,34.52952],[133.58339,34.53099],[133.5846,34.53135],[133.58498,34.53255],[133.58533,34.5325],[133.58617,34.53125],[133.58595,34.52991],[133.58447,34.52943],[133.58374,34.52793],[133.58281,34.52804],[133.58275,34.52697],[133.58174,34.52685],[133.58166,34.52745],[133.58129,34.52741],[133.58127,34.52695],[133.57904,34.52649],[133.57778,34.52549],[133.57481,34.52479],[133.57734,34.5188],[133.57739,34.51736],[133.57241,34.51585],[133.57267,34.51531],[133.57231,34.51476],[133.57014,34.514],[133.56882,34.5141],[133.56845,34.51188],[133.56698,34.5114],[133.56544,34.50783],[133.56372,34.50603],[133.56459,34.50309],[133.56572,34.50186],[133.56585,34.49927],[133.56794,34.49776],[133.56765,34.49631],[133.56627,34.4949],[133.56428,34.49521],[133.56361,34.49674],[133.56151,34.49535],[133.56054,34.49364],[133.55926,34.49306],[133.55643,34.49252],[133.55401,34.49324],[133.55318,34.49246],[133.552,34.49279],[133.54979,34.4913],[133.54834,34.49102],[133.54559,34.49224],[133.54425,34.49208]]]}},{"type":"Feature","properties":{"id":"muni-33461","name":"矢掛町"},"geometry":{"type":"Polygon","coordinates":[[[133.56314,34.5898],[133.56071,34.5927],[133.55727,34.59317],[133.5548,34.59466],[133.55319,34.59746],[133.5534,34.59798],[133.5527,34.59816],[133.55206,34.59971],[133.54984,34.60003],[133.54849,34.60165],[133.5448,34.6034],[133.54181,34.6034],[133.54013,34.60199],[133.53543,34.60064],[133.5339,34.59873],[133.52992,34.59962],[133.53008,34.6005],[133.52757,34.6022],[133.52801,34.60375],[133.52766,34.60504],[133.52992,34.60611],[133.53191,34.60779],[133.53128,34.61028],[133.53186,34.61146],[133.53086,34.61255],[133.53049,34.61375],[133.53238,34.61575],[133.52956,34.61641],[133.52888,34.61805],[133.52767,34.61904],[133.52719,34.62142],[133.52224,34.62444],[133.52115,34.62658],[133.51987,34.62689],[133.51865,34.62956],[133.51935,34.63019],[133.52369,34.63049],[133.52412,34.63159],[133.52606,34.63253],[133.52773,34.63141],[133.53319,34.62993],[133.53472,34.63119],[133.53625,34.63163],[133.53732,34.63255],[133.53501,34.63661],[133.53658,34.63844],[133.53669,34.64113],[133.53599,34.64122],[133.53479,34.64279],[133.53402,34.64288],[133.53236,34.64227],[133.52809,34.64249],[133.52623,34.64106],[133.52524,34.64108],[133.52494,34.64194],[133.52592,34.64265],[133.52635,34.64421],[133.52596,34.64523],[133.52652,34.64623],[133.5257,34.64685],[133.52343,34.6453],[133.52285,34.64628],[133.52251,34.64612],[133.52216,34.64694],[133.52304,34.64944],[133.5223,34.65028],[133.52233,34.65111],[133.52679,34.65048],[133.52709,34.64971],[133.52937,34.64821],[133.52871,34.64736],[133.52929,34.64666],[133.52928,34.64571],[133.53123,34.64559],[133.53814,34.64702],[133.54198,34.64666],[133.54386,34.6489],[133.54482,34.64808],[133.54628,34.64797],[133.54652,34.64856],[133.54772,34.64769],[133.54919,34.64744],[133.5506,34.64599],[133.55124,34.64425],[133.55224,34.6444],[133.55263,34.64362],[133.5537,34.64327],[133.5543,34.64323],[133.55842,34.64575],[133.56058,34.64541],[133.56204,34.6494],[133.56429,34.64948],[133.5642,34.65132],[133.56272,34.6522],[133.56245,34.65481],[133.56184,34.65541],[133.56116,34.65839],[133.56154,34.66018],[133.56477,34.6632],[133.56775,34.66869],[133.56838,34.66873],[133.56943,34.66977],[133.57028,34.67184],[133.57041,34.67913],[133.57084,34.68065],[133.57331,34.68026],[133.57432,34.68132],[133.57604,34.68164],[133.57812,34.68049],[133.58205,34.67968],[133.58273,34.67987],[133.58396,34.68146],[133.58535,34.6821],[133.58687,34.68246],[133.58827,34.68217],[133.58764,34.68315],[133.58794,34.68359],[133.59168,34.68519],[133.59424,34.68726],[133.59297,34.68965],[133.59349,34.69339],[133.5942,34.69427],[133.59245,34.69582],[133.59323,34.69733],[133.5926,34.69826],[133.59673,34.70043],[133.59871,34.70026],[133.60259,34.70375],[133.60407,34.70391],[133.60458,34.70301],[133.6066,34.70207],[133.60615,34.70334],[133.60843,34.70466],[133.60902,34.70617],[133.61135,34.70692],[133.61281,34.70605],[133.61495,34.70568],[133.61854,34.70613],[133.62007,34.70208],[133.62119,34.70193],[133.62155,34.70119],[133.62418,34.70214],[133.62601,34.70226],[133.62617,34.70132],[133.62729,34.70085],[133.62657,34.69949],[133.62752,34.69823],[133.62782,34.69635],[133.6266,34.69569],[133.62694,34.69448],[133.62592,34.69294],[133.62507,34.69265],[133.62587,34.69125],[133.62361,34.68811],[133.62347,34.68597],[133.61894,34.6858],[133.61766,34.68438],[133.61506,34.68326],[133.61442,34.68001],[133.61499,34.67808],[133.61542,34.67753],[133.61748,34.67725],[133.61833,34.67577],[133.61538,34.67436],[133.6152,34.67388],[133.61581,34.67348],[133.61366,34.67253],[133.61317,34.67091],[133.61697,34.66761],[133.61809,34.66751],[133.6174,34.66633],[133.61727,34.66478],[133.61804,34.66361],[133.61696,34.66258],[133.61851,34.66087],[133.6185,34.66027],[133.61957,34.66025],[133.62021,34.65957],[133.62364,34.65849],[133.62377,34.65599],[133.62288,34.6547],[133.62271,34.65213],[133.62319,34.65125],[133.6223,34.64914],[133.62099,34.64904],[133.62109,34.64751],[133.61973,34.64734],[133.61886,34.64584],[133.61869,34.64441],[133.62007,34.64422],[133.62184,34.64513],[133.6245,34.64457],[133.62687,34.64507],[133.62779,34.64573],[133.62921,34.64565],[133.62895,34.64476],[133.62978,34.64404],[133.63051,34.64233],[133.63211,34.642],[133.63253,34.64071],[133.63397,34.63984],[133.63379,34.63809],[133.63269,34.63702],[133.63208,34.63403],[133.633,34.63294],[133.63383,34.63043],[133.63204,34.62865],[133.63201,34.62788],[133.63324,34.62716],[133.63328,34.6237],[133.63441,34.6213],[133.63569,34.61988],[133.63579,34.61762],[133.63763,34.61457],[133.63633,34.61447],[133.63706,34.61039],[133.63785,34.60955],[133.63771,34.60823],[133.63985,34.60435],[133.64403,34.60056],[133.64953,34.59679],[133.64949,34.59611],[133.64737,34.59489],[133.64617,34.59349],[133.64548,34.59389],[133.64416,34.59326],[133.64159,34.59059],[133.63894,34.5892],[133.63837,34.58855],[133.63852,34.58778],[133.63741,34.58782],[133.63698,34.58673],[133.63729,34.58545],[133.63641,34.58518],[133.63693,34.58409],[133.63633,34.58363],[133.63313,34.58294],[133.632,34.58387],[133.6298,34.58352],[133.62884,34.58311],[133.62874,34.58234],[133.62814,34.5821],[133.62434,34.58188],[133.62301,34.58011],[133.62213,34.58101],[133.62107,34.58085],[133.62084,34.57953],[133.61813,34.57963],[133.61703,34.57904],[133.61674,34.57779],[133.61406,34.57727],[133.61239,34.57609],[133.61109,34.57453],[133.61083,34.57326],[133.60937,34.57335],[133.60586,34.57771],[133.60403,34.57642],[133.60243,34.57616],[133.60096,34.57708],[133.59774,34.57627],[133.59683,34.57686],[133.5945,34.57674],[133.59087,34.57847],[133.59082,34.57949],[133.59012,34.57995],[133.58859,34.57984],[133.58688,34.58037],[133.58606,34.58169],[133.58342,34.58248],[133.58402,34.58483],[133.58385,34.58644],[133.58482,34.58982],[133.58368,34.59025],[133.58121,34.5898],[133.57832,34.5902],[133.57605,34.58917],[133.57485,34.58936],[133.57083,34.58701],[133.5705,34.58549],[133.56975,34.58514],[133.56881,34.58566],[133.56709,34.58567],[133.56596,34.58693],[133.56467,34.58659],[133.56388,34.58709],[133.56299,34.589],[133.56314,34.5898]]]}},{"type":"Feature","properties":{"id":"muni-33586","name":"新庄村"},"geometry":{"type":"Polygon","coordinates":[[[133.58534,35.16164],[133.58668,35.15748],[133.58403,35.15506],[133.58245,35.15438],[133.58025,35.15253],[133.57788,35.15184],[133.57672,35.15044],[133.57216,35.14901],[133.56431,35.14926],[133.56297,35.1481],[133.56146,35.14783],[133.56006,35.14873],[133.55676,35.14874],[133.55532,35.15013],[133.55534,35.15088],[133.55402,35.15164],[133.54825,35.15069],[133.54596,35.15106],[133.54527,35.15161],[133.53899,35.15135],[133.53792,35.15178],[133.53739,35.15233],[133.53683,35.15568],[133.53584,35.15656],[133.53575,35.1578],[133.53951,35.1614],[133.54081,35.16207],[133.5407,35.16268],[133.54139,35.16352],[133.54089,35.16519],[133.54132,35.16807],[133.53959,35.16848],[133.53939,35.16948],[133.53774,35.17095],[133.53436,35.17087],[133.53427,35.17255],[133.5347,35.17316],[133.53437,35.17378],[133.53577,35.17538],[133.53554,35.17614],[133.5298,35.17729],[133.52896,35.17846],[133.52664,35.17971],[133.5267,35.18074],[133.52601,35.1822],[133.52636,35.18405],[133.52717,35.18465],[133.52729,35.18583],[133.52919,35.18712],[133.52611,35.19058],[133.52596,35.19272],[133.52684,35.19396],[133.52556,35.19395],[133.52308,35.19654],[133.52348,35.19736],[133.5228,35.19864],[133.52332,35.19973],[133.52061,35.20585],[133.52239,35.20842],[133.51999,35.21281],[133.51832,35.21415],[133.51878,35.21613],[133.51762,35.21684],[133.51528,35.22063],[133.51321,35.22077],[133.51118,35.22155],[133.5096,35.22343],[133.5071,35.22507],[133.50664,35.2268],[133.50579,35.22734],[133.50541,35.22802],[133.50778,35.23133],[133.50815,35.23327],[133.51279,35.23448],[133.51466,35.23556],[133.5154,35.23907],[133.51697,35.24068],[133.52077,35.24018],[133.52317,35.23935],[133.52605,35.23941],[133.52827,35.23656],[133.53525,35.23673],[133.53851,35.23869],[133.53924,35.24101],[133.54055,35.24119],[133.54141,35.24218],[133.54469,35.24342],[133.54843,35.24379],[133.54983,35.24273],[133.55502,35.2419],[133.5565,35.24309],[133.55735,35.24544],[133.56063,35.2466],[133.56184,35.24886],[133.56233,35.25429],[133.56641,35.25551],[133.56982,35.25353],[133.57305,35.25333],[133.57578,35.25223],[133.57605,35.25097],[133.57848,35.24991],[133.58056,35.24757],[133.58217,35.24666],[133.58658,35.24645],[133.58874,35.24448],[133.59061,35.24488],[133.59292,35.24403],[133.59369,35.24429],[133.59445,35.24374],[133.59664,35.24099],[133.59462,35.2397],[133.5934,35.2378],[133.59242,35.23556],[133.59252,35.23341],[133.5942,35.23159],[133.59544,35.231],[133.59671,35.2283],[133.59973,35.22492],[133.59906,35.22399],[133.59924,35.22185],[133.59837,35.22089],[133.59797,35.2186],[133.59694,35.21794],[133.59719,35.21625],[133.59655,35.21599],[133.59663,35.21548],[133.59748,35.21436],[133.59931,35.21353],[133.60114,35.21093],[133.60418,35.20812],[133.60406,35.20754],[133.60575,35.20582],[133.60634,35.20581],[133.60711,35.20355],[133.60665,35.20231],[133.60711,35.1998],[133.60678,35.19904],[133.60759,35.19879],[133.60803,35.19497],[133.60919,35.19395],[133.60939,35.19272],[133.60775,35.19063],[133.60558,35.18977],[133.60696,35.18735],[133.60698,35.18649],[133.6062,35.18535],[133.60319,35.18602],[133.60098,35.18527],[133.59967,35.18632],[133.59834,35.18634],[133.59609,35.18525],[133.59458,35.18666],[133.59329,35.18706],[133.59211,35.18651],[133.59053,35.18469],[133.58906,35.1844],[133.58848,35.18271],[133.58938,35.18117],[133.58843,35.18073],[133.58828,35.1787],[133.58751,35.17757],[133.58828,35.17573],[133.58357,35.17516],[133.58211,35.17347],[133.58283,35.172],[133.58293,35.17024],[133.58223,35.16802],[133.58252,35.16601],[133.58171,35.16465],[133.58219,35.16378],[133.58364,35.16327],[133.58436,35.16207],[133.58534,35.16164]]]}},{"type":"Feature","properties":{"id":"muni-33606","name":"鏡野町"},"geometry":{"type":"Polygon","coordinates":[[[133.82254,35.25063],[133.83214,35.24891],[133.83396,35.24926],[133.83706,35.25092],[133.83933,35.25124],[133.84157,35.24956],[133.84461,35.24965],[133.8444,35.25034],[133.84495,35.25159],[133.84382,35.25284],[133.84397,35.25398],[133.8476,35.25709],[133.84946,35.26054],[133.85102,35.26108],[133.85191,35.26201],[133.85351,35.26652],[133.85508,35.26741],[133.85557,35.26829],[133.8578,35.26836],[133.86241,35.27115],[133.86591,35.27211],[133.86598,35.27275],[133.86493,35.27394],[133.86365,35.27684],[133.86547,35.28007],[133.86419,35.28116],[133.86398,35.2829],[133.8661,35.28342],[133.86634,35.28492],[133.86455,35.28597],[133.86147,35.28634],[133.86104,35.28677],[133.86073,35.28816],[133.86174,35.29221],[133.86231,35.29278],[133.86672,35.29314],[133.86916,35.29303],[133.8702,35.29251],[133.87173,35.29331],[133.87294,35.29314],[133.8736,35.29356],[133.87377,35.29462],[133.87645,35.29525],[133.88117,35.294],[133.88318,35.29464],[133.88435,35.29593],[133.88558,35.29448],[133.88641,35.29456],[133.88793,35.29535],[133.88793,35.29654],[133.88876,35.29773],[133.89645,35.30147],[133.89783,35.30419],[133.90197,35.30381],[133.90635,35.30488],[133.90719,35.30691],[133.91662,35.30721],[133.91776,35.30763],[133.92084,35.30661],[133.92519,35.30694],[133.92536,35.30781],[133.92643,35.30824],[133.92667,35.3091],[133.92613,35.31012],[133.92823,35.31066],[133.9283,35.31148],[133.92944,35.3121],[133.93159,35.31528],[133.93203,35.3168],[133.93175,35.31839],[133.92793,35.32185],[133.92796,35.32419],[133.92947,35.32724],[133.9299,35.3303],[133.93086,35.33212],[133.93168,35.33351],[133.93409,35.33514],[133.93709,35.33562],[133.93804,35.33389],[133.94112,35.3344],[133.94291,35.33389],[133.94472,35.33265],[133.94571,35.33278],[133.95391,35.33835],[133.95378,35.33983],[133.95557,35.34168],[133.95959,35.34408],[133.96226,35.34403],[133.96457,35.34662],[133.96685,35.3465],[133.96941,35.34797],[133.97077,35.34775],[133.97234,35.34616],[133.97591,35.34574],[133.97953,35.3435],[133.9828,35.34572],[133.98482,35.3466],[133.98663,35.34678],[133.98977,35.34858],[133.99249,35.34817],[133.99508,35.35165],[133.9975,35.35275],[133.99977,35.35266],[134.00273,35.35114],[134.00806,35.35136],[134.00905,35.35001],[134.01059,35.34933],[134.0149,35.35004],[134.01581,35.34851],[134.01585,35.34611],[134.01104,35.34049],[134.01068,35.3395],[134.01081,35.33849],[134.01175,35.33728],[134.01469,35.33573],[134.0156,35.33402],[134.01377,35.33258],[134.0119,35.32985],[134.01003,35.32944],[134.0086,35.32754],[134.00684,35.32721],[134.00429,35.3253],[134.00474,35.32443],[134.00448,35.32356],[134.00374,35.3222],[134.00094,35.31953],[134.00134,35.31762],[133.99955,35.31473],[134.00161,35.31315],[134.00364,35.31279],[134.00352,35.31144],[134.00466,35.31034],[134.00743,35.30912],[134.00823,35.30817],[134.01181,35.30689],[134.01485,35.30706],[134.01692,35.30583],[134.01997,35.30596],[134.02131,35.30548],[134.02277,35.30585],[134.02521,35.30747],[134.02818,35.30781],[134.02963,35.30727],[134.0301,35.30545],[134.02645,35.29972],[134.02536,35.29633],[134.02359,35.29537],[134.02307,35.29379],[134.02117,35.2934],[134.02078,35.29193],[134.01893,35.29122],[134.01927,35.29056],[134.01853,35.2884],[134.01874,35.28701],[134.01753,35.2842],[134.02054,35.28207],[134.02185,35.27887],[134.02224,35.27645],[134.02193,35.27412],[134.02007,35.27258],[134.01938,35.26915],[134.0168,35.26679],[134.01473,35.26571],[134.0126,35.26559],[134.00906,35.2634],[134.00788,35.25989],[134.00624,35.25954],[134.00627,35.25829],[134.00511,35.2578],[134.00501,35.25662],[134.00057,35.25637],[133.99988,35.25585],[134.00025,35.2532],[134.00118,35.25209],[134.00134,35.24907],[134.00413,35.24713],[134.00585,35.24491],[134.0041,35.24099],[134.00427,35.24027],[134.00632,35.23818],[134.00684,35.23671],[134.00799,35.23603],[134.00892,35.2345],[134.01077,35.23342],[134.01248,35.23123],[134.01013,35.22973],[134.00856,35.22963],[134.00704,35.22878],[134.00592,35.22692],[134.00358,35.22613],[134.00291,35.22527],[134.00128,35.22511],[134.00109,35.22355],[133.99869,35.22203],[133.998,35.21983],[133.99684,35.21907],[133.99659,35.21805],[133.99695,35.21664],[133.99837,35.21466],[133.99774,35.21412],[133.99825,35.21314],[133.99758,35.21257],[133.9966,35.21024],[133.99742,35.20914],[133.99715,35.20786],[133.99767,35.20736],[133.99776,35.20494],[133.99883,35.20297],[133.99812,35.20145],[133.99984,35.19992],[134.00022,35.1985],[133.99882,35.19706],[133.99798,35.19513],[133.99979,35.19333],[133.99956,35.19184],[133.99778,35.19039],[133.99784,35.18913],[133.99709,35.18731],[133.99721,35.18577],[133.99585,35.18434],[133.99556,35.18282],[133.99609,35.18174],[133.9955,35.18047],[133.99597,35.17821],[133.9953,35.177],[133.99341,35.17686],[133.99309,35.17624],[133.99186,35.17578],[133.98991,35.17245],[133.98821,35.17196],[133.9878,35.17092],[133.98709,35.1705],[133.98654,35.1681],[133.98733,35.16733],[133.98725,35.16567],[133.9861,35.16302],[133.98456,35.16225],[133.98414,35.16103],[133.98246,35.16171],[133.9805,35.16149],[133.98011,35.16187],[133.98016,35.16017],[133.97951,35.15939],[133.97791,35.15903],[133.9775,35.15757],[133.97784,35.15671],[133.97703,35.15645],[133.97582,35.15508],[133.97547,35.15279],[133.97408,35.15062],[133.97491,35.14941],[133.97449,35.14799],[133.97503,35.14633],[133.97427,35.1458],[133.97511,35.14412],[133.97498,35.14303],[133.97408,35.14174],[133.97116,35.14042],[133.97072,35.13813],[133.96939,35.13671],[133.97039,35.13593],[133.96846,35.13233],[133.96919,35.12929],[133.96889,35.12559],[133.9678,35.12331],[133.96544,35.12168],[133.96462,35.11854],[133.96383,35.1182],[133.96325,35.11675],[133.96305,35.11573],[133.96417,35.11414],[133.96343,35.1132],[133.96478,35.11198],[133.96434,35.11172],[133.96445,35.11027],[133.96635,35.109],[133.96554,35.10772],[133.96552,35.1068],[133.96512,35.10601],[133.96357,35.1058],[133.95976,35.10619],[133.95868,35.1057],[133.95679,35.10314],[133.95595,35.10306],[133.95522,35.10187],[133.95644,35.09934],[133.95573,35.09714],[133.95489,35.09676],[133.95431,35.09516],[133.95277,35.09465],[133.95081,35.09511],[133.95015,35.09454],[133.95045,35.09389],[133.94887,35.09241],[133.94946,35.09137],[133.94893,35.09064],[133.94902,35.08935],[133.94821,35.08896],[133.94886,35.08783],[133.94811,35.08814],[133.94793,35.08761],[133.94573,35.0878],[133.9462,35.0861],[133.94333,35.08494],[133.94414,35.08182],[133.94514,35.08184],[133.94519,35.07799],[133.94316,35.07796],[133.94285,35.07681],[133.94434,35.07375],[133.94367,35.07286],[133.94407,35.07102],[133.94281,35.07094],[133.94142,35.06921],[133.93977,35.06903],[133.93974,35.06632],[133.93765,35.06592],[133.93743,35.06289],[133.93614,35.06351],[133.93577,35.06225],[133.93483,35.06272],[133.93381,35.06217],[133.93366,35.0632],[133.93265,35.06424],[133.93097,35.06338],[133.92644,35.06339],[133.92535,35.06216],[133.9251,35.06277],[133.92367,35.06334],[133.9221,35.06287],[133.9204,35.06377],[133.91936,35.06328],[133.91807,35.06347],[133.91695,35.06433],[133.91742,35.066],[133.9154,35.06726],[133.91411,35.0667],[133.91315,35.06706],[133.91069,35.07058],[133.90863,35.07075],[133.90776,35.07209],[133.90642,35.07221],[133.90466,35.07474],[133.90387,35.07446],[133.90216,35.07485],[133.90173,35.0761],[133.90066,35.07694],[133.89957,35.07667],[133.89756,35.07741],[133.8959,35.07981],[133.8897,35.08114],[133.88834,35.08021],[133.88739,35.08081],[133.88654,35.08031],[133.88438,35.08021],[133.88218,35.08081],[133.88032,35.08071],[133.87939,35.08196],[133.87944,35.08292],[133.87893,35.08363],[133.87611,35.08523],[133.87349,35.08575],[133.87425,35.08782],[133.874,35.08963],[133.87451,35.0908],[133.87167,35.09315],[133.8703,35.09614],[133.87019,35.09771],[133.86799,35.09884],[133.86769,35.10199],[133.86585,35.10212],[133.86532,35.1029],[133.86405,35.10257],[133.86349,35.10358],[133.86188,35.1038],[133.85985,35.10521],[133.85637,35.10549],[133.85205,35.10326],[133.84898,35.10325],[133.84755,35.1024],[133.84608,35.10235],[133.84556,35.10157],[133.84368,35.10395],[133.84285,35.10643],[133.84474,35.10967],[133.84376,35.11127],[133.84488,35.11448],[133.8439,35.11544],[133.84425,35.11677],[133.84268,35.11689],[133.84015,35.11909],[133.83725,35.11855],[133.83715,35.11965],[133.83637,35.11943],[133.83583,35.12078],[133.83458,35.12116],[133.83324,35.12307],[133.8323,35.12315],[133.83361,35.126],[133.83378,35.12809],[133.83084,35.12711],[133.82942,35.12734],[133.82964,35.12794],[133.82842,35.12765],[133.82804,35.12844],[133.82606,35.12814],[133.82412,35.12711],[133.82335,35.12751],[133.82172,35.12737],[133.82056,35.12909],[133.81866,35.12933],[133.81678,35.13224],[133.81408,35.13281],[133.81128,35.13182],[133.81047,35.13092],[133.80835,35.13132],[133.80644,35.13075],[133.80541,35.1319],[133.8025,35.13168],[133.79792,35.13398],[133.79749,35.1356],[133.79438,35.13533],[133.79531,35.13621],[133.79238,35.13812],[133.79151,35.13931],[133.79159,35.1409],[133.78928,35.14148],[133.78893,35.14197],[133.7895,35.14246],[133.78922,35.1429],[133.78827,35.14258],[133.78673,35.14303],[133.7865,35.14518],[133.78476,35.14559],[133.78398,35.14709],[133.78224,35.14784],[133.78169,35.14962],[133.78205,35.15144],[133.78103,35.15294],[133.77731,35.15435],[133.77479,35.1559],[133.77015,35.1557],[133.76827,35.15716],[133.76782,35.15671],[133.76633,35.15814],[133.76618,35.15946],[133.76867,35.16108],[133.77147,35.16406],[133.77142,35.16542],[133.77207,35.1669],[133.77093,35.16829],[133.77054,35.17109],[133.77362,35.173],[133.77625,35.17325],[133.77908,35.17615],[133.77752,35.17801],[133.77712,35.18063],[133.77868,35.18266],[133.77792,35.18617],[133.77872,35.18855],[133.78084,35.19023],[133.77912,35.19298],[133.77817,35.19766],[133.7772,35.19847],[133.77684,35.2001],[133.77549,35.2011],[133.77309,35.20172],[133.77235,35.20555],[133.77662,35.20773],[133.77732,35.20902],[133.78123,35.21288],[133.78083,35.215],[133.779,35.21668],[133.77793,35.22074],[133.7785,35.22265],[133.78018,35.22232],[133.78345,35.2207],[133.78634,35.22013],[133.78763,35.21884],[133.79113,35.21758],[133.79346,35.21727],[133.79973,35.21445],[133.80212,35.21468],[133.80456,35.21596],[133.80838,35.21985],[133.81199,35.21914],[133.81464,35.21749],[133.8162,35.21819],[133.81658,35.219],[133.81466,35.22276],[133.81256,35.22463],[133.81059,35.22777],[133.81038,35.22918],[133.81174,35.23035],[133.81455,35.23125],[133.81528,35.23354],[133.81765,35.23548],[133.8177,35.2366],[133.819,35.23829],[133.81851,35.23999],[133.82036,35.24219],[133.82056,35.24702],[133.81803,35.24948],[133.81757,35.252],[133.81802,35.25275],[133.82254,35.25063]]]}},{"type":"Feature","properties":{"id":"muni-33622","name":"勝央町"},"geometry":{"type":"Polygon","coordinates":[[[134.10122,35.07104],[134.10187,35.07694],[134.10252,35.07888],[134.10305,35.07883],[134.10365,35.08039],[134.10332,35.08163],[134.10413,35.08168],[134.10389,35.08231],[134.10442,35.0846],[134.10928,35.0836],[134.10974,35.08468],[134.11043,35.08463],[134.11291,35.08623],[134.11753,35.0897],[134.11909,35.09277],[134.12498,35.09668],[134.12558,35.09866],[134.12527,35.09921],[134.12875,35.10142],[134.1283,35.10143],[134.12907,35.10211],[134.13118,35.10209],[134.13114,35.10132],[134.13652,35.09831],[134.13789,35.10077],[134.13885,35.1006],[134.13955,35.10372],[134.14304,35.10331],[134.14431,35.1037],[134.14636,35.10272],[134.14738,35.10288],[134.14719,35.1011],[134.14778,35.09805],[134.14995,35.09664],[134.15115,35.09505],[134.15388,35.09579],[134.1568,35.09454],[134.15895,35.09467],[134.1603,35.09548],[134.16255,35.09456],[134.16266,35.0953],[134.1634,35.09533],[134.1649,35.09455],[134.16658,35.09464],[134.17149,35.09249],[134.17348,35.09264],[134.17636,35.09213],[134.17519,35.09015],[134.17431,35.08977],[134.17413,35.08867],[134.17331,35.08816],[134.17344,35.08643],[134.17214,35.08532],[134.17319,35.08458],[134.17128,35.08276],[134.17166,35.08141],[134.17239,35.08118],[134.1723,35.08037],[134.17061,35.07848],[134.17016,35.0767],[134.1729,35.07504],[134.17654,35.07386],[134.17734,35.07284],[134.17654,35.07218],[134.17666,35.07092],[134.17734,35.07066],[134.17849,35.07114],[134.17868,35.07021],[134.17795,35.06952],[134.1781,35.06875],[134.18025,35.06818],[134.18123,35.06734],[134.18315,35.06767],[134.18292,35.06701],[134.18381,35.06565],[134.1844,35.06593],[134.1838,35.06465],[134.18525,35.06291],[134.18435,35.06218],[134.1835,35.06262],[134.17795,35.063],[134.17655,35.06203],[134.17673,35.06001],[134.17817,35.05829],[134.17798,35.05707],[134.17897,35.05667],[134.17892,35.05416],[134.18071,35.05335],[134.18068,35.05277],[134.17949,35.05144],[134.1796,35.05032],[134.1779,35.04902],[134.17759,35.04692],[134.17656,35.0465],[134.17628,35.04535],[134.17542,35.04474],[134.17251,35.04451],[134.17222,35.04486],[134.17179,35.04452],[134.17146,35.04493],[134.17025,35.04441],[134.16756,35.0454],[134.16574,35.04491],[134.16403,35.04507],[134.16213,35.04621],[134.15939,35.04974],[134.15648,35.0474],[134.15265,35.04625],[134.14996,35.04696],[134.14941,35.04668],[134.14914,35.04879],[134.14299,35.0478],[134.13819,35.04887],[134.13528,35.04751],[134.13872,35.03973],[134.13784,35.03828],[134.13857,35.038],[134.13844,35.03764],[134.13666,35.03551],[134.13948,35.03391],[134.13849,35.0325],[134.13849,35.03056],[134.13983,35.02751],[134.13951,35.02371],[134.1404,35.02222],[134.1387,35.02011],[134.13894,35.01919],[134.13797,35.01786],[134.13728,35.01772],[134.13759,35.01815],[134.13698,35.01969],[134.13312,35.01906],[134.13257,35.01858],[134.13113,35.01915],[134.12955,35.01796],[134.12786,35.01878],[134.12657,35.01786],[134.1254,35.0177],[134.12431,35.01776],[134.12181,35.01921],[134.11925,35.01784],[134.11786,35.01634],[134.11533,35.01637],[134.11433,35.01565],[134.11124,35.01554],[134.11032,35.01501],[134.10986,35.01633],[134.10752,35.01612],[134.10724,35.01495],[134.1064,35.01476],[134.10451,35.0153],[134.10173,35.01741],[134.10026,35.01725],[134.09782,35.01549],[134.09601,35.01516],[134.09554,35.01393],[134.09395,35.01432],[134.09184,35.01343],[134.09032,35.01343],[134.089,35.01217],[134.08785,35.01177],[134.08715,35.01267],[134.08702,35.01567],[134.08536,35.01746],[134.08537,35.01817],[134.08466,35.01843],[134.0842,35.01959],[134.08451,35.01969],[134.08353,35.02037],[134.08355,35.02138],[134.08456,35.02297],[134.08296,35.02335],[134.08261,35.0247],[134.08344,35.02536],[134.082,35.02611],[134.08264,35.02832],[134.08253,35.03069],[134.08345,35.03201],[134.08117,35.03279],[134.08141,35.03432],[134.08228,35.03465],[134.0821,35.03593],[134.0836,35.03755],[134.0828,35.03786],[134.08284,35.03881],[134.08426,35.04],[134.08332,35.04133],[134.08422,35.04231],[134.08494,35.0443],[134.08522,35.04675],[134.08415,35.04826],[134.08068,35.04736],[134.07818,35.04865],[134.07726,35.04868],[134.07645,35.04943],[134.07634,35.0511],[134.07807,35.05207],[134.07841,35.05115],[134.07935,35.05163],[134.08078,35.05087],[134.08115,35.05163],[134.083,35.05099],[134.08343,35.0516],[134.08561,35.0522],[134.08712,35.05369],[134.09153,35.0544],[134.09297,35.0531],[134.09374,35.05326],[134.09441,35.05251],[134.09582,35.05251],[134.09678,35.05173],[134.09742,35.05183],[134.09829,35.05072],[134.10108,35.05028],[134.103,35.05085],[134.10203,35.05203],[134.10282,35.05285],[134.10271,35.05431],[134.10411,35.05603],[134.10389,35.05669],[134.10222,35.05797],[134.1024,35.05914],[134.10476,35.05957],[134.10482,35.06052],[134.10544,35.06107],[134.10531,35.06387],[134.10419,35.06848],[134.10228,35.07033],[134.10103,35.0702],[134.10052,35.0707],[134.10122,35.07104]]]}},{"type":"Feature","properties":{"id":"muni-33623","name":"奈義町"},"geometry":{"type":"Polygon","coordinates":[[[134.16258,35.09467],[134.1603,35.09548],[134.15895,35.09467],[134.1568,35.09454],[134.15388,35.09579],[134.15115,35.09505],[134.14995,35.09664],[134.14778,35.09805],[134.14719,35.1011],[134.14738,35.10288],[134.14636,35.10272],[134.14456,35.10367],[134.14304,35.10331],[134.13955,35.10372],[134.13885,35.1006],[134.13789,35.10077],[134.13652,35.09831],[134.13114,35.10132],[134.13118,35.10209],[134.13064,35.10221],[134.13171,35.10539],[134.13181,35.10968],[134.13243,35.11081],[134.13364,35.11162],[134.13372,35.11764],[134.13528,35.11991],[134.13698,35.1249],[134.13869,35.12824],[134.14029,35.13346],[134.14226,35.13708],[134.14293,35.13935],[134.1438,35.14691],[134.14365,35.15115],[134.14279,35.15667],[134.14069,35.16062],[134.14103,35.16246],[134.14545,35.16261],[134.14668,35.1643],[134.15061,35.16745],[134.15379,35.16706],[134.15989,35.16844],[134.16133,35.16945],[134.16534,35.16957],[134.16772,35.17172],[134.16887,35.17178],[134.17268,35.16963],[134.17783,35.16931],[134.17967,35.17044],[134.18049,35.17169],[134.18428,35.17272],[134.18998,35.17593],[134.1909,35.17771],[134.19093,35.17909],[134.19239,35.18307],[134.19378,35.18421],[134.1941,35.18729],[134.19298,35.1885],[134.1936,35.18923],[134.19596,35.18957],[134.19864,35.19069],[134.20107,35.19063],[134.20153,35.18959],[134.20292,35.18897],[134.20469,35.18952],[134.20712,35.18924],[134.20904,35.19009],[134.21189,35.19005],[134.21285,35.19097],[134.21534,35.19009],[134.21636,35.18951],[134.21689,35.18568],[134.21855,35.18492],[134.21944,35.18157],[134.22196,35.17994],[134.22195,35.17911],[134.22306,35.17778],[134.22417,35.17751],[134.22457,35.1766],[134.22454,35.17575],[134.22237,35.17467],[134.22151,35.17336],[134.22224,35.17181],[134.22176,35.16991],[134.22224,35.16795],[134.22156,35.16466],[134.22647,35.16013],[134.22692,35.15832],[134.22843,35.15762],[134.22879,35.15657],[134.22853,35.15558],[134.22726,35.15435],[134.22731,35.15325],[134.22639,35.15158],[134.22865,35.14882],[134.22562,35.1437],[134.22306,35.14341],[134.22316,35.14057],[134.2236,35.13685],[134.22454,35.13599],[134.22521,35.13406],[134.22609,35.13333],[134.22994,35.132],[134.23012,35.13121],[134.23142,35.13019],[134.2317,35.12669],[134.23077,35.12576],[134.23069,35.12446],[134.22533,35.12288],[134.22301,35.12006],[134.22569,35.11937],[134.22583,35.11866],[134.22736,35.1188],[134.23168,35.11754],[134.2346,35.11591],[134.23512,35.11444],[134.2318,35.11273],[134.23069,35.11005],[134.22721,35.10946],[134.22587,35.10827],[134.2248,35.10811],[134.22457,35.10737],[134.22339,35.10785],[134.22197,35.10676],[134.2214,35.10471],[134.21935,35.10432],[134.21946,35.10238],[134.21836,35.10181],[134.21804,35.10009],[134.21491,35.1002],[134.21366,35.09933],[134.21334,35.09826],[134.21114,35.09819],[134.20879,35.09558],[134.20674,35.09636],[134.20651,35.10033],[134.20767,35.10214],[134.20798,35.10377],[134.2069,35.10378],[134.2064,35.10286],[134.20535,35.10268],[134.20257,35.10042],[134.20165,35.10019],[134.19867,35.10052],[134.19854,35.10121],[134.19927,35.10167],[134.19991,35.103],[134.1993,35.10404],[134.19772,35.10261],[134.19618,35.1027],[134.19513,35.10104],[134.19518,35.0999],[134.19434,35.09913],[134.19202,35.099],[134.19026,35.09792],[134.18978,35.09717],[134.19014,35.09631],[134.18947,35.09522],[134.19037,35.09459],[134.19057,35.09249],[134.19023,35.09181],[134.18917,35.09249],[134.18773,35.09228],[134.18489,35.09054],[134.18439,35.08977],[134.18294,35.08922],[134.1772,35.09236],[134.17179,35.09244],[134.16658,35.09464],[134.1649,35.09455],[134.16313,35.09534],[134.1626,35.09524],[134.16258,35.09467]]]}},{"type":"Feature","properties":{"id":"muni-33643","name":"西粟倉村"},"geometry":{"type":"Polygon","coordinates":[[[134.32361,35.14798],[134.32252,35.147],[134.32248,35.14802],[134.32208,35.14796],[134.32062,35.14686],[134.32023,35.14855],[134.31702,35.15203],[134.31399,35.15194],[134.31274,35.15262],[134.3111,35.15245],[134.30834,35.15381],[134.30499,35.15467],[134.30162,35.15737],[134.30077,35.15733],[134.29971,35.15596],[134.29857,35.15733],[134.29372,35.15845],[134.29278,35.16077],[134.2899,35.16417],[134.28882,35.1696],[134.28798,35.17143],[134.28721,35.17203],[134.28722,35.17365],[134.28917,35.17548],[134.2894,35.17718],[134.28765,35.17852],[134.28597,35.17904],[134.2828,35.18216],[134.28376,35.18556],[134.28373,35.18733],[134.28017,35.19063],[134.27984,35.19387],[134.28064,35.19591],[134.28254,35.19791],[134.2852,35.1982],[134.28754,35.19928],[134.29184,35.20006],[134.29391,35.19926],[134.29613,35.20098],[134.29718,35.20123],[134.2978,35.20089],[134.29893,35.20182],[134.3018,35.20219],[134.30647,35.20186],[134.30923,35.2008],[134.31126,35.2012],[134.31383,35.20057],[134.31438,35.20105],[134.31518,35.20098],[134.31684,35.20238],[134.31858,35.20232],[134.32008,35.20146],[134.32146,35.20181],[134.32295,35.20305],[134.32292,35.20383],[134.3249,35.20486],[134.32742,35.20728],[134.32876,35.20919],[134.33082,35.21036],[134.33158,35.21196],[134.33477,35.213],[134.33498,35.21401],[134.33455,35.21526],[134.33528,35.21546],[134.33665,35.21737],[134.33651,35.21929],[134.33739,35.22009],[134.33988,35.22138],[134.34258,35.22065],[134.34518,35.22146],[134.34669,35.22247],[134.35052,35.22281],[134.35143,35.22421],[134.35324,35.22481],[134.35479,35.22666],[134.35628,35.2269],[134.35715,35.22777],[134.35978,35.22859],[134.36029,35.22922],[134.36188,35.22885],[134.36533,35.23108],[134.3666,35.23083],[134.36883,35.23162],[134.36988,35.23323],[134.37196,35.2342],[134.37475,35.23777],[134.3744,35.23895],[134.37341,35.23957],[134.37442,35.24089],[134.37396,35.24313],[134.37262,35.24457],[134.37297,35.24584],[134.3737,35.24563],[134.37464,35.24623],[134.3785,35.24665],[134.38098,35.24846],[134.38218,35.24828],[134.38463,35.24921],[134.38597,35.25044],[134.38762,35.25042],[134.39,35.25217],[134.39277,35.25269],[134.39354,35.25272],[134.39365,35.2518],[134.39502,35.25146],[134.3959,35.25042],[134.39794,35.25043],[134.39872,35.24842],[134.40155,35.24612],[134.4011,35.24481],[134.40172,35.24413],[134.40156,35.2419],[134.40287,35.24141],[134.40103,35.23835],[134.40143,35.23692],[134.4004,35.23717],[134.39843,35.23128],[134.39679,35.23027],[134.39717,35.22908],[134.39691,35.22745],[134.39375,35.2267],[134.39248,35.2252],[134.39016,35.22462],[134.38863,35.2236],[134.38563,35.2236],[134.38484,35.22234],[134.38245,35.22144],[134.382,35.21927],[134.38114,35.21804],[134.38169,35.21695],[134.38253,35.21688],[134.38066,35.21372],[134.38113,35.21125],[134.37992,35.2103],[134.3798,35.20933],[134.38136,35.20628],[134.38256,35.20004],[134.38363,35.19906],[134.38296,35.19761],[134.38373,35.19545],[134.38276,35.1944],[134.38129,35.19394],[134.38095,35.19146],[134.37893,35.18845],[134.37914,35.18654],[134.37791,35.18599],[134.37617,35.18384],[134.37436,35.18258],[134.3717,35.18196],[134.37081,35.18025],[134.3694,35.17955],[134.36914,35.17779],[134.36596,35.17585],[134.36449,35.17595],[134.36068,35.17408],[134.35979,35.17217],[134.35818,35.17099],[134.35811,35.16979],[134.35559,35.16728],[134.3554,35.16604],[134.35468,35.16536],[134.351,35.16433],[134.34911,35.16292],[134.34577,35.16152],[134.34561,35.15959],[134.34428,35.15727],[134.34363,35.15661],[134.34176,35.15628],[134.341,35.15543],[134.34159,35.15409],[134.3405,35.1521],[134.3406,35.1506],[134.33916,35.1493],[134.33925,35.1483],[134.33829,35.14732],[134.33647,35.1464],[134.33601,35.14656],[134.33394,35.14452],[134.33365,35.14492],[134.32696,35.14652],[134.32361,35.14798]]]}},{"type":"Feature","properties":{"id":"muni-33663","name":"久米南町"},"geometry":{"type":"Polygon","coordinates":[[[133.89571,34.90902],[133.89407,34.90978],[133.89445,34.91372],[133.9003,34.91385],[133.90161,34.91578],[133.90362,34.91566],[133.90461,34.91702],[133.90619,34.91799],[133.90545,34.91883],[133.90501,34.92115],[133.90421,34.92155],[133.8996,34.92162],[133.89935,34.92263],[133.9007,34.92323],[133.90185,34.9231],[133.90332,34.9254],[133.90673,34.92492],[133.90844,34.92696],[133.90846,34.92939],[133.90903,34.93022],[133.90888,34.9308],[133.90946,34.93113],[133.90959,34.93242],[133.90716,34.93465],[133.90656,34.93664],[133.90658,34.93837],[133.90746,34.94136],[133.90985,34.94294],[133.91031,34.94405],[133.91312,34.94486],[133.91767,34.94742],[133.91868,34.9498],[133.921,34.94998],[133.92115,34.95068],[133.92235,34.95122],[133.92329,34.95381],[133.92289,34.95532],[133.92392,34.95662],[133.92633,34.95811],[133.92662,34.95977],[133.92601,34.96241],[133.92648,34.96333],[133.92876,34.96452],[133.92922,34.96409],[133.92999,34.96442],[133.93094,34.96612],[133.93235,34.96594],[133.93397,34.96651],[133.9351,34.96792],[133.93482,34.96997],[133.93549,34.97248],[133.93477,34.9741],[133.93742,34.97554],[133.94004,34.9734],[133.94101,34.97312],[133.94236,34.96983],[133.94597,34.96796],[133.94649,34.96661],[133.94765,34.96589],[133.95403,34.96588],[133.95501,34.96492],[133.95505,34.96398],[133.95639,34.96281],[133.96054,34.96102],[133.96247,34.96102],[133.96336,34.9606],[133.96357,34.9599],[133.9659,34.96073],[133.96553,34.96115],[133.96712,34.96173],[133.96746,34.96233],[133.96864,34.96174],[133.97381,34.96198],[133.97733,34.96448],[133.98073,34.96471],[133.98344,34.96371],[133.98653,34.96453],[133.98721,34.9635],[133.9904,34.96297],[133.99312,34.96476],[133.99519,34.9638],[133.99856,34.96438],[134.00414,34.9645],[134.00446,34.96389],[134.00286,34.9628],[134.00261,34.96195],[134.00309,34.96079],[134.0048,34.95935],[134.00503,34.95839],[134.00267,34.95882],[134.00221,34.95729],[134.00277,34.95477],[134.00014,34.95343],[134.00114,34.95221],[134.00119,34.95134],[134.00197,34.95108],[134.00187,34.94831],[134.00356,34.94779],[134.00416,34.9467],[134.0031,34.94248],[134.00525,34.94119],[134.00578,34.93968],[134.00662,34.93887],[134.00625,34.93763],[134.00741,34.93655],[134.01563,34.93815],[134.01402,34.93566],[134.01432,34.93444],[134.01234,34.9312],[134.01354,34.92949],[134.01298,34.92791],[134.01217,34.92712],[134.01187,34.92381],[134.011,34.92332],[134.01153,34.92122],[134.01097,34.92084],[134.01062,34.91933],[134.01124,34.91735],[134.00883,34.91643],[134.00856,34.91509],[134.00731,34.91469],[134.00762,34.91385],[134.00635,34.91202],[134.00344,34.91201],[134.00196,34.91108],[134.00208,34.91014],[134.00321,34.90881],[134.00139,34.90736],[134.00235,34.90573],[134.0023,34.90471],[134.00065,34.90314],[134.0016,34.90182],[134.00114,34.90065],[134.00159,34.89907],[134.00438,34.89619],[134.00447,34.8948],[134.00317,34.89475],[134.00285,34.89401],[134.0011,34.89323],[134.00045,34.892],[133.99864,34.89045],[133.99699,34.8909],[133.99612,34.89067],[133.98817,34.88683],[133.982,34.88684],[133.97966,34.88643],[133.97762,34.88397],[133.97577,34.88278],[133.97558,34.88148],[133.97635,34.88058],[133.97512,34.87892],[133.97209,34.87724],[133.97038,34.87784],[133.96747,34.87628],[133.96617,34.87642],[133.96355,34.87417],[133.961,34.87458],[133.96007,34.87269],[133.95624,34.87345],[133.95299,34.87191],[133.94974,34.87353],[133.94918,34.87292],[133.94905,34.87136],[133.94698,34.87111],[133.94507,34.86973],[133.94456,34.87009],[133.94364,34.86983],[133.94115,34.87117],[133.9369,34.87118],[133.93464,34.87353],[133.93355,34.8732],[133.93247,34.87431],[133.92945,34.87433],[133.92778,34.87248],[133.92716,34.87306],[133.92793,34.87415],[133.92798,34.87552],[133.92948,34.87648],[133.93089,34.87661],[133.93142,34.87735],[133.93295,34.87754],[133.93446,34.88046],[133.93738,34.88222],[133.93866,34.88415],[133.93238,34.88645],[133.9278,34.89126],[133.92797,34.8929],[133.92759,34.89326],[133.92346,34.89289],[133.92169,34.89429],[133.92145,34.89482],[133.92227,34.89861],[133.92322,34.90044],[133.92305,34.90217],[133.92109,34.90296],[133.92079,34.90405],[133.91988,34.90338],[133.9201,34.90251],[133.91944,34.90209],[133.91813,34.90281],[133.91752,34.90248],[133.91701,34.90346],[133.91302,34.90325],[133.91193,34.90433],[133.91217,34.90615],[133.90895,34.90689],[133.90751,34.9053],[133.90532,34.9053],[133.90512,34.9041],[133.90425,34.90405],[133.90428,34.90328],[133.90346,34.90315],[133.90307,34.90171],[133.90244,34.90146],[133.90059,34.90217],[133.9001,34.90285],[133.89976,34.90582],[133.89858,34.90621],[133.89817,34.90767],[133.896,34.90819],[133.89571,34.90902]]]}},{"type":"Feature","properties":{"id":"muni-33666","name":"美咲町"},"geometry":{"type":"Polygon","coordinates":[[[133.79932,34.93639],[133.79905,34.93369],[133.79494,34.93238],[133.79373,34.93247],[133.79372,34.93041],[133.79235,34.92982],[133.79214,34.92864],[133.79058,34.92784],[133.78944,34.92886],[133.7877,34.9283],[133.78658,34.92953],[133.78445,34.93043],[133.78381,34.92948],[133.78269,34.92897],[133.78164,34.92945],[133.78005,34.92918],[133.77898,34.93086],[133.77901,34.93304],[133.77735,34.93557],[133.77636,34.93563],[133.77504,34.9335],[133.77367,34.93548],[133.77236,34.93638],[133.7693,34.93586],[133.76816,34.9369],[133.7663,34.9372],[133.76575,34.94046],[133.76626,34.94149],[133.76551,34.94371],[133.76321,34.94531],[133.76432,34.94594],[133.76392,34.94804],[133.7625,34.94931],[133.76286,34.95156],[133.76171,34.95246],[133.76359,34.95472],[133.76523,34.95537],[133.76633,34.95672],[133.76859,34.95677],[133.76974,34.95753],[133.77194,34.96048],[133.77267,34.96077],[133.77399,34.96023],[133.77961,34.9614],[133.78093,34.96114],[133.78277,34.95931],[133.78406,34.95873],[133.78469,34.95791],[133.78501,34.95603],[133.78664,34.95482],[133.78925,34.95563],[133.78992,34.95625],[133.79044,34.95791],[133.79168,34.95907],[133.79792,34.95974],[133.79931,34.95883],[133.80009,34.95729],[133.80031,34.95617],[133.79984,34.95426],[133.80063,34.95317],[133.80174,34.95311],[133.80552,34.95144],[133.80888,34.95153],[133.80884,34.95253],[133.80954,34.95385],[133.80934,34.95469],[133.80815,34.95492],[133.80832,34.95726],[133.80655,34.96086],[133.80521,34.96095],[133.80499,34.96202],[133.80333,34.96296],[133.80241,34.9656],[133.80513,34.9692],[133.80497,34.97456],[133.80412,34.9757],[133.80352,34.97859],[133.80271,34.97972],[133.8007,34.9808],[133.7943,34.98222],[133.79169,34.98541],[133.78756,34.98915],[133.78857,34.99067],[133.78782,34.99274],[133.78844,34.99394],[133.78627,34.99609],[133.78658,34.99734],[133.78619,34.99775],[133.78765,35.0017],[133.78666,35.003],[133.78583,35.00314],[133.7875,35.00652],[133.78862,35.00672],[133.78898,35.00884],[133.78967,35.00955],[133.78906,35.01168],[133.7883,35.01183],[133.78841,35.01386],[133.78782,35.01506],[133.78704,35.01499],[133.78692,35.01628],[133.78501,35.01597],[133.78389,35.01701],[133.785,35.01965],[133.79225,35.02071],[133.79316,35.02156],[133.79614,35.02125],[133.79766,35.022],[133.80005,35.02143],[133.80326,35.023],[133.8051,35.02478],[133.80518,35.0263],[133.81162,35.02719],[133.81218,35.0299],[133.81537,35.03109],[133.81473,35.03228],[133.81634,35.03325],[133.81608,35.0337],[133.81651,35.034],[133.81865,35.03441],[133.81891,35.03549],[133.81956,35.03575],[133.81907,35.03705],[133.81961,35.03801],[133.81755,35.03883],[133.81714,35.0421],[133.81548,35.04344],[133.81768,35.04388],[133.81875,35.04466],[133.82109,35.04207],[133.82255,35.04203],[133.82353,35.04341],[133.82608,35.04468],[133.82749,35.04412],[133.83061,35.04482],[133.83165,35.04446],[133.83241,35.04593],[133.83541,35.04728],[133.83949,35.04225],[133.84019,35.04039],[133.84227,35.04087],[133.84149,35.03869],[133.84282,35.03807],[133.84352,35.03818],[133.84458,35.0397],[133.84706,35.04008],[133.85012,35.03929],[133.85082,35.03963],[133.85231,35.03932],[133.85368,35.04072],[133.85511,35.03971],[133.85613,35.04033],[133.85726,35.03965],[133.85824,35.04024],[133.86141,35.03983],[133.86206,35.0404],[133.86345,35.04019],[133.86443,35.04183],[133.8657,35.04254],[133.87226,35.04275],[133.87498,35.04222],[133.87348,35.0377],[133.87377,35.03708],[133.87757,35.03659],[133.87803,35.03556],[133.87818,35.03487],[133.87689,35.03287],[133.87765,35.03132],[133.87797,35.02852],[133.87704,35.02624],[133.87815,35.02362],[133.87913,35.02282],[133.87914,35.02037],[133.87842,35.01846],[133.88017,35.01356],[133.87902,35.01359],[133.87838,35.01282],[133.87697,35.01307],[133.87564,35.01164],[133.87425,35.01152],[133.87211,35.00912],[133.87209,35.00714],[133.8737,35.00545],[133.87425,35.0028],[133.87518,35.00194],[133.87513,35.00095],[133.8768,34.9988],[133.8772,34.99678],[133.8769,34.99638],[133.87897,34.9905],[133.88175,34.992],[133.88698,34.99334],[133.8875,34.99292],[133.88764,34.99106],[133.8891,34.99051],[133.89081,34.98901],[133.89117,34.98716],[133.8926,34.98497],[133.89547,34.98389],[133.89714,34.98525],[133.89985,34.98635],[133.8998,34.9879],[133.90117,34.98949],[133.90251,34.98947],[133.90372,34.99012],[133.9044,34.99162],[133.90614,34.99196],[133.90761,34.99334],[133.90888,34.99385],[133.90937,34.99437],[133.91003,34.99872],[133.91128,34.99965],[133.91228,34.99957],[133.91443,35.00133],[133.91744,35.00232],[133.91825,35.00347],[133.91956,35.00413],[133.91889,35.00526],[133.9198,35.00642],[133.91951,35.00738],[133.92017,35.00737],[133.92053,35.00821],[133.91977,35.0091],[133.92023,35.00964],[133.91899,35.01023],[133.91878,35.01127],[133.92275,35.0103],[133.92504,35.01055],[133.92866,35.01287],[133.93025,35.01443],[133.93029,35.016],[133.93166,35.0179],[133.93155,35.01963],[133.93344,35.02039],[133.9335,35.02128],[133.93488,35.02241],[133.93466,35.0259],[133.93416,35.02595],[133.93461,35.02722],[133.9343,35.0284],[133.93668,35.02861],[133.93649,35.02923],[133.93784,35.02951],[133.93789,35.03297],[133.93841,35.03326],[133.93747,35.03632],[133.93317,35.0377],[133.93135,35.03899],[133.9312,35.04037],[133.93177,35.04057],[133.93242,35.03999],[133.93588,35.04172],[133.93729,35.04035],[133.93803,35.04016],[133.93881,35.04067],[133.93948,35.04033],[133.94286,35.04346],[133.94778,35.04403],[133.9491,35.04341],[133.94968,35.04424],[133.94864,35.04548],[133.94876,35.04679],[133.94793,35.04939],[133.94808,35.05168],[133.9527,35.0513],[133.95404,35.04942],[133.95639,35.04823],[133.95543,35.04659],[133.95597,35.0453],[133.95694,35.04479],[133.95648,35.04412],[133.95673,35.0431],[133.95502,35.04004],[133.95573,35.03859],[133.95466,35.03808],[133.95433,35.03735],[133.95447,35.0351],[133.95545,35.03372],[133.95421,35.0333],[133.95004,35.02931],[133.95045,35.02768],[133.94991,35.02409],[133.9503,35.02317],[133.94949,35.02177],[133.9479,35.0213],[133.94753,35.01691],[133.94829,35.0152],[133.949,35.01486],[133.95074,35.00973],[133.95258,35.00848],[133.95349,35.00883],[133.95478,35.00831],[133.95736,35.00931],[133.96037,35.00748],[133.96134,35.00805],[133.9626,35.01169],[133.96881,35.0111],[133.97302,35.01189],[133.97193,35.0133],[133.97213,35.01545],[133.97319,35.01496],[133.97582,35.0157],[133.97704,35.01875],[133.97687,35.01924],[133.97924,35.02028],[133.97892,35.02046],[133.97941,35.02074],[133.97943,35.02155],[133.98507,35.02479],[133.98621,35.02478],[133.98754,35.02548],[133.98861,35.02668],[133.99162,35.02589],[133.99232,35.02413],[133.99302,35.02415],[133.99544,35.02134],[134.00109,35.01978],[134.00203,35.01858],[134.00338,35.01785],[134.0037,35.01647],[134.00457,35.01568],[134.00546,35.01573],[134.00641,35.01668],[134.00857,35.0175],[134.00968,35.01879],[134.01074,35.01876],[134.0109,35.01755],[134.01239,35.01609],[134.01068,35.01491],[134.0124,35.01341],[134.01341,35.01346],[134.01332,35.01202],[134.0159,35.00948],[134.01775,35.00908],[134.01997,35.00738],[134.02393,35.00579],[134.02511,35.00619],[134.02579,35.00809],[134.02563,35.00672],[134.02641,35.0058],[134.02646,35.00486],[134.02854,35.00432],[134.02982,35.00251],[134.03171,35.0027],[134.03246,35.00224],[134.03485,35.00294],[134.03812,35.00163],[134.04025,35.00229],[134.03713,35.00587],[134.03382,35.01173],[134.03168,35.01452],[134.03405,35.0151],[134.03411,35.01576],[134.03524,35.01668],[134.0414,35.02052],[134.04145,35.02322],[134.0437,35.02553],[134.04656,35.02612],[134.04911,35.02536],[134.05087,35.02586],[134.05202,35.02486],[134.05574,35.02542],[134.05758,35.02467],[134.05834,35.02394],[134.05856,35.02269],[134.05914,35.02282],[134.05942,35.022],[134.06053,35.02114],[134.06162,35.02135],[134.06351,35.02051],[134.065,35.0225],[134.069,35.02301],[134.0707,35.02255],[134.07188,35.02394],[134.07354,35.02487],[134.0763,35.02491],[134.07798,35.02434],[134.08261,35.02051],[134.0841,35.01868],[134.08537,35.01817],[134.08536,35.01746],[134.08702,35.01567],[134.08732,35.01222],[134.08845,35.01185],[134.08737,35.00935],[134.08848,35.00811],[134.08866,35.00712],[134.08986,35.00682],[134.09081,35.00368],[134.08981,35.00196],[134.09046,34.99968],[134.08818,34.99843],[134.0867,34.99666],[134.08624,34.99359],[134.08821,34.99091],[134.0882,34.9897],[134.08697,34.98827],[134.08719,34.98766],[134.0887,34.98707],[134.08958,34.9878],[134.09152,34.98796],[134.09199,34.98717],[134.09386,34.98632],[134.09345,34.98723],[134.09366,34.98817],[134.09493,34.99006],[134.09448,34.99168],[134.09763,34.99576],[134.09984,34.99651],[134.1005,34.99642],[134.10208,34.99443],[134.10416,34.99298],[134.10653,34.99211],[134.10665,34.99092],[134.1084,34.99091],[134.10908,34.99212],[134.11087,34.99242],[134.10944,34.98977],[134.1075,34.98895],[134.10644,34.98894],[134.10568,34.98985],[134.10178,34.98972],[134.09975,34.98834],[134.0993,34.98605],[134.09986,34.98394],[134.10283,34.98269],[134.10502,34.98273],[134.10513,34.98219],[134.10281,34.98106],[134.1029,34.9793],[134.10348,34.97818],[134.10035,34.97801],[134.10028,34.9746],[134.10211,34.97454],[134.10342,34.97523],[134.10379,34.97628],[134.10591,34.97683],[134.107,34.97565],[134.10667,34.97467],[134.10706,34.9725],[134.10835,34.97296],[134.1084,34.97281],[134.10706,34.9724],[134.10471,34.97212],[134.10289,34.97108],[134.10066,34.96919],[134.09951,34.96597],[134.09751,34.96546],[134.09713,34.96599],[134.09502,34.96582],[134.09353,34.9647],[134.09174,34.9652],[134.08836,34.96402],[134.08855,34.96336],[134.08971,34.96286],[134.09181,34.96328],[134.09229,34.96285],[134.09192,34.96107],[134.09354,34.95965],[134.09235,34.95776],[134.0931,34.95561],[134.09447,34.95537],[134.09663,34.95407],[134.09954,34.95441],[134.1,34.95375],[134.10132,34.95376],[134.10172,34.95262],[134.10268,34.95251],[134.10431,34.94984],[134.10398,34.94871],[134.10626,34.94711],[134.10625,34.94594],[134.10793,34.94403],[134.10784,34.94294],[134.11001,34.9406],[134.11562,34.93772],[134.11902,34.93706],[134.11975,34.93577],[134.12148,34.93568],[134.12212,34.9345],[134.12148,34.93162],[134.12069,34.93107],[134.11718,34.9313],[134.11218,34.93259],[134.11217,34.93075],[134.10957,34.93005],[134.10748,34.9288],[134.10739,34.92815],[134.10875,34.92657],[134.10876,34.92561],[134.10408,34.9247],[134.10221,34.92264],[134.09897,34.92307],[134.09737,34.92497],[134.09328,34.92647],[134.08981,34.92832],[134.08908,34.92919],[134.08873,34.9309],[134.09162,34.93716],[134.09035,34.94062],[134.0882,34.94236],[134.08599,34.94253],[134.07794,34.94087],[134.07257,34.94128],[134.07136,34.93912],[134.06978,34.93795],[134.06788,34.93765],[134.06731,34.93685],[134.05895,34.93945],[134.05827,34.93851],[134.05438,34.9383],[134.04941,34.93669],[134.04915,34.93721],[134.04974,34.93791],[134.04429,34.94036],[134.04049,34.9433],[134.03726,34.94328],[134.03559,34.94433],[134.03361,34.94403],[134.0313,34.94608],[134.02942,34.94637],[134.02699,34.9492],[134.02548,34.94953],[134.02515,34.95094],[134.02282,34.94864],[134.02168,34.94664],[134.01812,34.94532],[134.01875,34.94356],[134.01852,34.94271],[134.01932,34.94141],[134.01754,34.93925],[134.01563,34.93815],[134.00754,34.9365],[134.00625,34.93763],[134.00662,34.93887],[134.00578,34.93968],[134.00525,34.94119],[134.0031,34.94248],[134.00416,34.9467],[134.00356,34.94779],[134.00187,34.94831],[134.00197,34.95108],[134.00119,34.95134],[134.00114,34.95221],[134.00014,34.95343],[134.00277,34.95477],[134.00221,34.95729],[134.00267,34.95882],[134.00503,34.95839],[134.0048,34.95935],[134.00309,34.96079],[134.00261,34.96195],[134.00286,34.9628],[134.00446,34.96389],[134.00414,34.9645],[133.99856,34.96438],[133.99519,34.9638],[133.99312,34.96476],[133.9904,34.96297],[133.98721,34.9635],[133.98653,34.96453],[133.98344,34.96371],[133.98073,34.96471],[133.97733,34.96448],[133.97381,34.96198],[133.96864,34.96174],[133.96746,34.96233],[133.96712,34.96173],[133.96553,34.96115],[133.9659,34.96073],[133.96357,34.9599],[133.96336,34.9606],[133.96247,34.96102],[133.96054,34.96102],[133.95639,34.96281],[133.95505,34.96398],[133.95501,34.96492],[133.95403,34.96588],[133.94765,34.96589],[133.94649,34.96661],[133.94597,34.96796],[133.94236,34.96983],[133.94101,34.97312],[133.93904,34.9741],[133.93767,34.9756],[133.93592,34.97504],[133.93477,34.9741],[133.93549,34.97248],[133.93482,34.96997],[133.9351,34.96792],[133.93397,34.96651],[133.93235,34.96594],[133.93094,34.96612],[133.92999,34.96442],[133.92922,34.96409],[133.92876,34.96452],[133.92648,34.96333],[133.92601,34.96241],[133.92662,34.95977],[133.92633,34.95811],[133.92392,34.95662],[133.92289,34.95532],[133.92329,34.95381],[133.92235,34.95122],[133.92115,34.95068],[133.921,34.94998],[133.91868,34.9498],[133.91767,34.94742],[133.91005,34.94359],[133.91038,34.94601],[133.91216,34.94645],[133.91112,34.94763],[133.90916,34.94787],[133.90763,34.94878],[133.9051,34.94857],[133.90517,34.94775],[133.90294,34.94559],[133.90237,34.94643],[133.90165,34.94663],[133.90207,34.94545],[133.90167,34.94431],[133.90215,34.9443],[133.90176,34.94295],[133.89925,34.94283],[133.89849,34.94285],[133.89758,34.94363],[133.89772,34.94471],[133.89688,34.94514],[133.89602,34.94507],[133.89523,34.94431],[133.89231,34.94446],[133.8923,34.9451],[133.89029,34.94499],[133.88888,34.94381],[133.8882,34.94381],[133.88735,34.94557],[133.88782,34.94644],[133.88713,34.94667],[133.88658,34.94807],[133.88506,34.94879],[133.88488,34.94838],[133.88273,34.94815],[133.88,34.94431],[133.87827,34.94333],[133.87606,34.94091],[133.87355,34.94009],[133.8725,34.93897],[133.87017,34.93863],[133.87025,34.938],[133.86888,34.93777],[133.86859,34.93539],[133.86906,34.9348],[133.86918,34.9328],[133.86872,34.93275],[133.86634,34.93431],[133.86551,34.93671],[133.86399,34.937],[133.86395,34.93797],[133.86303,34.93855],[133.86283,34.94091],[133.86187,34.94187],[133.86111,34.94371],[133.85665,34.94297],[133.85472,34.94498],[133.85245,34.94535],[133.85201,34.94375],[133.84918,34.94295],[133.85286,34.93912],[133.85219,34.93619],[133.85025,34.93426],[133.84666,34.93784],[133.84587,34.93975],[133.8455,34.94348],[133.84446,34.94462],[133.84344,34.945],[133.8359,34.94477],[133.83496,34.94611],[133.83388,34.94969],[133.83266,34.95084],[133.83039,34.95179],[133.82176,34.95289],[133.81757,34.95027],[133.81423,34.94652],[133.81232,34.94606],[133.81156,34.94648],[133.81039,34.94549],[133.80899,34.94204],[133.80688,34.94011],[133.80506,34.93954],[133.80205,34.9399],[133.80098,34.93941],[133.79869,34.93953],[133.79823,34.93854],[133.79932,34.93639]]]}},{"type":"Feature","properties":{"id":"muni-33681","name":"吉備中央町"},"geometry":{"type":"Polygon","coordinates":[[[133.6597,34.79941],[133.65886,34.79982],[133.6592,34.80024],[133.65778,34.80248],[133.65836,34.80291],[133.65737,34.80305],[133.65687,34.80438],[133.65379,34.80799],[133.6505,34.81024],[133.65034,34.81109],[133.65104,34.81182],[133.65026,34.81328],[133.64857,34.8129],[133.64754,34.81417],[133.64814,34.81872],[133.6501,34.81876],[133.65106,34.81827],[133.65129,34.81858],[133.64773,34.81924],[133.6483,34.82343],[133.6474,34.82484],[133.64834,34.82633],[133.64812,34.82682],[133.64629,34.82794],[133.64134,34.82936],[133.6403,34.83067],[133.63993,34.83244],[133.64085,34.8335],[133.64066,34.83606],[133.64229,34.83824],[133.6446,34.8398],[133.6457,34.84276],[133.64599,34.84583],[133.64723,34.84771],[133.65131,34.84926],[133.65093,34.85057],[133.6532,34.85038],[133.65518,34.85133],[133.66469,34.865],[133.66345,34.86846],[133.66426,34.87178],[133.66335,34.87348],[133.66351,34.87406],[133.66894,34.87576],[133.67023,34.87744],[133.67349,34.87875],[133.67609,34.87806],[133.6788,34.87838],[133.67974,34.87937],[133.68226,34.87833],[133.68293,34.87893],[133.68301,34.88009],[133.68117,34.882],[133.68294,34.88255],[133.68181,34.88358],[133.68179,34.88423],[133.6837,34.88339],[133.68502,34.88369],[133.6868,34.88716],[133.68818,34.88794],[133.69076,34.8882],[133.69303,34.89141],[133.69381,34.89179],[133.6949,34.89141],[133.69693,34.8916],[133.69807,34.8932],[133.70095,34.89317],[133.70188,34.89372],[133.70273,34.89302],[133.70548,34.89294],[133.70513,34.89482],[133.70699,34.89918],[133.70986,34.90173],[133.71014,34.90272],[133.71095,34.90299],[133.71081,34.90368],[133.71211,34.90555],[133.71766,34.90883],[133.71803,34.91016],[133.71769,34.91178],[133.71535,34.91314],[133.71201,34.91943],[133.71216,34.92099],[133.71391,34.92273],[133.71423,34.92477],[133.7151,34.92532],[133.71558,34.92642],[133.71696,34.9259],[133.71807,34.92688],[133.71802,34.9276],[133.71707,34.92822],[133.71718,34.92915],[133.71912,34.93201],[133.71994,34.93239],[133.72022,34.93354],[133.71936,34.93521],[133.7199,34.93638],[133.71849,34.93944],[133.7197,34.94128],[133.71791,34.94347],[133.71899,34.9448],[133.71814,34.94712],[133.71679,34.94764],[133.71674,34.94851],[133.71754,34.94899],[133.71735,34.94965],[133.71517,34.95061],[133.71413,34.95241],[133.71692,34.95545],[133.72016,34.95402],[133.72135,34.95286],[133.72095,34.95034],[133.72154,34.94907],[133.72304,34.94934],[133.72423,34.94877],[133.72792,34.9501],[133.73198,34.94973],[133.73368,34.95018],[133.73691,34.94761],[133.74007,34.94691],[133.74193,34.94556],[133.74259,34.94564],[133.7436,34.94716],[133.74465,34.94737],[133.7466,34.94666],[133.74833,34.945],[133.74995,34.94543],[133.75409,34.94985],[133.75585,34.94987],[133.75479,34.95114],[133.75507,34.95209],[133.7584,34.95293],[133.76122,34.95274],[133.76286,34.95156],[133.76248,34.94937],[133.76392,34.94804],[133.76432,34.94594],[133.76321,34.94531],[133.76551,34.94371],[133.76626,34.94149],[133.76575,34.94046],[133.7663,34.9372],[133.76816,34.9369],[133.7693,34.93586],[133.77236,34.93638],[133.77367,34.93548],[133.77504,34.9335],[133.77636,34.93563],[133.77735,34.93557],[133.77901,34.93304],[133.77898,34.93086],[133.78014,34.92915],[133.78164,34.92945],[133.78269,34.92897],[133.78381,34.92948],[133.78445,34.93043],[133.78658,34.92953],[133.7877,34.9283],[133.78944,34.92886],[133.79058,34.92784],[133.79214,34.92864],[133.79235,34.92982],[133.79372,34.93041],[133.79373,34.93247],[133.79494,34.93238],[133.79913,34.93379],[133.79876,34.93503],[133.79932,34.93639],[133.79823,34.93854],[133.79869,34.93953],[133.80098,34.93941],[133.80205,34.9399],[133.80506,34.93954],[133.80688,34.94011],[133.80899,34.94204],[133.81039,34.94549],[133.81156,34.94648],[133.81232,34.94606],[133.81423,34.94652],[133.8171,34.94987],[133.8209,34.95264],[133.82312,34.95288],[133.83098,34.95163],[133.83374,34.94992],[133.83564,34.94487],[133.84344,34.945],[133.84489,34.94432],[133.8455,34.94348],[133.84587,34.93975],[133.84666,34.93784],[133.85162,34.93258],[133.85262,34.92977],[133.85245,34.92746],[133.84854,34.92459],[133.84703,34.92212],[133.84737,34.92039],[133.84985,34.91642],[133.85202,34.91494],[133.85946,34.91224],[133.86203,34.90888],[133.86278,34.90709],[133.86398,34.90612],[133.86796,34.90535],[133.87225,34.90704],[133.87539,34.90687],[133.87611,34.90648],[133.87819,34.90317],[133.87678,34.90216],[133.87528,34.90204],[133.87319,34.90064],[133.87166,34.90027],[133.86619,34.90043],[133.86511,34.89935],[133.86565,34.89774],[133.86475,34.89657],[133.86007,34.89417],[133.85805,34.89432],[133.85697,34.89519],[133.85638,34.89505],[133.85508,34.8939],[133.85535,34.89333],[133.8516,34.89049],[133.85114,34.88843],[133.85268,34.88697],[133.8514,34.88684],[133.85034,34.88748],[133.84826,34.88602],[133.84794,34.88369],[133.84929,34.8822],[133.84913,34.88049],[133.85018,34.87948],[133.84768,34.87873],[133.84679,34.87652],[133.84678,34.87526],[133.84235,34.86914],[133.8439,34.8683],[133.84365,34.86756],[133.84473,34.86727],[133.84491,34.86641],[133.84695,34.86453],[133.84614,34.86158],[133.84491,34.86006],[133.84576,34.85729],[133.84686,34.85671],[133.84708,34.85483],[133.84818,34.85359],[133.84682,34.8519],[133.84317,34.84924],[133.84269,34.84643],[133.84361,34.84544],[133.8431,34.84438],[133.83932,34.84269],[133.83531,34.84213],[133.83345,34.84118],[133.83441,34.84295],[133.83367,34.84349],[133.83254,34.84331],[133.83165,34.84221],[133.8286,34.84188],[133.8254,34.83973],[133.82363,34.83757],[133.82244,34.83755],[133.82074,34.83656],[133.81988,34.83514],[133.81849,34.83521],[133.81777,34.83475],[133.81616,34.8292],[133.81725,34.82764],[133.81693,34.82674],[133.81767,34.826],[133.81774,34.82405],[133.81905,34.82311],[133.82029,34.82119],[133.82032,34.81937],[133.8184,34.81877],[133.81783,34.81709],[133.81859,34.81431],[133.81829,34.81284],[133.82006,34.81076],[133.81869,34.8066],[133.81621,34.80554],[133.81408,34.80561],[133.81153,34.80702],[133.8077,34.8081],[133.80692,34.81],[133.80721,34.81151],[133.80667,34.8121],[133.80255,34.81308],[133.80142,34.81462],[133.79994,34.81463],[133.79909,34.81513],[133.79875,34.81707],[133.79991,34.81965],[133.79683,34.81914],[133.79539,34.8174],[133.795,34.81389],[133.79226,34.81435],[133.78957,34.81306],[133.78734,34.81109],[133.78418,34.81127],[133.78317,34.81075],[133.78311,34.80928],[133.78084,34.80886],[133.78115,34.80806],[133.7807,34.80657],[133.77901,34.80373],[133.77302,34.79947],[133.77483,34.79932],[133.77496,34.79894],[133.77401,34.79574],[133.77445,34.79483],[133.77399,34.79368],[133.7741,34.79142],[133.77341,34.79034],[133.77382,34.78837],[133.77303,34.78657],[133.77189,34.78623],[133.76762,34.78671],[133.76639,34.78977],[133.76258,34.78729],[133.76199,34.78647],[133.75803,34.78554],[133.75659,34.78288],[133.75562,34.78199],[133.75296,34.78568],[133.74825,34.78768],[133.74743,34.78523],[133.74913,34.78278],[133.74843,34.78084],[133.74735,34.77966],[133.74613,34.77706],[133.74375,34.77679],[133.74361,34.77381],[133.74141,34.77093],[133.73965,34.76947],[133.74,34.76797],[133.73632,34.7688],[133.73455,34.76859],[133.73127,34.76946],[133.72854,34.77168],[133.72836,34.77441],[133.72297,34.7746],[133.72139,34.77551],[133.71968,34.77523],[133.71915,34.77174],[133.71525,34.76957],[133.71405,34.76738],[133.71258,34.76673],[133.71163,34.76542],[133.71142,34.76376],[133.70967,34.76282],[133.70659,34.76233],[133.70534,34.75959],[133.70139,34.75925],[133.70018,34.76012],[133.70062,34.76122],[133.69996,34.76158],[133.69848,34.76058],[133.69712,34.75818],[133.6957,34.75701],[133.6929,34.75742],[133.69254,34.75602],[133.69103,34.75542],[133.69127,34.75229],[133.68945,34.74901],[133.68891,34.74553],[133.68692,34.74352],[133.68759,34.74619],[133.68584,34.74728],[133.68398,34.74758],[133.68289,34.74956],[133.682,34.74954],[133.68178,34.75074],[133.68008,34.75159],[133.6803,34.75302],[133.6792,34.75459],[133.6795,34.75585],[133.67773,34.7579],[133.67828,34.75886],[133.67772,34.75941],[133.67801,34.76082],[133.6768,34.76267],[133.67424,34.76318],[133.67409,34.76419],[133.6749,34.76687],[133.67391,34.76872],[133.67375,34.77018],[133.67114,34.77109],[133.6693,34.77263],[133.66764,34.77282],[133.66588,34.77612],[133.66185,34.77926],[133.66107,34.7814],[133.66196,34.78221],[133.66106,34.78397],[133.6618,34.78512],[133.66163,34.78631],[133.66248,34.78683],[133.66249,34.78841],[133.66138,34.78877],[133.65983,34.79187],[133.65896,34.79235],[133.65899,34.79398],[133.65999,34.79465],[133.66076,34.79655],[133.65966,34.79724],[133.6597,34.79941]]]}}]}