{"type":"FeatureCollection","features":[{"type":"Feature","properties":{"id":"muni-34101","name":"広島市中区"},"geometry":{"type":"Polygon","coordinates":[[[132.42788,34.368],[132.42854,34.36827],[132.42807,34.36848],[132.43037,34.37212],[132.43093,34.37224],[132.4333,34.37644],[132.43228,34.37701],[132.43671,34.38279],[132.43781,34.38563],[132.44159,34.38803],[132.4426,34.38943],[132.44355,34.39552],[132.44272,34.39813],[132.44698,34.40405],[132.4488,34.40548],[132.45154,34.40523],[132.45332,34.40557],[132.45851,34.40845],[132.46015,34.41056],[132.4619,34.41555],[132.4653,34.41342],[132.46664,34.41059],[132.4692,34.40858],[132.47002,34.40713],[132.4699,34.40628],[132.46729,34.40304],[132.46785,34.4016],[132.4705,34.39889],[132.47102,34.39738],[132.4695,34.39246],[132.47025,34.38746],[132.46816,34.38392],[132.4633,34.3788],[132.46101,34.37481],[132.45978,34.37497],[132.46007,34.37472],[132.45949,34.37068],[132.45914,34.37078],[132.45935,34.37028],[132.45829,34.36873],[132.45706,34.36783],[132.4565,34.36795],[132.45299,34.37801],[132.45233,34.37933],[132.45111,34.37891],[132.45346,34.36877],[132.45331,34.36691],[132.45237,34.36438],[132.44756,34.36488],[132.4457,34.36041],[132.44661,34.35947],[132.44393,34.35802],[132.44068,34.35722],[132.44105,34.35906],[132.43893,34.35938],[132.44221,34.36763],[132.44203,34.36889],[132.44332,34.37249],[132.44326,34.37362],[132.44131,34.37392],[132.43952,34.36925],[132.43961,34.36787],[132.43922,34.36736],[132.4382,34.3677],[132.43766,34.36725],[132.43908,34.36685],[132.4377,34.36533],[132.43801,34.36487],[132.43749,34.36529],[132.43588,34.36427],[132.43733,34.36359],[132.43767,34.36418],[132.43748,34.36352],[132.43766,34.3636],[132.43784,34.36401],[132.43792,34.36402],[132.43624,34.36018],[132.43108,34.3622],[132.43147,34.36192],[132.43096,34.36134],[132.43552,34.35927],[132.43336,34.35334],[132.42942,34.35519],[132.42946,34.35614],[132.42832,34.3557],[132.42393,34.35766],[132.42471,34.35891],[132.42351,34.35946],[132.42262,34.35822],[132.42202,34.35851],[132.42553,34.36377],[132.43011,34.36161],[132.4306,34.36227],[132.4303,34.36242],[132.43092,34.3623],[132.42616,34.36481],[132.42818,34.36786],[132.42788,34.368]]]}},{"type":"Feature","properties":{"id":"muni-34102","name":"広島市東区"},"geometry":{"type":"Polygon","coordinates":[[[132.47928,34.39606],[132.47712,34.3979],[132.47764,34.39852],[132.4745,34.40012],[132.47361,34.39818],[132.47177,34.39919],[132.47063,34.40021],[132.46894,34.40317],[132.46766,34.40388],[132.46995,34.40637],[132.46978,34.40785],[132.46664,34.41059],[132.46539,34.41334],[132.4619,34.41555],[132.46351,34.42206],[132.46391,34.42579],[132.46551,34.42635],[132.46882,34.42902],[132.47399,34.4345],[132.47719,34.43709],[132.48221,34.4395],[132.48755,34.44062],[132.48883,34.44127],[132.48977,34.4425],[132.49511,34.4418],[132.49649,34.44121],[132.49683,34.44026],[132.49973,34.44009],[132.50036,34.4403],[132.50009,34.441],[132.50066,34.4417],[132.50117,34.44499],[132.50365,34.44512],[132.50637,34.4469],[132.50923,34.44576],[132.51147,34.44596],[132.51631,34.44892],[132.52121,34.44674],[132.52333,34.44768],[132.52595,34.4481],[132.52562,34.44891],[132.52806,34.45594],[132.52986,34.4569],[132.53111,34.45866],[132.53197,34.46194],[132.53248,34.46177],[132.53468,34.46319],[132.53827,34.46207],[132.5394,34.46251],[132.54083,34.4616],[132.54251,34.46223],[132.5441,34.46167],[132.5472,34.46309],[132.54927,34.4629],[132.55068,34.46334],[132.55365,34.45934],[132.55273,34.45807],[132.55428,34.45605],[132.5578,34.45475],[132.55953,34.45329],[132.56283,34.45187],[132.56305,34.45034],[132.56454,34.44815],[132.5636,34.44582],[132.56682,34.4394],[132.57213,34.4367],[132.5714,34.43494],[132.57125,34.43287],[132.57043,34.43205],[132.56822,34.43082],[132.56718,34.43085],[132.56671,34.4299],[132.56379,34.42893],[132.56185,34.42908],[132.55926,34.42765],[132.55524,34.42799],[132.55349,34.42481],[132.54614,34.422],[132.54313,34.41832],[132.54072,34.41781],[132.53919,34.41853],[132.5382,34.41844],[132.53504,34.42118],[132.53269,34.42112],[132.53121,34.42159],[132.53013,34.42107],[132.52962,34.41978],[132.52446,34.41768],[132.52115,34.41562],[132.52086,34.4149],[132.51845,34.41492],[132.51785,34.41396],[132.51719,34.41384],[132.51696,34.41159],[132.51562,34.40978],[132.51613,34.40861],[132.51492,34.40707],[132.50852,34.40343],[132.5066,34.40327],[132.50663,34.40465],[132.50542,34.40361],[132.50457,34.40404],[132.50235,34.40141],[132.49994,34.39943],[132.49773,34.39657],[132.4956,34.39533],[132.49939,34.3917],[132.50125,34.39076],[132.49957,34.38928],[132.49269,34.39324],[132.48196,34.39484],[132.47928,34.39606]]]}},{"type":"Feature","properties":{"id":"muni-34103","name":"広島市南区"},"geometry":{"type":"MultiPolygon","coordinates":[[[[132.44485,34.31282],[132.44384,34.309],[132.44423,34.30786],[132.44162,34.30674],[132.4411,34.30707],[132.43977,34.30668],[132.43834,34.30569],[132.43802,34.30488],[132.43805,34.30417],[132.4391,34.3034],[132.44231,34.30224],[132.44335,34.29902],[132.44269,34.29677],[132.44188,34.29692],[132.44034,34.29914],[132.43673,34.30074],[132.43559,34.30049],[132.43486,34.29835],[132.43389,34.29832],[132.43303,34.29713],[132.43265,34.29788],[132.4285,34.30089],[132.42617,34.30097],[132.42511,34.30237],[132.42404,34.30273],[132.42299,34.30037],[132.42107,34.29929],[132.418,34.30039],[132.41678,34.29949],[132.41558,34.29955],[132.41463,34.30056],[132.41535,34.30241],[132.4215,34.3033],[132.422,34.3038],[132.42204,34.30516],[132.4232,34.30498],[132.424,34.30637],[132.426,34.30644],[132.42852,34.30809],[132.42866,34.31019],[132.42972,34.31215],[132.43049,34.31209],[132.43211,34.31301],[132.43242,34.31409],[132.43317,34.31389],[132.43331,34.31499],[132.43236,34.31759],[132.43228,34.31983],[132.43321,34.32036],[132.43364,34.32124],[132.43655,34.32258],[132.43944,34.32542],[132.44076,34.326],[132.44427,34.32535],[132.44474,34.32216],[132.44607,34.32116],[132.44546,34.31974],[132.44554,34.31788],[132.44836,34.316],[132.44803,34.3151],[132.44621,34.31419],[132.44485,34.31282]]],[[[132.40163,34.31161],[132.40138,34.31319],[132.4029,34.31534],[132.40242,34.31295],[132.40163,34.31161]]],[[[132.46117,34.31151],[132.46014,34.31308],[132.46035,34.31557],[132.46145,34.31689],[132.46249,34.31722],[132.4647,34.31532],[132.46551,34.31316],[132.46451,34.31164],[132.46448,34.31082],[132.46117,34.31151]]],[[[132.40568,34.31793],[132.40557,34.31773],[132.40519,34.31834],[132.40469,34.31812],[132.40476,34.31894],[132.40568,34.31793]]],[[[132.4797,34.33667],[132.47906,34.33851],[132.47738,34.34043],[132.47792,34.34261],[132.47697,34.34572],[132.47799,34.34649],[132.48175,34.34694],[132.48401,34.34573],[132.48593,34.34387],[132.48419,34.34123],[132.48661,34.34007],[132.48706,34.33936],[132.4871,34.33717],[132.48442,34.33253],[132.48246,34.3308],[132.48038,34.33024],[132.48072,34.33207],[132.47945,34.33509],[132.4797,34.33667]]],[[[132.45992,34.35133],[132.46269,34.35079],[132.46346,34.34863],[132.4631,34.34781],[132.46358,34.3482],[132.4632,34.34756],[132.46391,34.34765],[132.46444,34.34464],[132.46385,34.34448],[132.46494,34.3424],[132.46292,34.34001],[132.4611,34.34086],[132.46032,34.34291],[132.45876,34.34361],[132.45827,34.34526],[132.45761,34.34544],[132.45877,34.34836],[132.45933,34.35167],[132.45974,34.35188],[132.45905,34.35225],[132.45796,34.35215],[132.45778,34.35141],[132.45248,34.35283],[132.44994,34.3513],[132.44981,34.35086],[132.45073,34.34979],[132.44958,34.34698],[132.44346,34.34825],[132.44204,34.3438],[132.44146,34.34392],[132.44174,34.34484],[132.4381,34.34561],[132.43994,34.35312],[132.44592,34.3559],[132.45438,34.36136],[132.46034,34.36869],[132.46113,34.36999],[132.46165,34.37427],[132.46094,34.37446],[132.46133,34.37592],[132.46985,34.38644],[132.47028,34.3879],[132.4695,34.39246],[132.47102,34.39738],[132.46985,34.3998],[132.46743,34.40232],[132.46766,34.40388],[132.4694,34.40262],[132.47083,34.39996],[132.47361,34.39818],[132.4745,34.40012],[132.47764,34.39852],[132.47723,34.39778],[132.48056,34.39529],[132.49269,34.39324],[132.49957,34.38928],[132.49902,34.38588],[132.50006,34.38253],[132.50057,34.37613],[132.50912,34.37539],[132.50941,34.37608],[132.50988,34.37585],[132.51013,34.37721],[132.51041,34.37725],[132.51025,34.37634],[132.51085,34.37609],[132.51069,34.37544],[132.51116,34.37497],[132.51218,34.3747],[132.51282,34.37544],[132.51507,34.37549],[132.51528,34.37488],[132.51623,34.37471],[132.51638,34.37324],[132.5153,34.37202],[132.51512,34.37087],[132.51571,34.36908],[132.51678,34.36779],[132.5175,34.36524],[132.51517,34.36378],[132.51372,34.36169],[132.50925,34.35911],[132.50865,34.35697],[132.50615,34.35573],[132.50083,34.35573],[132.5006,34.36002],[132.49991,34.36178],[132.50092,34.3627],[132.50133,34.36386],[132.50258,34.36963],[132.50054,34.36979],[132.50032,34.36687],[132.49962,34.36653],[132.50024,34.36588],[132.49742,34.36062],[132.49757,34.3568],[132.49609,34.3568],[132.49195,34.35345],[132.48212,34.35358],[132.4811,34.35492],[132.48122,34.35946],[132.47981,34.35949],[132.47986,34.36173],[132.48073,34.36172],[132.48084,34.36301],[132.47707,34.36459],[132.47698,34.36368],[132.47912,34.36273],[132.47902,34.35766],[132.47813,34.3573],[132.47852,34.35672],[132.4712,34.35337],[132.47013,34.35192],[132.46902,34.35208],[132.46912,34.35292],[132.46336,34.35316],[132.46262,34.35304],[132.46253,34.35182],[132.46229,34.35299],[132.46017,34.35309],[132.45992,34.35133]]]]}},{"type":"Feature","properties":{"id":"muni-34104","name":"広島市西区"},"geometry":{"type":"Polygon","coordinates":[[[132.37112,34.37776],[132.3715,34.37778],[132.37141,34.37871],[132.37276,34.37903],[132.37619,34.38212],[132.37784,34.3827],[132.3802,34.38588],[132.38121,34.38507],[132.38243,34.38486],[132.38307,34.38401],[132.38519,34.38352],[132.38636,34.38411],[132.38665,34.386],[132.38758,34.38767],[132.38738,34.38895],[132.38926,34.38924],[132.39019,34.39077],[132.39237,34.39201],[132.39222,34.39471],[132.39302,34.39528],[132.39244,34.39641],[132.39086,34.39584],[132.39098,34.39644],[132.38885,34.3977],[132.38587,34.39757],[132.38588,34.39863],[132.38559,34.39835],[132.38468,34.39906],[132.38393,34.39878],[132.38208,34.40036],[132.38046,34.40048],[132.38291,34.40217],[132.3833,34.40352],[132.38449,34.40357],[132.38571,34.40468],[132.38604,34.40586],[132.38702,34.40661],[132.38723,34.40797],[132.38841,34.40736],[132.39064,34.40739],[132.39074,34.40877],[132.39216,34.40885],[132.39396,34.40799],[132.3937,34.40579],[132.39464,34.40416],[132.39541,34.40414],[132.39619,34.40338],[132.39753,34.40483],[132.40087,34.4042],[132.40267,34.40325],[132.40659,34.40976],[132.40663,34.41104],[132.40745,34.41176],[132.40787,34.41396],[132.40873,34.41443],[132.40937,34.41597],[132.41103,34.41732],[132.4129,34.41992],[132.41421,34.42085],[132.4141,34.42205],[132.41496,34.42384],[132.41473,34.42543],[132.41618,34.4267],[132.4181,34.42692],[132.4209,34.42946],[132.4223,34.42953],[132.42442,34.42846],[132.42694,34.42801],[132.43058,34.42473],[132.43178,34.42546],[132.43446,34.4259],[132.43856,34.42465],[132.43931,34.42392],[132.44232,34.42277],[132.44704,34.42278],[132.45084,34.42585],[132.45233,34.42595],[132.45592,34.42443],[132.45859,34.42528],[132.46391,34.42579],[132.46231,34.41706],[132.45962,34.40963],[132.45828,34.40829],[132.45332,34.40557],[132.45154,34.40523],[132.4488,34.40548],[132.44642,34.40337],[132.44272,34.39813],[132.44351,34.39453],[132.44281,34.38999],[132.44222,34.38872],[132.43781,34.38563],[132.43671,34.38279],[132.4316,34.37612],[132.4204,34.35932],[132.41878,34.36006],[132.41747,34.35854],[132.41485,34.35972],[132.41372,34.358],[132.41311,34.35796],[132.41357,34.35776],[132.41321,34.35718],[132.41162,34.35791],[132.41138,34.35858],[132.41049,34.35843],[132.40791,34.35961],[132.42168,34.38044],[132.41926,34.38151],[132.41864,34.38161],[132.40327,34.36129],[132.40242,34.36167],[132.40325,34.36148],[132.40419,34.36277],[132.40326,34.36325],[132.4023,34.36198],[132.40198,34.36214],[132.40294,34.36341],[132.39925,34.36535],[132.39753,34.36306],[132.39798,34.36251],[132.39751,34.36302],[132.39643,34.3629],[132.39647,34.36255],[132.3878,34.36195],[132.38044,34.36075],[132.3744,34.36777],[132.37387,34.36758],[132.37134,34.3692],[132.37198,34.37309],[132.37148,34.37391],[132.3719,34.37476],[132.37177,34.37665],[132.3713,34.3766],[132.37112,34.37776]]]}},{"type":"Feature","properties":{"id":"muni-34105","name":"広島市安佐南区"},"geometry":{"type":"Polygon","coordinates":[[[132.38836,34.44613],[132.38247,34.44595],[132.3779,34.44509],[132.37293,34.4471],[132.36541,34.44646],[132.36357,34.44817],[132.36094,34.4486],[132.35962,34.44832],[132.35916,34.44769],[132.35938,34.44203],[132.35797,34.44043],[132.35685,34.44094],[132.35591,34.44218],[132.35451,34.44223],[132.35008,34.43911],[132.3487,34.43983],[132.34549,34.43966],[132.34557,34.44014],[132.34397,34.44082],[132.33927,34.44098],[132.33698,34.43952],[132.33221,34.43788],[132.32915,34.44167],[132.32408,34.44555],[132.32408,34.44659],[132.32274,34.44716],[132.31994,34.44961],[132.32006,34.45105],[132.31968,34.4515],[132.31571,34.45308],[132.31282,34.45561],[132.30998,34.45669],[132.31139,34.45926],[132.31446,34.46163],[132.31495,34.46262],[132.3141,34.46483],[132.31443,34.46658],[132.31407,34.46829],[132.31284,34.46974],[132.30855,34.47294],[132.30777,34.47626],[132.3095,34.47752],[132.31298,34.47811],[132.31658,34.47774],[132.31826,34.47877],[132.31982,34.47899],[132.3216,34.48052],[132.3252,34.48163],[132.33053,34.48501],[132.32869,34.48981],[132.32876,34.49095],[132.3305,34.492],[132.33326,34.49248],[132.33578,34.49387],[132.3376,34.49616],[132.34141,34.49946],[132.34214,34.50198],[132.34156,34.50574],[132.34181,34.50893],[132.34245,34.51049],[132.34114,34.51353],[132.34095,34.51536],[132.34414,34.51901],[132.34731,34.51676],[132.34974,34.51603],[132.3528,34.51686],[132.35666,34.51722],[132.36319,34.51618],[132.36671,34.51692],[132.36899,34.51638],[132.3708,34.51779],[132.37283,34.51678],[132.37315,34.5156],[132.38035,34.51534],[132.38092,34.51396],[132.38084,34.5118],[132.38196,34.50982],[132.38372,34.50863],[132.38975,34.50671],[132.39052,34.50569],[132.3906,34.50483],[132.38986,34.50499],[132.38969,34.50457],[132.39027,34.50414],[132.38993,34.50323],[132.38897,34.50302],[132.38869,34.50148],[132.38789,34.50145],[132.38756,34.50052],[132.38807,34.50007],[132.39016,34.50059],[132.3891,34.49663],[132.38991,34.4932],[132.38734,34.49125],[132.38878,34.48732],[132.38942,34.4869],[132.39185,34.48715],[132.39435,34.48586],[132.39952,34.48462],[132.40168,34.48258],[132.40309,34.4826],[132.40327,34.48325],[132.40231,34.48383],[132.40277,34.48477],[132.40194,34.48551],[132.40209,34.48594],[132.40352,34.48557],[132.40594,34.48766],[132.40744,34.48755],[132.40941,34.48836],[132.40952,34.48799],[132.41652,34.4879],[132.42185,34.48935],[132.42554,34.48851],[132.42659,34.48892],[132.42647,34.49001],[132.42536,34.49082],[132.42529,34.49292],[132.42885,34.49459],[132.42934,34.49592],[132.4318,34.49649],[132.43388,34.49644],[132.43585,34.49576],[132.43957,34.49592],[132.44075,34.49548],[132.44184,34.49586],[132.44326,34.49435],[132.44801,34.49331],[132.45228,34.49544],[132.45382,34.49518],[132.45516,34.49432],[132.45738,34.49447],[132.45685,34.49062],[132.45843,34.48972],[132.45955,34.49028],[132.46101,34.48964],[132.46197,34.48989],[132.46214,34.48935],[132.46361,34.48899],[132.4633,34.48818],[132.46492,34.48778],[132.46817,34.48574],[132.46897,34.48574],[132.47219,34.48895],[132.47477,34.48788],[132.48333,34.48814],[132.4866,34.49209],[132.4856,34.49411],[132.48409,34.49521],[132.4844,34.49696],[132.48303,34.49914],[132.48207,34.49985],[132.48146,34.50341],[132.4816,34.50369],[132.48542,34.50189],[132.48764,34.50361],[132.48794,34.50599],[132.48662,34.51101],[132.48696,34.51222],[132.49293,34.51424],[132.49754,34.51451],[132.50055,34.51405],[132.50377,34.51269],[132.50919,34.50611],[132.51076,34.50214],[132.51091,34.49893],[132.5101,34.49568],[132.51135,34.49068],[132.51128,34.48823],[132.50694,34.48322],[132.4999,34.47705],[132.49715,34.47389],[132.49463,34.46975],[132.49255,34.46117],[132.48829,34.45384],[132.48813,34.45267],[132.48984,34.44276],[132.48958,34.44207],[132.48755,34.44062],[132.48221,34.4395],[132.47719,34.43709],[132.47387,34.43439],[132.46944,34.42955],[132.46521,34.42618],[132.45841,34.42525],[132.45592,34.42443],[132.45233,34.42595],[132.45084,34.42585],[132.44704,34.42278],[132.44232,34.42277],[132.43931,34.42392],[132.43856,34.42465],[132.43446,34.4259],[132.43178,34.42546],[132.43058,34.42473],[132.42694,34.42801],[132.42442,34.42846],[132.42206,34.42956],[132.4209,34.42946],[132.4181,34.42692],[132.41618,34.4267],[132.41502,34.42563],[132.41518,34.42802],[132.41425,34.429],[132.40994,34.42873],[132.40391,34.43164],[132.40014,34.43142],[132.39941,34.43288],[132.39963,34.43342],[132.39832,34.43343],[132.3979,34.43289],[132.39581,34.43506],[132.39485,34.43546],[132.39216,34.43543],[132.39129,34.43467],[132.38796,34.43357],[132.38704,34.43456],[132.38703,34.43543],[132.38801,34.43641],[132.38786,34.43803],[132.38693,34.43937],[132.38775,34.44076],[132.38785,34.44197],[132.39088,34.44297],[132.39204,34.44271],[132.39297,34.44372],[132.39286,34.44416],[132.39171,34.44389],[132.38921,34.44448],[132.38871,34.44475],[132.38901,34.44535],[132.38836,34.44613]]]}},{"type":"Feature","properties":{"id":"muni-34106","name":"広島市安佐北区"},"geometry":{"type":"Polygon","coordinates":[[[132.42647,34.49],[132.42659,34.48892],[132.42554,34.48851],[132.42185,34.48935],[132.41652,34.4879],[132.40952,34.48799],[132.40941,34.48836],[132.40744,34.48755],[132.40594,34.48766],[132.40352,34.48557],[132.40209,34.48594],[132.40194,34.48551],[132.40277,34.48477],[132.40231,34.48383],[132.40325,34.48345],[132.40291,34.48256],[132.40104,34.48289],[132.39952,34.48462],[132.39435,34.48586],[132.39198,34.48712],[132.38936,34.48692],[132.38871,34.48745],[132.38733,34.49119],[132.38991,34.4932],[132.3891,34.49663],[132.39016,34.50059],[132.38807,34.50007],[132.38756,34.50052],[132.38789,34.50145],[132.38869,34.50148],[132.38897,34.50302],[132.38993,34.50323],[132.39027,34.50414],[132.38969,34.50457],[132.38986,34.50499],[132.3906,34.50483],[132.39052,34.50569],[132.38975,34.50671],[132.38372,34.50863],[132.38196,34.50982],[132.38084,34.5118],[132.38092,34.51396],[132.38035,34.51534],[132.37315,34.5156],[132.37283,34.51678],[132.3708,34.51779],[132.36899,34.51638],[132.36671,34.51692],[132.36319,34.51618],[132.35666,34.51722],[132.34867,34.51615],[132.34396,34.51902],[132.34509,34.5207],[132.3451,34.52176],[132.34265,34.52379],[132.34395,34.52684],[132.34607,34.52863],[132.34831,34.52913],[132.35085,34.53135],[132.35265,34.53099],[132.35368,34.53212],[132.35697,34.53408],[132.36062,34.53487],[132.35914,34.53727],[132.359,34.53775],[132.3595,34.53809],[132.36366,34.53885],[132.367,34.54014],[132.36845,34.54195],[132.36857,34.54341],[132.36768,34.545],[132.36872,34.54516],[132.36927,34.54625],[132.37098,34.54743],[132.37298,34.54735],[132.37459,34.54802],[132.37481,34.55108],[132.37922,34.55148],[132.3829,34.5544],[132.38468,34.55355],[132.38669,34.55439],[132.38694,34.55586],[132.38558,34.55934],[132.38695,34.56146],[132.38993,34.56235],[132.39049,34.56546],[132.38978,34.56829],[132.39021,34.57103],[132.38828,34.57318],[132.3892,34.57664],[132.38784,34.57795],[132.38885,34.5829],[132.39167,34.58488],[132.3897,34.59455],[132.39272,34.59777],[132.39907,34.60313],[132.39868,34.60493],[132.3995,34.60449],[132.40258,34.60054],[132.4039,34.60001],[132.40446,34.60239],[132.40644,34.60308],[132.41223,34.5999],[132.41462,34.59927],[132.41734,34.60028],[132.42031,34.60306],[132.42186,34.60346],[132.42283,34.60297],[132.42456,34.60305],[132.42706,34.60121],[132.42864,34.60064],[132.43011,34.6009],[132.43083,34.6002],[132.43034,34.59888],[132.43079,34.59738],[132.43106,34.59779],[132.4329,34.59734],[132.43349,34.59656],[132.435,34.59652],[132.43701,34.59343],[132.43924,34.59204],[132.44435,34.59521],[132.44956,34.59967],[132.45364,34.6017],[132.45441,34.60283],[132.45758,34.6035],[132.45678,34.60404],[132.45669,34.60465],[132.45911,34.60654],[132.45984,34.60849],[132.46082,34.60937],[132.46099,34.6119],[132.46173,34.61278],[132.46802,34.61462],[132.47383,34.61441],[132.4771,34.61358],[132.47997,34.61217],[132.48028,34.61186],[132.47849,34.60851],[132.47859,34.60798],[132.4822,34.60596],[132.48716,34.60618],[132.4895,34.60323],[132.49409,34.60192],[132.49626,34.60062],[132.49788,34.59903],[132.49826,34.59548],[132.49943,34.59342],[132.50154,34.59438],[132.50536,34.5951],[132.50572,34.59471],[132.50748,34.59466],[132.50855,34.59559],[132.51171,34.59625],[132.51511,34.60203],[132.51676,34.603],[132.51713,34.60435],[132.51958,34.60705],[132.52129,34.6071],[132.52141,34.60654],[132.52202,34.6064],[132.52392,34.60691],[132.52456,34.60673],[132.52727,34.60201],[132.52866,34.60131],[132.52761,34.60037],[132.52771,34.59838],[132.52927,34.59749],[132.53091,34.59411],[132.53237,34.59408],[132.5327,34.59463],[132.53374,34.59372],[132.53273,34.59087],[132.53151,34.58912],[132.53133,34.58789],[132.53334,34.58711],[132.53551,34.58477],[132.53865,34.58343],[132.54404,34.58367],[132.54474,34.5827],[132.54951,34.57989],[132.55067,34.57824],[132.55651,34.57655],[132.55985,34.57712],[132.56174,34.5764],[132.56447,34.5738],[132.56475,34.57291],[132.56678,34.57277],[132.56813,34.57175],[132.56929,34.57262],[132.56946,34.57141],[132.57037,34.57069],[132.57002,34.56993],[132.57068,34.56952],[132.57069,34.56855],[132.57212,34.56769],[132.57167,34.56669],[132.57307,34.56588],[132.57274,34.56461],[132.57333,34.56414],[132.57295,34.5636],[132.57371,34.56308],[132.57791,34.56415],[132.58196,34.56728],[132.58194,34.56868],[132.58304,34.56911],[132.58408,34.56886],[132.5876,34.5715],[132.58918,34.57432],[132.59107,34.57555],[132.59146,34.57646],[132.59059,34.57813],[132.59107,34.58046],[132.5902,34.58137],[132.59056,34.58198],[132.59576,34.58531],[132.59673,34.58485],[132.59706,34.58343],[132.59839,34.58208],[132.60347,34.58589],[132.60481,34.58532],[132.60635,34.58631],[132.60797,34.58605],[132.60856,34.58724],[132.60821,34.58836],[132.60857,34.58934],[132.61018,34.59068],[132.61057,34.59172],[132.60756,34.59313],[132.60821,34.59566],[132.60982,34.59677],[132.61202,34.60019],[132.6135,34.60111],[132.61466,34.60021],[132.61736,34.59962],[132.61916,34.59841],[132.62172,34.59958],[132.62407,34.59995],[132.62495,34.59857],[132.62822,34.59862],[132.63241,34.59693],[132.63385,34.59579],[132.63569,34.5966],[132.6355,34.59734],[132.63619,34.59828],[132.64092,34.60066],[132.64511,34.60196],[132.64579,34.60204],[132.64669,34.60114],[132.64832,34.60083],[132.6503,34.60098],[132.6525,34.602],[132.65425,34.60161],[132.65483,34.60188],[132.65637,34.60105],[132.65977,34.60102],[132.66073,34.60412],[132.663,34.60539],[132.6647,34.60713],[132.66677,34.6066],[132.66824,34.60694],[132.66942,34.60827],[132.67025,34.61101],[132.67198,34.61139],[132.6741,34.61078],[132.67434,34.60948],[132.67248,34.60881],[132.67019,34.60439],[132.67137,34.6043],[132.6745,34.60258],[132.67729,34.60401],[132.67931,34.60382],[132.68279,34.59975],[132.69168,34.59164],[132.69349,34.58927],[132.69229,34.5887],[132.69191,34.5877],[132.69384,34.58391],[132.69204,34.58153],[132.69179,34.58028],[132.69135,34.58053],[132.68963,34.57785],[132.68758,34.57666],[132.68747,34.57621],[132.68873,34.57484],[132.68549,34.57208],[132.68384,34.56855],[132.68406,34.56747],[132.68518,34.5673],[132.68757,34.56424],[132.68941,34.56374],[132.69172,34.56194],[132.69381,34.56125],[132.69386,34.55999],[132.69173,34.55986],[132.69048,34.55869],[132.68881,34.55891],[132.68744,34.55671],[132.68873,34.55549],[132.6905,34.55468],[132.69162,34.55155],[132.69094,34.55123],[132.69003,34.5488],[132.68869,34.54707],[132.69114,34.54454],[132.69032,34.54346],[132.68784,34.5418],[132.69143,34.53876],[132.69115,34.53631],[132.69147,34.53459],[132.69059,34.53258],[132.69248,34.53066],[132.69361,34.53045],[132.69345,34.52948],[132.69191,34.52905],[132.68937,34.52919],[132.68694,34.52639],[132.68504,34.52519],[132.68388,34.52709],[132.68005,34.52766],[132.67642,34.52932],[132.67515,34.5305],[132.67347,34.53358],[132.67256,34.53406],[132.67007,34.53158],[132.66911,34.52898],[132.66739,34.52981],[132.66566,34.53148],[132.66357,34.52968],[132.66334,34.52704],[132.66279,34.5261],[132.65757,34.52357],[132.65561,34.52315],[132.6511,34.51955],[132.64955,34.51966],[132.64839,34.51644],[132.64933,34.51407],[132.6486,34.51178],[132.64703,34.50948],[132.64691,34.50676],[132.64609,34.50591],[132.64475,34.5052],[132.64258,34.50555],[132.64055,34.50515],[132.63671,34.50534],[132.63567,34.50636],[132.63357,34.50702],[132.63103,34.50538],[132.63082,34.50275],[132.62843,34.49827],[132.62628,34.49733],[132.62599,34.49633],[132.62399,34.49422],[132.62018,34.49148],[132.61835,34.49078],[132.61416,34.49124],[132.60976,34.49048],[132.60457,34.48826],[132.60204,34.48566],[132.60156,34.48372],[132.60563,34.48152],[132.60943,34.47833],[132.60878,34.47771],[132.60681,34.47733],[132.60593,34.47638],[132.6071,34.47396],[132.60609,34.47189],[132.60263,34.46835],[132.60306,34.46655],[132.60168,34.46334],[132.60079,34.46239],[132.60093,34.46059],[132.60165,34.45978],[132.6008,34.45756],[132.59633,34.45474],[132.59306,34.45137],[132.58964,34.45004],[132.5877,34.44782],[132.58445,34.44799],[132.5812,34.44579],[132.58029,34.44444],[132.57659,34.44244],[132.57455,34.43902],[132.57304,34.43804],[132.57216,34.4367],[132.56682,34.4394],[132.5636,34.44582],[132.56454,34.44815],[132.56305,34.45034],[132.56283,34.45187],[132.55953,34.45329],[132.5578,34.45475],[132.55428,34.45605],[132.55273,34.45807],[132.55365,34.45934],[132.55068,34.46334],[132.54927,34.4629],[132.5472,34.46309],[132.54378,34.46164],[132.54251,34.46223],[132.54083,34.4616],[132.5394,34.46251],[132.53827,34.46207],[132.53491,34.46322],[132.53248,34.46177],[132.53197,34.46194],[132.53111,34.45866],[132.52986,34.4569],[132.52797,34.45578],[132.52562,34.44891],[132.52582,34.44804],[132.52333,34.44768],[132.52121,34.44674],[132.51631,34.44892],[132.51147,34.44596],[132.50923,34.44576],[132.50637,34.4469],[132.50365,34.44512],[132.50117,34.44499],[132.50066,34.4417],[132.50009,34.441],[132.50036,34.4403],[132.49973,34.44009],[132.49683,34.44026],[132.49649,34.44121],[132.49511,34.4418],[132.48977,34.4425],[132.48813,34.45267],[132.48829,34.45384],[132.49255,34.46117],[132.49463,34.46975],[132.49715,34.47389],[132.4999,34.47705],[132.50887,34.48514],[132.51132,34.48844],[132.51135,34.49068],[132.5101,34.49568],[132.51091,34.49893],[132.51039,34.50327],[132.50896,34.50652],[132.50583,34.51062],[132.50363,34.51281],[132.5018,34.51366],[132.49807,34.51447],[132.49342,34.5143],[132.48816,34.51278],[132.48671,34.51194],[132.48794,34.50599],[132.48764,34.50361],[132.48542,34.50189],[132.4816,34.50369],[132.48146,34.50341],[132.48207,34.49985],[132.48303,34.49914],[132.4844,34.49696],[132.48409,34.49521],[132.4856,34.49411],[132.4866,34.49209],[132.48333,34.48814],[132.47477,34.48788],[132.47219,34.48895],[132.46897,34.48574],[132.46817,34.48574],[132.46492,34.48778],[132.4633,34.48818],[132.46361,34.48899],[132.46214,34.48935],[132.46197,34.48989],[132.46101,34.48964],[132.45955,34.49028],[132.45843,34.48972],[132.45685,34.49062],[132.45738,34.49447],[132.45516,34.49432],[132.45382,34.49518],[132.45228,34.49544],[132.44801,34.49331],[132.44326,34.49435],[132.44184,34.49586],[132.44075,34.49548],[132.43957,34.49592],[132.43585,34.49576],[132.43274,34.49649],[132.42934,34.49592],[132.42885,34.49459],[132.42529,34.49292],[132.42536,34.49082],[132.42647,34.49]]]}},{"type":"Feature","properties":{"id":"muni-34107","name":"広島市安芸区"},"geometry":{"type":"MultiPolygon","coordinates":[[[[132.52288,34.34148],[132.52181,34.34411],[132.52142,34.34741],[132.51978,34.35215],[132.5183,34.35361],[132.52068,34.35467],[132.51926,34.35662],[132.52433,34.35842],[132.52826,34.3532],[132.52894,34.35146],[132.52939,34.3523],[132.52772,34.35453],[132.52937,34.3554],[132.53226,34.35378],[132.53331,34.35354],[132.52928,34.35578],[132.52926,34.35648],[132.52745,34.35599],[132.52542,34.35881],[132.52805,34.36007],[132.53325,34.35974],[132.53816,34.3582],[132.53853,34.36005],[132.53916,34.36049],[132.53877,34.36123],[132.54195,34.36296],[132.54335,34.36476],[132.54399,34.36462],[132.54492,34.3628],[132.54652,34.36125],[132.54548,34.36059],[132.54521,34.35943],[132.54616,34.35833],[132.5471,34.3583],[132.54865,34.35733],[132.54871,34.35623],[132.54976,34.3548],[132.54948,34.35434],[132.55015,34.35349],[132.5501,34.35266],[132.55213,34.3507],[132.55275,34.34891],[132.5523,34.34837],[132.55366,34.34696],[132.55432,34.344],[132.55227,34.34227],[132.55231,34.34134],[132.5513,34.33947],[132.55113,34.33717],[132.55136,34.33502],[132.55236,34.33348],[132.55189,34.33154],[132.5525,34.33106],[132.55287,34.32934],[132.55382,34.32868],[132.55374,34.32749],[132.55449,34.32623],[132.55444,34.32545],[132.5563,34.32441],[132.55661,34.32299],[132.55716,34.32315],[132.5563,34.3221],[132.55635,34.31799],[132.55516,34.31791],[132.55574,34.31641],[132.55536,34.31555],[132.55668,34.31319],[132.55342,34.3127],[132.55402,34.31234],[132.55224,34.31283],[132.55044,34.31261],[132.54947,34.31384],[132.54842,34.31422],[132.54499,34.31369],[132.54242,34.31444],[132.54029,34.31598],[132.53661,34.31493],[132.5334,34.31625],[132.53305,34.3179],[132.53469,34.319],[132.53289,34.3189],[132.53228,34.31977],[132.53282,34.32363],[132.53185,34.32644],[132.53144,34.32982],[132.53039,34.33101],[132.53004,34.33364],[132.52789,34.33446],[132.52788,34.3355],[132.52616,34.33647],[132.52615,34.33731],[132.52533,34.3385],[132.52549,34.33963],[132.52425,34.34123],[132.52288,34.34148]]],[[[132.51895,34.35651],[132.51203,34.35405],[132.50997,34.35332],[132.51865,34.35766],[132.51895,34.35651]]],[[[132.51589,34.37688],[132.51481,34.37727],[132.51568,34.37763],[132.5148,34.378],[132.51486,34.37842],[132.51839,34.38118],[132.51822,34.38307],[132.52079,34.38324],[132.5227,34.38497],[132.52401,34.38716],[132.52809,34.3886],[132.52776,34.39066],[132.52858,34.3922],[132.52832,34.3935],[132.52943,34.39441],[132.53008,34.39591],[132.5312,34.39672],[132.53019,34.39842],[132.53045,34.39923],[132.53087,34.39989],[132.53193,34.40007],[132.53305,34.40181],[132.53292,34.40346],[132.5321,34.40469],[132.53296,34.40599],[132.5328,34.40682],[132.5346,34.40862],[132.53453,34.4093],[132.53546,34.41056],[132.53762,34.41122],[132.53876,34.41217],[132.53976,34.41658],[132.54078,34.4179],[132.54313,34.41832],[132.54614,34.422],[132.55349,34.42481],[132.55524,34.42799],[132.55926,34.42765],[132.56185,34.42908],[132.56379,34.42893],[132.56671,34.4299],[132.56718,34.43085],[132.56822,34.43082],[132.57067,34.4322],[132.57125,34.43287],[132.5714,34.43494],[132.57213,34.4367],[132.57304,34.43804],[132.57455,34.43902],[132.57659,34.44244],[132.58029,34.44444],[132.5812,34.44579],[132.58445,34.44799],[132.5877,34.44782],[132.58964,34.45004],[132.59306,34.45137],[132.59633,34.45474],[132.60064,34.45745],[132.60349,34.45599],[132.60693,34.45683],[132.61069,34.45474],[132.61238,34.45203],[132.6139,34.45115],[132.6128,34.44856],[132.61366,34.44831],[132.61516,34.44674],[132.61991,34.44798],[132.62294,34.44581],[132.62899,34.44926],[132.63315,34.45054],[132.63343,34.44901],[132.63474,34.44695],[132.63605,34.44349],[132.63767,34.4432],[132.63777,34.44261],[132.63901,34.44169],[132.64142,34.44211],[132.64309,34.44149],[132.64677,34.43814],[132.64783,34.43797],[132.64926,34.43918],[132.64898,34.44054],[132.65066,34.44093],[132.65165,34.44276],[132.65229,34.44308],[132.65473,34.44357],[132.65634,34.44214],[132.65716,34.44072],[132.65988,34.44159],[132.66235,34.43831],[132.66408,34.43707],[132.66561,34.43289],[132.66603,34.43012],[132.66734,34.42842],[132.66336,34.4272],[132.66007,34.4235],[132.65759,34.42305],[132.65632,34.42227],[132.65252,34.42242],[132.65174,34.42169],[132.6505,34.41895],[132.64631,34.41519],[132.64643,34.41422],[132.64442,34.41314],[132.64499,34.41135],[132.64378,34.41019],[132.64401,34.4092],[132.64287,34.4051],[132.64371,34.40216],[132.64208,34.40136],[132.64153,34.39982],[132.64061,34.39904],[132.64114,34.39846],[132.64319,34.39814],[132.64512,34.39596],[132.64681,34.39579],[132.6468,34.39328],[132.64605,34.39212],[132.64472,34.39125],[132.64432,34.38921],[132.64599,34.38704],[132.64825,34.38579],[132.64943,34.3837],[132.64958,34.38151],[132.65145,34.37885],[132.65031,34.37645],[132.65127,34.37456],[132.65274,34.3731],[132.6532,34.37145],[132.65301,34.36939],[132.65367,34.36858],[132.65292,34.36672],[132.64977,34.36367],[132.64925,34.36339],[132.64732,34.36417],[132.64611,34.363],[132.64485,34.36271],[132.64432,34.36197],[132.64484,34.35641],[132.64303,34.35346],[132.64111,34.35206],[132.63959,34.353],[132.63662,34.35268],[132.63338,34.35306],[132.63214,34.35201],[132.6304,34.35147],[132.62995,34.35226],[132.6277,34.35271],[132.62992,34.35795],[132.63099,34.35869],[132.63132,34.36165],[132.62941,34.36391],[132.62733,34.36501],[132.6259,34.36886],[132.62381,34.37086],[132.62382,34.37238],[132.62198,34.37382],[132.62125,34.37338],[132.62036,34.37359],[132.61791,34.37555],[132.61423,34.37488],[132.61355,34.37556],[132.61246,34.37566],[132.60977,34.37731],[132.60688,34.37815],[132.60557,34.37928],[132.60365,34.37988],[132.59969,34.37992],[132.59801,34.37841],[132.59443,34.3788],[132.59379,34.37985],[132.59288,34.37968],[132.59131,34.3805],[132.58519,34.37957],[132.58421,34.38027],[132.58127,34.38068],[132.5813,34.37787],[132.57978,34.3751],[132.57734,34.3738],[132.57395,34.37519],[132.57031,34.37526],[132.56824,34.37625],[132.56741,34.37565],[132.56633,34.37601],[132.56651,34.37753],[132.56613,34.37807],[132.56725,34.38148],[132.5648,34.38185],[132.56249,34.38316],[132.56077,34.38242],[132.55778,34.38512],[132.55458,34.38378],[132.55459,34.38421],[132.55334,34.38503],[132.55215,34.38538],[132.55047,34.38518],[132.54885,34.38569],[132.54535,34.38581],[132.54263,34.38395],[132.54206,34.38278],[132.54124,34.38282],[132.53628,34.38029],[132.53352,34.37673],[132.53133,34.37621],[132.53018,34.37351],[132.5283,34.37202],[132.52741,34.36857],[132.5175,34.36256],[132.51693,34.3631],[132.51915,34.36441],[132.51788,34.36494],[132.51717,34.36761],[132.51532,34.37006],[132.51523,34.37182],[132.51638,34.37324],[132.51589,34.37688]]]]}},{"type":"Feature","properties":{"id":"muni-34108","name":"広島市佐伯区"},"geometry":{"type":"MultiPolygon","coordinates":[[[[132.35678,34.34882],[132.3532,34.3472],[132.35281,34.34787],[132.35541,34.34883],[132.35311,34.35314],[132.35057,34.35224],[132.34993,34.3534],[132.35229,34.3542],[132.35278,34.35334],[132.35415,34.35384],[132.35678,34.34882]]],[[[132.36033,34.35559],[132.37296,34.36008],[132.37361,34.36039],[132.37432,34.36084],[132.37564,34.35633],[132.3688,34.35383],[132.3705,34.35071],[132.36914,34.35036],[132.36971,34.3486],[132.36471,34.34732],[132.36033,34.35559]]],[[[132.31919,34.38546],[132.31977,34.38694],[132.32085,34.388],[132.31705,34.38999],[132.31693,34.39156],[132.31841,34.39291],[132.32049,34.39363],[132.32076,34.39717],[132.322,34.39888],[132.32235,34.40093],[132.32359,34.4036],[132.32438,34.40414],[132.32438,34.40586],[132.32288,34.40586],[132.32175,34.40661],[132.31485,34.40633],[132.31471,34.40756],[132.31288,34.41028],[132.31293,34.41162],[132.31457,34.41269],[132.31433,34.41569],[132.31328,34.4168],[132.31254,34.41864],[132.31167,34.41917],[132.3111,34.41917],[132.31006,34.41787],[132.30856,34.41784],[132.30676,34.41522],[132.30486,34.41442],[132.30395,34.41245],[132.30204,34.41019],[132.30196,34.4094],[132.30056,34.40849],[132.29935,34.40685],[132.29994,34.40627],[132.29993,34.40362],[132.30041,34.40266],[132.30033,34.39837],[132.3014,34.39516],[132.30336,34.39261],[132.30285,34.39145],[132.30347,34.38964],[132.30265,34.39006],[132.30156,34.38922],[132.30135,34.38885],[132.3021,34.38831],[132.30167,34.3877],[132.30034,34.38787],[132.29864,34.38726],[132.30059,34.38537],[132.29993,34.38434],[132.29826,34.38444],[132.29752,34.385],[132.29452,34.38472],[132.29075,34.38717],[132.28993,34.38704],[132.2849,34.38951],[132.28466,34.39077],[132.28381,34.39166],[132.28455,34.39342],[132.28387,34.39525],[132.28473,34.39666],[132.28382,34.39679],[132.28326,34.39751],[132.28313,34.39979],[132.28492,34.40241],[132.28372,34.40381],[132.28322,34.40652],[132.282,34.40883],[132.28073,34.4098],[132.27839,34.40997],[132.27848,34.41139],[132.27808,34.41172],[132.27445,34.41072],[132.27344,34.41149],[132.27211,34.41163],[132.27159,34.4127],[132.26931,34.41363],[132.26516,34.41236],[132.25972,34.41349],[132.25878,34.41324],[132.25743,34.41405],[132.25506,34.41378],[132.25483,34.41622],[132.25421,34.41702],[132.25437,34.41806],[132.25251,34.42031],[132.25194,34.42037],[132.25275,34.4215],[132.25264,34.42216],[132.25188,34.42263],[132.25101,34.4243],[132.24959,34.42362],[132.24527,34.42315],[132.24169,34.42574],[132.23886,34.42701],[132.23557,34.43105],[132.23436,34.43092],[132.23329,34.43145],[132.22935,34.4313],[132.2285,34.43083],[132.22554,34.42666],[132.22296,34.42504],[132.22125,34.42333],[132.22051,34.42116],[132.21893,34.41987],[132.21798,34.41588],[132.21533,34.41496],[132.21354,34.41578],[132.20844,34.41572],[132.20624,34.4145],[132.2024,34.41624],[132.19652,34.41495],[132.19578,34.41553],[132.19395,34.4195],[132.19263,34.42061],[132.19225,34.42187],[132.19255,34.42257],[132.19068,34.42488],[132.1908,34.42617],[132.19237,34.42714],[132.1936,34.43232],[132.19223,34.43209],[132.19146,34.43321],[132.19127,34.43548],[132.18834,34.43714],[132.18774,34.43811],[132.18506,34.43942],[132.18291,34.43869],[132.17896,34.4404],[132.17851,34.44264],[132.18452,34.44538],[132.18445,34.44632],[132.18238,34.44847],[132.18372,34.44989],[132.18519,34.45008],[132.1877,34.45145],[132.18776,34.45053],[132.1903,34.44943],[132.19309,34.45068],[132.1943,34.44971],[132.19511,34.45093],[132.19354,34.45205],[132.19598,34.45286],[132.19576,34.4546],[132.19664,34.45524],[132.19632,34.45609],[132.19542,34.45678],[132.19367,34.4571],[132.19279,34.45839],[132.19322,34.45916],[132.1945,34.45917],[132.194,34.45957],[132.19461,34.46053],[132.19436,34.46116],[132.1953,34.46211],[132.19415,34.46256],[132.19292,34.46547],[132.19314,34.46811],[132.19478,34.46913],[132.19424,34.4714],[132.195,34.47254],[132.19506,34.47395],[132.19574,34.47463],[132.19658,34.4779],[132.19779,34.47915],[132.19964,34.48008],[132.19994,34.48192],[132.20184,34.48264],[132.20177,34.48332],[132.20273,34.48383],[132.20324,34.48518],[132.20229,34.48724],[132.20028,34.48896],[132.20007,34.49081],[132.19862,34.4917],[132.19825,34.49316],[132.19921,34.49467],[132.19734,34.49698],[132.1998,34.49841],[132.20103,34.49837],[132.20352,34.49925],[132.2051,34.50149],[132.20505,34.50263],[132.20393,34.50375],[132.2044,34.50503],[132.20366,34.50608],[132.20481,34.50733],[132.20452,34.50838],[132.2056,34.50986],[132.21268,34.51275],[132.21362,34.51377],[132.21545,34.51467],[132.21742,34.51363],[132.2185,34.51391],[132.21924,34.51316],[132.22032,34.51323],[132.22246,34.5109],[132.22469,34.5108],[132.22792,34.50955],[132.23011,34.50937],[132.23328,34.51107],[132.23469,34.50987],[132.23512,34.50886],[132.23883,34.50756],[132.24062,34.50793],[132.242,34.50945],[132.24226,34.51099],[132.24114,34.51209],[132.2411,34.51296],[132.23981,34.51392],[132.2394,34.51673],[132.24103,34.51867],[132.24239,34.51929],[132.2427,34.52046],[132.24421,34.52206],[132.24414,34.52348],[132.24809,34.5268],[132.24843,34.52851],[132.24928,34.5298],[132.25174,34.53106],[132.25672,34.53162],[132.26165,34.53464],[132.2635,34.53495],[132.26447,34.53445],[132.26578,34.5359],[132.2676,34.53533],[132.26985,34.53536],[132.27102,34.53615],[132.27122,34.53742],[132.27253,34.53891],[132.2732,34.53936],[132.27566,34.53956],[132.27882,34.54215],[132.2816,34.54123],[132.2841,34.54243],[132.28538,34.5436],[132.28883,34.54337],[132.29108,34.54432],[132.29234,34.54732],[132.29429,34.54826],[132.31014,34.55163],[132.31359,34.55166],[132.31603,34.55261],[132.31858,34.55162],[132.32042,34.55365],[132.32328,34.55393],[132.32548,34.55306],[132.32921,34.5528],[132.33138,34.55535],[132.33577,34.55499],[132.34069,34.55535],[132.34249,34.55264],[132.34349,34.55198],[132.35192,34.55474],[132.35557,34.55302],[132.35859,34.55257],[132.35949,34.55365],[132.35847,34.55751],[132.35902,34.55862],[132.36049,34.5591],[132.36267,34.55375],[132.36066,34.55076],[132.36183,34.55043],[132.36403,34.54625],[132.3637,34.54369],[132.36098,34.54284],[132.36095,34.5413],[132.35972,34.53983],[132.35991,34.5382],[132.359,34.53775],[132.36062,34.53487],[132.35697,34.53408],[132.35368,34.53212],[132.35265,34.53099],[132.35085,34.53135],[132.34831,34.52913],[132.34654,34.5289],[132.34395,34.52684],[132.34265,34.52379],[132.34499,34.52194],[132.34509,34.5207],[132.34095,34.51536],[132.34114,34.51353],[132.34245,34.51049],[132.34181,34.50893],[132.34156,34.50574],[132.34214,34.50198],[132.34141,34.49946],[132.3376,34.49616],[132.33578,34.49387],[132.33326,34.49248],[132.3305,34.492],[132.32876,34.49095],[132.32869,34.48981],[132.33053,34.48501],[132.3252,34.48163],[132.3216,34.48052],[132.31982,34.47899],[132.31826,34.47877],[132.31658,34.47774],[132.31298,34.47811],[132.3095,34.47752],[132.30777,34.47626],[132.30855,34.47294],[132.31284,34.46974],[132.31407,34.46829],[132.31443,34.46658],[132.3141,34.46483],[132.31495,34.46262],[132.31446,34.46163],[132.31139,34.45926],[132.30998,34.45669],[132.31282,34.45561],[132.31571,34.45308],[132.31968,34.4515],[132.32006,34.45105],[132.31994,34.44961],[132.32274,34.44716],[132.32408,34.44659],[132.32408,34.44555],[132.32915,34.44167],[132.33221,34.43788],[132.33698,34.43952],[132.33927,34.44098],[132.34397,34.44082],[132.34557,34.44014],[132.34549,34.43966],[132.3487,34.43983],[132.35008,34.43911],[132.35451,34.44223],[132.35591,34.44218],[132.35685,34.44094],[132.35797,34.44043],[132.35938,34.44203],[132.35916,34.44769],[132.35962,34.44832],[132.36094,34.4486],[132.36357,34.44817],[132.36541,34.44646],[132.37293,34.4471],[132.3779,34.44509],[132.38247,34.44595],[132.38832,34.44616],[132.38901,34.44535],[132.38871,34.44475],[132.38921,34.44448],[132.39171,34.44389],[132.39286,34.44416],[132.39297,34.44372],[132.39204,34.44271],[132.39088,34.44297],[132.38785,34.44197],[132.38775,34.44076],[132.38693,34.43937],[132.38786,34.43803],[132.38801,34.43641],[132.38703,34.43543],[132.38702,34.43483],[132.38791,34.43361],[132.39129,34.43467],[132.39216,34.43543],[132.39485,34.43546],[132.39581,34.43506],[132.3979,34.43289],[132.39832,34.43343],[132.39963,34.43342],[132.39941,34.43288],[132.40014,34.43142],[132.40391,34.43164],[132.40994,34.42873],[132.41425,34.429],[132.41518,34.42802],[132.4146,34.42498],[132.41496,34.42384],[132.4141,34.42205],[132.41421,34.42085],[132.4129,34.41992],[132.41103,34.41732],[132.40937,34.41597],[132.40873,34.41443],[132.40787,34.41396],[132.40745,34.41176],[132.40663,34.41104],[132.40659,34.40976],[132.40267,34.40325],[132.40087,34.4042],[132.39734,34.40484],[132.39616,34.4034],[132.39541,34.40414],[132.39464,34.40416],[132.39386,34.40519],[132.39379,34.40822],[132.39093,34.40882],[132.39064,34.40739],[132.38841,34.40736],[132.38723,34.40797],[132.38702,34.40661],[132.38604,34.40586],[132.38571,34.40468],[132.38449,34.40357],[132.3833,34.40352],[132.38291,34.40217],[132.38063,34.4009],[132.38046,34.40048],[132.38208,34.40036],[132.38393,34.39878],[132.38468,34.39906],[132.38559,34.39835],[132.38588,34.39863],[132.38587,34.39757],[132.38885,34.3977],[132.39098,34.39644],[132.39086,34.39584],[132.39244,34.39641],[132.39302,34.39528],[132.39222,34.39471],[132.39237,34.39201],[132.39019,34.39077],[132.38926,34.38924],[132.38726,34.38877],[132.38758,34.38767],[132.38665,34.386],[132.38636,34.38411],[132.38519,34.38352],[132.38307,34.38401],[132.38243,34.38486],[132.38121,34.38507],[132.3802,34.38588],[132.37784,34.3827],[132.37619,34.38212],[132.37276,34.37903],[132.37141,34.37871],[132.3715,34.37778],[132.37111,34.37775],[132.3713,34.3766],[132.37177,34.37665],[132.3719,34.37476],[132.37154,34.37331],[132.37198,34.37309],[132.37134,34.3692],[132.37395,34.3675],[132.37341,34.36732],[132.37578,34.36343],[132.37473,34.3624],[132.37321,34.36207],[132.37386,34.36068],[132.37327,34.36025],[132.36644,34.35791],[132.36557,34.35955],[132.36446,34.3603],[132.36244,34.36009],[132.36264,34.35869],[132.3536,34.35716],[132.35288,34.35741],[132.34972,34.36106],[132.34923,34.36101],[132.35208,34.35736],[132.35191,34.35692],[132.34931,34.35605],[132.34697,34.35675],[132.34459,34.35927],[132.34386,34.363],[132.34308,34.36386],[132.34356,34.36441],[132.34495,34.36451],[132.34499,34.36689],[132.34535,34.36719],[132.34462,34.36789],[132.34181,34.36613],[132.3395,34.36752],[132.33896,34.36713],[132.3365,34.36792],[132.335,34.36755],[132.33478,34.36821],[132.33554,34.36865],[132.33498,34.3697],[132.33563,34.37074],[132.33387,34.37295],[132.33065,34.37494],[132.32989,34.37659],[132.32537,34.37799],[132.32383,34.37951],[132.31805,34.3812],[132.31854,34.38505],[132.31919,34.38546]]]]}},{"type":"Feature","properties":{"id":"muni-34202","name":"呉市"},"geometry":{"type":"MultiPolygon","coordinates":[[[[132.48758,34.04199],[132.48998,34.04279],[132.49165,34.04482],[132.49304,34.0455],[132.49455,34.04561],[132.49654,34.0448],[132.49342,34.0429],[132.49236,34.04032],[132.49022,34.03903],[132.4891,34.03774],[132.48502,34.03671],[132.48387,34.03401],[132.48336,34.03392],[132.48281,34.03446],[132.48269,34.03621],[132.48189,34.03717],[132.48443,34.03851],[132.48581,34.04082],[132.48758,34.04199]]],[[[132.52161,34.04233],[132.52232,34.04023],[132.52172,34.03874],[132.52002,34.03973],[132.52039,34.04092],[132.5193,34.04156],[132.52034,34.04252],[132.52121,34.04434],[132.52062,34.04291],[132.52161,34.04233]]],[[[132.48248,34.04483],[132.48095,34.04616],[132.48131,34.04638],[132.48248,34.04483]]],[[[132.47254,34.05332],[132.47229,34.05365],[132.47284,34.05559],[132.47292,34.05405],[132.47254,34.05332]]],[[[132.46876,34.05699],[132.46851,34.05619],[132.46783,34.05675],[132.46876,34.05699]]],[[[132.46403,34.05948],[132.46484,34.06024],[132.46597,34.06029],[132.46621,34.06096],[132.46761,34.05687],[132.46518,34.05696],[132.46273,34.05877],[132.46212,34.05973],[132.46229,34.06162],[132.46403,34.05948]]],[[[132.45427,34.08484],[132.455,34.08563],[132.45545,34.08579],[132.45427,34.08484]]],[[[132.52024,34.09037],[132.51992,34.08836],[132.51859,34.08881],[132.51965,34.08955],[132.51912,34.09055],[132.52024,34.09037]]],[[[132.53505,34.09452],[132.53546,34.09414],[132.53541,34.09389],[132.53507,34.09405],[132.53505,34.09452]]],[[[132.45584,34.09093],[132.45453,34.09342],[132.45375,34.09321],[132.45448,34.09346],[132.45363,34.09419],[132.45249,34.09391],[132.45347,34.09288],[132.45131,34.09439],[132.44896,34.09361],[132.44794,34.09384],[132.44776,34.09426],[132.44862,34.09587],[132.44824,34.09726],[132.44874,34.09782],[132.44885,34.1004],[132.44843,34.10258],[132.4474,34.10407],[132.4489,34.10477],[132.44914,34.10551],[132.4485,34.10604],[132.44949,34.10646],[132.44905,34.10782],[132.44721,34.10806],[132.45178,34.11166],[132.45456,34.11305],[132.45503,34.11496],[132.45703,34.11399],[132.45822,34.11527],[132.45957,34.11566],[132.45904,34.11531],[132.45935,34.11451],[132.46022,34.11444],[132.46027,34.11483],[132.46029,34.11443],[132.46193,34.11438],[132.46287,34.11547],[132.46547,34.11605],[132.46638,34.11882],[132.46611,34.11978],[132.46534,34.12038],[132.46883,34.12202],[132.47047,34.12138],[132.47051,34.12051],[132.47131,34.12025],[132.47142,34.11814],[132.47189,34.11812],[132.47494,34.12058],[132.47478,34.12207],[132.47364,34.12169],[132.47283,34.12215],[132.47254,34.12308],[132.47272,34.12448],[132.47366,34.12537],[132.47452,34.12405],[132.47613,34.1248],[132.47606,34.12366],[132.47719,34.1235],[132.48,34.12487],[132.48029,34.12608],[132.48191,34.12699],[132.48534,34.12695],[132.4885,34.13043],[132.49147,34.13123],[132.49317,34.13096],[132.49591,34.13284],[132.49818,34.13285],[132.49877,34.1334],[132.49864,34.13282],[132.49919,34.13276],[132.499,34.13457],[132.50009,34.13442],[132.49968,34.13432],[132.49985,34.13322],[132.50048,34.13297],[132.50285,34.13309],[132.50304,34.13203],[132.50319,34.13292],[132.50475,34.13391],[132.50516,34.13536],[132.50613,34.13587],[132.50655,34.13677],[132.50615,34.13777],[132.50656,34.13748],[132.50663,34.13799],[132.50708,34.13782],[132.50778,34.13964],[132.50747,34.14142],[132.50579,34.14354],[132.50791,34.1411],[132.50882,34.14145],[132.5082,34.14375],[132.50679,34.14616],[132.50551,34.147],[132.50487,34.14683],[132.50491,34.14751],[132.50454,34.14758],[132.50422,34.14732],[132.50465,34.14714],[132.50234,34.14718],[132.50224,34.14671],[132.50277,34.14634],[132.50195,34.14686],[132.50204,34.14703],[132.50077,34.14695],[132.50101,34.14728],[132.50039,34.14764],[132.49691,34.14717],[132.49502,34.14798],[132.49408,34.14892],[132.49463,34.14848],[132.49564,34.14874],[132.49563,34.1499],[132.4946,34.1523],[132.49346,34.15269],[132.49409,34.15276],[132.4933,34.15342],[132.49299,34.1531],[132.49336,34.15354],[132.49303,34.15416],[132.49371,34.15894],[132.49288,34.16022],[132.49318,34.16251],[132.49365,34.16246],[132.49412,34.16323],[132.49404,34.1651],[132.49508,34.16613],[132.49487,34.16789],[132.4956,34.16961],[132.49624,34.17006],[132.49601,34.17032],[132.49722,34.1709],[132.49778,34.17228],[132.49756,34.17289],[132.49765,34.17314],[132.49781,34.17229],[132.49844,34.17303],[132.49897,34.17265],[132.49908,34.17342],[132.4986,34.17322],[132.49754,34.17345],[132.49913,34.17376],[132.49863,34.1746],[132.49815,34.17444],[132.49805,34.17501],[132.49874,34.17526],[132.49825,34.1757],[132.49989,34.17853],[132.49994,34.18018],[132.50149,34.18301],[132.50276,34.18422],[132.50296,34.18541],[132.50509,34.18618],[132.50564,34.18777],[132.50634,34.18767],[132.50876,34.18922],[132.51003,34.18858],[132.51186,34.18923],[132.51195,34.18963],[132.51234,34.1894],[132.51187,34.19016],[132.51356,34.19087],[132.51344,34.19052],[132.51416,34.19035],[132.51422,34.19181],[132.51566,34.19193],[132.51627,34.19153],[132.51726,34.19207],[132.5167,34.19206],[132.51852,34.19237],[132.52095,34.19483],[132.52303,34.19622],[132.52266,34.19648],[132.52365,34.19743],[132.52329,34.19769],[132.52521,34.19939],[132.52594,34.19889],[132.52704,34.20021],[132.52777,34.20008],[132.52783,34.19934],[132.52909,34.19857],[132.52975,34.19885],[132.5305,34.19853],[132.52976,34.19879],[132.52912,34.1983],[132.52955,34.19799],[132.53292,34.19846],[132.53257,34.19898],[132.53505,34.20003],[132.53428,34.20028],[132.53487,34.20045],[132.53544,34.19954],[132.53717,34.1999],[132.53792,34.19956],[132.53809,34.19884],[132.53706,34.19693],[132.53681,34.19445],[132.53538,34.19369],[132.53559,34.19302],[132.53527,34.19204],[132.53539,34.19352],[132.53362,34.19211],[132.53399,34.19182],[132.53317,34.19156],[132.53376,34.189],[132.53574,34.18744],[132.53668,34.1875],[132.53698,34.18662],[132.5368,34.18759],[132.53836,34.18754],[132.53777,34.18859],[132.53836,34.18764],[132.53885,34.18818],[132.54004,34.18834],[132.5426,34.18789],[132.54286,34.18739],[132.54406,34.18845],[132.54525,34.18855],[132.54692,34.18969],[132.54764,34.18927],[132.54785,34.18788],[132.55219,34.18714],[132.55267,34.18663],[132.55183,34.18335],[132.55226,34.18071],[132.55435,34.17978],[132.55685,34.17997],[132.55591,34.17848],[132.55641,34.1759],[132.55582,34.17537],[132.55606,34.17457],[132.55742,34.17263],[132.55905,34.17327],[132.557,34.17053],[132.55673,34.17149],[132.5551,34.17324],[132.553,34.17328],[132.5529,34.17389],[132.55135,34.17482],[132.55101,34.17539],[132.55176,34.17581],[132.55131,34.17638],[132.54842,34.17714],[132.54673,34.17659],[132.54622,34.17606],[132.5465,34.17567],[132.54493,34.17485],[132.54441,34.17551],[132.54351,34.17505],[132.54069,34.17261],[132.54043,34.17167],[132.542,34.17047],[132.5422,34.16975],[132.54071,34.16849],[132.53995,34.16416],[132.53649,34.16323],[132.53379,34.16164],[132.53361,34.16343],[132.53307,34.16321],[132.53229,34.16426],[132.53306,34.16461],[132.53233,34.16539],[132.52797,34.16447],[132.52661,34.1617],[132.52343,34.15953],[132.52354,34.15903],[132.52315,34.15988],[132.5229,34.15968],[132.52238,34.1587],[132.52272,34.15854],[132.52237,34.15866],[132.5215,34.15752],[132.52181,34.15532],[132.52127,34.155],[132.52173,34.15422],[132.52506,34.15556],[132.52992,34.15349],[132.52895,34.15259],[132.52901,34.15196],[132.52723,34.1505],[132.52835,34.14936],[132.53034,34.14937],[132.5307,34.15004],[132.53078,34.14892],[132.53016,34.14869],[132.53039,34.14809],[132.53244,34.14685],[132.53338,34.14773],[132.53707,34.14921],[132.53959,34.14903],[132.54171,34.14986],[132.54448,34.15015],[132.54604,34.14976],[132.5466,34.15115],[132.54835,34.15155],[132.54873,34.15048],[132.54939,34.15013],[132.54929,34.14934],[132.54809,34.14857],[132.54947,34.1467],[132.54871,34.14568],[132.54941,34.14372],[132.54882,34.14354],[132.5483,34.1425],[132.54835,34.14162],[132.54898,34.14128],[132.55112,34.14414],[132.55094,34.1449],[132.55219,34.14571],[132.55157,34.14635],[132.55231,34.14863],[132.55308,34.14907],[132.55376,34.14843],[132.55488,34.15054],[132.55699,34.15098],[132.55781,34.15044],[132.55748,34.14928],[132.55511,34.14768],[132.55305,34.14401],[132.55033,34.14123],[132.54921,34.14092],[132.54855,34.13988],[132.54843,34.13827],[132.54697,34.13806],[132.54764,34.13775],[132.54855,34.13806],[132.54677,34.13435],[132.54737,34.13178],[132.54684,34.13128],[132.54674,34.12894],[132.54506,34.12804],[132.54577,34.12597],[132.5451,34.12566],[132.54514,34.12471],[132.54412,34.12467],[132.54379,34.12337],[132.54282,34.12277],[132.54095,34.1233],[132.53922,34.12291],[132.5388,34.12163],[132.53754,34.1212],[132.53872,34.11831],[132.5394,34.11797],[132.53939,34.11692],[132.54044,34.11588],[132.54142,34.1158],[132.5416,34.11524],[132.54025,34.11411],[132.54091,34.11292],[132.5409,34.11254],[132.54046,34.11327],[132.53929,34.11261],[132.53981,34.11216],[132.5399,34.11048],[132.53904,34.10998],[132.53898,34.1078],[132.54103,34.10708],[132.54266,34.10837],[132.54277,34.10915],[132.54233,34.10952],[132.54317,34.10937],[132.54315,34.11012],[132.54427,34.11079],[132.5456,34.1107],[132.54735,34.11212],[132.54811,34.11516],[132.54895,34.1162],[132.54868,34.11746],[132.55019,34.11747],[132.55225,34.11643],[132.55528,34.1174],[132.5594,34.11675],[132.56045,34.11699],[132.56208,34.11868],[132.56389,34.11899],[132.56573,34.12079],[132.56754,34.12378],[132.5692,34.12403],[132.57147,34.12331],[132.57285,34.12363],[132.57317,34.12603],[132.57382,34.127],[132.57632,34.128],[132.57974,34.12645],[132.58061,34.1244],[132.58282,34.1235],[132.58369,34.12377],[132.58364,34.12289],[132.5829,34.12265],[132.58182,34.12022],[132.58093,34.12017],[132.58057,34.11939],[132.58067,34.11823],[132.58253,34.11578],[132.58254,34.1146],[132.58308,34.11407],[132.58265,34.11261],[132.58389,34.11173],[132.58517,34.112],[132.58506,34.11142],[132.58619,34.11069],[132.58884,34.11078],[132.58981,34.11289],[132.58965,34.11391],[132.59119,34.11493],[132.59303,34.1153],[132.58952,34.10843],[132.58839,34.10916],[132.58676,34.10896],[132.58604,34.10832],[132.58633,34.10761],[132.58545,34.10718],[132.58516,34.10611],[132.58421,34.10667],[132.58207,34.10682],[132.58173,34.10801],[132.5799,34.10903],[132.57902,34.1103],[132.57739,34.11066],[132.57778,34.11206],[132.57687,34.11267],[132.57607,34.11491],[132.57515,34.11511],[132.576,34.11526],[132.57588,34.11593],[132.57338,34.11626],[132.57035,34.11562],[132.56927,34.11317],[132.56944,34.11032],[132.56838,34.10869],[132.56863,34.1051],[132.56794,34.10257],[132.5683,34.09971],[132.56776,34.09707],[132.56617,34.09748],[132.56517,34.09556],[132.56314,34.09412],[132.56262,34.08983],[132.56124,34.0885],[132.5607,34.08641],[132.55944,34.08654],[132.55834,34.08441],[132.55777,34.08442],[132.55671,34.08335],[132.5566,34.08017],[132.55485,34.07971],[132.55383,34.08029],[132.55072,34.07892],[132.55004,34.07939],[132.54989,34.0776],[132.54919,34.07817],[132.54808,34.07771],[132.54735,34.07642],[132.54823,34.0734],[132.55039,34.07164],[132.55134,34.07262],[132.55049,34.07351],[132.55151,34.07257],[132.55235,34.07248],[132.55368,34.07318],[132.55423,34.07418],[132.5553,34.07415],[132.55633,34.07517],[132.557,34.07438],[132.55797,34.0742],[132.55838,34.0731],[132.55896,34.07283],[132.55922,34.07206],[132.55885,34.0711],[132.55561,34.06862],[132.55329,34.06831],[132.5518,34.06884],[132.5512,34.06958],[132.54861,34.06974],[132.55002,34.07011],[132.54896,34.07097],[132.5479,34.07061],[132.54832,34.06987],[132.54761,34.07007],[132.54758,34.06937],[132.54655,34.06865],[132.54602,34.06902],[132.54306,34.06851],[132.54134,34.06884],[132.5389,34.06776],[132.53948,34.06644],[132.53875,34.06636],[132.538,34.06489],[132.53715,34.05835],[132.53537,34.05384],[132.53503,34.04868],[132.53433,34.04828],[132.53409,34.04697],[132.5334,34.04729],[132.5323,34.0466],[132.52968,34.04636],[132.52872,34.04768],[132.52778,34.04815],[132.52435,34.04844],[132.52264,34.05036],[132.52091,34.05024],[132.52023,34.05077],[132.52024,34.05146],[132.51965,34.05158],[132.51967,34.05256],[132.52076,34.05385],[132.52119,34.05328],[132.52192,34.05374],[132.52123,34.05293],[132.52246,34.05286],[132.52314,34.05382],[132.52219,34.05369],[132.5228,34.05381],[132.5246,34.0564],[132.52665,34.05791],[132.52755,34.06176],[132.52684,34.06444],[132.5281,34.06462],[132.52841,34.06516],[132.5281,34.06451],[132.52899,34.06459],[132.52941,34.06592],[132.52901,34.06616],[132.52941,34.06619],[132.52927,34.06826],[132.52977,34.0691],[132.53184,34.0696],[132.53218,34.07162],[132.53144,34.07292],[132.53161,34.07358],[132.53353,34.07419],[132.53339,34.07268],[132.53412,34.07218],[132.53405,34.07171],[132.53528,34.07139],[132.53633,34.07187],[132.53764,34.07075],[132.5369,34.06989],[132.53717,34.06852],[132.53759,34.06842],[132.53764,34.06902],[132.53762,34.06841],[132.53842,34.068],[132.53906,34.06947],[132.53886,34.06783],[132.54127,34.06888],[132.54148,34.06991],[132.54267,34.0711],[132.54267,34.07232],[132.54377,34.07343],[132.54419,34.07475],[132.54667,34.0774],[132.54695,34.07853],[132.54791,34.0786],[132.54902,34.07968],[132.54988,34.07918],[132.54899,34.08516],[132.54806,34.0861],[132.54686,34.08576],[132.5473,34.08615],[132.54671,34.08697],[132.54665,34.08727],[132.54714,34.08647],[132.54834,34.08712],[132.54801,34.08759],[132.54728,34.0873],[132.54798,34.08778],[132.54871,34.08704],[132.54817,34.08909],[132.5472,34.09033],[132.54639,34.09024],[132.54481,34.09119],[132.54409,34.09069],[132.54311,34.09184],[132.54368,34.09329],[132.5446,34.09323],[132.54498,34.09462],[132.54469,34.09501],[132.54525,34.09575],[132.54461,34.09697],[132.54511,34.0974],[132.54417,34.09816],[132.54522,34.09742],[132.54553,34.09786],[132.5445,34.0988],[132.54351,34.09865],[132.54365,34.09896],[132.54152,34.09966],[132.54041,34.09892],[132.54077,34.09882],[132.54001,34.09805],[132.54017,34.09796],[132.54024,34.09773],[132.53985,34.0982],[132.53937,34.09785],[132.53954,34.09724],[132.53999,34.09736],[132.54001,34.09728],[132.53955,34.09721],[132.53966,34.0966],[132.53975,34.09625],[132.54166,34.09668],[132.54228,34.09643],[132.53854,34.09594],[132.53766,34.09487],[132.53531,34.09547],[132.53583,34.09891],[132.53482,34.10107],[132.5348,34.10312],[132.5337,34.10381],[132.53348,34.10334],[132.53185,34.10388],[132.53109,34.10357],[132.53125,34.10333],[132.53194,34.10361],[132.53271,34.10328],[132.53199,34.10285],[132.53284,34.10232],[132.53199,34.1028],[132.53097,34.10196],[132.53084,34.10256],[132.5307,34.1017],[132.52913,34.10139],[132.52846,34.10004],[132.52903,34.09956],[132.52694,34.09853],[132.52677,34.0965],[132.52535,34.09615],[132.52492,34.09492],[132.52338,34.09574],[132.52236,34.09565],[132.52238,34.09528],[132.52176,34.09593],[132.52082,34.09495],[132.52064,34.09351],[132.51973,34.0937],[132.5188,34.09301],[132.51811,34.09411],[132.51835,34.09498],[132.5152,34.09559],[132.51379,34.09372],[132.51436,34.09283],[132.5131,34.09198],[132.5134,34.09107],[132.51225,34.09106],[132.51193,34.09148],[132.51267,34.09423],[132.5119,34.0956],[132.51256,34.09595],[132.51255,34.09756],[132.51373,34.09848],[132.5137,34.09954],[132.50925,34.10204],[132.50996,34.1019],[132.51025,34.10232],[132.5094,34.10292],[132.50953,34.10333],[132.50855,34.10309],[132.50819,34.10365],[132.50624,34.10393],[132.50618,34.10352],[132.50617,34.10393],[132.5055,34.10394],[132.50472,34.10362],[132.50388,34.10407],[132.50395,34.10371],[132.50187,34.103],[132.50166,34.1018],[132.50216,34.10176],[132.50172,34.10173],[132.50166,34.0992],[132.49997,34.09774],[132.49974,34.09671],[132.50046,34.09584],[132.4997,34.09378],[132.49994,34.09318],[132.49842,34.09089],[132.49765,34.09155],[132.49651,34.09172],[132.49507,34.09041],[132.49369,34.09186],[132.49296,34.09194],[132.49328,34.09238],[132.4916,34.09249],[132.49065,34.09118],[132.49041,34.09031],[132.49098,34.08994],[132.49051,34.08927],[132.48965,34.09124],[132.48655,34.09158],[132.48648,34.09084],[132.48575,34.09057],[132.48643,34.09088],[132.48649,34.09148],[132.48539,34.09123],[132.48545,34.09057],[132.4853,34.09123],[132.4842,34.09073],[132.48424,34.08926],[132.48529,34.0894],[132.48489,34.08923],[132.48501,34.08805],[132.48399,34.08659],[132.48222,34.08527],[132.48084,34.08537],[132.48161,34.08754],[132.48062,34.08894],[132.47974,34.08946],[132.47897,34.08909],[132.47744,34.08929],[132.47658,34.08849],[132.47679,34.08807],[132.47535,34.08801],[132.47539,34.08761],[132.47528,34.08804],[132.47207,34.08791],[132.47197,34.08724],[132.47106,34.08734],[132.46919,34.0865],[132.4668,34.08443],[132.46179,34.08249],[132.46095,34.08258],[132.45992,34.08382],[132.45713,34.08507],[132.45584,34.09093]]],[[[132.55917,34.15092],[132.55991,34.15198],[132.56035,34.15211],[132.55978,34.15107],[132.55917,34.15092]]],[[[132.53461,34.15201],[132.53422,34.15164],[132.53359,34.15168],[132.5338,34.15205],[132.53461,34.15201]]],[[[132.56263,34.15737],[132.56346,34.15611],[132.56329,34.15488],[132.56219,34.15482],[132.5611,34.1555],[132.56112,34.15672],[132.56263,34.15737]]],[[[132.5139,34.19671],[132.51534,34.19533],[132.51448,34.19507],[132.51369,34.19333],[132.5139,34.19275],[132.51137,34.19203],[132.51124,34.19338],[132.51183,34.19461],[132.51155,34.19632],[132.51419,34.19954],[132.51468,34.19947],[132.51464,34.19851],[132.5139,34.19671]]],[[[132.51831,34.20382],[132.51811,34.20222],[132.5175,34.20115],[132.51774,34.2032],[132.51831,34.20382]]],[[[132.51893,34.2401],[132.51907,34.24057],[132.51926,34.24001],[132.51893,34.2401]]],[[[132.52354,34.24283],[132.52254,34.24189],[132.52291,34.24168],[132.52265,34.24134],[132.52142,34.24182],[132.52231,34.24325],[132.52354,34.24283]]],[[[132.75254,34.15207],[132.75236,34.15207],[132.75242,34.15233],[132.75254,34.15207]]],[[[132.7512,34.15332],[132.7509,34.15305],[132.75087,34.15325],[132.7512,34.15332]]],[[[132.65854,34.15671],[132.65594,34.15393],[132.65506,34.15186],[132.65411,34.15126],[132.65192,34.15085],[132.65123,34.15184],[132.65073,34.15402],[132.65182,34.15618],[132.65242,34.15569],[132.65338,34.15585],[132.65458,34.1571],[132.65621,34.15575],[132.65744,34.15672],[132.6579,34.15792],[132.65854,34.15802],[132.65854,34.15671]]],[[[132.75765,34.1546],[132.75747,34.15464],[132.75766,34.15477],[132.75765,34.1546]]],[[[132.66675,34.15284],[132.66664,34.15364],[132.6657,34.15411],[132.66582,34.15506],[132.66725,34.15566],[132.66796,34.15675],[132.66909,34.15642],[132.67117,34.15747],[132.67163,34.1585],[132.67126,34.15957],[132.67242,34.15902],[132.67351,34.15944],[132.67241,34.15506],[132.67349,34.15511],[132.67258,34.15453],[132.6739,34.15279],[132.67275,34.15162],[132.67269,34.15078],[132.67118,34.15079],[132.67046,34.1515],[132.66889,34.1511],[132.66675,34.15284]]],[[[132.75218,34.15867],[132.75018,34.15687],[132.7499,34.15738],[132.75069,34.1583],[132.75218,34.15867]]],[[[132.5783,34.1682],[132.57776,34.16712],[132.57805,34.16645],[132.57952,34.16622],[132.57857,34.16589],[132.57816,34.16499],[132.57881,34.16442],[132.57824,34.16136],[132.57858,34.16039],[132.57927,34.16038],[132.57897,34.1591],[132.57756,34.15864],[132.57727,34.15933],[132.57606,34.15917],[132.57399,34.15658],[132.5722,34.15533],[132.57201,34.15582],[132.571,34.15626],[132.56967,34.15754],[132.57027,34.15848],[132.56972,34.15754],[132.57055,34.15798],[132.57067,34.15893],[132.57013,34.15894],[132.57013,34.159],[132.5707,34.15898],[132.57064,34.15961],[132.57008,34.16048],[132.57074,34.16092],[132.57086,34.16187],[132.57161,34.16272],[132.57145,34.16348],[132.57319,34.16447],[132.57363,34.16569],[132.57645,34.16651],[132.57749,34.16811],[132.5783,34.1682]]],[[[132.69083,34.17212],[132.69042,34.17187],[132.69007,34.17217],[132.69048,34.17244],[132.69083,34.17212]]],[[[132.68576,34.17797],[132.68607,34.17682],[132.68559,34.17799],[132.68576,34.17797]]],[[[132.71216,34.20376],[132.7152,34.20135],[132.71758,34.20017],[132.71904,34.19832],[132.7203,34.19761],[132.72142,34.19778],[132.72062,34.19748],[132.72104,34.19711],[132.72199,34.19757],[132.72175,34.19726],[132.72212,34.19722],[132.72187,34.19702],[132.72202,34.19651],[132.72198,34.19703],[132.72377,34.19754],[132.72335,34.19889],[132.7225,34.19893],[132.72496,34.20021],[132.72855,34.19797],[132.73452,34.1973],[132.73542,34.19669],[132.73558,34.19711],[132.73546,34.19668],[132.73603,34.19686],[132.73582,34.1965],[132.73676,34.19589],[132.73718,34.19615],[132.73651,34.19635],[132.73711,34.19667],[132.73625,34.1969],[132.73648,34.19742],[132.73652,34.19694],[132.7381,34.19623],[132.73871,34.19657],[132.74038,34.19627],[132.7403,34.19588],[132.74068,34.1963],[132.74033,34.19586],[132.74133,34.1951],[132.74128,34.19559],[132.7417,34.1956],[132.74115,34.19591],[132.74092,34.19662],[132.73804,34.19757],[132.74022,34.19713],[132.74097,34.19666],[132.74177,34.19561],[132.74144,34.19517],[132.74443,34.19314],[132.74795,34.19299],[132.7507,34.19419],[132.75418,34.19454],[132.75515,34.19386],[132.75844,34.19302],[132.75954,34.19185],[132.75975,34.19043],[132.75879,34.18817],[132.75712,34.18636],[132.75717,34.18681],[132.7563,34.18707],[132.75633,34.18602],[132.75692,34.18603],[132.75665,34.18514],[132.75726,34.18522],[132.75675,34.18507],[132.75707,34.18477],[132.75721,34.18432],[132.75644,34.18521],[132.75582,34.18484],[132.75592,34.18432],[132.75532,34.18426],[132.75397,34.18195],[132.7546,34.18267],[132.75625,34.18129],[132.75695,34.18176],[132.75595,34.1804],[132.75767,34.18126],[132.75725,34.18193],[132.75848,34.18224],[132.75778,34.18325],[132.75896,34.18198],[132.76452,34.18194],[132.76528,34.17856],[132.76486,34.17585],[132.76293,34.17387],[132.76268,34.17289],[132.76003,34.17206],[132.76055,34.17118],[132.76007,34.17091],[132.75954,34.16788],[132.7567,34.16702],[132.75505,34.16575],[132.7544,34.16421],[132.75255,34.16427],[132.75161,34.16306],[132.75044,34.16344],[132.74826,34.1622],[132.74798,34.16268],[132.74508,34.16374],[132.74173,34.16376],[132.74162,34.1627],[132.74025,34.16235],[132.73938,34.16141],[132.73938,34.15867],[132.73882,34.15783],[132.73741,34.1595],[132.73639,34.15925],[132.73533,34.15962],[132.73594,34.16072],[132.73556,34.16137],[132.73756,34.16147],[132.73873,34.16308],[132.73964,34.16299],[132.73968,34.16393],[132.74174,34.16549],[132.7413,34.16564],[132.74071,34.16487],[132.74013,34.1652],[132.74074,34.16601],[132.74236,34.1656],[132.74241,34.16592],[132.74148,34.16593],[132.74151,34.1662],[132.74242,34.16596],[132.74204,34.1663],[132.74228,34.16702],[132.74344,34.1674],[132.74197,34.16999],[132.73831,34.17341],[132.73466,34.17258],[132.72959,34.17285],[132.72544,34.17251],[132.72466,34.17205],[132.72543,34.17163],[132.72265,34.1692],[132.72099,34.17031],[132.72139,34.1715],[132.72064,34.17185],[132.7189,34.1716],[132.71701,34.17309],[132.71654,34.17259],[132.71545,34.17941],[132.71328,34.18104],[132.70813,34.18082],[132.70459,34.17937],[132.70179,34.17934],[132.69646,34.18091],[132.69552,34.18205],[132.69477,34.18227],[132.68758,34.18275],[132.68554,34.18245],[132.68605,34.18384],[132.68497,34.18453],[132.68613,34.18389],[132.68651,34.18412],[132.68617,34.18536],[132.68648,34.18741],[132.68676,34.18702],[132.68812,34.18734],[132.68859,34.18813],[132.68789,34.18823],[132.68772,34.18765],[132.68735,34.18803],[132.68838,34.19054],[132.68782,34.19051],[132.68745,34.18963],[132.68754,34.19009],[132.6878,34.19054],[132.68838,34.19057],[132.68837,34.1908],[132.68742,34.19084],[132.68695,34.19164],[132.68745,34.19086],[132.68817,34.19084],[132.68793,34.1921],[132.68726,34.19266],[132.68708,34.19462],[132.68616,34.19536],[132.6864,34.19631],[132.6896,34.1966],[132.69113,34.1993],[132.69323,34.20156],[132.69731,34.20277],[132.69871,34.20409],[132.70064,34.20446],[132.70709,34.20375],[132.70956,34.20449],[132.71216,34.20376]]],[[[132.66236,34.17011],[132.6633,34.17234],[132.66299,34.1729],[132.66256,34.17274],[132.66228,34.17283],[132.663,34.17295],[132.664,34.17252],[132.66328,34.17345],[132.66267,34.17317],[132.66303,34.17353],[132.66266,34.17341],[132.66092,34.17507],[132.66064,34.1742],[132.66163,34.17362],[132.6606,34.17417],[132.66052,34.17458],[132.66008,34.17406],[132.66093,34.17291],[132.66,34.17406],[132.66074,34.17492],[132.65807,34.17611],[132.65721,34.17576],[132.65659,34.17629],[132.65513,34.17554],[132.65521,34.17447],[132.65662,34.17447],[132.65217,34.17302],[132.6505,34.17066],[132.64423,34.17105],[132.6447,34.17197],[132.64445,34.17282],[132.64582,34.17437],[132.64747,34.1786],[132.64884,34.18046],[132.64823,34.184],[132.64857,34.18631],[132.65098,34.19024],[132.65391,34.19305],[132.65444,34.19441],[132.65581,34.19509],[132.65612,34.1965],[132.65843,34.19623],[132.65983,34.1978],[132.66148,34.19675],[132.66276,34.19677],[132.66449,34.19806],[132.66451,34.19956],[132.66682,34.20044],[132.66895,34.19938],[132.66966,34.19993],[132.67076,34.20257],[132.67219,34.2036],[132.67395,34.20325],[132.67544,34.20229],[132.67647,34.20323],[132.67754,34.20307],[132.6761,34.19955],[132.67703,34.19896],[132.67651,34.19842],[132.67694,34.19835],[132.67618,34.19797],[132.67635,34.19748],[132.67533,34.19826],[132.6751,34.19751],[132.6759,34.19732],[132.67539,34.19741],[132.67458,34.1961],[132.67701,34.194],[132.6791,34.19593],[132.67879,34.19622],[132.68001,34.19631],[132.68133,34.19494],[132.67989,34.19598],[132.67825,34.19416],[132.67969,34.19294],[132.67997,34.1933],[132.68016,34.19271],[132.68105,34.19303],[132.68069,34.19307],[132.68015,34.19363],[132.68245,34.19296],[132.68248,34.19393],[132.68186,34.19453],[132.68257,34.19395],[132.68287,34.19173],[132.68382,34.19138],[132.68396,34.19098],[132.68316,34.19137],[132.68344,34.19069],[132.683,34.19062],[132.68388,34.18992],[132.68404,34.19076],[132.6844,34.18815],[132.68349,34.18614],[132.68248,34.18586],[132.68385,34.18512],[132.68243,34.18578],[132.68062,34.18414],[132.67897,34.18158],[132.67829,34.1791],[132.67589,34.17714],[132.67645,34.17585],[132.67613,34.1749],[132.6742,34.17382],[132.67392,34.17295],[132.67293,34.17289],[132.67272,34.17246],[132.67255,34.17308],[132.67111,34.17327],[132.67069,34.17306],[132.6714,34.17218],[132.66968,34.17125],[132.66808,34.17089],[132.66785,34.17139],[132.66525,34.17153],[132.66344,34.17048],[132.66269,34.16946],[132.66236,34.17011]]],[[[132.76169,34.19232],[132.76134,34.19228],[132.76215,34.19243],[132.76169,34.19232]]],[[[132.74215,34.2017],[132.74128,34.20083],[132.74062,34.20104],[132.74151,34.20209],[132.74215,34.2017]]],[[[132.73699,34.20302],[132.73663,34.20253],[132.73536,34.20301],[132.7365,34.20359],[132.73699,34.20302]]],[[[132.68083,34.20939],[132.68201,34.20929],[132.68207,34.20895],[132.68084,34.20836],[132.68083,34.20939]]],[[[132.69227,34.21875],[132.69226,34.2225],[132.69519,34.22345],[132.69706,34.22349],[132.70044,34.2212],[132.70117,34.21953],[132.70103,34.21859],[132.69982,34.21869],[132.69751,34.21767],[132.69607,34.21814],[132.69461,34.21743],[132.69344,34.21756],[132.69227,34.21875]]],[[[132.51476,34.28784],[132.51392,34.28797],[132.51467,34.28884],[132.51467,34.28959],[132.51235,34.28902],[132.51009,34.2916],[132.50963,34.29126],[132.51007,34.29163],[132.50911,34.29272],[132.50778,34.29226],[132.50579,34.29431],[132.51205,34.29841],[132.51254,34.29958],[132.51893,34.29712],[132.52253,34.29947],[132.52526,34.30235],[132.52673,34.30326],[132.52867,34.30346],[132.52942,34.30279],[132.53129,34.30311],[132.53439,34.30222],[132.53403,34.30317],[132.53258,34.30346],[132.53198,34.30437],[132.53054,34.30452],[132.53023,34.3054],[132.52943,34.30588],[132.52969,34.31104],[132.53055,34.31311],[132.53145,34.31371],[132.53627,34.31465],[132.53971,34.31607],[132.54242,34.31444],[132.54499,34.31369],[132.54842,34.31422],[132.54947,34.31384],[132.55031,34.31263],[132.55224,34.31283],[132.55399,34.31235],[132.55342,34.3127],[132.55668,34.31319],[132.55536,34.31555],[132.55574,34.31641],[132.55516,34.31791],[132.55635,34.31799],[132.55611,34.32048],[132.55657,34.32287],[132.5572,34.32352],[132.55826,34.32315],[132.56075,34.3234],[132.56258,34.32411],[132.56299,34.32497],[132.56457,34.32568],[132.56577,34.32503],[132.56637,34.32361],[132.56725,34.32327],[132.56668,34.32206],[132.56595,34.32208],[132.56595,34.3217],[132.56679,34.32192],[132.56738,34.32153],[132.56809,34.31953],[132.57126,34.31994],[132.57208,34.31852],[132.57921,34.31599],[132.58059,34.31596],[132.58265,34.31734],[132.58377,34.31659],[132.58933,34.31491],[132.59027,34.31262],[132.59034,34.31058],[132.59217,34.30906],[132.593,34.30723],[132.59583,34.30499],[132.59779,34.30514],[132.59988,34.30692],[132.60063,34.30951],[132.60294,34.31121],[132.60339,34.31258],[132.60461,34.31296],[132.605,34.31391],[132.60629,34.31461],[132.60678,34.31676],[132.60819,34.31634],[132.61271,34.31672],[132.61527,34.31449],[132.61954,34.31388],[132.62111,34.31249],[132.62374,34.31368],[132.62652,34.31393],[132.62821,34.31315],[132.62973,34.31149],[132.63321,34.31383],[132.63465,34.31337],[132.63786,34.3134],[132.63815,34.31441],[132.63941,34.315],[132.64173,34.31372],[132.6437,34.31085],[132.64619,34.30946],[132.64975,34.31131],[132.65094,34.30973],[132.65063,34.30955],[132.65257,34.30562],[132.65647,34.29998],[132.65863,34.29569],[132.65972,34.29208],[132.66412,34.28896],[132.66906,34.2912],[132.6696,34.29207],[132.67113,34.29299],[132.67187,34.29516],[132.67333,34.29496],[132.67478,34.29623],[132.67679,34.29713],[132.67767,34.29843],[132.68585,34.30232],[132.69073,34.30289],[132.69213,34.30381],[132.6932,34.30538],[132.69538,34.30637],[132.69556,34.30789],[132.69612,34.3084],[132.69787,34.30832],[132.70377,34.31315],[132.70472,34.3133],[132.70741,34.3125],[132.71046,34.30884],[132.71463,34.30799],[132.71745,34.31077],[132.7169,34.31162],[132.71718,34.31247],[132.71838,34.31316],[132.72053,34.31318],[132.72155,34.31621],[132.72271,34.31762],[132.72511,34.31781],[132.72587,34.31829],[132.72705,34.32102],[132.72691,34.32187],[132.72777,34.322],[132.7294,34.32327],[132.73252,34.32287],[132.73372,34.3238],[132.73483,34.32568],[132.7398,34.32674],[132.74313,34.33076],[132.74674,34.33157],[132.74834,34.33124],[132.74976,34.33303],[132.752,34.33326],[132.75374,34.33278],[132.75339,34.33125],[132.75481,34.32867],[132.75387,34.3252],[132.75397,34.32361],[132.75446,34.32305],[132.75455,34.32165],[132.75609,34.31974],[132.75654,34.31754],[132.75581,34.31433],[132.75647,34.31365],[132.75708,34.31139],[132.75454,34.31081],[132.75622,34.30981],[132.75547,34.30804],[132.75621,34.30571],[132.75759,34.30425],[132.75896,34.30359],[132.76195,34.29956],[132.75926,34.29607],[132.76235,34.2942],[132.76397,34.29134],[132.76533,34.29044],[132.76666,34.29052],[132.76785,34.28838],[132.76858,34.28772],[132.76972,34.28777],[132.76996,34.28684],[132.7712,34.28685],[132.773,34.28789],[132.77402,34.28775],[132.77509,34.28827],[132.77755,34.28755],[132.77843,34.28657],[132.78109,34.28604],[132.78097,34.28124],[132.78311,34.27888],[132.78459,34.27877],[132.78427,34.27751],[132.78528,34.27636],[132.78427,34.27565],[132.78196,34.27729],[132.77778,34.27819],[132.77605,34.27912],[132.77515,34.28076],[132.77218,34.27929],[132.77234,34.27898],[132.76966,34.27907],[132.76788,34.27964],[132.76576,34.28199],[132.76512,34.28145],[132.76434,34.28153],[132.76343,34.28238],[132.7616,34.28263],[132.76101,34.28201],[132.75916,34.28207],[132.75734,34.28151],[132.75714,34.28049],[132.75576,34.27978],[132.75693,34.28047],[132.75698,34.28149],[132.756,34.28154],[132.75588,34.28116],[132.75598,34.28155],[132.75571,34.28131],[132.75587,34.28159],[132.75543,34.28146],[132.75552,34.28181],[132.75436,34.28228],[132.75027,34.28296],[132.75011,34.28258],[132.75416,34.28206],[132.75436,34.28021],[132.75522,34.28023],[132.75437,34.28017],[132.75465,34.27763],[132.75363,34.27677],[132.75368,34.27578],[132.75533,34.2753],[132.75515,34.274],[132.75599,34.27352],[132.75549,34.27282],[132.7563,34.2728],[132.7585,34.27106],[132.7584,34.26982],[132.7595,34.26916],[132.75928,34.26823],[132.75974,34.2679],[132.7592,34.26679],[132.7595,34.26584],[132.75882,34.26523],[132.75861,34.26399],[132.75754,34.26371],[132.75659,34.2643],[132.75684,34.26386],[132.75351,34.26104],[132.75283,34.26002],[132.75301,34.25952],[132.75595,34.257],[132.75743,34.25855],[132.7577,34.25993],[132.75965,34.26057],[132.76034,34.26175],[132.76128,34.26125],[132.76258,34.2614],[132.76341,34.26272],[132.76602,34.26229],[132.76673,34.26076],[132.76762,34.26108],[132.76664,34.2607],[132.76805,34.2593],[132.76913,34.26006],[132.76993,34.25966],[132.77034,34.26013],[132.77205,34.25892],[132.77153,34.25814],[132.77174,34.25741],[132.77341,34.25534],[132.77289,34.25507],[132.77248,34.25302],[132.76749,34.24938],[132.76636,34.24983],[132.76649,34.25011],[132.76491,34.24922],[132.7645,34.24989],[132.76468,34.24924],[132.76501,34.24915],[132.76465,34.24811],[132.7638,34.24752],[132.76119,34.24841],[132.75833,34.24659],[132.75833,34.24453],[132.76128,34.24293],[132.76037,34.2409],[132.7606,34.24046],[132.75702,34.24111],[132.75654,34.24004],[132.75544,34.23983],[132.75434,34.23871],[132.7517,34.239],[132.75,34.24034],[132.74964,34.24162],[132.74851,34.24246],[132.74739,34.24279],[132.74727,34.24208],[132.74351,34.24156],[132.74305,34.24201],[132.74347,34.24231],[132.74284,34.24288],[132.7421,34.24312],[132.74167,34.24268],[132.74029,34.24327],[132.73808,34.24233],[132.73823,34.24141],[132.73618,34.2419],[132.73544,34.24103],[132.734,34.24244],[132.73148,34.24241],[132.73116,34.24156],[132.72982,34.24068],[132.73013,34.24004],[132.72849,34.23954],[132.72669,34.24028],[132.72364,34.24017],[132.7221,34.24082],[132.72074,34.24066],[132.72084,34.241],[132.72029,34.24111],[132.71865,34.24047],[132.71881,34.23995],[132.71897,34.2402],[132.71947,34.24056],[132.71995,34.24073],[132.7189,34.23964],[132.71191,34.2394],[132.71052,34.23892],[132.71168,34.23715],[132.71141,34.23697],[132.71041,34.23893],[132.70776,34.23792],[132.70805,34.23722],[132.7077,34.23789],[132.70667,34.23727],[132.70582,34.23831],[132.70637,34.23718],[132.70574,34.23694],[132.70509,34.23835],[132.70564,34.23645],[132.70535,34.23691],[132.70292,34.23615],[132.70213,34.23699],[132.70327,34.23743],[132.70187,34.23697],[132.70114,34.23582],[132.70046,34.23533],[132.70176,34.2369],[132.70133,34.23752],[132.69954,34.2364],[132.70009,34.23553],[132.69959,34.23509],[132.69997,34.23465],[132.70005,34.23438],[132.69954,34.23348],[132.69999,34.23436],[132.69964,34.23495],[132.69901,34.23437],[132.69921,34.23412],[132.69923,34.23402],[132.69877,34.23457],[132.6984,34.23437],[132.69872,34.23458],[132.69825,34.23508],[132.69782,34.23479],[132.69836,34.2338],[132.69775,34.23388],[132.69883,34.23345],[132.6984,34.23343],[132.69811,34.23354],[132.69596,34.23531],[132.6969,34.23429],[132.69688,34.23288],[132.69685,34.23428],[132.69634,34.23429],[132.69663,34.23448],[132.69613,34.23495],[132.69485,34.2341],[132.69521,34.23356],[132.69401,34.23334],[132.6946,34.23281],[132.69519,34.23313],[132.69686,34.23157],[132.69418,34.22916],[132.69299,34.22993],[132.69385,34.22889],[132.69217,34.22785],[132.69167,34.22836],[132.69201,34.22935],[132.69167,34.22947],[132.69134,34.22812],[132.69186,34.22772],[132.68963,34.22492],[132.68938,34.22375],[132.68758,34.22297],[132.68723,34.2236],[132.68507,34.22244],[132.68556,34.22208],[132.68525,34.22173],[132.68418,34.22185],[132.68496,34.2217],[132.68495,34.21951],[132.6843,34.21913],[132.68506,34.21898],[132.68567,34.21757],[132.68547,34.21676],[132.68636,34.21418],[132.68437,34.21311],[132.68432,34.21031],[132.68186,34.21124],[132.68063,34.2106],[132.67995,34.21133],[132.67932,34.21125],[132.67891,34.21289],[132.67765,34.21264],[132.67667,34.21322],[132.67667,34.21391],[132.67523,34.21468],[132.67311,34.21423],[132.67251,34.2145],[132.6723,34.2148],[132.67272,34.21509],[132.67182,34.21646],[132.67008,34.21747],[132.66993,34.21819],[132.66873,34.21815],[132.66721,34.2198],[132.66713,34.21921],[132.66454,34.21923],[132.66428,34.21985],[132.66467,34.21841],[132.66439,34.21832],[132.66451,34.21861],[132.66226,34.21867],[132.66202,34.21938],[132.6621,34.2185],[132.66125,34.21849],[132.66086,34.21798],[132.66061,34.21804],[132.66031,34.21826],[132.66085,34.218],[132.66097,34.21884],[132.66022,34.21929],[132.65995,34.21866],[132.65895,34.2191],[132.65835,34.22009],[132.65944,34.21813],[132.66051,34.2171],[132.66001,34.21732],[132.65827,34.21578],[132.65746,34.21596],[132.65871,34.21513],[132.65749,34.21569],[132.65749,34.21409],[132.6581,34.21319],[132.65834,34.2145],[132.65826,34.21353],[132.65859,34.21348],[132.65815,34.21323],[132.6587,34.21245],[132.65918,34.21258],[132.65871,34.21243],[132.65902,34.21185],[132.66139,34.20953],[132.66095,34.2084],[132.65953,34.20809],[132.6592,34.20711],[132.65832,34.20666],[132.65471,34.20741],[132.65319,34.20708],[132.65399,34.20687],[132.65089,34.20464],[132.64671,34.20498],[132.64565,34.2044],[132.64344,34.20436],[132.64279,34.2038],[132.64343,34.20262],[132.64319,34.20221],[132.64132,34.20231],[132.6409,34.20178],[132.64001,34.20274],[132.63816,34.20323],[132.63702,34.20213],[132.6354,34.20197],[132.63477,34.20254],[132.63505,34.20298],[132.63419,34.20346],[132.63393,34.20395],[132.6348,34.20322],[132.63628,34.20383],[132.6322,34.20609],[132.63294,34.20732],[132.63188,34.20604],[132.63181,34.20642],[132.62917,34.2059],[132.62669,34.20633],[132.62608,34.20895],[132.62707,34.20799],[132.62738,34.20865],[132.62697,34.20931],[132.6273,34.20935],[132.62719,34.2102],[132.62621,34.21115],[132.62646,34.21138],[132.62235,34.21206],[132.62131,34.21262],[132.62108,34.2122],[132.62123,34.21344],[132.62069,34.21344],[132.62007,34.21314],[132.62011,34.21224],[132.62124,34.21185],[132.61997,34.21178],[132.61958,34.21093],[132.61856,34.21037],[132.61737,34.21078],[132.61592,34.21457],[132.61527,34.21481],[132.61582,34.21643],[132.61545,34.2172],[132.6159,34.21709],[132.6163,34.21775],[132.61534,34.21849],[132.61713,34.22211],[132.61625,34.22247],[132.61559,34.22148],[132.6134,34.22238],[132.61096,34.218],[132.60244,34.22023],[132.60511,34.22637],[132.60226,34.22779],[132.60128,34.2278],[132.6009,34.2285],[132.59606,34.23112],[132.59655,34.22928],[132.59617,34.2292],[132.59645,34.22899],[132.59597,34.22763],[132.59554,34.22765],[132.59588,34.22767],[132.59596,34.22879],[132.59529,34.22884],[132.59519,34.22768],[132.5956,34.22734],[132.59505,34.22768],[132.58994,34.21975],[132.59611,34.21696],[132.59363,34.21261],[132.58926,34.2143],[132.58828,34.21416],[132.58646,34.21152],[132.58483,34.212],[132.57964,34.20861],[132.57975,34.20813],[132.58069,34.20862],[132.5774,34.20646],[132.57656,34.20414],[132.57525,34.20307],[132.57631,34.20407],[132.57529,34.20412],[132.57387,34.20308],[132.57447,34.20288],[132.57453,34.2028],[132.57383,34.20304],[132.57241,34.20237],[132.57117,34.201],[132.56912,34.20068],[132.56835,34.19955],[132.56919,34.19977],[132.56929,34.19965],[132.56857,34.19941],[132.56807,34.1996],[132.56792,34.19898],[132.56842,34.19866],[132.56877,34.19909],[132.56968,34.19952],[132.56844,34.19861],[132.56831,34.19866],[132.56851,34.19815],[132.56799,34.19784],[132.56705,34.19786],[132.56562,34.19885],[132.56255,34.19923],[132.56038,34.19765],[132.55614,34.19712],[132.55519,34.1964],[132.55529,34.19689],[132.55507,34.19685],[132.55429,34.19593],[132.55465,34.19572],[132.5534,34.19461],[132.55026,34.19523],[132.54691,34.19452],[132.54543,34.19501],[132.54358,34.19328],[132.54334,34.19428],[132.54233,34.19446],[132.53822,34.19386],[132.53781,34.19416],[132.5381,34.19559],[132.53899,34.19644],[132.53869,34.19666],[132.53976,34.19736],[132.54031,34.19956],[132.5409,34.19989],[132.54088,34.20021],[132.5403,34.19986],[132.54072,34.2002],[132.54093,34.20241],[132.54263,34.20418],[132.54245,34.20488],[132.54277,34.20466],[132.5434,34.20552],[132.54248,34.20617],[132.54331,34.20575],[132.54271,34.20635],[132.5437,34.20627],[132.54421,34.20928],[132.5427,34.21109],[132.54326,34.2112],[132.54278,34.2118],[132.54237,34.21156],[132.54254,34.21103],[132.54088,34.21328],[132.53457,34.2193],[132.53428,34.21909],[132.53155,34.22218],[132.53811,34.22862],[132.54037,34.22704],[132.5407,34.22727],[132.54097,34.22663],[132.54167,34.22726],[132.54157,34.22774],[132.54191,34.2275],[132.54247,34.22797],[132.54343,34.22731],[132.54386,34.22756],[132.54425,34.22712],[132.54381,34.22681],[132.5454,34.22568],[132.54628,34.22654],[132.54858,34.22521],[132.54946,34.22594],[132.54849,34.2266],[132.54854,34.22666],[132.5495,34.22599],[132.54988,34.22635],[132.54905,34.22695],[132.54993,34.22642],[132.5505,34.22704],[132.54654,34.23034],[132.54866,34.22878],[132.54955,34.22966],[132.54839,34.23059],[132.5496,34.2297],[132.55017,34.23025],[132.55291,34.22845],[132.55189,34.22955],[132.55239,34.23028],[132.55111,34.23113],[132.55244,34.23034],[132.55371,34.23158],[132.55196,34.23281],[132.55323,34.23409],[132.553,34.23433],[132.55327,34.23414],[132.55417,34.23502],[132.5558,34.23388],[132.5561,34.23445],[132.55531,34.23511],[132.55914,34.23255],[132.55959,34.23301],[132.55668,34.23503],[132.55702,34.23523],[132.56009,34.23358],[132.56039,34.23401],[132.55728,34.23557],[132.55778,34.2372],[132.55739,34.23744],[132.55779,34.23722],[132.55866,34.23817],[132.55795,34.23827],[132.55815,34.23852],[132.55759,34.23886],[132.55714,34.23839],[132.55757,34.23888],[132.55715,34.23926],[132.5567,34.23882],[132.55663,34.23887],[132.55712,34.23928],[132.55678,34.23954],[132.55584,34.23904],[132.55561,34.23944],[132.55629,34.24007],[132.55575,34.24048],[132.55492,34.23968],[132.55543,34.24027],[132.55526,34.24087],[132.5541,34.24005],[132.55352,34.24042],[132.55428,34.24126],[132.5517,34.24246],[132.55041,34.24121],[132.55085,34.24094],[132.55013,34.24079],[132.55068,34.24055],[132.55065,34.24051],[132.54999,34.24059],[132.55119,34.23998],[132.54851,34.24105],[132.55141,34.24289],[132.55057,34.24328],[132.5451,34.24023],[132.54168,34.24245],[132.5433,34.24416],[132.54529,34.24287],[132.5457,34.2433],[132.54367,34.245],[132.54502,34.24504],[132.54566,34.24577],[132.54519,34.24607],[132.54399,34.24623],[132.545,34.24576],[132.54394,34.246],[132.54395,34.24531],[132.5439,34.24625],[132.5433,34.2457],[132.54349,34.2461],[132.53953,34.24772],[132.53976,34.24601],[132.54115,34.24535],[132.54143,34.24564],[132.54134,34.24526],[132.54161,34.24555],[132.53935,34.24293],[132.53551,34.24376],[132.53158,34.24152],[132.52915,34.24433],[132.52684,34.24492],[132.52719,34.24436],[132.52482,34.24517],[132.5247,34.24679],[132.52661,34.24808],[132.52786,34.24757],[132.52844,34.24798],[132.5279,34.24855],[132.52762,34.24834],[132.52722,34.24934],[132.52847,34.248],[132.52945,34.24861],[132.52972,34.24957],[132.53068,34.24997],[132.5307,34.25055],[132.53016,34.25022],[132.52989,34.25106],[132.53033,34.25144],[132.52976,34.25364],[132.53018,34.25491],[132.52987,34.25519],[132.52964,34.25503],[132.5294,34.25492],[132.52941,34.2549],[132.52906,34.25478],[132.52904,34.25483],[132.52992,34.25531],[132.52886,34.25579],[132.52903,34.25538],[132.52848,34.25552],[132.52838,34.25495],[132.52797,34.255],[132.52839,34.25665],[132.52733,34.25555],[132.5268,34.25691],[132.52368,34.25823],[132.52505,34.25793],[132.52525,34.25822],[132.52432,34.25889],[132.52529,34.25837],[132.52467,34.25882],[132.52422,34.25894],[132.52404,34.25859],[132.5236,34.25883],[132.521,34.2566],[132.52112,34.25637],[132.52167,34.25664],[132.52205,34.25676],[132.52208,34.25669],[132.51963,34.2558],[132.52073,34.25625],[132.51802,34.25555],[132.51456,34.25693],[132.51462,34.25873],[132.51531,34.25984],[132.51482,34.26079],[132.51579,34.26273],[132.51726,34.26339],[132.51639,34.26431],[132.51457,34.26495],[132.51438,34.26762],[132.51687,34.2723],[132.51608,34.27488],[132.51655,34.27585],[132.51614,34.27613],[132.51794,34.27806],[132.51825,34.27901],[132.51899,34.27883],[132.51792,34.2792],[132.51825,34.2798],[132.51903,34.27957],[132.51914,34.28001],[132.51825,34.27997],[132.51905,34.28198],[132.5183,34.28338],[132.51527,34.28483],[132.51622,34.28448],[132.51645,34.2848],[132.51543,34.28538],[132.51503,34.28551],[132.51507,34.28498],[132.51483,34.28487],[132.51478,34.28524],[132.51352,34.2852],[132.51277,34.28589],[132.51487,34.28653],[132.51351,34.28652],[132.51333,34.28755],[132.5137,34.28798],[132.51476,34.28784]]],[[[132.78678,34.11728],[132.78821,34.11819],[132.7877,34.12082],[132.78827,34.12176],[132.78942,34.12238],[132.79207,34.12195],[132.79184,34.12127],[132.79289,34.12064],[132.79187,34.12118],[132.79126,34.1207],[132.79317,34.1193],[132.79393,34.11935],[132.79394,34.11984],[132.79343,34.11982],[132.79394,34.11986],[132.79356,34.12034],[132.79517,34.12008],[132.79709,34.12199],[132.79787,34.12161],[132.79968,34.12197],[132.80019,34.12151],[132.79905,34.11993],[132.7994,34.11901],[132.79777,34.11699],[132.79574,34.11572],[132.79545,34.1149],[132.79106,34.11572],[132.78982,34.11457],[132.78908,34.11466],[132.78871,34.11395],[132.78619,34.1142],[132.78639,34.11512],[132.7872,34.11572],[132.78723,34.117],[132.78678,34.11728]]],[[[132.75976,34.1545],[132.76214,34.15367],[132.7691,34.15532],[132.77145,34.15776],[132.77253,34.15803],[132.77404,34.15711],[132.77505,34.15537],[132.77505,34.15451],[132.77336,34.15399],[132.77325,34.15299],[132.77159,34.15313],[132.76903,34.15138],[132.76605,34.152],[132.76549,34.15127],[132.76381,34.15065],[132.76328,34.14917],[132.76104,34.1491],[132.76005,34.14858],[132.76001,34.14932],[132.75917,34.1502],[132.75924,34.15184],[132.75847,34.15242],[132.75976,34.1545]]],[[[132.79948,34.1587],[132.8008,34.15972],[132.80174,34.15947],[132.80448,34.16048],[132.80527,34.16128],[132.80557,34.16099],[132.80614,34.16275],[132.80602,34.16294],[132.80604,34.16335],[132.80562,34.16341],[132.80514,34.16442],[132.80611,34.16345],[132.80613,34.16285],[132.80657,34.16283],[132.80603,34.1654],[132.8034,34.16847],[132.80345,34.17009],[132.80294,34.17125],[132.80343,34.17292],[132.80651,34.17569],[132.80673,34.17625],[132.80652,34.17635],[132.80644,34.17651],[132.80639,34.17711],[132.80649,34.17738],[132.80674,34.1763],[132.80718,34.17736],[132.80688,34.1775],[132.80773,34.1777],[132.80668,34.17802],[132.80772,34.17775],[132.8139,34.18174],[132.81855,34.18309],[132.82004,34.18526],[132.82127,34.18564],[132.82285,34.18706],[132.82855,34.18715],[132.82818,34.18692],[132.82852,34.1861],[132.82979,34.18607],[132.82981,34.18547],[132.83023,34.18633],[132.83085,34.18541],[132.83066,34.1863],[132.83105,34.18675],[132.83076,34.18628],[132.83109,34.18549],[132.83206,34.18772],[132.8316,34.18789],[132.83208,34.18777],[132.83258,34.18885],[132.8321,34.18926],[132.83083,34.18858],[132.8321,34.18932],[132.83241,34.19003],[132.83432,34.18989],[132.84081,34.19155],[132.84234,34.1915],[132.84572,34.19398],[132.84623,34.19578],[132.84788,34.19559],[132.84953,34.19629],[132.85038,34.19585],[132.84711,34.19317],[132.84778,34.19223],[132.84905,34.19159],[132.84922,34.19069],[132.85263,34.18902],[132.85236,34.18865],[132.85288,34.18818],[132.85307,34.18884],[132.85366,34.18883],[132.85356,34.18848],[132.85419,34.18845],[132.85384,34.18828],[132.85495,34.18747],[132.85619,34.18748],[132.85788,34.18646],[132.85758,34.18516],[132.85842,34.18483],[132.8589,34.1852],[132.85896,34.18515],[132.85811,34.18455],[132.85816,34.18404],[132.85846,34.18424],[132.85915,34.18359],[132.85935,34.18293],[132.85873,34.18293],[132.8595,34.18228],[132.86133,34.18265],[132.86062,34.18231],[132.86158,34.18158],[132.8622,34.18165],[132.86186,34.18262],[132.86227,34.18244],[132.86226,34.18166],[132.86309,34.18117],[132.86376,34.17958],[132.86494,34.18063],[132.8656,34.1805],[132.86564,34.18007],[132.86676,34.18003],[132.86685,34.18064],[132.86694,34.18001],[132.86827,34.18024],[132.86859,34.17691],[132.86934,34.1773],[132.86879,34.17685],[132.86887,34.17611],[132.86779,34.17513],[132.86767,34.17432],[132.86817,34.1737],[132.86764,34.17428],[132.86524,34.17374],[132.86466,34.17288],[132.8619,34.1715],[132.86131,34.17038],[132.85734,34.16675],[132.85207,34.16374],[132.84933,34.16293],[132.84709,34.16042],[132.84568,34.15989],[132.83918,34.16034],[132.83973,34.15954],[132.84025,34.15992],[132.84048,34.15973],[132.8394,34.15925],[132.83897,34.15833],[132.83535,34.15729],[132.83466,34.15618],[132.83251,34.15649],[132.8302,34.15455],[132.82807,34.15379],[132.82317,34.15387],[132.82127,34.15286],[132.82073,34.1516],[132.81972,34.15096],[132.81766,34.15111],[132.8159,34.15268],[132.815,34.15261],[132.8127,34.15381],[132.81044,34.15433],[132.809,34.15396],[132.80733,34.15271],[132.80573,34.15385],[132.80443,34.15378],[132.80255,34.15499],[132.80316,34.15662],[132.80218,34.15772],[132.79948,34.1587]]],[[[132.77163,34.16488],[132.77161,34.16889],[132.77078,34.17048],[132.77108,34.17215],[132.77074,34.1736],[132.77142,34.17666],[132.77573,34.18047],[132.77737,34.18096],[132.77868,34.18314],[132.77848,34.18463],[132.78055,34.18602],[132.78133,34.18762],[132.78678,34.18894],[132.79154,34.18493],[132.79229,34.18535],[132.79556,34.18308],[132.79227,34.18528],[132.79163,34.18489],[132.79249,34.18409],[132.79234,34.18342],[132.79279,34.18374],[132.79381,34.18312],[132.79247,34.18339],[132.79287,34.18299],[132.79384,34.18246],[132.79525,34.1827],[132.79466,34.18202],[132.79681,34.17984],[132.79739,34.18001],[132.7978,34.17921],[132.79813,34.17944],[132.79837,34.17892],[132.79782,34.17916],[132.79822,34.17824],[132.79913,34.17813],[132.7998,34.17675],[132.79909,34.17809],[132.79803,34.17817],[132.79959,34.17596],[132.79987,34.17618],[132.79987,34.17541],[132.80029,34.17546],[132.79982,34.17531],[132.79929,34.17541],[132.79855,34.17454],[132.79904,34.17398],[132.79943,34.17472],[132.79973,34.17503],[132.79896,34.1737],[132.79836,34.1741],[132.79785,34.17224],[132.79847,34.17247],[132.79882,34.17346],[132.7985,34.17241],[132.7973,34.17107],[132.79804,34.17103],[132.79886,34.17174],[132.79807,34.17096],[132.7972,34.17102],[132.79683,34.17011],[132.7958,34.16949],[132.79613,34.16936],[132.79641,34.16972],[132.79699,34.16971],[132.79616,34.16932],[132.79571,34.16934],[132.79622,34.16916],[132.795,34.16824],[132.79535,34.16803],[132.79587,34.16859],[132.79619,34.16862],[132.79273,34.16543],[132.78893,34.16399],[132.78701,34.16244],[132.7847,34.16236],[132.78172,34.16087],[132.7763,34.16156],[132.77263,34.16112],[132.77201,34.16275],[132.7714,34.16319],[132.77172,34.16417],[132.7713,34.16497],[132.77163,34.16488]]],[[[132.76345,34.18553],[132.76385,34.18544],[132.76335,34.18539],[132.76345,34.18553]]],[[[132.76636,34.18774],[132.76734,34.18846],[132.76832,34.18887],[132.76654,34.18703],[132.76636,34.18774]]],[[[132.86177,34.18684],[132.86043,34.18746],[132.86,34.18846],[132.86033,34.18913],[132.86151,34.18924],[132.86323,34.18861],[132.86361,34.1877],[132.86332,34.18706],[132.86177,34.18684]]],[[[132.80965,34.18926],[132.81064,34.19141],[132.80844,34.19334],[132.80853,34.19386],[132.81174,34.19527],[132.8158,34.19497],[132.81937,34.19715],[132.82076,34.19629],[132.8208,34.19574],[132.81994,34.19478],[132.82156,34.19232],[132.82006,34.19052],[132.81956,34.1903],[132.81998,34.1907],[132.81899,34.19105],[132.81847,34.19085],[132.81891,34.19061],[132.8184,34.19061],[132.81894,34.19036],[132.81834,34.19054],[132.81754,34.18994],[132.81585,34.18966],[132.81471,34.19005],[132.81462,34.18922],[132.81318,34.18882],[132.81488,34.18728],[132.81361,34.18761],[132.81217,34.18741],[132.81143,34.18683],[132.80982,34.18681],[132.80519,34.18779],[132.80642,34.18853],[132.80851,34.18846],[132.80965,34.18926]]],[[[132.83623,34.19209],[132.83485,34.19283],[132.83562,34.19287],[132.83623,34.19209]]],[[[132.85771,34.19478],[132.85966,34.19274],[132.85897,34.19121],[132.85718,34.19122],[132.85544,34.19252],[132.85512,34.19406],[132.85554,34.19503],[132.85771,34.19478]]],[[[132.85328,34.19489],[132.85347,34.19264],[132.85268,34.19195],[132.8499,34.19198],[132.84916,34.19252],[132.85027,34.19393],[132.85205,34.19502],[132.85328,34.19489]]],[[[132.76786,34.24547],[132.76924,34.24346],[132.77035,34.24326],[132.7704,34.24256],[132.76789,34.24367],[132.76786,34.24547]]],[[[132.78323,34.26126],[132.78456,34.26074],[132.78561,34.26101],[132.78608,34.26024],[132.78789,34.26055],[132.78783,34.25915],[132.78615,34.25893],[132.78639,34.25824],[132.78596,34.25778],[132.78756,34.25749],[132.78741,34.25572],[132.78512,34.25588],[132.785,34.25679],[132.78431,34.25704],[132.78358,34.25646],[132.78279,34.2569],[132.78207,34.25644],[132.78076,34.25772],[132.78266,34.2605],[132.78257,34.26211],[132.7832,34.26189],[132.78323,34.26126]]],[[[132.77513,34.26116],[132.77662,34.2596],[132.77742,34.26013],[132.77843,34.25959],[132.77946,34.25779],[132.77852,34.25754],[132.7772,34.25889],[132.77437,34.25923],[132.77356,34.26069],[132.77513,34.26116]]],[[[132.77526,34.26812],[132.77443,34.26716],[132.7751,34.26504],[132.77428,34.26473],[132.77327,34.2651],[132.77204,34.26391],[132.77104,34.264],[132.77117,34.26622],[132.77184,34.26738],[132.77409,34.26847],[132.77526,34.26812]]]]}},{"type":"Feature","properties":{"id":"muni-34203","name":"竹原市"},"geometry":{"type":"MultiPolygon","coordinates":[[[[132.97802,34.31076],[132.98213,34.30841],[132.98108,34.30737],[132.98109,34.30633],[132.98025,34.3047],[132.98005,34.30574],[132.97923,34.30661],[132.97802,34.31076]]],[[[132.98915,34.31591],[132.99105,34.31417],[132.99305,34.31447],[132.99504,34.31326],[132.9957,34.31108],[132.9976,34.30921],[132.9981,34.30906],[132.99813,34.30942],[132.99896,34.30781],[132.99829,34.30541],[132.99539,34.30547],[132.99567,34.30486],[132.99529,34.30542],[132.99434,34.30495],[132.99385,34.30224],[132.99314,34.30306],[132.99181,34.30297],[132.99088,34.30556],[132.99053,34.30541],[132.99049,34.30549],[132.99089,34.3056],[132.99016,34.30681],[132.9896,34.30947],[132.98964,34.31288],[132.98825,34.31532],[132.98915,34.31591]]],[[[132.93699,34.32293],[132.93615,34.32433],[132.93711,34.32454],[132.9402,34.32421],[132.94195,34.32315],[132.94276,34.32386],[132.94333,34.3226],[132.94391,34.32237],[132.94629,34.31707],[132.94885,34.3159],[132.94917,34.3147],[132.94855,34.31356],[132.94841,34.31157],[132.94918,34.31053],[132.94868,34.30932],[132.94785,34.31043],[132.94651,34.31043],[132.94469,34.31513],[132.94286,34.31653],[132.94098,34.3203],[132.93811,34.32285],[132.93699,34.32293]]],[[[132.87166,34.30693],[132.87295,34.30618],[132.8742,34.30654],[132.87512,34.3075],[132.87625,34.30721],[132.8766,34.30655],[132.87573,34.30622],[132.87525,34.30493],[132.87425,34.30444],[132.87404,34.30221],[132.87304,34.3021],[132.87314,34.30275],[132.87104,34.30422],[132.86998,34.30435],[132.86971,34.30388],[132.86984,34.30477],[132.86851,34.3052],[132.86882,34.30502],[132.86823,34.30509],[132.86526,34.30148],[132.86261,34.3003],[132.86209,34.29765],[132.86121,34.29741],[132.86107,34.29802],[132.85912,34.29923],[132.85894,34.30053],[132.85601,34.29985],[132.85528,34.2987],[132.85529,34.29706],[132.85403,34.29625],[132.85335,34.29889],[132.85381,34.3],[132.85454,34.30026],[132.85436,34.30338],[132.85354,34.30644],[132.85115,34.30785],[132.85107,34.30886],[132.85186,34.31083],[132.8515,34.31329],[132.85193,34.31427],[132.85086,34.31504],[132.85238,34.31631],[132.85333,34.31783],[132.85312,34.31991],[132.8522,34.32121],[132.8526,34.32188],[132.85269,34.32521],[132.85336,34.3264],[132.85333,34.32783],[132.85675,34.33268],[132.85578,34.33509],[132.85658,34.33557],[132.85647,34.3364],[132.85709,34.33725],[132.85646,34.33905],[132.85708,34.34049],[132.85672,34.34285],[132.85827,34.34465],[132.85884,34.34468],[132.85927,34.34619],[132.85767,34.34741],[132.85647,34.34758],[132.8564,34.34804],[132.85783,34.34872],[132.85927,34.35154],[132.85539,34.35189],[132.85462,34.35316],[132.85403,34.35647],[132.84916,34.35483],[132.84767,34.35692],[132.84761,34.35819],[132.84466,34.35932],[132.84303,34.35916],[132.84132,34.35981],[132.83782,34.36255],[132.83602,34.36184],[132.83385,34.36251],[132.83154,34.36418],[132.82957,34.36383],[132.82887,34.36263],[132.82795,34.36282],[132.82566,34.36449],[132.82588,34.36528],[132.8246,34.36539],[132.82386,34.36634],[132.82121,34.36676],[132.82002,34.36787],[132.81553,34.36953],[132.81274,34.36911],[132.81219,34.36954],[132.81206,34.37254],[132.80936,34.37417],[132.80529,34.37436],[132.80388,34.37358],[132.80224,34.37336],[132.80015,34.37135],[132.79784,34.37169],[132.7988,34.37271],[132.79733,34.37385],[132.79616,34.37314],[132.7959,34.37221],[132.79653,34.36993],[132.79573,34.37052],[132.79451,34.36987],[132.79221,34.37099],[132.78909,34.37082],[132.7877,34.3714],[132.78619,34.37036],[132.78571,34.37156],[132.78633,34.37299],[132.78513,34.37525],[132.78787,34.3784],[132.78751,34.37954],[132.7884,34.38049],[132.78821,34.3812],[132.78888,34.38233],[132.79254,34.38455],[132.79332,34.3856],[132.79625,34.38564],[132.7954,34.38706],[132.79552,34.38774],[132.79763,34.38941],[132.79964,34.38971],[132.80019,34.39051],[132.80016,34.3921],[132.80097,34.39185],[132.80268,34.39283],[132.80638,34.39145],[132.80742,34.39198],[132.80988,34.3913],[132.81052,34.39264],[132.81186,34.39306],[132.81504,34.39207],[132.81629,34.39463],[132.81501,34.39541],[132.81448,34.39742],[132.81361,34.39849],[132.81435,34.40142],[132.80932,34.40694],[132.80636,34.4084],[132.80586,34.40697],[132.80372,34.40595],[132.80316,34.40665],[132.80094,34.40756],[132.8002,34.40679],[132.79856,34.40854],[132.79634,34.40685],[132.79564,34.40712],[132.79351,34.40666],[132.79188,34.40815],[132.79014,34.40846],[132.78975,34.40922],[132.78855,34.40914],[132.78798,34.41224],[132.78667,34.41227],[132.78549,34.41333],[132.7847,34.41514],[132.78483,34.41606],[132.78252,34.41782],[132.78213,34.41927],[132.78253,34.42064],[132.78611,34.42191],[132.78884,34.4235],[132.79085,34.42291],[132.79093,34.42098],[132.79263,34.4209],[132.79456,34.42011],[132.79871,34.41989],[132.80319,34.42059],[132.80382,34.41988],[132.80471,34.4204],[132.80569,34.42025],[132.80757,34.42192],[132.80934,34.42195],[132.81268,34.42469],[132.81569,34.42333],[132.81673,34.4235],[132.81831,34.42218],[132.82059,34.41904],[132.82177,34.41841],[132.82394,34.41947],[132.82576,34.41892],[132.8278,34.42046],[132.82995,34.4202],[132.83226,34.4226],[132.83511,34.42254],[132.83606,34.42106],[132.83585,34.42019],[132.83632,34.41947],[132.83774,34.41952],[132.83947,34.41814],[132.84105,34.41825],[132.84374,34.41969],[132.84776,34.41897],[132.84996,34.41915],[132.8499,34.41793],[132.85048,34.41771],[132.85182,34.41446],[132.85377,34.41472],[132.85745,34.41345],[132.85967,34.41492],[132.86073,34.41328],[132.86139,34.41336],[132.8639,34.4118],[132.8683,34.41082],[132.86828,34.40966],[132.86904,34.40899],[132.87105,34.40826],[132.87357,34.40828],[132.87504,34.40762],[132.8761,34.40694],[132.8769,34.40534],[132.87775,34.40605],[132.87915,34.40594],[132.87962,34.40667],[132.88223,34.40638],[132.88261,34.40729],[132.88581,34.40724],[132.88704,34.41001],[132.88948,34.4098],[132.89212,34.41142],[132.89498,34.41081],[132.89369,34.41361],[132.89151,34.41432],[132.89085,34.41591],[132.89229,34.41679],[132.89218,34.41823],[132.89451,34.41911],[132.89339,34.42153],[132.89426,34.42184],[132.89595,34.42387],[132.8968,34.42389],[132.89769,34.42463],[132.8967,34.42779],[132.89691,34.42825],[132.89975,34.42871],[132.90123,34.42948],[132.90399,34.42957],[132.90656,34.42607],[132.90572,34.42473],[132.90605,34.42043],[132.90566,34.41917],[132.90719,34.41743],[132.90773,34.41341],[132.90728,34.41165],[132.90895,34.40832],[132.90883,34.40654],[132.90827,34.40556],[132.90376,34.40209],[132.90434,34.40144],[132.90493,34.39879],[132.9064,34.39785],[132.90637,34.39722],[132.90885,34.39562],[132.90897,34.39464],[132.91015,34.39452],[132.91075,34.3941],[132.91075,34.39322],[132.91312,34.39194],[132.91288,34.39099],[132.91349,34.38936],[132.91252,34.38848],[132.91159,34.38858],[132.91123,34.38758],[132.91316,34.38508],[132.91396,34.3859],[132.91554,34.38646],[132.91733,34.38524],[132.92117,34.38681],[132.92259,34.38681],[132.92483,34.38556],[132.9271,34.38545],[132.92652,34.38396],[132.92703,34.38174],[132.92584,34.38012],[132.92761,34.38042],[132.92766,34.37965],[132.92826,34.38004],[132.92803,34.38053],[132.92953,34.38086],[132.93104,34.38011],[132.93187,34.38169],[132.93232,34.38174],[132.93453,34.38096],[132.93551,34.37672],[132.93772,34.37683],[132.93837,34.37617],[132.93737,34.37558],[132.93731,34.37507],[132.93845,34.37458],[132.93899,34.37375],[132.94109,34.3732],[132.9405,34.37179],[132.93935,34.37111],[132.93778,34.37122],[132.93751,34.37028],[132.93865,34.36924],[132.94022,34.3701],[132.93983,34.3691],[132.94032,34.36791],[132.93859,34.36598],[132.94151,34.36591],[132.94128,34.36457],[132.9391,34.36296],[132.94015,34.36203],[132.93873,34.36037],[132.93908,34.35977],[132.93826,34.35926],[132.9399,34.35744],[132.94079,34.35727],[132.94183,34.35541],[132.94357,34.35753],[132.94507,34.35812],[132.94589,34.35779],[132.94684,34.35589],[132.94681,34.35448],[132.94842,34.3542],[132.94997,34.35223],[132.9529,34.35297],[132.95505,34.35222],[132.95572,34.35326],[132.95837,34.35474],[132.96029,34.35759],[132.9607,34.35686],[132.96274,34.35609],[132.96396,34.35495],[132.96614,34.35475],[132.96729,34.35407],[132.96845,34.35318],[132.96874,34.3522],[132.97252,34.35115],[132.97366,34.34974],[132.9733,34.34784],[132.97615,34.34601],[132.97795,34.34662],[132.97941,34.34795],[132.98133,34.34635],[132.98311,34.34649],[132.98426,34.346],[132.9851,34.34829],[132.98672,34.34926],[132.9875,34.35047],[132.99018,34.35158],[132.99443,34.34926],[132.99601,34.34949],[132.99867,34.34903],[133.00245,34.35002],[133.00289,34.34987],[133.00303,34.34833],[133.00471,34.34839],[133.00559,34.34674],[133.00698,34.34613],[133.00719,34.34535],[133.01014,34.34383],[133.01063,34.34206],[133.0101,34.34126],[133.01031,34.34058],[133.01178,34.33952],[133.00941,34.33865],[133.00983,34.33685],[133.00896,34.33641],[133.00856,34.334],[133.00904,34.33075],[133.01016,34.32993],[133.01055,34.32923],[133.0104,34.32923],[133.00725,34.32967],[133.0051,34.33059],[133.00407,34.3317],[133.00365,34.33314],[133.00349,34.3328],[133.00172,34.33479],[133.0024,34.33538],[133.00138,34.33466],[133.00103,34.33456],[132.99987,34.33517],[132.99963,34.33424],[133.00057,34.33385],[132.99957,34.33423],[132.99949,34.3359],[132.99874,34.3349],[132.99807,34.33518],[132.99867,34.33497],[132.99843,34.33556],[132.99681,34.33545],[132.99591,34.33607],[132.99475,34.33587],[132.99568,34.33614],[132.99531,34.33608],[132.99546,34.33648],[132.994,34.3381],[132.99361,34.33718],[132.99394,34.33692],[132.99349,34.33714],[132.99086,34.33524],[132.99132,34.33433],[132.99151,34.33466],[132.99191,34.33501],[132.9909,34.33369],[132.99002,34.33307],[132.98966,34.33368],[132.98992,34.33277],[132.98709,34.33247],[132.98733,34.33292],[132.98588,34.33296],[132.98439,34.3316],[132.98313,34.33121],[132.98201,34.33165],[132.98256,34.33225],[132.97963,34.33333],[132.97855,34.33336],[132.97808,34.33289],[132.97207,34.33492],[132.97081,34.335],[132.97039,34.3346],[132.96939,34.33533],[132.96954,34.33568],[132.96935,34.33534],[132.96672,34.33582],[132.96699,34.33653],[132.96651,34.33575],[132.96471,34.33595],[132.96593,34.3359],[132.96618,34.33628],[132.96447,34.33705],[132.96287,34.33699],[132.96292,34.3376],[132.96256,34.33695],[132.96327,34.33665],[132.96348,34.33645],[132.96256,34.33692],[132.96284,34.33653],[132.96204,34.3367],[132.96296,34.33619],[132.96274,34.33555],[132.96253,34.33588],[132.96269,34.33527],[132.96374,34.33507],[132.96198,34.33418],[132.96278,34.33464],[132.9604,34.33401],[132.96024,34.33489],[132.95954,34.33548],[132.95322,34.33676],[132.95339,34.33719],[132.95277,34.33734],[132.95297,34.33679],[132.95267,34.33695],[132.95277,34.33749],[132.95237,34.33666],[132.95027,34.33699],[132.95086,34.33963],[132.95081,34.34034],[132.95035,34.34029],[132.95001,34.34021],[132.95026,34.3394],[132.94921,34.33915],[132.94852,34.33673],[132.94379,34.33576],[132.94447,34.33503],[132.94426,34.33488],[132.94374,34.33574],[132.94273,34.33533],[132.94186,34.33567],[132.94084,34.33414],[132.93757,34.33128],[132.9346,34.32903],[132.93275,34.32843],[132.93028,34.32606],[132.92792,34.32556],[132.92374,34.32613],[132.92249,34.32543],[132.92245,34.32483],[132.92235,34.32477],[132.92239,34.32554],[132.9211,34.32598],[132.92077,34.32554],[132.92094,34.3262],[132.92089,34.32621],[132.91952,34.32557],[132.91894,34.32586],[132.91922,34.32639],[132.91886,34.32672],[132.91751,34.3271],[132.91773,34.3274],[132.91664,34.32877],[132.91657,34.32984],[132.91743,34.33057],[132.91995,34.32924],[132.92005,34.33054],[132.91729,34.33218],[132.91711,34.33177],[132.91684,34.3319],[132.91705,34.33201],[132.91716,34.33226],[132.91656,34.33203],[132.91694,34.33233],[132.91655,34.33271],[132.91505,34.33322],[132.91467,34.3383],[132.91388,34.33973],[132.91401,34.33628],[132.91384,34.33692],[132.9129,34.33647],[132.91328,34.3327],[132.91466,34.33118],[132.91274,34.32992],[132.91362,34.32926],[132.91305,34.32828],[132.91229,34.32859],[132.91156,34.32778],[132.91469,34.32707],[132.91124,34.32782],[132.90849,34.32682],[132.89988,34.32589],[132.89416,34.32649],[132.89358,34.32693],[132.89334,34.32569],[132.89174,34.32512],[132.89356,34.32317],[132.89329,34.32244],[132.89133,34.32347],[132.88876,34.32406],[132.88713,34.32235],[132.88588,34.32185],[132.88643,34.32175],[132.88704,34.32102],[132.88608,34.32174],[132.88681,34.32077],[132.88662,34.3193],[132.88756,34.31849],[132.8915,34.32153],[132.88561,34.31653],[132.88538,34.31543],[132.87901,34.31556],[132.8783,34.31684],[132.87674,34.31523],[132.87703,34.31486],[132.87679,34.3147],[132.87721,34.31411],[132.87731,34.31304],[132.87671,34.31467],[132.87627,34.31425],[132.8752,34.31563],[132.87383,34.3164],[132.87464,34.31552],[132.87439,34.3144],[132.87552,34.31454],[132.87444,34.3143],[132.87454,34.31329],[132.87357,34.31227],[132.87242,34.31225],[132.87235,34.313],[132.87072,34.31341],[132.8701,34.31269],[132.86908,34.31252],[132.86834,34.3116],[132.86905,34.31079],[132.86997,34.31095],[132.87145,34.30974],[132.87166,34.30693]]]]}},{"type":"Feature","properties":{"id":"muni-34204","name":"三原市"},"geometry":{"type":"MultiPolygon","coordinates":[[[[133.11875,34.31518],[133.11961,34.31601],[133.12058,34.31645],[133.11983,34.31557],[133.11875,34.31518]]],[[[133.12258,34.32042],[133.12196,34.32052],[133.12144,34.32005],[133.12196,34.32118],[133.12258,34.32042]]],[[[133.09931,34.33022],[133.10018,34.33434],[133.09881,34.33798],[133.09891,34.33874],[133.09763,34.3394],[133.09726,34.34017],[133.09845,34.34026],[133.10037,34.34125],[133.10176,34.34278],[133.10215,34.34408],[133.10326,34.34467],[133.10408,34.34603],[133.10453,34.35019],[133.10376,34.35287],[133.10454,34.35383],[133.10405,34.35592],[133.10348,34.35639],[133.10448,34.35634],[133.10497,34.35675],[133.10462,34.35749],[133.10875,34.35934],[133.11057,34.35904],[133.11213,34.36009],[133.11286,34.35935],[133.11488,34.35918],[133.11574,34.35938],[133.11609,34.35999],[133.11716,34.36007],[133.11635,34.35826],[133.11757,34.35731],[133.11844,34.35761],[133.11723,34.35566],[133.11855,34.35666],[133.11891,34.35635],[133.11904,34.35702],[133.11895,34.35636],[133.12076,34.35447],[133.12033,34.35392],[133.12032,34.35384],[133.1206,34.35423],[133.12249,34.35325],[133.12226,34.3521],[133.12464,34.34453],[133.12416,34.34351],[133.12472,34.34246],[133.12393,34.34214],[133.12484,34.34225],[133.12393,34.34065],[133.12413,34.33941],[133.12593,34.33786],[133.12535,34.33766],[133.12628,34.33773],[133.12704,34.33761],[133.12593,34.33712],[133.12609,34.3366],[133.12694,34.33676],[133.12609,34.33649],[133.12585,34.33333],[133.12454,34.33321],[133.12433,34.33356],[133.12419,34.33319],[133.12523,34.33302],[133.12476,34.33096],[133.12364,34.33062],[133.12381,34.32975],[133.122,34.32903],[133.12164,34.32838],[133.12172,34.32579],[133.11827,34.32159],[133.11671,34.3204],[133.11664,34.31968],[133.11283,34.31754],[133.11024,34.31712],[133.10602,34.31891],[133.10519,34.31876],[133.10449,34.3197],[133.10388,34.32235],[133.10476,34.32289],[133.10316,34.32233],[133.10039,34.32232],[133.09605,34.32357],[133.09503,34.32466],[133.09487,34.32507],[133.09601,34.32707],[133.09594,34.32861],[133.09467,34.33062],[133.09508,34.33121],[133.09691,34.33084],[133.09924,34.32861],[133.09869,34.32698],[133.09919,34.32582],[133.10042,34.32539],[133.10319,34.32592],[133.10123,34.32622],[133.10113,34.32774],[133.10037,34.32795],[133.09931,34.33022]]],[[[133.10823,34.36758],[133.10892,34.36619],[133.10727,34.36348],[133.10796,34.36299],[133.10797,34.36272],[133.10715,34.3635],[133.10725,34.36385],[133.10653,34.36375],[133.10624,34.36261],[133.10688,34.36271],[133.1069,34.3626],[133.10631,34.36224],[133.10707,34.36217],[133.10551,34.36152],[133.10453,34.36046],[133.10171,34.36104],[133.10088,34.36022],[133.09998,34.36026],[133.09923,34.35969],[133.0985,34.36041],[133.09966,34.36172],[133.09895,34.36321],[133.09931,34.36433],[133.10025,34.36365],[133.10111,34.36378],[133.10169,34.36422],[133.10141,34.36486],[133.10326,34.36543],[133.10359,34.36646],[133.10461,34.36597],[133.10572,34.36646],[133.10688,34.36828],[133.10823,34.36758]]],[[[133.11902,34.36693],[133.11804,34.36721],[133.11881,34.36815],[133.11932,34.36768],[133.11902,34.36693]]],[[[133.14619,34.38645],[133.1465,34.38668],[133.14698,34.38576],[133.14662,34.38589],[133.14619,34.38645]]],[[[133.02875,34.33238],[133.02989,34.33343],[133.02794,34.33186],[133.0255,34.33096],[133.023,34.33137],[133.02003,34.33091],[133.01548,34.32877],[133.01047,34.3294],[133.00913,34.33054],[133.00856,34.334],[133.00896,34.33641],[133.00983,34.33685],[133.00941,34.33865],[133.01178,34.33952],[133.01041,34.34045],[133.01009,34.34119],[133.01063,34.34206],[133.01043,34.34348],[133.00719,34.34535],[133.00698,34.34613],[133.00559,34.34674],[133.00471,34.34839],[133.00303,34.34833],[133.00289,34.34987],[133.00245,34.35002],[132.99867,34.34903],[132.99601,34.34949],[132.99443,34.34926],[132.99018,34.35158],[132.9875,34.35047],[132.98672,34.34926],[132.9851,34.34829],[132.98426,34.346],[132.98311,34.34649],[132.98133,34.34635],[132.97941,34.34795],[132.97795,34.34662],[132.97615,34.34601],[132.9733,34.34784],[132.97366,34.34974],[132.97252,34.35115],[132.96874,34.3522],[132.96845,34.35318],[132.96729,34.35407],[132.96614,34.35475],[132.96396,34.35495],[132.96274,34.35609],[132.9607,34.35686],[132.96029,34.35759],[132.95837,34.35474],[132.95572,34.35326],[132.95505,34.35222],[132.9529,34.35297],[132.94997,34.35223],[132.94842,34.3542],[132.94681,34.35448],[132.94684,34.35589],[132.94589,34.35779],[132.94507,34.35812],[132.94357,34.35753],[132.94183,34.35541],[132.94079,34.35727],[132.9399,34.35744],[132.93826,34.35926],[132.93908,34.35977],[132.93873,34.36037],[132.94015,34.36203],[132.9391,34.36296],[132.94128,34.36457],[132.94151,34.36591],[132.93859,34.36598],[132.94032,34.36791],[132.93983,34.3691],[132.94022,34.3701],[132.93865,34.36924],[132.93751,34.37028],[132.93778,34.37122],[132.93935,34.37111],[132.9405,34.37179],[132.94109,34.3732],[132.93899,34.37375],[132.93845,34.37458],[132.93731,34.37507],[132.93737,34.37558],[132.93837,34.37617],[132.93772,34.37683],[132.93551,34.37672],[132.93453,34.38096],[132.93232,34.38174],[132.93187,34.38169],[132.93104,34.38011],[132.92953,34.38086],[132.92803,34.38053],[132.92826,34.38004],[132.92766,34.37965],[132.92761,34.38042],[132.92584,34.38012],[132.92703,34.38174],[132.92652,34.38396],[132.9271,34.38545],[132.92483,34.38556],[132.92259,34.38681],[132.92117,34.38681],[132.91733,34.38524],[132.91554,34.38646],[132.91396,34.3859],[132.91316,34.38508],[132.91123,34.38758],[132.91159,34.38858],[132.91252,34.38848],[132.91349,34.38936],[132.91288,34.39099],[132.91312,34.39194],[132.91075,34.39322],[132.91075,34.3941],[132.91015,34.39452],[132.90897,34.39464],[132.90885,34.39562],[132.90637,34.39722],[132.9064,34.39785],[132.90493,34.39879],[132.90434,34.40144],[132.90376,34.40209],[132.90827,34.40556],[132.90883,34.40654],[132.90895,34.40832],[132.90728,34.41165],[132.90773,34.41341],[132.90719,34.41743],[132.90566,34.41917],[132.90605,34.42043],[132.90572,34.42473],[132.90656,34.42607],[132.90399,34.42957],[132.90123,34.42948],[132.89975,34.42871],[132.89682,34.42816],[132.89585,34.42851],[132.89639,34.4296],[132.89639,34.43143],[132.89493,34.43152],[132.89534,34.4333],[132.89445,34.43347],[132.89374,34.43459],[132.89396,34.43682],[132.89456,34.43776],[132.89931,34.44017],[132.89964,34.44235],[132.90274,34.44107],[132.90391,34.44109],[132.90296,34.44346],[132.90439,34.44445],[132.90393,34.44538],[132.90222,34.44556],[132.90197,34.44699],[132.90383,34.44785],[132.90123,34.4482],[132.89985,34.44893],[132.89898,34.45097],[132.89572,34.45428],[132.89311,34.45753],[132.89252,34.45892],[132.89626,34.46028],[132.89456,34.46012],[132.89305,34.46136],[132.88985,34.46258],[132.88934,34.46372],[132.88944,34.46501],[132.88963,34.4655],[132.89032,34.46502],[132.89246,34.46485],[132.89396,34.46551],[132.89862,34.46582],[132.90068,34.4633],[132.90195,34.46308],[132.90483,34.45966],[132.90669,34.46031],[132.90936,34.45979],[132.91259,34.45996],[132.91597,34.45779],[132.91869,34.45692],[132.91946,34.45764],[132.91957,34.4589],[132.91681,34.46047],[132.91965,34.46621],[132.9207,34.46726],[132.91914,34.46946],[132.91914,34.47021],[132.91967,34.47043],[132.91929,34.4711],[132.91712,34.47151],[132.91533,34.47333],[132.91206,34.47522],[132.91135,34.47888],[132.91172,34.47949],[132.91151,34.48113],[132.91243,34.48176],[132.91244,34.48348],[132.91167,34.48436],[132.91165,34.48513],[132.9086,34.48373],[132.90555,34.48336],[132.90448,34.4838],[132.90413,34.48538],[132.90446,34.48591],[132.90185,34.48925],[132.9021,34.48989],[132.90126,34.49023],[132.9017,34.49099],[132.90113,34.49125],[132.90142,34.49261],[132.90044,34.49277],[132.90054,34.49402],[132.89988,34.4946],[132.89842,34.49479],[132.89731,34.49582],[132.8977,34.4961],[132.89767,34.49785],[132.89838,34.49896],[132.89662,34.50141],[132.89519,34.50115],[132.89464,34.50193],[132.8938,34.50217],[132.89384,34.50563],[132.89539,34.50578],[132.89583,34.50764],[132.8949,34.50844],[132.894,34.51025],[132.89406,34.5114],[132.89261,34.5132],[132.88968,34.51491],[132.8881,34.51509],[132.88729,34.51594],[132.88435,34.51586],[132.8825,34.51725],[132.87982,34.51702],[132.87826,34.51753],[132.87607,34.51931],[132.86932,34.5199],[132.86393,34.52156],[132.86221,34.52152],[132.86165,34.52285],[132.85659,34.52422],[132.85663,34.52531],[132.85597,34.52586],[132.8562,34.52687],[132.85572,34.52712],[132.85543,34.53305],[132.85105,34.5348],[132.85237,34.53605],[132.85312,34.5385],[132.84918,34.53889],[132.84755,34.54],[132.85202,34.54236],[132.85228,34.54272],[132.85118,34.54507],[132.85437,34.54715],[132.85726,34.54748],[132.85992,34.54697],[132.86408,34.55006],[132.86633,34.54973],[132.86938,34.55098],[132.87219,34.55071],[132.87665,34.55329],[132.87759,34.55296],[132.87831,34.55368],[132.88147,34.55498],[132.88176,34.55679],[132.88334,34.5573],[132.88433,34.55894],[132.88362,34.5611],[132.88258,34.56193],[132.88265,34.56263],[132.88181,34.56304],[132.88079,34.56494],[132.88057,34.56841],[132.87971,34.57011],[132.87947,34.57317],[132.87834,34.57612],[132.88005,34.57667],[132.88377,34.57629],[132.88445,34.57547],[132.88626,34.57522],[132.88685,34.57377],[132.88824,34.57492],[132.88869,34.57601],[132.89025,34.577],[132.89008,34.57835],[132.89072,34.57969],[132.89409,34.58252],[132.89544,34.58318],[132.89596,34.58184],[132.89754,34.58102],[132.90122,34.58128],[132.90245,34.5838],[132.90213,34.58645],[132.90296,34.58818],[132.90708,34.58902],[132.90769,34.59007],[132.90687,34.59205],[132.90836,34.59358],[132.91195,34.59329],[132.91302,34.5921],[132.91423,34.59169],[132.92436,34.59038],[132.92431,34.58973],[132.92316,34.58871],[132.92438,34.58724],[132.92437,34.58578],[132.92915,34.58589],[132.92998,34.58529],[132.93459,34.58559],[132.9351,34.58458],[132.93799,34.58271],[132.9404,34.58234],[132.94124,34.58052],[132.94652,34.57816],[132.953,34.57797],[132.95687,34.57656],[132.95735,34.57569],[132.95876,34.57631],[132.95937,34.57479],[132.95928,34.57298],[132.9603,34.57198],[132.96019,34.57128],[132.96117,34.56956],[132.96409,34.56877],[132.97138,34.56984],[132.97234,34.56837],[132.97215,34.56797],[132.97616,34.56514],[132.97597,34.56431],[132.97709,34.56353],[132.97765,34.56206],[132.97925,34.56148],[132.98014,34.5621],[132.98112,34.56181],[132.98377,34.55911],[132.98375,34.55787],[132.98813,34.55698],[132.98943,34.55625],[132.99168,34.55262],[132.99276,34.55267],[132.99284,34.55168],[132.99617,34.54913],[132.99614,34.54809],[132.99933,34.54941],[133.00022,34.55082],[133.00266,34.55137],[133.00379,34.55113],[133.00543,34.55236],[133.00835,34.55217],[133.01111,34.55381],[133.02019,34.55399],[133.0211,34.55307],[133.02351,34.55225],[133.02509,34.55355],[133.0306,34.55482],[133.03154,34.5554],[133.03271,34.55734],[133.03262,34.56031],[133.03398,34.56002],[133.03619,34.56093],[133.03766,34.56304],[133.03745,34.56401],[133.03843,34.5644],[133.04082,34.56376],[133.04242,34.56436],[133.04438,34.56267],[133.04568,34.56265],[133.04627,34.56142],[133.04956,34.56227],[133.05059,34.56136],[133.05378,34.56021],[133.05454,34.55943],[133.05696,34.55925],[133.05724,34.55821],[133.06107,34.55417],[133.06201,34.55238],[133.06529,34.55259],[133.06806,34.55163],[133.06982,34.5523],[133.07213,34.55193],[133.07528,34.551],[133.07551,34.54996],[133.07655,34.55045],[133.07741,34.55023],[133.07852,34.55101],[133.07952,34.55087],[133.07954,34.54859],[133.0812,34.54654],[133.0817,34.54371],[133.08334,34.54321],[133.08565,34.54117],[133.08571,34.53964],[133.0865,34.53899],[133.08583,34.53723],[133.08465,34.53663],[133.08283,34.5365],[133.08211,34.53566],[133.08057,34.53552],[133.07998,34.53494],[133.07891,34.53265],[133.08073,34.53106],[133.0793,34.5288],[133.07777,34.5287],[133.07426,34.52987],[133.06827,34.52902],[133.06918,34.52655],[133.06853,34.52496],[133.06886,34.52425],[133.06844,34.52307],[133.06617,34.52252],[133.06414,34.52057],[133.0642,34.51936],[133.06328,34.51815],[133.06294,34.51647],[133.06038,34.51476],[133.06002,34.51267],[133.05915,34.51237],[133.0583,34.51283],[133.05684,34.51138],[133.05613,34.50928],[133.05478,34.50918],[133.05393,34.50715],[133.05295,34.50681],[133.05299,34.5048],[133.05377,34.50339],[133.05296,34.50215],[133.05131,34.50124],[133.0511,34.49984],[133.05206,34.49755],[133.05288,34.49754],[133.05492,34.49377],[133.05627,34.4927],[133.05754,34.49259],[133.06021,34.49099],[133.06281,34.49218],[133.06509,34.49441],[133.06719,34.4946],[133.07005,34.49395],[133.07106,34.49424],[133.07235,34.49282],[133.07326,34.4908],[133.07334,34.4902],[133.07285,34.48976],[133.07323,34.48835],[133.07443,34.48795],[133.07509,34.48645],[133.07715,34.48641],[133.07777,34.48556],[133.08007,34.48502],[133.08002,34.48382],[133.08153,34.48278],[133.08191,34.48394],[133.08276,34.48458],[133.08264,34.48523],[133.08358,34.48608],[133.08498,34.48638],[133.0862,34.48825],[133.08749,34.48828],[133.08808,34.48758],[133.08811,34.48598],[133.08943,34.48568],[133.09005,34.48747],[133.09311,34.48858],[133.09431,34.48989],[133.09562,34.49011],[133.09626,34.49218],[133.09769,34.49299],[133.09877,34.49434],[133.09834,34.49514],[133.09925,34.49651],[133.09853,34.49714],[133.10425,34.49692],[133.10544,34.49577],[133.10719,34.49534],[133.10804,34.49461],[133.10893,34.49251],[133.10974,34.4927],[133.11038,34.49216],[133.11318,34.48871],[133.11361,34.48829],[133.11416,34.48851],[133.11668,34.48583],[133.11613,34.48461],[133.11631,34.48272],[133.11375,34.48012],[133.11402,34.47924],[133.11538,34.47789],[133.11529,34.47481],[133.11439,34.47293],[133.1144,34.47081],[133.11583,34.47019],[133.1171,34.47183],[133.11775,34.47202],[133.11927,34.47054],[133.12162,34.47088],[133.12346,34.47013],[133.12347,34.46864],[133.12289,34.46815],[133.12344,34.46661],[133.12299,34.46382],[133.12384,34.46243],[133.12392,34.46085],[133.12621,34.45872],[133.13399,34.45587],[133.13517,34.45324],[133.13522,34.45198],[133.13458,34.45076],[133.13456,34.44789],[133.13601,34.44588],[133.13649,34.44569],[133.13905,34.44673],[133.13975,34.44622],[133.14388,34.44588],[133.14595,34.44634],[133.14605,34.44555],[133.14678,34.44511],[133.15053,34.44521],[133.15112,34.4444],[133.15106,34.44347],[133.15161,34.44351],[133.15218,34.44201],[133.1532,34.44138],[133.15404,34.43957],[133.15622,34.43745],[133.15746,34.43725],[133.15881,34.4379],[133.15941,34.43771],[133.15946,34.43539],[133.15379,34.43502],[133.14973,34.43231],[133.15027,34.43168],[133.1502,34.4302],[133.15307,34.42843],[133.15333,34.42705],[133.15243,34.42644],[133.14948,34.42595],[133.14802,34.42381],[133.14451,34.42367],[133.14264,34.42148],[133.14129,34.41614],[133.13782,34.4137],[133.13882,34.41176],[133.14109,34.4109],[133.14193,34.41007],[133.14369,34.40981],[133.14479,34.41039],[133.14583,34.41025],[133.14394,34.40621],[133.14392,34.40285],[133.14714,34.40224],[133.1489,34.40134],[133.15018,34.40204],[133.15148,34.40208],[133.15172,34.40313],[133.15279,34.40403],[133.15428,34.40414],[133.15581,34.40555],[133.15707,34.40594],[133.16,34.40366],[133.16282,34.40262],[133.15753,34.39953],[133.15422,34.39547],[133.1547,34.39348],[133.15416,34.39357],[133.15378,34.39469],[133.15399,34.39355],[133.14971,34.393],[133.14759,34.3921],[133.14738,34.39248],[133.14738,34.39202],[133.14358,34.3906],[133.14281,34.38986],[133.13903,34.38927],[133.13928,34.38904],[133.13686,34.3872],[133.12942,34.3839],[133.12981,34.38378],[133.1294,34.38336],[133.12634,34.38266],[133.12649,34.38228],[133.12625,34.38266],[133.11936,34.38279],[133.11772,34.38322],[133.11657,34.38196],[133.11389,34.3824],[133.11456,34.38351],[133.11383,34.38422],[133.11477,34.3849],[133.11438,34.38477],[133.11411,34.38534],[133.11452,34.38544],[133.11371,34.38551],[133.11206,34.38703],[133.11175,34.38841],[133.11075,34.38832],[133.11133,34.38748],[133.11056,34.38734],[133.11068,34.38763],[133.11012,34.3875],[133.10942,34.3881],[133.10932,34.38878],[133.10919,34.38824],[133.10814,34.38871],[133.10848,34.38815],[133.1069,34.38924],[133.10639,34.38826],[133.10221,34.39024],[133.10277,34.39119],[133.10277,34.39125],[133.10145,34.39078],[133.10052,34.39101],[133.10027,34.39013],[133.09863,34.39019],[133.08239,34.39655],[133.08215,34.3969],[133.08265,34.39781],[133.08214,34.39755],[133.08236,34.39791],[133.08194,34.39805],[133.08172,34.39751],[133.0819,34.39806],[133.08146,34.39784],[133.0808,34.39837],[133.08004,34.39698],[133.08033,34.39685],[133.07923,34.39654],[133.0845,34.39489],[133.08505,34.39431],[133.0849,34.39342],[133.08995,34.39144],[133.08949,34.39012],[133.09295,34.38873],[133.09175,34.3864],[133.08536,34.38855],[133.08158,34.38929],[133.07363,34.38969],[133.07362,34.38682],[133.08096,34.38629],[133.08678,34.38478],[133.09056,34.38324],[133.08907,34.38015],[133.08699,34.37842],[133.08627,34.37863],[133.08718,34.3774],[133.08722,34.37556],[133.08572,34.37213],[133.08518,34.36866],[133.08487,34.36813],[133.085,34.36865],[133.08436,34.36827],[133.08424,34.36738],[133.08478,34.36791],[133.08373,34.36554],[133.08387,34.36164],[133.08403,34.36299],[133.08543,34.36298],[133.08542,34.36212],[133.08538,34.36294],[133.08445,34.36295],[133.08444,34.36149],[133.08359,34.3599],[133.08405,34.35991],[133.08399,34.35964],[133.08291,34.35936],[133.08351,34.35546],[133.08278,34.3552],[133.08354,34.35507],[133.08346,34.35471],[133.08279,34.35518],[133.083,34.35496],[133.08226,34.35484],[133.08257,34.35345],[133.08211,34.35335],[133.0823,34.35237],[133.08165,34.35144],[133.08124,34.34933],[133.08013,34.34837],[133.07999,34.34793],[133.08045,34.34765],[133.0796,34.34695],[133.079,34.34544],[133.07554,34.34374],[133.07191,34.34294],[133.06885,34.3434],[133.06739,34.34316],[133.06743,34.34392],[133.06717,34.34333],[133.06607,34.34407],[133.0618,34.3454],[133.05921,34.34533],[133.05855,34.34508],[133.05982,34.34516],[133.05414,34.3436],[133.05428,34.34307],[133.05413,34.34342],[133.05298,34.3433],[133.05329,34.34281],[133.05224,34.34287],[133.05167,34.3423],[133.0521,34.34191],[133.04986,34.34106],[133.05157,34.34029],[133.05199,34.3405],[133.05036,34.33857],[133.04965,34.33887],[133.04749,34.33626],[133.04413,34.33755],[133.04305,34.33688],[133.04567,34.33394],[133.04423,34.33347],[133.04429,34.33307],[133.04403,34.33336],[133.04007,34.33135],[133.04026,34.33166],[133.03957,34.33261],[133.03911,34.33254],[133.0395,34.33274],[133.03741,34.33645],[133.03753,34.33541],[133.03501,34.33398],[133.03553,34.33338],[133.03509,34.33311],[133.02995,34.33294],[133.02875,34.33238]]]]}},{"type":"Feature","properties":{"id":"muni-34205","name":"尾道市"},"geometry":{"type":"MultiPolygon","coordinates":[[[[133.12956,34.27778],[133.12924,34.27778],[133.12931,34.27809],[133.12956,34.27778]]],[[[133.14141,34.27999],[133.14103,34.27959],[133.14114,34.28017],[133.14141,34.27999]]],[[[133.06826,34.26936],[133.06812,34.27363],[133.06917,34.27513],[133.06942,34.27689],[133.07032,34.27801],[133.06991,34.27891],[133.07026,34.27826],[133.07042,34.27875],[133.07058,34.27835],[133.07208,34.27878],[133.07176,34.27948],[133.06961,34.27919],[133.07173,34.27951],[133.07136,34.28032],[133.06997,34.27981],[133.07184,34.28085],[133.07145,34.28036],[133.07247,34.2805],[133.07352,34.28172],[133.07358,34.28252],[133.07295,34.28323],[133.0728,34.28244],[133.07305,34.28416],[133.07298,34.28339],[133.07376,34.28348],[133.07429,34.28507],[133.07396,34.2861],[133.07347,34.28629],[133.07327,34.28576],[133.07333,34.28623],[133.07546,34.28996],[133.07673,34.29113],[133.07817,34.29488],[133.0797,34.29574],[133.07945,34.29611],[133.08177,34.29853],[133.08144,34.29911],[133.0819,34.30038],[133.08154,34.30048],[133.0815,34.3006],[133.08222,34.30165],[133.08157,34.30057],[133.08258,34.30054],[133.08258,34.30175],[133.08385,34.30322],[133.08403,34.3058],[133.08435,34.30493],[133.08453,34.30657],[133.08407,34.30825],[133.08604,34.30983],[133.08576,34.30942],[133.08638,34.30952],[133.08622,34.30994],[133.08654,34.30973],[133.08731,34.3104],[133.08907,34.31294],[133.0901,34.31317],[133.08997,34.31357],[133.09019,34.31319],[133.09215,34.3134],[133.09218,34.31401],[133.09231,34.31331],[133.09299,34.31325],[133.09333,34.31403],[133.09733,34.31333],[133.09485,34.31353],[133.09533,34.31309],[133.09444,34.3108],[133.09516,34.30917],[133.09601,34.30938],[133.09618,34.30879],[133.09563,34.30705],[133.09761,34.3073],[133.09748,34.30696],[133.0999,34.30673],[133.10188,34.30744],[133.10215,34.30607],[133.10474,34.30808],[133.10587,34.30688],[133.10614,34.30718],[133.10548,34.30815],[133.10611,34.30915],[133.10824,34.31058],[133.10933,34.31019],[133.10938,34.30971],[133.1095,34.31094],[133.1117,34.31085],[133.11328,34.30772],[133.11334,34.30773],[133.11222,34.31074],[133.11479,34.3111],[133.11537,34.30993],[133.11732,34.31023],[133.12127,34.31249],[133.12158,34.31287],[133.12108,34.31317],[133.12168,34.31387],[133.12135,34.31407],[133.12152,34.31463],[133.12141,34.31409],[133.12225,34.31359],[133.12346,34.31407],[133.12187,34.31506],[133.1227,34.31495],[133.12371,34.31388],[133.1257,34.31501],[133.12763,34.31503],[133.12972,34.31626],[133.12979,34.31547],[133.13163,34.31543],[133.13177,34.31508],[133.13168,34.31603],[133.13211,34.31602],[133.13218,34.31664],[133.13374,34.31691],[133.13369,34.31656],[133.13425,34.31653],[133.13425,34.31549],[133.1353,34.31556],[133.13586,34.3151],[133.13891,34.31557],[133.14079,34.31477],[133.14134,34.31363],[133.14285,34.31229],[133.14314,34.31021],[133.1441,34.3102],[133.14499,34.3094],[133.14456,34.30873],[133.14748,34.30339],[133.14862,34.30248],[133.14902,34.3012],[133.14809,34.30126],[133.14909,34.3011],[133.14875,34.30103],[133.14896,34.29936],[133.14865,34.2993],[133.14978,34.29903],[133.14912,34.29867],[133.14924,34.29814],[133.14986,34.29769],[133.14999,34.29832],[133.15009,34.29788],[133.14754,34.29387],[133.14703,34.29166],[133.14771,34.29107],[133.14723,34.29044],[133.14669,34.29093],[133.1465,34.29058],[133.14654,34.28986],[133.14736,34.28953],[133.1468,34.2886],[133.14684,34.28746],[133.14354,34.28577],[133.14412,34.2851],[133.14187,34.28448],[133.14151,34.2852],[133.13835,34.28283],[133.1353,34.28288],[133.13356,34.28123],[133.13347,34.28061],[133.13453,34.28046],[133.13404,34.28038],[133.1338,34.27962],[133.13262,34.27999],[133.1301,34.27876],[133.1284,34.27908],[133.12925,34.28049],[133.12853,34.28043],[133.12812,34.27909],[133.12513,34.27868],[133.12268,34.27774],[133.12153,34.27526],[133.12062,34.27579],[133.12058,34.27576],[133.12098,34.2754],[133.12117,34.27513],[133.11911,34.27484],[133.11875,34.2753],[133.11823,34.27497],[133.11846,34.27462],[133.11841,34.2746],[133.11802,34.27493],[133.11654,34.27428],[133.11619,34.2748],[133.1164,34.27422],[133.11593,34.27474],[133.11489,34.27416],[133.11628,34.2733],[133.11384,34.27213],[133.1143,34.27034],[133.11396,34.27039],[133.11326,34.26775],[133.11289,34.2676],[133.11224,34.26827],[133.1129,34.26744],[133.11281,34.26704],[133.112,34.26797],[133.11248,34.26685],[133.1121,34.26537],[133.11155,34.26499],[133.11207,34.26606],[133.11126,34.26625],[133.11114,34.2658],[133.11084,34.26603],[133.10973,34.26535],[133.11108,34.26475],[133.11073,34.26462],[133.10993,34.26498],[133.10956,34.26553],[133.10846,34.26496],[133.1075,34.26563],[133.10652,34.26559],[133.10664,34.26493],[133.10438,34.26377],[133.10455,34.26317],[133.10423,34.26391],[133.10299,34.26342],[133.10287,34.26114],[133.10092,34.26074],[133.10005,34.25994],[133.10022,34.26082],[133.09932,34.26082],[133.09977,34.25973],[133.09928,34.26086],[133.09844,34.2609],[133.09842,34.25999],[133.09597,34.25977],[133.0958,34.26011],[133.09375,34.25798],[133.09373,34.25662],[133.09235,34.25677],[133.09026,34.25841],[133.08725,34.25798],[133.0863,34.25756],[133.08676,34.25714],[133.08314,34.25657],[133.08246,34.25599],[133.08083,34.25722],[133.07794,34.25758],[133.07221,34.26013],[133.0695,34.26238],[133.06728,34.26639],[133.06731,34.26759],[133.06826,34.26936]]],[[[133.07929,34.33327],[133.08092,34.33223],[133.08246,34.32797],[133.08322,34.32398],[133.08303,34.32195],[133.08418,34.31923],[133.08362,34.31902],[133.08397,34.31869],[133.08421,34.31906],[133.08549,34.3178],[133.0857,34.31727],[133.08547,34.31744],[133.08473,34.31684],[133.08581,34.31708],[133.087,34.31496],[133.08694,34.31396],[133.08646,34.31429],[133.08637,34.31398],[133.08715,34.31326],[133.08581,34.31159],[133.0828,34.3098],[133.08205,34.30523],[133.08232,34.30411],[133.08171,34.30347],[133.07863,34.30188],[133.07663,34.3014],[133.07315,34.30236],[133.06907,34.30264],[133.06463,34.30507],[133.06282,34.30784],[133.0627,34.31182],[133.06197,34.31468],[133.06288,34.31805],[133.06622,34.32585],[133.06732,34.32588],[133.06927,34.32712],[133.06982,34.32859],[133.07163,34.32966],[133.07192,34.33105],[133.07296,34.33151],[133.07355,34.3308],[133.07535,34.33081],[133.07506,34.32884],[133.07523,34.32833],[133.07632,34.33396],[133.07707,34.33419],[133.07777,34.33329],[133.07929,34.33327]]],[[[133.13882,34.35778],[133.14073,34.35673],[133.1412,34.35735],[133.14268,34.35602],[133.14031,34.35404],[133.14064,34.35303],[133.1417,34.35299],[133.14193,34.35158],[133.1415,34.35133],[133.14071,34.35145],[133.14055,34.35241],[133.13931,34.35327],[133.13915,34.35563],[133.13778,34.35638],[133.13842,34.35658],[133.13882,34.35778]]],[[[133.16333,34.36083],[133.16231,34.36105],[133.16288,34.36161],[133.16333,34.36083]]],[[[133.13694,34.36082],[133.13572,34.35926],[133.13472,34.36023],[133.13322,34.36079],[133.13285,34.36177],[133.13321,34.36139],[133.1338,34.36182],[133.13453,34.36148],[133.1353,34.3626],[133.13516,34.3634],[133.13419,34.36354],[133.13435,34.36456],[133.13621,34.36571],[133.1365,34.36646],[133.1373,34.36625],[133.1378,34.36697],[133.13755,34.36758],[133.13941,34.36761],[133.14051,34.36865],[133.14094,34.36824],[133.1418,34.3685],[133.14266,34.36914],[133.14279,34.36996],[133.14354,34.36967],[133.14475,34.37058],[133.14479,34.37123],[133.14645,34.37068],[133.14616,34.36954],[133.14693,34.368],[133.1464,34.36727],[133.14641,34.36611],[133.14548,34.36606],[133.14508,34.36527],[133.14495,34.36456],[133.14542,34.36429],[133.14511,34.36335],[133.14364,34.36271],[133.14197,34.36326],[133.13982,34.36318],[133.13803,34.36165],[133.13834,34.3608],[133.13813,34.36028],[133.138,34.36161],[133.13728,34.36071],[133.1375,34.36042],[133.13694,34.36082]]],[[[133.17224,34.3806],[133.17266,34.37927],[133.17229,34.37881],[133.17245,34.37765],[133.17319,34.3763],[133.17271,34.37397],[133.17149,34.37362],[133.17115,34.37283],[133.17071,34.37356],[133.16904,34.3741],[133.16743,34.37354],[133.16623,34.37395],[133.16562,34.37543],[133.16466,34.37597],[133.16299,34.37583],[133.15922,34.37374],[133.15837,34.37368],[133.15691,34.37449],[133.15601,34.37435],[133.15549,34.37615],[133.15616,34.37651],[133.15631,34.37772],[133.15553,34.3802],[133.15435,34.38109],[133.15214,34.38118],[133.15158,34.38185],[133.15211,34.38353],[133.15286,34.38413],[133.15325,34.38596],[133.15479,34.38664],[133.15618,34.38609],[133.15825,34.3876],[133.15881,34.38731],[133.15981,34.38784],[133.16039,34.38858],[133.16021,34.38951],[133.16115,34.39043],[133.16053,34.39111],[133.16232,34.39145],[133.1683,34.38963],[133.16817,34.38779],[133.1672,34.38724],[133.16877,34.38648],[133.16947,34.38398],[133.17224,34.3806]]],[[[133.12624,34.54746],[133.1269,34.54803],[133.12688,34.5495],[133.1273,34.54999],[133.12879,34.55006],[133.12893,34.54878],[133.12958,34.54805],[133.13097,34.54918],[133.13115,34.55032],[133.13045,34.5509],[133.13077,34.55127],[133.12931,34.55176],[133.12915,34.55401],[133.13025,34.55459],[133.13046,34.55537],[133.13264,34.55647],[133.13404,34.56413],[133.13807,34.56493],[133.13976,34.56568],[133.14053,34.56666],[133.14046,34.56944],[133.1416,34.57078],[133.14128,34.5723],[133.14196,34.57266],[133.14242,34.57495],[133.14283,34.57442],[133.14358,34.57442],[133.14386,34.57225],[133.14578,34.57026],[133.14826,34.56961],[133.14823,34.56927],[133.15216,34.56919],[133.15236,34.56549],[133.1519,34.56453],[133.1532,34.56489],[133.15335,34.5639],[133.1547,34.56522],[133.15683,34.5654],[133.16355,34.55982],[133.16374,34.55579],[133.16525,34.55307],[133.16433,34.55189],[133.16667,34.54995],[133.17163,34.54706],[133.17486,34.54945],[133.17705,34.55009],[133.17732,34.54904],[133.17661,34.54916],[133.17623,34.54789],[133.17694,34.54509],[133.17659,34.54215],[133.17723,34.54036],[133.17876,34.54024],[133.17804,34.54125],[133.1789,34.54151],[133.18048,34.54337],[133.18038,34.54223],[133.18125,34.54222],[133.18284,34.54001],[133.18131,34.54004],[133.18195,34.53773],[133.18396,34.53855],[133.18742,34.53897],[133.18856,34.537],[133.18846,34.53507],[133.18779,34.53348],[133.18931,34.53149],[133.19233,34.53141],[133.19333,34.53062],[133.19336,34.52994],[133.19485,34.52933],[133.19677,34.53272],[133.19595,34.53766],[133.1975,34.53814],[133.19973,34.53979],[133.20183,34.5389],[133.2037,34.53926],[133.20524,34.53744],[133.20637,34.53746],[133.2074,34.53639],[133.20856,34.53666],[133.20852,34.53537],[133.20926,34.53431],[133.21035,34.5339],[133.21154,34.53516],[133.21501,34.53519],[133.21704,34.53573],[133.21791,34.53712],[133.21877,34.53759],[133.22163,34.53536],[133.22182,34.53351],[133.22113,34.53198],[133.22152,34.53005],[133.22002,34.5274],[133.22029,34.52699],[133.21966,34.52554],[133.21902,34.52521],[133.21904,34.52397],[133.21648,34.52215],[133.21403,34.52153],[133.21311,34.5199],[133.2113,34.51973],[133.21105,34.51875],[133.21167,34.51815],[133.21142,34.51771],[133.21213,34.51596],[133.21166,34.51519],[133.21207,34.51467],[133.21174,34.51365],[133.21329,34.51254],[133.21475,34.51041],[133.21386,34.50912],[133.216,34.50832],[133.21782,34.50887],[133.21878,34.5085],[133.21935,34.50914],[133.22416,34.51084],[133.226,34.51215],[133.22668,34.51368],[133.22805,34.51455],[133.22917,34.51382],[133.23,34.51442],[133.23472,34.51454],[133.2361,34.51352],[133.23724,34.51181],[133.23947,34.51104],[133.23962,34.50925],[133.23899,34.50863],[133.23984,34.50779],[133.2379,34.50741],[133.23767,34.50601],[133.23877,34.50517],[133.24031,34.50229],[133.23824,34.50271],[133.23631,34.50194],[133.23631,34.50133],[133.23557,34.50088],[133.23569,34.50026],[133.2324,34.49922],[133.23302,34.49844],[133.23285,34.49745],[133.23405,34.49619],[133.2341,34.4946],[133.23481,34.49289],[133.23576,34.49207],[133.23452,34.49188],[133.233,34.49047],[133.23133,34.4898],[133.2313,34.48806],[133.23008,34.48512],[133.22928,34.48483],[133.2288,34.48547],[133.22694,34.48568],[133.22645,34.48535],[133.22614,34.48445],[133.22753,34.48338],[133.22807,34.48179],[133.22772,34.48102],[133.22843,34.48022],[133.22831,34.47883],[133.22893,34.47802],[133.22856,34.47676],[133.22661,34.47593],[133.2261,34.47464],[133.22451,34.47373],[133.22323,34.47445],[133.22192,34.47349],[133.22033,34.47363],[133.21956,34.47531],[133.21805,34.47604],[133.21565,34.4739],[133.21323,34.47365],[133.21051,34.47135],[133.21155,34.46902],[133.21251,34.46847],[133.21351,34.46654],[133.21648,34.46305],[133.22015,34.46406],[133.2199,34.46281],[133.22037,34.46178],[133.22116,34.46164],[133.22118,34.46107],[133.2227,34.45936],[133.22693,34.45881],[133.22973,34.45556],[133.23182,34.45559],[133.23223,34.45778],[133.23495,34.45954],[133.23659,34.45742],[133.23669,34.45643],[133.2401,34.45522],[133.24062,34.45402],[133.23936,34.45129],[133.23964,34.45032],[133.23854,34.44973],[133.2382,34.44913],[133.23848,34.44824],[133.23764,34.44835],[133.23829,34.44793],[133.23716,34.4476],[133.23691,34.44687],[133.23186,34.44763],[133.23108,34.44816],[133.22908,34.45166],[133.22727,34.45252],[133.22595,34.45169],[133.22817,34.44972],[133.22583,34.44873],[133.22572,34.44809],[133.22646,34.44803],[133.22636,34.4466],[133.2272,34.44532],[133.22821,34.44526],[133.22847,34.4435],[133.23216,34.44466],[133.23545,34.44363],[133.23741,34.4409],[133.23779,34.44123],[133.2389,34.44094],[133.23989,34.43593],[133.24463,34.42331],[133.23953,34.42205],[133.23836,34.42131],[133.23771,34.42007],[133.23736,34.4164],[133.23646,34.41632],[133.23648,34.41598],[133.2364,34.41632],[133.23587,34.41598],[133.23591,34.4163],[133.23244,34.41633],[133.23252,34.41545],[133.23362,34.41537],[133.23377,34.41503],[133.23304,34.41535],[133.23188,34.41506],[133.23189,34.4147],[133.23383,34.41469],[133.23405,34.41156],[133.23352,34.41157],[133.23354,34.41328],[133.23317,34.41158],[133.23218,34.41147],[133.23161,34.41321],[133.23124,34.41313],[133.23181,34.41138],[133.23111,34.41255],[133.23147,34.4113],[133.22665,34.41003],[133.22414,34.4099],[133.22337,34.40954],[133.22346,34.40907],[133.22329,34.40953],[133.22101,34.40902],[133.21858,34.40934],[133.2153,34.41108],[133.20952,34.41062],[133.20724,34.41],[133.20423,34.40822],[133.20391,34.40862],[133.20277,34.40811],[133.20256,34.40749],[133.20308,34.40763],[133.20062,34.40686],[133.20073,34.40656],[133.20045,34.40688],[133.19671,34.40503],[133.1965,34.4054],[133.19582,34.40516],[133.19579,34.40455],[133.19379,34.40325],[133.19342,34.40371],[133.19311,34.40329],[133.19356,34.40322],[133.19258,34.4027],[133.19307,34.40327],[133.18792,34.40103],[133.18773,34.40137],[133.18643,34.40068],[133.17948,34.39899],[133.17862,34.39993],[133.17731,34.39959],[133.17762,34.39885],[133.1765,34.39926],[133.17667,34.39844],[133.17217,34.39714],[133.17231,34.39685],[133.17215,34.39713],[133.16976,34.39626],[133.16948,34.39704],[133.16981,34.39602],[133.16956,34.39569],[133.16873,34.39563],[133.16947,34.39578],[133.16956,34.39586],[133.16954,34.39622],[133.16949,34.39583],[133.16942,34.39621],[133.16858,34.396],[133.16874,34.39654],[133.16728,34.3967],[133.16697,34.39553],[133.16839,34.3955],[133.16708,34.39547],[133.16628,34.39562],[133.16687,34.39717],[133.16601,34.39561],[133.16582,34.3955],[133.16615,34.39624],[133.16574,34.39607],[133.16567,34.39627],[133.1668,34.39713],[133.16647,34.39751],[133.16409,34.3966],[133.16596,34.39715],[133.16415,34.39648],[133.16442,34.39599],[133.16511,34.39622],[133.1644,34.39591],[133.16482,34.39526],[133.16553,34.39536],[133.16446,34.39515],[133.16433,34.39586],[133.16144,34.39503],[133.16066,34.39562],[133.16106,34.39492],[133.15979,34.39448],[133.15855,34.39464],[133.15455,34.39367],[133.15422,34.39547],[133.15753,34.39953],[133.16282,34.40262],[133.16,34.40366],[133.15707,34.40594],[133.15581,34.40555],[133.15428,34.40414],[133.15279,34.40403],[133.15172,34.40313],[133.15148,34.40208],[133.15018,34.40204],[133.1489,34.40134],[133.14714,34.40224],[133.14392,34.40285],[133.14394,34.40621],[133.14583,34.41025],[133.14479,34.41039],[133.14369,34.40981],[133.14193,34.41007],[133.14109,34.4109],[133.13882,34.41176],[133.13782,34.4137],[133.14129,34.41614],[133.14264,34.42148],[133.14451,34.42367],[133.14802,34.42381],[133.14948,34.42595],[133.15243,34.42644],[133.15333,34.42705],[133.15307,34.42843],[133.1502,34.4302],[133.15027,34.43168],[133.14973,34.43231],[133.15379,34.43502],[133.15946,34.43539],[133.15941,34.43771],[133.15881,34.4379],[133.15746,34.43725],[133.15622,34.43745],[133.15404,34.43957],[133.1532,34.44138],[133.15218,34.44201],[133.15161,34.44351],[133.15106,34.44347],[133.15112,34.4444],[133.15053,34.44521],[133.14678,34.44511],[133.14605,34.44555],[133.14595,34.44634],[133.14388,34.44588],[133.13975,34.44622],[133.13905,34.44673],[133.13649,34.44569],[133.13601,34.44588],[133.13456,34.44789],[133.13458,34.45076],[133.13522,34.45198],[133.13517,34.45324],[133.13399,34.45587],[133.12621,34.45872],[133.12392,34.46085],[133.12384,34.46243],[133.12299,34.46382],[133.12344,34.46661],[133.12289,34.46815],[133.12347,34.46864],[133.12346,34.47013],[133.12162,34.47088],[133.11927,34.47054],[133.11775,34.47202],[133.1171,34.47183],[133.11583,34.47019],[133.1144,34.47081],[133.11439,34.47293],[133.11529,34.47481],[133.11538,34.47789],[133.11402,34.47924],[133.11375,34.48012],[133.11631,34.48272],[133.11613,34.48461],[133.11668,34.48583],[133.11583,34.48704],[133.11416,34.48851],[133.11361,34.48829],[133.10974,34.4927],[133.10905,34.49239],[133.10804,34.49461],[133.10719,34.49534],[133.10544,34.49577],[133.10425,34.49692],[133.09853,34.49714],[133.09925,34.49651],[133.09834,34.49514],[133.09877,34.49434],[133.09769,34.49299],[133.09626,34.49218],[133.09562,34.49011],[133.09431,34.48989],[133.09311,34.48858],[133.09005,34.48747],[133.08943,34.48568],[133.08811,34.48598],[133.08808,34.48758],[133.08749,34.48828],[133.0862,34.48825],[133.08498,34.48638],[133.08358,34.48608],[133.08264,34.48523],[133.08276,34.48458],[133.08191,34.48394],[133.08153,34.48278],[133.08002,34.48382],[133.08007,34.48502],[133.07777,34.48556],[133.07715,34.48641],[133.07509,34.48645],[133.07443,34.48795],[133.07323,34.48835],[133.07285,34.48976],[133.07334,34.4902],[133.07326,34.4908],[133.07235,34.49282],[133.07106,34.49424],[133.07005,34.49395],[133.06719,34.4946],[133.06509,34.49441],[133.06281,34.49218],[133.06021,34.49099],[133.05754,34.49259],[133.05627,34.4927],[133.05492,34.49377],[133.05288,34.49754],[133.05206,34.49755],[133.0511,34.49984],[133.05131,34.50124],[133.05296,34.50215],[133.05377,34.50339],[133.05299,34.5048],[133.05295,34.50681],[133.05393,34.50715],[133.05478,34.50918],[133.05613,34.50928],[133.05684,34.51138],[133.0583,34.51283],[133.05915,34.51237],[133.06002,34.51267],[133.06038,34.51476],[133.06294,34.51647],[133.06328,34.51815],[133.0642,34.51936],[133.06414,34.52057],[133.06617,34.52252],[133.06844,34.52307],[133.06886,34.52425],[133.06853,34.52496],[133.06918,34.52655],[133.06827,34.52902],[133.07426,34.52987],[133.07777,34.5287],[133.07945,34.52888],[133.08073,34.53106],[133.07891,34.53265],[133.07978,34.53466],[133.08057,34.53552],[133.08227,34.53575],[133.0827,34.53645],[133.08577,34.53717],[133.08652,34.53905],[133.08813,34.53833],[133.08867,34.53908],[133.09277,34.53746],[133.09498,34.53902],[133.09727,34.5397],[133.09992,34.53933],[133.10275,34.53997],[133.10441,34.54202],[133.10736,34.54338],[133.10966,34.54336],[133.11041,34.54463],[133.11343,34.54519],[133.11531,34.54679],[133.11827,34.54761],[133.1192,34.54744],[133.12128,34.54839],[133.12351,34.54838],[133.12624,34.54746]]],[[[133.14174,34.34077],[133.13892,34.34361],[133.13797,34.3437],[133.13667,34.34255],[133.13792,34.34371],[133.13756,34.34568],[133.13863,34.34725],[133.14002,34.34782],[133.141,34.34748],[133.14143,34.34632],[133.14507,34.34763],[133.14481,34.34829],[133.14498,34.34832],[133.14673,34.345],[133.14726,34.34517],[133.14686,34.34642],[133.14643,34.3464],[133.14753,34.34668],[133.14677,34.34702],[133.14746,34.34943],[133.14921,34.34932],[133.1483,34.34954],[133.14898,34.35133],[133.14936,34.35135],[133.14845,34.35251],[133.14957,34.35252],[133.14896,34.35489],[133.14962,34.35503],[133.14945,34.35568],[133.14842,34.35536],[133.14801,34.35664],[133.14693,34.35668],[133.14764,34.35789],[133.15138,34.35873],[133.15244,34.3573],[133.15594,34.35675],[133.15586,34.35639],[133.15642,34.35709],[133.15962,34.35764],[133.16044,34.35723],[133.16146,34.35805],[133.16117,34.35844],[133.16174,34.35924],[133.16228,34.35822],[133.16417,34.35758],[133.16802,34.3575],[133.16879,34.3577],[133.16881,34.35794],[133.16919,34.35803],[133.16892,34.35789],[133.16912,34.35754],[133.17094,34.35863],[133.17128,34.358],[133.17364,34.35793],[133.17328,34.35684],[133.17396,34.3559],[133.17506,34.35572],[133.17554,34.35607],[133.1768,34.35546],[133.17746,34.35307],[133.17652,34.35148],[133.17518,34.35165],[133.17477,34.35063],[133.17518,34.35057],[133.17592,34.34814],[133.17489,34.3477],[133.17604,34.348],[133.17609,34.34683],[133.17518,34.34673],[133.17521,34.34665],[133.17566,34.34671],[133.17537,34.34644],[133.1766,34.34417],[133.17721,34.34442],[133.17689,34.34485],[133.17673,34.34549],[133.17731,34.34424],[133.17769,34.34424],[133.17669,34.34362],[133.17866,34.34153],[133.17911,34.34168],[133.17861,34.34218],[133.1779,34.3431],[133.17903,34.34188],[133.18224,34.3403],[133.18448,34.33832],[133.18456,34.33698],[133.18358,34.33568],[133.17981,34.33391],[133.17778,34.33362],[133.17766,34.33348],[133.18018,34.33361],[133.18132,34.33315],[133.18164,34.33246],[133.1839,34.33515],[133.18568,34.33647],[133.18898,34.33574],[133.18883,34.3361],[133.18923,34.33582],[133.19059,34.33673],[133.19211,34.33644],[133.19241,34.33699],[133.19349,34.337],[133.19497,34.33818],[133.19733,34.33805],[133.19604,34.33752],[133.1957,34.33582],[133.19727,34.33465],[133.19732,34.33252],[133.19767,34.33156],[133.19808,34.33164],[133.19741,34.3311],[133.19756,34.33034],[133.19821,34.33014],[133.19929,34.33114],[133.19865,34.33212],[133.19989,34.33113],[133.20011,34.32817],[133.20068,34.32771],[133.20118,34.32792],[133.2016,34.32616],[133.2024,34.32563],[133.20297,34.32441],[133.20346,34.32436],[133.20385,34.32262],[133.20356,34.32184],[133.204,34.32135],[133.20322,34.32093],[133.20354,34.3192],[133.2055,34.31844],[133.20641,34.31905],[133.20592,34.31915],[133.2059,34.31922],[133.20785,34.31934],[133.20814,34.32017],[133.20998,34.31885],[133.2108,34.31901],[133.21025,34.31809],[133.21018,34.31509],[133.2107,34.31405],[133.21151,34.31401],[133.20967,34.31317],[133.2067,34.31059],[133.19846,34.3076],[133.19627,34.30502],[133.19474,34.30223],[133.19493,34.30154],[133.19459,34.30175],[133.19464,34.3012],[133.19353,34.30057],[133.19385,34.29832],[133.19447,34.29787],[133.19571,34.29831],[133.1945,34.29753],[133.19689,34.29752],[133.19697,34.29704],[133.19748,34.29748],[133.19619,34.29818],[133.19733,34.29831],[133.19674,34.29873],[133.19736,34.29835],[133.19652,34.29919],[133.19624,34.29889],[133.19617,34.29969],[133.1989,34.29687],[133.20046,34.29749],[133.20157,34.29644],[133.20298,34.29599],[133.20677,34.29793],[133.20841,34.29749],[133.20963,34.29806],[133.21021,34.29769],[133.21024,34.29669],[133.20827,34.29649],[133.20801,34.29473],[133.20717,34.29472],[133.20667,34.29321],[133.20511,34.29276],[133.20484,34.29147],[133.20408,34.29097],[133.20273,34.2911],[133.20081,34.29004],[133.20103,34.28677],[133.20025,34.28644],[133.20098,34.28721],[133.19963,34.28712],[133.20007,34.28749],[133.19955,34.28786],[133.19917,34.28773],[133.19931,34.28725],[133.19634,34.28617],[133.19691,34.28238],[133.1995,34.27925],[133.19846,34.27904],[133.19827,34.27878],[133.19903,34.27842],[133.19688,34.27591],[133.19605,34.27542],[133.19152,34.27493],[133.19115,34.2761],[133.18781,34.27659],[133.18789,34.27708],[133.18482,34.27822],[133.18216,34.28015],[133.18055,34.2807],[133.17835,34.28363],[133.1778,34.28325],[133.17764,34.28353],[133.17832,34.28367],[133.17622,34.28659],[133.17573,34.28888],[133.17504,34.28901],[133.17477,34.28982],[133.17559,34.28913],[133.17506,34.29087],[133.1744,34.291],[133.17467,34.29022],[133.17394,34.29195],[133.17201,34.2927],[133.17383,34.29202],[133.17402,34.29242],[133.17035,34.2943],[133.1719,34.29277],[133.16951,34.2941],[133.1685,34.29492],[133.16878,34.29609],[133.16751,34.29505],[133.1683,34.29438],[133.16627,34.29552],[133.16332,34.29578],[133.16321,34.29644],[133.16271,34.29614],[133.16319,34.29654],[133.1627,34.29687],[133.16212,34.29636],[133.16262,34.29687],[133.16238,34.29734],[133.16199,34.29713],[133.16226,34.29738],[133.16191,34.2977],[133.16083,34.2974],[133.15952,34.29747],[133.16038,34.29746],[133.16052,34.2979],[133.15865,34.29867],[133.15831,34.29811],[133.15912,34.29752],[133.15641,34.2985],[133.15667,34.29909],[133.15627,34.2985],[133.15582,34.29877],[133.15627,34.29854],[133.1565,34.2989],[133.15549,34.29915],[133.15592,34.29931],[133.15509,34.30213],[133.15421,34.3026],[133.15272,34.30521],[133.152,34.30562],[133.15209,34.30857],[133.15115,34.31027],[133.15184,34.31053],[133.15111,34.31042],[133.14931,34.31196],[133.151,34.3129],[133.14949,34.31246],[133.1488,34.31415],[133.14959,34.31473],[133.14867,34.31484],[133.14869,34.31443],[133.14791,34.31545],[133.14828,34.31577],[133.14746,34.31598],[133.14512,34.31989],[133.1455,34.32027],[133.14316,34.32201],[133.14286,34.32439],[133.1424,34.32425],[133.14109,34.3264],[133.14008,34.32687],[133.14017,34.32765],[133.1398,34.32718],[133.1401,34.32676],[133.1378,34.32662],[133.13452,34.3289],[133.13475,34.331],[133.134,34.33313],[133.13444,34.33554],[133.13661,34.33705],[133.13653,34.33878],[133.13709,34.33865],[133.13667,34.33901],[133.13861,34.33886],[133.13919,34.33955],[133.14024,34.33971],[133.13925,34.34036],[133.1397,34.34061],[133.13955,34.34112],[133.1398,34.34078],[133.14031,34.34135],[133.14046,34.34081],[133.14163,34.34016],[133.14174,34.34077]]],[[[133.18578,34.35748],[133.1856,34.35701],[133.18534,34.35714],[133.18578,34.35748]]],[[[133.21981,34.36768],[133.21911,34.36899],[133.21999,34.36938],[133.22063,34.36848],[133.22052,34.36791],[133.21981,34.36768]]],[[[133.26128,34.38302],[133.26239,34.38237],[133.26377,34.38289],[133.26518,34.38222],[133.26569,34.38245],[133.2665,34.38168],[133.26833,34.38211],[133.26861,34.38057],[133.27156,34.37909],[133.27081,34.3781],[133.26971,34.37788],[133.27081,34.37794],[133.27185,34.3787],[133.27192,34.37967],[133.27283,34.38032],[133.27252,34.37936],[133.27329,34.37836],[133.27374,34.37851],[133.27331,34.37946],[133.27375,34.37988],[133.27661,34.37983],[133.2771,34.38116],[133.27948,34.38033],[133.27869,34.37413],[133.27755,34.37079],[133.27619,34.36929],[133.27351,34.36789],[133.27267,34.3663],[133.27153,34.3654],[133.27142,34.36468],[133.27185,34.36475],[133.27207,34.36473],[133.27286,34.36395],[133.27199,34.36471],[133.27125,34.36461],[133.27143,34.36399],[133.27184,34.36414],[133.27158,34.36365],[133.27208,34.36371],[133.27144,34.36327],[133.27193,34.36204],[133.27104,34.36202],[133.27005,34.36083],[133.26824,34.36131],[133.26728,34.36225],[133.2666,34.36202],[133.26404,34.36509],[133.26257,34.3653],[133.26197,34.36487],[133.26031,34.36603],[133.25947,34.36553],[133.25886,34.36582],[133.25893,34.36828],[133.25998,34.37006],[133.25981,34.37102],[133.25877,34.37124],[133.2599,34.37257],[133.25791,34.37525],[133.25704,34.37937],[133.26004,34.38406],[133.26085,34.38443],[133.26128,34.38302]]],[[[133.22277,34.37222],[133.2216,34.37476],[133.22277,34.37503],[133.22335,34.37424],[133.22317,34.37284],[133.22372,34.37211],[133.22277,34.37222]]],[[[133.24395,34.3706],[133.2438,34.37104],[133.24203,34.37123],[133.23948,34.37234],[133.23808,34.37467],[133.24019,34.37745],[133.24012,34.37851],[133.2409,34.3797],[133.24229,34.37934],[133.24302,34.37802],[133.24276,34.37695],[133.24344,34.37631],[133.24655,34.37516],[133.24582,34.37288],[133.24485,34.37218],[133.24469,34.37117],[133.24395,34.3706]]],[[[133.18315,34.35958],[133.18273,34.36242],[133.18185,34.36385],[133.17897,34.3651],[133.17613,34.3653],[133.17597,34.36626],[133.17429,34.36653],[133.17414,34.3677],[133.17485,34.36823],[133.17473,34.36963],[133.17545,34.36993],[133.17536,34.37092],[133.17604,34.37047],[133.17654,34.37124],[133.17603,34.37256],[133.17524,34.37313],[133.17486,34.37299],[133.17426,34.37335],[133.17496,34.37325],[133.1738,34.37421],[133.17411,34.37432],[133.17419,34.37674],[133.17379,34.37722],[133.17408,34.3807],[133.17305,34.38212],[133.17282,34.38412],[133.17162,34.38496],[133.17185,34.38537],[133.16997,34.38724],[133.17213,34.39279],[133.17329,34.3912],[133.17272,34.39299],[133.1742,34.39348],[133.17555,34.39335],[133.17679,34.39432],[133.17765,34.39584],[133.18003,34.39626],[133.18114,34.39582],[133.1816,34.3963],[133.18169,34.39529],[133.18189,34.39588],[133.18406,34.39582],[133.18407,34.39465],[133.18458,34.39591],[133.18661,34.3957],[133.18736,34.39653],[133.18767,34.39623],[133.18926,34.39661],[133.18921,34.39728],[133.19039,34.39581],[133.19014,34.39687],[133.19086,34.39746],[133.19154,34.39693],[133.19097,34.39755],[133.19245,34.39866],[133.1942,34.3965],[133.1941,34.39713],[133.19468,34.39731],[133.19284,34.39933],[133.19319,34.39918],[133.19481,34.40044],[133.19618,34.40041],[133.19504,34.40057],[133.19599,34.40087],[133.19369,34.40089],[133.19628,34.40119],[133.194,34.40145],[133.19482,34.4014],[133.19573,34.40258],[133.19655,34.40245],[133.19835,34.40385],[133.19889,34.40385],[133.19912,34.40222],[133.19938,34.4043],[133.20215,34.40495],[133.20243,34.40464],[133.20264,34.40516],[133.20291,34.40488],[133.20376,34.40534],[133.20399,34.40463],[133.20495,34.40481],[133.20501,34.40522],[133.20528,34.40492],[133.20651,34.40572],[133.2063,34.40601],[133.20688,34.40572],[133.20935,34.40811],[133.21004,34.40786],[133.21018,34.40834],[133.21304,34.40915],[133.21504,34.40935],[133.21878,34.4073],[133.22155,34.40696],[133.22162,34.40652],[133.22297,34.40668],[133.22382,34.40748],[133.22632,34.40752],[133.22639,34.40679],[133.22744,34.40677],[133.22752,34.40725],[133.22752,34.40676],[133.23052,34.40666],[133.23033,34.40703],[133.23526,34.40658],[133.23665,34.40591],[133.2371,34.40559],[133.23777,34.40499],[133.23709,34.40556],[133.23661,34.40486],[133.23695,34.4045],[133.23712,34.40322],[133.2367,34.40444],[133.236,34.40438],[133.23605,34.40337],[133.2357,34.40349],[133.23498,34.40277],[133.236,34.40323],[133.23677,34.40223],[133.23594,34.40177],[133.2373,34.40164],[133.23706,34.40072],[133.23756,34.39951],[133.23886,34.39849],[133.23971,34.3984],[133.23912,34.39761],[133.23718,34.39679],[133.23732,34.39573],[133.23673,34.39447],[133.23739,34.39339],[133.23696,34.39138],[133.23537,34.38967],[133.23437,34.39083],[133.23485,34.39162],[133.23452,34.39274],[133.23297,34.39325],[133.23114,34.39282],[133.23044,34.39422],[133.23087,34.39183],[133.23172,34.39162],[133.2286,34.38619],[133.22572,34.38458],[133.22569,34.38386],[133.22319,34.38307],[133.22341,34.38339],[133.22283,34.38357],[133.223,34.38304],[133.22126,34.38247],[133.22082,34.38146],[133.21985,34.38129],[133.21903,34.38042],[133.21984,34.37822],[133.21834,34.37719],[133.21859,34.3766],[133.21821,34.37696],[133.21778,34.37645],[133.21818,34.37611],[133.21836,34.37491],[133.21813,34.37556],[133.21793,34.37511],[133.21758,34.37557],[133.21782,34.37363],[133.21866,34.37449],[133.21761,34.37286],[133.21782,34.37026],[133.21609,34.36579],[133.21621,34.36487],[133.21781,34.36369],[133.21412,34.36314],[133.21342,34.36365],[133.21244,34.36302],[133.21272,34.36122],[133.21363,34.36163],[133.21397,34.36124],[133.2128,34.36106],[133.21411,34.36052],[133.21191,34.35708],[133.21207,34.3562],[133.21023,34.35717],[133.21078,34.35803],[133.20952,34.35948],[133.20955,34.36007],[133.21031,34.3597],[133.21015,34.36049],[133.20967,34.36031],[133.20964,34.36076],[133.20768,34.36155],[133.20429,34.36096],[133.2032,34.3599],[133.20297,34.36022],[133.20169,34.35967],[133.20182,34.36007],[133.20076,34.35882],[133.20008,34.35867],[133.19694,34.35924],[133.1955,34.35906],[133.19429,34.3596],[133.18928,34.35695],[133.1887,34.3585],[133.18778,34.3591],[133.18439,34.35886],[133.18383,34.35846],[133.18315,34.35958]]],[[[133.25738,34.39727],[133.25783,34.3965],[133.25961,34.39711],[133.26096,34.39515],[133.25942,34.39742],[133.25981,34.40076],[133.25905,34.40196],[133.25972,34.40241],[133.26004,34.40372],[133.26143,34.40464],[133.26386,34.40524],[133.26487,34.40327],[133.26583,34.40333],[133.26723,34.40383],[133.26877,34.40537],[133.27203,34.40661],[133.27248,34.40721],[133.2725,34.40791],[133.27226,34.40784],[133.27217,34.40786],[133.27275,34.40798],[133.27242,34.40848],[133.27197,34.40816],[133.27239,34.40852],[133.27213,34.40988],[133.27298,34.41357],[133.2764,34.41301],[133.27697,34.41504],[133.28106,34.41352],[133.28472,34.41412],[133.28561,34.41353],[133.28666,34.41147],[133.28937,34.41166],[133.29006,34.41056],[133.29244,34.40882],[133.29251,34.40773],[133.29153,34.4072],[133.29229,34.40571],[133.29459,34.40263],[133.29641,34.40241],[133.29671,34.4017],[133.29584,34.40066],[133.29653,34.39852],[133.29527,34.39728],[133.29531,34.39661],[133.29379,34.39475],[133.29257,34.39426],[133.29165,34.39276],[133.29036,34.39285],[133.28913,34.39126],[133.28776,34.39154],[133.28772,34.39019],[133.28649,34.38961],[133.2855,34.3879],[133.28488,34.38792],[133.28464,34.38631],[133.28473,34.38794],[133.28529,34.38837],[133.28474,34.38859],[133.28495,34.38911],[133.28586,34.38927],[133.2846,34.3894],[133.28377,34.38973],[133.28557,34.38977],[133.28485,34.3911],[133.28253,34.39018],[133.28195,34.39125],[133.2824,34.39142],[133.28288,34.39044],[133.28261,34.39142],[133.28306,34.3905],[133.28472,34.3911],[133.28478,34.39123],[133.28348,34.39073],[133.28336,34.39074],[133.28305,34.39129],[133.28353,34.39077],[133.28395,34.39093],[133.28351,34.39153],[133.2836,34.39167],[133.28398,34.39094],[133.28427,34.39106],[133.28386,34.39164],[133.28405,34.39172],[133.2843,34.39107],[133.28462,34.39119],[133.28428,34.39214],[133.2846,34.39227],[133.28153,34.39497],[133.28012,34.39498],[133.28108,34.39524],[133.28037,34.39645],[133.28221,34.39692],[133.28308,34.39643],[133.28166,34.39731],[133.28178,34.39811],[133.28235,34.39821],[133.28178,34.39813],[133.28166,34.39858],[133.28244,34.3987],[133.2814,34.39964],[133.28144,34.40169],[133.27748,34.39978],[133.27745,34.39819],[133.27841,34.39822],[133.27746,34.39813],[133.27703,34.39651],[133.27599,34.3955],[133.27627,34.39473],[133.2751,34.39416],[133.27508,34.39329],[133.27371,34.39357],[133.27087,34.39181],[133.26939,34.3928],[133.2688,34.39271],[133.2684,34.392],[133.26728,34.39271],[133.26587,34.3923],[133.26275,34.39461],[133.26213,34.39342],[133.2627,34.39459],[133.26122,34.39504],[133.2617,34.39382],[133.26104,34.39425],[133.25981,34.39347],[133.25997,34.39331],[133.26094,34.39347],[133.2614,34.39339],[133.25965,34.39325],[133.25891,34.39152],[133.25733,34.3907],[133.25663,34.38984],[133.25685,34.38944],[133.25359,34.38839],[133.25223,34.38826],[133.2468,34.38949],[133.24439,34.39122],[133.24534,34.39441],[133.2446,34.39511],[133.24432,34.39645],[133.24501,34.39743],[133.24431,34.3973],[133.24469,34.39779],[133.24329,34.39849],[133.24377,34.3987],[133.24363,34.4004],[133.24514,34.39816],[133.24572,34.39814],[133.24575,34.39911],[133.24633,34.3991],[133.24585,34.39908],[133.24584,34.3982],[133.24689,34.39817],[133.24673,34.39858],[133.24711,34.39858],[133.24696,34.39817],[133.24819,34.39814],[133.25007,34.39914],[133.25035,34.40079],[133.25335,34.4015],[133.25552,34.40044],[133.25725,34.39744],[133.25772,34.39742],[133.25738,34.39727]]]]}},{"type":"Feature","properties":{"id":"muni-34207","name":"福山市"},"geometry":{"type":"MultiPolygon","coordinates":[[[[133.25726,34.33156],[133.25599,34.32972],[133.25609,34.33129],[133.25771,34.33232],[133.25782,34.33173],[133.25726,34.33156]]],[[[133.28648,34.35768],[133.2879,34.35775],[133.28738,34.35656],[133.28818,34.35716],[133.28826,34.35621],[133.2907,34.35675],[133.29148,34.35879],[133.2908,34.35843],[133.29278,34.36033],[133.29362,34.36208],[133.29684,34.3647],[133.30032,34.36622],[133.30191,34.3681],[133.30419,34.36869],[133.30438,34.36939],[133.3043,34.3688],[133.30497,34.3689],[133.30487,34.36926],[133.30504,34.36891],[133.30797,34.36933],[133.31015,34.37094],[133.31244,34.37107],[133.3151,34.37235],[133.31869,34.37275],[133.31998,34.36727],[133.32336,34.36518],[133.3241,34.36619],[133.32508,34.36616],[133.32533,34.36533],[133.32427,34.36264],[133.32465,34.36255],[133.32559,34.36366],[133.32469,34.36247],[133.32424,34.36258],[133.32366,34.36148],[133.32407,34.36011],[133.32513,34.35991],[133.32797,34.3636],[133.32722,34.3644],[133.32809,34.36382],[133.33165,34.36581],[133.33234,34.36834],[133.3319,34.36828],[133.33229,34.36837],[133.33203,34.37047],[133.33323,34.37081],[133.33291,34.37044],[133.33325,34.36859],[133.33592,34.36827],[133.33896,34.3694],[133.33949,34.36897],[133.34116,34.36946],[133.34183,34.36999],[133.34189,34.37107],[133.34244,34.37056],[133.34219,34.36884],[133.34074,34.36665],[133.33973,34.36387],[133.33974,34.36338],[133.34069,34.36309],[133.33956,34.36336],[133.3385,34.36232],[133.33915,34.3621],[133.33734,34.35885],[133.3373,34.35772],[133.33765,34.35767],[133.33717,34.35769],[133.3372,34.35698],[133.33817,34.35742],[133.33812,34.35805],[133.33854,34.35881],[133.33815,34.35657],[133.33786,34.35632],[133.33404,34.35477],[133.33217,34.35469],[133.3296,34.35541],[133.32805,34.35519],[133.3273,34.35423],[133.32598,34.35447],[133.32062,34.35339],[133.32095,34.35296],[133.32043,34.35331],[133.32006,34.35289],[133.32043,34.35223],[133.32108,34.35261],[133.32132,34.35256],[133.32045,34.35216],[133.31989,34.35218],[133.31545,34.34893],[133.31136,34.34768],[133.30776,34.34509],[133.30211,34.34233],[133.29821,34.34347],[133.29609,34.3447],[133.29554,34.34615],[133.29473,34.34678],[133.2949,34.34763],[133.29426,34.34952],[133.29336,34.3505],[133.29178,34.35038],[133.29304,34.35068],[133.29268,34.35087],[133.29238,34.35329],[133.29051,34.3551],[133.28878,34.35626],[133.28829,34.35613],[133.28679,34.3551],[133.28735,34.35415],[133.2879,34.35435],[133.2876,34.35387],[133.28812,34.35229],[133.2874,34.35095],[133.28772,34.35004],[133.28934,34.35041],[133.28963,34.35033],[133.28769,34.34997],[133.28608,34.34784],[133.28645,34.34719],[133.28596,34.34682],[133.28602,34.34508],[133.28559,34.34447],[133.28566,34.3437],[133.28631,34.34321],[133.28531,34.34039],[133.28582,34.33996],[133.28548,34.33921],[133.28604,34.33894],[133.28573,34.33837],[133.28257,34.33729],[133.28169,34.33643],[133.2804,34.33632],[133.27848,34.33487],[133.27753,34.33545],[133.2727,34.33572],[133.26916,34.33464],[133.26844,34.33402],[133.26902,34.33362],[133.26841,34.33396],[133.26774,34.3331],[133.26683,34.33385],[133.26563,34.33381],[133.26501,34.33361],[133.26529,34.3327],[133.26574,34.33262],[133.26525,34.33251],[133.26472,34.33354],[133.26394,34.33265],[133.26231,34.33242],[133.26215,34.33397],[133.26339,34.3339],[133.26428,34.3357],[133.26598,34.33658],[133.26691,34.3381],[133.26664,34.34104],[133.26651,34.34162],[133.26601,34.34158],[133.26649,34.34168],[133.2658,34.3433],[133.26474,34.3442],[133.26421,34.344],[133.26317,34.34454],[133.26235,34.34406],[133.26196,34.34441],[133.26236,34.34594],[133.26375,34.3477],[133.26691,34.3498],[133.26983,34.35],[133.27237,34.35279],[133.27844,34.35562],[133.28243,34.35687],[133.28259,34.35781],[133.28302,34.35808],[133.28247,34.35685],[133.28437,34.35606],[133.28493,34.35695],[133.28635,34.35683],[133.28648,34.35768]]],[[[133.37529,34.36975],[133.37454,34.36856],[133.37414,34.36896],[133.37529,34.36975]]],[[[133.33868,34.37102],[133.33731,34.36975],[133.33664,34.3702],[133.33613,34.36994],[133.33564,34.37068],[133.33607,34.37126],[133.33777,34.37154],[133.33868,34.37102]]],[[[133.39062,34.38172],[133.39063,34.37964],[133.39019,34.37957],[133.39034,34.38034],[133.38888,34.3808],[133.39062,34.38172]]],[[[133.38645,34.3834],[133.38641,34.38254],[133.38627,34.3824],[133.38612,34.38337],[133.38645,34.3834]]],[[[133.23716,34.4476],[133.23829,34.44793],[133.23764,34.44835],[133.23861,34.44851],[133.2382,34.44913],[133.23854,34.44973],[133.23964,34.45032],[133.23936,34.45129],[133.24062,34.45402],[133.2401,34.45522],[133.23686,34.45627],[133.23659,34.45742],[133.23495,34.45954],[133.23223,34.45778],[133.23182,34.45559],[133.22934,34.45573],[133.22936,34.45638],[133.22693,34.45881],[133.2227,34.45936],[133.22118,34.46107],[133.22116,34.46164],[133.22037,34.46178],[133.2199,34.46281],[133.22015,34.46406],[133.21648,34.46305],[133.21351,34.46654],[133.21251,34.46847],[133.21155,34.46902],[133.21051,34.47135],[133.21323,34.47365],[133.21565,34.4739],[133.21805,34.47604],[133.21956,34.47531],[133.22033,34.47363],[133.22192,34.47349],[133.22323,34.47445],[133.22451,34.47373],[133.2261,34.47464],[133.22661,34.47593],[133.22856,34.47676],[133.22893,34.47802],[133.22831,34.47883],[133.22843,34.48022],[133.22772,34.48102],[133.22807,34.48179],[133.22753,34.48338],[133.22613,34.48453],[133.22694,34.48568],[133.2288,34.48547],[133.22928,34.48483],[133.23008,34.48512],[133.2313,34.48806],[133.23133,34.4898],[133.233,34.49047],[133.23452,34.49188],[133.23573,34.49201],[133.23481,34.49289],[133.2341,34.4946],[133.23405,34.49619],[133.23285,34.49745],[133.23302,34.49844],[133.2324,34.49922],[133.23569,34.50026],[133.23557,34.50088],[133.23631,34.50133],[133.23631,34.50194],[133.23824,34.50271],[133.24031,34.50229],[133.23877,34.50517],[133.23767,34.50601],[133.2379,34.50741],[133.23984,34.50779],[133.23899,34.50863],[133.23962,34.50925],[133.23947,34.51104],[133.23724,34.51181],[133.2361,34.51352],[133.23472,34.51454],[133.23,34.51442],[133.22917,34.51382],[133.22805,34.51455],[133.22668,34.51368],[133.22653,34.51276],[133.22572,34.5119],[133.22254,34.50998],[133.22087,34.50977],[133.21878,34.5085],[133.21782,34.50887],[133.216,34.50832],[133.21471,34.50849],[133.21386,34.50912],[133.21475,34.51041],[133.21447,34.51095],[133.21291,34.51293],[133.21174,34.51365],[133.21207,34.51467],[133.21166,34.51519],[133.21213,34.51596],[133.21142,34.51771],[133.21167,34.51815],[133.21105,34.51875],[133.2113,34.51973],[133.21311,34.5199],[133.21403,34.52153],[133.2156,34.52173],[133.21889,34.52375],[133.21902,34.52521],[133.21966,34.52554],[133.22029,34.52699],[133.22002,34.5274],[133.22152,34.53005],[133.2213,34.53162],[133.22265,34.53152],[133.2239,34.5307],[133.22523,34.52872],[133.22722,34.52726],[133.22878,34.52775],[133.23006,34.52738],[133.23122,34.52818],[133.23252,34.52808],[133.23331,34.5289],[133.23454,34.52896],[133.23478,34.52987],[133.23621,34.53146],[133.23538,34.53256],[133.23644,34.53306],[133.23736,34.53449],[133.23942,34.53471],[133.23995,34.53537],[133.23953,34.53589],[133.23983,34.53634],[133.24182,34.5356],[133.24326,34.5361],[133.24545,34.53806],[133.24637,34.53816],[133.24704,34.54005],[133.24665,34.5404],[133.25103,34.54592],[133.25255,34.54508],[133.25276,34.54565],[133.2553,34.54616],[133.25638,34.54703],[133.25731,34.54715],[133.25752,34.5478],[133.26309,34.54813],[133.26403,34.55134],[133.26863,34.55231],[133.27044,34.55617],[133.269,34.55724],[133.26924,34.55807],[133.26834,34.55889],[133.26841,34.5599],[133.26511,34.56185],[133.26489,34.56422],[133.26437,34.56456],[133.26412,34.56572],[133.26293,34.56639],[133.26252,34.5672],[133.26468,34.5682],[133.26644,34.56976],[133.26724,34.5713],[133.26706,34.57286],[133.26578,34.57413],[133.26626,34.57631],[133.26466,34.57659],[133.26383,34.57732],[133.26345,34.57859],[133.26185,34.57917],[133.26075,34.58038],[133.25879,34.58051],[133.25791,34.58105],[133.25575,34.58433],[133.25678,34.58716],[133.25406,34.58747],[133.25091,34.58906],[133.25004,34.59164],[133.24856,34.59234],[133.24796,34.59396],[133.24483,34.59639],[133.24183,34.59764],[133.24106,34.59891],[133.23827,34.59888],[133.23744,34.59926],[133.23815,34.60056],[133.237,34.60152],[133.2376,34.60253],[133.23732,34.60383],[133.23829,34.6048],[133.23643,34.60597],[133.2367,34.60807],[133.23468,34.60904],[133.23458,34.61237],[133.23385,34.61327],[133.23228,34.61394],[133.23358,34.61649],[133.23555,34.61786],[133.23543,34.61934],[133.2365,34.62203],[133.23414,34.62741],[133.2333,34.62724],[133.23267,34.62954],[133.23074,34.63033],[133.22954,34.63168],[133.2297,34.63323],[133.23063,34.63317],[133.23327,34.63437],[133.23533,34.63617],[133.23544,34.63815],[133.23645,34.63959],[133.23582,34.64161],[133.239,34.64084],[133.24063,34.6413],[133.24123,34.64195],[133.24084,34.6431],[133.24296,34.64292],[133.24409,34.64397],[133.24413,34.6455],[133.24467,34.64626],[133.24841,34.64728],[133.24965,34.6466],[133.25079,34.64675],[133.25281,34.64778],[133.255,34.65271],[133.25688,34.65204],[133.25725,34.65031],[133.25785,34.65041],[133.25889,34.64927],[133.25981,34.64925],[133.26126,34.65007],[133.26129,34.65061],[133.26222,34.65102],[133.262,34.65149],[133.26086,34.65156],[133.26027,34.65042],[133.25975,34.65114],[133.26038,34.65156],[133.26015,34.65208],[133.26097,34.65333],[133.26086,34.65399],[133.26288,34.65535],[133.26207,34.65701],[133.26406,34.65783],[133.26504,34.66218],[133.26445,34.66259],[133.26453,34.66312],[133.26577,34.66351],[133.26501,34.66428],[133.26807,34.66446],[133.26994,34.6661],[133.2715,34.666],[133.27258,34.66535],[133.27455,34.66548],[133.27513,34.66632],[133.27605,34.66612],[133.27872,34.66452],[133.28093,34.66404],[133.28208,34.66164],[133.28295,34.66112],[133.28305,34.66032],[133.28405,34.65912],[133.28402,34.66007],[133.28467,34.66057],[133.28546,34.66313],[133.28464,34.6665],[133.28494,34.66789],[133.28574,34.66903],[133.28687,34.66913],[133.28791,34.66875],[133.28783,34.66771],[133.28926,34.66743],[133.28947,34.66667],[133.28865,34.66531],[133.2893,34.66499],[133.28961,34.66373],[133.29086,34.66315],[133.29054,34.66014],[133.29182,34.6598],[133.29129,34.65857],[133.29178,34.65693],[133.29125,34.65606],[133.29105,34.65369],[133.28979,34.65142],[133.28943,34.64954],[133.28978,34.64676],[133.29068,34.64529],[133.28975,34.64531],[133.29184,34.64491],[133.29436,34.64527],[133.29537,34.64406],[133.29661,34.64417],[133.29713,34.64535],[133.29881,34.64643],[133.29957,34.64554],[133.30048,34.64611],[133.30103,34.64586],[133.30345,34.64803],[133.30437,34.64812],[133.30511,34.64632],[133.30432,34.64425],[133.30541,34.64206],[133.30842,34.63954],[133.30971,34.63776],[133.31163,34.63798],[133.31196,34.63717],[133.31326,34.63702],[133.31376,34.63647],[133.31453,34.63717],[133.31522,34.63694],[133.31595,34.63823],[133.31727,34.63852],[133.31726,34.63912],[133.31791,34.63958],[133.31743,34.64062],[133.31807,34.64124],[133.31797,34.64241],[133.31686,34.64339],[133.31749,34.64391],[133.31723,34.64548],[133.31826,34.64794],[133.31803,34.64985],[133.31966,34.65043],[133.31939,34.65265],[133.32131,34.65354],[133.32224,34.65477],[133.32235,34.6561],[133.32427,34.65653],[133.32616,34.65861],[133.3275,34.65899],[133.32878,34.66038],[133.3343,34.66195],[133.33414,34.66458],[133.33318,34.66555],[133.33177,34.66561],[133.33236,34.66618],[133.33982,34.66918],[133.34013,34.66998],[133.33984,34.67144],[133.33832,34.67412],[133.33624,34.67624],[133.33636,34.67735],[133.33765,34.6783],[133.33801,34.67969],[133.33973,34.6804],[133.3415,34.67966],[133.34195,34.67876],[133.34459,34.67808],[133.3457,34.6783],[133.34752,34.67966],[133.3477,34.68123],[133.34873,34.68183],[133.34924,34.68338],[133.3523,34.68395],[133.35277,34.68651],[133.35545,34.68682],[133.3567,34.68939],[133.35999,34.68975],[133.36127,34.6894],[133.36154,34.68874],[133.36367,34.68883],[133.3656,34.69075],[133.36816,34.69067],[133.36805,34.69147],[133.36676,34.69206],[133.36695,34.69391],[133.36504,34.69402],[133.36519,34.69558],[133.36579,34.69635],[133.3664,34.69626],[133.36685,34.69523],[133.36858,34.69512],[133.3682,34.6972],[133.36723,34.69817],[133.36639,34.70028],[133.36507,34.70142],[133.36391,34.70382],[133.36273,34.70473],[133.36209,34.70657],[133.35991,34.70863],[133.36006,34.70922],[133.35842,34.70978],[133.35672,34.71111],[133.35518,34.71072],[133.35462,34.71195],[133.35672,34.71204],[133.35724,34.7116],[133.35907,34.71146],[133.36175,34.71225],[133.36548,34.71006],[133.36765,34.71116],[133.37086,34.71193],[133.36986,34.70971],[133.37314,34.70778],[133.37316,34.70604],[133.37228,34.70498],[133.37286,34.70305],[133.37482,34.70074],[133.37403,34.69949],[133.37463,34.69719],[133.3742,34.69502],[133.37455,34.69443],[133.37559,34.6944],[133.37852,34.69234],[133.38075,34.69225],[133.38195,34.69051],[133.38291,34.69011],[133.38367,34.68755],[133.38507,34.68606],[133.38659,34.68528],[133.38681,34.68388],[133.38517,34.68376],[133.38452,34.68178],[133.38335,34.68129],[133.38271,34.68023],[133.38485,34.67956],[133.38561,34.67721],[133.38985,34.67625],[133.39078,34.67484],[133.39234,34.67579],[133.39471,34.67384],[133.39638,34.67538],[133.39825,34.67525],[133.40224,34.67373],[133.40339,34.67186],[133.40241,34.67002],[133.40286,34.66876],[133.40276,34.66679],[133.40005,34.66192],[133.40012,34.65986],[133.39799,34.65856],[133.39803,34.65736],[133.3964,34.65585],[133.39676,34.65309],[133.39639,34.65203],[133.39472,34.65037],[133.39186,34.64917],[133.39121,34.64661],[133.3915,34.64549],[133.39065,34.64384],[133.39019,34.64339],[133.38863,34.64337],[133.3876,34.64171],[133.38769,34.64088],[133.38905,34.63975],[133.38753,34.63893],[133.38762,34.63709],[133.3872,34.63621],[133.38974,34.63339],[133.39131,34.63265],[133.39127,34.63194],[133.39201,34.63124],[133.38884,34.62895],[133.38832,34.62693],[133.38471,34.62495],[133.38446,34.62298],[133.38377,34.62223],[133.38447,34.62002],[133.3855,34.61935],[133.3852,34.61808],[133.38569,34.61681],[133.38869,34.61536],[133.38909,34.6139],[133.39029,34.61362],[133.39041,34.6128],[133.39235,34.61272],[133.39318,34.61197],[133.39276,34.61111],[133.39318,34.60982],[133.39234,34.6081],[133.39431,34.60752],[133.39486,34.6061],[133.39571,34.60557],[133.39613,34.60328],[133.39686,34.60233],[133.3971,34.59985],[133.39884,34.5979],[133.39745,34.59512],[133.39993,34.5942],[133.40013,34.59346],[133.40195,34.5919],[133.40348,34.59197],[133.40395,34.59122],[133.40534,34.59079],[133.40577,34.58905],[133.40909,34.59026],[133.41154,34.58998],[133.41283,34.58921],[133.41331,34.58644],[133.41468,34.58743],[133.41622,34.586],[133.42071,34.58712],[133.42303,34.5862],[133.42409,34.58477],[133.42215,34.5842],[133.42264,34.58391],[133.42213,34.58334],[133.423,34.57925],[133.42583,34.57423],[133.42697,34.57407],[133.42754,34.57287],[133.42771,34.57126],[133.42661,34.56919],[133.4293,34.56857],[133.42899,34.56805],[133.43095,34.56735],[133.4315,34.56633],[133.4326,34.56649],[133.43541,34.56582],[133.43734,34.56308],[133.43855,34.56263],[133.43843,34.56171],[133.44053,34.55945],[133.44332,34.55719],[133.446,34.55611],[133.4458,34.55518],[133.44654,34.55328],[133.44525,34.55213],[133.44681,34.55113],[133.44577,34.54974],[133.44761,34.54891],[133.4473,34.54761],[133.44775,34.54614],[133.44918,34.54527],[133.44943,34.54434],[133.44913,34.54365],[133.44953,34.54077],[133.44879,34.53959],[133.45036,34.53793],[133.45161,34.53752],[133.45348,34.53523],[133.4531,34.53359],[133.45441,34.53105],[133.45202,34.52842],[133.45187,34.52713],[133.45003,34.52479],[133.44893,34.52151],[133.44745,34.52085],[133.44716,34.52015],[133.44843,34.51682],[133.44796,34.51552],[133.45001,34.51256],[133.44982,34.51182],[133.44757,34.51239],[133.44661,34.51197],[133.44659,34.51061],[133.44523,34.50984],[133.44542,34.50816],[133.44498,34.50599],[133.44697,34.50543],[133.44804,34.5061],[133.44991,34.50575],[133.45306,34.50647],[133.45536,34.5055],[133.45518,34.50438],[133.4561,34.5031],[133.45567,34.50202],[133.45645,34.49987],[133.45555,34.49784],[133.45621,34.49572],[133.45446,34.49342],[133.45114,34.492],[133.45109,34.49099],[133.45058,34.49072],[133.45102,34.49027],[133.44807,34.48829],[133.44877,34.48688],[133.44878,34.48561],[133.44666,34.4845],[133.4458,34.48324],[133.4467,34.48213],[133.44634,34.48141],[133.44698,34.48026],[133.446,34.48036],[133.44532,34.48118],[133.445,34.48422],[133.44446,34.48456],[133.44485,34.48457],[133.44535,34.48583],[133.44363,34.48664],[133.44403,34.48583],[133.4437,34.48586],[133.44366,34.48444],[133.44283,34.48266],[133.44282,34.47957],[133.4454,34.47738],[133.44533,34.47398],[133.44584,34.47397],[133.44585,34.47442],[133.44588,34.47442],[133.44586,34.47252],[133.44581,34.47298],[133.44532,34.47299],[133.44531,34.47243],[133.44586,34.47199],[133.44583,34.47034],[133.44531,34.47004],[133.44584,34.46962],[133.44581,34.46702],[133.44573,34.46773],[133.44526,34.46762],[133.44525,34.46661],[133.44585,34.46661],[133.44524,34.4666],[133.44521,34.46379],[133.44578,34.46342],[133.44566,34.4583],[133.44526,34.45824],[133.44509,34.45605],[133.44508,34.45501],[133.44543,34.45478],[133.44547,34.45539],[133.44559,34.45491],[133.4455,34.44977],[133.44517,34.4497],[133.44513,34.4465],[133.44385,34.4456],[133.44453,34.44538],[133.44452,34.44518],[133.44383,34.44559],[133.44274,34.44509],[133.43049,34.4508],[133.41998,34.45583],[133.41512,34.45933],[133.4145,34.45927],[133.41446,34.47685],[133.41488,34.47684],[133.41526,34.47852],[133.41419,34.47826],[133.41268,34.47879],[133.41298,34.47936],[133.41247,34.47888],[133.40949,34.47995],[133.40923,34.48063],[133.40789,34.48118],[133.40754,34.48092],[133.40771,34.48006],[133.4066,34.47992],[133.40622,34.48063],[133.3919,34.47872],[133.38294,34.48103],[133.38259,34.48174],[133.38169,34.48096],[133.37976,34.48156],[133.37933,34.48212],[133.37883,34.48192],[133.37907,34.48135],[133.39252,34.47735],[133.39356,34.47798],[133.40329,34.47918],[133.40854,34.47846],[133.41111,34.47295],[133.41066,34.47172],[133.41139,34.47048],[133.40988,34.46661],[133.40858,34.46663],[133.40669,34.46175],[133.4064,34.46039],[133.40808,34.45946],[133.40745,34.4584],[133.40901,34.45729],[133.4082,34.45725],[133.41224,34.45502],[133.41269,34.45516],[133.41248,34.45491],[133.41495,34.45299],[133.42029,34.45043],[133.42003,34.44999],[133.42362,34.44847],[133.42319,34.44786],[133.42366,34.44845],[133.43485,34.44328],[133.43515,34.44299],[133.43316,34.43987],[133.43803,34.43742],[133.4379,34.43792],[133.43843,34.43771],[133.43872,34.43752],[133.43809,34.4374],[133.43993,34.43653],[133.43131,34.42412],[133.41341,34.43614],[133.41077,34.43384],[133.40659,34.43689],[133.40465,34.43543],[133.40461,34.4344],[133.40486,34.43376],[133.40777,34.43161],[133.40771,34.42845],[133.40603,34.42856],[133.40508,34.42752],[133.40288,34.4283],[133.40119,34.42759],[133.40019,34.42778],[133.39637,34.42694],[133.39347,34.42534],[133.39109,34.42182],[133.38942,34.42372],[133.3903,34.42195],[133.38676,34.4208],[133.38725,34.42132],[133.38646,34.42253],[133.38592,34.42174],[133.38638,34.4216],[133.38578,34.42147],[133.38546,34.42045],[133.38684,34.42043],[133.38611,34.41969],[133.38663,34.41955],[133.38683,34.41994],[133.38695,34.41948],[133.38673,34.41882],[133.3849,34.41864],[133.38385,34.41293],[133.38431,34.4127],[133.38375,34.41282],[133.38195,34.40749],[133.38316,34.40698],[133.38241,34.40511],[133.38121,34.39523],[133.3801,34.39521],[133.38107,34.39025],[133.38188,34.38899],[133.38236,34.38924],[133.3821,34.38906],[133.38277,34.38824],[133.3836,34.38849],[133.38245,34.38964],[133.38334,34.38894],[133.38409,34.38795],[133.38342,34.387],[133.38461,34.38437],[133.38367,34.38131],[133.38133,34.38027],[133.38247,34.38114],[133.38198,34.38123],[133.38235,34.38159],[133.38175,34.38142],[133.38241,34.38201],[133.38182,34.38302],[133.38124,34.38307],[133.38082,34.3824],[133.37993,34.38258],[133.37988,34.38209],[133.37956,34.38266],[133.37821,34.38211],[133.37741,34.38037],[133.37834,34.37934],[133.37956,34.37909],[133.37915,34.37915],[133.3782,34.37799],[133.37807,34.37691],[133.3779,34.37746],[133.37688,34.37761],[133.37515,34.37693],[133.37518,34.37616],[133.37692,34.37615],[133.37741,34.37598],[133.37747,34.37632],[133.37821,34.37659],[133.3792,34.37599],[133.3807,34.37618],[133.3823,34.37555],[133.37975,34.37555],[133.37833,34.37648],[133.37745,34.37592],[133.37691,34.3761],[133.37519,34.37609],[133.37448,34.3763],[133.37521,34.37599],[133.37435,34.37596],[133.37325,34.37497],[133.37103,34.37426],[133.36711,34.36878],[133.36336,34.36969],[133.36257,34.36962],[133.36194,34.36867],[133.36082,34.36856],[133.35856,34.36941],[133.35743,34.3693],[133.3555,34.36805],[133.35397,34.3677],[133.35393,34.3671],[133.35229,34.36616],[133.34681,34.36545],[133.346,34.36555],[133.3459,34.36655],[133.34792,34.36963],[133.34834,34.37111],[133.34775,34.37247],[133.3482,34.37283],[133.34703,34.3759],[133.34622,34.37693],[133.34519,34.37645],[133.34384,34.37705],[133.34518,34.37648],[133.3461,34.37691],[133.34517,34.37751],[133.34404,34.37736],[133.34419,34.37822],[133.34384,34.37838],[133.34082,34.37832],[133.34046,34.37882],[133.33643,34.38044],[133.33533,34.38009],[133.33556,34.3804],[133.33491,34.38101],[133.33417,34.38045],[133.33436,34.37992],[133.33364,34.37959],[133.3337,34.37915],[133.33321,34.37916],[133.33361,34.37882],[133.33318,34.37912],[133.33263,34.37842],[133.33153,34.37892],[133.33178,34.37953],[133.33118,34.3802],[133.3302,34.37983],[133.33102,34.37939],[133.32951,34.37947],[133.32865,34.38007],[133.32559,34.37947],[133.32441,34.37978],[133.3241,34.3789],[133.32477,34.37703],[133.32281,34.37643],[133.32151,34.3771],[133.31916,34.38003],[133.31863,34.38012],[133.31894,34.38025],[133.31553,34.38149],[133.31471,34.38093],[133.31169,34.38347],[133.31122,34.38331],[133.31092,34.38394],[133.31037,34.38378],[133.31004,34.38419],[133.30911,34.38259],[133.30891,34.38265],[133.3099,34.38434],[133.30913,34.38507],[133.30813,34.3835],[133.30792,34.38356],[133.30908,34.38511],[133.30802,34.38591],[133.30692,34.38436],[133.30797,34.38594],[133.30727,34.38647],[133.30743,34.38668],[133.30778,34.38654],[133.30791,34.38668],[133.30748,34.3869],[133.30719,34.38655],[133.30597,34.38731],[133.3059,34.38671],[133.30587,34.38661],[133.30583,34.38662],[133.30584,34.38759],[133.30509,34.38741],[133.30508,34.38667],[133.30614,34.3859],[133.30505,34.38666],[133.30476,34.38745],[133.30465,34.38562],[133.30416,34.38647],[133.30389,34.38603],[133.30412,34.38676],[133.30323,34.38684],[133.30308,34.38651],[133.30254,34.38678],[133.30259,34.38601],[133.30005,34.3858],[133.30133,34.38323],[133.299,34.38298],[133.29681,34.38521],[133.2962,34.38482],[133.29692,34.38415],[133.29617,34.38481],[133.29605,34.38437],[133.29536,34.38458],[133.29528,34.38408],[133.29495,34.38387],[133.29505,34.38427],[133.29303,34.38317],[133.29004,34.38528],[133.28983,34.38504],[133.29064,34.38335],[133.29044,34.3833],[133.28969,34.385],[133.28998,34.38531],[133.28808,34.38608],[133.28876,34.38431],[133.28856,34.38425],[133.28784,34.38595],[133.28811,34.3862],[133.28677,34.38667],[133.28682,34.38734],[133.2859,34.3877],[133.28614,34.38713],[133.28571,34.38573],[133.286,34.38715],[133.2855,34.3879],[133.28649,34.38961],[133.28772,34.39019],[133.28776,34.39154],[133.28913,34.39126],[133.29036,34.39285],[133.29175,34.39284],[133.29257,34.39426],[133.29402,34.39498],[133.29531,34.39661],[133.29527,34.39728],[133.29653,34.39852],[133.29583,34.40047],[133.29669,34.40139],[133.29656,34.40216],[133.29459,34.40263],[133.29153,34.4072],[133.29251,34.40773],[133.29244,34.40882],[133.29006,34.41056],[133.28937,34.41166],[133.28666,34.41147],[133.28561,34.41353],[133.28472,34.41412],[133.28106,34.41352],[133.27697,34.41504],[133.2764,34.41301],[133.27296,34.41358],[133.27289,34.4155],[133.27359,34.41602],[133.27335,34.41662],[133.27281,34.41667],[133.27286,34.41702],[133.27372,34.41656],[133.27379,34.41708],[133.27289,34.41714],[133.27393,34.41732],[133.27384,34.41903],[133.27269,34.42105],[133.27183,34.4213],[133.27151,34.42246],[133.27182,34.42162],[133.27229,34.4217],[133.27202,34.42289],[133.27167,34.42264],[133.27107,34.42327],[133.2694,34.42595],[133.2704,34.42598],[133.27176,34.42921],[133.27113,34.42934],[133.27039,34.43093],[133.27036,34.43271],[133.2697,34.43306],[133.26895,34.43177],[133.26819,34.43171],[133.26871,34.4318],[133.26934,34.43289],[133.26619,34.43473],[133.26873,34.43651],[133.26782,34.43651],[133.26478,34.43438],[133.26134,34.43526],[133.26108,34.43596],[133.26028,34.43632],[133.25691,34.43592],[133.25749,34.43866],[133.25559,34.43821],[133.25542,34.43962],[133.2546,34.43949],[133.25533,34.43965],[133.25561,34.4396],[133.25583,34.44112],[133.25723,34.44203],[133.25115,34.44146],[133.25161,34.44111],[133.25376,34.43119],[133.25545,34.42759],[133.2565,34.42789],[133.25534,34.42751],[133.25561,34.42692],[133.25517,34.42595],[133.25579,34.42581],[133.25514,34.42588],[133.25556,34.42547],[133.2549,34.42534],[133.25554,34.42516],[133.25488,34.42532],[133.25405,34.42352],[133.25143,34.42268],[133.24893,34.42863],[133.24822,34.42966],[133.24797,34.42934],[133.24723,34.43636],[133.2436,34.43611],[133.24216,34.44149],[133.24113,34.44135],[133.24197,34.43634],[133.24406,34.42903],[133.24437,34.42909],[133.24445,34.42907],[133.24455,34.42883],[133.2446,34.42858],[133.24449,34.42849],[133.24445,34.42905],[133.24407,34.42899],[133.24548,34.42412],[133.24459,34.42343],[133.23989,34.43593],[133.2389,34.44094],[133.23779,34.44123],[133.23741,34.4409],[133.23545,34.44363],[133.23216,34.44466],[133.22847,34.4435],[133.22821,34.44526],[133.2272,34.44532],[133.22636,34.4466],[133.22646,34.44803],[133.22572,34.44809],[133.22583,34.44873],[133.22817,34.44972],[133.22595,34.45169],[133.22727,34.45252],[133.22908,34.45166],[133.23108,34.44816],[133.23186,34.44763],[133.23691,34.44687],[133.23716,34.4476]]],[[[133.46461,34.31654],[133.4673,34.31677],[133.46856,34.3156],[133.46992,34.31571],[133.47059,34.3153],[133.4694,34.31275],[133.47015,34.31042],[133.46827,34.31038],[133.46745,34.31207],[133.46565,34.31266],[133.46359,34.31217],[133.46142,34.30958],[133.46095,34.30973],[133.46026,34.31214],[133.4584,34.31432],[133.45785,34.3144],[133.45759,34.31543],[133.45891,34.31625],[133.46084,34.31473],[133.4622,34.31447],[133.46314,34.31482],[133.46327,34.31586],[133.46461,34.31654]]],[[[133.43745,34.35105],[133.44108,34.34979],[133.44232,34.3472],[133.44441,34.34627],[133.44423,34.34561],[133.44548,34.34441],[133.44554,34.34363],[133.44815,34.34153],[133.44873,34.34218],[133.44829,34.34163],[133.44883,34.34141],[133.45151,34.34133],[133.4514,34.34184],[133.45044,34.34181],[133.44966,34.3421],[133.44877,34.34266],[133.45044,34.34185],[133.453,34.342],[133.45455,34.3377],[133.45182,34.33964],[133.44924,34.33986],[133.44834,34.33877],[133.44845,34.33774],[133.44696,34.33735],[133.44588,34.33561],[133.44436,34.33684],[133.43967,34.33784],[133.43832,34.33889],[133.43788,34.33806],[133.4381,34.33858],[133.43728,34.33895],[133.43603,34.33834],[133.43602,34.33807],[133.43707,34.33803],[133.43783,34.33768],[133.43481,34.3379],[133.43418,34.33862],[133.43309,34.33853],[133.43214,34.33927],[133.4304,34.33912],[133.42992,34.34008],[133.43018,34.34122],[133.42914,34.34176],[133.42882,34.34332],[133.42767,34.34453],[133.42821,34.34606],[133.42964,34.34758],[133.43069,34.34789],[133.42762,34.34788],[133.4273,34.35009],[133.42963,34.35037],[133.42734,34.35007],[133.4275,34.34901],[133.4307,34.34912],[133.4307,34.34952],[133.43245,34.34976],[133.43075,34.34948],[133.43071,34.34863],[133.43184,34.34894],[133.43169,34.34862],[133.43271,34.34861],[133.43292,34.34953],[133.43265,34.34772],[133.43382,34.34806],[133.43309,34.34847],[133.43346,34.34888],[133.43366,34.3485],[133.43447,34.34885],[133.43469,34.35024],[133.43332,34.34964],[133.43459,34.35033],[133.43459,34.35138],[133.43745,34.35105]]],[[[133.42709,34.35189],[133.42614,34.35264],[133.42602,34.35307],[133.42656,34.35323],[133.42734,34.35271],[133.42769,34.35183],[133.42709,34.35189]]],[[[133.4671,34.35405],[133.4653,34.35462],[133.46479,34.35623],[133.46705,34.35729],[133.46646,34.35541],[133.46785,34.3552],[133.46785,34.35456],[133.4671,34.35405]]],[[[133.39559,34.37921],[133.39504,34.37884],[133.39481,34.37938],[133.39534,34.37982],[133.39559,34.37921]]],[[[133.3992,34.38856],[133.39833,34.38726],[133.39911,34.38638],[133.39905,34.38526],[133.39972,34.38442],[133.4007,34.38394],[133.40145,34.38444],[133.40281,34.3841],[133.40321,34.38518],[133.40391,34.38329],[133.4032,34.38129],[133.40102,34.38035],[133.40102,34.37801],[133.39973,34.3785],[133.399,34.37773],[133.39797,34.37781],[133.39744,34.37859],[133.39802,34.37915],[133.39742,34.38012],[133.39463,34.38045],[133.39379,34.38123],[133.39398,34.38201],[133.39186,34.38245],[133.39132,34.38337],[133.38984,34.38325],[133.38871,34.3837],[133.38814,34.38296],[133.38814,34.38344],[133.38758,34.38365],[133.38862,34.38506],[133.38956,34.3842],[133.39044,34.38438],[133.39036,34.38501],[133.38993,34.38504],[133.39113,34.38556],[133.39117,34.38624],[133.39057,34.38677],[133.3917,34.3885],[133.39255,34.38766],[133.39398,34.3878],[133.39482,34.38841],[133.39606,34.38764],[133.39678,34.38821],[133.39812,34.38784],[133.3992,34.38856]]]]}},{"type":"Feature","properties":{"id":"muni-34208","name":"府中市"},"geometry":{"type":"Polygon","coordinates":[[[133.16708,34.54967],[133.16433,34.55189],[133.16525,34.55307],[133.16374,34.55579],[133.16355,34.55982],[133.15683,34.5654],[133.1547,34.56522],[133.15335,34.5639],[133.1532,34.56489],[133.1519,34.56453],[133.15236,34.56549],[133.15216,34.56919],[133.14795,34.56932],[133.14838,34.5695],[133.14524,34.57059],[133.14377,34.57244],[133.14358,34.57442],[133.14283,34.57442],[133.14242,34.57495],[133.14261,34.57827],[133.14189,34.57891],[133.14019,34.5793],[133.14019,34.58029],[133.13628,34.58082],[133.13478,34.58199],[133.13489,34.58374],[133.13672,34.58582],[133.14121,34.58569],[133.14261,34.58651],[133.14384,34.58826],[133.14637,34.58822],[133.14649,34.59115],[133.14596,34.59268],[133.14704,34.59331],[133.14779,34.59452],[133.14951,34.59415],[133.15241,34.59644],[133.15449,34.59899],[133.1553,34.60079],[133.15524,34.60243],[133.15802,34.60367],[133.15464,34.60858],[133.15418,34.60998],[133.15499,34.61148],[133.15744,34.61168],[133.15912,34.61296],[133.15951,34.61281],[133.16024,34.61439],[133.15963,34.61617],[133.15985,34.61872],[133.16199,34.62088],[133.16171,34.62169],[133.15986,34.62227],[133.15928,34.62423],[133.15958,34.62563],[133.15902,34.62626],[133.15839,34.62962],[133.1564,34.6317],[133.15376,34.63148],[133.15373,34.63274],[133.15262,34.63306],[133.15197,34.6343],[133.15048,34.63473],[133.1498,34.6358],[133.14706,34.63619],[133.14547,34.63717],[133.14417,34.63703],[133.14409,34.63797],[133.14327,34.63869],[133.14239,34.63883],[133.14053,34.63681],[133.13883,34.63631],[133.13767,34.63654],[133.136,34.6379],[133.13373,34.63717],[133.12677,34.63811],[133.12338,34.63757],[133.12428,34.64037],[133.12354,34.64136],[133.12428,34.64181],[133.12445,34.64338],[133.12316,34.64535],[133.12026,34.64459],[133.11784,34.64485],[133.11777,34.64593],[133.11829,34.64665],[133.11743,34.64728],[133.11525,34.64766],[133.1109,34.65168],[133.10934,34.65361],[133.10896,34.65612],[133.10776,34.65711],[133.10615,34.65745],[133.10441,34.65696],[133.102,34.65791],[133.10109,34.65732],[133.09967,34.65841],[133.09742,34.65907],[133.09424,34.65908],[133.09183,34.66082],[133.09177,34.66171],[133.09038,34.66217],[133.08978,34.66328],[133.08867,34.66295],[133.08766,34.6637],[133.0858,34.6628],[133.08594,34.66369],[133.08532,34.66477],[133.08419,34.66514],[133.08415,34.66704],[133.08345,34.66844],[133.08453,34.67062],[133.08407,34.67225],[133.08631,34.67377],[133.08588,34.67574],[133.08625,34.67638],[133.08749,34.67747],[133.09188,34.67866],[133.09267,34.68159],[133.09137,34.6826],[133.09253,34.68413],[133.09271,34.68556],[133.0937,34.6865],[133.09276,34.68693],[133.09287,34.68811],[133.09388,34.68944],[133.09655,34.68991],[133.09876,34.69173],[133.09996,34.69146],[133.10036,34.69232],[133.1016,34.69301],[133.1014,34.69368],[133.10193,34.69445],[133.10137,34.69524],[133.09963,34.69595],[133.09795,34.69761],[133.09694,34.69954],[133.09663,34.70324],[133.09776,34.70621],[133.09907,34.70769],[133.10062,34.70773],[133.10192,34.71048],[133.10129,34.71306],[133.10207,34.71406],[133.1018,34.71549],[133.0988,34.71681],[133.09795,34.71922],[133.09968,34.7243],[133.10023,34.72707],[133.09973,34.7283],[133.10117,34.72971],[133.10136,34.73134],[133.10266,34.7324],[133.10525,34.73261],[133.10546,34.7344],[133.10727,34.73492],[133.10806,34.73578],[133.10932,34.73532],[133.11009,34.73424],[133.11438,34.7355],[133.11624,34.73483],[133.11916,34.73518],[133.12071,34.7369],[133.12073,34.7383],[133.11972,34.73998],[133.11989,34.74083],[133.12322,34.7421],[133.12399,34.74331],[133.1259,34.74385],[133.12708,34.74491],[133.1271,34.74574],[133.12627,34.74673],[133.12812,34.74837],[133.12804,34.75011],[133.12857,34.75106],[133.13039,34.75097],[133.13304,34.7534],[133.13414,34.75525],[133.13518,34.75575],[133.13721,34.75519],[133.13803,34.75553],[133.13897,34.7546],[133.1407,34.75484],[133.14197,34.75397],[133.14421,34.75461],[133.14609,34.75402],[133.14801,34.75455],[133.14974,34.7541],[133.15107,34.75489],[133.15205,34.75622],[133.15307,34.75586],[133.15648,34.75694],[133.15778,34.7567],[133.15962,34.75784],[133.16143,34.75499],[133.16401,34.75558],[133.16573,34.75504],[133.16606,34.75314],[133.1647,34.74998],[133.16435,34.74731],[133.16467,34.74569],[133.16611,34.74337],[133.1654,34.74253],[133.16613,34.74047],[133.16474,34.73918],[133.16451,34.73803],[133.16532,34.73733],[133.16417,34.7369],[133.16447,34.73621],[133.16406,34.73521],[133.16275,34.73478],[133.16056,34.73275],[133.15949,34.73242],[133.15936,34.73191],[133.16012,34.73161],[133.16048,34.73066],[133.1598,34.72761],[133.16046,34.72731],[133.16263,34.72775],[133.16324,34.72597],[133.16253,34.72484],[133.16301,34.7241],[133.16531,34.72355],[133.16586,34.72296],[133.16421,34.72099],[133.16438,34.7203],[133.16527,34.72003],[133.16546,34.71938],[133.16749,34.71798],[133.1681,34.71681],[133.17009,34.71607],[133.1707,34.71495],[133.17216,34.71396],[133.17301,34.71391],[133.17387,34.71478],[133.17497,34.717],[133.17635,34.71709],[133.17685,34.71689],[133.17776,34.71457],[133.1775,34.71389],[133.18128,34.71121],[133.18167,34.70941],[133.18313,34.70887],[133.18632,34.71026],[133.18935,34.70931],[133.18887,34.70745],[133.1926,34.70621],[133.19293,34.7053],[133.19442,34.70437],[133.19418,34.70316],[133.19531,34.70279],[133.1961,34.70189],[133.19697,34.69924],[133.19891,34.69827],[133.19988,34.69513],[133.20095,34.69419],[133.20048,34.69178],[133.19808,34.69054],[133.19608,34.69032],[133.19721,34.68812],[133.19664,34.68643],[133.19248,34.68667],[133.19118,34.68565],[133.18724,34.68471],[133.18654,34.68244],[133.18491,34.68165],[133.18426,34.68046],[133.18456,34.6785],[133.18255,34.67772],[133.18209,34.6747],[133.18308,34.67283],[133.18629,34.67293],[133.18834,34.67383],[133.19196,34.6716],[133.19035,34.66951],[133.19032,34.66797],[133.18908,34.66563],[133.18635,34.66454],[133.18527,34.66317],[133.18706,34.66163],[133.1904,34.66188],[133.19167,34.66063],[133.19792,34.65926],[133.19959,34.6584],[133.20653,34.65436],[133.21,34.65041],[133.21202,34.64966],[133.2131,34.64794],[133.21576,34.64866],[133.21733,34.64854],[133.21944,34.64716],[133.21989,34.64577],[133.22134,34.64578],[133.22203,34.64619],[133.22262,34.64774],[133.22355,34.64783],[133.22544,34.6495],[133.22679,34.64931],[133.22766,34.6483],[133.22965,34.64839],[133.23091,34.64767],[133.23139,34.64669],[133.2327,34.64585],[133.23262,34.64387],[133.23386,34.64255],[133.23532,34.64216],[133.23603,34.64247],[133.23583,34.64144],[133.23645,34.63959],[133.23544,34.63815],[133.23553,34.63648],[133.23327,34.63437],[133.23063,34.63317],[133.2297,34.63323],[133.22948,34.63208],[133.23074,34.63033],[133.23267,34.62954],[133.2333,34.62724],[133.23414,34.62741],[133.2365,34.62203],[133.23543,34.61934],[133.23555,34.61786],[133.23358,34.61649],[133.23228,34.61394],[133.23385,34.61327],[133.23458,34.61237],[133.23468,34.60904],[133.2367,34.60807],[133.23643,34.60597],[133.23829,34.6048],[133.23732,34.60383],[133.2376,34.60253],[133.237,34.60152],[133.23815,34.60056],[133.23744,34.59926],[133.23827,34.59888],[133.24106,34.59891],[133.24183,34.59764],[133.24483,34.59639],[133.24796,34.59396],[133.24856,34.59234],[133.25004,34.59164],[133.25091,34.58906],[133.25406,34.58747],[133.25678,34.58716],[133.25575,34.58433],[133.25791,34.58105],[133.25879,34.58051],[133.26075,34.58038],[133.26185,34.57917],[133.26345,34.57859],[133.26383,34.57732],[133.26466,34.57659],[133.26626,34.57631],[133.26578,34.57413],[133.26706,34.57286],[133.26724,34.5713],[133.26644,34.56976],[133.26468,34.5682],[133.26252,34.5672],[133.26293,34.56639],[133.26412,34.56572],[133.26437,34.56456],[133.26489,34.56422],[133.26511,34.56185],[133.26841,34.5599],[133.26834,34.55889],[133.26924,34.55807],[133.269,34.55724],[133.27044,34.55617],[133.26863,34.55231],[133.26403,34.55134],[133.26309,34.54813],[133.25752,34.5478],[133.25731,34.54715],[133.25638,34.54703],[133.2553,34.54616],[133.25276,34.54565],[133.25255,34.54508],[133.25103,34.54592],[133.24665,34.5404],[133.24704,34.54005],[133.24637,34.53816],[133.24545,34.53806],[133.24326,34.5361],[133.24182,34.5356],[133.23983,34.53634],[133.23953,34.53589],[133.23995,34.53537],[133.23942,34.53471],[133.23736,34.53449],[133.23644,34.53306],[133.23538,34.53256],[133.23621,34.53146],[133.23478,34.52987],[133.23454,34.52896],[133.23331,34.5289],[133.23252,34.52808],[133.23122,34.52818],[133.23006,34.52738],[133.22878,34.52775],[133.22677,34.52741],[133.22523,34.52872],[133.2239,34.5307],[133.22265,34.53152],[133.2213,34.53162],[133.22182,34.53351],[133.2217,34.53524],[133.21877,34.53759],[133.21791,34.53712],[133.21704,34.53573],[133.21501,34.53519],[133.21154,34.53516],[133.21035,34.5339],[133.20926,34.53431],[133.20852,34.53537],[133.20856,34.53666],[133.2074,34.53639],[133.20637,34.53746],[133.20524,34.53744],[133.2037,34.53926],[133.20183,34.5389],[133.19973,34.53979],[133.1975,34.53814],[133.19595,34.53766],[133.19677,34.53272],[133.195,34.52948],[133.19428,34.52944],[133.19326,34.53003],[133.19333,34.53062],[133.19233,34.53141],[133.18908,34.5316],[133.18779,34.53348],[133.18846,34.53507],[133.18856,34.537],[133.18742,34.53897],[133.18396,34.53855],[133.18195,34.53773],[133.18131,34.54004],[133.18284,34.54001],[133.18125,34.54222],[133.18038,34.54223],[133.18048,34.54337],[133.1789,34.54151],[133.17804,34.54125],[133.17876,34.54024],[133.17723,34.54036],[133.17659,34.54215],[133.17694,34.54509],[133.17623,34.54789],[133.17661,34.54916],[133.17732,34.54904],[133.17705,34.55009],[133.17486,34.54945],[133.17163,34.54706],[133.16708,34.54967]]]}},{"type":"Feature","properties":{"id":"muni-34209","name":"三次市"},"geometry":{"type":"Polygon","coordinates":[[[132.8023,34.69387],[132.79626,34.69494],[132.79471,34.69655],[132.79051,34.69657],[132.78733,34.69814],[132.78473,34.69762],[132.77905,34.69905],[132.77668,34.69864],[132.77376,34.70042],[132.7695,34.70177],[132.76927,34.708],[132.77019,34.71081],[132.77301,34.71508],[132.77341,34.72207],[132.77436,34.72314],[132.77854,34.72528],[132.78301,34.72905],[132.78382,34.73073],[132.7837,34.73594],[132.78497,34.7397],[132.78594,34.74045],[132.78835,34.74068],[132.78837,34.74189],[132.78729,34.74276],[132.78753,34.74348],[132.78531,34.74485],[132.7833,34.74684],[132.78413,34.7482],[132.7839,34.74916],[132.78049,34.74915],[132.77816,34.75055],[132.77616,34.75012],[132.77501,34.74902],[132.77342,34.74866],[132.77076,34.74964],[132.76751,34.74907],[132.7678,34.75068],[132.76726,34.7515],[132.76705,34.75354],[132.76492,34.75559],[132.76839,34.75713],[132.76868,34.7577],[132.77126,34.75854],[132.7703,34.7587],[132.77016,34.75979],[132.76842,34.76004],[132.76614,34.76165],[132.7662,34.76211],[132.76993,34.76507],[132.77092,34.76719],[132.77114,34.76954],[132.772,34.77064],[132.77487,34.77144],[132.77798,34.77354],[132.77599,34.77491],[132.77578,34.77613],[132.77633,34.7788],[132.77864,34.78252],[132.77926,34.78578],[132.77917,34.78869],[132.77987,34.79024],[132.77836,34.79122],[132.77886,34.79231],[132.77797,34.79327],[132.77912,34.79538],[132.77794,34.79711],[132.77962,34.79862],[132.78098,34.80163],[132.77996,34.8025],[132.77976,34.80613],[132.76998,34.80753],[132.76629,34.80886],[132.76285,34.80795],[132.75973,34.808],[132.7493,34.81105],[132.73911,34.8121],[132.73195,34.81365],[132.72458,34.81461],[132.71763,34.81643],[132.71369,34.81796],[132.70531,34.81485],[132.70256,34.81485],[132.69667,34.81623],[132.69527,34.81799],[132.6952,34.81901],[132.69622,34.8203],[132.69663,34.82194],[132.69798,34.82378],[132.69881,34.82592],[132.70072,34.82818],[132.70515,34.82878],[132.71315,34.8278],[132.71954,34.82925],[132.72084,34.82989],[132.72328,34.83391],[132.7227,34.83639],[132.72165,34.83774],[132.72129,34.84256],[132.72082,34.84364],[132.71511,34.84441],[132.71067,34.84959],[132.71097,34.85353],[132.70997,34.85883],[132.7061,34.86292],[132.70453,34.87088],[132.70133,34.88137],[132.70002,34.88225],[132.69455,34.88312],[132.69249,34.883],[132.68838,34.88457],[132.68055,34.88453],[132.67941,34.88575],[132.67914,34.88944],[132.67851,34.891],[132.67663,34.89365],[132.67535,34.89439],[132.67357,34.89395],[132.66667,34.89029],[132.66479,34.88977],[132.66286,34.88991],[132.66015,34.8909],[132.65938,34.89208],[132.6577,34.89752],[132.65665,34.89891],[132.65533,34.89969],[132.6509,34.90051],[132.64604,34.89911],[132.63682,34.89857],[132.63489,34.89905],[132.63343,34.90123],[132.63404,34.9051],[132.63664,34.90467],[132.63885,34.9035],[132.64158,34.90409],[132.64216,34.90518],[132.64278,34.90902],[132.64355,34.90962],[132.64727,34.9104],[132.64785,34.91107],[132.64762,34.91261],[132.64935,34.91537],[132.6516,34.91782],[132.65145,34.92048],[132.65365,34.92105],[132.65409,34.92228],[132.65553,34.923],[132.65627,34.92314],[132.65768,34.92239],[132.66087,34.92336],[132.66215,34.92427],[132.6627,34.92581],[132.66573,34.92761],[132.66665,34.93068],[132.66928,34.93138],[132.67224,34.93087],[132.67593,34.93257],[132.67667,34.9351],[132.67803,34.93636],[132.67892,34.93926],[132.68009,34.94034],[132.6798,34.94136],[132.68123,34.94233],[132.68207,34.94433],[132.6831,34.9445],[132.68439,34.94593],[132.68418,34.9474],[132.68487,34.94825],[132.68542,34.95084],[132.68822,34.95164],[132.68932,34.95243],[132.69023,34.95171],[132.69102,34.95175],[132.69453,34.95233],[132.69563,34.95318],[132.69665,34.95278],[132.69829,34.95373],[132.70226,34.95184],[132.70446,34.95365],[132.70612,34.95363],[132.70648,34.95507],[132.70712,34.95531],[132.70856,34.95455],[132.71039,34.95463],[132.71172,34.95259],[132.71416,34.95342],[132.71589,34.95151],[132.717,34.95112],[132.71692,34.94942],[132.72037,34.94817],[132.72718,34.9527],[132.72754,34.95338],[132.72636,34.95368],[132.72611,34.95432],[132.72752,34.95633],[132.73237,34.95759],[132.73843,34.96035],[132.73855,34.96237],[132.73982,34.9621],[132.74041,34.96112],[132.74047,34.95688],[132.74304,34.95684],[132.74421,34.95887],[132.74596,34.95955],[132.74797,34.95941],[132.7497,34.96028],[132.75027,34.96111],[132.75089,34.96521],[132.74919,34.9658],[132.75123,34.96677],[132.75308,34.96673],[132.75164,34.96797],[132.7517,34.96942],[132.74929,34.97167],[132.7497,34.97265],[132.74814,34.97327],[132.74679,34.97547],[132.74503,34.97613],[132.7453,34.97699],[132.74818,34.97773],[132.74907,34.97863],[132.75098,34.97821],[132.75362,34.97882],[132.75557,34.97719],[132.75739,34.97784],[132.76323,34.98107],[132.76425,34.98298],[132.76608,34.98253],[132.7688,34.98406],[132.76735,34.9858],[132.7668,34.98776],[132.76546,34.98905],[132.7655,34.98967],[132.76707,34.99105],[132.76879,34.99107],[132.77127,34.99018],[132.77423,34.99255],[132.7796,34.99279],[132.78366,34.99522],[132.78677,34.99402],[132.79086,34.99353],[132.79154,34.99229],[132.7913,34.99117],[132.79216,34.98995],[132.79359,34.98968],[132.7952,34.98833],[132.79789,34.98912],[132.80171,34.98928],[132.80674,34.98768],[132.81211,34.9875],[132.81415,34.9884],[132.81585,34.99223],[132.81569,34.99331],[132.82006,34.9956],[132.82238,34.99631],[132.82276,34.99721],[132.8244,34.99855],[132.82617,34.99889],[132.82787,35.00143],[132.82876,35.00202],[132.83106,35.00225],[132.83292,35.00459],[132.83497,35.00401],[132.83647,35.00431],[132.841,35.00369],[132.84014,35.00166],[132.84218,35.00106],[132.84192,34.9991],[132.843,34.99726],[132.8429,34.99526],[132.84051,34.99371],[132.83868,34.99329],[132.83872,34.99041],[132.84016,34.98934],[132.84101,34.98782],[132.83937,34.98487],[132.83981,34.98338],[132.8392,34.98272],[132.83646,34.98247],[132.8374,34.9813],[132.83767,34.98011],[132.83475,34.97911],[132.831,34.97902],[132.83039,34.97758],[132.8312,34.97628],[132.83041,34.97501],[132.8307,34.97174],[132.83029,34.97065],[132.83184,34.96855],[132.83167,34.96733],[132.83265,34.96549],[132.83228,34.96473],[132.83302,34.96371],[132.8325,34.96116],[132.83366,34.96007],[132.83554,34.96041],[132.8358,34.95917],[132.8374,34.95821],[132.83721,34.95758],[132.83639,34.95747],[132.83575,34.95469],[132.83473,34.95344],[132.8332,34.95269],[132.83316,34.9515],[132.83392,34.94989],[132.83609,34.95029],[132.83807,34.94948],[132.83873,34.94829],[132.83894,34.94626],[132.84034,34.94516],[132.83991,34.94402],[132.84294,34.94279],[132.84339,34.94196],[132.84662,34.94219],[132.84711,34.94376],[132.84975,34.94505],[132.85135,34.9431],[132.85226,34.93983],[132.85338,34.93886],[132.85299,34.93807],[132.85082,34.93788],[132.85007,34.93623],[132.85092,34.93415],[132.85033,34.93341],[132.85033,34.93209],[132.84771,34.93069],[132.84631,34.92915],[132.84461,34.92854],[132.84494,34.92636],[132.84683,34.92548],[132.84734,34.92384],[132.85043,34.92118],[132.85286,34.92078],[132.85397,34.92259],[132.85579,34.92231],[132.85715,34.92274],[132.85754,34.92197],[132.85873,34.92145],[132.85933,34.92159],[132.8598,34.92247],[132.86166,34.92222],[132.86393,34.9208],[132.86575,34.91783],[132.8697,34.91668],[132.87071,34.91418],[132.87314,34.91277],[132.87425,34.90972],[132.8738,34.90811],[132.87504,34.90587],[132.87505,34.9049],[132.87676,34.90285],[132.87616,34.90156],[132.87755,34.89967],[132.87717,34.89746],[132.87765,34.89481],[132.87646,34.89389],[132.8762,34.89235],[132.87655,34.8918],[132.87933,34.89111],[132.88672,34.89137],[132.88737,34.89073],[132.89215,34.88986],[132.89271,34.88869],[132.89226,34.88625],[132.89125,34.88477],[132.89109,34.88324],[132.89018,34.8823],[132.89031,34.87805],[132.88823,34.87729],[132.8866,34.87406],[132.88409,34.87395],[132.88203,34.872],[132.88268,34.8692],[132.88499,34.86726],[132.8848,34.86546],[132.88593,34.86178],[132.88385,34.85873],[132.88388,34.85584],[132.88604,34.85539],[132.88734,34.85304],[132.88869,34.85219],[132.88859,34.85158],[132.89159,34.84977],[132.89279,34.84752],[132.89639,34.84606],[132.89833,34.84386],[132.90064,34.84306],[132.90061,34.84199],[132.90173,34.84013],[132.90343,34.83993],[132.90547,34.83834],[132.90615,34.83882],[132.9079,34.83583],[132.90939,34.83597],[132.91251,34.83431],[132.9134,34.83347],[132.9126,34.83234],[132.91402,34.831],[132.91813,34.82799],[132.91997,34.82737],[132.92021,34.8266],[132.91987,34.82615],[132.92064,34.82496],[132.92031,34.82421],[132.92059,34.82386],[132.92368,34.82366],[132.92499,34.82251],[132.92656,34.82231],[132.93128,34.81982],[132.93171,34.81686],[132.93436,34.81664],[132.93398,34.81505],[132.93344,34.81516],[132.9332,34.81435],[132.93345,34.81265],[132.93568,34.81267],[132.93686,34.81161],[132.93686,34.81017],[132.9385,34.80858],[132.94014,34.80816],[132.94194,34.81069],[132.94556,34.80856],[132.94564,34.80759],[132.94748,34.8049],[132.95014,34.80332],[132.95044,34.80136],[132.94936,34.79908],[132.94951,34.79759],[132.94859,34.79626],[132.9488,34.79562],[132.95032,34.79488],[132.95097,34.79252],[132.95171,34.79244],[132.95363,34.79422],[132.95453,34.79816],[132.95587,34.79852],[132.95653,34.79926],[132.95884,34.79963],[132.96028,34.80291],[132.96281,34.80348],[132.96342,34.80532],[132.96556,34.80581],[132.96774,34.80704],[132.96918,34.80928],[132.96847,34.81093],[132.96834,34.81283],[132.96879,34.81446],[132.96962,34.81533],[132.97197,34.81541],[132.97448,34.81898],[132.97741,34.819],[132.97851,34.81859],[132.97898,34.81632],[132.98001,34.81514],[132.98176,34.81445],[132.9831,34.81228],[132.98382,34.81294],[132.9838,34.81255],[132.98444,34.81249],[132.98433,34.81125],[132.98297,34.81067],[132.9834,34.80982],[132.98575,34.80924],[132.99014,34.80957],[132.99458,34.80769],[132.99735,34.80473],[132.99711,34.80354],[132.99754,34.80307],[133.00041,34.80244],[133.00331,34.8004],[133.00415,34.79914],[133.00686,34.79912],[133.00832,34.7985],[133.00958,34.7963],[133.00798,34.79546],[133.00732,34.79423],[133.01208,34.7928],[133.01511,34.79307],[133.01609,34.79263],[133.01615,34.79204],[133.01394,34.78795],[133.01417,34.7864],[133.01595,34.78664],[133.01698,34.78771],[133.0196,34.7885],[133.02351,34.7866],[133.02545,34.7868],[133.02667,34.78652],[133.02775,34.78539],[133.03059,34.78519],[133.03035,34.78402],[133.03105,34.7833],[133.02839,34.78336],[133.02652,34.78274],[133.02562,34.78092],[133.02711,34.77991],[133.02863,34.77647],[133.02834,34.77564],[133.02525,34.77333],[133.0242,34.77409],[133.02343,34.7738],[133.02295,34.77212],[133.02332,34.7708],[133.02253,34.76925],[133.021,34.76972],[133.01909,34.7696],[133.0165,34.76849],[133.01628,34.76481],[133.01564,34.76322],[133.01659,34.76173],[133.01932,34.76166],[133.02049,34.76214],[133.02235,34.76092],[133.02493,34.76013],[133.02656,34.76105],[133.02852,34.76142],[133.02959,34.76046],[133.03201,34.75977],[133.03305,34.75714],[133.03364,34.7528],[133.03547,34.75199],[133.03607,34.75065],[133.0421,34.75109],[133.04401,34.75244],[133.04588,34.75289],[133.04881,34.75156],[133.04995,34.75255],[133.04995,34.75402],[133.0505,34.75491],[133.05144,34.75515],[133.05402,34.75448],[133.0565,34.75556],[133.05643,34.75728],[133.05826,34.7588],[133.0581,34.75972],[133.05898,34.76082],[133.05969,34.7629],[133.061,34.76416],[133.06015,34.76549],[133.05751,34.76567],[133.05628,34.76712],[133.05624,34.76915],[133.05549,34.77107],[133.05567,34.77205],[133.05806,34.77225],[133.06125,34.77362],[133.06252,34.7731],[133.06349,34.77136],[133.0673,34.77057],[133.06749,34.77027],[133.06669,34.76929],[133.06692,34.76872],[133.07428,34.76775],[133.07518,34.76847],[133.07683,34.76859],[133.07917,34.76795],[133.08011,34.76951],[133.08055,34.77222],[133.08023,34.77301],[133.08286,34.77393],[133.08388,34.7732],[133.08492,34.76884],[133.08799,34.76752],[133.08965,34.76826],[133.09308,34.76776],[133.09475,34.76815],[133.10282,34.76488],[133.10678,34.76476],[133.10795,34.76178],[133.1063,34.75894],[133.10629,34.75697],[133.10884,34.75702],[133.10944,34.75653],[133.10794,34.75341],[133.10865,34.75222],[133.10884,34.74856],[133.1055,34.74367],[133.10355,34.74179],[133.10428,34.74045],[133.10646,34.73867],[133.10469,34.73491],[133.10563,34.73414],[133.10545,34.73281],[133.10266,34.7324],[133.10136,34.73134],[133.10117,34.72971],[133.09973,34.7283],[133.10023,34.72707],[133.09968,34.7243],[133.09907,34.72156],[133.09796,34.7193],[133.0988,34.71681],[133.1018,34.71549],[133.10207,34.71406],[133.10129,34.71306],[133.10197,34.71089],[133.10062,34.70773],[133.09907,34.70769],[133.09716,34.70526],[133.09663,34.70335],[133.09691,34.69963],[133.09795,34.69761],[133.10193,34.69445],[133.1014,34.69368],[133.1016,34.69301],[133.10036,34.69232],[133.09996,34.69146],[133.09876,34.69173],[133.09655,34.68991],[133.09383,34.6894],[133.09283,34.68802],[133.09274,34.68698],[133.09369,34.68645],[133.09271,34.68556],[133.09253,34.68413],[133.09137,34.6826],[133.09267,34.68159],[133.09188,34.67866],[133.08749,34.67747],[133.08593,34.67597],[133.08631,34.67377],[133.08407,34.67225],[133.08453,34.67062],[133.08344,34.66849],[133.08415,34.66704],[133.08423,34.66506],[133.08523,34.66487],[133.08594,34.66369],[133.0858,34.6628],[133.0845,34.66259],[133.0847,34.66023],[133.08237,34.66001],[133.07981,34.65794],[133.07867,34.65865],[133.07753,34.65733],[133.07585,34.65691],[133.07458,34.65773],[133.07291,34.65787],[133.07201,34.65591],[133.06918,34.65354],[133.06788,34.65374],[133.06785,34.65491],[133.06686,34.65538],[133.06558,34.65389],[133.06455,34.6538],[133.0624,34.65179],[133.06093,34.6541],[133.06141,34.65515],[133.06076,34.65605],[133.06114,34.65707],[133.06008,34.65809],[133.05998,34.65964],[133.05441,34.65925],[133.05354,34.65863],[133.05185,34.65839],[133.05086,34.65903],[133.04799,34.65756],[133.04586,34.66144],[133.04451,34.66144],[133.04206,34.66251],[133.04029,34.6639],[133.04001,34.66504],[133.03709,34.6662],[133.03649,34.66704],[133.03211,34.66949],[133.02752,34.67082],[133.02512,34.6706],[133.02078,34.67266],[133.02029,34.67363],[133.02045,34.67546],[133.01869,34.67823],[133.01813,34.67858],[133.0169,34.67829],[133.01551,34.67917],[133.01517,34.67996],[133.01302,34.67748],[133.01106,34.67726],[133.00906,34.67608],[133.00763,34.67741],[133.00638,34.67709],[133.00248,34.67808],[132.99833,34.67694],[132.99631,34.6754],[132.99355,34.67577],[132.99178,34.67712],[132.98966,34.67768],[132.98821,34.67701],[132.98631,34.67736],[132.98523,34.67705],[132.98453,34.67622],[132.98461,34.67462],[132.98377,34.67364],[132.98331,34.67129],[132.98205,34.66881],[132.98092,34.66852],[132.97922,34.66937],[132.97654,34.66925],[132.9755,34.66772],[132.97266,34.6681],[132.97156,34.66654],[132.96916,34.66475],[132.96821,34.66162],[132.96931,34.6622],[132.96981,34.66135],[132.97107,34.66116],[132.97026,34.65999],[132.97084,34.65901],[132.9706,34.65864],[132.96811,34.65851],[132.96967,34.65809],[132.97096,34.65712],[132.97102,34.65471],[132.96775,34.65591],[132.96697,34.65721],[132.9655,34.6569],[132.96235,34.65748],[132.96123,34.65857],[132.95899,34.65933],[132.95841,34.66014],[132.95596,34.65821],[132.95701,34.65707],[132.95719,34.65585],[132.95566,34.6537],[132.95536,34.65207],[132.9544,34.6513],[132.95349,34.65354],[132.95383,34.65518],[132.952,34.65525],[132.95043,34.65648],[132.94722,34.6568],[132.94507,34.65769],[132.94751,34.66075],[132.94757,34.66177],[132.94591,34.66196],[132.94473,34.66362],[132.94207,34.66306],[132.94106,34.66341],[132.94132,34.66536],[132.94323,34.66769],[132.94332,34.66952],[132.94071,34.67178],[132.94028,34.67453],[132.93949,34.67524],[132.93967,34.67686],[132.93908,34.67848],[132.93991,34.68005],[132.93903,34.68116],[132.93673,34.68263],[132.93617,34.68398],[132.93414,34.68232],[132.93089,34.68288],[132.93097,34.68181],[132.92837,34.6807],[132.92745,34.67938],[132.92757,34.6785],[132.92833,34.67803],[132.92655,34.67629],[132.92434,34.67662],[132.92204,34.67952],[132.9189,34.67873],[132.91757,34.6796],[132.91585,34.6798],[132.91587,34.68073],[132.90698,34.67967],[132.90062,34.68057],[132.89888,34.67989],[132.89672,34.68139],[132.89462,34.68183],[132.89295,34.68305],[132.89099,34.68354],[132.88914,34.68254],[132.88769,34.68072],[132.89072,34.67959],[132.89092,34.67708],[132.89005,34.6764],[132.8897,34.67498],[132.8877,34.67525],[132.8861,34.67405],[132.88519,34.67397],[132.8851,34.67116],[132.88586,34.67108],[132.88511,34.66871],[132.88458,34.66803],[132.88224,34.66783],[132.8821,34.66664],[132.8794,34.66623],[132.87828,34.66386],[132.87865,34.66058],[132.87977,34.65911],[132.87981,34.65831],[132.87832,34.65635],[132.87814,34.65474],[132.87923,34.65249],[132.87915,34.64974],[132.88154,34.6471],[132.88138,34.64501],[132.8809,34.64464],[132.87903,34.64713],[132.87522,34.64843],[132.8739,34.64851],[132.87233,34.64677],[132.87286,34.6459],[132.87233,34.64426],[132.87285,34.6427],[132.87202,34.64065],[132.87197,34.63748],[132.8731,34.63604],[132.87411,34.63625],[132.87427,34.63521],[132.8758,34.63491],[132.87725,34.63381],[132.87698,34.6334],[132.87789,34.63284],[132.87852,34.63153],[132.87816,34.63093],[132.87609,34.63033],[132.87454,34.62715],[132.87223,34.62628],[132.87337,34.62232],[132.86978,34.62527],[132.87004,34.62362],[132.86701,34.62104],[132.86861,34.62051],[132.86912,34.62114],[132.87025,34.62102],[132.87031,34.62056],[132.87109,34.62045],[132.87235,34.61822],[132.87533,34.61584],[132.87614,34.61405],[132.8749,34.6132],[132.87054,34.61383],[132.86854,34.61252],[132.86688,34.61241],[132.86443,34.61109],[132.86378,34.61056],[132.86339,34.60925],[132.85956,34.61193],[132.85948,34.61244],[132.86064,34.61314],[132.85775,34.61366],[132.85582,34.61284],[132.85514,34.61111],[132.85254,34.61012],[132.84988,34.61091],[132.84834,34.61226],[132.84656,34.61152],[132.84548,34.61077],[132.84513,34.60963],[132.84631,34.6074],[132.84485,34.60618],[132.84039,34.60632],[132.83904,34.60503],[132.83808,34.60556],[132.83633,34.60557],[132.83505,34.60644],[132.83609,34.609],[132.83497,34.61055],[132.83253,34.60978],[132.82687,34.61017],[132.82452,34.61105],[132.82373,34.61185],[132.82406,34.61418],[132.82119,34.61609],[132.81537,34.61722],[132.81525,34.61841],[132.81373,34.62],[132.81003,34.6214],[132.80938,34.6223],[132.80957,34.62407],[132.80822,34.62389],[132.80734,34.62254],[132.80433,34.62234],[132.80309,34.62173],[132.80016,34.62236],[132.79898,34.62347],[132.79796,34.62315],[132.79713,34.626],[132.79775,34.62901],[132.79753,34.63156],[132.79262,34.63196],[132.78595,34.63572],[132.78104,34.63992],[132.78259,34.64073],[132.7844,34.64438],[132.78328,34.6489],[132.78559,34.6598],[132.78677,34.66042],[132.79119,34.6603],[132.79232,34.66096],[132.79293,34.66195],[132.79301,34.66433],[132.79366,34.66595],[132.79548,34.66677],[132.79739,34.66952],[132.79737,34.67057],[132.80043,34.67112],[132.80218,34.67327],[132.80168,34.67545],[132.80016,34.67544],[132.79902,34.67758],[132.80101,34.68061],[132.80386,34.68215],[132.8053,34.68413],[132.80663,34.68802],[132.80725,34.69188],[132.80694,34.69239],[132.8023,34.69387]]]}},{"type":"Feature","properties":{"id":"muni-34210","name":"庄原市"},"geometry":{"type":"Polygon","coordinates":[[[132.96301,34.80378],[132.96028,34.80291],[132.95884,34.79963],[132.95653,34.79926],[132.95587,34.79852],[132.95433,34.79798],[132.95363,34.79422],[132.95171,34.79244],[132.95097,34.79252],[132.95032,34.79488],[132.9488,34.79562],[132.94859,34.79626],[132.94951,34.79759],[132.94936,34.79908],[132.95044,34.80136],[132.95014,34.80332],[132.94748,34.8049],[132.94564,34.80759],[132.94556,34.80856],[132.94194,34.81069],[132.94014,34.80816],[132.9385,34.80858],[132.93686,34.81017],[132.93686,34.81161],[132.93568,34.81267],[132.93345,34.81265],[132.9332,34.81435],[132.93344,34.81516],[132.93398,34.81505],[132.93436,34.81664],[132.93171,34.81686],[132.93128,34.81982],[132.92656,34.82231],[132.92499,34.82251],[132.92368,34.82366],[132.92059,34.82386],[132.92031,34.82421],[132.92064,34.82496],[132.91987,34.82615],[132.92021,34.8266],[132.91997,34.82737],[132.91813,34.82799],[132.91402,34.831],[132.9126,34.83234],[132.9134,34.83347],[132.91251,34.83431],[132.90939,34.83597],[132.9079,34.83583],[132.90615,34.83882],[132.90547,34.83834],[132.90343,34.83993],[132.90173,34.84013],[132.90061,34.84199],[132.90064,34.84306],[132.89833,34.84386],[132.89639,34.84606],[132.89279,34.84752],[132.89159,34.84977],[132.88859,34.85158],[132.88869,34.85219],[132.88734,34.85304],[132.88604,34.85539],[132.88388,34.85584],[132.88385,34.85873],[132.88593,34.86178],[132.8848,34.86546],[132.88499,34.86726],[132.88268,34.8692],[132.88203,34.872],[132.88409,34.87395],[132.8866,34.87406],[132.88823,34.87729],[132.89031,34.87805],[132.89018,34.8823],[132.89109,34.88324],[132.89125,34.88477],[132.89226,34.88625],[132.89258,34.88912],[132.89215,34.88986],[132.88737,34.89073],[132.88672,34.89137],[132.87933,34.89111],[132.87623,34.89211],[132.87646,34.89389],[132.87765,34.89481],[132.87717,34.89746],[132.87755,34.89967],[132.87616,34.90156],[132.87676,34.90285],[132.87505,34.9049],[132.87504,34.90587],[132.8738,34.90811],[132.87425,34.90972],[132.87314,34.91277],[132.87071,34.91418],[132.8697,34.91668],[132.86575,34.91783],[132.86393,34.9208],[132.86166,34.92222],[132.8598,34.92247],[132.85933,34.92159],[132.85873,34.92145],[132.85754,34.92197],[132.85715,34.92274],[132.85579,34.92231],[132.85397,34.92259],[132.85286,34.92078],[132.85043,34.92118],[132.84734,34.92384],[132.84683,34.92548],[132.84494,34.92636],[132.84461,34.92854],[132.84631,34.92915],[132.84771,34.93069],[132.85033,34.93209],[132.85033,34.93341],[132.85092,34.93415],[132.85007,34.93623],[132.85082,34.93788],[132.85338,34.93843],[132.85211,34.94014],[132.85093,34.94375],[132.84928,34.9451],[132.84711,34.94376],[132.84662,34.94219],[132.84339,34.94196],[132.84294,34.94279],[132.83991,34.94402],[132.84034,34.94516],[132.83894,34.94626],[132.83873,34.94829],[132.83807,34.94948],[132.83609,34.95029],[132.83414,34.94978],[132.83316,34.9515],[132.8332,34.95269],[132.83473,34.95344],[132.83575,34.95469],[132.83639,34.95747],[132.83721,34.95758],[132.8374,34.95821],[132.8358,34.95917],[132.83554,34.96041],[132.83366,34.96007],[132.83245,34.96127],[132.83302,34.96371],[132.83228,34.96473],[132.83265,34.96549],[132.83167,34.96733],[132.83184,34.96855],[132.8303,34.97053],[132.8307,34.97174],[132.83041,34.97501],[132.8312,34.97628],[132.83039,34.97758],[132.83113,34.97908],[132.83452,34.97908],[132.83767,34.98011],[132.8374,34.9813],[132.83646,34.98247],[132.8392,34.98272],[132.83981,34.98338],[132.83937,34.98487],[132.84101,34.98782],[132.84016,34.98934],[132.83872,34.99041],[132.83868,34.99329],[132.84051,34.99371],[132.8429,34.99526],[132.843,34.99726],[132.84192,34.9991],[132.84218,35.00106],[132.84014,35.00166],[132.841,35.00369],[132.83647,35.00431],[132.83497,35.00401],[132.83292,35.00459],[132.83106,35.00225],[132.82876,35.00202],[132.82787,35.00143],[132.82617,34.99889],[132.8244,34.99855],[132.82276,34.99721],[132.82238,34.99631],[132.82006,34.9956],[132.81569,34.99331],[132.81585,34.99223],[132.81415,34.9884],[132.81211,34.9875],[132.80674,34.98768],[132.80171,34.98928],[132.79789,34.98912],[132.7952,34.98833],[132.79359,34.98968],[132.79216,34.98995],[132.7913,34.99117],[132.79154,34.99229],[132.79086,34.99353],[132.78677,34.99402],[132.78402,34.99526],[132.7796,34.99279],[132.77423,34.99255],[132.77127,34.99018],[132.76879,34.99107],[132.76707,34.99105],[132.76656,34.99171],[132.76346,34.99284],[132.76551,34.99439],[132.76584,34.99686],[132.76688,34.9964],[132.77022,34.9977],[132.77192,34.99748],[132.77716,34.99873],[132.77838,35.0006],[132.78123,35.00229],[132.78163,35.0034],[132.78422,35.00386],[132.78567,35.00362],[132.78781,35.00472],[132.78789,35.00683],[132.78747,35.00825],[132.78664,35.00906],[132.78728,35.01041],[132.78687,35.01081],[132.78715,35.01349],[132.78804,35.01408],[132.78857,35.01565],[132.78999,35.01709],[132.79115,35.0171],[132.79245,35.01805],[132.79311,35.01943],[132.79922,35.02137],[132.8015,35.02302],[132.80251,35.02438],[132.80435,35.02465],[132.80659,35.0271],[132.80651,35.02772],[132.80713,35.02834],[132.80878,35.02867],[132.80938,35.03025],[132.81094,35.03173],[132.8108,35.03309],[132.80978,35.03453],[132.81099,35.03519],[132.81253,35.03523],[132.8134,35.03601],[132.8128,35.03819],[132.81359,35.04058],[132.81493,35.04085],[132.81682,35.04263],[132.81998,35.04349],[132.82261,35.04494],[132.82387,35.04484],[132.82542,35.04629],[132.82763,35.04715],[132.82951,35.04686],[132.83127,35.0456],[132.83297,35.0468],[132.83663,35.04714],[132.83675,35.04904],[132.83801,35.05085],[132.83712,35.05252],[132.83478,35.05311],[132.8328,35.055],[132.83065,35.0591],[132.82918,35.06048],[132.82775,35.06109],[132.82792,35.06227],[132.83039,35.06414],[132.83171,35.06642],[132.83432,35.06758],[132.83529,35.06929],[132.83911,35.07052],[132.84017,35.07212],[132.84062,35.07434],[132.8433,35.07626],[132.84435,35.07647],[132.84554,35.07855],[132.84595,35.08093],[132.84791,35.08239],[132.84813,35.08302],[132.85275,35.08506],[132.85378,35.08689],[132.85717,35.08847],[132.85966,35.09047],[132.85941,35.09232],[132.86017,35.09433],[132.86092,35.09561],[132.86223,35.09642],[132.86525,35.09789],[132.8677,35.09806],[132.86852,35.09871],[132.86978,35.09887],[132.87099,35.10094],[132.87299,35.1022],[132.8775,35.10171],[132.88199,35.10344],[132.88329,35.10494],[132.88597,35.10499],[132.88813,35.10578],[132.89208,35.10481],[132.89543,35.1049],[132.89779,35.10365],[132.89725,35.10157],[132.89972,35.10053],[132.90073,35.0992],[132.90045,35.09776],[132.90287,35.09677],[132.90395,35.09431],[132.90398,35.09284],[132.90626,35.09146],[132.90691,35.09033],[132.90817,35.08982],[132.90941,35.08619],[132.91193,35.08591],[132.9126,35.08522],[132.91503,35.08514],[132.91601,35.08452],[132.91851,35.08553],[132.92126,35.08382],[132.92367,35.0843],[132.92488,35.08324],[132.92576,35.08114],[132.9263,35.08087],[132.9341,35.08391],[132.93708,35.08129],[132.93852,35.08155],[132.94062,35.08005],[132.94327,35.07908],[132.945,35.07732],[132.94781,35.07589],[132.95032,35.07532],[132.95102,35.07669],[132.95396,35.07783],[132.95566,35.07828],[132.95718,35.07791],[132.96248,35.07941],[132.96579,35.07965],[132.96772,35.08129],[132.97114,35.08156],[132.97426,35.08262],[132.97497,35.08314],[132.97534,35.08469],[132.97813,35.0867],[132.97952,35.08704],[132.97849,35.08885],[132.97897,35.09032],[132.97884,35.09201],[132.98202,35.09624],[132.98263,35.09802],[132.98728,35.10073],[132.98905,35.10066],[132.99079,35.10124],[132.99282,35.09804],[132.99423,35.09786],[132.99714,35.0985],[132.99804,35.09738],[133.00025,35.09707],[133.00073,35.09607],[133.00199,35.09545],[133.00165,35.09386],[133.00211,35.09312],[133.00327,35.09314],[133.00348,35.09034],[133.00696,35.09001],[133.0075,35.09041],[133.00903,35.08918],[133.01124,35.08907],[133.01284,35.08801],[133.01445,35.08778],[133.01611,35.08596],[133.01543,35.08416],[133.01604,35.08279],[133.01468,35.08114],[133.0162,35.08018],[133.01623,35.07833],[133.01851,35.07896],[133.0198,35.07868],[133.02062,35.07791],[133.0248,35.07779],[133.02599,35.07649],[133.02615,35.07529],[133.02821,35.07357],[133.03063,35.07329],[133.03154,35.0726],[133.0321,35.07144],[133.03215,35.06966],[133.03329,35.0681],[133.04376,35.06749],[133.04503,35.06852],[133.04707,35.06855],[133.05239,35.06985],[133.05243,35.07079],[133.05417,35.0723],[133.05508,35.07454],[133.05929,35.07934],[133.06051,35.0815],[133.06698,35.08086],[133.06793,35.07951],[133.07075,35.08194],[133.07207,35.08211],[133.07651,35.08077],[133.08067,35.08084],[133.08075,35.08029],[133.08314,35.07979],[133.08514,35.07808],[133.08611,35.07797],[133.08917,35.08137],[133.09289,35.08328],[133.09333,35.08455],[133.09546,35.08483],[133.09839,35.08418],[133.1011,35.08199],[133.10364,35.0828],[133.10708,35.08253],[133.11136,35.08529],[133.11319,35.0855],[133.11372,35.08398],[133.11752,35.08478],[133.12129,35.08406],[133.12605,35.08049],[133.1268,35.07693],[133.12944,35.07594],[133.1332,35.07579],[133.13563,35.07428],[133.13595,35.06944],[133.13846,35.06855],[133.14186,35.06485],[133.14538,35.06601],[133.14615,35.06776],[133.1483,35.06691],[133.15254,35.06896],[133.15404,35.0718],[133.15795,35.07194],[133.15953,35.07347],[133.16081,35.074],[133.1645,35.07273],[133.16711,35.06812],[133.16793,35.06759],[133.16941,35.06784],[133.17047,35.06869],[133.1735,35.069],[133.17867,35.06692],[133.17978,35.06751],[133.18056,35.06887],[133.18307,35.06855],[133.18731,35.06998],[133.19169,35.07015],[133.1996,35.07236],[133.20375,35.07209],[133.20716,35.07354],[133.21139,35.0741],[133.21548,35.07342],[133.21789,35.07139],[133.22174,35.07079],[133.22409,35.06951],[133.2244,35.06408],[133.22196,35.06143],[133.22357,35.05907],[133.22623,35.06069],[133.22613,35.06456],[133.22891,35.06808],[133.23065,35.0683],[133.23126,35.06929],[133.23338,35.06966],[133.23228,35.07156],[133.23232,35.07284],[133.23318,35.07487],[133.23216,35.07653],[133.23245,35.07751],[133.23611,35.07735],[133.23766,35.07872],[133.23874,35.07907],[133.23904,35.07973],[133.24011,35.07895],[133.24431,35.07812],[133.24958,35.07915],[133.25173,35.07763],[133.25175,35.07592],[133.25369,35.07507],[133.25529,35.07068],[133.25937,35.06725],[133.26091,35.06315],[133.26546,35.06181],[133.26785,35.05947],[133.26809,35.05849],[133.26914,35.05783],[133.26675,35.05311],[133.26926,35.04969],[133.27038,35.04961],[133.27196,35.04814],[133.27336,35.04776],[133.27457,35.04493],[133.27774,35.04361],[133.27921,35.0425],[133.27979,35.0413],[133.28136,35.04199],[133.28252,35.04034],[133.28519,35.04075],[133.28773,35.03749],[133.29079,35.03635],[133.29321,35.03184],[133.2944,35.0304],[133.2959,35.02978],[133.29585,35.02736],[133.29733,35.02616],[133.29691,35.02473],[133.29982,35.02353],[133.30077,35.02196],[133.30344,35.02027],[133.30323,35.01741],[133.30451,35.01524],[133.30844,35.01472],[133.30933,35.0135],[133.3112,35.0139],[133.31209,35.01302],[133.31355,35.01317],[133.31564,35.01239],[133.31747,35.00928],[133.31946,35.00867],[133.3201,35.00709],[133.3218,35.00595],[133.32088,35.00552],[133.32112,35.00338],[133.31951,35.00121],[133.31942,34.99837],[133.3202,34.99562],[133.31986,34.99446],[133.32114,34.99297],[133.32058,34.99082],[133.32176,34.98886],[133.321,34.98639],[133.32021,34.98543],[133.32006,34.98364],[133.31854,34.98272],[133.31668,34.98278],[133.31325,34.98022],[133.31341,34.97793],[133.31252,34.97699],[133.31226,34.9758],[133.31063,34.97451],[133.30878,34.97452],[133.30684,34.97378],[133.30543,34.97264],[133.30314,34.97195],[133.30398,34.97136],[133.30426,34.96908],[133.30495,34.96842],[133.3047,34.96485],[133.30361,34.96388],[133.30126,34.96305],[133.30242,34.962],[133.30196,34.96039],[133.29734,34.9562],[133.29851,34.95257],[133.30008,34.95193],[133.30193,34.95038],[133.30279,34.94774],[133.30687,34.94199],[133.30834,34.94094],[133.30975,34.93754],[133.30772,34.93555],[133.30745,34.93455],[133.30613,34.93392],[133.30608,34.93236],[133.30282,34.93044],[133.30207,34.92887],[133.30284,34.92675],[133.30299,34.92456],[133.30472,34.9222],[133.30487,34.91783],[133.30368,34.91607],[133.30353,34.91455],[133.30246,34.91321],[133.30044,34.91236],[133.29881,34.91023],[133.29752,34.90937],[133.29848,34.9081],[133.29836,34.90712],[133.29767,34.90603],[133.29634,34.90537],[133.29424,34.90324],[133.29575,34.90232],[133.29587,34.90144],[133.29675,34.90127],[133.29726,34.89995],[133.29527,34.89621],[133.29571,34.89536],[133.29739,34.89425],[133.29706,34.89258],[133.29804,34.89086],[133.29672,34.89008],[133.29608,34.88745],[133.29802,34.88436],[133.30329,34.8837],[133.30561,34.88215],[133.30635,34.88137],[133.30606,34.8797],[133.30689,34.87867],[133.30684,34.87734],[133.30898,34.87451],[133.3105,34.87356],[133.31455,34.87281],[133.31474,34.87061],[133.31563,34.86829],[133.31857,34.86684],[133.32183,34.8663],[133.32251,34.86512],[133.32405,34.8647],[133.32411,34.86169],[133.32278,34.86101],[133.32283,34.85964],[133.32887,34.85623],[133.33139,34.85569],[133.33077,34.85483],[133.33086,34.85393],[133.32632,34.8524],[133.32498,34.85272],[133.32224,34.8524],[133.32073,34.85296],[133.31757,34.85095],[133.31385,34.84771],[133.30926,34.84736],[133.30773,34.84746],[133.30681,34.84842],[133.30543,34.84849],[133.30422,34.84921],[133.29978,34.84822],[133.29807,34.84913],[133.29683,34.84897],[133.29485,34.84997],[133.2943,34.85144],[133.29323,34.8525],[133.28935,34.85365],[133.28484,34.8517],[133.28171,34.85369],[133.27726,34.85373],[133.27501,34.85208],[133.27327,34.85155],[133.27275,34.84961],[133.27379,34.84861],[133.27667,34.8482],[133.27699,34.84764],[133.27556,34.844],[133.27394,34.84273],[133.27475,34.84105],[133.27297,34.8385],[133.2742,34.83734],[133.27496,34.8373],[133.2749,34.8365],[133.27591,34.8355],[133.27462,34.8354],[133.27349,34.83386],[133.27198,34.83322],[133.27021,34.83087],[133.2681,34.83086],[133.26385,34.82757],[133.26186,34.82751],[133.25929,34.82673],[133.25733,34.82522],[133.2536,34.8249],[133.253,34.8243],[133.25367,34.82275],[133.25344,34.82222],[133.24883,34.82027],[133.24755,34.82109],[133.24667,34.82089],[133.24582,34.81947],[133.24616,34.8155],[133.24539,34.81307],[133.24581,34.81142],[133.24538,34.81084],[133.23915,34.8197],[133.2377,34.81903],[133.2353,34.8204],[133.23202,34.8196],[133.23181,34.8199],[133.23258,34.82088],[133.23247,34.82249],[133.23005,34.82262],[133.23069,34.82467],[133.23265,34.824],[133.23341,34.8242],[133.23265,34.82667],[133.23427,34.8262],[133.23427,34.8269],[133.23524,34.82746],[133.23436,34.82821],[133.2352,34.82898],[133.23507,34.83036],[133.23417,34.83133],[133.23436,34.8344],[133.22996,34.8366],[133.23019,34.83782],[133.22824,34.83994],[133.23047,34.84173],[133.23079,34.84361],[133.2288,34.84316],[133.22572,34.84365],[133.22547,34.84443],[133.22743,34.84531],[133.22747,34.84576],[133.22467,34.84753],[133.22314,34.84936],[133.22344,34.85058],[133.22176,34.85147],[133.22266,34.85319],[133.22142,34.85423],[133.22016,34.85431],[133.21984,34.85578],[133.22141,34.85633],[133.22127,34.85675],[133.21929,34.85764],[133.21677,34.85762],[133.21591,34.85847],[133.21542,34.85976],[133.21579,34.86163],[133.2105,34.86093],[133.20876,34.86147],[133.20733,34.86023],[133.2067,34.85765],[133.20416,34.85647],[133.20331,34.85504],[133.20232,34.85458],[133.20167,34.85526],[133.19949,34.85376],[133.19908,34.85242],[133.19485,34.85111],[133.1933,34.85172],[133.19105,34.85165],[133.19049,34.85125],[133.18901,34.85211],[133.18636,34.85205],[133.18544,34.85087],[133.18447,34.85083],[133.18385,34.85026],[133.18106,34.85096],[133.17945,34.84939],[133.17609,34.84915],[133.1695,34.85187],[133.16609,34.85415],[133.165,34.85439],[133.16284,34.85397],[133.15967,34.84924],[133.15788,34.84772],[133.1571,34.84556],[133.15551,34.84389],[133.15353,34.84288],[133.15023,34.84228],[133.14952,34.84118],[133.14668,34.83983],[133.14409,34.84038],[133.14256,34.83928],[133.14208,34.83828],[133.14453,34.83678],[133.14264,34.83513],[133.14313,34.8327],[133.14162,34.83164],[133.14262,34.83086],[133.14235,34.82955],[133.14075,34.82735],[133.139,34.82741],[133.13512,34.82612],[133.13519,34.82377],[133.13735,34.82111],[133.13727,34.81911],[133.13846,34.81669],[133.13952,34.81595],[133.13964,34.8145],[133.14212,34.81346],[133.14382,34.81142],[133.14387,34.81049],[133.14472,34.81002],[133.14509,34.80885],[133.14357,34.80763],[133.14119,34.80373],[133.14046,34.80165],[133.14163,34.80107],[133.14071,34.79806],[133.138,34.7994],[133.13773,34.79808],[133.13537,34.79422],[133.13684,34.79361],[133.13838,34.79182],[133.13805,34.79111],[133.13833,34.78966],[133.13771,34.78897],[133.13824,34.78635],[133.13997,34.78615],[133.143,34.78429],[133.14438,34.78287],[133.14568,34.78048],[133.14667,34.78066],[133.14804,34.78177],[133.14883,34.77982],[133.15144,34.78059],[133.15237,34.77999],[133.15459,34.77811],[133.15442,34.77661],[133.15484,34.77553],[133.15697,34.77591],[133.15672,34.77459],[133.15722,34.77399],[133.15854,34.77395],[133.15892,34.77459],[133.16037,34.77451],[133.16135,34.77279],[133.16217,34.77276],[133.1627,34.77111],[133.16586,34.76865],[133.16671,34.76713],[133.16774,34.76706],[133.16796,34.76594],[133.1668,34.76459],[133.16699,34.76326],[133.16595,34.76078],[133.16634,34.75975],[133.16559,34.75872],[133.16573,34.75504],[133.16401,34.75558],[133.16143,34.75499],[133.15962,34.75784],[133.15778,34.7567],[133.15648,34.75694],[133.15307,34.75586],[133.15205,34.75622],[133.15107,34.75489],[133.14974,34.7541],[133.14801,34.75455],[133.14609,34.75402],[133.14421,34.75461],[133.14197,34.75397],[133.14058,34.75487],[133.13887,34.75463],[133.13803,34.75553],[133.13721,34.75519],[133.13492,34.75568],[133.13039,34.75097],[133.12857,34.75106],[133.12804,34.75011],[133.12812,34.74837],[133.12627,34.74673],[133.1271,34.74574],[133.12708,34.74491],[133.1259,34.74385],[133.12399,34.74331],[133.12322,34.7421],[133.11989,34.74083],[133.11972,34.73998],[133.12073,34.7383],[133.12071,34.7369],[133.11916,34.73518],[133.11624,34.73483],[133.11438,34.7355],[133.11009,34.73424],[133.10942,34.73524],[133.10818,34.7358],[133.10727,34.73492],[133.10522,34.73428],[133.10471,34.73504],[133.10646,34.73867],[133.10428,34.74045],[133.10355,34.74179],[133.1055,34.74367],[133.10884,34.74856],[133.10865,34.75222],[133.10794,34.75341],[133.10944,34.75653],[133.10884,34.75702],[133.10629,34.75697],[133.1063,34.75894],[133.10795,34.76178],[133.10678,34.76476],[133.10282,34.76488],[133.09475,34.76815],[133.09308,34.76776],[133.08965,34.76826],[133.08799,34.76752],[133.08492,34.76884],[133.08388,34.7732],[133.08286,34.77393],[133.08023,34.77301],[133.08055,34.77222],[133.08011,34.76951],[133.07917,34.76795],[133.07683,34.76859],[133.07518,34.76847],[133.07428,34.76775],[133.06692,34.76872],[133.06669,34.76929],[133.06749,34.77027],[133.0673,34.77057],[133.06349,34.77136],[133.06252,34.7731],[133.06125,34.77362],[133.05806,34.77225],[133.05567,34.77205],[133.05549,34.77107],[133.05624,34.76915],[133.05628,34.76712],[133.05751,34.76567],[133.06015,34.76549],[133.061,34.76416],[133.05969,34.7629],[133.05898,34.76082],[133.0581,34.75972],[133.05826,34.7588],[133.05643,34.75728],[133.0565,34.75556],[133.05402,34.75448],[133.05144,34.75515],[133.0505,34.75491],[133.04995,34.75402],[133.04995,34.75255],[133.04881,34.75156],[133.04588,34.75289],[133.04401,34.75244],[133.0421,34.75109],[133.03625,34.75059],[133.03547,34.75199],[133.03364,34.7528],[133.03305,34.75714],[133.03201,34.75977],[133.02959,34.76046],[133.02852,34.76142],[133.02656,34.76105],[133.02493,34.76013],[133.02235,34.76092],[133.02049,34.76214],[133.01932,34.76166],[133.01659,34.76173],[133.01564,34.76322],[133.01628,34.76481],[133.0165,34.76849],[133.01909,34.7696],[133.021,34.76972],[133.02253,34.76925],[133.02332,34.7708],[133.02295,34.77212],[133.02343,34.7738],[133.0242,34.77409],[133.02525,34.77333],[133.02834,34.77564],[133.02863,34.77647],[133.02711,34.77991],[133.02562,34.78092],[133.02652,34.78274],[133.02839,34.78336],[133.03105,34.7833],[133.03035,34.78402],[133.03046,34.78532],[133.02775,34.78539],[133.02667,34.78652],[133.02545,34.7868],[133.02351,34.7866],[133.0196,34.7885],[133.01698,34.78771],[133.01595,34.78664],[133.01417,34.7864],[133.01394,34.78795],[133.01615,34.79204],[133.01609,34.79263],[133.01511,34.79307],[133.01208,34.7928],[133.00732,34.79423],[133.00798,34.79546],[133.00958,34.7963],[133.00832,34.7985],[133.00686,34.79912],[133.00415,34.79914],[133.00331,34.8004],[133.00041,34.80244],[132.99754,34.80307],[132.99711,34.80354],[132.99735,34.80473],[132.99458,34.80769],[132.99014,34.80957],[132.98575,34.80924],[132.9834,34.80982],[132.98297,34.81067],[132.98433,34.81125],[132.98444,34.81249],[132.9838,34.81255],[132.98382,34.81294],[132.9831,34.81228],[132.98176,34.81445],[132.98001,34.81514],[132.97898,34.81632],[132.97827,34.81878],[132.97448,34.81898],[132.97197,34.81541],[132.96962,34.81533],[132.96879,34.81446],[132.96834,34.81283],[132.96847,34.81093],[132.96918,34.80928],[132.96774,34.80704],[132.9631,34.80504],[132.96301,34.80378]]]}},{"type":"Feature","properties":{"id":"muni-34211","name":"大竹市"},"geometry":{"type":"MultiPolygon","coordinates":[[[[132.15032,34.2372],[132.14518,34.23638],[132.14432,34.23684],[132.14395,34.23836],[132.14394,34.24067],[132.1461,34.24356],[132.14584,34.24794],[132.14735,34.25002],[132.14737,34.25313],[132.14644,34.25683],[132.1447,34.2595],[132.1404,34.26043],[132.1395,34.26243],[132.1352,34.26685],[132.13607,34.26872],[132.13599,34.26961],[132.13394,34.2712],[132.13359,34.27204],[132.13568,34.27817],[132.13695,34.27992],[132.13964,34.28176],[132.14014,34.28307],[132.14009,34.28481],[132.13796,34.28828],[132.13075,34.29285],[132.12968,34.29453],[132.12904,34.29404],[132.12802,34.29159],[132.12592,34.29069],[132.12539,34.29109],[132.12522,34.2931],[132.12856,34.29595],[132.12828,34.29645],[132.12459,34.29632],[132.12405,34.29696],[132.12669,34.29914],[132.12908,34.3026],[132.12933,34.30364],[132.12918,34.30474],[132.1255,34.3058],[132.1256,34.3066],[132.12737,34.3131],[132.12884,34.31457],[132.12926,34.31591],[132.13074,34.31547],[132.13201,34.31436],[132.13478,34.31581],[132.1356,34.31673],[132.1372,34.31729],[132.13849,34.31711],[132.14077,34.31375],[132.1415,34.31178],[132.14397,34.31074],[132.14492,34.31247],[132.1445,34.31365],[132.14479,34.31421],[132.14811,34.31774],[132.14858,34.3191],[132.14794,34.32003],[132.14789,34.32164],[132.14918,34.32427],[132.14831,34.32911],[132.14885,34.33064],[132.15655,34.32941],[132.15783,34.3299],[132.16135,34.32971],[132.16356,34.33143],[132.16502,34.32991],[132.16446,34.32842],[132.16497,34.32633],[132.16636,34.32565],[132.16663,34.32472],[132.16803,34.32483],[132.17013,34.32376],[132.17001,34.31935],[132.16925,34.318],[132.17009,34.31655],[132.16904,34.31473],[132.16728,34.31317],[132.16765,34.31175],[132.16983,34.31047],[132.17156,34.30695],[132.16957,34.30511],[132.16761,34.30426],[132.16654,34.30288],[132.16681,34.29977],[132.1649,34.29777],[132.16301,34.29385],[132.16457,34.29193],[132.16422,34.29039],[132.16558,34.2884],[132.16912,34.28648],[132.17361,34.28488],[132.17729,34.28435],[132.18108,34.28323],[132.18175,34.2825],[132.18398,34.28217],[132.18676,34.2798],[132.18803,34.27948],[132.19155,34.28074],[132.19291,34.28058],[132.1938,34.28115],[132.1955,34.28314],[132.1951,34.28438],[132.19638,34.28581],[132.19629,34.28711],[132.19683,34.28823],[132.20031,34.29034],[132.20078,34.28919],[132.20139,34.28889],[132.20284,34.2891],[132.20555,34.2885],[132.20641,34.28927],[132.20904,34.28908],[132.2101,34.2904],[132.21169,34.29028],[132.21285,34.29192],[132.21421,34.29216],[132.21596,34.29172],[132.21829,34.28969],[132.21852,34.28801],[132.22004,34.28638],[132.2188,34.28598],[132.21928,34.28441],[132.22108,34.28376],[132.22055,34.28476],[132.22071,34.28561],[132.22013,34.2861],[132.22185,34.28592],[132.22151,34.28341],[132.22499,34.28236],[132.22662,34.28025],[132.22855,34.28029],[132.23244,34.27726],[132.2336,34.27518],[132.2336,34.27182],[132.2331,34.27043],[132.23472,34.26925],[132.23476,34.26665],[132.2372,34.26307],[132.23894,34.26148],[132.23599,34.25969],[132.23603,34.2593],[132.23594,34.25967],[132.23426,34.25878],[132.23467,34.25843],[132.23592,34.2591],[132.2343,34.2582],[132.23398,34.25696],[132.23354,34.25615],[132.23393,34.25695],[132.23312,34.25734],[132.23179,34.25558],[132.23108,34.25589],[132.23016,34.25463],[132.23087,34.25428],[132.23167,34.25517],[132.23268,34.25584],[132.23365,34.25585],[132.2317,34.25514],[132.2309,34.25426],[132.23181,34.25382],[132.2336,34.25531],[132.23115,34.2532],[132.23034,34.25319],[132.22983,34.25246],[132.22802,34.25269],[132.22784,34.25239],[132.23042,34.25191],[132.23006,34.25009],[132.22778,34.24756],[132.22813,34.24726],[132.22774,34.24754],[132.22631,34.24645],[132.22404,34.24725],[132.2289,34.24449],[132.22741,34.23542],[132.22427,34.23541],[132.22488,34.23551],[132.22498,34.23637],[132.22322,34.23642],[132.22311,34.23576],[132.22369,34.2355],[132.22274,34.2358],[132.22217,34.23492],[132.22256,34.23485],[132.22278,34.23471],[132.22308,34.23394],[132.22286,34.2345],[132.22289,34.23401],[132.22285,34.23451],[132.22274,34.23469],[132.22254,34.23481],[132.22278,34.23459],[132.2211,34.23468],[132.22065,34.23272],[132.22422,34.2314],[132.22448,34.23182],[132.22436,34.23186],[132.22443,34.2319],[132.22466,34.23181],[132.22425,34.23139],[132.22521,34.23098],[132.22538,34.23149],[132.22566,34.23138],[132.22524,34.23097],[132.22639,34.23048],[132.22656,34.23102],[132.22683,34.23091],[132.22642,34.23047],[132.22982,34.22905],[132.23007,34.22944],[132.22984,34.22904],[132.23281,34.22784],[132.2332,34.22844],[132.23283,34.22783],[132.23687,34.22635],[132.2357,34.2267],[132.23536,34.22613],[132.23612,34.22565],[132.23751,34.22585],[132.23748,34.22643],[132.23854,34.22698],[132.24741,34.21504],[132.24497,34.21384],[132.2341,34.21061],[132.22751,34.20987],[132.22771,34.20912],[132.21965,34.20797],[132.21734,34.20646],[132.21501,34.20395],[132.21253,34.20309],[132.21021,34.20272],[132.20772,34.20296],[132.20339,34.20728],[132.20203,34.20781],[132.20011,34.2074],[132.19755,34.20488],[132.19568,34.20457],[132.19437,34.20528],[132.19345,34.20713],[132.19846,34.21501],[132.19934,34.21888],[132.20212,34.22294],[132.20538,34.22569],[132.20516,34.22809],[132.20472,34.22864],[132.20282,34.22879],[132.20111,34.22604],[132.19964,34.22519],[132.19746,34.22624],[132.1968,34.22715],[132.19683,34.22781],[132.1989,34.22953],[132.1989,34.23016],[132.19796,34.23066],[132.19462,34.23105],[132.19315,34.23062],[132.19284,34.23002],[132.19416,34.22725],[132.19335,34.22657],[132.18791,34.22748],[132.18466,34.22748],[132.18253,34.22959],[132.18038,34.22993],[132.17504,34.22772],[132.17389,34.22611],[132.17191,34.22517],[132.16723,34.22782],[132.16787,34.22899],[132.16952,34.22848],[132.17065,34.2289],[132.17024,34.23102],[132.17145,34.23285],[132.17049,34.2339],[132.16601,34.23395],[132.16401,34.23285],[132.16016,34.2335],[132.15969,34.23199],[132.15995,34.22913],[132.15655,34.22902],[132.15568,34.23015],[132.15571,34.23224],[132.15509,34.23344],[132.15099,34.23456],[132.15017,34.23574],[132.15032,34.2372]]],[[[132.166,34.29024],[132.16569,34.29029],[132.16587,34.29049],[132.166,34.29024]]],[[[132.16659,34.29105],[132.16622,34.2904],[132.16596,34.29061],[132.16659,34.29105]]],[[[132.18998,34.29417],[132.19037,34.29389],[132.19033,34.29354],[132.1897,34.29367],[132.18998,34.29417]]],[[[132.18553,34.29487],[132.18611,34.2946],[132.186,34.29436],[132.18542,34.29434],[132.18553,34.29487]]],[[[132.18437,34.29495],[132.18355,34.29498],[132.18495,34.29626],[132.18504,34.29586],[132.18437,34.29495]]],[[[132.17422,34.29891],[132.17962,34.30279],[132.18173,34.30247],[132.18135,34.30197],[132.18001,34.30257],[132.17889,34.30182],[132.17725,34.30026],[132.17688,34.29913],[132.1736,34.29651],[132.16925,34.29612],[132.16821,34.29437],[132.1691,34.29388],[132.16833,34.29258],[132.16705,34.29233],[132.16578,34.29064],[132.16476,34.29027],[132.1655,34.29128],[132.16558,34.29259],[132.16479,34.29479],[132.16636,34.29813],[132.17084,34.29771],[132.17125,34.29837],[132.1721,34.29816],[132.17422,34.29891]]],[[[132.19477,34.29808],[132.19339,34.29963],[132.19153,34.29948],[132.19002,34.29443],[132.18897,34.29386],[132.18821,34.2947],[132.18953,34.29691],[132.18979,34.30215],[132.19095,34.30438],[132.1914,34.30427],[132.19097,34.30299],[132.19142,34.30092],[132.1932,34.30016],[132.19505,34.30005],[132.19522,34.29827],[132.19477,34.29808]]],[[[132.18554,34.29952],[132.18295,34.30111],[132.18413,34.30112],[132.1865,34.29951],[132.18542,34.29808],[132.18414,34.29737],[132.18396,34.29779],[132.18554,34.29952]]],[[[132.19181,34.30571],[132.19243,34.30671],[132.19327,34.30652],[132.19257,34.30547],[132.19181,34.30571]]],[[[132.19232,34.30743],[132.19223,34.30808],[132.1932,34.30892],[132.19292,34.30767],[132.19232,34.30743]]],[[[132.31885,34.12212],[132.31977,34.12121],[132.31938,34.11897],[132.31844,34.12095],[132.31654,34.12137],[132.31438,34.1209],[132.31358,34.12239],[132.31504,34.12348],[132.31759,34.12341],[132.31815,34.124],[132.31892,34.12316],[132.31885,34.12212]]],[[[132.31563,34.19415],[132.31687,34.19355],[132.31737,34.19435],[132.31648,34.19284],[132.31862,34.19131],[132.31935,34.18985],[132.31903,34.18886],[132.31682,34.18652],[132.31374,34.187],[132.31196,34.18654],[132.31007,34.18699],[132.30666,34.18666],[132.30542,34.18407],[132.305,34.18451],[132.30291,34.18482],[132.30058,34.18466],[132.30059,34.18585],[132.30165,34.18649],[132.30054,34.18924],[132.29911,34.18942],[132.29772,34.18783],[132.2951,34.18693],[132.29475,34.18767],[132.29357,34.18786],[132.29231,34.18919],[132.2934,34.19131],[132.29322,34.19421],[132.29517,34.19647],[132.29526,34.198],[132.29604,34.19947],[132.29665,34.19833],[132.29772,34.19813],[132.29753,34.19744],[132.29799,34.19688],[132.29879,34.19655],[132.3002,34.19682],[132.30136,34.19628],[132.30216,34.19539],[132.3016,34.19416],[132.30284,34.19352],[132.30456,34.1948],[132.30488,34.19564],[132.30453,34.19695],[132.30768,34.19727],[132.30932,34.19878],[132.31194,34.19831],[132.31139,34.19779],[132.31134,34.19686],[132.31271,34.1972],[132.31332,34.19621],[132.31268,34.19714],[132.31226,34.19702],[132.31278,34.19563],[132.31314,34.19575],[132.3128,34.19557],[132.3141,34.1949],[132.31281,34.19551],[132.31248,34.19505],[132.31426,34.1941],[132.31408,34.19464],[132.31502,34.19511],[132.3147,34.19415],[132.31541,34.19404],[132.31601,34.19558],[132.31721,34.19682],[132.31721,34.19852],[132.3167,34.19861],[132.31698,34.19893],[132.31564,34.19907],[132.31721,34.19902],[132.3189,34.20057],[132.32037,34.20015],[132.3202,34.19657],[132.31881,34.19613],[132.31857,34.19553],[132.31755,34.19465],[132.31819,34.19529],[132.31747,34.19531],[132.31775,34.19555],[132.31711,34.19624],[132.3161,34.19559],[132.31563,34.19415]]],[[[132.26624,34.23363],[132.26432,34.23337],[132.26402,34.2347],[132.26589,34.23597],[132.26624,34.23363]]],[[[132.23392,34.25559],[132.23404,34.25593],[132.23413,34.256],[132.23392,34.25559]]],[[[132.22046,34.30327],[132.2206,34.3003],[132.22181,34.29922],[132.22282,34.29943],[132.22274,34.30139],[132.22367,34.29984],[132.22672,34.30307],[132.22711,34.30311],[132.22746,34.3019],[132.22799,34.30166],[132.22786,34.30052],[132.23102,34.30101],[132.23026,34.29974],[132.22742,34.29949],[132.22514,34.29848],[132.22749,34.29669],[132.22773,34.2951],[132.22824,34.29472],[132.22724,34.29433],[132.22546,34.29642],[132.22339,34.29753],[132.22297,34.2972],[132.22334,34.29632],[132.22101,34.2962],[132.22066,34.29393],[132.22137,34.29266],[132.22084,34.29127],[132.22281,34.28936],[132.2228,34.28856],[132.22179,34.28729],[132.22028,34.28786],[132.22155,34.2894],[132.22001,34.2906],[132.21888,34.29496],[132.21897,34.29636],[132.21831,34.29691],[132.21951,34.29822],[132.21895,34.29986],[132.21235,34.29947],[132.21438,34.30029],[132.21417,34.30109],[132.21494,34.30149],[132.21555,34.30139],[132.21644,34.30018],[132.21786,34.30156],[132.21914,34.30153],[132.21963,34.30238],[132.2194,34.30685],[132.21843,34.30693],[132.21977,34.30939],[132.22069,34.30411],[132.21989,34.30369],[132.22046,34.30327]]],[[[132.19337,34.30948],[132.19328,34.31034],[132.19353,34.31043],[132.19367,34.30963],[132.19337,34.30948]]],[[[132.19381,34.31048],[132.19407,34.31014],[132.19393,34.31011],[132.19381,34.31048]]],[[[132.19384,34.31119],[132.19348,34.31086],[132.19344,34.31115],[132.19384,34.31119]]],[[[132.19295,34.31257],[132.1936,34.31202],[132.19307,34.31154],[132.19295,34.31257]]],[[[132.19268,34.31425],[132.19301,34.31552],[132.19328,34.31559],[132.19324,34.31473],[132.19268,34.31425]]],[[[132.19255,34.32285],[132.19337,34.32505],[132.1927,34.32541],[132.19475,34.32953],[132.19472,34.33072],[132.19536,34.33071],[132.19579,34.33162],[132.19821,34.3323],[132.19765,34.32997],[132.19653,34.32946],[132.19689,34.32834],[132.19588,34.32807],[132.19496,34.32631],[132.19408,34.32591],[132.19293,34.32156],[132.19255,34.32285]]]]}},{"type":"Feature","properties":{"id":"muni-34212","name":"東広島市"},"geometry":{"type":"MultiPolygon","coordinates":[[[[132.79809,34.26379],[132.79798,34.26578],[132.79825,34.2669],[132.80015,34.26411],[132.79809,34.26379]]],[[[132.79047,34.27458],[132.79449,34.27772],[132.79545,34.27741],[132.79569,34.27789],[132.79519,34.27783],[132.79978,34.27984],[132.80081,34.2797],[132.8007,34.28006],[132.80102,34.27984],[132.80215,34.28063],[132.80336,34.28039],[132.80441,34.28128],[132.80408,34.28141],[132.80402,34.28152],[132.80444,34.28131],[132.80571,34.28226],[132.80623,34.28157],[132.80515,34.28042],[132.80502,34.27956],[132.80664,34.28106],[132.80864,34.28091],[132.8091,34.28161],[132.80965,34.28004],[132.81067,34.27949],[132.8113,34.27677],[132.81114,34.27574],[132.80938,34.27459],[132.80849,34.27334],[132.80628,34.2722],[132.80336,34.2687],[132.80255,34.26838],[132.79947,34.27036],[132.79895,34.27026],[132.79861,34.2704],[132.79936,34.27038],[132.79887,34.27076],[132.79452,34.27099],[132.79145,34.27171],[132.7906,34.27233],[132.7897,34.27368],[132.79023,34.27322],[132.79047,34.27458]]],[[[132.85037,34.28621],[132.85165,34.28773],[132.85233,34.28792],[132.85238,34.28737],[132.85037,34.28621]]],[[[132.81785,34.28902],[132.81668,34.28774],[132.8146,34.28683],[132.81367,34.28866],[132.81732,34.29123],[132.81812,34.2905],[132.81785,34.28902]]],[[[132.84063,34.29341],[132.84028,34.29368],[132.84118,34.29397],[132.84112,34.29376],[132.84063,34.29341]]],[[[132.80523,34.29597],[132.80525,34.29381],[132.80628,34.2928],[132.80607,34.29242],[132.80205,34.29454],[132.80224,34.29525],[132.8035,34.29531],[132.80362,34.29628],[132.80418,34.2966],[132.80523,34.29597]]],[[[132.8364,34.30065],[132.83521,34.29929],[132.83488,34.29937],[132.8352,34.30008],[132.8364,34.30065]]],[[[132.64463,34.41352],[132.64643,34.41422],[132.64631,34.41519],[132.6505,34.41895],[132.65174,34.42169],[132.65252,34.42242],[132.65632,34.42227],[132.65759,34.42305],[132.66007,34.4235],[132.66336,34.4272],[132.66734,34.42842],[132.66603,34.43012],[132.66561,34.43289],[132.66408,34.43707],[132.66235,34.43831],[132.66038,34.44125],[132.65915,34.44152],[132.65716,34.44072],[132.65634,34.44214],[132.65448,34.44359],[132.65165,34.44276],[132.65066,34.44093],[132.64898,34.44054],[132.64926,34.43918],[132.64783,34.43797],[132.64677,34.43814],[132.64309,34.44149],[132.64142,34.44211],[132.63901,34.44169],[132.63777,34.44261],[132.63767,34.4432],[132.63605,34.44349],[132.6329,34.45059],[132.62899,34.44926],[132.62294,34.44581],[132.61991,34.44798],[132.61516,34.44674],[132.61366,34.44831],[132.6128,34.44856],[132.6139,34.45115],[132.61238,34.45203],[132.61069,34.45474],[132.60693,34.45683],[132.60349,34.45599],[132.60065,34.45744],[132.60165,34.45978],[132.60093,34.46059],[132.60079,34.46239],[132.60168,34.46334],[132.60306,34.46655],[132.60263,34.46835],[132.60609,34.47189],[132.6071,34.47396],[132.60593,34.47638],[132.60681,34.47733],[132.60878,34.47771],[132.60943,34.47833],[132.60563,34.48152],[132.60156,34.48372],[132.60204,34.48566],[132.60457,34.48826],[132.60976,34.49048],[132.61416,34.49124],[132.61835,34.49078],[132.62018,34.49148],[132.62399,34.49422],[132.62599,34.49633],[132.62628,34.49733],[132.62843,34.49827],[132.63082,34.50275],[132.63103,34.50538],[132.63357,34.50702],[132.63567,34.50636],[132.63671,34.50534],[132.64055,34.50515],[132.64258,34.50555],[132.64475,34.5052],[132.64609,34.50591],[132.64691,34.50676],[132.64703,34.50948],[132.6486,34.51178],[132.64933,34.51407],[132.64839,34.51644],[132.64955,34.51966],[132.6511,34.51955],[132.65561,34.52315],[132.65757,34.52357],[132.66279,34.5261],[132.66334,34.52704],[132.66357,34.52968],[132.66566,34.53148],[132.66739,34.52981],[132.66911,34.52898],[132.67007,34.53158],[132.67256,34.53406],[132.67347,34.53358],[132.67515,34.5305],[132.67642,34.52932],[132.68005,34.52766],[132.68388,34.52709],[132.68504,34.52519],[132.68694,34.52639],[132.68937,34.52919],[132.6932,34.52933],[132.69418,34.53222],[132.6942,34.53455],[132.69628,34.53589],[132.70047,34.53666],[132.70098,34.53963],[132.7005,34.54246],[132.70175,34.54319],[132.70186,34.54433],[132.70046,34.54504],[132.70057,34.54567],[132.69948,34.54695],[132.70031,34.54875],[132.7031,34.55056],[132.70391,34.55005],[132.7061,34.55098],[132.70721,34.55097],[132.70792,34.55149],[132.70809,34.55286],[132.7099,34.55453],[132.71248,34.55467],[132.71324,34.55383],[132.71567,34.55315],[132.71662,34.55342],[132.71751,34.55515],[132.72126,34.55312],[132.72459,34.55466],[132.7269,34.55843],[132.73215,34.55693],[132.73608,34.55746],[132.73732,34.55891],[132.74131,34.56131],[132.74363,34.56419],[132.74498,34.5647],[132.7461,34.56583],[132.74527,34.56832],[132.74653,34.56898],[132.74688,34.5705],[132.75301,34.57338],[132.75357,34.5744],[132.75871,34.57453],[132.763,34.57621],[132.76491,34.57473],[132.76694,34.57566],[132.7719,34.57596],[132.77314,34.57694],[132.77459,34.57677],[132.77619,34.57742],[132.777,34.57869],[132.7788,34.57962],[132.7835,34.58009],[132.78453,34.5827],[132.78513,34.58315],[132.78443,34.58425],[132.78507,34.58549],[132.78406,34.58698],[132.78373,34.58901],[132.78436,34.59122],[132.78439,34.59367],[132.78485,34.59437],[132.78411,34.59717],[132.78742,34.60029],[132.7882,34.60264],[132.79187,34.60484],[132.79142,34.6055],[132.79245,34.60678],[132.79348,34.60971],[132.7929,34.61088],[132.79324,34.61215],[132.7927,34.61437],[132.79526,34.61849],[132.79548,34.61999],[132.79878,34.62201],[132.79796,34.62315],[132.79898,34.62347],[132.80016,34.62236],[132.80309,34.62173],[132.80433,34.62234],[132.80734,34.62254],[132.80822,34.62389],[132.80957,34.62407],[132.80938,34.6223],[132.81003,34.6214],[132.81373,34.62],[132.81525,34.61841],[132.81537,34.61722],[132.82119,34.61609],[132.82406,34.61418],[132.82373,34.61185],[132.82452,34.61105],[132.82687,34.61017],[132.83253,34.60978],[132.83478,34.61063],[132.83609,34.609],[132.83504,34.6069],[132.83515,34.60616],[132.83904,34.60503],[132.84026,34.60629],[132.84452,34.60609],[132.84568,34.6066],[132.84633,34.60755],[132.84524,34.60914],[132.84528,34.61033],[132.84799,34.61225],[132.84889,34.61206],[132.84988,34.61091],[132.85254,34.61012],[132.85527,34.61121],[132.8556,34.61256],[132.85676,34.61339],[132.85958,34.6136],[132.86064,34.61314],[132.85948,34.61244],[132.85956,34.61193],[132.86339,34.60925],[132.86378,34.61056],[132.86443,34.61109],[132.86688,34.61241],[132.86854,34.61252],[132.87054,34.61383],[132.8749,34.6132],[132.87614,34.61405],[132.87716,34.61333],[132.88073,34.61335],[132.88259,34.61289],[132.88474,34.6137],[132.88583,34.6134],[132.8864,34.61231],[132.88526,34.61189],[132.88501,34.61067],[132.88272,34.60999],[132.88334,34.60871],[132.8828,34.60793],[132.88177,34.60788],[132.88153,34.6059],[132.87988,34.60475],[132.87851,34.60446],[132.87845,34.60371],[132.87771,34.6033],[132.8853,34.60259],[132.88718,34.59991],[132.88722,34.59785],[132.88934,34.59646],[132.89069,34.59681],[132.89208,34.59651],[132.89392,34.59513],[132.8937,34.59471],[132.89466,34.59287],[132.89359,34.59384],[132.89325,34.59239],[132.89549,34.59121],[132.89458,34.58733],[132.89594,34.58406],[132.89544,34.58318],[132.89072,34.57969],[132.89008,34.57835],[132.89025,34.577],[132.88869,34.57601],[132.88824,34.57492],[132.88685,34.57377],[132.88626,34.57522],[132.88445,34.57547],[132.88377,34.57629],[132.88005,34.57667],[132.87834,34.57612],[132.87947,34.57317],[132.87971,34.57011],[132.88057,34.56841],[132.88079,34.56494],[132.88181,34.56304],[132.88265,34.56263],[132.88258,34.56193],[132.88362,34.5611],[132.88426,34.55859],[132.88334,34.5573],[132.88176,34.55679],[132.88147,34.55498],[132.87831,34.55368],[132.87759,34.55296],[132.87665,34.55329],[132.87219,34.55071],[132.86938,34.55098],[132.86633,34.54973],[132.86408,34.55006],[132.85992,34.54697],[132.85726,34.54748],[132.85437,34.54715],[132.85118,34.54507],[132.85228,34.54272],[132.85202,34.54236],[132.84755,34.54],[132.84918,34.53889],[132.85312,34.5385],[132.85237,34.53605],[132.85105,34.5348],[132.85543,34.53305],[132.85572,34.52712],[132.8562,34.52687],[132.85597,34.52586],[132.85663,34.52531],[132.85659,34.52422],[132.86165,34.52285],[132.86221,34.52152],[132.86393,34.52156],[132.86932,34.5199],[132.87607,34.51931],[132.87826,34.51753],[132.87982,34.51702],[132.8825,34.51725],[132.88435,34.51586],[132.88729,34.51594],[132.8881,34.51509],[132.88968,34.51491],[132.89261,34.5132],[132.89406,34.5114],[132.894,34.51025],[132.8949,34.50844],[132.89583,34.50764],[132.89539,34.50578],[132.89384,34.50563],[132.8938,34.50217],[132.89464,34.50193],[132.89519,34.50115],[132.89662,34.50141],[132.89838,34.49896],[132.89767,34.49785],[132.8977,34.4961],[132.89731,34.49582],[132.89842,34.49479],[132.89988,34.4946],[132.90054,34.49402],[132.90044,34.49277],[132.90142,34.49261],[132.90113,34.49125],[132.9017,34.49099],[132.90126,34.49023],[132.9021,34.48989],[132.90185,34.48925],[132.90446,34.48591],[132.90413,34.48538],[132.90448,34.4838],[132.90555,34.48336],[132.9086,34.48373],[132.91165,34.48513],[132.91167,34.48436],[132.91244,34.48348],[132.91243,34.48176],[132.91151,34.48113],[132.91172,34.47949],[132.91135,34.47888],[132.91206,34.47522],[132.91533,34.47333],[132.91712,34.47151],[132.91929,34.4711],[132.91967,34.47043],[132.91914,34.47021],[132.91914,34.46946],[132.9207,34.46726],[132.91965,34.46621],[132.91681,34.46047],[132.91957,34.4589],[132.91946,34.45764],[132.91869,34.45692],[132.91597,34.45779],[132.91259,34.45996],[132.90936,34.45979],[132.90669,34.46031],[132.90483,34.45966],[132.90195,34.46308],[132.90068,34.4633],[132.89862,34.46582],[132.89396,34.46551],[132.89246,34.46485],[132.88959,34.46547],[132.88934,34.46372],[132.88985,34.46258],[132.89305,34.46136],[132.89456,34.46012],[132.89626,34.46028],[132.89255,34.45915],[132.89311,34.45753],[132.89787,34.45239],[132.89998,34.44881],[132.90383,34.44785],[132.90197,34.44699],[132.90222,34.44556],[132.90393,34.44538],[132.90439,34.44445],[132.90296,34.44346],[132.90391,34.44109],[132.90274,34.44107],[132.89964,34.44235],[132.89931,34.44017],[132.89478,34.43795],[132.89396,34.43682],[132.89374,34.43459],[132.89445,34.43347],[132.89534,34.4333],[132.89493,34.43152],[132.89639,34.43143],[132.89635,34.4294],[132.89581,34.4286],[132.89682,34.42816],[132.89776,34.42479],[132.8968,34.42389],[132.89595,34.42387],[132.89426,34.42184],[132.89339,34.42153],[132.89451,34.41911],[132.89218,34.41823],[132.89229,34.41679],[132.89085,34.41591],[132.89151,34.41432],[132.89369,34.41361],[132.89498,34.41081],[132.89212,34.41142],[132.88948,34.4098],[132.88704,34.41001],[132.88581,34.40724],[132.88261,34.40729],[132.88223,34.40638],[132.87962,34.40667],[132.87915,34.40594],[132.87775,34.40605],[132.8769,34.40534],[132.8761,34.40694],[132.87504,34.40762],[132.87357,34.40828],[132.87105,34.40826],[132.86904,34.40899],[132.86828,34.40966],[132.8683,34.41082],[132.8639,34.4118],[132.86139,34.41336],[132.86073,34.41328],[132.85967,34.41492],[132.85745,34.41345],[132.85377,34.41472],[132.85182,34.41446],[132.85048,34.41771],[132.8499,34.41793],[132.84996,34.41915],[132.84776,34.41897],[132.84374,34.41969],[132.84105,34.41825],[132.83947,34.41814],[132.83774,34.41952],[132.83632,34.41947],[132.83585,34.42019],[132.83606,34.42106],[132.83511,34.42254],[132.83235,34.42263],[132.82995,34.4202],[132.8278,34.42046],[132.82576,34.41892],[132.82394,34.41947],[132.82163,34.41842],[132.82059,34.41904],[132.81831,34.42218],[132.81673,34.4235],[132.81569,34.42333],[132.81268,34.42469],[132.80934,34.42195],[132.80757,34.42192],[132.80569,34.42025],[132.80471,34.4204],[132.80382,34.41988],[132.80319,34.42059],[132.79871,34.41989],[132.79456,34.42011],[132.79263,34.4209],[132.79093,34.42098],[132.79085,34.42291],[132.78884,34.4235],[132.78611,34.42191],[132.78253,34.42064],[132.78221,34.42],[132.78252,34.41782],[132.78483,34.41606],[132.7847,34.41514],[132.78535,34.41349],[132.78667,34.41227],[132.78798,34.41224],[132.78846,34.41074],[132.78831,34.40933],[132.78975,34.40922],[132.79084,34.40809],[132.79188,34.40815],[132.79351,34.40666],[132.79564,34.40712],[132.79634,34.40685],[132.79856,34.40854],[132.8002,34.40679],[132.80094,34.40756],[132.80316,34.40665],[132.80372,34.40595],[132.80586,34.40697],[132.80636,34.4084],[132.80932,34.40694],[132.81435,34.40142],[132.81361,34.39849],[132.81448,34.39742],[132.81501,34.39541],[132.81629,34.39463],[132.81504,34.39207],[132.81186,34.39306],[132.81052,34.39264],[132.80988,34.3913],[132.80742,34.39198],[132.80638,34.39145],[132.80268,34.39283],[132.80097,34.39185],[132.80016,34.3921],[132.80019,34.39051],[132.79964,34.38971],[132.79763,34.38941],[132.79552,34.38774],[132.7954,34.38706],[132.79625,34.38564],[132.79332,34.3856],[132.79254,34.38455],[132.78888,34.38233],[132.78821,34.3812],[132.7884,34.38049],[132.78751,34.37954],[132.78787,34.3784],[132.78513,34.37525],[132.78633,34.37299],[132.78571,34.37156],[132.78619,34.37036],[132.7877,34.3714],[132.78909,34.37082],[132.79221,34.37099],[132.79451,34.36987],[132.79573,34.37052],[132.79653,34.36993],[132.7959,34.37221],[132.79616,34.37314],[132.79733,34.37385],[132.7988,34.37271],[132.79784,34.37169],[132.80015,34.37135],[132.80224,34.37336],[132.80388,34.37358],[132.80529,34.37436],[132.80936,34.37417],[132.81206,34.37254],[132.81219,34.36954],[132.81274,34.36911],[132.81553,34.36953],[132.82002,34.36787],[132.82121,34.36676],[132.82386,34.36634],[132.8246,34.36539],[132.82588,34.36528],[132.82581,34.36432],[132.8282,34.36274],[132.82887,34.36263],[132.82908,34.3634],[132.83015,34.36414],[132.83154,34.36418],[132.83385,34.36251],[132.83602,34.36184],[132.83782,34.36255],[132.84132,34.35981],[132.84303,34.35916],[132.84466,34.35932],[132.84761,34.35819],[132.84767,34.35692],[132.84916,34.35483],[132.85403,34.35647],[132.85462,34.35316],[132.85539,34.35189],[132.85927,34.35154],[132.85783,34.34872],[132.85641,34.34818],[132.85647,34.34758],[132.859,34.34665],[132.85923,34.34572],[132.85884,34.34468],[132.85827,34.34465],[132.85674,34.34297],[132.85708,34.34049],[132.85646,34.33905],[132.85709,34.33725],[132.85647,34.3364],[132.85658,34.33557],[132.85578,34.33509],[132.85679,34.33282],[132.85321,34.32751],[132.85336,34.3264],[132.85269,34.32521],[132.8526,34.32188],[132.8522,34.32121],[132.85312,34.31991],[132.85344,34.31828],[132.85238,34.31631],[132.85086,34.31504],[132.85193,34.31427],[132.8515,34.31329],[132.85186,34.31083],[132.85107,34.30886],[132.85115,34.30785],[132.85354,34.30644],[132.85449,34.30232],[132.85454,34.30026],[132.85381,34.3],[132.85335,34.29889],[132.85403,34.29625],[132.85228,34.29619],[132.85188,34.29578],[132.85253,34.29521],[132.85282,34.29331],[132.85126,34.29291],[132.85072,34.29217],[132.84835,34.29275],[132.84682,34.29171],[132.84656,34.29277],[132.84706,34.29407],[132.84627,34.29542],[132.84679,34.29689],[132.84615,34.29966],[132.84488,34.2996],[132.84386,34.29886],[132.84393,34.29842],[132.84259,34.29828],[132.8411,34.29998],[132.83923,34.30071],[132.83805,34.30302],[132.83691,34.30281],[132.83523,34.30407],[132.83449,34.30676],[132.8357,34.31042],[132.83645,34.31112],[132.83646,34.31184],[132.83593,34.31193],[132.83684,34.31232],[132.83743,34.31281],[132.83618,34.31219],[132.8357,34.3131],[132.8372,34.31363],[132.83592,34.31333],[132.83535,34.31293],[132.83551,34.31356],[132.83619,34.31368],[132.8356,34.31362],[132.83506,34.31348],[132.83401,34.31252],[132.83484,34.31195],[132.83405,34.31247],[132.83356,34.31197],[132.832,34.31305],[132.83446,34.31567],[132.8346,34.31656],[132.83355,34.31545],[132.83251,34.31515],[132.83301,34.31503],[132.83216,34.31506],[132.8315,34.31401],[132.8285,34.31611],[132.82529,34.31615],[132.82519,34.3156],[132.82458,34.31565],[132.82465,34.31616],[132.82348,34.31606],[132.82358,34.31542],[132.82468,34.31532],[132.82327,34.31536],[132.82369,34.31428],[132.82567,34.31434],[132.82376,34.31418],[132.8231,34.31497],[132.82153,34.31547],[132.82176,34.31608],[132.81988,34.31697],[132.81957,34.31645],[132.81999,34.31584],[132.81866,34.31692],[132.81823,34.31647],[132.8182,34.3169],[132.81693,34.31682],[132.81698,34.31547],[132.81903,34.31481],[132.81698,34.31544],[132.81475,34.31509],[132.81449,34.31583],[132.81519,34.31731],[132.81473,34.31728],[132.8144,34.31673],[132.81367,34.31691],[132.81394,34.31544],[132.81351,34.31595],[132.81337,34.31545],[132.8113,34.31466],[132.81324,34.31139],[132.81262,34.31243],[132.81018,34.3116],[132.80932,34.31319],[132.80924,34.3132],[132.81002,34.31175],[132.80082,34.30871],[132.80114,34.30895],[132.80059,34.31027],[132.80092,34.31057],[132.79937,34.31292],[132.79676,34.31174],[132.79741,34.3114],[132.79695,34.31145],[132.7974,34.31093],[132.79591,34.31091],[132.7998,34.3079],[132.79624,34.30612],[132.79642,34.30542],[132.79765,34.30539],[132.79773,34.30449],[132.79674,34.3044],[132.7961,34.30247],[132.7966,34.30226],[132.7952,34.30058],[132.79531,34.2993],[132.79478,34.29834],[132.79585,34.29807],[132.79516,34.29605],[132.79412,34.29627],[132.79362,34.29771],[132.79395,34.29575],[132.79352,34.29453],[132.79049,34.29228],[132.79023,34.29123],[132.79137,34.29104],[132.79113,34.2899],[132.79006,34.29009],[132.79001,34.28766],[132.78837,34.28627],[132.78729,34.28629],[132.78717,34.28428],[132.78759,34.28337],[132.788,34.28346],[132.78801,34.28342],[132.78755,34.28292],[132.78863,34.27955],[132.78854,34.27803],[132.78612,34.2796],[132.78538,34.27708],[132.78482,34.27688],[132.78427,34.27751],[132.78459,34.27877],[132.78311,34.27888],[132.78097,34.28124],[132.78109,34.28604],[132.77843,34.28657],[132.77755,34.28755],[132.77509,34.28827],[132.77402,34.28775],[132.773,34.28789],[132.7712,34.28685],[132.76996,34.28684],[132.76972,34.28777],[132.76858,34.28772],[132.76785,34.28838],[132.76666,34.29052],[132.76533,34.29044],[132.76397,34.29134],[132.76235,34.2942],[132.75926,34.29607],[132.76195,34.29956],[132.75896,34.30359],[132.75759,34.30425],[132.75621,34.30571],[132.75547,34.30804],[132.75622,34.30981],[132.75454,34.31081],[132.75708,34.31139],[132.75647,34.31365],[132.75581,34.31433],[132.75654,34.31754],[132.75609,34.31974],[132.75455,34.32165],[132.75446,34.32305],[132.75397,34.32361],[132.75387,34.3252],[132.75481,34.32867],[132.75339,34.33125],[132.75374,34.33278],[132.752,34.33326],[132.74976,34.33303],[132.74834,34.33124],[132.74674,34.33157],[132.74313,34.33076],[132.7398,34.32674],[132.73483,34.32568],[132.73372,34.3238],[132.73252,34.32287],[132.7294,34.32327],[132.72777,34.322],[132.72691,34.32187],[132.72705,34.32102],[132.72587,34.31829],[132.72511,34.31781],[132.72271,34.31762],[132.72155,34.31621],[132.72053,34.31318],[132.71838,34.31316],[132.71718,34.31247],[132.7169,34.31162],[132.71745,34.31077],[132.71463,34.30799],[132.71046,34.30884],[132.70741,34.3125],[132.70472,34.3133],[132.70377,34.31315],[132.69787,34.30832],[132.69612,34.3084],[132.69556,34.30789],[132.69538,34.30637],[132.6932,34.30538],[132.69213,34.30381],[132.69073,34.30289],[132.68585,34.30232],[132.67767,34.29843],[132.67679,34.29713],[132.67478,34.29623],[132.67333,34.29496],[132.67187,34.29516],[132.67113,34.29299],[132.6696,34.29207],[132.66906,34.2912],[132.66412,34.28896],[132.65972,34.29208],[132.65863,34.29569],[132.65647,34.29998],[132.65257,34.30562],[132.65063,34.30955],[132.65094,34.30973],[132.64975,34.31131],[132.64619,34.30946],[132.6437,34.31085],[132.64173,34.31372],[132.63941,34.315],[132.63815,34.31441],[132.63786,34.3134],[132.63465,34.31337],[132.63321,34.31383],[132.62973,34.31149],[132.62821,34.31315],[132.62652,34.31393],[132.62374,34.31368],[132.62111,34.31249],[132.61954,34.31388],[132.61527,34.31449],[132.61271,34.31672],[132.60819,34.31634],[132.60678,34.31676],[132.60684,34.31791],[132.60594,34.32043],[132.60602,34.32249],[132.60925,34.32258],[132.61003,34.3243],[132.61196,34.32505],[132.61216,34.32632],[132.61309,34.32699],[132.61328,34.32815],[132.61213,34.32949],[132.61243,34.33304],[132.61147,34.33479],[132.61186,34.33567],[132.60851,34.3376],[132.60783,34.33905],[132.60829,34.33998],[132.60819,34.34225],[132.60956,34.34318],[132.61204,34.34327],[132.61303,34.34382],[132.61353,34.34629],[132.61688,34.3483],[132.61726,34.3494],[132.61858,34.35043],[132.62071,34.35108],[132.62123,34.35257],[132.62422,34.3545],[132.62492,34.35391],[132.62698,34.35377],[132.6277,34.35271],[132.62995,34.35226],[132.6304,34.35147],[132.63214,34.35201],[132.63338,34.35306],[132.63662,34.35268],[132.63959,34.353],[132.64111,34.35206],[132.64303,34.35346],[132.64484,34.35641],[132.64432,34.36197],[132.64485,34.36271],[132.64611,34.363],[132.64732,34.36417],[132.64925,34.36339],[132.64977,34.36367],[132.6512,34.36472],[132.65353,34.36779],[132.65274,34.3731],[132.65127,34.37456],[132.65031,34.37645],[132.65145,34.37885],[132.64958,34.38151],[132.64943,34.3837],[132.64825,34.38579],[132.64599,34.38704],[132.64432,34.38921],[132.64472,34.39125],[132.64605,34.39212],[132.6468,34.39328],[132.64681,34.39579],[132.64512,34.39596],[132.64319,34.39814],[132.64114,34.39846],[132.64061,34.39904],[132.64153,34.39982],[132.64208,34.40136],[132.64371,34.40216],[132.64287,34.4051],[132.64401,34.4092],[132.64378,34.41019],[132.64499,34.41135],[132.64442,34.41285],[132.64463,34.41352]]]]}},{"type":"Feature","properties":{"id":"muni-34213","name":"廿日市市"},"geometry":{"type":"MultiPolygon","coordinates":[[[[132.28152,34.26892],[132.2813,34.26952],[132.28229,34.26962],[132.28295,34.27128],[132.28369,34.27112],[132.28309,34.2734],[132.28393,34.27603],[132.28364,34.27803],[132.28496,34.27969],[132.28464,34.28049],[132.28667,34.28271],[132.28638,34.28334],[132.28755,34.28342],[132.28744,34.28402],[132.28883,34.28517],[132.28891,34.28654],[132.29015,34.28745],[132.29426,34.2887],[132.29505,34.2897],[132.297,34.28849],[132.29621,34.28979],[132.29809,34.29012],[132.29848,34.28934],[132.29743,34.28881],[132.29907,34.28922],[132.29821,34.29015],[132.29912,34.29037],[132.30184,34.29392],[132.3027,34.29419],[132.30463,34.29382],[132.30593,34.29483],[132.30786,34.29531],[132.30813,34.29583],[132.30976,34.29601],[132.30984,34.29643],[132.31158,34.2964],[132.31176,34.29699],[132.31164,34.29639],[132.31333,34.29649],[132.31357,34.2952],[132.31407,34.29568],[132.31686,34.29616],[132.31546,34.29608],[132.31557,34.2966],[132.31724,34.2966],[132.31941,34.29551],[132.31935,34.29631],[132.32022,34.29623],[132.31892,34.29729],[132.3204,34.29797],[132.32116,34.29937],[132.32122,34.29977],[132.32063,34.29998],[132.32126,34.30007],[132.32168,34.30212],[132.32072,34.30247],[132.32079,34.3026],[132.32174,34.30217],[132.32218,34.30252],[132.32165,34.30295],[132.32224,34.30258],[132.32261,34.30288],[132.32243,34.30313],[132.32239,34.3044],[132.3228,34.30296],[132.32373,34.30281],[132.3232,34.3033],[132.32428,34.30285],[132.32503,34.30313],[132.32535,34.30525],[132.32562,34.30564],[132.32553,34.30507],[132.32596,34.30537],[132.32572,34.30591],[132.32707,34.30578],[132.32789,34.30685],[132.33026,34.30743],[132.33056,34.30843],[132.3313,34.30882],[132.3317,34.31107],[132.33251,34.3109],[132.33271,34.31135],[132.33373,34.31141],[132.33301,34.3104],[132.33352,34.30955],[132.33294,34.30968],[132.3327,34.30908],[132.33366,34.30701],[132.33404,34.30709],[132.33369,34.30696],[132.33397,34.30635],[132.33447,34.30644],[132.33398,34.30633],[132.33405,34.30579],[132.33584,34.30452],[132.33649,34.3052],[132.33615,34.30567],[132.33695,34.30513],[132.33624,34.30369],[132.33565,34.30365],[132.3356,34.30327],[132.3369,34.30378],[132.33733,34.30463],[132.33839,34.30487],[132.33822,34.30537],[132.33765,34.30539],[132.33705,34.30582],[132.33857,34.30546],[132.34115,34.30278],[132.34045,34.30118],[132.34079,34.30081],[132.34083,34.30063],[132.34036,34.30124],[132.33944,34.30057],[132.33968,34.29932],[132.341,34.29923],[132.33998,34.29896],[132.3398,34.29808],[132.34028,34.29742],[132.34442,34.29367],[132.3452,34.29335],[132.34547,34.29389],[132.34632,34.29375],[132.34715,34.29438],[132.34853,34.29288],[132.34844,34.29153],[132.34709,34.29044],[132.34723,34.28948],[132.34683,34.28903],[132.34786,34.28597],[132.34718,34.28493],[132.3478,34.28337],[132.34772,34.28184],[132.34685,34.2805],[132.34475,34.2788],[132.34095,34.27785],[132.34075,34.27584],[132.34113,34.27516],[132.34021,34.27351],[132.34031,34.27286],[132.33902,34.27327],[132.33565,34.27267],[132.33345,34.27096],[132.33154,34.26868],[132.33056,34.26832],[132.3308,34.26742],[132.32639,34.26639],[132.32351,34.26327],[132.3197,34.2624],[132.31831,34.25983],[132.31632,34.2593],[132.31363,34.25763],[132.31263,34.2544],[132.31172,34.25399],[132.31126,34.25226],[132.3095,34.25166],[132.3088,34.25039],[132.30581,34.24821],[132.30514,34.249],[132.30519,34.24833],[132.30617,34.24797],[132.30605,34.24734],[132.30525,34.24714],[132.30428,34.24526],[132.30284,34.24399],[132.30068,34.24327],[132.29857,34.2418],[132.29719,34.24184],[132.29665,34.24123],[132.29513,34.24095],[132.29427,34.23921],[132.29122,34.23889],[132.28944,34.23744],[132.2863,34.23647],[132.28426,34.23502],[132.28138,34.2357],[132.27873,34.23423],[132.2781,34.2331],[132.27493,34.23284],[132.27435,34.23153],[132.27398,34.23203],[132.27419,34.23304],[132.27254,34.23404],[132.27173,34.23626],[132.27059,34.23738],[132.27099,34.23859],[132.27025,34.23942],[132.27076,34.23995],[132.27029,34.2417],[132.26889,34.24262],[132.2707,34.24572],[132.2697,34.24768],[132.26696,34.25062],[132.26229,34.25186],[132.26258,34.25285],[132.26408,34.25367],[132.26406,34.2564],[132.26717,34.25574],[132.26766,34.25666],[132.26964,34.25692],[132.26988,34.25777],[132.27123,34.25652],[132.27124,34.25709],[132.27182,34.25698],[132.2723,34.25765],[132.27233,34.25994],[132.27306,34.26152],[132.2737,34.26163],[132.27343,34.26218],[132.27715,34.26276],[132.2783,34.2653],[132.28012,34.26635],[132.28099,34.26764],[132.28045,34.26773],[132.28114,34.26797],[132.28081,34.26829],[132.28152,34.26892]]],[[[132.16356,34.33143],[132.16135,34.32971],[132.15783,34.3299],[132.15655,34.32941],[132.14885,34.33064],[132.14831,34.32911],[132.14918,34.32427],[132.14789,34.32164],[132.14794,34.32003],[132.14858,34.3191],[132.14811,34.31774],[132.14479,34.31421],[132.1445,34.31365],[132.14492,34.31247],[132.14397,34.31074],[132.1415,34.31178],[132.14077,34.31375],[132.13849,34.31711],[132.1372,34.31729],[132.1356,34.31673],[132.13478,34.31581],[132.13201,34.31436],[132.13074,34.31547],[132.12926,34.31591],[132.12884,34.31457],[132.12714,34.31249],[132.1255,34.3058],[132.1242,34.30653],[132.12318,34.30834],[132.12265,34.31199],[132.1242,34.31509],[132.12441,34.31973],[132.1275,34.32159],[132.12894,34.32342],[132.12852,34.32538],[132.12937,34.32699],[132.12941,34.32814],[132.12751,34.33077],[132.1271,34.33303],[132.12339,34.33415],[132.12219,34.33393],[132.11883,34.33036],[132.11177,34.33011],[132.1103,34.32895],[132.1099,34.32773],[132.10817,34.32779],[132.1055,34.32927],[132.10386,34.33241],[132.10341,34.33469],[132.10105,34.33643],[132.1008,34.34035],[132.10124,34.34186],[132.10079,34.34367],[132.10146,34.34491],[132.09768,34.34709],[132.09537,34.35014],[132.09269,34.35137],[132.09141,34.35083],[132.08786,34.35182],[132.08606,34.35377],[132.08609,34.35559],[132.0853,34.35789],[132.08392,34.35823],[132.08265,34.35723],[132.07848,34.35651],[132.07681,34.35549],[132.07448,34.35584],[132.07124,34.35551],[132.06973,34.35641],[132.07109,34.35826],[132.07067,34.3602],[132.07185,34.36349],[132.07203,34.36578],[132.0711,34.36871],[132.07014,34.36957],[132.07027,34.37094],[132.07378,34.37232],[132.07533,34.37492],[132.07338,34.37595],[132.07271,34.37715],[132.07461,34.38048],[132.075,34.38304],[132.07662,34.38424],[132.07623,34.38585],[132.07754,34.387],[132.07775,34.38815],[132.07734,34.38905],[132.07174,34.3899],[132.07073,34.39087],[132.06977,34.39107],[132.06979,34.39198],[132.07215,34.39432],[132.0708,34.39581],[132.07159,34.39667],[132.07175,34.39788],[132.07261,34.3978],[132.07331,34.39835],[132.07267,34.40012],[132.07293,34.40147],[132.07437,34.40183],[132.07463,34.40235],[132.07395,34.40384],[132.0745,34.40457],[132.07342,34.40717],[132.07161,34.4099],[132.07047,34.41015],[132.07008,34.41072],[132.06991,34.41357],[132.06877,34.41519],[132.06877,34.4161],[132.07028,34.41769],[132.07334,34.4197],[132.0737,34.42114],[132.07305,34.42233],[132.07394,34.42372],[132.0755,34.42411],[132.07731,34.42573],[132.07539,34.42607],[132.0751,34.42664],[132.07591,34.43028],[132.07543,34.43194],[132.07633,34.43434],[132.07671,34.43797],[132.08032,34.4414],[132.08123,34.44347],[132.07924,34.446],[132.07791,34.44992],[132.07549,34.45277],[132.07547,34.45408],[132.0713,34.45843],[132.07096,34.46328],[132.06817,34.46502],[132.06893,34.46739],[132.06836,34.46818],[132.06835,34.46945],[132.06692,34.47067],[132.06703,34.47299],[132.06541,34.47438],[132.06479,34.47579],[132.06313,34.47642],[132.06181,34.47794],[132.06102,34.47993],[132.05796,34.48047],[132.05719,34.48382],[132.05769,34.4864],[132.0599,34.48976],[132.05982,34.49226],[132.05718,34.49408],[132.05619,34.49558],[132.05374,34.49606],[132.05329,34.49757],[132.05219,34.49888],[132.04908,34.49937],[132.0473,34.5004],[132.04337,34.49951],[132.04089,34.50031],[132.03895,34.49952],[132.03659,34.50092],[132.03621,34.50164],[132.0388,34.50423],[132.03998,34.50475],[132.04074,34.50636],[132.04236,34.50707],[132.04261,34.50855],[132.04398,34.5089],[132.04462,34.50994],[132.04527,34.51017],[132.04538,34.5111],[132.04662,34.51199],[132.04745,34.51338],[132.04752,34.5149],[132.0488,34.51558],[132.04781,34.51916],[132.04852,34.52283],[132.05223,34.5298],[132.05834,34.5296],[132.0589,34.5311],[132.06226,34.5316],[132.06342,34.53257],[132.06329,34.53352],[132.0639,34.53408],[132.06504,34.5339],[132.06681,34.5348],[132.06778,34.53396],[132.07016,34.53401],[132.07217,34.53488],[132.0738,34.53466],[132.07548,34.53547],[132.07602,34.53682],[132.07955,34.53659],[132.08442,34.53823],[132.08526,34.53898],[132.08506,34.53959],[132.08609,34.53994],[132.08806,34.54175],[132.089,34.54487],[132.09381,34.54713],[132.09756,34.55055],[132.10036,34.55535],[132.10336,34.5556],[132.10545,34.55646],[132.10695,34.55745],[132.10696,34.5586],[132.10907,34.56082],[132.11423,34.56301],[132.11598,34.56789],[132.11797,34.57038],[132.11887,34.57235],[132.11749,34.57805],[132.12016,34.5804],[132.12565,34.58291],[132.12817,34.57961],[132.1283,34.57635],[132.12876,34.57533],[132.13208,34.57221],[132.13588,34.57312],[132.13763,34.57276],[132.13943,34.56989],[132.13981,34.56701],[132.14112,34.56541],[132.14601,34.56376],[132.14704,34.5638],[132.14827,34.56498],[132.14939,34.56511],[132.15036,34.5621],[132.15231,34.55975],[132.15491,34.55794],[132.1544,34.55675],[132.15661,34.55399],[132.15567,34.55231],[132.15591,34.54957],[132.15925,34.54636],[132.16238,34.5444],[132.16316,34.54267],[132.1665,34.54113],[132.16862,34.54097],[132.17049,34.54193],[132.174,34.54096],[132.17488,34.5414],[132.1794,34.54147],[132.18356,34.54299],[132.18496,34.5426],[132.18465,34.53857],[132.18361,34.53804],[132.18152,34.53516],[132.179,34.53334],[132.17893,34.53259],[132.17783,34.53326],[132.17677,34.53321],[132.16947,34.52782],[132.16677,34.5247],[132.16656,34.52285],[132.16787,34.52058],[132.17096,34.51944],[132.17033,34.51734],[132.17404,34.51543],[132.17647,34.51359],[132.1786,34.51291],[132.17855,34.51074],[132.17908,34.50969],[132.18006,34.50929],[132.18047,34.50833],[132.18151,34.50796],[132.18223,34.50573],[132.18615,34.5032],[132.18776,34.50132],[132.18756,34.5],[132.18864,34.49867],[132.19012,34.49828],[132.19097,34.49744],[132.19327,34.4977],[132.19424,34.49684],[132.1961,34.49656],[132.19734,34.49698],[132.19788,34.49653],[132.19921,34.49467],[132.19825,34.49316],[132.19862,34.4917],[132.20007,34.49081],[132.20035,34.48884],[132.20229,34.48724],[132.20323,34.48553],[132.20273,34.48383],[132.20177,34.48332],[132.20184,34.48264],[132.19981,34.48173],[132.19973,34.48018],[132.19658,34.4779],[132.19574,34.47463],[132.19506,34.47395],[132.195,34.47254],[132.19424,34.4714],[132.19478,34.46913],[132.19314,34.46811],[132.19292,34.46547],[132.19415,34.46256],[132.1953,34.46211],[132.19436,34.46116],[132.19461,34.46053],[132.194,34.45957],[132.1945,34.45917],[132.19322,34.45916],[132.19279,34.45839],[132.19367,34.4571],[132.19624,34.45621],[132.19664,34.45524],[132.19576,34.4546],[132.1959,34.45277],[132.19354,34.45205],[132.19508,34.45102],[132.19504,34.45056],[132.1943,34.44971],[132.19309,34.45068],[132.19041,34.44941],[132.18776,34.45053],[132.18766,34.45145],[132.18519,34.45008],[132.18404,34.45005],[132.18237,34.44853],[132.18445,34.44632],[132.18452,34.44538],[132.17851,34.44264],[132.17896,34.4404],[132.18291,34.43869],[132.18506,34.43942],[132.18774,34.43811],[132.18834,34.43714],[132.19127,34.43548],[132.19146,34.43321],[132.19223,34.43209],[132.1936,34.43232],[132.19237,34.42714],[132.1908,34.42617],[132.19068,34.42488],[132.19255,34.42257],[132.19225,34.42187],[132.19263,34.42061],[132.19395,34.4195],[132.19593,34.41535],[132.19717,34.4149],[132.2024,34.41624],[132.20624,34.4145],[132.20844,34.41572],[132.21354,34.41578],[132.21533,34.41496],[132.21798,34.41588],[132.21893,34.41987],[132.22051,34.42116],[132.22125,34.42333],[132.22296,34.42504],[132.22554,34.42666],[132.2285,34.43083],[132.23038,34.43138],[132.23557,34.43105],[132.23886,34.42701],[132.24169,34.42574],[132.24527,34.42315],[132.24959,34.42362],[132.25101,34.4243],[132.25188,34.42263],[132.25264,34.42216],[132.25275,34.4215],[132.25194,34.42037],[132.25251,34.42031],[132.25437,34.41806],[132.25421,34.41702],[132.25483,34.41622],[132.25506,34.41378],[132.25743,34.41405],[132.25878,34.41324],[132.25972,34.41349],[132.26516,34.41236],[132.26931,34.41363],[132.27159,34.4127],[132.27211,34.41163],[132.27344,34.41149],[132.27445,34.41072],[132.27689,34.41116],[132.27784,34.41179],[132.27845,34.41149],[132.27839,34.40997],[132.2814,34.4095],[132.28322,34.40652],[132.28372,34.40381],[132.28492,34.40241],[132.28313,34.39979],[132.28326,34.39751],[132.28382,34.39679],[132.28473,34.39666],[132.28387,34.39525],[132.28455,34.39342],[132.28381,34.39166],[132.28466,34.39077],[132.2849,34.38951],[132.28993,34.38704],[132.29075,34.38717],[132.29452,34.38472],[132.29752,34.385],[132.29826,34.38444],[132.29978,34.38428],[132.30048,34.38469],[132.30059,34.38537],[132.29864,34.38726],[132.30034,34.38787],[132.30167,34.3877],[132.3021,34.38831],[132.30135,34.38885],[132.30156,34.38922],[132.30265,34.39006],[132.30347,34.38964],[132.30285,34.39145],[132.30336,34.39261],[132.3014,34.39516],[132.30033,34.39837],[132.30041,34.40266],[132.29993,34.40362],[132.29994,34.40627],[132.29935,34.40685],[132.30056,34.40849],[132.30196,34.4094],[132.30204,34.41019],[132.30395,34.41245],[132.30486,34.41442],[132.30676,34.41522],[132.30856,34.41784],[132.31006,34.41787],[132.3111,34.41917],[132.31167,34.41917],[132.31254,34.41864],[132.31328,34.4168],[132.31433,34.41569],[132.31457,34.41269],[132.31293,34.41162],[132.31288,34.41028],[132.31471,34.40756],[132.31485,34.40633],[132.32175,34.40661],[132.32288,34.40586],[132.32438,34.40586],[132.32438,34.40414],[132.32359,34.4036],[132.32235,34.40093],[132.322,34.39888],[132.32076,34.39717],[132.32049,34.39363],[132.31841,34.39291],[132.31693,34.39156],[132.31705,34.38999],[132.32085,34.388],[132.31854,34.38505],[132.31805,34.3812],[132.32383,34.37951],[132.32537,34.37799],[132.32989,34.37659],[132.33065,34.37494],[132.33387,34.37295],[132.33563,34.37074],[132.33498,34.3697],[132.33554,34.36865],[132.33478,34.36821],[132.335,34.36755],[132.3365,34.36792],[132.33896,34.36713],[132.3395,34.36752],[132.34181,34.36613],[132.34462,34.36789],[132.34535,34.36719],[132.34499,34.36689],[132.34495,34.36451],[132.34356,34.36441],[132.34307,34.36393],[132.34389,34.36291],[132.34399,34.36082],[132.34568,34.35782],[132.34864,34.35533],[132.34784,34.35464],[132.34312,34.35286],[132.3419,34.35375],[132.34024,34.35328],[132.33913,34.35381],[132.33932,34.35414],[132.33916,34.35453],[132.3393,34.35413],[132.33911,34.35454],[132.33863,34.35433],[132.33902,34.35447],[132.33866,34.35429],[132.33892,34.35396],[132.33829,34.35414],[132.34309,34.35174],[132.34961,34.35344],[132.34909,34.35321],[132.34993,34.3534],[132.35057,34.35224],[132.35311,34.35314],[132.35541,34.34883],[132.35281,34.34787],[132.35114,34.35094],[132.33885,34.3464],[132.33729,34.345],[132.33891,34.34195],[132.34605,34.34458],[132.34774,34.34144],[132.33679,34.3377],[132.33186,34.3467],[132.33301,34.34397],[132.32926,34.34262],[132.32679,34.3441],[132.32509,34.34165],[132.32362,34.34071],[132.32403,34.33979],[132.32246,34.33902],[132.32251,34.33829],[132.32242,34.33895],[132.32129,34.33875],[132.32001,34.33923],[132.31958,34.33758],[132.32033,34.33751],[132.32127,34.33851],[132.32105,34.33762],[132.32238,34.33741],[132.32286,34.33784],[132.32245,34.3374],[132.32211,34.3374],[132.32201,34.33668],[132.3232,34.33682],[132.32286,34.33561],[132.32189,34.33583],[132.32161,34.33658],[132.31996,34.33661],[132.31974,34.33621],[132.31985,34.33493],[132.3203,34.33494],[132.32062,34.33283],[132.32114,34.33214],[132.31884,34.32788],[132.31865,34.32434],[132.31786,34.32439],[132.31895,34.32336],[132.31269,34.31744],[132.3115,34.31788],[132.30963,34.31747],[132.30877,34.31676],[132.3097,34.31637],[132.30912,34.31641],[132.31012,34.31547],[132.30869,34.31673],[132.30517,34.31394],[132.30492,34.31303],[132.30622,34.31247],[132.30988,34.31528],[132.3064,34.31243],[132.30577,34.3124],[132.30559,34.3121],[132.30657,34.31199],[132.30556,34.31206],[132.3053,34.31163],[132.30563,34.31144],[132.305,34.31113],[132.30554,34.31108],[132.30486,34.31091],[132.30541,34.30999],[132.30509,34.31012],[132.30507,34.30965],[132.30387,34.30985],[132.30244,34.30942],[132.30253,34.30968],[132.30177,34.30987],[132.30221,34.30966],[132.30203,34.30879],[132.30174,34.30764],[132.30085,34.3074],[132.30064,34.30532],[132.29947,34.30518],[132.29828,34.30583],[132.29827,34.30446],[132.29483,34.30264],[132.29443,34.3038],[132.29497,34.30395],[132.29441,34.30418],[132.29431,34.30285],[132.29283,34.30286],[132.2942,34.30198],[132.29195,34.30054],[132.29078,34.3012],[132.29129,34.3],[132.28932,34.29972],[132.28724,34.29715],[132.28681,34.29578],[132.28754,34.29513],[132.28403,34.29151],[132.28361,34.29209],[132.2832,34.29161],[132.28412,34.29122],[132.28335,34.29111],[132.28372,34.2909],[132.28401,34.29017],[132.28376,34.29056],[132.28288,34.29021],[132.2826,34.29064],[132.282,34.29013],[132.28257,34.28969],[132.28313,34.28984],[132.28337,34.28974],[132.28378,34.2899],[132.28396,34.28986],[132.28192,34.28935],[132.28165,34.28953],[132.2819,34.28927],[132.28164,34.28948],[132.28109,34.28842],[132.28134,34.28727],[132.2792,34.2884],[132.28209,34.28629],[132.28013,34.28402],[132.28047,34.28384],[132.28026,34.28362],[132.28011,34.284],[132.27679,34.28113],[132.27453,34.28017],[132.27407,34.28143],[132.2719,34.28166],[132.27178,34.28071],[132.27193,34.28081],[132.27263,34.28068],[132.27217,34.28066],[132.27309,34.28026],[132.27401,34.27889],[132.27234,34.27778],[132.27262,34.27758],[132.2705,34.27656],[132.26839,34.27822],[132.26707,34.27808],[132.26715,34.27933],[132.26659,34.27922],[132.2672,34.27968],[132.26705,34.2804],[132.26644,34.28047],[132.26701,34.28055],[132.2665,34.28155],[132.26576,34.2792],[132.26509,34.27912],[132.26474,34.27833],[132.26369,34.27832],[132.26507,34.27769],[132.26509,34.27801],[132.26569,34.27756],[132.26587,34.27784],[132.2657,34.27756],[132.2665,34.2776],[132.26645,34.27726],[132.26697,34.27762],[132.26584,34.27677],[132.2666,34.27548],[132.26731,34.27547],[132.26732,34.27525],[132.26693,34.27532],[132.26665,34.27472],[132.26701,34.27458],[132.26664,34.27471],[132.26432,34.27254],[132.26118,34.27269],[132.26121,34.27371],[132.25956,34.27383],[132.25915,34.27353],[132.26054,34.27241],[132.25853,34.27304],[132.25802,34.27187],[132.25305,34.26949],[132.25135,34.26793],[132.25151,34.26736],[132.2504,34.26709],[132.24962,34.26613],[132.24993,34.26594],[132.24962,34.26469],[132.24399,34.2635],[132.24454,34.26358],[132.23917,34.26139],[132.2372,34.26307],[132.23476,34.26665],[132.23472,34.26925],[132.2331,34.27043],[132.2336,34.27182],[132.2336,34.27518],[132.23244,34.27726],[132.22855,34.28029],[132.22662,34.28025],[132.22499,34.28236],[132.22151,34.28341],[132.22185,34.28592],[132.22013,34.2861],[132.22071,34.28561],[132.22055,34.28476],[132.22108,34.28376],[132.21928,34.28441],[132.2188,34.28598],[132.21998,34.28664],[132.21852,34.28801],[132.21829,34.28969],[132.21596,34.29172],[132.2135,34.29221],[132.21169,34.29028],[132.21045,34.29059],[132.20904,34.28908],[132.20641,34.28927],[132.20555,34.2885],[132.20284,34.2891],[132.20139,34.28889],[132.20078,34.28919],[132.20031,34.29034],[132.19683,34.28823],[132.19629,34.28711],[132.19638,34.28581],[132.1951,34.28438],[132.1955,34.28314],[132.1938,34.28115],[132.19291,34.28058],[132.19155,34.28074],[132.18803,34.27948],[132.18676,34.2798],[132.18398,34.28217],[132.18175,34.2825],[132.18108,34.28323],[132.17729,34.28435],[132.17361,34.28488],[132.16912,34.28648],[132.1653,34.28863],[132.16422,34.29039],[132.16457,34.29193],[132.16301,34.29385],[132.1649,34.29777],[132.16681,34.29977],[132.16654,34.30288],[132.16761,34.30426],[132.16957,34.30511],[132.17156,34.30695],[132.16983,34.31047],[132.16765,34.31175],[132.16728,34.31317],[132.16904,34.31473],[132.17009,34.31655],[132.16925,34.318],[132.17001,34.31935],[132.17013,34.32376],[132.16803,34.32483],[132.16663,34.32472],[132.16636,34.32565],[132.16497,34.32633],[132.16448,34.32726],[132.16498,34.33004],[132.16356,34.33143]]]]}},{"type":"Feature","properties":{"id":"muni-34214","name":"安芸高田市"},"geometry":{"type":"Polygon","coordinates":[[[132.544,34.58365],[132.5452,34.58424],[132.54678,34.58444],[132.54857,34.58654],[132.55032,34.58735],[132.55457,34.58785],[132.55757,34.58938],[132.55833,34.59091],[132.55963,34.59172],[132.56648,34.59177],[132.56702,34.59431],[132.56853,34.59461],[132.56967,34.59552],[132.56969,34.59635],[132.57028,34.59701],[132.57207,34.598],[132.57274,34.60012],[132.5742,34.60227],[132.57228,34.60248],[132.57148,34.60314],[132.57092,34.60498],[132.57141,34.60763],[132.57016,34.60964],[132.57039,34.61055],[132.56967,34.61252],[132.57073,34.61343],[132.57104,34.61466],[132.57249,34.61652],[132.57367,34.61673],[132.57384,34.61766],[132.57571,34.62009],[132.57576,34.62236],[132.57519,34.6227],[132.57513,34.6234],[132.57296,34.62385],[132.57496,34.62713],[132.57542,34.63024],[132.575,34.63132],[132.57788,34.63447],[132.5827,34.63756],[132.58446,34.6447],[132.58837,34.64601],[132.58791,34.64774],[132.58848,34.6482],[132.58855,34.64982],[132.59227,34.65283],[132.59176,34.6545],[132.59056,34.6552],[132.58955,34.65677],[132.58824,34.65739],[132.58685,34.65954],[132.5872,34.66284],[132.58494,34.66372],[132.5835,34.66533],[132.58906,34.6703],[132.58984,34.67164],[132.5894,34.67423],[132.58973,34.67484],[132.5979,34.67515],[132.59815,34.67941],[132.59772,34.6804],[132.59821,34.68136],[132.59957,34.68223],[132.60139,34.68174],[132.60377,34.68543],[132.60096,34.68932],[132.59752,34.68868],[132.5937,34.68934],[132.59039,34.68764],[132.58929,34.68522],[132.58933,34.68431],[132.58776,34.68397],[132.58566,34.68731],[132.58582,34.69002],[132.58448,34.69199],[132.58468,34.69345],[132.58407,34.69402],[132.57906,34.69527],[132.57725,34.69497],[132.57583,34.69683],[132.57493,34.69702],[132.57612,34.69837],[132.57552,34.69926],[132.57596,34.70141],[132.57548,34.70286],[132.57797,34.70521],[132.57796,34.70605],[132.5775,34.70642],[132.57913,34.70664],[132.58064,34.70783],[132.58054,34.70846],[132.57911,34.70918],[132.57801,34.71221],[132.57789,34.71375],[132.57876,34.71497],[132.57717,34.71852],[132.57901,34.72182],[132.58006,34.72549],[132.58183,34.72736],[132.58167,34.72808],[132.5853,34.72921],[132.58634,34.72895],[132.58642,34.72956],[132.58756,34.73045],[132.58682,34.73232],[132.58689,34.73371],[132.5855,34.73454],[132.58528,34.73573],[132.58337,34.73836],[132.58091,34.73837],[132.57916,34.74217],[132.57586,34.74243],[132.57464,34.74395],[132.57331,34.74441],[132.56875,34.74467],[132.56851,34.74553],[132.56887,34.74622],[132.56821,34.74693],[132.56793,34.74848],[132.56672,34.7496],[132.56603,34.75205],[132.56609,34.753],[132.56712,34.75398],[132.56653,34.7568],[132.56719,34.75783],[132.56706,34.75977],[132.56651,34.76151],[132.5677,34.76296],[132.56761,34.76446],[132.56528,34.76715],[132.56198,34.76918],[132.5619,34.77021],[132.56091,34.77143],[132.55941,34.77093],[132.55846,34.77378],[132.55587,34.77519],[132.55495,34.777],[132.55612,34.77746],[132.55758,34.77901],[132.55736,34.77985],[132.55566,34.78001],[132.55323,34.77943],[132.54961,34.78002],[132.54947,34.78065],[132.55046,34.78226],[132.55066,34.7845],[132.54964,34.7866],[132.5453,34.78757],[132.54083,34.79092],[132.53765,34.79132],[132.53719,34.79226],[132.53803,34.79501],[132.54161,34.79657],[132.54344,34.79653],[132.5443,34.79786],[132.5442,34.79936],[132.54645,34.80266],[132.54835,34.80319],[132.55055,34.80608],[132.55408,34.80834],[132.55516,34.80787],[132.55727,34.808],[132.55778,34.80733],[132.55916,34.80697],[132.56238,34.80759],[132.56392,34.80727],[132.56541,34.80612],[132.56793,34.8064],[132.56782,34.80816],[132.56886,34.81136],[132.57137,34.81209],[132.57217,34.81307],[132.57544,34.8141],[132.57705,34.81557],[132.58051,34.81598],[132.5822,34.81707],[132.58264,34.81847],[132.58472,34.82091],[132.58571,34.82329],[132.58791,34.8215],[132.58997,34.82122],[132.59179,34.82396],[132.59187,34.82723],[132.59344,34.82884],[132.59677,34.83017],[132.59659,34.83087],[132.59874,34.83166],[132.59874,34.83326],[132.60014,34.83328],[132.6005,34.83172],[132.60239,34.83159],[132.60315,34.83089],[132.60439,34.83077],[132.60558,34.83102],[132.60649,34.8326],[132.60922,34.83227],[132.61051,34.83326],[132.61211,34.83322],[132.61212,34.83464],[132.61086,34.83597],[132.61183,34.83673],[132.61053,34.83719],[132.61047,34.83767],[132.61168,34.83914],[132.61157,34.84045],[132.61316,34.8395],[132.61364,34.8408],[132.6149,34.8416],[132.61513,34.8433],[132.6175,34.84227],[132.61934,34.84372],[132.62148,34.84234],[132.62501,34.8431],[132.63174,34.84306],[132.63272,34.84266],[132.63171,34.84147],[132.63282,34.84016],[132.63534,34.83964],[132.63592,34.83895],[132.63673,34.83974],[132.63603,34.84088],[132.63675,34.84098],[132.63805,34.8394],[132.63952,34.83991],[132.6406,34.83884],[132.64379,34.8375],[132.64784,34.83995],[132.6524,34.84038],[132.65315,34.83675],[132.65502,34.83622],[132.65599,34.83506],[132.65764,34.83559],[132.65955,34.83258],[132.66125,34.8329],[132.66204,34.83224],[132.66496,34.8328],[132.66772,34.83217],[132.66957,34.83267],[132.66907,34.83455],[132.66978,34.83536],[132.6696,34.8368],[132.67113,34.83806],[132.67051,34.83851],[132.67048,34.8394],[132.6711,34.84196],[132.67261,34.84514],[132.6751,34.8462],[132.67516,34.8477],[132.67877,34.84931],[132.67896,34.85081],[132.68051,34.85182],[132.6811,34.85067],[132.6841,34.85147],[132.68633,34.85062],[132.68947,34.85049],[132.68989,34.851],[132.69145,34.85059],[132.69115,34.84716],[132.69273,34.84598],[132.69295,34.84412],[132.69424,34.84347],[132.69717,34.84329],[132.69803,34.84261],[132.69899,34.84306],[132.69938,34.84454],[132.70143,34.84608],[132.70235,34.84742],[132.70351,34.84751],[132.70434,34.84836],[132.70549,34.848],[132.70709,34.84839],[132.71036,34.84996],[132.71305,34.84721],[132.71484,34.84458],[132.71601,34.84412],[132.72008,34.84403],[132.72106,34.8433],[132.72136,34.83899],[132.7218,34.83732],[132.72287,34.83594],[132.72328,34.83391],[132.72084,34.82989],[132.71347,34.82782],[132.70515,34.82878],[132.70072,34.82818],[132.69881,34.82592],[132.69798,34.82378],[132.69663,34.82194],[132.69622,34.8203],[132.6952,34.81901],[132.69536,34.81782],[132.69693,34.81608],[132.70256,34.81485],[132.70531,34.81485],[132.71369,34.81796],[132.71763,34.81643],[132.72458,34.81461],[132.73195,34.81365],[132.73911,34.8121],[132.7493,34.81105],[132.75973,34.808],[132.76285,34.80795],[132.76629,34.80886],[132.76998,34.80753],[132.77976,34.80613],[132.77996,34.8025],[132.78098,34.80163],[132.77962,34.79862],[132.77794,34.79711],[132.77912,34.79538],[132.77797,34.79327],[132.77886,34.79231],[132.77836,34.79122],[132.77987,34.79024],[132.77917,34.78869],[132.77926,34.78578],[132.77864,34.78252],[132.77633,34.7788],[132.77578,34.77613],[132.77599,34.77491],[132.77798,34.77354],[132.77487,34.77144],[132.772,34.77064],[132.77114,34.76954],[132.77092,34.76719],[132.76993,34.76507],[132.7662,34.76211],[132.76614,34.76165],[132.76842,34.76004],[132.77016,34.75979],[132.7703,34.7587],[132.77126,34.75854],[132.76868,34.7577],[132.76839,34.75713],[132.76492,34.75559],[132.76705,34.75354],[132.76726,34.7515],[132.7678,34.75068],[132.76751,34.74907],[132.77076,34.74964],[132.77342,34.74866],[132.77501,34.74902],[132.77616,34.75012],[132.77816,34.75055],[132.78049,34.74915],[132.7839,34.74916],[132.78413,34.7482],[132.7833,34.74684],[132.78531,34.74485],[132.78753,34.74348],[132.78729,34.74276],[132.78837,34.74189],[132.78835,34.74068],[132.78594,34.74045],[132.78497,34.7397],[132.7837,34.73594],[132.78382,34.73073],[132.78301,34.72905],[132.77854,34.72528],[132.77436,34.72314],[132.77341,34.72207],[132.77301,34.71508],[132.77019,34.71081],[132.76927,34.708],[132.7695,34.70177],[132.77376,34.70042],[132.77668,34.69864],[132.77905,34.69905],[132.78473,34.69762],[132.78713,34.69817],[132.79051,34.69657],[132.79471,34.69655],[132.79626,34.69494],[132.8003,34.69437],[132.80694,34.69239],[132.80731,34.69072],[132.8053,34.68413],[132.80386,34.68215],[132.80101,34.68061],[132.79902,34.67758],[132.80016,34.67544],[132.80168,34.67545],[132.80211,34.67314],[132.80043,34.67112],[132.79737,34.67057],[132.79739,34.66952],[132.79548,34.66677],[132.79366,34.66595],[132.79301,34.66433],[132.79293,34.66195],[132.79232,34.66096],[132.79119,34.6603],[132.78677,34.66042],[132.78559,34.6598],[132.78328,34.6489],[132.7844,34.64438],[132.78259,34.64073],[132.78104,34.63992],[132.78595,34.63572],[132.79262,34.63196],[132.79753,34.63156],[132.79775,34.62901],[132.79713,34.626],[132.79776,34.6235],[132.79878,34.62201],[132.79548,34.61999],[132.79526,34.61849],[132.79287,34.61488],[132.7926,34.61388],[132.79324,34.61215],[132.7929,34.61088],[132.79348,34.60971],[132.79245,34.60678],[132.79142,34.6055],[132.79187,34.60484],[132.7882,34.60264],[132.78742,34.60029],[132.78411,34.59717],[132.78485,34.59437],[132.78439,34.59367],[132.78436,34.59122],[132.78373,34.58901],[132.78406,34.58698],[132.78507,34.58549],[132.78443,34.58425],[132.78513,34.58315],[132.78453,34.5827],[132.7836,34.58016],[132.7788,34.57962],[132.777,34.57869],[132.77619,34.57742],[132.77459,34.57677],[132.77314,34.57694],[132.7719,34.57596],[132.76694,34.57566],[132.76491,34.57473],[132.763,34.57621],[132.75871,34.57453],[132.75357,34.5744],[132.75301,34.57338],[132.74688,34.5705],[132.74653,34.56898],[132.74527,34.56832],[132.7461,34.56583],[132.74498,34.5647],[132.74363,34.56419],[132.74131,34.56131],[132.73732,34.55891],[132.73608,34.55746],[132.73215,34.55693],[132.7269,34.55843],[132.72459,34.55466],[132.72126,34.55312],[132.71751,34.55515],[132.71662,34.55342],[132.71567,34.55315],[132.71324,34.55383],[132.71248,34.55467],[132.7099,34.55453],[132.70809,34.55286],[132.70792,34.55149],[132.70721,34.55097],[132.7061,34.55098],[132.70391,34.55005],[132.7031,34.55056],[132.70031,34.54875],[132.69948,34.54695],[132.70057,34.54567],[132.70046,34.54504],[132.70186,34.54433],[132.70175,34.54319],[132.7005,34.54246],[132.70098,34.53963],[132.70047,34.53666],[132.69628,34.53589],[132.6942,34.53455],[132.6942,34.53232],[132.69361,34.53045],[132.69248,34.53066],[132.69059,34.53258],[132.69147,34.53459],[132.69115,34.53631],[132.69143,34.53876],[132.68784,34.5418],[132.69032,34.54346],[132.69114,34.54454],[132.68869,34.54707],[132.69003,34.5488],[132.69094,34.55123],[132.69162,34.55155],[132.6905,34.55468],[132.68873,34.55549],[132.68744,34.55671],[132.68881,34.55891],[132.69048,34.55869],[132.69173,34.55986],[132.69386,34.55999],[132.69381,34.56125],[132.69172,34.56194],[132.68941,34.56374],[132.68757,34.56424],[132.68518,34.5673],[132.68406,34.56747],[132.68384,34.56855],[132.68549,34.57208],[132.68873,34.57484],[132.68747,34.57621],[132.68758,34.57666],[132.68963,34.57785],[132.69135,34.58053],[132.69179,34.58028],[132.69204,34.58153],[132.69384,34.58391],[132.69191,34.5877],[132.69229,34.5887],[132.69349,34.58927],[132.69168,34.59164],[132.68279,34.59975],[132.67931,34.60382],[132.67729,34.60401],[132.6745,34.60258],[132.67137,34.6043],[132.67019,34.60439],[132.67248,34.60881],[132.67434,34.60948],[132.67434,34.61026],[132.67369,34.61094],[132.67198,34.61139],[132.67025,34.61101],[132.66942,34.60827],[132.6679,34.60675],[132.6647,34.60713],[132.663,34.60539],[132.66073,34.60412],[132.65977,34.60102],[132.65637,34.60105],[132.65483,34.60188],[132.65425,34.60161],[132.6525,34.602],[132.6503,34.60098],[132.64832,34.60083],[132.64669,34.60114],[132.64579,34.60204],[132.64511,34.60196],[132.64092,34.60066],[132.63619,34.59828],[132.6355,34.59734],[132.63569,34.5966],[132.63385,34.59579],[132.63241,34.59693],[132.62822,34.59862],[132.62495,34.59857],[132.62407,34.59995],[132.62172,34.59958],[132.61916,34.59841],[132.61736,34.59962],[132.61466,34.60021],[132.6135,34.60111],[132.61202,34.60019],[132.60982,34.59677],[132.60821,34.59566],[132.60756,34.59313],[132.61057,34.59172],[132.61018,34.59068],[132.60857,34.58934],[132.60821,34.58836],[132.60856,34.58724],[132.60797,34.58605],[132.60635,34.58631],[132.60481,34.58532],[132.60347,34.58589],[132.59839,34.58208],[132.59706,34.58343],[132.59673,34.58485],[132.59576,34.58531],[132.59056,34.58198],[132.5902,34.58137],[132.59107,34.58046],[132.59059,34.57813],[132.59146,34.57646],[132.59107,34.57555],[132.58918,34.57432],[132.5866,34.57051],[132.58408,34.56886],[132.58304,34.56911],[132.58194,34.56868],[132.58196,34.56728],[132.57791,34.56415],[132.57643,34.56404],[132.57562,34.56328],[132.57371,34.56308],[132.57295,34.5636],[132.57333,34.56414],[132.57274,34.56461],[132.57307,34.56588],[132.57167,34.56669],[132.57212,34.56769],[132.57069,34.56855],[132.57068,34.56952],[132.57002,34.56993],[132.57037,34.57069],[132.56946,34.57141],[132.56929,34.57262],[132.56813,34.57175],[132.56678,34.57277],[132.56475,34.57291],[132.56447,34.5738],[132.56174,34.5764],[132.55985,34.57712],[132.55651,34.57655],[132.55067,34.57824],[132.54951,34.57989],[132.54474,34.5827],[132.54471,34.58325],[132.544,34.58365]]]}},{"type":"Feature","properties":{"id":"muni-34215","name":"江田島市"},"geometry":{"type":"MultiPolygon","coordinates":[[[[132.42234,34.13468],[132.41961,34.13091],[132.4186,34.13033],[132.41855,34.12926],[132.41599,34.13051],[132.41694,34.1329],[132.41848,34.13328],[132.41895,34.13417],[132.41912,34.1338],[132.42062,34.13378],[132.42211,34.13503],[132.42234,34.13468]]],[[[132.41843,34.13439],[132.41851,34.13512],[132.41886,34.13443],[132.41843,34.13439]]],[[[132.38553,34.17744],[132.3866,34.17613],[132.38759,34.17604],[132.38775,34.17515],[132.38903,34.17477],[132.39178,34.1756],[132.39347,34.17398],[132.395,34.17429],[132.39607,34.17374],[132.39605,34.17178],[132.39471,34.17052],[132.39613,34.17173],[132.39784,34.1706],[132.40012,34.17051],[132.40095,34.17206],[132.40232,34.17312],[132.40314,34.17182],[132.4031,34.16927],[132.40412,34.16877],[132.40564,34.16885],[132.40684,34.16773],[132.40849,34.16772],[132.4131,34.16973],[132.41231,34.16847],[132.41066,34.16768],[132.41059,34.16684],[132.412,34.16661],[132.41196,34.16586],[132.41414,34.16422],[132.41432,34.16316],[132.41381,34.16271],[132.41424,34.15983],[132.41692,34.15852],[132.41717,34.15745],[132.41675,34.15648],[132.41599,34.15609],[132.41365,34.15083],[132.41183,34.14976],[132.41002,34.14984],[132.40905,34.14901],[132.40608,34.14926],[132.40515,34.14775],[132.40472,34.14838],[132.40314,34.14851],[132.40282,34.14745],[132.4016,34.14697],[132.40051,34.14796],[132.39913,34.14792],[132.39822,34.14659],[132.39725,34.14669],[132.39508,34.14853],[132.39342,34.14852],[132.39298,34.14925],[132.39061,34.1502],[132.38973,34.15023],[132.38919,34.14944],[132.38835,34.15004],[132.38751,34.14965],[132.38775,34.15237],[132.3874,34.1524],[132.38697,34.15421],[132.38639,34.15441],[132.38643,34.15517],[132.38429,34.15676],[132.38337,34.15651],[132.38362,34.15804],[132.38314,34.15924],[132.38371,34.16026],[132.38348,34.16407],[132.38404,34.16634],[132.38357,34.16903],[132.38185,34.17143],[132.38248,34.17238],[132.38194,34.17346],[132.38225,34.1749],[132.38319,34.1768],[132.38553,34.17744]]],[[[132.48212,34.17689],[132.48286,34.17545],[132.48276,34.17382],[132.4822,34.17577],[132.48212,34.17689]]],[[[132.37635,34.25402],[132.37567,34.25347],[132.37483,34.25379],[132.3742,34.25488],[132.37463,34.25623],[132.37187,34.25834],[132.37395,34.25907],[132.3744,34.25988],[132.37591,34.26062],[132.37565,34.26281],[132.37725,34.26461],[132.37813,34.26348],[132.37681,34.26194],[132.3773,34.26081],[132.37935,34.25887],[132.38142,34.25883],[132.38175,34.25876],[132.38024,34.25878],[132.38023,34.25796],[132.38144,34.25785],[132.3799,34.25794],[132.38034,34.25641],[132.38052,34.25713],[132.38037,34.25733],[132.38043,34.25759],[132.38129,34.25702],[132.38136,34.25747],[132.38193,34.25701],[132.3824,34.25696],[132.3824,34.25739],[132.38246,34.25707],[132.38382,34.25709],[132.38421,34.25849],[132.38185,34.25902],[132.38594,34.25842],[132.38698,34.25878],[132.38717,34.26034],[132.38935,34.26083],[132.39314,34.26088],[132.39809,34.26007],[132.39826,34.26063],[132.39947,34.26057],[132.3984,34.26058],[132.39815,34.25996],[132.39862,34.26004],[132.39868,34.25947],[132.39986,34.25985],[132.4006,34.25953],[132.40065,34.26019],[132.40095,34.25989],[132.40231,34.26036],[132.40288,34.25986],[132.40302,34.26022],[132.40407,34.26015],[132.40314,34.25984],[132.40435,34.25993],[132.40442,34.25948],[132.40551,34.25941],[132.40554,34.25996],[132.40563,34.25996],[132.40585,34.25941],[132.40592,34.25995],[132.40589,34.25941],[132.40634,34.25939],[132.40718,34.26063],[132.40632,34.25935],[132.40546,34.25939],[132.4054,34.25844],[132.40729,34.25904],[132.40746,34.25972],[132.40816,34.25941],[132.40819,34.25984],[132.40823,34.25904],[132.40841,34.25971],[132.40952,34.25876],[132.41169,34.25892],[132.41237,34.25925],[132.41217,34.25962],[132.41246,34.25916],[132.41323,34.25953],[132.4131,34.25998],[132.41228,34.25981],[132.41258,34.26029],[132.41391,34.26005],[132.41385,34.25971],[132.41431,34.26034],[132.4137,34.2594],[132.41397,34.25916],[132.41421,34.25941],[132.41732,34.25815],[132.41978,34.25812],[132.42195,34.25684],[132.4219,34.25698],[132.42219,34.25732],[132.42228,34.25733],[132.42196,34.25704],[132.42252,34.25713],[132.42203,34.2568],[132.42451,34.25563],[132.4253,34.25466],[132.42582,34.25217],[132.42684,34.25109],[132.42704,34.24998],[132.42885,34.24815],[132.42921,34.24481],[132.43006,34.24353],[132.43081,34.24327],[132.43146,34.24213],[132.43109,34.24185],[132.43301,34.23947],[132.43347,34.2396],[132.43446,34.23692],[132.43511,34.23694],[132.43499,34.23728],[132.43552,34.23696],[132.43576,34.23612],[132.4346,34.23609],[132.43479,34.23545],[132.43526,34.23554],[132.43494,34.23529],[132.43557,34.23495],[132.43569,34.23518],[132.43713,34.23636],[132.4364,34.23703],[132.4372,34.23636],[132.43561,34.23493],[132.43614,34.23479],[132.43673,34.23552],[132.43647,34.23502],[132.437,34.23548],[132.43724,34.235],[132.43792,34.23528],[132.43858,34.23457],[132.438,34.23509],[132.43833,34.23439],[132.43773,34.23502],[132.43703,34.23456],[132.43751,34.23368],[132.43827,34.23353],[132.4388,34.23319],[132.43798,34.23343],[132.43828,34.23283],[132.43763,34.23335],[132.43792,34.23249],[132.43825,34.2326],[132.43828,34.23254],[132.43793,34.23213],[132.43888,34.23283],[132.43819,34.23206],[132.43702,34.23185],[132.43768,34.23172],[132.43725,34.23063],[132.43868,34.23052],[132.43935,34.23005],[132.43796,34.23045],[132.43741,34.22938],[132.43789,34.22899],[132.43925,34.22971],[132.43811,34.22879],[132.43936,34.22806],[132.43855,34.2277],[132.43911,34.22744],[132.43834,34.22594],[132.43898,34.22503],[132.44081,34.22434],[132.44138,34.22521],[132.44185,34.2246],[132.44316,34.22457],[132.44188,34.22439],[132.44186,34.2238],[132.4425,34.22398],[132.44228,34.22364],[132.44278,34.22335],[132.44325,34.22392],[132.44407,34.22397],[132.44398,34.22458],[132.44412,34.22397],[132.44479,34.22402],[132.44465,34.22482],[132.44488,34.22484],[132.44505,34.2229],[132.44902,34.22403],[132.45064,34.22509],[132.45052,34.22568],[132.44998,34.22549],[132.4505,34.22569],[132.44989,34.22687],[132.44942,34.22691],[132.4499,34.2276],[132.45041,34.22709],[132.45124,34.22805],[132.45042,34.22707],[132.45124,34.22664],[132.4541,34.22679],[132.45385,34.22731],[132.45414,34.22678],[132.45477,34.22677],[132.45677,34.22855],[132.45773,34.23079],[132.4587,34.23003],[132.45859,34.2288],[132.46043,34.22586],[132.46182,34.22202],[132.46257,34.22084],[132.46327,34.22106],[132.46302,34.22042],[132.46227,34.22019],[132.46468,34.21636],[132.46606,34.21522],[132.4667,34.21563],[132.46808,34.21489],[132.46765,34.21438],[132.46829,34.2148],[132.46935,34.21419],[132.46897,34.21365],[132.46985,34.21377],[132.47033,34.21135],[132.4711,34.2113],[132.47033,34.21117],[132.47029,34.21004],[132.47126,34.21],[132.47028,34.2099],[132.47031,34.20912],[132.47424,34.20847],[132.47492,34.21191],[132.47474,34.21346],[132.47639,34.2162],[132.47641,34.21679],[132.47608,34.21673],[132.47641,34.21682],[132.47657,34.2205],[132.47759,34.22202],[132.47802,34.22187],[132.47761,34.22204],[132.4785,34.22385],[132.47814,34.22465],[132.47883,34.22471],[132.47953,34.22712],[132.47902,34.22912],[132.47981,34.22903],[132.47943,34.2291],[132.47929,34.23065],[132.47978,34.23063],[132.47982,34.23173],[132.47884,34.2318],[132.4786,34.23211],[132.47949,34.23191],[132.47943,34.23252],[132.47798,34.23236],[132.47701,34.23492],[132.47824,34.2353],[132.4778,34.23621],[132.47713,34.23607],[132.47696,34.23651],[132.47716,34.23611],[132.47776,34.23628],[132.47727,34.23746],[132.47612,34.23739],[132.4745,34.23819],[132.47262,34.24111],[132.47288,34.24205],[132.47186,34.24331],[132.47132,34.24308],[132.4718,34.24337],[132.47088,34.24452],[132.46983,34.24526],[132.46954,34.24501],[132.4687,34.24484],[132.46848,34.2449],[132.46784,34.24538],[132.46866,34.24487],[132.46981,34.2453],[132.46923,34.24603],[132.46881,34.24579],[132.4692,34.24608],[132.46884,34.24655],[132.46655,34.24618],[132.46547,34.24763],[132.46511,34.2474],[132.46509,34.24837],[132.46446,34.24842],[132.46383,34.24871],[132.46431,34.24882],[132.46533,34.24825],[132.46573,34.24851],[132.4653,34.24899],[132.46503,34.24877],[132.46412,34.24946],[132.46334,34.24914],[132.46176,34.24948],[132.46121,34.24989],[132.46332,34.24918],[132.46369,34.24968],[132.46151,34.25031],[132.46209,34.251],[132.46072,34.2501],[132.46017,34.25014],[132.4611,34.25041],[132.4598,34.25182],[132.45935,34.25178],[132.459,34.25218],[132.45939,34.25182],[132.46088,34.25207],[132.45975,34.25299],[132.45931,34.25273],[132.46,34.2532],[132.45929,34.25394],[132.45948,34.25356],[132.45891,34.25345],[132.45751,34.25437],[132.45724,34.25522],[132.45659,34.25536],[132.45688,34.25554],[132.45612,34.25678],[132.45175,34.25507],[132.45119,34.25363],[132.45125,34.24826],[132.45035,34.24703],[132.44896,34.24711],[132.44842,34.24764],[132.44629,34.24686],[132.44747,34.24663],[132.44627,34.24683],[132.44476,34.2457],[132.44011,34.24546],[132.4387,34.24679],[132.43564,34.24745],[132.43324,34.25012],[132.43275,34.25388],[132.43881,34.25785],[132.43936,34.25985],[132.44024,34.2595],[132.44095,34.26075],[132.443,34.26118],[132.44275,34.26195],[132.44342,34.26195],[132.44433,34.2629],[132.44425,34.26377],[132.44556,34.26549],[132.44583,34.26674],[132.44511,34.26764],[132.44538,34.26904],[132.44439,34.26958],[132.44404,34.27034],[132.4416,34.2713],[132.44083,34.27113],[132.44071,34.27237],[132.43913,34.27437],[132.43824,34.27474],[132.43672,34.2744],[132.43605,34.27524],[132.43609,34.27593],[132.43493,34.27732],[132.43498,34.2786],[132.43421,34.2795],[132.43574,34.28327],[132.43537,34.28466],[132.43422,34.28599],[132.43583,34.2855],[132.4364,34.28656],[132.43733,34.28711],[132.43701,34.28678],[132.43782,34.28611],[132.43715,34.28609],[132.43732,34.28576],[132.43934,34.28609],[132.44018,34.2869],[132.44036,34.28793],[132.44091,34.28798],[132.44132,34.28908],[132.44197,34.28922],[132.44286,34.28789],[132.44776,34.28465],[132.45007,34.2846],[132.45053,34.28504],[132.45124,34.28423],[132.45062,34.28512],[132.45153,34.28573],[132.45146,34.28672],[132.45201,34.28707],[132.45784,34.28698],[132.46026,34.28778],[132.46045,34.2872],[132.46045,34.28772],[132.4624,34.28739],[132.46427,34.2877],[132.46461,34.28727],[132.46682,34.28736],[132.46781,34.28687],[132.4715,34.28703],[132.47195,34.28646],[132.47317,34.28702],[132.47366,34.28631],[132.47315,34.28698],[132.47196,34.28642],[132.47291,34.28499],[132.47419,34.28559],[132.47422,34.28554],[132.47292,34.28494],[132.4736,34.28462],[132.47324,34.28449],[132.47356,34.28398],[132.47391,34.2842],[132.47376,34.28357],[132.47541,34.28375],[132.47465,34.28434],[132.47711,34.285],[132.47781,34.28351],[132.47784,34.28489],[132.47936,34.28544],[132.48004,34.28472],[132.48112,34.28678],[132.4805,34.28753],[132.48124,34.28825],[132.48101,34.28883],[132.48069,34.28879],[132.48061,34.28837],[132.48017,34.28812],[132.48056,34.2884],[132.48053,34.2894],[132.48009,34.29091],[132.47928,34.29149],[132.47937,34.29395],[132.47865,34.29437],[132.47769,34.294],[132.47766,34.29468],[132.47849,34.29498],[132.4782,34.29617],[132.47972,34.29623],[132.47955,34.29499],[132.48024,34.29456],[132.4799,34.29414],[132.48106,34.29308],[132.48048,34.293],[132.48009,34.292],[132.48105,34.29082],[132.48206,34.28801],[132.48307,34.28826],[132.48294,34.28762],[132.48474,34.28667],[132.4861,34.28442],[132.48679,34.28432],[132.48735,34.28357],[132.48878,34.28376],[132.48949,34.28331],[132.48907,34.28147],[132.49105,34.28047],[132.49131,34.28091],[132.49122,34.27969],[132.49363,34.27735],[132.49438,34.27548],[132.49662,34.27337],[132.49627,34.27254],[132.49698,34.26974],[132.4986,34.2685],[132.49885,34.26715],[132.49726,34.26396],[132.4974,34.26307],[132.49638,34.26229],[132.49684,34.26206],[132.496,34.262],[132.49555,34.26027],[132.49617,34.26047],[132.49658,34.25868],[132.49756,34.25885],[132.49659,34.25866],[132.49619,34.25711],[132.49722,34.25661],[132.49715,34.25633],[132.49634,34.25699],[132.49596,34.25592],[132.49686,34.25545],[132.49706,34.25596],[132.49674,34.25472],[132.49631,34.25479],[132.49603,34.25401],[132.49748,34.25384],[132.49601,34.25397],[132.49586,34.25354],[132.49718,34.2531],[132.49626,34.25334],[132.49696,34.25301],[132.49632,34.25302],[132.49585,34.25351],[132.4952,34.2528],[132.49654,34.25131],[132.49759,34.25151],[132.49654,34.2513],[132.4954,34.25255],[132.49356,34.25136],[132.4941,34.25052],[132.49388,34.25022],[132.49316,34.25192],[132.49259,34.25144],[132.49317,34.25088],[132.49274,34.25054],[132.49306,34.25032],[132.49212,34.25085],[132.49281,34.25008],[132.49221,34.24999],[132.49343,34.24939],[132.49492,34.25008],[132.49343,34.24935],[132.49296,34.24853],[132.49335,34.24833],[132.49277,34.24819],[132.4932,34.24808],[132.49292,34.24757],[132.49096,34.24816],[132.49159,34.24767],[132.49084,34.24778],[132.49135,34.24755],[132.49083,34.24715],[132.49147,34.24718],[132.49081,34.24694],[132.49158,34.24694],[132.49126,34.24672],[132.49172,34.2468],[132.49158,34.24621],[132.49314,34.24578],[132.49312,34.24458],[132.49188,34.2444],[132.49245,34.24333],[132.49382,34.2436],[132.49423,34.24174],[132.49764,34.24241],[132.49637,34.24044],[132.49659,34.23941],[132.49584,34.23782],[132.49507,34.23849],[132.49367,34.23753],[132.49352,34.23529],[132.49527,34.23493],[132.49587,34.23218],[132.49347,34.23096],[132.49396,34.23027],[132.49399,34.22902],[132.49335,34.23119],[132.49273,34.23075],[132.49331,34.23078],[132.49166,34.22847],[132.494,34.22853],[132.49165,34.2284],[132.49094,34.22488],[132.49132,34.22484],[132.49138,34.22383],[132.49099,34.2238],[132.4915,34.22367],[132.4907,34.22143],[132.48931,34.21961],[132.4898,34.21673],[132.48915,34.20906],[132.49002,34.20688],[132.48973,34.20556],[132.4902,34.20387],[132.48967,34.20221],[132.48909,34.20209],[132.48863,34.20124],[132.48721,34.20124],[132.48609,34.19977],[132.48553,34.20003],[132.48583,34.20038],[132.485,34.20068],[132.48227,34.19943],[132.48097,34.1972],[132.48187,34.19687],[132.48183,34.19679],[132.48095,34.19716],[132.48018,34.19584],[132.48063,34.19428],[132.48073,34.19479],[132.48086,34.19477],[132.48059,34.19372],[132.48046,34.19374],[132.4802,34.19522],[132.47959,34.19178],[132.4769,34.19534],[132.47415,34.19552],[132.47336,34.19461],[132.47403,34.19453],[132.47332,34.19455],[132.47369,34.19383],[132.47301,34.19374],[132.47338,34.19269],[132.4728,34.19248],[132.47328,34.19217],[132.47284,34.19164],[132.47377,34.19181],[132.47489,34.19001],[132.4733,34.19005],[132.47457,34.18928],[132.47304,34.18838],[132.47343,34.18824],[132.47306,34.18747],[132.47341,34.18683],[132.47237,34.18691],[132.47296,34.18655],[132.47235,34.18506],[132.47236,34.18271],[132.47206,34.18312],[132.47203,34.18243],[132.47169,34.18252],[132.47334,34.18193],[132.47254,34.18201],[132.47259,34.1801],[132.47205,34.17959],[132.47335,34.17876],[132.47463,34.1791],[132.47335,34.17871],[132.47203,34.17957],[132.47132,34.1789],[132.47337,34.1777],[132.47549,34.17788],[132.47569,34.17807],[132.47494,34.17863],[132.47489,34.17889],[132.47538,34.17836],[132.47654,34.17908],[132.47676,34.17829],[132.47774,34.17849],[132.47712,34.1776],[132.47776,34.17668],[132.47725,34.17632],[132.47964,34.1749],[132.47987,34.17396],[132.48038,34.17399],[132.47987,34.17392],[132.47924,34.17216],[132.48042,34.1704],[132.47993,34.17018],[132.48094,34.17051],[132.48324,34.16983],[132.4817,34.17024],[132.48122,34.16892],[132.48073,34.16901],[132.48072,34.16895],[132.48416,34.16801],[132.48378,34.16588],[132.48411,34.16418],[132.48528,34.1635],[132.48543,34.16287],[132.4851,34.16281],[132.48631,34.16101],[132.48809,34.16035],[132.48954,34.15531],[132.49001,34.15484],[132.49166,34.15514],[132.49008,34.15478],[132.48926,34.15215],[132.48956,34.15196],[132.48919,34.15182],[132.4895,34.15077],[132.48993,34.15063],[132.49012,34.1511],[132.49073,34.15067],[132.49061,34.1494],[132.48735,34.14837],[132.48697,34.14728],[132.48712,34.14661],[132.48839,34.14716],[132.48893,34.14651],[132.48948,34.14664],[132.48955,34.14618],[132.48815,34.14627],[132.48742,34.1458],[132.48745,34.14486],[132.48685,34.1451],[132.4862,34.14469],[132.48638,34.14314],[132.48699,34.14241],[132.48931,34.14341],[132.48985,34.14237],[132.48905,34.14138],[132.48702,34.14195],[132.48541,34.14164],[132.48566,34.14183],[132.48512,34.14248],[132.4841,34.14261],[132.48464,34.14301],[132.48349,34.1441],[132.48212,34.14489],[132.48167,34.14485],[132.48172,34.14423],[132.48166,34.14408],[132.48155,34.1449],[132.47937,34.14329],[132.47762,34.14329],[132.47732,34.14239],[132.4752,34.14073],[132.472,34.14007],[132.47035,34.13797],[132.4703,34.13891],[132.46903,34.1395],[132.4682,34.13942],[132.46739,34.1382],[132.46621,34.13825],[132.46568,34.137],[132.46372,34.13758],[132.46202,34.13498],[132.46033,34.13493],[132.4607,34.13428],[132.46035,34.1339],[132.45808,34.13525],[132.45581,34.13394],[132.45555,34.13434],[132.4539,34.13396],[132.45212,34.1357],[132.45054,34.13506],[132.44922,34.13647],[132.44838,34.13521],[132.44655,34.13404],[132.44607,34.13232],[132.445,34.13277],[132.44602,34.13789],[132.44569,34.1377],[132.44676,34.13917],[132.44646,34.13935],[132.44678,34.1392],[132.44682,34.13925],[132.44668,34.13978],[132.44585,34.14007],[132.44286,34.13505],[132.44258,34.13578],[132.44151,34.13599],[132.44056,34.13517],[132.44012,34.13389],[132.43816,34.13325],[132.43789,34.13226],[132.43748,34.13268],[132.43557,34.13284],[132.4345,34.13244],[132.43131,34.12918],[132.43024,34.12864],[132.42976,34.12889],[132.43124,34.13062],[132.43123,34.13213],[132.43183,34.13223],[132.43205,34.13318],[132.43305,34.13367],[132.43311,34.13484],[132.4338,34.13539],[132.4336,34.13615],[132.4353,34.13723],[132.43584,34.13708],[132.43807,34.13983],[132.43716,34.14177],[132.43752,34.14209],[132.4373,34.14284],[132.43807,34.14315],[132.43848,34.14493],[132.44158,34.14652],[132.44214,34.14751],[132.44278,34.14741],[132.44249,34.1486],[132.44394,34.15089],[132.44544,34.15228],[132.44455,34.15208],[132.44302,34.15386],[132.4416,34.15177],[132.43431,34.14949],[132.43251,34.14819],[132.43168,34.14825],[132.42981,34.14635],[132.42943,34.14734],[132.43014,34.14795],[132.43016,34.14869],[132.42819,34.15075],[132.42742,34.15068],[132.42757,34.15152],[132.42825,34.15171],[132.42802,34.15229],[132.42848,34.15201],[132.42926,34.15249],[132.42952,34.15214],[132.43078,34.15211],[132.4312,34.1523],[132.43046,34.15213],[132.43071,34.15332],[132.43015,34.15416],[132.42899,34.15355],[132.42939,34.15384],[132.42909,34.15446],[132.43087,34.15475],[132.43182,34.15595],[132.43275,34.15527],[132.43476,34.15599],[132.43489,34.15683],[132.43722,34.1583],[132.43725,34.15997],[132.43917,34.16068],[132.44095,34.15978],[132.43988,34.16012],[132.43899,34.15827],[132.43858,34.15844],[132.43893,34.15662],[132.44049,34.15584],[132.4414,34.156],[132.44095,34.15549],[132.4413,34.1552],[132.44241,34.15539],[132.44068,34.15435],[132.44137,34.15283],[132.44367,34.1548],[132.44424,34.15458],[132.44495,34.15552],[132.44365,34.15523],[132.44303,34.15708],[132.44496,34.1589],[132.44653,34.16215],[132.44628,34.16293],[132.44547,34.16337],[132.44567,34.16526],[132.44609,34.16568],[132.4455,34.16662],[132.44616,34.16568],[132.44571,34.1651],[132.44612,34.16429],[132.448,34.16508],[132.44732,34.16558],[132.44847,34.16713],[132.44792,34.16717],[132.44721,34.16788],[132.44625,34.16794],[132.44723,34.16792],[132.44794,34.16721],[132.44961,34.16743],[132.44909,34.16877],[132.4487,34.16864],[132.44899,34.1677],[132.44591,34.16939],[132.44506,34.16876],[132.44512,34.16812],[132.44359,34.16962],[132.44472,34.17142],[132.44449,34.17404],[132.44568,34.17694],[132.44486,34.17919],[132.44555,34.17861],[132.44708,34.18006],[132.44756,34.17985],[132.44695,34.17967],[132.44697,34.17922],[132.45116,34.1809],[132.45098,34.17817],[132.45269,34.17764],[132.45301,34.17784],[132.45255,34.17801],[132.45325,34.17794],[132.45316,34.17833],[132.45363,34.17772],[132.45501,34.17836],[132.45574,34.17747],[132.45608,34.17549],[132.45714,34.17614],[132.4572,34.17793],[132.45669,34.17891],[132.45583,34.17876],[132.45612,34.1794],[132.45557,34.18022],[132.45452,34.18059],[132.45432,34.18209],[132.45363,34.18207],[132.45383,34.18231],[132.45296,34.18288],[132.45114,34.18364],[132.45136,34.18428],[132.45088,34.18371],[132.44743,34.18438],[132.44627,34.18833],[132.44398,34.19003],[132.44227,34.18981],[132.44122,34.19188],[132.44232,34.18985],[132.44397,34.19008],[132.44388,34.19049],[132.44344,34.19042],[132.44308,34.19056],[132.44387,34.19053],[132.44376,34.19094],[132.44277,34.19103],[132.44268,34.19249],[132.44305,34.19283],[132.44254,34.19285],[132.44221,34.19309],[132.44316,34.19287],[132.44277,34.19384],[132.44218,34.19379],[132.44253,34.19398],[132.44219,34.19416],[132.4433,34.19404],[132.44269,34.19493],[132.44226,34.1944],[132.44279,34.19538],[132.44277,34.19588],[132.44264,34.19548],[132.44061,34.19555],[132.44044,34.19518],[132.44045,34.19556],[132.43897,34.19581],[132.43619,34.19509],[132.43574,34.19456],[132.4357,34.19374],[132.43707,34.19381],[132.43548,34.19367],[132.43532,34.19168],[132.43581,34.19113],[132.43512,34.1888],[132.43573,34.18794],[132.43549,34.1875],[132.43586,34.18765],[132.43662,34.18748],[132.43547,34.18747],[132.43456,34.18683],[132.43408,34.18496],[132.43417,34.18419],[132.43461,34.18433],[132.43464,34.18419],[132.43417,34.18417],[132.43414,34.18316],[132.43473,34.1836],[132.43298,34.17856],[132.43363,34.17831],[132.43388,34.17884],[132.43402,34.17879],[132.43333,34.17746],[132.43359,34.17825],[132.43296,34.17849],[132.43268,34.17724],[132.43178,34.17625],[132.43226,34.17627],[132.43198,34.17588],[132.43175,34.1762],[132.4315,34.17565],[132.43056,34.17554],[132.43028,34.17461],[132.42895,34.17328],[132.42915,34.17742],[132.42845,34.17747],[132.4282,34.17886],[132.42695,34.18035],[132.42268,34.18062],[132.42233,34.18097],[132.42304,34.18557],[132.42155,34.18546],[132.42155,34.1856],[132.42304,34.18563],[132.42312,34.19233],[132.42041,34.19791],[132.41886,34.19885],[132.4189,34.19871],[132.41666,34.19753],[132.41528,34.19934],[132.41668,34.19758],[132.41755,34.19803],[132.41587,34.1999],[132.4153,34.19985],[132.41567,34.20005],[132.41517,34.20073],[132.41439,34.20071],[132.41503,34.19963],[132.41274,34.20213],[132.41036,34.2033],[132.40968,34.20249],[132.41034,34.20334],[132.4092,34.20308],[132.4094,34.20343],[132.40859,34.20337],[132.40899,34.20373],[132.40841,34.20424],[132.40814,34.20386],[132.40832,34.20424],[132.40728,34.20442],[132.40714,34.20383],[132.40805,34.20351],[132.4086,34.202],[132.40829,34.20209],[132.40799,34.20349],[132.40708,34.2038],[132.40539,34.20651],[132.39596,34.21529],[132.3954,34.2148],[132.39594,34.21533],[132.39517,34.21668],[132.39448,34.21621],[132.39479,34.21532],[132.39385,34.21682],[132.39447,34.21627],[132.39485,34.21665],[132.39445,34.21715],[132.39411,34.21696],[132.39461,34.21732],[132.39272,34.21863],[132.39086,34.22116],[132.38886,34.22247],[132.38914,34.22271],[132.38878,34.22317],[132.38609,34.22509],[132.3854,34.22514],[132.38556,34.2256],[132.38446,34.22654],[132.38431,34.22813],[132.38523,34.2291],[132.38517,34.23012],[132.38691,34.23004],[132.38754,34.23043],[132.38781,34.23103],[132.38818,34.23121],[132.38767,34.23054],[132.38812,34.23081],[132.38804,34.23048],[132.38856,34.23066],[132.38913,34.2302],[132.38961,34.23147],[132.38975,34.23401],[132.38914,34.23494],[132.38938,34.23622],[132.38893,34.23677],[132.38937,34.23736],[132.38794,34.23912],[132.38877,34.23949],[132.38878,34.24035],[132.38839,34.24139],[132.38563,34.24462],[132.38604,34.2458],[132.38446,34.24904],[132.38184,34.25142],[132.38122,34.25174],[132.38089,34.25165],[132.38044,34.25182],[132.38071,34.25211],[132.37997,34.25261],[132.37903,34.25252],[132.37769,34.25293],[132.37999,34.25264],[132.38068,34.25223],[132.38076,34.25211],[132.38051,34.25184],[132.3809,34.25169],[132.38142,34.25184],[132.38114,34.25268],[132.37882,34.25361],[132.37856,34.25316],[132.3788,34.25365],[132.37838,34.25398],[132.37635,34.25402]]],[[[132.35525,34.2417],[132.35563,34.24088],[132.35692,34.24073],[132.35813,34.23906],[132.35833,34.23744],[132.35752,34.23571],[132.35602,34.23709],[132.35489,34.23739],[132.35317,34.23969],[132.35356,34.24147],[132.35525,34.2417]]],[[[132.40453,34.27622],[132.40465,34.27646],[132.40467,34.2761],[132.40453,34.27622]]],[[[132.36862,34.2756],[132.36856,34.27523],[132.36816,34.27548],[132.36818,34.27366],[132.36759,34.27326],[132.3668,34.27403],[132.36562,34.2742],[132.36466,34.27346],[132.36335,34.27614],[132.36154,34.27561],[132.36106,34.27644],[132.36377,34.27718],[132.36413,34.27794],[132.36558,34.27754],[132.36611,34.27815],[132.36971,34.27863],[132.37019,34.27992],[132.37186,34.27938],[132.37269,34.27969],[132.37664,34.27825],[132.37763,34.27917],[132.37841,34.27892],[132.37756,34.27797],[132.37899,34.27644],[132.37766,34.2751],[132.37781,34.27456],[132.37709,34.27369],[132.37589,34.27455],[132.37427,34.27393],[132.37319,34.27488],[132.37033,34.27573],[132.36867,34.2756],[132.36934,34.27446],[132.36862,34.2756]]],[[[132.36273,34.29167],[132.36288,34.29049],[132.36388,34.28998],[132.36383,34.28901],[132.36328,34.28842],[132.36367,34.28979],[132.36201,34.29015],[132.36149,34.28898],[132.36066,34.28991],[132.36129,34.29131],[132.36273,34.29167]]]]}},{"type":"Feature","properties":{"id":"muni-34302","name":"府中町"},"geometry":{"type":"Polygon","coordinates":[[[132.49901,34.38594],[132.49934,34.38888],[132.50125,34.39076],[132.49939,34.3917],[132.4956,34.39533],[132.49773,34.39657],[132.49994,34.39943],[132.50235,34.40141],[132.50457,34.40404],[132.50542,34.40361],[132.50663,34.40465],[132.5066,34.40327],[132.50852,34.40343],[132.51492,34.40707],[132.51613,34.40861],[132.51562,34.40978],[132.51696,34.41159],[132.51719,34.41384],[132.51785,34.41396],[132.51827,34.41479],[132.52086,34.4149],[132.52115,34.41562],[132.52446,34.41768],[132.52962,34.41978],[132.53013,34.42107],[132.53121,34.42159],[132.53269,34.42112],[132.53504,34.42118],[132.53805,34.4185],[132.53919,34.41853],[132.54072,34.41781],[132.53976,34.41658],[132.53876,34.41217],[132.53762,34.41122],[132.53546,34.41056],[132.53453,34.4093],[132.5346,34.40862],[132.5328,34.40682],[132.53296,34.40599],[132.5321,34.40469],[132.53292,34.40346],[132.53305,34.40181],[132.53193,34.40007],[132.53087,34.39989],[132.53045,34.39923],[132.53019,34.39842],[132.5312,34.39672],[132.53008,34.39591],[132.52943,34.39441],[132.52832,34.3935],[132.52858,34.3922],[132.52776,34.39066],[132.52809,34.3886],[132.52401,34.38716],[132.5227,34.38497],[132.52079,34.38324],[132.51822,34.38307],[132.51839,34.38118],[132.51486,34.37842],[132.5148,34.378],[132.51568,34.37756],[132.51474,34.37696],[132.51589,34.37688],[132.51623,34.37471],[132.51528,34.37488],[132.51507,34.37549],[132.51282,34.37544],[132.51218,34.3747],[132.51116,34.37497],[132.51069,34.37544],[132.51085,34.37609],[132.51025,34.37634],[132.51041,34.37725],[132.50988,34.37585],[132.50941,34.37608],[132.50912,34.37539],[132.50057,34.37613],[132.50006,34.38253],[132.49901,34.38594]]]}},{"type":"Feature","properties":{"id":"muni-34304","name":"海田町"},"geometry":{"type":"Polygon","coordinates":[[[132.51895,34.35651],[132.51754,34.36188],[132.52381,34.36664],[132.52741,34.36857],[132.5283,34.37202],[132.53018,34.37351],[132.53133,34.37621],[132.53352,34.37673],[132.53628,34.38029],[132.54124,34.38282],[132.54206,34.38278],[132.54263,34.38395],[132.54535,34.38581],[132.54885,34.38569],[132.55047,34.38518],[132.55215,34.38538],[132.55334,34.38503],[132.55459,34.38421],[132.55458,34.38378],[132.55778,34.38512],[132.56077,34.38242],[132.56249,34.38316],[132.5648,34.38185],[132.56725,34.38148],[132.56613,34.37807],[132.56651,34.37753],[132.56621,34.37608],[132.56662,34.37586],[132.56741,34.37565],[132.56824,34.37625],[132.57031,34.37526],[132.57403,34.37517],[132.57734,34.3738],[132.57895,34.37453],[132.57911,34.37394],[132.57887,34.37161],[132.57791,34.37047],[132.57758,34.36802],[132.57619,34.36611],[132.57632,34.36451],[132.57529,34.36226],[132.57587,34.35807],[132.57355,34.35494],[132.57095,34.3543],[132.57049,34.35257],[132.5696,34.35236],[132.56707,34.35019],[132.566,34.3488],[132.56593,34.34787],[132.56529,34.3477],[132.56454,34.34632],[132.56054,34.34321],[132.55764,34.34422],[132.55425,34.34409],[132.55366,34.34696],[132.55229,34.3484],[132.55275,34.34891],[132.55227,34.35045],[132.55024,34.35237],[132.55015,34.35349],[132.54948,34.35434],[132.54976,34.3548],[132.54871,34.35623],[132.54841,34.35764],[132.54623,34.3583],[132.54521,34.35943],[132.54548,34.36059],[132.54652,34.36125],[132.54492,34.3628],[132.54367,34.36488],[132.54195,34.36296],[132.53877,34.36123],[132.53916,34.36049],[132.53853,34.36005],[132.53816,34.3582],[132.53325,34.35974],[132.52805,34.36007],[132.51895,34.35651]]]}},{"type":"Feature","properties":{"id":"muni-34307","name":"熊野町"},"geometry":{"type":"Polygon","coordinates":[[[132.58008,34.31589],[132.57173,34.31871],[132.57126,34.31994],[132.56809,34.31953],[132.56738,34.32153],[132.56679,34.32192],[132.56595,34.3217],[132.56595,34.32208],[132.56668,34.32206],[132.56725,34.32327],[132.56637,34.32361],[132.56577,34.32503],[132.56475,34.32567],[132.56075,34.3234],[132.55826,34.32315],[132.5572,34.32352],[132.55661,34.32299],[132.5563,34.32441],[132.55444,34.32545],[132.55449,34.32623],[132.55374,34.32749],[132.55382,34.32868],[132.55287,34.32934],[132.5525,34.33106],[132.55191,34.33149],[132.55236,34.33348],[132.55136,34.33502],[132.55112,34.33732],[132.5513,34.33947],[132.55231,34.34134],[132.55227,34.34227],[132.554,34.34381],[132.55764,34.34422],[132.56013,34.34317],[132.56116,34.34353],[132.56306,34.34549],[132.56454,34.34632],[132.56529,34.3477],[132.56593,34.34787],[132.566,34.3488],[132.56707,34.35019],[132.5696,34.35236],[132.57049,34.35257],[132.57095,34.3543],[132.57355,34.35494],[132.57577,34.35792],[132.57529,34.36226],[132.57632,34.36451],[132.57619,34.36611],[132.57758,34.36802],[132.57791,34.37047],[132.57887,34.37161],[132.57895,34.37453],[132.57974,34.37504],[132.5813,34.37787],[132.58124,34.38066],[132.58421,34.38027],[132.58519,34.37957],[132.59131,34.3805],[132.59288,34.37968],[132.59379,34.37985],[132.59443,34.3788],[132.59801,34.37841],[132.59969,34.37992],[132.60365,34.37988],[132.60557,34.37928],[132.60688,34.37815],[132.60977,34.37731],[132.61246,34.37566],[132.61355,34.37556],[132.61423,34.37488],[132.61776,34.37559],[132.62036,34.37359],[132.62125,34.37338],[132.62191,34.37383],[132.62292,34.37339],[132.62307,34.37268],[132.62384,34.37234],[132.62381,34.37086],[132.6259,34.36886],[132.62733,34.36501],[132.62941,34.36391],[132.63132,34.36165],[132.63099,34.35869],[132.62992,34.35795],[132.62838,34.35392],[132.62769,34.35316],[132.62698,34.35377],[132.62389,34.35434],[132.62123,34.35257],[132.62071,34.35108],[132.61858,34.35043],[132.61726,34.3494],[132.61688,34.3483],[132.61353,34.34629],[132.61303,34.34382],[132.61204,34.34327],[132.60956,34.34318],[132.60819,34.34225],[132.60829,34.33998],[132.60783,34.33905],[132.60851,34.3376],[132.61186,34.33567],[132.61147,34.33479],[132.61243,34.33304],[132.61213,34.32949],[132.61328,34.32815],[132.61309,34.32699],[132.61216,34.32632],[132.61196,34.32505],[132.61003,34.3243],[132.60925,34.32258],[132.60602,34.32249],[132.6058,34.32207],[132.60612,34.31921],[132.60684,34.31791],[132.60629,34.31461],[132.605,34.31391],[132.60461,34.31296],[132.60339,34.31258],[132.60294,34.31121],[132.60063,34.30951],[132.59988,34.30692],[132.59779,34.30514],[132.59583,34.30499],[132.593,34.30723],[132.59217,34.30906],[132.59034,34.31058],[132.59027,34.31262],[132.58917,34.31502],[132.58377,34.31659],[132.58265,34.31734],[132.58008,34.31589]]]}},{"type":"Feature","properties":{"id":"muni-34309","name":"坂町"},"geometry":{"type":"Polygon","coordinates":[[[132.49893,34.33643],[132.49856,34.33546],[132.49847,34.3353],[132.49827,34.3354],[132.49808,34.33511],[132.49831,34.33503],[132.49821,34.33486],[132.49601,34.33395],[132.49587,34.33334],[132.49596,34.33397],[132.4951,34.33477],[132.49438,34.33491],[132.49354,34.3342],[132.49184,34.3361],[132.49145,34.33871],[132.49219,34.33892],[132.49181,34.33962],[132.49187,34.33964],[132.49275,34.33886],[132.49271,34.33942],[132.49464,34.34093],[132.49394,34.34145],[132.49428,34.34149],[132.49401,34.34255],[132.49531,34.34376],[132.49552,34.346],[132.49682,34.34834],[132.4969,34.35269],[132.49723,34.34849],[132.50203,34.34853],[132.50295,34.3492],[132.50237,34.34944],[132.50272,34.35051],[132.503,34.35065],[132.50257,34.34987],[132.50594,34.34924],[132.50573,34.34871],[132.50768,34.34884],[132.51138,34.34391],[132.51215,34.34444],[132.5139,34.34423],[132.51382,34.34478],[132.51315,34.34471],[132.51384,34.34481],[132.51411,34.34312],[132.51433,34.34315],[132.51436,34.34389],[132.51645,34.34375],[132.51618,34.34445],[132.51648,34.34376],[132.51726,34.34548],[132.51677,34.34502],[132.51404,34.34542],[132.50865,34.35266],[132.51926,34.35662],[132.52068,34.35467],[132.5183,34.35361],[132.51978,34.35215],[132.52285,34.34151],[132.52425,34.34123],[132.52549,34.33963],[132.52533,34.3385],[132.52615,34.33731],[132.52608,34.33662],[132.52788,34.3355],[132.52786,34.33448],[132.52997,34.33378],[132.53039,34.33101],[132.53144,34.32982],[132.53185,34.32644],[132.53282,34.32363],[132.53228,34.31977],[132.53289,34.3189],[132.53469,34.319],[132.53305,34.3179],[132.53331,34.31636],[132.53684,34.31493],[132.53076,34.31332],[132.52942,34.30988],[132.52979,34.30731],[132.52943,34.30588],[132.53023,34.3054],[132.53054,34.30452],[132.53198,34.30437],[132.53258,34.30346],[132.53403,34.30317],[132.53439,34.30222],[132.53129,34.30311],[132.52942,34.30279],[132.52867,34.30346],[132.52673,34.30326],[132.52526,34.30235],[132.52253,34.29947],[132.51893,34.29712],[132.51254,34.29958],[132.50779,34.29673],[132.50748,34.29845],[132.50519,34.30134],[132.50433,34.30082],[132.50417,34.30115],[132.50516,34.30136],[132.50499,34.3018],[132.50548,34.30205],[132.50489,34.30296],[132.50424,34.30266],[132.50334,34.30353],[132.50304,34.30303],[132.50212,34.30292],[132.50106,34.30484],[132.50073,34.30665],[132.5011,34.30698],[132.50052,34.30684],[132.49978,34.3075],[132.50003,34.30794],[132.49869,34.30805],[132.49802,34.30864],[132.49778,34.30913],[132.49836,34.31033],[132.49649,34.31044],[132.4956,34.31271],[132.4975,34.31323],[132.49558,34.31276],[132.4951,34.314],[132.49568,34.31416],[132.49632,34.31453],[132.4951,34.31417],[132.49429,34.31624],[132.49601,34.31716],[132.49661,34.31858],[132.49631,34.31893],[132.49936,34.32354],[132.50006,34.32314],[132.50293,34.32554],[132.50253,34.32586],[132.504,34.328],[132.50397,34.33021],[132.50469,34.33025],[132.50461,34.33099],[132.5038,34.33107],[132.5038,34.33196],[132.50396,34.333],[132.50501,34.33407],[132.50329,34.33666],[132.50384,34.33597],[132.50423,34.33655],[132.50113,34.33811],[132.49991,34.33799],[132.4998,34.33763],[132.49894,34.3373],[132.49972,34.33764],[132.49958,34.33799],[132.4981,34.3369],[132.49806,34.33645],[132.49893,34.33643]]]}},{"type":"Feature","properties":{"id":"muni-34368","name":"安芸太田町"},"geometry":{"type":"Polygon","coordinates":[[[132.25684,34.53167],[132.25174,34.53106],[132.24928,34.5298],[132.24843,34.52851],[132.24809,34.5268],[132.24414,34.52348],[132.24421,34.52206],[132.2427,34.52046],[132.24239,34.51929],[132.24103,34.51867],[132.2394,34.51673],[132.23981,34.51392],[132.2411,34.51296],[132.24114,34.51209],[132.24226,34.51099],[132.242,34.50945],[132.24092,34.50806],[132.23883,34.50756],[132.23512,34.50886],[132.23469,34.50987],[132.23328,34.51107],[132.23011,34.50937],[132.22792,34.50955],[132.22469,34.5108],[132.22246,34.5109],[132.22032,34.51323],[132.21924,34.51316],[132.2185,34.51391],[132.21742,34.51363],[132.21538,34.51465],[132.21268,34.51275],[132.20552,34.50979],[132.20452,34.50838],[132.20481,34.50733],[132.20366,34.50598],[132.2044,34.50503],[132.20393,34.50375],[132.20505,34.50263],[132.20517,34.50168],[132.20352,34.49925],[132.20103,34.49837],[132.1998,34.49841],[132.19726,34.49672],[132.1961,34.49656],[132.19424,34.49684],[132.19337,34.49768],[132.19097,34.49744],[132.19012,34.49828],[132.18864,34.49867],[132.18756,34.5],[132.18776,34.50132],[132.18615,34.5032],[132.18223,34.50573],[132.18151,34.50796],[132.18047,34.50833],[132.18006,34.50929],[132.17908,34.50969],[132.17855,34.51074],[132.1786,34.51291],[132.17647,34.51359],[132.17404,34.51543],[132.17033,34.51734],[132.17096,34.51944],[132.16787,34.52058],[132.16656,34.52285],[132.16677,34.5247],[132.16947,34.52782],[132.17677,34.53321],[132.17783,34.53326],[132.17893,34.53259],[132.179,34.53334],[132.18152,34.53516],[132.18361,34.53804],[132.18465,34.53857],[132.18496,34.5426],[132.18356,34.54299],[132.1794,34.54147],[132.17488,34.5414],[132.174,34.54096],[132.17149,34.54191],[132.17043,34.54192],[132.16868,34.54097],[132.1665,34.54113],[132.1633,34.54258],[132.16262,34.54319],[132.16238,34.5444],[132.15925,34.54636],[132.15591,34.54957],[132.15567,34.55231],[132.15661,34.55399],[132.1544,34.55675],[132.15491,34.55794],[132.15231,34.55975],[132.15036,34.5621],[132.14939,34.56511],[132.14827,34.56498],[132.14704,34.5638],[132.14601,34.56376],[132.14112,34.56541],[132.13981,34.56701],[132.13943,34.56989],[132.13763,34.57276],[132.13588,34.57312],[132.13208,34.57221],[132.12839,34.57599],[132.12817,34.57961],[132.12565,34.58291],[132.12576,34.58372],[132.12439,34.58662],[132.1243,34.58846],[132.12543,34.59023],[132.12765,34.59186],[132.12985,34.59636],[132.13147,34.5984],[132.1177,34.60165],[132.11757,34.60269],[132.11806,34.60358],[132.11722,34.60465],[132.11655,34.60676],[132.117,34.60811],[132.11659,34.60997],[132.11683,34.61126],[132.11628,34.61243],[132.11758,34.61281],[132.11916,34.61545],[132.12145,34.61726],[132.12232,34.61908],[132.12188,34.62188],[132.12325,34.62367],[132.12491,34.62509],[132.12633,34.62548],[132.12671,34.62733],[132.12919,34.62816],[132.13071,34.62922],[132.12999,34.63211],[132.13071,34.63395],[132.12676,34.63889],[132.12764,34.64169],[132.12948,34.64219],[132.13213,34.64429],[132.13347,34.64408],[132.13449,34.6452],[132.13366,34.64818],[132.13713,34.64818],[132.1373,34.64877],[132.13666,34.649],[132.13615,34.64998],[132.13718,34.65203],[132.14037,34.65426],[132.14086,34.65378],[132.14117,34.6519],[132.14322,34.65112],[132.14382,34.6472],[132.14491,34.64682],[132.1451,34.64571],[132.14599,34.64485],[132.14713,34.64462],[132.14812,34.64055],[132.1501,34.64081],[132.15552,34.64338],[132.15682,34.64266],[132.16027,34.64405],[132.16126,34.64212],[132.16257,34.64144],[132.16307,34.64236],[132.16571,34.64261],[132.16885,34.64437],[132.17052,34.64454],[132.17153,34.6441],[132.17512,34.64581],[132.17818,34.64466],[132.17889,34.64369],[132.17884,34.64498],[132.17738,34.64856],[132.17766,34.65022],[132.17626,34.65089],[132.17604,34.65158],[132.17725,34.65304],[132.17775,34.65538],[132.18155,34.6565],[132.18338,34.65872],[132.18293,34.66023],[132.18563,34.66213],[132.185,34.66294],[132.18491,34.66419],[132.18559,34.66559],[132.18717,34.66657],[132.18661,34.66888],[132.18685,34.66951],[132.18912,34.67066],[132.18892,34.67208],[132.18842,34.67254],[132.1891,34.67412],[132.19021,34.67469],[132.19401,34.67505],[132.19472,34.67436],[132.19617,34.67408],[132.19652,34.67326],[132.19812,34.67307],[132.19913,34.67012],[132.20133,34.66996],[132.20206,34.66944],[132.20065,34.6676],[132.20216,34.66508],[132.2035,34.66373],[132.20548,34.66279],[132.20648,34.66264],[132.20728,34.66363],[132.20901,34.66307],[132.21098,34.66387],[132.21211,34.66493],[132.21559,34.66405],[132.21676,34.66524],[132.21732,34.66816],[132.2187,34.66926],[132.22115,34.66923],[132.22172,34.67092],[132.22037,34.67139],[132.21936,34.67248],[132.22243,34.67671],[132.22666,34.68113],[132.22966,34.68012],[132.23108,34.68066],[132.23289,34.6801],[132.23535,34.68041],[132.23675,34.67983],[132.23771,34.6785],[132.23952,34.67851],[132.24114,34.67914],[132.24504,34.67859],[132.24657,34.679],[132.24802,34.67714],[132.24938,34.67731],[132.25088,34.67642],[132.25207,34.67407],[132.25112,34.67171],[132.25168,34.67007],[132.25271,34.66964],[132.25419,34.66983],[132.25812,34.67119],[132.25825,34.66964],[132.25958,34.6661],[132.26106,34.66474],[132.2634,34.66426],[132.26457,34.66234],[132.2677,34.66163],[132.26807,34.66277],[132.26934,34.66348],[132.26879,34.6665],[132.2691,34.66718],[132.27166,34.67005],[132.27452,34.67059],[132.2745,34.67207],[132.27665,34.67332],[132.27788,34.67562],[132.27895,34.67637],[132.27972,34.67907],[132.28122,34.67862],[132.28193,34.67916],[132.28273,34.67889],[132.28508,34.67941],[132.28679,34.68162],[132.28956,34.68266],[132.28943,34.68423],[132.29024,34.68537],[132.29176,34.6856],[132.29164,34.68509],[132.29018,34.68445],[132.29965,34.67906],[132.3007,34.67657],[132.30351,34.67833],[132.30451,34.68205],[132.30733,34.6825],[132.30799,34.68355],[132.30926,34.68386],[132.30899,34.68456],[132.30738,34.68567],[132.30773,34.68647],[132.3092,34.68731],[132.30952,34.68848],[132.30775,34.69091],[132.3083,34.69155],[132.31047,34.69163],[132.31125,34.69232],[132.31154,34.69341],[132.31088,34.69492],[132.3145,34.69956],[132.31404,34.70124],[132.31632,34.70173],[132.31699,34.70235],[132.31748,34.70361],[132.31686,34.70542],[132.31858,34.70865],[132.32045,34.70991],[132.32387,34.70919],[132.32525,34.70981],[132.32568,34.71034],[132.32496,34.71134],[132.32519,34.71197],[132.32653,34.71262],[132.32776,34.71231],[132.32833,34.71268],[132.32708,34.7146],[132.32744,34.71519],[132.32979,34.71518],[132.33106,34.71449],[132.33285,34.71491],[132.33384,34.71348],[132.33491,34.71299],[132.33485,34.71186],[132.33735,34.71114],[132.33878,34.71142],[132.33855,34.70986],[132.34029,34.70897],[132.34177,34.70715],[132.34493,34.70153],[132.3489,34.69881],[132.35058,34.6986],[132.35131,34.69779],[132.3534,34.69705],[132.35555,34.69788],[132.35813,34.69701],[132.35718,34.69404],[132.35603,34.69388],[132.35424,34.69138],[132.35228,34.69091],[132.35188,34.68946],[132.35358,34.68285],[132.35343,34.68166],[132.35471,34.67862],[132.35654,34.67731],[132.35822,34.67698],[132.35863,34.67405],[132.35759,34.67247],[132.35646,34.6718],[132.35602,34.66988],[132.3549,34.66844],[132.35484,34.66376],[132.35342,34.66368],[132.35326,34.66299],[132.34972,34.65942],[132.34791,34.65875],[132.34503,34.65619],[132.34642,34.65492],[132.34736,34.65183],[132.34995,34.64921],[132.35265,34.6479],[132.35394,34.64671],[132.35287,34.64344],[132.3516,34.64331],[132.35035,34.64253],[132.35335,34.63926],[132.35541,34.6383],[132.35662,34.63589],[132.35931,34.63461],[132.35989,34.63374],[132.36024,34.63084],[132.35948,34.62891],[132.35941,34.62664],[132.35855,34.6252],[132.36034,34.622],[132.35828,34.62075],[132.35775,34.61972],[132.35667,34.61898],[132.35642,34.61639],[132.35954,34.61419],[132.3613,34.61389],[132.36265,34.61459],[132.36457,34.6147],[132.36739,34.61411],[132.36843,34.61289],[132.36901,34.61103],[132.37024,34.61038],[132.3726,34.60736],[132.3745,34.60787],[132.37515,34.60886],[132.37619,34.60916],[132.37653,34.61058],[132.37787,34.61122],[132.38448,34.61071],[132.38622,34.6099],[132.38768,34.61011],[132.38941,34.60879],[132.39145,34.60881],[132.39193,34.61169],[132.39331,34.61232],[132.39705,34.61038],[132.39907,34.61153],[132.40128,34.61124],[132.40329,34.60871],[132.40327,34.60529],[132.40465,34.60256],[132.4039,34.60001],[132.40258,34.60054],[132.3995,34.60449],[132.39868,34.60493],[132.39907,34.60313],[132.39272,34.59777],[132.3897,34.59455],[132.39167,34.58488],[132.38885,34.5829],[132.38784,34.57795],[132.3892,34.57664],[132.38828,34.57318],[132.39021,34.57103],[132.38978,34.56829],[132.39049,34.56546],[132.38993,34.56235],[132.38695,34.56146],[132.38558,34.55934],[132.38694,34.55586],[132.38669,34.55439],[132.38468,34.55355],[132.3829,34.5544],[132.37922,34.55148],[132.37481,34.55108],[132.37475,34.54818],[132.37298,34.54735],[132.37098,34.54743],[132.36927,34.54625],[132.36872,34.54516],[132.36768,34.545],[132.36857,34.54341],[132.36829,34.54168],[132.367,34.54014],[132.36366,34.53885],[132.35991,34.5382],[132.35972,34.53906],[132.35982,34.54019],[132.36095,34.5413],[132.36098,34.54284],[132.3637,34.54369],[132.36403,34.54625],[132.36183,34.55043],[132.36066,34.55076],[132.36267,34.55375],[132.36034,34.55913],[132.35902,34.55862],[132.35847,34.55751],[132.35949,34.55365],[132.35859,34.55257],[132.35557,34.55302],[132.35192,34.55474],[132.34349,34.55198],[132.34249,34.55264],[132.34069,34.55535],[132.33577,34.55499],[132.33138,34.55535],[132.32921,34.5528],[132.32548,34.55306],[132.32328,34.55393],[132.32042,34.55365],[132.31858,34.55162],[132.31603,34.55261],[132.31359,34.55166],[132.31014,34.55163],[132.29429,34.54826],[132.29234,34.54732],[132.29108,34.54432],[132.28883,34.54337],[132.28538,34.5436],[132.2841,34.54243],[132.2816,34.54123],[132.27882,34.54215],[132.27566,34.53956],[132.2732,34.53936],[132.27253,34.53891],[132.27122,34.53742],[132.27102,34.53615],[132.26985,34.53536],[132.2676,34.53533],[132.26578,34.5359],[132.26443,34.53443],[132.2635,34.53495],[132.26174,34.53468],[132.25684,34.53167]]]}},{"type":"Feature","properties":{"id":"muni-34369","name":"北広島町"},"geometry":{"type":"Polygon","coordinates":[[[132.20099,34.74758],[132.20355,34.74886],[132.20523,34.74791],[132.20716,34.74591],[132.2099,34.74504],[132.2126,34.745],[132.21468,34.74549],[132.21821,34.74776],[132.22235,34.74956],[132.22163,34.75276],[132.22485,34.75756],[132.22219,34.76049],[132.22335,34.76209],[132.22701,34.76515],[132.22552,34.76752],[132.2251,34.76983],[132.22828,34.7708],[132.22888,34.7715],[132.22922,34.77327],[132.23433,34.77358],[132.23282,34.77568],[132.23282,34.77637],[132.23608,34.77699],[132.23874,34.77948],[132.24011,34.77985],[132.24273,34.78323],[132.24245,34.78524],[132.24129,34.78764],[132.24283,34.78962],[132.24247,34.79088],[132.24283,34.79208],[132.2419,34.79423],[132.24311,34.79619],[132.24351,34.79875],[132.24316,34.79919],[132.24176,34.7989],[132.24044,34.79959],[132.23925,34.79955],[132.23826,34.80153],[132.24031,34.80474],[132.2427,34.80656],[132.24416,34.80665],[132.24706,34.80571],[132.24836,34.80685],[132.24951,34.80704],[132.25952,34.80685],[132.26061,34.8052],[132.26537,34.80392],[132.26585,34.80328],[132.2671,34.80288],[132.26798,34.80192],[132.26908,34.79893],[132.26973,34.79843],[132.27089,34.79859],[132.2717,34.79954],[132.27298,34.80002],[132.27804,34.79916],[132.27846,34.79699],[132.27694,34.79473],[132.27455,34.79344],[132.27446,34.79256],[132.27483,34.79163],[132.27817,34.79091],[132.27887,34.79036],[132.27924,34.78929],[132.27891,34.78727],[132.28013,34.78363],[132.28203,34.78308],[132.28528,34.78034],[132.28855,34.77972],[132.28968,34.77839],[132.29187,34.77859],[132.29317,34.77932],[132.29798,34.77671],[132.29863,34.77698],[132.30021,34.78092],[132.30052,34.78468],[132.3018,34.78485],[132.30249,34.78646],[132.30359,34.78684],[132.30451,34.78813],[132.30673,34.78957],[132.30574,34.79144],[132.30597,34.7935],[132.31294,34.79713],[132.31443,34.79875],[132.31581,34.80142],[132.31827,34.80164],[132.31906,34.80127],[132.31944,34.79757],[132.32236,34.79537],[132.32331,34.7936],[132.32508,34.79255],[132.32812,34.79223],[132.32881,34.79163],[132.33383,34.79008],[132.33775,34.79044],[132.34179,34.79214],[132.34607,34.79327],[132.34814,34.79438],[132.34943,34.79622],[132.35192,34.79811],[132.35633,34.79688],[132.36078,34.80008],[132.36819,34.80117],[132.3742,34.80107],[132.37739,34.79954],[132.38266,34.79577],[132.38297,34.79469],[132.38167,34.79177],[132.38198,34.78909],[132.38156,34.78588],[132.38553,34.78466],[132.38707,34.78298],[132.38801,34.78261],[132.3902,34.78257],[132.39117,34.78361],[132.39284,34.78374],[132.39542,34.78128],[132.39656,34.77944],[132.39873,34.78065],[132.3988,34.78386],[132.40188,34.78619],[132.4037,34.78655],[132.40479,34.78836],[132.40664,34.78956],[132.40702,34.79176],[132.41113,34.79443],[132.41466,34.79778],[132.42051,34.79743],[132.42336,34.79813],[132.42479,34.79909],[132.4244,34.8003],[132.42496,34.80207],[132.42404,34.80276],[132.42382,34.804],[132.4245,34.80528],[132.42424,34.80695],[132.42241,34.8093],[132.42296,34.81003],[132.42118,34.81176],[132.4209,34.81359],[132.42139,34.81401],[132.42577,34.81252],[132.4307,34.81461],[132.43358,34.81771],[132.43434,34.81939],[132.434,34.8201],[132.43672,34.82101],[132.43692,34.82039],[132.4397,34.81836],[132.44368,34.81704],[132.44413,34.81626],[132.44601,34.81516],[132.44613,34.8146],[132.44515,34.81335],[132.44624,34.8123],[132.44723,34.81232],[132.45404,34.80941],[132.4549,34.80819],[132.45652,34.80742],[132.45703,34.80609],[132.45671,34.8044],[132.45333,34.80277],[132.45432,34.80084],[132.45565,34.80207],[132.45811,34.80243],[132.46116,34.8022],[132.46273,34.80283],[132.46375,34.80213],[132.46474,34.80263],[132.46572,34.80164],[132.46719,34.80263],[132.46938,34.80201],[132.47175,34.80244],[132.47394,34.80124],[132.47418,34.79989],[132.47505,34.79947],[132.48008,34.7999],[132.48148,34.79824],[132.48385,34.79714],[132.48642,34.79766],[132.48794,34.79915],[132.4891,34.79921],[132.49067,34.80011],[132.49171,34.79954],[132.49326,34.79969],[132.49495,34.80136],[132.49826,34.79878],[132.49949,34.79952],[132.50098,34.79964],[132.50465,34.79609],[132.50641,34.79602],[132.50756,34.79635],[132.51127,34.8014],[132.5135,34.80085],[132.51811,34.80371],[132.5197,34.80415],[132.52133,34.80255],[132.52298,34.80201],[132.527,34.79894],[132.52841,34.79886],[132.53092,34.79757],[132.53328,34.79735],[132.5348,34.79615],[132.53803,34.79501],[132.53719,34.79226],[132.53765,34.79132],[132.54083,34.79092],[132.5453,34.78757],[132.54964,34.7866],[132.55066,34.7845],[132.55046,34.78226],[132.54947,34.78065],[132.54961,34.78002],[132.55323,34.77943],[132.55566,34.78001],[132.55736,34.77985],[132.55758,34.77901],[132.55612,34.77746],[132.55495,34.777],[132.55587,34.77519],[132.55846,34.77378],[132.55941,34.77093],[132.56091,34.77143],[132.5619,34.77021],[132.56198,34.76918],[132.56596,34.76656],[132.56774,34.76417],[132.56755,34.76261],[132.56651,34.76151],[132.56706,34.75977],[132.56719,34.75783],[132.56653,34.7568],[132.56712,34.75398],[132.56609,34.753],[132.56603,34.75205],[132.56672,34.7496],[132.56793,34.74848],[132.56821,34.74693],[132.56887,34.74622],[132.56851,34.74553],[132.56875,34.74467],[132.57331,34.74441],[132.57464,34.74395],[132.57586,34.74243],[132.57916,34.74217],[132.58091,34.73837],[132.58337,34.73836],[132.58528,34.73573],[132.5855,34.73454],[132.58689,34.73371],[132.58682,34.73232],[132.58756,34.73045],[132.58642,34.72956],[132.58634,34.72895],[132.5853,34.72921],[132.58167,34.72808],[132.58183,34.72736],[132.58006,34.72549],[132.57901,34.72182],[132.57717,34.71852],[132.57876,34.71497],[132.57789,34.71375],[132.57801,34.71221],[132.57911,34.70918],[132.58054,34.70846],[132.58064,34.70783],[132.57946,34.70679],[132.57759,34.70639],[132.57797,34.70521],[132.57548,34.70286],[132.57596,34.70141],[132.57552,34.69926],[132.57612,34.69837],[132.57493,34.69702],[132.57583,34.69683],[132.57725,34.69497],[132.57906,34.69527],[132.58407,34.69402],[132.58468,34.69345],[132.58448,34.69199],[132.58582,34.69002],[132.58566,34.68731],[132.58776,34.68397],[132.58933,34.68431],[132.58929,34.68522],[132.59039,34.68764],[132.59388,34.68936],[132.59752,34.68868],[132.60096,34.68932],[132.60377,34.68526],[132.60168,34.68275],[132.60139,34.68174],[132.59957,34.68223],[132.59821,34.68136],[132.59772,34.6804],[132.59815,34.67941],[132.5979,34.67515],[132.58973,34.67484],[132.5894,34.67423],[132.58984,34.67164],[132.58906,34.6703],[132.5835,34.66533],[132.58494,34.66372],[132.5872,34.66284],[132.58685,34.65954],[132.58824,34.65739],[132.58955,34.65677],[132.59056,34.6552],[132.59176,34.6545],[132.59227,34.65283],[132.58855,34.64982],[132.58848,34.6482],[132.58791,34.64774],[132.58837,34.64601],[132.58446,34.6447],[132.5827,34.63756],[132.57788,34.63447],[132.575,34.63132],[132.57542,34.63024],[132.57496,34.62713],[132.57296,34.62385],[132.57513,34.6234],[132.57519,34.6227],[132.57576,34.62236],[132.57571,34.62009],[132.57384,34.61766],[132.57367,34.61673],[132.57249,34.61652],[132.57104,34.61466],[132.57073,34.61343],[132.56967,34.61252],[132.57039,34.61055],[132.57016,34.60964],[132.57141,34.60763],[132.57092,34.60498],[132.57148,34.60314],[132.57228,34.60248],[132.5742,34.60227],[132.57274,34.60012],[132.57207,34.598],[132.57028,34.59701],[132.56969,34.59635],[132.56967,34.59552],[132.56853,34.59461],[132.56702,34.59431],[132.56648,34.59177],[132.55963,34.59172],[132.55833,34.59091],[132.55757,34.58938],[132.55457,34.58785],[132.55032,34.58735],[132.54857,34.58654],[132.54678,34.58444],[132.544,34.58365],[132.53865,34.58343],[132.53551,34.58477],[132.53334,34.58711],[132.53133,34.58789],[132.53151,34.58912],[132.53273,34.59087],[132.53374,34.59372],[132.5327,34.59463],[132.53237,34.59408],[132.53091,34.59411],[132.52927,34.59749],[132.52771,34.59838],[132.52761,34.60037],[132.52866,34.60131],[132.52727,34.60201],[132.52456,34.60673],[132.52392,34.60691],[132.52202,34.6064],[132.52141,34.60654],[132.52129,34.6071],[132.51958,34.60705],[132.51713,34.60435],[132.51676,34.603],[132.51511,34.60203],[132.51171,34.59625],[132.50855,34.59559],[132.50748,34.59466],[132.50572,34.59471],[132.50536,34.5951],[132.50154,34.59438],[132.49943,34.59342],[132.49826,34.59548],[132.49788,34.59903],[132.49626,34.60062],[132.49409,34.60192],[132.4895,34.60323],[132.48716,34.60618],[132.4822,34.60596],[132.47859,34.60798],[132.47849,34.60851],[132.48028,34.61186],[132.47997,34.61217],[132.4771,34.61358],[132.47383,34.61441],[132.46802,34.61462],[132.46173,34.61278],[132.46099,34.6119],[132.46082,34.60937],[132.45984,34.60849],[132.45911,34.60654],[132.45669,34.60465],[132.45678,34.60404],[132.45758,34.6035],[132.45441,34.60283],[132.45364,34.6017],[132.44956,34.59967],[132.44435,34.59521],[132.43924,34.59204],[132.43701,34.59343],[132.435,34.59652],[132.43349,34.59656],[132.4329,34.59734],[132.43106,34.59779],[132.43079,34.59738],[132.43034,34.59888],[132.43083,34.6002],[132.43011,34.6009],[132.42864,34.60064],[132.42706,34.60121],[132.42456,34.60305],[132.42283,34.60297],[132.42186,34.60346],[132.42031,34.60306],[132.41734,34.60028],[132.41462,34.59927],[132.41223,34.5999],[132.40687,34.603],[132.40465,34.60256],[132.40327,34.60529],[132.40329,34.60871],[132.40235,34.61033],[132.40075,34.61141],[132.39864,34.61143],[132.39705,34.61038],[132.39389,34.61218],[132.39297,34.61225],[132.39177,34.61139],[132.39159,34.60886],[132.38964,34.60877],[132.38748,34.61016],[132.38622,34.6099],[132.38448,34.61071],[132.37787,34.61122],[132.37653,34.61058],[132.37619,34.60916],[132.37515,34.60886],[132.3745,34.60787],[132.3726,34.60736],[132.37024,34.61038],[132.36901,34.61103],[132.36843,34.61289],[132.36739,34.61411],[132.36322,34.6147],[132.36106,34.61389],[132.35862,34.61452],[132.35796,34.6156],[132.35636,34.61651],[132.35667,34.61898],[132.35775,34.61972],[132.35828,34.62075],[132.36034,34.622],[132.35855,34.6252],[132.35941,34.62664],[132.35948,34.62891],[132.36024,34.63084],[132.35989,34.63374],[132.35931,34.63461],[132.35662,34.63589],[132.35541,34.6383],[132.35335,34.63926],[132.35035,34.64253],[132.3516,34.64331],[132.35287,34.64344],[132.35394,34.64671],[132.35265,34.6479],[132.34995,34.64921],[132.34736,34.65183],[132.34642,34.65492],[132.34503,34.65619],[132.34791,34.65875],[132.34972,34.65942],[132.35326,34.66299],[132.35342,34.66368],[132.35484,34.66376],[132.3549,34.66844],[132.35602,34.66988],[132.35646,34.6718],[132.35759,34.67247],[132.35863,34.67405],[132.35822,34.67698],[132.35654,34.67731],[132.35471,34.67862],[132.35343,34.68166],[132.35358,34.68285],[132.35188,34.68946],[132.35228,34.69091],[132.35424,34.69138],[132.35603,34.69388],[132.35718,34.69404],[132.35813,34.69701],[132.35555,34.69788],[132.3534,34.69705],[132.35131,34.69779],[132.35058,34.6986],[132.3489,34.69881],[132.34493,34.70153],[132.34177,34.70715],[132.34029,34.70897],[132.33855,34.70986],[132.33878,34.71142],[132.33735,34.71114],[132.33485,34.71186],[132.33491,34.71299],[132.33384,34.71348],[132.33275,34.71495],[132.33106,34.71449],[132.32979,34.71518],[132.32744,34.71519],[132.32708,34.7146],[132.32833,34.71268],[132.32776,34.71231],[132.32653,34.71262],[132.32519,34.71197],[132.32496,34.71134],[132.32568,34.71034],[132.32525,34.70981],[132.32387,34.70919],[132.32045,34.70991],[132.31858,34.70865],[132.31686,34.70542],[132.31748,34.70361],[132.31699,34.70235],[132.31632,34.70173],[132.31404,34.70124],[132.3145,34.69956],[132.31088,34.69492],[132.31154,34.69341],[132.31125,34.69232],[132.31047,34.69163],[132.3083,34.69155],[132.30775,34.69091],[132.30952,34.68848],[132.3092,34.68731],[132.30773,34.68647],[132.30738,34.68567],[132.30899,34.68456],[132.30926,34.68386],[132.30799,34.68355],[132.30733,34.6825],[132.30451,34.68205],[132.30351,34.67833],[132.3007,34.67657],[132.29965,34.67906],[132.29018,34.68445],[132.29164,34.68509],[132.29176,34.6856],[132.29024,34.68537],[132.28943,34.68423],[132.28956,34.68266],[132.28679,34.68162],[132.28508,34.67941],[132.28273,34.67889],[132.28193,34.67916],[132.28122,34.67862],[132.27972,34.67907],[132.27895,34.67637],[132.27788,34.67562],[132.27665,34.67332],[132.2745,34.67207],[132.27452,34.67059],[132.27166,34.67005],[132.2691,34.66718],[132.26879,34.6665],[132.26934,34.66348],[132.26807,34.66277],[132.2677,34.66163],[132.26457,34.66234],[132.2634,34.66426],[132.26106,34.66474],[132.25958,34.6661],[132.25825,34.66964],[132.25812,34.67119],[132.25419,34.66983],[132.25271,34.66964],[132.25168,34.67007],[132.25112,34.67171],[132.25207,34.67407],[132.25088,34.67642],[132.24938,34.67731],[132.24802,34.67714],[132.24657,34.679],[132.24504,34.67859],[132.24114,34.67914],[132.23952,34.67851],[132.23771,34.6785],[132.23675,34.67983],[132.23535,34.68041],[132.23289,34.6801],[132.23108,34.68066],[132.22966,34.68012],[132.22666,34.68113],[132.22243,34.67671],[132.21936,34.67248],[132.22037,34.67139],[132.22172,34.67092],[132.22115,34.66923],[132.2187,34.66926],[132.21732,34.66816],[132.21676,34.66524],[132.21559,34.66405],[132.21211,34.66493],[132.21098,34.66387],[132.20901,34.66307],[132.20728,34.66363],[132.20648,34.66264],[132.20548,34.66279],[132.2035,34.66373],[132.20216,34.66508],[132.20065,34.6676],[132.20206,34.66944],[132.20133,34.66996],[132.19913,34.67012],[132.19812,34.67307],[132.19652,34.67326],[132.19617,34.67408],[132.19472,34.67436],[132.19401,34.67505],[132.19021,34.67469],[132.1891,34.67412],[132.18842,34.67254],[132.18892,34.67208],[132.18912,34.67066],[132.18685,34.66951],[132.18661,34.66888],[132.18717,34.66657],[132.18559,34.66559],[132.18491,34.66419],[132.185,34.66294],[132.18563,34.66213],[132.18293,34.66023],[132.18338,34.65872],[132.18155,34.6565],[132.17775,34.65538],[132.17725,34.65304],[132.17604,34.65158],[132.17626,34.65089],[132.17766,34.65022],[132.17738,34.64856],[132.17884,34.64498],[132.17889,34.64369],[132.17818,34.64466],[132.17512,34.64581],[132.17153,34.6441],[132.17052,34.64454],[132.16885,34.64437],[132.16571,34.64261],[132.16307,34.64236],[132.16257,34.64144],[132.16126,34.64212],[132.16027,34.64405],[132.15682,34.64266],[132.15552,34.64338],[132.1501,34.64081],[132.14812,34.64055],[132.14713,34.64462],[132.14599,34.64485],[132.1451,34.64571],[132.14491,34.64682],[132.14382,34.6472],[132.14322,34.65112],[132.14117,34.6519],[132.14086,34.65378],[132.14012,34.65475],[132.14306,34.65796],[132.14346,34.65944],[132.14518,34.6606],[132.14622,34.66203],[132.14743,34.66223],[132.14678,34.66513],[132.147,34.66608],[132.14815,34.66788],[132.15068,34.66979],[132.15191,34.67275],[132.15331,34.67382],[132.15537,34.67658],[132.15448,34.6783],[132.1548,34.67925],[132.15742,34.6813],[132.15947,34.68117],[132.16138,34.68209],[132.16164,34.68356],[132.15957,34.68473],[132.1611,34.68786],[132.16022,34.68867],[132.15971,34.69006],[132.15864,34.6905],[132.15914,34.69195],[132.15777,34.69262],[132.1554,34.69318],[132.15182,34.69277],[132.15046,34.69368],[132.1484,34.69297],[132.1469,34.69369],[132.14445,34.69395],[132.14349,34.69256],[132.14205,34.69173],[132.13995,34.69323],[132.13738,34.69408],[132.13667,34.69471],[132.1357,34.6971],[132.1337,34.69761],[132.13211,34.6992],[132.12963,34.69947],[132.12965,34.70021],[132.13186,34.70244],[132.13044,34.70617],[132.13064,34.70816],[132.13224,34.70747],[132.13569,34.70765],[132.13692,34.70828],[132.13741,34.70963],[132.13872,34.70938],[132.14144,34.71008],[132.14272,34.71152],[132.1424,34.71239],[132.14161,34.71281],[132.14179,34.71389],[132.14283,34.71597],[132.14414,34.71713],[132.14641,34.71714],[132.14701,34.71732],[132.14709,34.71793],[132.15101,34.71825],[132.15224,34.72014],[132.15408,34.72034],[132.15473,34.72243],[132.15543,34.72317],[132.15757,34.72322],[132.15952,34.72456],[132.15997,34.72548],[132.16392,34.72568],[132.16526,34.72682],[132.16578,34.72818],[132.16761,34.72942],[132.17142,34.72994],[132.17274,34.73156],[132.17402,34.73133],[132.17505,34.73302],[132.17679,34.73406],[132.17814,34.7367],[132.17892,34.73672],[132.18158,34.73469],[132.18499,34.73383],[132.18808,34.73431],[132.18928,34.73355],[132.18961,34.73534],[132.19088,34.736],[132.19167,34.73714],[132.19513,34.73739],[132.19618,34.73801],[132.19653,34.73922],[132.19593,34.74141],[132.19632,34.7421],[132.19569,34.74445],[132.19917,34.74597],[132.20099,34.74758]]]}},{"type":"Feature","properties":{"id":"muni-34431","name":"大崎上島町"},"geometry":{"type":"MultiPolygon","coordinates":[[[[132.80226,34.23037],[132.80443,34.22913],[132.80462,34.22851],[132.80327,34.22779],[132.80247,34.22634],[132.80101,34.22565],[132.80082,34.22654],[132.79995,34.22685],[132.80053,34.22838],[132.80158,34.22896],[132.80226,34.23037]]],[[[132.86298,34.25492],[132.8631,34.25436],[132.86172,34.25362],[132.86221,34.25205],[132.86202,34.24993],[132.86097,34.25139],[132.86065,34.25333],[132.86162,34.25407],[132.86127,34.25462],[132.86171,34.25522],[132.86298,34.25492]]],[[[132.86523,34.25423],[132.86563,34.25311],[132.8652,34.25273],[132.86441,34.25407],[132.86523,34.25423]]],[[[132.8399,34.25548],[132.84141,34.25477],[132.84112,34.25437],[132.83917,34.25322],[132.83661,34.25321],[132.83534,34.25416],[132.83569,34.25513],[132.83624,34.25449],[132.83815,34.25522],[132.83897,34.25487],[132.8399,34.25548]]],[[[132.8813,34.25854],[132.88057,34.25859],[132.88137,34.25888],[132.8813,34.25854]]],[[[132.88292,34.25925],[132.88256,34.25882],[132.88126,34.25917],[132.88229,34.25974],[132.88292,34.25925]]],[[[132.87762,34.26062],[132.87711,34.26073],[132.87767,34.26136],[132.87762,34.26062]]],[[[132.87071,34.27024],[132.87045,34.26984],[132.87096,34.26944],[132.87091,34.26855],[132.87308,34.26812],[132.87346,34.26832],[132.87337,34.26914],[132.87402,34.26943],[132.87424,34.26844],[132.8758,34.26853],[132.87688,34.26752],[132.87471,34.26719],[132.87388,34.26637],[132.87379,34.26453],[132.87436,34.2628],[132.87362,34.26107],[132.87495,34.26053],[132.8756,34.25928],[132.87642,34.25882],[132.87805,34.25887],[132.87808,34.25828],[132.87639,34.25576],[132.87504,34.25461],[132.87301,34.25592],[132.87274,34.2567],[132.87174,34.25509],[132.87151,34.2552],[132.87273,34.25674],[132.87213,34.25706],[132.87193,34.25678],[132.86993,34.25592],[132.87209,34.25708],[132.87009,34.25764],[132.86929,34.25684],[132.86968,34.25751],[132.86913,34.25764],[132.86861,34.25896],[132.86783,34.25913],[132.86907,34.26],[132.86875,34.2616],[132.86823,34.26176],[132.86928,34.26236],[132.86869,34.26348],[132.8678,34.26369],[132.8667,34.26325],[132.86605,34.26367],[132.86523,34.26282],[132.86376,34.26307],[132.86345,34.26383],[132.86369,34.26528],[132.86471,34.26585],[132.86434,34.26764],[132.86505,34.26778],[132.86569,34.26894],[132.86737,34.26752],[132.86912,34.2675],[132.86844,34.26882],[132.86968,34.27019],[132.86883,34.27064],[132.86886,34.2711],[132.86966,34.27142],[132.87071,34.27024]]],[[[132.87738,34.26752],[132.87777,34.26791],[132.87863,34.26815],[132.878,34.26726],[132.87738,34.26752]]],[[[132.86029,34.26787],[132.86029,34.26831],[132.8604,34.26835],[132.86029,34.26787]]],[[[132.85846,34.26849],[132.85791,34.26826],[132.85773,34.2684],[132.85789,34.26859],[132.85846,34.26849]]],[[[132.85903,34.26868],[132.85907,34.26851],[132.85889,34.26854],[132.85903,34.26868]]],[[[132.88695,34.27188],[132.88843,34.27154],[132.88865,34.27069],[132.88951,34.27059],[132.88988,34.27129],[132.89097,34.27083],[132.8899,34.26885],[132.88881,34.26968],[132.88781,34.26863],[132.88746,34.26883],[132.88752,34.27019],[132.88671,34.27145],[132.88695,34.27188]]],[[[132.88281,34.27519],[132.88322,34.27303],[132.88219,34.27293],[132.88231,34.27429],[132.88096,34.27471],[132.88281,34.27519]]],[[[132.88171,34.28812],[132.88385,34.29015],[132.88662,34.28747],[132.8867,34.28632],[132.88549,34.28523],[132.88613,34.28446],[132.88559,34.28397],[132.88703,34.28319],[132.88741,34.28095],[132.88798,34.28036],[132.888,34.27948],[132.88741,34.27808],[132.8868,34.27787],[132.88677,34.27704],[132.88506,34.27562],[132.88399,34.27558],[132.88429,34.27676],[132.88371,34.27854],[132.8829,34.27921],[132.88207,34.27899],[132.88116,34.27991],[132.8832,34.27942],[132.88364,34.27988],[132.88372,34.28178],[132.88456,34.2824],[132.88347,34.28561],[132.88167,34.28688],[132.88171,34.28812]]],[[[132.89036,34.28823],[132.89049,34.28537],[132.88975,34.28419],[132.88895,34.28655],[132.88982,34.28849],[132.89036,34.28823]]],[[[132.85203,34.21167],[132.84867,34.21529],[132.84796,34.21547],[132.84771,34.21663],[132.8459,34.21944],[132.84515,34.21971],[132.8445,34.22101],[132.84219,34.22334],[132.84075,34.22768],[132.83985,34.22828],[132.84127,34.22845],[132.8422,34.22953],[132.84665,34.23027],[132.84697,34.23256],[132.84589,34.23586],[132.84461,34.23782],[132.84233,34.23825],[132.84155,34.23789],[132.84026,34.24031],[132.83821,34.24135],[132.8382,34.24219],[132.83935,34.24167],[132.84045,34.24254],[132.84076,34.24201],[132.8424,34.24169],[132.84241,34.24131],[132.84345,34.2413],[132.8443,34.24193],[132.84425,34.24259],[132.84601,34.24295],[132.84722,34.24427],[132.84797,34.24408],[132.84763,34.24502],[132.84814,34.24415],[132.84925,34.24532],[132.84943,34.24481],[132.8508,34.24488],[132.85146,34.24391],[132.85224,34.24383],[132.8524,34.24344],[132.85163,34.24386],[132.85116,34.24271],[132.85203,34.24297],[132.85159,34.24262],[132.8522,34.24281],[132.85207,34.2424],[132.85734,34.24017],[132.85731,34.24075],[132.85756,34.24109],[132.85738,34.24015],[132.85777,34.23986],[132.85791,34.24039],[132.85985,34.2415],[132.86031,34.24358],[132.85931,34.24483],[132.85781,34.24463],[132.85715,34.24499],[132.8574,34.2472],[132.85597,34.24838],[132.85594,34.24926],[132.85663,34.24844],[132.85969,34.24732],[132.86022,34.24606],[132.8617,34.24593],[132.86165,34.24457],[132.86285,34.24466],[132.86232,34.24508],[132.86397,34.24616],[132.86412,34.24767],[132.86504,34.24837],[132.86676,34.24815],[132.86952,34.24889],[132.86997,34.24838],[132.87226,34.24796],[132.87399,34.24881],[132.87668,34.24849],[132.87729,34.24934],[132.87728,34.24897],[132.87791,34.24906],[132.87759,34.24852],[132.87889,34.2482],[132.87868,34.24856],[132.88176,34.24851],[132.88143,34.24759],[132.88218,34.24807],[132.88246,34.2473],[132.88225,34.24416],[132.88271,34.24452],[132.88385,34.24408],[132.88259,34.24531],[132.88303,34.24746],[132.88235,34.24919],[132.88249,34.25011],[132.87918,34.24916],[132.87821,34.25066],[132.87766,34.25007],[132.87762,34.25056],[132.87727,34.25046],[132.8776,34.2506],[132.87726,34.25188],[132.87786,34.25298],[132.87882,34.2532],[132.87913,34.2542],[132.88086,34.2552],[132.88056,34.25544],[132.88166,34.255],[132.88156,34.25551],[132.88108,34.25553],[132.88123,34.25681],[132.88456,34.25779],[132.88557,34.25976],[132.88635,34.25983],[132.88642,34.26131],[132.88738,34.26252],[132.88877,34.2611],[132.89125,34.26186],[132.89194,34.26103],[132.89161,34.26014],[132.89237,34.25928],[132.89261,34.25805],[132.89428,34.25716],[132.89184,34.25485],[132.88968,34.2543],[132.8901,34.25382],[132.8918,34.25453],[132.89223,34.25103],[132.89148,34.24975],[132.89402,34.24985],[132.89356,34.25146],[132.8951,34.25162],[132.89542,34.25077],[132.89733,34.25007],[132.89789,34.24877],[132.89881,34.24794],[132.89929,34.24828],[132.90037,34.24694],[132.90057,34.24834],[132.90245,34.24942],[132.90329,34.24878],[132.90289,34.24935],[132.90372,34.25017],[132.90362,34.25127],[132.90295,34.25207],[132.90094,34.25267],[132.90326,34.25391],[132.9038,34.255],[132.90486,34.25451],[132.90404,34.25535],[132.90638,34.25692],[132.90728,34.25958],[132.90629,34.26009],[132.90597,34.25978],[132.90626,34.26016],[132.90729,34.2596],[132.90871,34.26013],[132.90809,34.26168],[132.90754,34.26205],[132.9075,34.26158],[132.90674,34.26176],[132.90737,34.26383],[132.91162,34.26745],[132.91074,34.26807],[132.91165,34.26919],[132.91079,34.26808],[132.91139,34.26768],[132.91369,34.26944],[132.91327,34.2697],[132.9135,34.26988],[132.91382,34.26955],[132.91491,34.27056],[132.91563,34.26977],[132.91485,34.27074],[132.91641,34.27205],[132.91453,34.2721],[132.91552,34.27215],[132.91577,34.27315],[132.91645,34.27276],[132.91599,34.27349],[132.91694,34.27286],[132.91709,34.27329],[132.91814,34.27312],[132.91801,34.27359],[132.91909,34.27348],[132.91867,34.27386],[132.91938,34.27425],[132.91924,34.27506],[132.91955,34.27468],[132.91975,34.27514],[132.92003,34.27489],[132.91973,34.2752],[132.92018,34.2758],[132.91879,34.27608],[132.91849,34.27666],[132.91931,34.27691],[132.91935,34.27626],[132.9202,34.27584],[132.92265,34.27847],[132.92318,34.27973],[132.92504,34.28035],[132.92498,34.28004],[132.92584,34.28004],[132.92619,34.28051],[132.92539,34.28091],[132.92596,34.28212],[132.92709,34.28305],[132.92725,34.28162],[132.92801,34.28092],[132.92923,34.28077],[132.92991,34.28122],[132.92967,34.28206],[132.93058,34.28473],[132.93337,34.28449],[132.93374,34.28303],[132.93345,34.28258],[132.93483,34.28201],[132.93486,34.28134],[132.93652,34.28097],[132.93623,34.28142],[132.93732,34.28067],[132.9384,34.28071],[132.93919,34.27908],[132.93949,34.27968],[132.93938,34.27886],[132.93994,34.27896],[132.93954,34.27869],[132.93981,34.2783],[132.94213,34.27754],[132.94036,34.27594],[132.94035,34.27428],[132.93996,34.27455],[132.93847,34.27293],[132.93813,34.26934],[132.93634,34.2662],[132.93626,34.26374],[132.93404,34.26128],[132.93454,34.25947],[132.93256,34.25655],[132.93278,34.25441],[132.92986,34.24815],[132.92872,34.24679],[132.92636,34.24532],[132.92591,34.2434],[132.92246,34.24027],[132.92183,34.2388],[132.92093,34.23835],[132.91993,34.23678],[132.91855,34.23644],[132.91724,34.23708],[132.91556,34.23601],[132.91534,34.23648],[132.9143,34.23637],[132.91478,34.2361],[132.91406,34.2358],[132.91468,34.23567],[132.91449,34.23502],[132.9133,34.23485],[132.91491,34.23431],[132.91504,34.23462],[132.91689,34.23356],[132.91713,34.22905],[132.91774,34.22769],[132.91655,34.22478],[132.91713,34.22421],[132.9164,34.22416],[132.91684,34.22131],[132.91494,34.22174],[132.91569,34.22134],[132.91569,34.21964],[132.91694,34.21874],[132.91746,34.21894],[132.91809,34.21821],[132.91843,34.21844],[132.91841,34.21765],[132.91775,34.21738],[132.91791,34.21686],[132.91902,34.2158],[132.92091,34.21525],[132.92068,34.21403],[132.91953,34.21413],[132.9189,34.21334],[132.91437,34.21138],[132.91097,34.21288],[132.90952,34.21293],[132.90696,34.21414],[132.90498,34.21448],[132.90229,34.21339],[132.89908,34.21299],[132.89909,34.21266],[132.89904,34.21298],[132.89802,34.21291],[132.89775,34.21266],[132.89823,34.21248],[132.89607,34.21174],[132.89655,34.21215],[132.89585,34.21227],[132.89569,34.21188],[132.89581,34.21227],[132.89502,34.21239],[132.89491,34.21181],[132.89496,34.2124],[132.8932,34.21237],[132.8933,34.21173],[132.89059,34.21141],[132.89069,34.21103],[132.88935,34.21021],[132.89097,34.21063],[132.88969,34.21012],[132.88896,34.21026],[132.88847,34.21085],[132.88704,34.21036],[132.88551,34.20918],[132.88588,34.20898],[132.88492,34.20699],[132.88161,34.20754],[132.87945,34.20595],[132.8783,34.20616],[132.87871,34.20642],[132.87758,34.20728],[132.87724,34.20681],[132.87784,34.20634],[132.87784,34.20606],[132.87763,34.20642],[132.87653,34.20631],[132.87645,34.20674],[132.87641,34.20617],[132.87585,34.20615],[132.87538,34.20692],[132.87544,34.20633],[132.87395,34.20632],[132.87475,34.20541],[132.8753,34.20544],[132.87474,34.20538],[132.87341,34.20653],[132.87024,34.20659],[132.86881,34.20772],[132.86714,34.20806],[132.86587,34.20776],[132.86404,34.20633],[132.8612,34.2093],[132.85587,34.20818],[132.85505,34.20907],[132.85524,34.20997],[132.85464,34.20952],[132.85252,34.21152],[132.85276,34.2121],[132.85203,34.21167]]],[[[132.89915,34.26277],[132.89906,34.26433],[132.90004,34.26489],[132.9008,34.26326],[132.90008,34.26266],[132.89915,34.26277]]],[[[132.90525,34.26764],[132.90484,34.26786],[132.9048,34.26831],[132.90525,34.26764]]],[[[132.90534,34.26819],[132.90553,34.26836],[132.90565,34.26818],[132.90534,34.26819]]],[[[132.9052,34.27061],[132.90533,34.27067],[132.9053,34.27045],[132.9052,34.27061]]],[[[132.91112,34.27762],[132.91195,34.27692],[132.91086,34.27475],[132.91073,34.27328],[132.90758,34.27173],[132.90713,34.27096],[132.90614,34.2712],[132.90652,34.27277],[132.90609,34.27423],[132.90653,34.27562],[132.90623,34.27617],[132.90664,34.27763],[132.90849,34.27734],[132.90834,34.27799],[132.91003,34.27866],[132.91044,34.27745],[132.91112,34.27762]]],[[[132.8904,34.27668],[132.89072,34.27688],[132.89086,34.27626],[132.89079,34.27626],[132.8904,34.27668]]],[[[132.91742,34.27956],[132.91766,34.27957],[132.9174,34.2795],[132.91742,34.27956]]],[[[132.94231,34.28724],[132.94283,34.28616],[132.94414,34.28583],[132.94437,34.28369],[132.94258,34.28351],[132.94179,34.28291],[132.93956,34.28311],[132.93564,34.28455],[132.93567,34.28556],[132.93719,34.28688],[132.93973,34.2878],[132.94266,34.28779],[132.94231,34.28724]]],[[[132.90482,34.28949],[132.90411,34.2896],[132.90402,34.28982],[132.90461,34.29003],[132.90482,34.28949]]],[[[132.91614,34.29965],[132.91599,34.29913],[132.91663,34.29868],[132.9175,34.29929],[132.91864,34.29918],[132.91623,34.29771],[132.91632,34.29844],[132.9157,34.29853],[132.91468,34.29717],[132.91575,34.29516],[132.91417,34.29439],[132.91448,34.29391],[132.91416,34.29361],[132.91488,34.29333],[132.91545,34.29225],[132.91669,34.29195],[132.91659,34.2905],[132.9176,34.29128],[132.91781,34.29063],[132.91873,34.29073],[132.92065,34.29283],[132.92135,34.29303],[132.92317,34.29554],[132.92313,34.29677],[132.92404,34.29775],[132.92553,34.29683],[132.92628,34.29459],[132.92548,34.29282],[132.92611,34.29195],[132.92484,34.29112],[132.92474,34.28955],[132.92588,34.2879],[132.92441,34.28704],[132.92487,34.28539],[132.92307,34.28354],[132.92224,34.28336],[132.9215,34.28399],[132.92091,34.28368],[132.92107,34.28272],[132.92011,34.28245],[132.92016,34.28164],[132.91963,34.281],[132.91903,34.28107],[132.91855,34.28189],[132.9179,34.28186],[132.91656,34.28078],[132.9169,34.27995],[132.91618,34.27966],[132.91524,34.28027],[132.91422,34.27989],[132.91416,34.28142],[132.91517,34.28343],[132.912,34.28201],[132.9124,34.28293],[132.91288,34.28289],[132.9137,34.2838],[132.91373,34.28452],[132.91325,34.2844],[132.91342,34.28474],[132.91288,34.28508],[132.91264,34.28445],[132.91144,34.28487],[132.91034,34.28302],[132.9096,34.28309],[132.90989,34.28416],[132.90722,34.28778],[132.90655,34.28717],[132.90573,34.28419],[132.90522,34.28386],[132.90488,34.28481],[132.90578,34.28694],[132.90539,34.28917],[132.90658,34.28914],[132.90772,34.291],[132.90687,34.29186],[132.90761,34.29488],[132.90942,34.2956],[132.91123,34.29534],[132.91072,34.29606],[132.9113,34.29581],[132.9128,34.29787],[132.91296,34.29914],[132.9141,34.29892],[132.91465,34.29993],[132.91566,34.30045],[132.91556,34.29995],[132.91614,34.29965]]],[[[132.91658,34.29437],[132.91676,34.29458],[132.91676,34.29428],[132.91658,34.29437]]],[[[132.91629,34.29506],[132.91619,34.29481],[132.91594,34.29502],[132.91629,34.29506]]],[[[132.90374,34.29824],[132.90336,34.29819],[132.90256,34.29432],[132.90158,34.29436],[132.90097,34.29651],[132.90126,34.29781],[132.90285,34.29944],[132.90408,34.29934],[132.90332,34.29844],[132.90374,34.29824]]],[[[132.94575,34.29843],[132.94599,34.2991],[132.94622,34.29877],[132.94575,34.29843]]]]}},{"type":"Feature","properties":{"id":"muni-34462","name":"世羅町"},"geometry":{"type":"Polygon","coordinates":[[[132.89392,34.59513],[132.89208,34.59651],[132.89069,34.59681],[132.88934,34.59646],[132.88722,34.59785],[132.88718,34.59991],[132.8853,34.60259],[132.87771,34.6033],[132.87845,34.60371],[132.87851,34.60446],[132.87988,34.60475],[132.88153,34.6059],[132.88177,34.60788],[132.8828,34.60793],[132.88334,34.60871],[132.88272,34.60999],[132.88501,34.61067],[132.88526,34.61189],[132.8864,34.61231],[132.88569,34.61356],[132.88474,34.6137],[132.88259,34.61289],[132.87651,34.6135],[132.87533,34.61584],[132.87235,34.61822],[132.87109,34.62045],[132.87031,34.62056],[132.87025,34.62102],[132.86912,34.62114],[132.86861,34.62051],[132.86701,34.62104],[132.87004,34.62362],[132.86978,34.62527],[132.87337,34.62232],[132.87223,34.62628],[132.87454,34.62715],[132.87636,34.63063],[132.87816,34.63093],[132.87846,34.63136],[132.87789,34.63284],[132.87698,34.6334],[132.87725,34.63381],[132.8758,34.63491],[132.87427,34.63521],[132.87411,34.63625],[132.8731,34.63604],[132.87197,34.63748],[132.87202,34.64065],[132.87285,34.6427],[132.87233,34.64426],[132.87286,34.6459],[132.87233,34.64677],[132.8739,34.64851],[132.87522,34.64843],[132.87903,34.64713],[132.8809,34.64464],[132.88138,34.64501],[132.88154,34.6471],[132.87915,34.64974],[132.87923,34.65249],[132.87814,34.65474],[132.87832,34.65635],[132.87981,34.65831],[132.87977,34.65911],[132.87865,34.66058],[132.87828,34.66386],[132.8794,34.66623],[132.8821,34.66664],[132.88224,34.66783],[132.88458,34.66803],[132.88511,34.66871],[132.88586,34.67108],[132.8851,34.67116],[132.88519,34.67397],[132.8861,34.67405],[132.8877,34.67525],[132.8897,34.67498],[132.89005,34.6764],[132.89092,34.67708],[132.89072,34.67959],[132.88769,34.68072],[132.88914,34.68254],[132.89144,34.6836],[132.89462,34.68183],[132.89672,34.68139],[132.89888,34.67989],[132.90062,34.68057],[132.90698,34.67967],[132.91587,34.68073],[132.91585,34.6798],[132.91757,34.6796],[132.9189,34.67873],[132.92204,34.67952],[132.92434,34.67662],[132.92655,34.67629],[132.92833,34.67803],[132.92757,34.6785],[132.92745,34.67938],[132.92837,34.6807],[132.93097,34.68181],[132.93089,34.68288],[132.93414,34.68232],[132.93617,34.68398],[132.93673,34.68263],[132.93903,34.68116],[132.93991,34.68005],[132.93908,34.67848],[132.93967,34.67686],[132.93949,34.67524],[132.94028,34.67453],[132.94071,34.67178],[132.94332,34.66952],[132.94323,34.66769],[132.94132,34.66536],[132.94106,34.66341],[132.94207,34.66306],[132.94473,34.66362],[132.94591,34.66196],[132.94757,34.66177],[132.94751,34.66075],[132.94507,34.65769],[132.94722,34.6568],[132.95043,34.65648],[132.952,34.65525],[132.95383,34.65518],[132.95349,34.65354],[132.9544,34.6513],[132.95536,34.65207],[132.95566,34.6537],[132.95719,34.65585],[132.95701,34.65707],[132.95596,34.65821],[132.95841,34.66014],[132.95899,34.65933],[132.96123,34.65857],[132.96235,34.65748],[132.9655,34.6569],[132.96697,34.65721],[132.96775,34.65591],[132.97102,34.65471],[132.97096,34.65712],[132.96967,34.65809],[132.96811,34.65851],[132.9706,34.65864],[132.97084,34.65901],[132.97026,34.65999],[132.97107,34.66116],[132.96981,34.66135],[132.96931,34.6622],[132.96821,34.66162],[132.96916,34.66475],[132.97156,34.66654],[132.97266,34.6681],[132.9755,34.66772],[132.97654,34.66925],[132.97922,34.66937],[132.98092,34.66852],[132.98205,34.66881],[132.98331,34.67129],[132.98377,34.67364],[132.98461,34.67462],[132.98491,34.67683],[132.98631,34.67736],[132.98849,34.67706],[132.98938,34.67771],[132.99178,34.67712],[132.99355,34.67577],[132.99631,34.6754],[132.99833,34.67694],[133.00248,34.67808],[133.00638,34.67709],[133.00763,34.67741],[133.00906,34.67608],[133.01106,34.67726],[133.01302,34.67748],[133.01423,34.67858],[133.01464,34.6797],[133.01534,34.67996],[133.01551,34.67917],[133.0169,34.67829],[133.01813,34.67858],[133.01869,34.67823],[133.02045,34.67546],[133.02029,34.67363],[133.02078,34.67266],[133.02512,34.6706],[133.02752,34.67082],[133.03211,34.66949],[133.03649,34.66704],[133.03709,34.6662],[133.04001,34.66504],[133.04029,34.6639],[133.04206,34.66251],[133.04451,34.66144],[133.04586,34.66144],[133.04799,34.65756],[133.05086,34.65903],[133.05185,34.65839],[133.05354,34.65863],[133.05441,34.65925],[133.05998,34.65964],[133.06008,34.65809],[133.06114,34.65707],[133.06076,34.65605],[133.06141,34.65515],[133.06093,34.6541],[133.06247,34.65177],[133.06455,34.6538],[133.06558,34.65389],[133.06686,34.65538],[133.06785,34.65491],[133.06788,34.65374],[133.06906,34.6535],[133.07201,34.65591],[133.07291,34.65787],[133.07458,34.65773],[133.07585,34.65691],[133.07753,34.65733],[133.07867,34.65865],[133.07981,34.65794],[133.08237,34.66001],[133.08478,34.66028],[133.08456,34.66265],[133.08766,34.6637],[133.08867,34.66295],[133.08978,34.66328],[133.09021,34.66233],[133.09177,34.66171],[133.09183,34.66082],[133.09379,34.65921],[133.09742,34.65907],[133.09967,34.65841],[133.10109,34.65732],[133.102,34.65791],[133.10441,34.65696],[133.10615,34.65745],[133.10798,34.65697],[133.10896,34.65612],[133.10934,34.65361],[133.1109,34.65168],[133.11525,34.64766],[133.11743,34.64728],[133.11829,34.64665],[133.11777,34.64593],[133.11784,34.64485],[133.12026,34.64459],[133.12287,34.64544],[133.12396,34.6445],[133.12445,34.64338],[133.12428,34.64181],[133.12353,34.64126],[133.12428,34.64037],[133.12338,34.63757],[133.12677,34.63811],[133.13373,34.63717],[133.136,34.6379],[133.13767,34.63654],[133.13883,34.63631],[133.14053,34.63681],[133.14243,34.63884],[133.14391,34.63828],[133.14417,34.63703],[133.14547,34.63717],[133.14706,34.63619],[133.1498,34.6358],[133.15048,34.63473],[133.15197,34.6343],[133.15262,34.63306],[133.15373,34.63274],[133.15376,34.63148],[133.15607,34.63179],[133.15752,34.63079],[133.15882,34.62862],[133.15986,34.62227],[133.16171,34.62169],[133.16199,34.62088],[133.15985,34.61872],[133.15963,34.61617],[133.16024,34.61439],[133.15951,34.61281],[133.15912,34.61296],[133.15744,34.61168],[133.15499,34.61148],[133.15418,34.60998],[133.15464,34.60858],[133.15802,34.60367],[133.15524,34.60243],[133.1553,34.60079],[133.15449,34.59899],[133.15241,34.59644],[133.14951,34.59415],[133.14779,34.59452],[133.14704,34.59331],[133.14596,34.59268],[133.14649,34.59115],[133.14637,34.58822],[133.14384,34.58826],[133.14261,34.58651],[133.14121,34.58569],[133.13672,34.58582],[133.13483,34.58361],[133.1348,34.58189],[133.13546,34.58125],[133.14001,34.58036],[133.14019,34.5793],[133.14216,34.57876],[133.1428,34.5778],[133.14243,34.57701],[133.14261,34.57541],[133.14196,34.57266],[133.14128,34.5723],[133.1416,34.57078],[133.14046,34.56944],[133.14053,34.56666],[133.13976,34.56568],[133.13807,34.56493],[133.13404,34.56413],[133.13264,34.55647],[133.13046,34.55537],[133.13025,34.55459],[133.12915,34.55401],[133.12931,34.55176],[133.13077,34.55127],[133.13048,34.5508],[133.13115,34.55032],[133.13085,34.54899],[133.12958,34.54805],[133.12893,34.54878],[133.1289,34.54991],[133.12838,34.55018],[133.127,34.54977],[133.1269,34.54803],[133.12624,34.54746],[133.12351,34.54838],[133.12128,34.54839],[133.1192,34.54744],[133.11827,34.54761],[133.11531,34.54679],[133.11343,34.54519],[133.11041,34.54463],[133.10966,34.54336],[133.10736,34.54338],[133.10441,34.54202],[133.10275,34.53997],[133.09992,34.53933],[133.09727,34.5397],[133.09498,34.53902],[133.09277,34.53746],[133.08867,34.53908],[133.08813,34.53833],[133.08626,34.53913],[133.08571,34.53964],[133.08565,34.54117],[133.08483,34.54221],[133.08334,34.54321],[133.08182,34.54352],[133.0812,34.54654],[133.07954,34.54859],[133.07952,34.55087],[133.07852,34.55101],[133.07741,34.55023],[133.07655,34.55045],[133.07551,34.54996],[133.07528,34.551],[133.07213,34.55193],[133.06982,34.5523],[133.06806,34.55163],[133.06529,34.55259],[133.06201,34.55238],[133.06107,34.55417],[133.05724,34.55821],[133.05696,34.55925],[133.05454,34.55943],[133.05378,34.56021],[133.05059,34.56136],[133.04956,34.56227],[133.04627,34.56142],[133.04568,34.56265],[133.04438,34.56267],[133.04242,34.56436],[133.04082,34.56376],[133.03843,34.5644],[133.0376,34.56416],[133.03766,34.56304],[133.03619,34.56093],[133.03398,34.56002],[133.03262,34.56031],[133.03271,34.55734],[133.03154,34.5554],[133.02849,34.55413],[133.02509,34.55355],[133.02363,34.55227],[133.0211,34.55307],[133.02019,34.55399],[133.01111,34.55381],[133.00835,34.55217],[133.00543,34.55236],[133.00379,34.55113],[133.00266,34.55137],[133.00022,34.55082],[132.99933,34.54941],[132.99614,34.54809],[132.99617,34.54913],[132.99284,34.55168],[132.99276,34.55267],[132.99168,34.55262],[132.98943,34.55625],[132.98813,34.55698],[132.98375,34.55787],[132.98377,34.55911],[132.98112,34.56181],[132.98014,34.5621],[132.97925,34.56148],[132.97765,34.56206],[132.97709,34.56353],[132.97597,34.56431],[132.97616,34.56514],[132.97215,34.56797],[132.97234,34.56837],[132.97138,34.56984],[132.96409,34.56877],[132.96117,34.56956],[132.96019,34.57128],[132.9603,34.57198],[132.95928,34.57298],[132.95937,34.57479],[132.95876,34.57631],[132.95735,34.57569],[132.95687,34.57656],[132.953,34.57797],[132.94652,34.57816],[132.94481,34.57876],[132.94124,34.58052],[132.94025,34.58243],[132.93799,34.58271],[132.93592,34.58402],[132.93459,34.58559],[132.92998,34.58529],[132.92915,34.58589],[132.92437,34.58578],[132.92438,34.58724],[132.92316,34.58871],[132.92431,34.58973],[132.92436,34.59038],[132.91423,34.59169],[132.91302,34.5921],[132.91195,34.59329],[132.90836,34.59358],[132.90687,34.59205],[132.90769,34.59007],[132.90708,34.58902],[132.90296,34.58818],[132.90213,34.58645],[132.90245,34.5838],[132.90122,34.58128],[132.89686,34.5813],[132.89585,34.58202],[132.89544,34.58318],[132.89587,34.58463],[132.8946,34.5871],[132.89549,34.59121],[132.89325,34.59239],[132.89359,34.59384],[132.89466,34.59287],[132.8937,34.59471],[132.89392,34.59513]]]}},{"type":"Feature","properties":{"id":"muni-34545","name":"神石高原町"},"geometry":{"type":"Polygon","coordinates":[[[133.17685,34.71689],[133.17497,34.717],[133.17387,34.71478],[133.17301,34.71391],[133.17208,34.714],[133.1707,34.71495],[133.17009,34.71607],[133.16798,34.71692],[133.16749,34.71798],[133.16546,34.71938],[133.16527,34.72003],[133.16438,34.7203],[133.16421,34.72099],[133.16586,34.72296],[133.16531,34.72355],[133.16301,34.7241],[133.16253,34.72484],[133.16324,34.72597],[133.16263,34.72775],[133.16046,34.72731],[133.1598,34.72761],[133.16048,34.73066],[133.16012,34.73161],[133.15936,34.73191],[133.15949,34.73242],[133.16056,34.73275],[133.16275,34.73478],[133.16406,34.73521],[133.16447,34.73621],[133.16417,34.7369],[133.16532,34.73733],[133.16451,34.73803],[133.16474,34.73918],[133.16613,34.74047],[133.1654,34.74253],[133.16611,34.74337],[133.16467,34.74569],[133.16438,34.7488],[133.16606,34.75314],[133.16559,34.75872],[133.16634,34.75975],[133.16595,34.76078],[133.16699,34.76326],[133.1668,34.76459],[133.16796,34.76594],[133.16774,34.76706],[133.16671,34.76713],[133.16586,34.76865],[133.1627,34.77111],[133.16217,34.77276],[133.16135,34.77279],[133.16037,34.77451],[133.15892,34.77459],[133.15854,34.77395],[133.15722,34.77399],[133.15672,34.77459],[133.15697,34.77591],[133.15484,34.77553],[133.15442,34.77661],[133.15459,34.77811],[133.15237,34.77999],[133.15144,34.78059],[133.14883,34.77982],[133.14804,34.78177],[133.14667,34.78066],[133.14568,34.78048],[133.14438,34.78287],[133.143,34.78429],[133.13997,34.78615],[133.13824,34.78635],[133.13771,34.78897],[133.13833,34.78966],[133.13805,34.79111],[133.13838,34.79182],[133.13684,34.79361],[133.13537,34.79422],[133.13773,34.79808],[133.138,34.7994],[133.14071,34.79806],[133.14163,34.80107],[133.14046,34.80165],[133.14119,34.80373],[133.14357,34.80763],[133.14509,34.80885],[133.14472,34.81002],[133.14387,34.81049],[133.14382,34.81142],[133.14212,34.81346],[133.13964,34.8145],[133.13952,34.81595],[133.13846,34.81669],[133.13727,34.81911],[133.13735,34.82111],[133.13519,34.82377],[133.13512,34.82612],[133.139,34.82741],[133.14075,34.82735],[133.14235,34.82955],[133.14262,34.83086],[133.14162,34.83164],[133.14313,34.8327],[133.14264,34.83513],[133.14453,34.83678],[133.14208,34.83828],[133.14256,34.83928],[133.14409,34.84038],[133.14668,34.83983],[133.14952,34.84118],[133.15023,34.84228],[133.15353,34.84288],[133.15551,34.84389],[133.1571,34.84556],[133.15788,34.84772],[133.15967,34.84924],[133.16241,34.85363],[133.16314,34.85413],[133.16609,34.85415],[133.1695,34.85187],[133.17609,34.84915],[133.17945,34.84939],[133.18106,34.85096],[133.18385,34.85026],[133.18447,34.85083],[133.18544,34.85087],[133.18636,34.85205],[133.18901,34.85211],[133.19049,34.85125],[133.19105,34.85165],[133.1933,34.85172],[133.19485,34.85111],[133.19908,34.85242],[133.19949,34.85376],[133.20167,34.85526],[133.20232,34.85458],[133.20331,34.85504],[133.20416,34.85647],[133.2067,34.85765],[133.20733,34.86023],[133.20876,34.86147],[133.2105,34.86093],[133.21579,34.86163],[133.21542,34.85976],[133.21591,34.85847],[133.21677,34.85762],[133.21929,34.85764],[133.22127,34.85675],[133.22141,34.85633],[133.21984,34.85578],[133.22016,34.85431],[133.22142,34.85423],[133.22266,34.85319],[133.22176,34.85147],[133.22344,34.85058],[133.22314,34.84936],[133.22467,34.84753],[133.22747,34.84576],[133.22743,34.84531],[133.22547,34.84443],[133.22572,34.84365],[133.2288,34.84316],[133.23079,34.84361],[133.23047,34.84173],[133.22824,34.83994],[133.23019,34.83782],[133.22996,34.8366],[133.23436,34.8344],[133.23417,34.83133],[133.23507,34.83036],[133.2352,34.82898],[133.23436,34.82821],[133.23524,34.82746],[133.23427,34.8269],[133.23427,34.8262],[133.23265,34.82667],[133.23341,34.8242],[133.23265,34.824],[133.23069,34.82467],[133.23005,34.82262],[133.23247,34.82249],[133.23258,34.82088],[133.23181,34.8199],[133.23202,34.8196],[133.2353,34.8204],[133.2377,34.81903],[133.23915,34.8197],[133.24538,34.81084],[133.24581,34.81142],[133.24539,34.81307],[133.24616,34.8155],[133.24582,34.81947],[133.24667,34.82089],[133.24755,34.82109],[133.24883,34.82027],[133.25344,34.82222],[133.25367,34.82275],[133.253,34.8243],[133.2536,34.8249],[133.25733,34.82522],[133.25929,34.82673],[133.26186,34.82751],[133.26385,34.82757],[133.2681,34.83086],[133.27021,34.83087],[133.27198,34.83322],[133.27349,34.83386],[133.27462,34.8354],[133.27591,34.8355],[133.2749,34.8365],[133.27496,34.8373],[133.2742,34.83734],[133.27297,34.8385],[133.27475,34.84105],[133.27394,34.84273],[133.27556,34.844],[133.27699,34.84764],[133.27667,34.8482],[133.27379,34.84861],[133.27275,34.84961],[133.27327,34.85155],[133.27501,34.85208],[133.27726,34.85373],[133.28171,34.85369],[133.28484,34.8517],[133.28935,34.85365],[133.29323,34.8525],[133.2943,34.85144],[133.29485,34.84997],[133.29683,34.84897],[133.29807,34.84913],[133.29978,34.84822],[133.30422,34.84921],[133.30543,34.84849],[133.30681,34.84842],[133.30773,34.84746],[133.30926,34.84736],[133.31385,34.84771],[133.31757,34.85095],[133.32073,34.85296],[133.32224,34.8524],[133.32498,34.85272],[133.32614,34.85239],[133.32865,34.85307],[133.33081,34.85196],[133.33115,34.85095],[133.33053,34.84948],[133.33378,34.84837],[133.33529,34.84547],[133.33543,34.84452],[133.33391,34.84325],[133.33365,34.84192],[133.33253,34.84125],[133.33358,34.83819],[133.33567,34.83695],[133.33566,34.83509],[133.33907,34.83401],[133.33962,34.83253],[133.34102,34.83172],[133.34189,34.8305],[133.34418,34.82981],[133.34805,34.82922],[133.34676,34.83141],[133.34778,34.83179],[133.35288,34.83064],[133.35365,34.82835],[133.35629,34.82656],[133.35628,34.8243],[133.35657,34.82349],[133.35748,34.82288],[133.35707,34.82179],[133.35848,34.81994],[133.36338,34.8201],[133.36426,34.81954],[133.36516,34.81975],[133.36618,34.81883],[133.36775,34.81892],[133.3675,34.81643],[133.36847,34.8147],[133.37049,34.81381],[133.37291,34.81422],[133.3742,34.81384],[133.37545,34.81218],[133.37613,34.81019],[133.37808,34.80851],[133.37817,34.8059],[133.37915,34.8042],[133.37672,34.80058],[133.37746,34.79729],[133.37566,34.79631],[133.37585,34.79425],[133.37336,34.79238],[133.37224,34.7921],[133.37228,34.79126],[133.3711,34.79092],[133.36954,34.78914],[133.3706,34.78812],[133.37029,34.78619],[133.37134,34.7843],[133.37277,34.7842],[133.37667,34.78179],[133.37295,34.78028],[133.37173,34.77919],[133.37141,34.7771],[133.36933,34.77422],[133.36735,34.77441],[133.36675,34.77235],[133.36695,34.76885],[133.36518,34.76825],[133.36454,34.76715],[133.36571,34.76589],[133.36533,34.76478],[133.36673,34.76258],[133.36764,34.76216],[133.36756,34.7617],[133.36423,34.75964],[133.36156,34.75549],[133.36423,34.75432],[133.36572,34.75453],[133.36814,34.75225],[133.36723,34.74938],[133.37034,34.74805],[133.37026,34.74594],[133.36956,34.74393],[133.36775,34.74315],[133.36676,34.74102],[133.36437,34.74009],[133.36313,34.73737],[133.36115,34.73551],[133.36071,34.73431],[133.35818,34.73327],[133.36039,34.73071],[133.36144,34.727],[133.36373,34.7264],[133.36412,34.72437],[133.36952,34.72312],[133.36935,34.72104],[133.37001,34.72008],[133.36853,34.71813],[133.37047,34.71694],[133.37053,34.71594],[133.37131,34.7152],[133.37151,34.71311],[133.37086,34.71193],[133.36765,34.71116],[133.36548,34.71006],[133.36175,34.71225],[133.35907,34.71146],[133.35724,34.7116],[133.35672,34.71204],[133.35452,34.71175],[133.35518,34.71072],[133.35672,34.71111],[133.35842,34.70978],[133.35993,34.70935],[133.35991,34.70863],[133.36209,34.70657],[133.36273,34.70473],[133.36456,34.70292],[133.36527,34.70113],[133.3662,34.70058],[133.36723,34.69817],[133.3682,34.6972],[133.36861,34.69527],[133.36829,34.69496],[133.36685,34.69523],[133.3664,34.69626],[133.36579,34.69635],[133.36519,34.69558],[133.36504,34.69402],[133.36695,34.69391],[133.36676,34.69206],[133.36805,34.69147],[133.36827,34.69089],[133.36795,34.69048],[133.3656,34.69075],[133.36367,34.68883],[133.36154,34.68874],[133.36127,34.6894],[133.35999,34.68975],[133.3567,34.68939],[133.35545,34.68682],[133.35277,34.68651],[133.3523,34.68395],[133.34924,34.68338],[133.34873,34.68183],[133.3477,34.68123],[133.34752,34.67966],[133.3457,34.6783],[133.34459,34.67808],[133.34195,34.67876],[133.3415,34.67966],[133.33973,34.6804],[133.33801,34.67969],[133.33765,34.6783],[133.33636,34.67735],[133.33624,34.67624],[133.33832,34.67412],[133.33984,34.67144],[133.34013,34.66998],[133.33982,34.66918],[133.33236,34.66618],[133.33177,34.66561],[133.33318,34.66555],[133.33414,34.66458],[133.3343,34.66195],[133.32878,34.66038],[133.3275,34.65899],[133.32616,34.65861],[133.32427,34.65653],[133.32235,34.6561],[133.32224,34.65477],[133.32131,34.65354],[133.31939,34.65265],[133.31966,34.65043],[133.31803,34.64985],[133.31826,34.64794],[133.31723,34.64548],[133.31749,34.64391],[133.31686,34.64339],[133.31797,34.64241],[133.31807,34.64124],[133.31743,34.64062],[133.31791,34.63958],[133.31726,34.63912],[133.31727,34.63852],[133.31595,34.63823],[133.31522,34.63694],[133.31453,34.63717],[133.31376,34.63647],[133.31326,34.63702],[133.31196,34.63717],[133.31163,34.63798],[133.30971,34.63776],[133.30842,34.63954],[133.30541,34.64206],[133.30432,34.64425],[133.30511,34.64632],[133.30437,34.64812],[133.30345,34.64803],[133.30103,34.64586],[133.30048,34.64611],[133.29957,34.64554],[133.29881,34.64643],[133.29713,34.64535],[133.29661,34.64417],[133.29537,34.64406],[133.29436,34.64527],[133.29184,34.64491],[133.28975,34.64531],[133.29068,34.64529],[133.28978,34.64676],[133.28943,34.64954],[133.28979,34.65142],[133.29105,34.65369],[133.29125,34.65606],[133.29178,34.65693],[133.29129,34.65857],[133.29182,34.6598],[133.29054,34.66014],[133.29086,34.66315],[133.28961,34.66373],[133.2893,34.66499],[133.28865,34.66531],[133.28947,34.66667],[133.28926,34.66743],[133.28783,34.66771],[133.28791,34.66875],[133.28687,34.66913],[133.28574,34.66903],[133.28494,34.66789],[133.28464,34.6665],[133.28546,34.66313],[133.28467,34.66057],[133.28402,34.66007],[133.28405,34.65912],[133.28305,34.66032],[133.28295,34.66112],[133.28208,34.66164],[133.28093,34.66404],[133.27872,34.66452],[133.27605,34.66612],[133.27513,34.66632],[133.27455,34.66548],[133.27258,34.66535],[133.2715,34.666],[133.26994,34.6661],[133.26807,34.66446],[133.26501,34.66428],[133.26577,34.66351],[133.26453,34.66312],[133.26445,34.66259],[133.26504,34.66218],[133.26406,34.65783],[133.26207,34.65701],[133.26288,34.65535],[133.26086,34.65399],[133.26097,34.65333],[133.26015,34.65208],[133.26038,34.65156],[133.25975,34.65114],[133.26027,34.65042],[133.26086,34.65156],[133.262,34.65149],[133.26222,34.65102],[133.26129,34.65061],[133.26126,34.65007],[133.25981,34.64925],[133.25889,34.64927],[133.25785,34.65041],[133.25725,34.65031],[133.25688,34.65204],[133.255,34.65271],[133.25281,34.64778],[133.25079,34.64675],[133.24965,34.6466],[133.24841,34.64728],[133.24467,34.64626],[133.24413,34.6455],[133.24409,34.64397],[133.24296,34.64292],[133.24084,34.6431],[133.24115,34.64164],[133.239,34.64084],[133.23616,34.64137],[133.23582,34.64161],[133.23603,34.64247],[133.23477,34.64225],[133.23296,34.64326],[133.23255,34.64425],[133.2327,34.64585],[133.22999,34.64826],[133.22784,34.64823],[133.22698,34.64923],[133.22544,34.6495],[133.22355,34.64783],[133.22262,34.64774],[133.22188,34.64601],[133.21989,34.64577],[133.21944,34.64716],[133.21733,34.64854],[133.21576,34.64866],[133.21304,34.64797],[133.21202,34.64966],[133.21,34.65041],[133.20653,34.65436],[133.19792,34.65926],[133.19167,34.66063],[133.1904,34.66188],[133.18706,34.66163],[133.18527,34.66317],[133.18539,34.66364],[133.18761,34.66533],[133.18908,34.66563],[133.19032,34.66797],[133.19035,34.66951],[133.19196,34.6716],[133.18834,34.67383],[133.18629,34.67293],[133.18308,34.67283],[133.18209,34.6747],[133.18255,34.67772],[133.18456,34.6785],[133.18426,34.68046],[133.18491,34.68165],[133.18654,34.68244],[133.18724,34.68471],[133.19118,34.68565],[133.19248,34.68667],[133.19664,34.68643],[133.19721,34.68812],[133.19608,34.69032],[133.19808,34.69054],[133.20048,34.69178],[133.20095,34.69419],[133.19988,34.69513],[133.19891,34.69827],[133.19697,34.69924],[133.1961,34.70189],[133.19531,34.70279],[133.19418,34.70316],[133.19442,34.70437],[133.19293,34.7053],[133.1926,34.70621],[133.18887,34.70745],[133.18935,34.70931],[133.18632,34.71026],[133.18313,34.70887],[133.18167,34.70941],[133.18128,34.71121],[133.1775,34.71389],[133.17776,34.71457],[133.17685,34.71689]]]}}]}