{"type":"FeatureCollection","features":[{"type":"Feature","properties":{"id":"muni-35201","name":"下関市"},"geometry":{"type":"MultiPolygon","coordinates":[[[[130.86598,33.98114],[130.86882,33.978],[130.8677,33.97691],[130.86881,33.97578],[130.86887,33.97486],[130.86837,33.97609],[130.86762,33.97561],[130.86772,33.9751],[130.86709,33.9757],[130.86642,33.97544],[130.86692,33.97473],[130.86742,33.97493],[130.86653,33.97442],[130.86723,33.97302],[130.86798,33.97278],[130.86799,33.97328],[130.8681,33.97285],[130.86782,33.97201],[130.86797,33.9727],[130.86763,33.97273],[130.86715,33.97121],[130.8662,33.97026],[130.86202,33.97061],[130.8608,33.97014],[130.86094,33.97077],[130.86025,33.97146],[130.85978,33.97324],[130.85998,33.97589],[130.86124,33.9795],[130.86241,33.98066],[130.86423,33.98114],[130.86514,33.98072],[130.86598,33.98114]]],[[[130.8983,33.98491],[130.88947,33.98538],[130.88915,33.98324],[130.88994,33.98981],[130.89446,33.99371],[130.89824,33.99061],[130.90543,33.99024],[130.90538,33.98977],[130.89877,33.99025],[130.8983,33.98491]]],[[[130.77545,34.11262],[130.7758,34.11486],[130.77705,34.11514],[130.77738,34.11598],[130.77811,34.11532],[130.77951,34.11574],[130.78175,34.11425],[130.78152,34.11345],[130.7822,34.11365],[130.78306,34.11274],[130.78349,34.11044],[130.78293,34.10774],[130.78321,34.10706],[130.784,34.10714],[130.78403,34.10631],[130.78466,34.10617],[130.78545,34.1068],[130.78566,34.10635],[130.78815,34.10676],[130.7884,34.1086],[130.78938,34.10896],[130.79029,34.10869],[130.7904,34.10751],[130.79142,34.10775],[130.79084,34.10658],[130.79174,34.10585],[130.79305,34.10625],[130.79356,34.10565],[130.79431,34.10596],[130.79488,34.10517],[130.7963,34.10458],[130.79702,34.10122],[130.80009,34.10003],[130.79957,34.09876],[130.79781,34.09787],[130.79748,34.09707],[130.79768,34.09598],[130.79884,34.09516],[130.7986,34.09452],[130.79967,34.0935],[130.79791,34.09228],[130.7951,34.09281],[130.79436,34.09389],[130.79424,34.09736],[130.7928,34.09889],[130.79268,34.09973],[130.79183,34.10008],[130.79138,34.09945],[130.79163,34.09989],[130.79118,34.10051],[130.78955,34.1008],[130.78938,34.10036],[130.7895,34.10081],[130.78827,34.10097],[130.78795,34.10022],[130.78949,34.09999],[130.78816,34.09999],[130.78721,34.09936],[130.78776,34.0989],[130.78874,34.09945],[130.78937,34.09948],[130.78776,34.09883],[130.7869,34.09958],[130.78342,34.09784],[130.78215,34.09798],[130.78114,34.10206],[130.77759,34.10286],[130.77599,34.10479],[130.77596,34.10617],[130.77534,34.10678],[130.77575,34.10715],[130.77522,34.10919],[130.77576,34.11106],[130.77511,34.11255],[130.77545,34.11262]]],[[[130.866,34.12165],[130.86631,34.12673],[130.86591,34.12778],[130.86668,34.13146],[130.86618,34.13266],[130.86527,34.13339],[130.86583,34.13342],[130.8656,34.13419],[130.86673,34.13675],[130.86945,34.13754],[130.87062,34.1385],[130.87213,34.13804],[130.87428,34.13852],[130.87675,34.13733],[130.87761,34.13615],[130.87867,34.13623],[130.87983,34.13715],[130.87887,34.13884],[130.88026,34.14154],[130.88174,34.14209],[130.88591,34.1421],[130.8868,34.14132],[130.88572,34.14118],[130.88586,34.13987],[130.88766,34.13843],[130.88592,34.1397],[130.88559,34.13953],[130.88687,34.13842],[130.88557,34.13952],[130.88511,34.13811],[130.88386,34.13741],[130.8856,34.13584],[130.88635,34.13655],[130.88559,34.1358],[130.88667,34.13541],[130.88763,34.13545],[130.88779,34.136],[130.88683,34.13741],[130.88727,34.1374],[130.88791,34.13601],[130.88764,34.13509],[130.89018,34.13475],[130.8913,34.13504],[130.89131,34.134],[130.89166,34.13387],[130.89175,34.13458],[130.8954,34.13557],[130.89866,34.13728],[130.90148,34.13945],[130.90386,34.14251],[130.90666,34.13991],[130.90773,34.1396],[130.90397,34.14303],[130.90433,34.14531],[130.90396,34.1465],[130.90261,34.14714],[130.90312,34.14694],[130.90312,34.14747],[130.90316,34.14696],[130.90447,34.14646],[130.90461,34.14735],[130.90367,34.14748],[130.9042,34.14752],[130.90477,34.14731],[130.90496,34.14735],[130.90398,34.14765],[130.90364,34.1485],[130.90406,34.14864],[130.90164,34.14795],[130.90161,34.14716],[130.90163,34.14827],[130.90043,34.14843],[130.90027,34.14831],[130.90045,34.14804],[130.90042,34.14745],[130.90033,34.14745],[130.89995,34.14908],[130.89916,34.14961],[130.8995,34.1504],[130.89875,34.15076],[130.89909,34.15162],[130.89974,34.15173],[130.89968,34.15253],[130.89826,34.15304],[130.8981,34.15234],[130.89734,34.15204],[130.89604,34.1525],[130.89641,34.15295],[130.8959,34.15311],[130.89722,34.15379],[130.89746,34.15441],[130.89782,34.15458],[130.89827,34.15401],[130.89879,34.15459],[130.89941,34.15403],[130.90217,34.15333],[130.90271,34.15273],[130.90478,34.15297],[130.90619,34.15421],[130.90728,34.15744],[130.90797,34.15819],[130.9113,34.1599],[130.90998,34.15911],[130.91041,34.15862],[130.91082,34.15886],[130.91045,34.15857],[130.9107,34.15828],[130.91142,34.15865],[130.9107,34.15825],[130.91097,34.15788],[130.91231,34.15818],[130.91148,34.15947],[130.91234,34.15911],[130.91339,34.15669],[130.91371,34.15635],[130.91409,34.15661],[130.91327,34.158],[130.91575,34.15948],[130.91613,34.15925],[130.91585,34.15956],[130.92178,34.16626],[130.92526,34.16906],[130.92691,34.17271],[130.92777,34.1727],[130.92768,34.1734],[130.92836,34.17391],[130.92723,34.17422],[130.92785,34.17576],[130.9271,34.17599],[130.92614,34.17684],[130.92645,34.17664],[130.92668,34.17713],[130.92647,34.17662],[130.927,34.17612],[130.92867,34.17559],[130.92874,34.17684],[130.92796,34.17714],[130.92871,34.17716],[130.92872,34.17752],[130.92852,34.17798],[130.92707,34.17791],[130.92699,34.17745],[130.92702,34.17806],[130.92663,34.17778],[130.92665,34.17811],[130.92568,34.17819],[130.92552,34.17702],[130.92525,34.17662],[130.92589,34.18008],[130.92651,34.18013],[130.9262,34.18054],[130.92677,34.18136],[130.92842,34.18115],[130.92903,34.182],[130.9313,34.18292],[130.93281,34.18629],[130.93289,34.18686],[130.93229,34.18743],[130.93355,34.18826],[130.93324,34.1898],[130.932,34.19025],[130.93255,34.19072],[130.93207,34.19072],[130.93262,34.19125],[130.93255,34.19214],[130.93148,34.1929],[130.93228,34.19345],[130.93203,34.1944],[130.9316,34.19441],[130.93182,34.19489],[130.93248,34.1946],[130.93251,34.19544],[130.93147,34.19627],[130.93201,34.19669],[130.93175,34.1976],[130.93222,34.19841],[130.93075,34.19991],[130.93149,34.2005],[130.93099,34.20108],[130.93151,34.20128],[130.93144,34.20226],[130.93109,34.20306],[130.93056,34.20307],[130.92928,34.20449],[130.93028,34.20404],[130.93112,34.20466],[130.93116,34.20452],[130.93155,34.20443],[130.93118,34.20465],[130.93147,34.20522],[130.93139,34.20598],[130.93212,34.20679],[130.93136,34.20606],[130.93121,34.20505],[130.93077,34.20961],[130.92993,34.21159],[130.92882,34.21291],[130.92817,34.21233],[130.92673,34.21215],[130.92854,34.21274],[130.92703,34.2136],[130.92663,34.21332],[130.92722,34.213],[130.92688,34.2127],[130.92647,34.21314],[130.92524,34.2125],[130.92558,34.21162],[130.92471,34.21274],[130.923,34.21249],[130.92209,34.213],[130.91987,34.21306],[130.91623,34.21495],[130.91668,34.21588],[130.91619,34.21635],[130.91835,34.21816],[130.91926,34.21977],[130.91909,34.22331],[130.92118,34.2241],[130.92272,34.22573],[130.92319,34.2294],[130.92302,34.23555],[130.92147,34.23997],[130.91953,34.24179],[130.91698,34.24269],[130.91556,34.24423],[130.91187,34.24554],[130.90941,34.24891],[130.90859,34.24932],[130.90827,34.24876],[130.90845,34.24964],[130.90794,34.24842],[130.90796,34.24955],[130.9004,34.25448],[130.89979,34.25605],[130.89892,34.25675],[130.89945,34.25802],[130.89894,34.26067],[130.89636,34.26569],[130.89487,34.26682],[130.89211,34.2675],[130.89084,34.26844],[130.88947,34.27002],[130.88953,34.27158],[130.88888,34.27159],[130.88758,34.27223],[130.8893,34.2717],[130.88921,34.27245],[130.88957,34.27217],[130.88959,34.27263],[130.88798,34.27316],[130.88783,34.27272],[130.88755,34.27286],[130.888,34.27337],[130.88711,34.27352],[130.88651,34.27324],[130.88687,34.27202],[130.88623,34.27371],[130.88559,34.27366],[130.8831,34.27557],[130.88143,34.27566],[130.87926,34.27738],[130.87892,34.27857],[130.87811,34.27931],[130.87412,34.28089],[130.87412,34.28142],[130.87369,34.28133],[130.87396,34.28172],[130.87333,34.28195],[130.87366,34.28252],[130.87304,34.28344],[130.87002,34.28499],[130.86846,34.28511],[130.86891,34.28572],[130.86688,34.28779],[130.86762,34.28978],[130.86726,34.29019],[130.86856,34.29029],[130.86886,34.29109],[130.86983,34.29143],[130.87016,34.29228],[130.86972,34.29348],[130.87265,34.29517],[130.87277,34.29568],[130.87392,34.29574],[130.87582,34.29493],[130.87937,34.29524],[130.88049,34.29463],[130.8822,34.29566],[130.88418,34.29787],[130.886,34.30246],[130.88503,34.3037],[130.88572,34.30402],[130.88545,34.30477],[130.88431,34.30474],[130.88326,34.3061],[130.88467,34.30615],[130.88475,34.30657],[130.88428,34.30668],[130.8846,34.30742],[130.8857,34.30832],[130.88487,34.31062],[130.88592,34.31102],[130.88551,34.31177],[130.88606,34.31167],[130.88734,34.31289],[130.88694,34.31246],[130.88738,34.31219],[130.88644,34.31188],[130.88817,34.31104],[130.88868,34.31108],[130.88853,34.31176],[130.88875,34.31108],[130.88934,34.31149],[130.8897,34.311],[130.89016,34.31115],[130.88966,34.30957],[130.89203,34.30935],[130.8931,34.30975],[130.89353,34.31045],[130.89417,34.31017],[130.89385,34.31052],[130.89262,34.31069],[130.8927,34.31122],[130.89363,34.31167],[130.89317,34.31244],[130.89179,34.31218],[130.89135,34.3125],[130.89175,34.31282],[130.8914,34.31323],[130.89165,34.31441],[130.89089,34.31532],[130.89053,34.315],[130.89019,34.31537],[130.8908,34.316],[130.89035,34.31632],[130.89092,34.3162],[130.89026,34.31657],[130.89034,34.31731],[130.89094,34.31772],[130.89119,34.31704],[130.8939,34.31608],[130.89615,34.31687],[130.8968,34.31658],[130.89761,34.31729],[130.89558,34.31846],[130.89292,34.31826],[130.89248,34.31843],[130.89283,34.31866],[130.89254,34.31907],[130.89138,34.31905],[130.89204,34.32017],[130.89342,34.3206],[130.89464,34.31982],[130.89555,34.32008],[130.8957,34.32062],[130.89511,34.32077],[130.89608,34.32183],[130.89546,34.32219],[130.89649,34.32288],[130.89601,34.32398],[130.898,34.3248],[130.89772,34.32551],[130.89654,34.3256],[130.89441,34.32287],[130.89393,34.32336],[130.89264,34.32255],[130.89223,34.32305],[130.89347,34.32431],[130.89269,34.32461],[130.89145,34.32428],[130.89237,34.32659],[130.89175,34.32858],[130.89291,34.3283],[130.89228,34.32907],[130.89246,34.32969],[130.89182,34.33003],[130.89177,34.3314],[130.89323,34.33087],[130.8943,34.33204],[130.89498,34.33191],[130.89354,34.33239],[130.89295,34.33315],[130.89207,34.33245],[130.89061,34.33269],[130.88965,34.33189],[130.88926,34.33237],[130.88945,34.33317],[130.89072,34.33317],[130.89007,34.33393],[130.89027,34.33445],[130.89104,34.33452],[130.88989,34.33517],[130.88988,34.33647],[130.89002,34.33617],[130.89039,34.33772],[130.89154,34.33794],[130.89164,34.33945],[130.89081,34.341],[130.89112,34.3417],[130.8905,34.3429],[130.88883,34.34427],[130.89012,34.3452],[130.89018,34.34721],[130.89131,34.34696],[130.89443,34.34767],[130.89542,34.34871],[130.89672,34.349],[130.89719,34.34995],[130.89899,34.35058],[130.89965,34.3518],[130.89952,34.35268],[130.89891,34.35302],[130.89959,34.35339],[130.89955,34.35449],[130.89966,34.35332],[130.90084,34.35338],[130.90083,34.35379],[130.90103,34.35327],[130.902,34.35331],[130.90131,34.35425],[130.90185,34.35429],[130.90186,34.35475],[130.90083,34.35465],[130.90066,34.35425],[130.90039,34.35554],[130.89937,34.35537],[130.90028,34.35564],[130.90038,34.35609],[130.89955,34.36073],[130.90018,34.36089],[130.90106,34.36295],[130.90185,34.36293],[130.9025,34.36181],[130.90297,34.36213],[130.90336,34.36167],[130.90429,34.36188],[130.90422,34.36222],[130.90536,34.36216],[130.90522,34.36357],[130.9063,34.36337],[130.90586,34.36316],[130.90647,34.36263],[130.9059,34.36251],[130.90599,34.36205],[130.90939,34.35805],[130.91017,34.35628],[130.91141,34.35551],[130.91163,34.35433],[130.91285,34.35459],[130.91301,34.35395],[130.91466,34.35362],[130.9136,34.35249],[130.91403,34.35162],[130.91666,34.35195],[130.91705,34.35159],[130.91902,34.35362],[130.91981,34.35312],[130.92013,34.35376],[130.92162,34.35349],[130.92131,34.35337],[130.92208,34.35285],[130.9211,34.35247],[130.92081,34.3518],[130.92178,34.3515],[130.92089,34.35107],[130.92176,34.35093],[130.92217,34.34993],[130.92346,34.35041],[130.9251,34.34876],[130.92407,34.34859],[130.92443,34.3479],[130.92379,34.34695],[130.92472,34.34687],[130.92454,34.34724],[130.92527,34.34788],[130.92612,34.34797],[130.92629,34.34718],[130.92588,34.34688],[130.92657,34.34619],[130.92615,34.34604],[130.92647,34.34553],[130.92555,34.34605],[130.92455,34.34539],[130.92569,34.34498],[130.9261,34.34524],[130.9251,34.3424],[130.92663,34.34131],[130.92833,34.34096],[130.9302,34.34147],[130.932,34.34277],[130.93081,34.34363],[130.9316,34.34446],[130.93029,34.34496],[130.93109,34.34596],[130.93084,34.34624],[130.9314,34.34631],[130.93156,34.3474],[130.93257,34.34779],[130.93248,34.34836],[130.93338,34.34767],[130.93491,34.34814],[130.935,34.34862],[130.93378,34.35015],[130.93398,34.35051],[130.93491,34.35029],[130.93452,34.35133],[130.93504,34.35215],[130.93585,34.35185],[130.93594,34.35224],[130.93641,34.35163],[130.93847,34.35241],[130.93885,34.35221],[130.93875,34.35144],[130.94021,34.35123],[130.94047,34.3518],[130.94172,34.35174],[130.94355,34.35262],[130.94327,34.35333],[130.94353,34.35313],[130.94392,34.35382],[130.94349,34.35439],[130.94399,34.35396],[130.94449,34.35438],[130.94512,34.35377],[130.94566,34.35472],[130.94602,34.35415],[130.94512,34.353],[130.94554,34.35234],[130.94881,34.35238],[130.94975,34.35373],[130.9528,34.35458],[130.95296,34.35524],[130.95529,34.35518],[130.95658,34.35587],[130.95712,34.35547],[130.95831,34.35577],[130.96035,34.35547],[130.95994,34.35655],[130.96113,34.35671],[130.96127,34.35711],[130.96193,34.35682],[130.96201,34.35742],[130.96285,34.35741],[130.96279,34.35833],[130.96321,34.35823],[130.96441,34.35945],[130.9641,34.35993],[130.96485,34.35984],[130.96459,34.36053],[130.96564,34.36084],[130.96551,34.36213],[130.96728,34.36323],[130.9682,34.36313],[130.97071,34.36404],[130.97368,34.3641],[130.97463,34.36306],[130.97642,34.36218],[130.98031,34.36357],[130.98029,34.36232],[130.98092,34.36266],[130.98618,34.35985],[130.98803,34.35987],[130.99144,34.35806],[130.99206,34.35846],[130.99351,34.3581],[130.99397,34.35767],[130.99426,34.35535],[130.99584,34.35435],[130.99722,34.35264],[131.0011,34.35275],[131.00274,34.34555],[131.00621,34.3445],[131.00766,34.34298],[131.01055,34.3424],[131.01326,34.34037],[131.01359,34.33886],[131.01498,34.33764],[131.01501,34.33579],[131.01573,34.33549],[131.01649,34.33407],[131.01751,34.3337],[131.01822,34.33227],[131.01986,34.33128],[131.02093,34.32874],[131.02019,34.32551],[131.02474,34.32465],[131.02708,34.32314],[131.02984,34.32212],[131.03163,34.32221],[131.03258,34.32161],[131.03376,34.31917],[131.03378,34.31796],[131.03525,34.31614],[131.03602,34.31337],[131.03574,34.31148],[131.04068,34.31024],[131.043,34.31095],[131.04629,34.30844],[131.04851,34.30762],[131.04968,34.30639],[131.05118,34.30579],[131.05314,34.3058],[131.05469,34.30511],[131.05793,34.30525],[131.05792,34.30402],[131.05841,34.30367],[131.05816,34.30022],[131.05973,34.30007],[131.06031,34.29939],[131.06089,34.29804],[131.06249,34.29645],[131.06203,34.2955],[131.06341,34.29537],[131.06575,34.29341],[131.06697,34.29296],[131.06733,34.292],[131.06959,34.29198],[131.0745,34.29322],[131.07554,34.29132],[131.0767,34.29071],[131.07737,34.28915],[131.07983,34.28738],[131.08013,34.28651],[131.08107,34.28607],[131.08158,34.2852],[131.0836,34.28409],[131.08334,34.28263],[131.08386,34.28095],[131.08562,34.27873],[131.08519,34.27843],[131.08536,34.27758],[131.08431,34.27343],[131.08565,34.27227],[131.0865,34.26822],[131.08709,34.26737],[131.08915,34.26716],[131.09005,34.26752],[131.09221,34.26625],[131.09456,34.26633],[131.09764,34.26317],[131.10063,34.26293],[131.10209,34.26179],[131.10265,34.26279],[131.10383,34.26335],[131.10585,34.26751],[131.10738,34.26701],[131.10805,34.26526],[131.1118,34.26378],[131.11294,34.26368],[131.1147,34.26501],[131.11717,34.2659],[131.1184,34.2657],[131.1194,34.26442],[131.12101,34.26555],[131.12266,34.26515],[131.12286,34.26433],[131.12343,34.26639],[131.12492,34.2672],[131.12962,34.26724],[131.13443,34.2701],[131.13587,34.27004],[131.13868,34.27108],[131.13956,34.27228],[131.14076,34.27181],[131.14253,34.27191],[131.14338,34.27057],[131.14439,34.27012],[131.14905,34.26938],[131.15133,34.26957],[131.15515,34.27088],[131.15922,34.26858],[131.15972,34.26538],[131.16063,34.26526],[131.16168,34.26391],[131.16143,34.2629],[131.16378,34.2626],[131.16431,34.26212],[131.17023,34.26269],[131.17102,34.26379],[131.17229,34.26411],[131.17247,34.26323],[131.17101,34.26103],[131.17201,34.25622],[131.17002,34.25288],[131.1686,34.25244],[131.1677,34.25156],[131.167,34.25012],[131.16749,34.24914],[131.16606,34.24815],[131.16632,34.24682],[131.16559,34.24605],[131.16559,34.24517],[131.16387,34.24327],[131.16072,34.24179],[131.16108,34.23933],[131.15984,34.23817],[131.16115,34.23679],[131.16058,34.23605],[131.16162,34.23508],[131.16192,34.23411],[131.16006,34.23111],[131.15694,34.23081],[131.15551,34.23253],[131.15291,34.23316],[131.14876,34.23209],[131.14627,34.23025],[131.14615,34.2283],[131.14499,34.22559],[131.14375,34.2252],[131.14176,34.22576],[131.13997,34.22561],[131.13711,34.22427],[131.1368,34.22286],[131.13616,34.22238],[131.13501,34.22241],[131.13408,34.22174],[131.13192,34.22206],[131.13044,34.22008],[131.12859,34.22069],[131.12804,34.21968],[131.12615,34.21931],[131.12385,34.21758],[131.12373,34.21696],[131.12305,34.21682],[131.12258,34.2159],[131.12165,34.21569],[131.12161,34.21467],[131.12092,34.21415],[131.12145,34.2131],[131.11854,34.21221],[131.11866,34.21],[131.11762,34.21136],[131.11748,34.21068],[131.11604,34.21103],[131.1142,34.21004],[131.11364,34.20828],[131.11221,34.2082],[131.1107,34.2072],[131.10984,34.20757],[131.10775,34.20626],[131.10773,34.2056],[131.1072,34.20535],[131.10797,34.20223],[131.10952,34.20097],[131.10926,34.19819],[131.10838,34.19714],[131.10532,34.19578],[131.10475,34.19358],[131.10311,34.1917],[131.10122,34.19175],[131.0994,34.19009],[131.09864,34.18784],[131.09933,34.18703],[131.09931,34.18564],[131.09866,34.18472],[131.09886,34.1834],[131.09922,34.18291],[131.10273,34.18173],[131.10365,34.18202],[131.10389,34.18009],[131.10516,34.18127],[131.10608,34.18132],[131.10481,34.17922],[131.10773,34.17907],[131.10819,34.17804],[131.1067,34.17509],[131.10831,34.17417],[131.10898,34.17235],[131.11205,34.17231],[131.11274,34.17103],[131.11253,34.16935],[131.11495,34.16733],[131.11566,34.1655],[131.11555,34.16433],[131.1166,34.16302],[131.11602,34.16117],[131.11411,34.16138],[131.11335,34.16064],[131.11245,34.16097],[131.11121,34.16058],[131.11091,34.15987],[131.10896,34.15998],[131.10825,34.15936],[131.10699,34.15965],[131.10648,34.15919],[131.10648,34.15776],[131.10524,34.1583],[131.10414,34.15767],[131.10374,34.1587],[131.10424,34.16022],[131.10322,34.16178],[131.10168,34.16299],[131.10025,34.1631],[131.09944,34.16204],[131.09874,34.16193],[131.09871,34.16347],[131.09767,34.16342],[131.09707,34.16454],[131.09711,34.1662],[131.09578,34.16708],[131.09322,34.16657],[131.09246,34.16778],[131.09094,34.16834],[131.08856,34.1664],[131.08848,34.1657],[131.08962,34.16446],[131.08903,34.16025],[131.08929,34.15847],[131.08995,34.15787],[131.08956,34.15729],[131.08951,34.15455],[131.09027,34.1535],[131.08479,34.14814],[131.08435,34.14704],[131.08254,34.14679],[131.0826,34.14523],[131.08329,34.14444],[131.08309,34.14277],[131.08388,34.14181],[131.08544,34.14129],[131.08437,34.13933],[131.0843,34.13641],[131.08315,34.13524],[131.08419,34.13392],[131.08293,34.13302],[131.08405,34.13081],[131.0867,34.12986],[131.08748,34.12775],[131.08929,34.12738],[131.09033,34.12583],[131.09174,34.12491],[131.09609,34.12444],[131.09766,34.12498],[131.0991,34.12421],[131.0994,34.12321],[131.10133,34.12317],[131.09968,34.12077],[131.10008,34.11785],[131.10359,34.11557],[131.10476,34.11556],[131.10712,34.11321],[131.10871,34.11339],[131.10922,34.11291],[131.10914,34.1112],[131.11156,34.11025],[131.11181,34.10895],[131.11325,34.10784],[131.11204,34.10584],[131.11256,34.10353],[131.11193,34.10236],[131.11051,34.1014],[131.10989,34.09942],[131.1116,34.09586],[131.11071,34.09462],[131.11071,34.0939],[131.11207,34.09239],[131.10972,34.09192],[131.10749,34.09272],[131.10592,34.09166],[131.1056,34.09012],[131.10733,34.08902],[131.10692,34.08772],[131.10767,34.08333],[131.11053,34.07985],[131.10993,34.07958],[131.11041,34.07736],[131.11186,34.07549],[131.11087,34.075],[131.10951,34.07523],[131.10812,34.07422],[131.10672,34.0743],[131.10647,34.07335],[131.10467,34.07168],[131.104,34.07227],[131.10158,34.07132],[131.09739,34.07502],[131.09538,34.07106],[131.09033,34.07376],[131.0896,34.07523],[131.08828,34.07392],[131.0843,34.07409],[131.08311,34.07342],[131.08138,34.07371],[131.07966,34.07306],[131.07751,34.07135],[131.07599,34.07172],[131.07487,34.07146],[131.07403,34.07065],[131.07415,34.0702],[131.07874,34.06749],[131.08058,34.06771],[131.08218,34.06866],[131.08227,34.06722],[131.08286,34.06695],[131.0825,34.06635],[131.08407,34.06401],[131.08237,34.06344],[131.07993,34.05894],[131.07719,34.05999],[131.0763,34.05963],[131.07597,34.05871],[131.07319,34.05705],[131.07152,34.0566],[131.07065,34.05462],[131.06926,34.05321],[131.06941,34.05216],[131.07027,34.05154],[131.06941,34.05032],[131.06991,34.04814],[131.0686,34.04611],[131.06849,34.04408],[131.06954,34.04359],[131.06823,34.04285],[131.06771,34.03897],[131.06392,34.03993],[131.06341,34.03928],[131.06188,34.0395],[131.06087,34.03909],[131.06203,34.03976],[131.06207,34.04008],[131.06107,34.04026],[131.06167,34.04116],[131.06118,34.04111],[131.06064,34.04002],[131.05969,34.04034],[131.05964,34.04009],[131.06033,34.03963],[131.06039,34.03926],[131.0596,34.04009],[131.05963,34.04053],[131.04733,34.04235],[131.04611,34.04382],[131.04835,34.04747],[131.04784,34.05044],[131.04608,34.05189],[131.04622,34.05245],[131.04353,34.05284],[131.04282,34.05373],[131.04321,34.05713],[131.04281,34.05723],[131.04249,34.05604],[131.04177,34.0558],[131.04031,34.061],[131.03868,34.06089],[131.03782,34.05705],[131.03698,34.05721],[131.03574,34.05505],[131.03381,34.0534],[131.03294,34.04975],[131.03192,34.04839],[131.02976,34.04758],[131.02508,34.04943],[131.02471,34.04881],[131.0264,34.04814],[131.02842,34.04567],[131.03175,34.04283],[131.03065,34.03932],[131.02535,34.03684],[131.02607,34.03576],[131.02546,34.03612],[131.02397,34.03527],[131.02436,34.03468],[131.02631,34.03551],[131.02426,34.03456],[131.02341,34.03574],[131.02303,34.03565],[131.01971,34.03342],[131.01931,34.03249],[131.01848,34.0326],[131.01917,34.03211],[131.0187,34.03222],[131.01861,34.03169],[131.01788,34.03144],[131.01855,34.03087],[131.01937,34.03146],[131.01882,34.03063],[131.01777,34.03127],[131.01552,34.02956],[131.01612,34.02903],[131.01581,34.0292],[131.01494,34.02823],[131.01607,34.02754],[131.01559,34.02615],[131.016,34.02752],[131.01569,34.02771],[131.01473,34.0265],[131.01317,34.02733],[131.01127,34.02621],[131.01083,34.02638],[131.01114,34.02591],[131.01257,34.02657],[131.01856,34.02426],[131.02148,34.02011],[131.01169,34.0096],[131.00812,34.01141],[131.00961,34.01351],[131.0058,34.01536],[131.00497,34.01655],[131.00456,34.01613],[131.00337,34.01653],[131.00284,34.01544],[131.00441,34.01447],[131.00187,34.00999],[131.00142,34.0102],[131.00112,34.00977],[130.99734,34.0116],[130.99696,34.011],[131.00068,34.00917],[131.00047,34.00885],[131.00141,34.0084],[131.00097,34.00777],[131.00238,34.00709],[131.00157,34.00547],[131.00629,34.00308],[131.00364,33.99905],[131.00301,33.99935],[131.00302,33.99902],[130.99764,34.00196],[130.99835,34.00366],[130.99755,34.00405],[130.99627,34.00097],[130.99887,33.99978],[130.99675,33.99513],[130.99118,33.99679],[130.99588,33.99524],[130.99553,33.99454],[130.99577,33.9952],[130.99323,33.99596],[130.99288,33.99525],[130.99332,33.99485],[130.9938,33.99542],[130.99343,33.99473],[130.99409,33.99408],[130.99389,33.99329],[130.99442,33.99375],[130.99516,33.99346],[130.99503,33.99393],[130.99591,33.99329],[130.99661,33.99422],[130.99564,33.99166],[130.99654,33.99031],[130.99596,33.98932],[130.99445,33.98872],[130.99029,33.98521],[130.98769,33.98533],[130.98602,33.98375],[130.98128,33.98164],[130.9793,33.97865],[130.97741,33.97706],[130.9735,33.975],[130.96922,33.97183],[130.96901,33.97179],[130.96879,33.97208],[130.96854,33.97212],[130.96886,33.97172],[130.96644,33.97],[130.96472,33.96972],[130.96167,33.96781],[130.95821,33.96653],[130.95621,33.96459],[130.95552,33.96317],[130.95501,33.96311],[130.95237,33.96031],[130.95151,33.95976],[130.95203,33.96022],[130.95144,33.96025],[130.9456,33.95576],[130.94503,33.95549],[130.94555,33.95582],[130.9451,33.95637],[130.94393,33.95599],[130.94329,33.95633],[130.94278,33.95595],[130.94318,33.95573],[130.94262,33.95554],[130.94306,33.95535],[130.9426,33.9553],[130.94326,33.95474],[130.94422,33.95503],[130.94306,33.95444],[130.94026,33.95096],[130.93896,33.94997],[130.94012,33.95092],[130.93906,33.95152],[130.93789,33.951],[130.93794,33.94916],[130.93437,33.94765],[130.93307,33.94758],[130.93415,33.94771],[130.93413,33.94949],[130.9345,33.94958],[130.93413,33.95079],[130.93224,33.95011],[130.93241,33.94978],[130.9322,33.9501],[130.93071,33.94957],[130.93147,33.94741],[130.92428,33.94725],[130.92411,33.9453],[130.92724,33.94472],[130.92743,33.94349],[130.92378,33.94412],[130.92342,33.94283],[130.92917,33.94157],[130.92834,33.93844],[130.92328,33.93864],[130.92309,33.93797],[130.91716,33.93829],[130.91528,33.93877],[130.91467,33.93987],[130.91413,33.93972],[130.91465,33.93831],[130.91629,33.93794],[130.91619,33.93759],[130.91816,33.93758],[130.92088,33.93665],[130.9211,33.93714],[130.92243,33.93724],[130.9247,33.93686],[130.92297,33.93679],[130.92294,33.93634],[130.92382,33.93611],[130.92345,33.93486],[130.92421,33.93413],[130.92379,33.9334],[130.92628,33.9317],[130.92691,33.93045],[130.92729,33.93059],[130.92693,33.93042],[130.92836,33.92673],[130.92461,33.91937],[130.92423,33.91785],[130.92472,33.91777],[130.92418,33.91781],[130.9235,33.91439],[130.92115,33.9128],[130.91683,33.91297],[130.91726,33.91345],[130.91654,33.91358],[130.91589,33.91339],[130.91625,33.91286],[130.91346,33.91145],[130.91094,33.91111],[130.90984,33.91232],[130.90697,33.91318],[130.90675,33.9128],[130.90263,33.91464],[130.902,33.91513],[130.90097,33.91765],[130.90106,33.91859],[130.90177,33.91911],[130.90466,33.91923],[130.90526,33.92005],[130.90722,33.92057],[130.90679,33.92084],[130.90732,33.92059],[130.90877,33.92132],[130.90914,33.92105],[130.90794,33.92252],[130.90982,33.92252],[130.91014,33.92376],[130.90951,33.92373],[130.90935,33.92433],[130.91032,33.92553],[130.91014,33.92617],[130.90794,33.92481],[130.90818,33.92455],[130.90735,33.92371],[130.90213,33.92196],[130.90134,33.92268],[130.89923,33.92183],[130.89928,33.92022],[130.89909,33.92224],[130.89835,33.92288],[130.89932,33.92455],[130.89902,33.9254],[130.8995,33.92609],[130.89812,33.92698],[130.8972,33.9256],[130.89837,33.92737],[130.89797,33.92829],[130.8974,33.92811],[130.89798,33.92831],[130.89844,33.92742],[130.89947,33.92813],[130.8983,33.93062],[130.89515,33.92949],[130.89612,33.92769],[130.89678,33.92787],[130.89612,33.92763],[130.89274,33.93364],[130.89347,33.93243],[130.89688,33.93358],[130.89608,33.93618],[130.89478,33.93659],[130.89335,33.93783],[130.8935,33.93927],[130.89163,33.93924],[130.89167,33.93699],[130.89043,33.93764],[130.88939,33.9377],[130.89004,33.9372],[130.88807,33.93786],[130.88894,33.93786],[130.88668,33.93955],[130.88452,33.94011],[130.88391,33.94057],[130.88386,33.94128],[130.88301,33.94091],[130.88139,33.94259],[130.8808,33.94214],[130.87994,33.94269],[130.87908,33.94347],[130.87965,33.94384],[130.87963,33.94444],[130.87661,33.94454],[130.87643,33.94486],[130.87735,33.94494],[130.87753,33.94551],[130.8753,33.94576],[130.87445,33.94637],[130.87767,33.94635],[130.87706,33.94678],[130.87782,33.9469],[130.87669,33.94749],[130.87669,33.94834],[130.87715,33.9484],[130.8767,33.94886],[130.87576,33.94752],[130.87512,33.94874],[130.87372,33.94903],[130.87278,33.94982],[130.87366,33.94974],[130.87334,33.95031],[130.87366,33.95056],[130.87546,33.95062],[130.87604,33.95122],[130.87569,33.95186],[130.87675,33.95168],[130.87672,33.95247],[130.87734,33.95254],[130.8775,33.95418],[130.87796,33.95444],[130.87715,33.95524],[130.87796,33.95509],[130.87914,33.9544],[130.87919,33.95337],[130.87847,33.95251],[130.87916,33.9514],[130.87789,33.94997],[130.87738,33.94999],[130.87768,33.94977],[130.87679,33.94892],[130.87712,33.94856],[130.87739,33.94904],[130.87902,33.94837],[130.87956,33.94893],[130.87869,33.94954],[130.87837,33.94928],[130.87875,33.94993],[130.88024,33.94889],[130.88232,33.95095],[130.88088,33.95197],[130.88223,33.9513],[130.88369,33.95276],[130.88259,33.95368],[130.89032,33.94739],[130.89388,33.94477],[130.89438,33.94488],[130.89496,33.94381],[130.8979,33.9444],[130.89734,33.94559],[130.89796,33.94565],[130.89765,33.94549],[130.89803,33.94443],[130.90106,33.94557],[130.9013,33.94765],[130.90202,33.9488],[130.90196,33.95014],[130.90495,33.95242],[130.90673,33.95084],[130.90836,33.95044],[130.91052,33.95347],[130.91161,33.95414],[130.91303,33.95413],[130.91683,33.95167],[130.91639,33.95127],[130.91665,33.95088],[130.91726,33.9509],[130.91688,33.9513],[130.91746,33.95105],[130.91709,33.95144],[130.91751,33.95106],[130.91722,33.95017],[130.91761,33.95018],[130.91764,33.95087],[130.91764,33.95015],[130.91695,33.94948],[130.91732,33.94877],[130.91689,33.94855],[130.91725,33.94846],[130.91608,33.94833],[130.91679,33.9481],[130.91423,33.94605],[130.91317,33.94401],[130.91286,33.94271],[130.91386,33.94035],[130.9144,33.94051],[130.91529,33.94472],[130.918,33.94696],[130.92051,33.95095],[130.91989,33.95274],[130.91817,33.95266],[130.91695,33.95341],[130.91733,33.95294],[130.91294,33.9553],[130.91045,33.95507],[130.91036,33.95549],[130.90975,33.95466],[130.90998,33.95553],[130.90924,33.95537],[130.90888,33.95347],[130.90814,33.95289],[130.90584,33.9542],[130.90672,33.95606],[130.9077,33.95648],[130.90772,33.9578],[130.91106,33.9597],[130.91189,33.96064],[130.91191,33.96123],[130.91139,33.96152],[130.91213,33.96171],[130.91192,33.96227],[130.91349,33.96305],[130.91367,33.96382],[130.91285,33.96583],[130.91332,33.966],[130.91371,33.96747],[130.91317,33.96895],[130.91338,33.96982],[130.91271,33.97041],[130.91383,33.97138],[130.91379,33.97201],[130.91489,33.97289],[130.91492,33.97379],[130.91616,33.9751],[130.91623,33.97569],[130.91556,33.97616],[130.91615,33.97651],[130.91699,33.9792],[130.91552,33.98292],[130.91217,33.98384],[130.91237,33.98457],[130.91184,33.98491],[130.91201,33.98528],[130.91264,33.98503],[130.91282,33.98595],[130.91182,33.98721],[130.90985,33.98797],[130.90957,33.98883],[130.90994,33.98877],[130.90996,33.98948],[130.90921,33.99046],[130.91008,33.99107],[130.91011,33.99152],[130.9095,33.99171],[130.91086,33.9921],[130.90885,33.99255],[130.90916,33.99744],[130.90993,33.99774],[130.90982,34.00114],[130.91102,34.00246],[130.91296,34.00283],[130.91571,34.00927],[130.91567,34.01022],[130.91484,34.01043],[130.91461,34.01124],[130.91588,34.0111],[130.91626,34.01238],[130.91642,34.01657],[130.91571,34.01723],[130.91646,34.01765],[130.91618,34.01995],[130.91574,34.01993],[130.91616,34.02036],[130.91551,34.02169],[130.91506,34.02151],[130.91554,34.02174],[130.91538,34.02215],[130.91381,34.02407],[130.9131,34.02296],[130.91355,34.0242],[130.9126,34.02315],[130.91286,34.02369],[130.91153,34.02438],[130.90971,34.02425],[130.91147,34.02442],[130.91207,34.02513],[130.91159,34.02548],[130.91059,34.02521],[130.91013,34.02549],[130.91047,34.0259],[130.90977,34.02617],[130.90814,34.02523],[130.90854,34.02498],[130.90944,34.02374],[130.90841,34.02494],[130.90714,34.0254],[130.9048,34.02454],[130.90366,34.02548],[130.9041,34.02763],[130.90565,34.02937],[130.90884,34.03516],[130.91263,34.04005],[130.91488,34.04533],[130.91408,34.05026],[130.91168,34.05537],[130.91167,34.0573],[130.91234,34.05797],[130.91203,34.05954],[130.91092,34.06175],[130.90998,34.06179],[130.90811,34.06341],[130.90669,34.06392],[130.9055,34.06365],[130.90474,34.0629],[130.90447,34.06232],[130.90504,34.06185],[130.90442,34.06225],[130.90332,34.06184],[130.90173,34.06275],[130.90098,34.06119],[130.90132,34.0603],[130.90086,34.06118],[130.90173,34.06282],[130.90101,34.06398],[130.90135,34.0644],[130.90052,34.06475],[130.90035,34.0643],[130.9005,34.0648],[130.90146,34.06469],[130.90164,34.06542],[130.90125,34.0657],[130.90201,34.06617],[130.90117,34.06783],[130.90268,34.06823],[130.90099,34.06906],[130.90047,34.06853],[130.90085,34.06756],[130.90039,34.06852],[130.89929,34.06818],[130.89978,34.0671],[130.90049,34.06691],[130.89973,34.06706],[130.89904,34.06863],[130.9011,34.07027],[130.901,34.07033],[130.89812,34.0688],[130.89554,34.07071],[130.89523,34.07052],[130.89417,34.06947],[130.89469,34.06931],[130.89474,34.06903],[130.89412,34.06945],[130.89402,34.0685],[130.89493,34.06776],[130.89618,34.06781],[130.89421,34.06759],[130.89332,34.06696],[130.89136,34.06472],[130.89191,34.06362],[130.89118,34.06468],[130.88835,34.06522],[130.88762,34.06764],[130.88707,34.06811],[130.88841,34.06959],[130.88795,34.07217],[130.8855,34.07311],[130.88448,34.07285],[130.8837,34.07406],[130.88205,34.07453],[130.88201,34.07534],[130.88267,34.07575],[130.88222,34.07815],[130.88152,34.07921],[130.87891,34.08007],[130.87693,34.0798],[130.87555,34.08075],[130.87597,34.08106],[130.87792,34.0808],[130.87834,34.08127],[130.87808,34.08202],[130.87871,34.082],[130.8787,34.08253],[130.88137,34.08342],[130.88128,34.08475],[130.87985,34.08517],[130.88048,34.08567],[130.87986,34.08695],[130.87831,34.08841],[130.87584,34.08928],[130.87553,34.08839],[130.87465,34.08791],[130.87537,34.08834],[130.87569,34.08924],[130.87422,34.08991],[130.87273,34.08838],[130.87448,34.08739],[130.87267,34.08598],[130.8712,34.08695],[130.8708,34.08658],[130.87248,34.09079],[130.87356,34.09026],[130.87415,34.09079],[130.87351,34.09151],[130.87404,34.09385],[130.87336,34.09403],[130.87373,34.09463],[130.87286,34.09481],[130.87264,34.09544],[130.87343,34.09658],[130.87301,34.09774],[130.87236,34.09787],[130.87276,34.09866],[130.87214,34.09936],[130.86996,34.09962],[130.86963,34.10042],[130.87001,34.10124],[130.86902,34.10205],[130.86778,34.10207],[130.86718,34.10151],[130.8655,34.10208],[130.86528,34.10256],[130.86461,34.10245],[130.8636,34.10359],[130.8619,34.10421],[130.86125,34.1097],[130.86046,34.11083],[130.86244,34.11152],[130.86299,34.11267],[130.86442,34.11283],[130.86502,34.11356],[130.86516,34.11447],[130.86465,34.11528],[130.8652,34.11582],[130.86506,34.11648],[130.86543,34.11644],[130.86493,34.11701],[130.86566,34.11822],[130.86442,34.12022],[130.866,34.12165]]],[[[130.89584,34.16955],[130.89636,34.16916],[130.89589,34.16863],[130.89549,34.16898],[130.89584,34.16955]]],[[[130.90246,34.17617],[130.90588,34.17259],[130.90483,34.17054],[130.90355,34.17094],[130.89863,34.17015],[130.8987,34.17064],[130.89773,34.17108],[130.89839,34.17155],[130.8976,34.17178],[130.89907,34.17251],[130.89905,34.17349],[130.90027,34.17478],[130.90008,34.17545],[130.90059,34.17655],[130.90246,34.17617]]],[[[130.90173,34.17866],[130.90085,34.17754],[130.89972,34.17751],[130.89797,34.17642],[130.89709,34.17677],[130.89751,34.17919],[130.89939,34.17868],[130.90051,34.17905],[130.901,34.17969],[130.9006,34.1799],[130.90137,34.18014],[130.90175,34.17989],[130.90143,34.17969],[130.90173,34.17866]]],[[[130.89344,34.18204],[130.89258,34.18189],[130.89227,34.18261],[130.8937,34.18283],[130.89344,34.18204]]],[[[130.85098,34.35481],[130.85198,34.35399],[130.85748,34.3547],[130.85953,34.35633],[130.85944,34.35687],[130.85845,34.35715],[130.85965,34.35698],[130.86121,34.35801],[130.86563,34.35928],[130.867,34.36083],[130.86767,34.36241],[130.87005,34.36424],[130.87044,34.36599],[130.87014,34.36658],[130.86949,34.36617],[130.87008,34.36677],[130.86798,34.37004],[130.86845,34.37167],[130.866,34.3728],[130.86696,34.3738],[130.86905,34.37256],[130.86988,34.3737],[130.87079,34.37213],[130.87136,34.37218],[130.87111,34.36883],[130.8731,34.36769],[130.87238,34.36788],[130.87185,34.36655],[130.87366,34.36623],[130.87409,34.36641],[130.87429,34.36755],[130.87698,34.36776],[130.88054,34.36389],[130.8797,34.35995],[130.87973,34.35838],[130.88017,34.35787],[130.87966,34.3583],[130.87955,34.35647],[130.87761,34.35333],[130.87528,34.35483],[130.87431,34.35468],[130.87444,34.35517],[130.87268,34.35541],[130.87142,34.35482],[130.87198,34.35448],[130.8712,34.3547],[130.87079,34.3543],[130.87141,34.35381],[130.87383,34.35359],[130.87135,34.35374],[130.87058,34.35428],[130.86853,34.3535],[130.86664,34.35209],[130.86126,34.35325],[130.85843,34.35283],[130.85494,34.34999],[130.85614,34.3479],[130.85537,34.34911],[130.85414,34.34863],[130.85379,34.34688],[130.85395,34.34886],[130.85306,34.34814],[130.85317,34.34898],[130.85246,34.3487],[130.85327,34.34756],[130.85283,34.34725],[130.85206,34.3485],[130.85147,34.3482],[130.85074,34.34737],[130.85164,34.34682],[130.85086,34.34703],[130.8518,34.34448],[130.85395,34.34582],[130.85131,34.34415],[130.84997,34.34244],[130.84745,34.34103],[130.8462,34.34096],[130.84698,34.34201],[130.84708,34.34384],[130.8466,34.34416],[130.84493,34.34336],[130.84322,34.34354],[130.84214,34.34507],[130.84024,34.34543],[130.83973,34.34682],[130.83853,34.34799],[130.83967,34.34917],[130.83982,34.35006],[130.83915,34.35052],[130.83892,34.35013],[130.83895,34.35058],[130.83876,34.35007],[130.83893,34.35066],[130.83821,34.35126],[130.83991,34.35328],[130.84024,34.35519],[130.84438,34.35349],[130.84776,34.3535],[130.85022,34.3549],[130.85034,34.35451],[130.85098,34.35481]]]]}},{"type":"Feature","properties":{"id":"muni-35202","name":"宇部市"},"geometry":{"type":"Polygon","coordinates":[[[131.20746,34.01119],[131.2092,34.01157],[131.20961,34.01058],[131.21081,34.00982],[131.21146,34.01101],[131.21465,34.01172],[131.21604,34.01294],[131.21768,34.01331],[131.21707,34.01436],[131.21739,34.01511],[131.21823,34.0151],[131.21897,34.0158],[131.21879,34.01761],[131.22132,34.01831],[131.22242,34.01916],[131.22293,34.02113],[131.22224,34.02178],[131.22178,34.02343],[131.22263,34.02607],[131.22444,34.02689],[131.22662,34.02648],[131.22679,34.02781],[131.22578,34.02837],[131.22501,34.02954],[131.22327,34.03045],[131.22032,34.03104],[131.21937,34.03217],[131.21779,34.03286],[131.21681,34.03454],[131.21578,34.03475],[131.21461,34.036],[131.21359,34.03578],[131.21347,34.03631],[131.21226,34.03516],[131.21042,34.03465],[131.20871,34.03521],[131.20825,34.03612],[131.20873,34.0379],[131.20588,34.0393],[131.20519,34.03814],[131.20302,34.0386],[131.20263,34.03776],[131.20322,34.03716],[131.20295,34.0368],[131.20159,34.03681],[131.20135,34.03778],[131.20026,34.0373],[131.19933,34.03805],[131.19906,34.03783],[131.19801,34.04013],[131.19731,34.04021],[131.19843,34.04231],[131.19813,34.0431],[131.19664,34.04345],[131.19504,34.04296],[131.19295,34.04392],[131.19094,34.04404],[131.18993,34.04575],[131.18882,34.04609],[131.18921,34.0472],[131.1883,34.04878],[131.18382,34.05209],[131.1848,34.05322],[131.18451,34.05394],[131.18503,34.05489],[131.18737,34.05491],[131.1881,34.0559],[131.18817,34.0569],[131.18977,34.05743],[131.19146,34.05968],[131.19134,34.06122],[131.19307,34.06273],[131.19545,34.06291],[131.19614,34.06398],[131.19607,34.065],[131.19715,34.06588],[131.19901,34.06679],[131.20089,34.0668],[131.20133,34.06761],[131.20316,34.06668],[131.20412,34.06679],[131.20485,34.06713],[131.20506,34.06891],[131.20691,34.07033],[131.20762,34.07183],[131.21095,34.07214],[131.21115,34.07286],[131.21291,34.073],[131.2153,34.07409],[131.21549,34.07504],[131.21627,34.07562],[131.21502,34.07752],[131.21257,34.07886],[131.21067,34.08252],[131.21093,34.08343],[131.21205,34.08416],[131.21198,34.08549],[131.21313,34.09006],[131.21473,34.09093],[131.21499,34.09317],[131.21633,34.09357],[131.21607,34.09653],[131.21494,34.09842],[131.21503,34.09977],[131.21431,34.10053],[131.21536,34.10209],[131.21659,34.10612],[131.2182,34.10754],[131.21844,34.10909],[131.21761,34.11058],[131.21569,34.11186],[131.21529,34.11319],[131.21062,34.11357],[131.21128,34.11435],[131.2136,34.11535],[131.21376,34.11625],[131.21435,34.11668],[131.21487,34.11986],[131.21905,34.11942],[131.2193,34.12019],[131.22104,34.12044],[131.22344,34.12276],[131.22721,34.12226],[131.23058,34.12338],[131.23133,34.12483],[131.23329,34.12573],[131.23392,34.12666],[131.23754,34.12727],[131.23674,34.13086],[131.23778,34.13453],[131.23751,34.13629],[131.23894,34.13713],[131.23912,34.13844],[131.24047,34.13942],[131.24137,34.14109],[131.24631,34.1397],[131.24719,34.1402],[131.24749,34.14259],[131.24862,34.14338],[131.24968,34.14267],[131.25144,34.14388],[131.25322,34.14405],[131.2555,34.14505],[131.25693,34.14402],[131.25722,34.14319],[131.25844,34.14299],[131.25982,34.14163],[131.26288,34.13997],[131.26834,34.14164],[131.27225,34.14099],[131.27368,34.14137],[131.27571,34.14108],[131.27757,34.14435],[131.27975,34.1456],[131.27856,34.14838],[131.27856,34.15051],[131.28078,34.15501],[131.28188,34.15501],[131.28281,34.15599],[131.28276,34.15912],[131.28043,34.16006],[131.28189,34.16169],[131.2852,34.16118],[131.28717,34.16183],[131.28903,34.16174],[131.28918,34.16291],[131.29075,34.16488],[131.29435,34.16683],[131.2954,34.16577],[131.29668,34.1659],[131.29822,34.16508],[131.30392,34.16545],[131.30609,34.16301],[131.30817,34.16272],[131.31079,34.16116],[131.31637,34.16338],[131.31699,34.1647],[131.31542,34.1665],[131.31641,34.16652],[131.31821,34.16607],[131.31897,34.16406],[131.32115,34.16374],[131.3234,34.16256],[131.3243,34.16021],[131.32417,34.15955],[131.32354,34.1594],[131.32131,34.15695],[131.32157,34.15603],[131.3198,34.15354],[131.31741,34.15171],[131.31793,34.15055],[131.3239,34.15199],[131.32563,34.15127],[131.32607,34.15015],[131.32805,34.15003],[131.329,34.15051],[131.33051,34.14925],[131.332,34.149],[131.33226,34.14809],[131.33521,34.14605],[131.3383,34.14601],[131.3385,34.14527],[131.33988,34.14447],[131.34172,34.13987],[131.34542,34.13911],[131.34744,34.13731],[131.35064,34.13813],[131.35287,34.13976],[131.35366,34.13905],[131.35455,34.13963],[131.35515,34.13918],[131.35648,34.13989],[131.35981,34.13807],[131.3627,34.14057],[131.36334,34.14013],[131.36369,34.13866],[131.36561,34.13722],[131.36628,34.13709],[131.36797,34.13796],[131.3694,34.13767],[131.37145,34.13635],[131.37254,34.13466],[131.37161,34.13279],[131.37343,34.13196],[131.37601,34.13166],[131.37586,34.12926],[131.37489,34.12651],[131.37664,34.12539],[131.37785,34.12557],[131.37928,34.12135],[131.37679,34.11905],[131.37605,34.11506],[131.37502,34.11455],[131.37374,34.11295],[131.37288,34.11267],[131.37197,34.11323],[131.37115,34.11247],[131.36818,34.11205],[131.36651,34.11113],[131.36734,34.11013],[131.36897,34.10943],[131.36987,34.10768],[131.36779,34.10727],[131.36675,34.1078],[131.36369,34.10786],[131.36213,34.10724],[131.36159,34.10545],[131.3612,34.10533],[131.35879,34.10587],[131.3567,34.10763],[131.35505,34.10817],[131.35464,34.10884],[131.35365,34.10871],[131.3519,34.10961],[131.34843,34.10918],[131.34646,34.10751],[131.34523,34.1077],[131.34596,34.10399],[131.34558,34.10326],[131.34647,34.10282],[131.34689,34.10164],[131.34933,34.10072],[131.3517,34.09889],[131.35209,34.09136],[131.35275,34.08998],[131.35145,34.08939],[131.35295,34.0881],[131.35197,34.08625],[131.34962,34.08561],[131.34842,34.08409],[131.34584,34.08292],[131.34571,34.08054],[131.34768,34.07981],[131.34787,34.07843],[131.34908,34.07793],[131.34967,34.07704],[131.34964,34.07497],[131.34747,34.07249],[131.34803,34.07149],[131.34637,34.07111],[131.34507,34.07139],[131.34173,34.06911],[131.34081,34.06767],[131.33883,34.06719],[131.338,34.06527],[131.33873,34.06407],[131.33882,34.06246],[131.33737,34.06115],[131.33699,34.05875],[131.33732,34.05823],[131.33613,34.05721],[131.33622,34.05439],[131.33564,34.05418],[131.33509,34.05461],[131.33378,34.05386],[131.33276,34.05234],[131.33298,34.05146],[131.33226,34.05066],[131.33055,34.04981],[131.32959,34.04813],[131.32765,34.04844],[131.32616,34.04768],[131.3258,34.04622],[131.32495,34.0467],[131.32342,34.0458],[131.32208,34.04635],[131.32077,34.04496],[131.31862,34.04665],[131.3182,34.04544],[131.31654,34.04363],[131.31669,34.04187],[131.3151,34.04167],[131.31423,34.04104],[131.31442,34.04005],[131.31691,34.0407],[131.31688,34.03984],[131.31431,34.03788],[131.31435,34.0366],[131.31498,34.03645],[131.31486,34.03605],[131.31319,34.03583],[131.3125,34.03472],[131.31042,34.034],[131.31041,34.03322],[131.31083,34.03298],[131.30974,34.03224],[131.30755,34.03263],[131.30658,34.03192],[131.30679,34.03086],[131.30615,34.03025],[131.30729,34.02833],[131.30723,34.02537],[131.3023,34.02439],[131.30265,34.02152],[131.30234,34.01995],[131.30147,34.01945],[131.30241,34.01816],[131.30379,34.01824],[131.30443,34.0177],[131.30553,34.01811],[131.30597,34.01775],[131.30512,34.01547],[131.30427,34.01453],[131.30344,34.01436],[131.30273,34.0149],[131.30179,34.01451],[131.30078,34.01384],[131.30041,34.01277],[131.29862,34.01239],[131.29781,34.01107],[131.29551,34.01135],[131.29484,34.01089],[131.29565,34.00755],[131.29514,34.00662],[131.29423,34.00636],[131.29442,34.00485],[131.29366,34.00451],[131.29296,34.00232],[131.29201,34.00158],[131.29199,34.00115],[131.29334,34.00009],[131.29493,34.0001],[131.29684,33.99622],[131.29667,33.99532],[131.29725,33.9956],[131.29762,33.99734],[131.29869,33.99638],[131.3009,33.99645],[131.30256,33.99791],[131.30771,33.99895],[131.3081,33.99768],[131.30593,33.99573],[131.30975,33.99533],[131.30873,33.99372],[131.3104,33.99518],[131.31419,33.99409],[131.31405,33.99458],[131.31244,33.99542],[131.31412,33.99513],[131.31416,33.99645],[131.31476,33.99632],[131.31464,33.99678],[131.31966,33.99614],[131.31993,33.99709],[131.32096,33.9967],[131.32054,33.99749],[131.32086,33.99781],[131.323,33.99798],[131.32418,33.99758],[131.32451,33.9984],[131.32376,33.9991],[131.32407,33.99941],[131.3245,33.99906],[131.32489,34.00027],[131.32948,33.99779],[131.33301,33.9974],[131.3368,34.00004],[131.33823,34.00055],[131.34004,34.00103],[131.34019,33.99968],[131.34171,34.00071],[131.34384,34.00073],[131.34395,34.00218],[131.34436,34.00161],[131.34847,34.00126],[131.3488,34.00285],[131.35049,34.00249],[131.35251,33.99929],[131.35298,33.99949],[131.35402,33.99873],[131.3531,33.99738],[131.35728,33.99723],[131.35756,33.99789],[131.35991,33.99834],[131.36213,33.99758],[131.36311,33.99696],[131.36255,33.99513],[131.36102,33.99298],[131.36043,33.99064],[131.36203,33.98943],[131.36087,33.98766],[131.3615,33.98686],[131.3602,33.98566],[131.35987,33.98702],[131.35883,33.98772],[131.35519,33.98686],[131.35433,33.98604],[131.35423,33.98682],[131.35385,33.98652],[131.35303,33.98711],[131.35063,33.985],[131.34907,33.98312],[131.34882,33.98216],[131.34616,33.98222],[131.3485,33.98157],[131.34802,33.98159],[131.34773,33.98033],[131.34899,33.97981],[131.34933,33.97899],[131.35004,33.97904],[131.34934,33.97898],[131.34937,33.97853],[131.3515,33.97677],[131.35149,33.9763],[131.35058,33.97626],[131.35109,33.97139],[131.35416,33.97202],[131.35423,33.97152],[131.35347,33.97142],[131.35351,33.97077],[131.35501,33.9699],[131.35339,33.97076],[131.35257,33.97066],[131.35201,33.97039],[131.35218,33.9697],[131.35034,33.96902],[131.35029,33.96834],[131.35249,33.96965],[131.35402,33.96832],[131.35428,33.96907],[131.35405,33.96825],[131.3552,33.96795],[131.35605,33.96977],[131.35545,33.9676],[131.35577,33.96641],[131.35281,33.96563],[131.35219,33.96496],[131.34952,33.96643],[131.34833,33.96606],[131.34739,33.96519],[131.34703,33.96379],[131.34553,33.96345],[131.34492,33.96387],[131.34422,33.9632],[131.34389,33.96351],[131.34401,33.96314],[131.3448,33.96272],[131.34423,33.9617],[131.34282,33.96151],[131.34206,33.95991],[131.33867,33.9585],[131.33769,33.95707],[131.33771,33.95625],[131.33484,33.95389],[131.33033,33.95274],[131.32977,33.95217],[131.32875,33.95242],[131.3277,33.95204],[131.32646,33.9528],[131.3244,33.95245],[131.32434,33.95351],[131.32392,33.95376],[131.3216,33.95473],[131.31873,33.95508],[131.31854,33.95571],[131.31826,33.95498],[131.31616,33.95451],[131.31258,33.95209],[131.31265,33.95155],[131.31258,33.95098],[131.31335,33.95022],[131.31327,33.95016],[131.31236,33.951],[131.31258,33.95184],[131.31137,33.95124],[131.31211,33.95101],[131.31133,33.95121],[131.31098,33.95073],[131.31276,33.94928],[131.31026,33.94946],[131.30997,33.95038],[131.30959,33.95038],[131.31032,33.94896],[131.30845,33.94802],[131.30929,33.94863],[131.30902,33.94896],[131.30932,33.94865],[131.31008,33.94912],[131.30954,33.94991],[131.30831,33.94974],[131.30842,33.94936],[131.30833,33.94935],[131.30827,33.94974],[131.30651,33.94944],[131.30651,33.94857],[131.30792,33.94867],[131.30856,33.94857],[131.30622,33.94852],[131.30551,33.94887],[131.30475,33.94835],[131.30008,33.94072],[131.29809,33.94082],[131.29693,33.94215],[131.29565,33.94187],[131.28983,33.93713],[131.28808,33.93671],[131.28659,33.93712],[131.28621,33.93632],[131.2856,33.93623],[131.285,33.93662],[131.28515,33.93726],[131.28409,33.93731],[131.28459,33.93683],[131.28422,33.93661],[131.28443,33.93538],[131.28132,33.93399],[131.28031,33.93415],[131.27989,33.93629],[131.28015,33.93359],[131.28109,33.93342],[131.28708,33.93606],[131.29077,33.93689],[131.29243,33.93697],[131.29341,33.93561],[131.29238,33.9344],[131.27104,33.92484],[131.26843,33.92289],[131.26653,33.92289],[131.26503,33.92504],[131.2643,33.92468],[131.26463,33.92548],[131.26433,33.92621],[131.26315,33.92682],[131.26215,33.92569],[131.26238,33.92514],[131.2622,33.92498],[131.26113,33.92599],[131.26318,33.92767],[131.26256,33.92791],[131.25988,33.92604],[131.26127,33.92465],[131.26165,33.9248],[131.2614,33.92411],[131.25971,33.92613],[131.24949,33.92743],[131.24665,33.93138],[131.24818,33.93216],[131.24903,33.93153],[131.24865,33.93241],[131.25212,33.93451],[131.25456,33.93112],[131.25592,33.93193],[131.25246,33.93691],[131.25043,33.93595],[131.25077,33.93546],[131.2501,33.93629],[131.23255,33.92707],[131.23026,33.93036],[131.23492,33.93416],[131.23403,33.93644],[131.24335,33.93828],[131.24207,33.94024],[131.24269,33.94086],[131.24211,33.94023],[131.24284,33.93912],[131.24338,33.93939],[131.24285,33.9391],[131.24317,33.93861],[131.24693,33.94055],[131.24617,33.94155],[131.24865,33.94293],[131.24813,33.94363],[131.24718,33.94304],[131.24739,33.94269],[131.24636,33.94388],[131.24525,33.94303],[131.24639,33.94222],[131.24604,33.94201],[131.24513,33.94294],[131.2442,33.94199],[131.24473,33.94159],[131.24543,33.94197],[131.24477,33.94151],[131.24435,33.94179],[131.24398,33.94142],[131.24332,33.94145],[131.24353,33.94172],[131.24179,33.94277],[131.24273,33.94233],[131.24426,33.94436],[131.24376,33.94492],[131.24419,33.94466],[131.24619,33.94607],[131.24526,33.9468],[131.24398,33.94582],[131.24338,33.9464],[131.24273,33.94589],[131.24301,33.94569],[131.24199,33.94532],[131.24231,33.94457],[131.24193,33.94534],[131.24336,33.94643],[131.24458,33.94859],[131.24404,33.94882],[131.24097,33.94606],[131.23976,33.94704],[131.24219,33.94872],[131.23896,33.95145],[131.23784,33.95009],[131.23647,33.95088],[131.23639,33.94999],[131.23727,33.94945],[131.23633,33.94992],[131.23608,33.94961],[131.23651,33.94932],[131.23598,33.9495],[131.23506,33.94831],[131.23545,33.94807],[131.23477,33.94806],[131.23522,33.94763],[131.23369,33.94835],[131.23322,33.94813],[131.23421,33.94755],[131.23348,33.94665],[131.23423,33.94673],[131.23478,33.94337],[131.23227,33.94021],[131.23168,33.94052],[131.22998,33.93999],[131.23137,33.93765],[131.22705,33.93651],[131.22298,33.93376],[131.21531,33.93673],[131.21667,33.93992],[131.22718,33.94477],[131.22648,33.94597],[131.23323,33.95401],[131.2333,33.95569],[131.23094,33.95742],[131.22992,33.95596],[131.23085,33.95334],[131.22607,33.9467],[131.22504,33.9485],[131.22756,33.96276],[131.2282,33.96346],[131.2275,33.96357],[131.22798,33.96365],[131.22776,33.96408],[131.22888,33.96426],[131.22711,33.96465],[131.2272,33.96402],[131.22603,33.96351],[131.22526,33.95887],[131.22417,33.95895],[131.224,33.9581],[131.22384,33.95719],[131.22523,33.95583],[131.224,33.94908],[131.21769,33.94981],[131.21935,33.95934],[131.22047,33.97092],[131.21838,33.97101],[131.21643,33.95755],[131.21266,33.95753],[131.21187,33.956],[131.21182,33.956],[131.21294,33.95814],[131.2125,33.95738],[131.21283,33.9582],[131.2124,33.9574],[131.21278,33.9582],[131.21193,33.95826],[131.21179,33.95779],[131.21169,33.95869],[131.21138,33.95816],[131.20861,33.95879],[131.21042,33.95738],[131.21153,33.9544],[131.20963,33.94796],[131.21052,33.94437],[131.19885,33.94273],[131.19282,33.95794],[131.18896,33.95688],[131.1876,33.95783],[131.18924,33.95961],[131.18886,33.95994],[131.1879,33.95903],[131.18838,33.95974],[131.18756,33.9608],[131.18703,33.9607],[131.18715,33.96157],[131.18835,33.96236],[131.18808,33.96331],[131.18864,33.96602],[131.18759,33.96818],[131.18889,33.96934],[131.18891,33.97182],[131.18685,33.97362],[131.18768,33.97436],[131.18684,33.97531],[131.18681,33.97619],[131.18807,33.97697],[131.18637,33.97928],[131.18825,33.97773],[131.18873,33.97779],[131.18929,33.98031],[131.18851,33.98075],[131.18849,33.9819],[131.1907,33.98387],[131.19035,33.9844],[131.18929,33.98377],[131.18799,33.98375],[131.18815,33.98466],[131.18773,33.98517],[131.18881,33.9866],[131.18743,33.9857],[131.18727,33.98618],[131.18795,33.98723],[131.18731,33.98666],[131.18692,33.987],[131.18684,33.98585],[131.18647,33.98594],[131.18685,33.98647],[131.18625,33.98818],[131.18644,33.98959],[131.18886,33.98971],[131.19112,33.99161],[131.19135,33.9923],[131.19253,33.99231],[131.19299,33.99407],[131.19181,33.99532],[131.1919,33.99667],[131.19321,33.99751],[131.19354,33.99827],[131.19462,33.99801],[131.19707,33.99895],[131.19831,34.00059],[131.20126,33.9997],[131.20151,34.00046],[131.20078,34.00211],[131.20211,34.00269],[131.20181,34.00403],[131.20251,34.00493],[131.20235,34.0055],[131.20367,34.00623],[131.20417,34.00777],[131.20587,34.0085],[131.20627,34.01007],[131.20702,34.0103],[131.20746,34.01119]]]}},{"type":"Feature","properties":{"id":"muni-35203","name":"山口市"},"geometry":{"type":"MultiPolygon","coordinates":[[[[131.42277,33.97031],[131.42421,33.97082],[131.4246,33.97043],[131.42339,33.96889],[131.42022,33.96781],[131.41986,33.96851],[131.42103,33.9692],[131.42046,33.96942],[131.42132,33.96954],[131.42146,33.97105],[131.42277,33.97031]]],[[[131.35402,33.99873],[131.35298,33.99949],[131.35251,33.99929],[131.3512,34.00083],[131.35049,34.00249],[131.3488,34.00285],[131.34847,34.00126],[131.34436,34.00161],[131.34395,34.00218],[131.34384,34.00073],[131.34171,34.00071],[131.34019,33.99968],[131.34004,34.00103],[131.33823,34.00055],[131.3368,34.00004],[131.33301,33.9974],[131.32948,33.99779],[131.32489,34.00027],[131.3245,33.99906],[131.32407,33.99941],[131.32376,33.9991],[131.32451,33.9984],[131.32418,33.99758],[131.323,33.99798],[131.32086,33.99781],[131.32054,33.99749],[131.32096,33.9967],[131.31993,33.99709],[131.31966,33.99614],[131.31464,33.99678],[131.31476,33.99632],[131.31416,33.99645],[131.31412,33.99513],[131.31244,33.99542],[131.31405,33.99458],[131.31419,33.99409],[131.3104,33.99518],[131.30873,33.99372],[131.30975,33.99533],[131.30593,33.99573],[131.3081,33.99768],[131.30771,33.99895],[131.30256,33.99791],[131.3009,33.99645],[131.29869,33.99638],[131.29762,33.99734],[131.29725,33.9956],[131.29667,33.99532],[131.29684,33.99622],[131.29493,34.0001],[131.29348,34.00002],[131.29196,34.0012],[131.29206,34.00182],[131.29296,34.00232],[131.29366,34.00451],[131.29445,34.0049],[131.29423,34.00636],[131.29514,34.00662],[131.29565,34.00755],[131.29484,34.01089],[131.29551,34.01135],[131.29781,34.01107],[131.29862,34.01239],[131.30041,34.01277],[131.30078,34.01384],[131.30179,34.01451],[131.30273,34.0149],[131.30344,34.01436],[131.30427,34.01453],[131.30512,34.01547],[131.30597,34.01775],[131.30553,34.01811],[131.30443,34.0177],[131.30379,34.01824],[131.30241,34.01816],[131.30147,34.01945],[131.30234,34.01995],[131.30265,34.02152],[131.3023,34.02439],[131.30723,34.02537],[131.30729,34.02833],[131.30615,34.03025],[131.30679,34.03086],[131.30658,34.03192],[131.30755,34.03263],[131.30974,34.03224],[131.31083,34.03298],[131.31041,34.03322],[131.31042,34.034],[131.3125,34.03472],[131.31319,34.03583],[131.31486,34.03605],[131.31498,34.03645],[131.31435,34.0366],[131.31431,34.03788],[131.31688,34.03984],[131.31691,34.0407],[131.31442,34.04005],[131.31423,34.04104],[131.3151,34.04167],[131.31669,34.04187],[131.31654,34.04363],[131.3182,34.04544],[131.31862,34.04665],[131.32077,34.04496],[131.32208,34.04635],[131.32342,34.0458],[131.32495,34.0467],[131.3258,34.04622],[131.32616,34.04768],[131.32765,34.04844],[131.32959,34.04813],[131.33055,34.04981],[131.33226,34.05066],[131.33298,34.05146],[131.33276,34.05234],[131.33378,34.05386],[131.33509,34.05461],[131.33564,34.05418],[131.33622,34.05439],[131.33613,34.05721],[131.33732,34.05823],[131.33699,34.05875],[131.33737,34.06115],[131.33882,34.06246],[131.33873,34.06407],[131.338,34.06527],[131.33883,34.06719],[131.34081,34.06767],[131.34173,34.06911],[131.34507,34.07139],[131.34637,34.07111],[131.34803,34.07149],[131.34747,34.07249],[131.34964,34.07497],[131.34967,34.07704],[131.34908,34.07793],[131.34787,34.07843],[131.34768,34.07981],[131.34571,34.08054],[131.34584,34.08292],[131.34842,34.08409],[131.34962,34.08561],[131.35197,34.08625],[131.35295,34.0881],[131.35145,34.08939],[131.35275,34.08998],[131.35209,34.09136],[131.3517,34.09889],[131.34933,34.10072],[131.34689,34.10164],[131.34647,34.10282],[131.34558,34.10326],[131.34596,34.10399],[131.34523,34.1077],[131.34646,34.10751],[131.34843,34.10918],[131.3519,34.10961],[131.35365,34.10871],[131.35464,34.10884],[131.35505,34.10817],[131.3567,34.10763],[131.35879,34.10587],[131.36134,34.10533],[131.36213,34.10724],[131.36369,34.10786],[131.36942,34.10733],[131.3699,34.10774],[131.36957,34.1088],[131.36702,34.11036],[131.36651,34.11113],[131.36818,34.11205],[131.37115,34.11247],[131.37197,34.11323],[131.37336,34.11279],[131.37605,34.11506],[131.37679,34.11905],[131.37928,34.12135],[131.37785,34.12557],[131.37664,34.12539],[131.37489,34.12651],[131.37586,34.12926],[131.37601,34.13166],[131.37343,34.13196],[131.37161,34.13279],[131.3725,34.13442],[131.37222,34.13553],[131.3694,34.13767],[131.37033,34.13908],[131.37182,34.13972],[131.37279,34.14219],[131.37626,34.14397],[131.37732,34.14529],[131.37579,34.14728],[131.37542,34.14862],[131.37447,34.14944],[131.37158,34.15025],[131.36951,34.14927],[131.36913,34.15109],[131.36969,34.15159],[131.36969,34.15306],[131.37335,34.15268],[131.37586,34.15401],[131.37746,34.15674],[131.37904,34.15756],[131.37934,34.16048],[131.37903,34.16097],[131.37989,34.1626],[131.37921,34.16374],[131.37884,34.16629],[131.38225,34.16803],[131.38234,34.16873],[131.38411,34.17044],[131.38543,34.17074],[131.38599,34.17181],[131.38884,34.17239],[131.38971,34.17455],[131.39045,34.17504],[131.39045,34.17716],[131.39094,34.17814],[131.39048,34.17935],[131.39159,34.18057],[131.39302,34.18111],[131.39518,34.1807],[131.39775,34.1824],[131.40003,34.18057],[131.40119,34.18101],[131.40114,34.18189],[131.39825,34.18537],[131.39862,34.18698],[131.39813,34.18898],[131.40009,34.1914],[131.40128,34.19188],[131.4011,34.19382],[131.40442,34.19534],[131.40461,34.19628],[131.40541,34.19694],[131.40438,34.1988],[131.4029,34.19917],[131.40086,34.20077],[131.4023,34.20249],[131.40504,34.20313],[131.40466,34.20597],[131.40498,34.20955],[131.40596,34.2093],[131.40966,34.21087],[131.41195,34.21009],[131.41434,34.21062],[131.41605,34.21034],[131.41885,34.21261],[131.41807,34.21354],[131.41827,34.21435],[131.42227,34.21845],[131.42392,34.21936],[131.42506,34.2182],[131.42783,34.21788],[131.43117,34.21948],[131.43264,34.22101],[131.43316,34.22237],[131.43457,34.22279],[131.43605,34.22245],[131.43712,34.22292],[131.43804,34.22217],[131.44275,34.22183],[131.44365,34.22223],[131.44636,34.22217],[131.44792,34.22305],[131.44879,34.22426],[131.4496,34.22429],[131.45226,34.22792],[131.45242,34.22879],[131.4533,34.22868],[131.45404,34.23024],[131.45569,34.23033],[131.45616,34.23139],[131.46016,34.23085],[131.46281,34.23176],[131.46317,34.2332],[131.46227,34.23425],[131.46272,34.23675],[131.46353,34.23791],[131.47046,34.24028],[131.47158,34.23988],[131.47281,34.24136],[131.47494,34.24155],[131.47774,34.24312],[131.48043,34.24324],[131.48129,34.24481],[131.48273,34.24406],[131.48401,34.24441],[131.48529,34.24389],[131.48568,34.24155],[131.48739,34.23974],[131.49176,34.24093],[131.49386,34.24275],[131.49604,34.24199],[131.49568,34.24086],[131.49605,34.24006],[131.4969,34.23973],[131.49922,34.24042],[131.50023,34.24218],[131.50165,34.24206],[131.50254,34.24364],[131.50252,34.24443],[131.50063,34.24538],[131.50038,34.24787],[131.50089,34.2477],[131.5019,34.24902],[131.50391,34.24861],[131.50517,34.25032],[131.5071,34.25141],[131.50669,34.25337],[131.50691,34.25472],[131.50589,34.25554],[131.50549,34.25695],[131.50403,34.25846],[131.50937,34.2649],[131.5103,34.265],[131.51081,34.26629],[131.51009,34.26807],[131.51038,34.26874],[131.51347,34.27067],[131.51457,34.27272],[131.5163,34.27345],[131.51408,34.27813],[131.51508,34.27878],[131.51536,34.27991],[131.51701,34.27855],[131.51975,34.27969],[131.52033,34.2791],[131.52208,34.27958],[131.52402,34.27939],[131.52534,34.28032],[131.52512,34.28087],[131.52648,34.28154],[131.52622,34.28291],[131.52405,34.2844],[131.52151,34.28791],[131.52182,34.28911],[131.52441,34.28944],[131.52458,34.29013],[131.52554,34.29036],[131.52682,34.29167],[131.52754,34.29147],[131.5299,34.2925],[131.53026,34.29382],[131.53236,34.29404],[131.53379,34.29563],[131.53236,34.29756],[131.53217,34.29931],[131.5376,34.30012],[131.54091,34.30481],[131.54151,34.30439],[131.54322,34.30436],[131.5455,34.29974],[131.5467,34.30018],[131.54781,34.2992],[131.54878,34.2994],[131.54955,34.29898],[131.55266,34.3032],[131.55227,34.30615],[131.55805,34.30801],[131.55882,34.31289],[131.56017,34.31618],[131.56003,34.31771],[131.56265,34.31905],[131.56246,34.32004],[131.56323,34.32036],[131.56308,34.32156],[131.56523,34.32329],[131.56663,34.32617],[131.56583,34.32934],[131.56339,34.33129],[131.56095,34.33075],[131.55869,34.33402],[131.55864,34.33638],[131.56149,34.3413],[131.5608,34.34218],[131.5606,34.34537],[131.55958,34.34863],[131.55695,34.35328],[131.55792,34.3546],[131.55665,34.35556],[131.55483,34.35811],[131.55358,34.36189],[131.55056,34.36167],[131.54771,34.36312],[131.54368,34.36385],[131.54111,34.36643],[131.53877,34.36559],[131.53625,34.36683],[131.53384,34.36923],[131.53334,34.37037],[131.5339,34.37194],[131.53286,34.37403],[131.53332,34.37555],[131.53315,34.37748],[131.53418,34.37795],[131.53603,34.38116],[131.53834,34.38255],[131.53946,34.38264],[131.54138,34.38545],[131.54453,34.38638],[131.54819,34.38862],[131.547,34.39041],[131.54726,34.39286],[131.54665,34.39323],[131.54672,34.39413],[131.54551,34.39453],[131.54389,34.3942],[131.54383,34.39499],[131.54287,34.39606],[131.54047,34.397],[131.53976,34.39886],[131.53851,34.40035],[131.5395,34.40265],[131.53783,34.40489],[131.53756,34.40655],[131.53799,34.40723],[131.53668,34.41055],[131.53869,34.41069],[131.53931,34.41117],[131.5408,34.41473],[131.54218,34.4133],[131.54247,34.40981],[131.54312,34.40881],[131.54465,34.40984],[131.54601,34.41003],[131.55042,34.40907],[131.55141,34.40846],[131.5536,34.40922],[131.5549,34.4091],[131.55863,34.41162],[131.5624,34.41247],[131.56533,34.41201],[131.56928,34.41324],[131.57279,34.41043],[131.57473,34.41064],[131.57517,34.40908],[131.57609,34.40795],[131.57841,34.40736],[131.58121,34.40793],[131.58674,34.40726],[131.5927,34.41032],[131.59542,34.40891],[131.5976,34.40913],[131.6018,34.40775],[131.60657,34.40977],[131.60724,34.41162],[131.60664,34.41325],[131.60678,34.41453],[131.60589,34.41608],[131.60641,34.41742],[131.60571,34.41801],[131.60862,34.41945],[131.60902,34.4212],[131.61008,34.42171],[131.61064,34.4231],[131.61225,34.42366],[131.61321,34.42494],[131.61472,34.4252],[131.61446,34.42723],[131.61622,34.42899],[131.61587,34.42996],[131.61714,34.43209],[131.62064,34.43172],[131.6227,34.43312],[131.6223,34.4342],[131.62329,34.43705],[131.62581,34.43827],[131.62792,34.44107],[131.62813,34.44181],[131.62739,34.44346],[131.62896,34.44424],[131.63251,34.44396],[131.63401,34.44477],[131.63431,34.44638],[131.63486,34.44697],[131.63407,34.44849],[131.63389,34.45297],[131.63442,34.45527],[131.63656,34.45635],[131.6382,34.45567],[131.63905,34.45709],[131.63854,34.45803],[131.64014,34.45865],[131.64046,34.45932],[131.63977,34.46101],[131.63864,34.46134],[131.63804,34.46255],[131.63839,34.46427],[131.63938,34.46536],[131.64162,34.46548],[131.64286,34.46687],[131.64647,34.46632],[131.64985,34.46976],[131.64937,34.47086],[131.64996,34.47171],[131.65048,34.47468],[131.6497,34.4752],[131.64932,34.47656],[131.6501,34.47764],[131.65182,34.47792],[131.65316,34.47951],[131.64955,34.48187],[131.64929,34.48345],[131.64657,34.48553],[131.64657,34.4864],[131.64583,34.48698],[131.64616,34.48796],[131.64727,34.48887],[131.65058,34.48971],[131.65076,34.49077],[131.64916,34.49273],[131.64919,34.49365],[131.64831,34.49412],[131.64797,34.49507],[131.64611,34.49622],[131.6454,34.498],[131.64565,34.49884],[131.65188,34.49978],[131.65285,34.50031],[131.65413,34.50006],[131.65368,34.50122],[131.65397,34.50225],[131.65564,34.50395],[131.65718,34.50439],[131.66134,34.50341],[131.66264,34.50412],[131.66377,34.50269],[131.66477,34.50247],[131.66637,34.50294],[131.66811,34.50423],[131.67002,34.50229],[131.67272,34.50239],[131.67435,34.50124],[131.6754,34.50115],[131.67964,34.49346],[131.68226,34.49309],[131.68237,34.48827],[131.68046,34.4853],[131.68183,34.48319],[131.68169,34.48031],[131.68213,34.47872],[131.6833,34.47836],[131.68636,34.47926],[131.6886,34.47899],[131.68976,34.48],[131.69151,34.48008],[131.69339,34.48166],[131.69622,34.48076],[131.69764,34.4785],[131.69765,34.47769],[131.6991,34.47718],[131.70001,34.47447],[131.69884,34.4702],[131.69644,34.46796],[131.69448,34.46701],[131.69387,34.46572],[131.69444,34.4634],[131.69408,34.46231],[131.69554,34.46121],[131.69528,34.46007],[131.69576,34.45986],[131.69664,34.45771],[131.6964,34.45699],[131.69532,34.45624],[131.69552,34.45464],[131.69633,34.45399],[131.69774,34.45399],[131.69913,34.45216],[131.69734,34.44623],[131.69483,34.44579],[131.69378,34.44395],[131.69544,34.44042],[131.69535,34.43838],[131.69666,34.43699],[131.69695,34.43557],[131.69881,34.43508],[131.70228,34.43614],[131.7056,34.4342],[131.70602,34.43314],[131.70733,34.43336],[131.70769,34.43251],[131.70903,34.43181],[131.70996,34.43195],[131.71106,34.42998],[131.71299,34.42844],[131.71493,34.42876],[131.7156,34.42968],[131.71726,34.42995],[131.72135,34.42856],[131.72266,34.42878],[131.72337,34.42967],[131.72577,34.42995],[131.7269,34.43139],[131.72937,34.43266],[131.73098,34.43141],[131.73248,34.43162],[131.73346,34.43029],[131.73637,34.42985],[131.73828,34.42841],[131.73926,34.42914],[131.74156,34.42944],[131.74191,34.43039],[131.74351,34.43191],[131.74523,34.43538],[131.7486,34.43606],[131.75083,34.43758],[131.75187,34.43916],[131.75376,34.43911],[131.75533,34.44046],[131.75738,34.43946],[131.75636,34.43647],[131.75858,34.43437],[131.76178,34.4339],[131.765,34.43544],[131.77005,34.43644],[131.77059,34.43724],[131.77263,34.43675],[131.77308,34.43497],[131.77659,34.43479],[131.78004,34.43586],[131.78751,34.43452],[131.79079,34.43593],[131.79382,34.43642],[131.79366,34.43495],[131.79468,34.43371],[131.79563,34.43344],[131.79478,34.43287],[131.79468,34.43111],[131.79506,34.43059],[131.79417,34.42901],[131.79422,34.4257],[131.7931,34.42499],[131.7929,34.42383],[131.79334,34.42268],[131.7917,34.42062],[131.7912,34.41841],[131.7904,34.41805],[131.78888,34.4154],[131.78765,34.41473],[131.78685,34.41305],[131.78677,34.41045],[131.78797,34.40844],[131.7854,34.40578],[131.78512,34.40172],[131.78459,34.40095],[131.78482,34.39992],[131.77871,34.39857],[131.7764,34.39564],[131.77478,34.39497],[131.77336,34.39248],[131.77383,34.39121],[131.77325,34.39028],[131.77356,34.38931],[131.7729,34.38748],[131.76952,34.38678],[131.76753,34.3849],[131.76632,34.38471],[131.76528,34.3837],[131.76508,34.38234],[131.76427,34.38172],[131.76368,34.38027],[131.76364,34.37692],[131.76713,34.37497],[131.7673,34.37431],[131.76593,34.37167],[131.76609,34.36962],[131.76718,34.36715],[131.76538,34.36363],[131.76696,34.36334],[131.76865,34.36156],[131.77031,34.35839],[131.77075,34.3561],[131.76823,34.35356],[131.76467,34.35328],[131.76452,34.35143],[131.76291,34.35056],[131.75975,34.34988],[131.75891,34.34796],[131.75607,34.34646],[131.75588,34.34427],[131.75625,34.34354],[131.75564,34.34248],[131.75676,34.34027],[131.75422,34.3362],[131.75564,34.33389],[131.75545,34.33273],[131.75676,34.33123],[131.75465,34.3299],[131.75154,34.33034],[131.75043,34.32939],[131.74852,34.32882],[131.74486,34.32929],[131.7461,34.32675],[131.74584,34.32264],[131.74539,34.3217],[131.74642,34.32069],[131.74652,34.31961],[131.74593,34.31907],[131.74615,34.31783],[131.74711,34.31684],[131.74545,34.31631],[131.74413,34.31524],[131.7438,34.3138],[131.74484,34.31239],[131.74522,34.31022],[131.74629,34.30993],[131.747,34.30892],[131.74688,34.30771],[131.74956,34.30545],[131.74843,34.3029],[131.74915,34.30164],[131.75002,34.30133],[131.75032,34.29962],[131.74975,34.29849],[131.74735,34.2988],[131.74633,34.29749],[131.74439,34.29689],[131.744,34.29542],[131.74241,34.29457],[131.74222,34.29283],[131.74312,34.29192],[131.74377,34.28909],[131.74676,34.28726],[131.74764,34.28651],[131.7479,34.28559],[131.74898,34.28543],[131.75037,34.28387],[131.75271,34.28237],[131.75302,34.2806],[131.7552,34.27879],[131.75727,34.27511],[131.75925,34.27353],[131.7573,34.27216],[131.75575,34.27252],[131.75416,34.27143],[131.75525,34.26716],[131.75331,34.26475],[131.75322,34.26308],[131.75218,34.26195],[131.74967,34.2606],[131.74828,34.26082],[131.7477,34.26026],[131.74689,34.26048],[131.74631,34.26005],[131.74551,34.26068],[131.74388,34.25921],[131.74389,34.25851],[131.74256,34.25818],[131.74291,34.25706],[131.74128,34.2558],[131.74169,34.25532],[131.74093,34.25475],[131.74037,34.2505],[131.73965,34.24986],[131.73916,34.24826],[131.74033,34.24712],[131.74127,34.24696],[131.74123,34.24521],[131.74166,34.2447],[131.74352,34.24511],[131.74484,34.24405],[131.7434,34.24118],[131.74384,34.24078],[131.7439,34.23887],[131.74481,34.2386],[131.7459,34.23608],[131.74583,34.23477],[131.74728,34.23391],[131.74758,34.23294],[131.74738,34.22795],[131.74611,34.227],[131.7511,34.22458],[131.75163,34.22293],[131.75157,34.22204],[131.75074,34.22147],[131.75093,34.22035],[131.75041,34.21955],[131.75072,34.21841],[131.75035,34.21693],[131.75101,34.21647],[131.75112,34.21551],[131.7508,34.21407],[131.75567,34.20944],[131.75572,34.20779],[131.75708,34.20701],[131.75767,34.20438],[131.75945,34.20439],[131.75984,34.20394],[131.75942,34.20249],[131.76047,34.20188],[131.75956,34.20117],[131.75994,34.19971],[131.75969,34.19841],[131.76259,34.19932],[131.76258,34.1963],[131.76351,34.196],[131.76392,34.19456],[131.76365,34.19364],[131.76166,34.1933],[131.76121,34.19215],[131.76006,34.19155],[131.75833,34.18929],[131.75618,34.18955],[131.75296,34.18847],[131.75218,34.18928],[131.75006,34.18958],[131.74794,34.18883],[131.74719,34.18963],[131.74623,34.1898],[131.74574,34.19059],[131.7441,34.19077],[131.74319,34.1903],[131.73843,34.19139],[131.73682,34.1895],[131.73627,34.18946],[131.73561,34.19084],[131.73434,34.18958],[131.73417,34.18812],[131.73496,34.18783],[131.73554,34.18614],[131.73483,34.18474],[131.7332,34.18385],[131.73305,34.18242],[131.73199,34.18168],[131.7327,34.1805],[131.73219,34.17954],[131.7328,34.17833],[131.73256,34.17693],[131.7332,34.17611],[131.73464,34.17635],[131.73528,34.17577],[131.73797,34.1774],[131.73918,34.17696],[131.7392,34.17635],[131.73765,34.1755],[131.7385,34.17519],[131.73952,34.1739],[131.73945,34.17207],[131.73845,34.17095],[131.73887,34.1705],[131.73765,34.16851],[131.73817,34.168],[131.73678,34.16673],[131.73464,34.16691],[131.73412,34.16515],[131.73275,34.16575],[131.7307,34.16486],[131.73152,34.16388],[131.73234,34.16367],[131.73158,34.16255],[131.72982,34.16214],[131.72823,34.16341],[131.72619,34.16371],[131.72288,34.16083],[131.72243,34.15828],[131.72305,34.15771],[131.72378,34.15517],[131.72357,34.15388],[131.72437,34.1534],[131.72412,34.15231],[131.7245,34.15152],[131.7258,34.15057],[131.72562,34.14866],[131.72481,34.14763],[131.72651,34.14666],[131.72578,34.14529],[131.72529,34.14113],[131.72214,34.1405],[131.72271,34.14016],[131.7205,34.13807],[131.71984,34.13665],[131.71484,34.13646],[131.71426,34.13402],[131.71295,34.13268],[131.71142,34.13318],[131.70785,34.13307],[131.70703,34.13578],[131.70618,34.13592],[131.70531,34.13735],[131.69853,34.14192],[131.69568,34.14098],[131.69257,34.14204],[131.69062,34.14002],[131.68831,34.13485],[131.68608,34.13405],[131.68591,34.13252],[131.68417,34.13212],[131.68152,34.13202],[131.68061,34.1327],[131.67992,34.1326],[131.67972,34.13317],[131.67773,34.13309],[131.67447,34.13498],[131.66871,34.13518],[131.66666,34.13426],[131.66406,34.13601],[131.66225,34.13646],[131.66011,34.13675],[131.65667,34.13616],[131.65332,34.13669],[131.65524,34.1397],[131.6566,34.14005],[131.65744,34.1417],[131.65726,34.14583],[131.65887,34.14825],[131.65893,34.15048],[131.66004,34.15109],[131.66055,34.15213],[131.65804,34.15446],[131.65612,34.15771],[131.65343,34.15673],[131.65284,34.15765],[131.65,34.1584],[131.64662,34.15839],[131.64323,34.15924],[131.64252,34.15898],[131.64093,34.1604],[131.6401,34.15965],[131.63866,34.1601],[131.6373,34.1596],[131.63582,34.15984],[131.63512,34.15885],[131.63221,34.15698],[131.63136,34.15574],[131.63114,34.15443],[131.63202,34.15245],[131.63324,34.15136],[131.63343,34.14964],[131.62864,34.14987],[131.62821,34.14715],[131.62931,34.14611],[131.62789,34.14423],[131.6276,34.14267],[131.62487,34.1424],[131.62414,34.14171],[131.62375,34.13962],[131.62121,34.13878],[131.61899,34.13871],[131.61881,34.14315],[131.61657,34.14288],[131.61288,34.14327],[131.61157,34.14535],[131.60759,34.14741],[131.60611,34.14649],[131.60266,34.1474],[131.60177,34.14726],[131.60121,34.14652],[131.59894,34.14648],[131.59705,34.14783],[131.59573,34.14777],[131.59435,34.14834],[131.59417,34.14943],[131.59307,34.14976],[131.59324,34.15043],[131.59078,34.15037],[131.58969,34.15177],[131.58872,34.15217],[131.58746,34.15255],[131.5859,34.15104],[131.582,34.15185],[131.58036,34.14972],[131.58122,34.14858],[131.58156,34.14666],[131.58256,34.14596],[131.58254,34.1446],[131.58369,34.14311],[131.58438,34.14295],[131.58414,34.1421],[131.58315,34.14109],[131.58111,34.14037],[131.58075,34.13759],[131.58006,34.13657],[131.57864,34.13597],[131.57496,34.13609],[131.57334,34.13502],[131.57275,34.13402],[131.57226,34.1312],[131.5728,34.12969],[131.57212,34.12831],[131.57307,34.12528],[131.57624,34.125],[131.57588,34.12267],[131.57472,34.12185],[131.57212,34.12134],[131.57061,34.12003],[131.56981,34.12031],[131.56856,34.12189],[131.56616,34.12116],[131.56379,34.12251],[131.56298,34.12216],[131.56305,34.12092],[131.55989,34.11815],[131.55946,34.11722],[131.55971,34.11549],[131.55733,34.11418],[131.55741,34.11236],[131.55673,34.11164],[131.55692,34.11066],[131.55789,34.10968],[131.55829,34.10749],[131.55504,34.10591],[131.55373,34.10438],[131.55347,34.10303],[131.5521,34.10101],[131.55209,34.09998],[131.55105,34.09923],[131.55113,34.09686],[131.54854,34.09568],[131.54599,34.09601],[131.54485,34.09661],[131.54293,34.0952],[131.53787,34.09441],[131.53673,34.09292],[131.53593,34.09267],[131.53283,34.09318],[131.53305,34.09204],[131.53181,34.08989],[131.52448,34.08937],[131.52372,34.08848],[131.52366,34.08724],[131.52137,34.0875],[131.52074,34.08663],[131.51942,34.08647],[131.51727,34.08797],[131.51782,34.0891],[131.51606,34.08998],[131.51467,34.09209],[131.51177,34.09425],[131.51165,34.09556],[131.50997,34.09637],[131.50758,34.09662],[131.50606,34.09835],[131.50428,34.09858],[131.5029,34.09793],[131.49975,34.09921],[131.49941,34.09846],[131.49773,34.09807],[131.49744,34.09741],[131.49615,34.09673],[131.49601,34.09606],[131.49382,34.09563],[131.49084,34.0942],[131.49051,34.08998],[131.48634,34.088],[131.48594,34.08643],[131.48459,34.08467],[131.48474,34.08322],[131.48391,34.08261],[131.48358,34.08057],[131.48172,34.07967],[131.48156,34.07741],[131.48052,34.07497],[131.4771,34.07425],[131.4762,34.07364],[131.47345,34.07398],[131.4713,34.07146],[131.46988,34.07158],[131.46733,34.07018],[131.46593,34.07028],[131.466,34.06918],[131.46543,34.06813],[131.46444,34.06855],[131.46346,34.06801],[131.46204,34.06593],[131.46028,34.06535],[131.45958,34.06434],[131.45809,34.06402],[131.45765,34.06302],[131.45545,34.06195],[131.45552,34.06111],[131.45634,34.06025],[131.45665,34.05834],[131.45536,34.05696],[131.45598,34.05581],[131.45659,34.05567],[131.45646,34.05475],[131.45742,34.05444],[131.4578,34.05376],[131.45702,34.05263],[131.4575,34.05143],[131.45706,34.05054],[131.45758,34.04818],[131.45921,34.04709],[131.45956,34.04483],[131.46048,34.04451],[131.46295,34.0452],[131.46391,34.04594],[131.46614,34.04604],[131.46786,34.04459],[131.4704,34.04387],[131.47151,34.04048],[131.47406,34.04014],[131.47523,34.03862],[131.47565,34.03761],[131.47536,34.03804],[131.47244,34.03728],[131.46808,34.03429],[131.4679,34.03399],[131.46924,34.03317],[131.47056,34.03202],[131.46996,34.03054],[131.4705,34.03203],[131.46922,34.03315],[131.46792,34.03394],[131.46676,34.03324],[131.46833,34.03194],[131.46794,34.03149],[131.46828,34.03193],[131.46713,34.0328],[131.46594,34.03042],[131.46908,34.03082],[131.46645,34.03036],[131.46638,34.02869],[131.46539,34.02764],[131.46637,34.02553],[131.46444,34.02526],[131.46769,34.02536],[131.46977,34.01898],[131.46647,34.01859],[131.47151,34.01889],[131.47211,34.01985],[131.47178,34.02131],[131.47214,34.01998],[131.47497,34.01933],[131.47584,34.01779],[131.47843,34.01738],[131.47916,34.01822],[131.47848,34.01734],[131.47828,34.01524],[131.47971,34.01211],[131.47912,34.01134],[131.4775,34.01182],[131.47518,34.01054],[131.4738,34.01094],[131.46748,34.00717],[131.46613,34.00685],[131.46222,34.00368],[131.46043,34.00406],[131.45876,34.00368],[131.45951,34.00399],[131.45907,34.00467],[131.45728,34.00554],[131.45476,34.00357],[131.45444,34.00234],[131.45581,34.00148],[131.45638,33.9997],[131.45702,33.99979],[131.45748,33.99878],[131.45856,33.99891],[131.45935,33.99791],[131.46088,33.99732],[131.46196,33.9948],[131.46347,33.99372],[131.46344,33.99232],[131.4615,33.99033],[131.46131,33.98806],[131.45983,33.98736],[131.45734,33.9871],[131.45496,33.98837],[131.45499,33.98939],[131.45602,33.99139],[131.45564,33.99362],[131.4541,33.99501],[131.4514,33.99559],[131.44663,33.99477],[131.44406,33.99358],[131.44212,33.99176],[131.44147,33.98787],[131.44269,33.98642],[131.44282,33.98523],[131.44177,33.98279],[131.44045,33.98258],[131.43917,33.98298],[131.4383,33.98262],[131.43647,33.98311],[131.43602,33.98386],[131.43592,33.98609],[131.43634,33.98687],[131.43586,33.98828],[131.43351,33.99006],[131.43281,33.99027],[131.43251,33.98981],[131.43203,33.98975],[131.43264,33.99009],[131.43178,33.99074],[131.42882,33.99065],[131.42826,33.98914],[131.42716,33.98851],[131.42566,33.98852],[131.42405,33.98918],[131.42375,33.99133],[131.4256,33.99338],[131.42557,33.99509],[131.42522,33.99524],[131.42491,33.99611],[131.42527,33.99655],[131.42495,33.99611],[131.42526,33.99526],[131.42671,33.99498],[131.42654,33.99355],[131.42693,33.99338],[131.42794,33.9966],[131.42611,33.99686],[131.42795,33.99664],[131.42956,33.99942],[131.43188,34.00643],[131.42915,34.00685],[131.42924,34.00798],[131.4274,34.00901],[131.42931,34.00806],[131.43114,34.00787],[131.42911,34.01007],[131.43031,34.01047],[131.4295,34.01136],[131.42896,34.01108],[131.42947,34.01138],[131.42912,34.01173],[131.42865,34.0113],[131.42866,34.01064],[131.42801,34.00991],[131.42832,34.00934],[131.42796,34.00992],[131.4286,34.01131],[131.4291,34.01178],[131.428,34.01393],[131.42579,34.01511],[131.42082,34.01568],[131.41847,34.01529],[131.41815,34.01502],[131.41885,34.01411],[131.4177,34.01368],[131.41695,34.01454],[131.41735,34.01473],[131.41625,34.01435],[131.41871,34.01122],[131.41632,34.00974],[131.41484,34.01166],[131.41291,34.01053],[131.41344,34.00983],[131.414,34.0101],[131.41415,34.00999],[131.41413,34.00937],[131.41393,34.00915],[131.41441,34.00853],[131.41619,34.00948],[131.4144,34.00842],[131.41383,34.00915],[131.41405,34.01001],[131.41334,34.00978],[131.41145,34.01195],[131.41234,34.01062],[131.41143,34.00892],[131.41317,34.00851],[131.41298,34.00805],[131.41231,34.0083],[131.41159,34.00688],[131.41277,34.00648],[131.41333,34.00753],[131.41424,34.00759],[131.41339,34.00746],[131.41285,34.00639],[131.41156,34.00681],[131.41088,34.00546],[131.40953,34.0058],[131.40871,34.00276],[131.40785,34.00211],[131.40864,34.00141],[131.4079,34.00133],[131.40776,34.00088],[131.40931,33.99883],[131.40956,33.99715],[131.40844,33.9959],[131.40667,33.99629],[131.40607,33.9971],[131.40423,33.9968],[131.39993,33.99328],[131.39906,33.99159],[131.39911,33.98973],[131.39991,33.98866],[131.39979,33.98614],[131.39856,33.98473],[131.3969,33.98469],[131.39296,33.98341],[131.39114,33.98349],[131.39175,33.98482],[131.39571,33.98711],[131.39692,33.98903],[131.39641,33.99067],[131.3966,33.994],[131.39456,33.99611],[131.39423,33.99753],[131.39628,33.99789],[131.3983,33.99711],[131.39962,33.99762],[131.39959,33.99799],[131.40014,33.99771],[131.40165,33.99852],[131.40198,33.99955],[131.40132,34.00098],[131.40261,34.00251],[131.40259,34.00432],[131.40583,34.01119],[131.40569,34.01196],[131.40515,34.01202],[131.40494,34.01339],[131.40545,34.01406],[131.40563,34.01357],[131.40733,34.01406],[131.40718,34.01372],[131.40794,34.01334],[131.40916,34.01357],[131.40737,34.01471],[131.41392,34.02186],[131.411,34.02299],[131.41032,34.02371],[131.40993,34.02333],[131.40621,34.02464],[131.40617,34.02423],[131.40527,34.02429],[131.40429,34.02502],[131.40358,34.02456],[131.40204,34.0246],[131.40299,34.02543],[131.40382,34.02526],[131.40224,34.02611],[131.39965,34.02456],[131.39848,34.02434],[131.39502,34.02509],[131.39474,34.0258],[131.39467,34.02536],[131.39441,34.02564],[131.39484,34.0324],[131.39437,34.03257],[131.39473,34.03272],[131.38918,34.03335],[131.39434,34.03296],[131.39475,34.03364],[131.39459,34.03529],[131.39556,34.03694],[131.39763,34.03959],[131.40064,34.04122],[131.39974,34.04187],[131.39995,34.04305],[131.39854,34.04293],[131.39728,34.04402],[131.39675,34.04396],[131.39726,34.04408],[131.40035,34.05438],[131.40037,34.05879],[131.40174,34.06993],[131.40006,34.07104],[131.39844,34.06297],[131.39744,34.06303],[131.3964,34.05839],[131.39685,34.05501],[131.3963,34.05477],[131.39503,34.05122],[131.3876,34.05008],[131.38643,34.05068],[131.38588,34.0504],[131.38623,34.05066],[131.3858,34.05083],[131.38602,34.05129],[131.38512,34.05113],[131.38621,34.04701],[131.38404,34.03976],[131.3826,34.03939],[131.38352,34.03914],[131.38304,34.039],[131.3834,34.03818],[131.38389,34.03893],[131.38364,34.0381],[131.38433,34.03809],[131.38378,34.03733],[131.38418,34.03661],[131.38314,34.03649],[131.38295,34.03556],[131.38367,34.03518],[131.38357,34.03489],[131.38372,34.03461],[131.38429,34.03468],[131.38376,34.03498],[131.38439,34.03493],[131.38526,34.03385],[131.38876,34.03341],[131.38534,34.03374],[131.38651,34.03209],[131.38622,34.03175],[131.38473,34.03089],[131.3818,34.03046],[131.3803,34.03309],[131.38071,34.03121],[131.37757,34.02975],[131.37258,34.02865],[131.3707,34.02687],[131.37226,34.02569],[131.38267,34.02275],[131.38334,34.02218],[131.37799,34.00805],[131.37062,34.00019],[131.36916,33.9997],[131.36754,34.00079],[131.36515,34.00381],[131.36509,34.00493],[131.36597,34.00654],[131.3655,34.00775],[131.36416,34.00891],[131.36229,34.00897],[131.36107,34.00954],[131.36203,34.00863],[131.36399,34.00833],[131.36511,34.00667],[131.36432,34.00587],[131.36388,34.00414],[131.36394,34.00496],[131.36306,34.00505],[131.36245,34.00358],[131.36387,34.00346],[131.36324,34.00306],[131.36296,34.00329],[131.36242,34.00335],[131.36211,34.00361],[131.3615,34.00327],[131.36209,34.00352],[131.36253,34.00328],[131.36296,34.00327],[131.36322,34.00304],[131.36411,34.00355],[131.36626,34.00116],[131.36385,34.00304],[131.3629,34.00247],[131.36308,34.00194],[131.3638,34.00127],[131.36471,34.00182],[131.36561,34.00087],[131.36471,34.00181],[131.36381,34.00126],[131.36578,33.99903],[131.36703,33.99941],[131.36627,34.00022],[131.3671,33.99936],[131.36454,33.99842],[131.36312,33.99704],[131.35991,33.99834],[131.35756,33.99789],[131.35728,33.99723],[131.3535,33.9973],[131.3531,33.99738],[131.35402,33.99873]]]]}},{"type":"Feature","properties":{"id":"muni-35204","name":"萩市"},"geometry":{"type":"MultiPolygon","coordinates":[[[[131.317,34.42949],[131.31803,34.43048],[131.3173,34.4308],[131.31726,34.43152],[131.31834,34.43133],[131.31853,34.43217],[131.3181,34.43247],[131.31865,34.4331],[131.31913,34.43304],[131.31899,34.43244],[131.32078,34.4326],[131.32041,34.43207],[131.32132,34.43208],[131.32111,34.431],[131.32193,34.43083],[131.32105,34.43005],[131.32208,34.42938],[131.32152,34.42852],[131.32216,34.42777],[131.32205,34.4272],[131.32012,34.42619],[131.31775,34.42688],[131.31646,34.42759],[131.31718,34.42837],[131.31697,34.42891],[131.31735,34.42927],[131.317,34.42949]]],[[[131.34763,34.41741],[131.34859,34.41648],[131.34929,34.41635],[131.34912,34.41588],[131.35246,34.41132],[131.35495,34.41049],[131.36193,34.41099],[131.3628,34.41156],[131.36319,34.41245],[131.36293,34.41308],[131.36358,34.41313],[131.36372,34.41359],[131.36437,34.41361],[131.36329,34.41281],[131.36535,34.41267],[131.36578,34.41309],[131.36651,34.41262],[131.36866,34.41438],[131.37143,34.41502],[131.37166,34.41445],[131.37208,34.41522],[131.37189,34.41415],[131.37326,34.41282],[131.37269,34.41247],[131.37336,34.41284],[131.37988,34.41084],[131.38121,34.41202],[131.37914,34.41288],[131.3771,34.41506],[131.37612,34.4136],[131.37387,34.41363],[131.37447,34.41307],[131.37391,34.41345],[131.37312,34.41449],[131.37287,34.41522],[131.37347,34.41456],[131.37586,34.41533],[131.3765,34.41578],[131.37623,34.41623],[131.3788,34.41823],[131.379,34.41885],[131.37855,34.4192],[131.37899,34.42044],[131.37742,34.42187],[131.37726,34.42248],[131.37775,34.42266],[131.37908,34.42205],[131.38119,34.42308],[131.38378,34.42251],[131.38577,34.42024],[131.38505,34.4182],[131.38582,34.41761],[131.38607,34.41817],[131.38615,34.41726],[131.3876,34.41682],[131.39134,34.41728],[131.39643,34.41982],[131.39762,34.4212],[131.39612,34.42225],[131.39776,34.42154],[131.39926,34.42298],[131.39817,34.42406],[131.39865,34.42458],[131.39988,34.4228],[131.40135,34.42225],[131.40315,34.42036],[131.40546,34.41888],[131.40643,34.41957],[131.40512,34.42121],[131.4073,34.42156],[131.40482,34.4216],[131.40019,34.42321],[131.39954,34.42517],[131.40042,34.42616],[131.40072,34.42799],[131.40364,34.42871],[131.40676,34.42795],[131.40783,34.42871],[131.4086,34.42869],[131.40947,34.42807],[131.40987,34.42704],[131.41082,34.42661],[131.41168,34.42807],[131.41097,34.42663],[131.41256,34.42516],[131.4133,34.42667],[131.41624,34.42778],[131.41559,34.42775],[131.41621,34.42799],[131.41572,34.42936],[131.41404,34.42895],[131.41381,34.42955],[131.41532,34.43037],[131.41369,34.43162],[131.41108,34.42872],[131.41195,34.43004],[131.40981,34.43167],[131.40931,34.4332],[131.41034,34.43478],[131.41156,34.43561],[131.41373,34.43568],[131.41341,34.43546],[131.41423,34.43398],[131.41597,34.43492],[131.41619,34.43463],[131.41616,34.43501],[131.4176,34.43583],[131.41772,34.43652],[131.41703,34.43688],[131.41713,34.43733],[131.4132,34.43841],[131.41292,34.4391],[131.41411,34.44073],[131.41487,34.44091],[131.41694,34.44026],[131.41754,34.43813],[131.41786,34.43802],[131.41788,34.43874],[131.41801,34.43788],[131.41778,34.43772],[131.41862,34.43647],[131.41865,34.43722],[131.42044,34.43728],[131.42142,34.43821],[131.42097,34.43833],[131.42157,34.43929],[131.42086,34.43965],[131.42149,34.44064],[131.42104,34.44184],[131.41929,34.4414],[131.41894,34.44225],[131.42009,34.44309],[131.41991,34.44347],[131.41762,34.44359],[131.41703,34.44423],[131.41515,34.44454],[131.41393,34.44546],[131.41189,34.44546],[131.41414,34.44564],[131.41408,34.44643],[131.41334,34.4469],[131.4112,34.44742],[131.41105,34.44657],[131.41116,34.44742],[131.40916,34.44763],[131.40829,34.44602],[131.40891,34.44584],[131.4084,34.44547],[131.40925,34.44521],[131.40972,34.44563],[131.41086,34.44563],[131.41134,34.44534],[131.40975,34.44559],[131.40831,34.44451],[131.40659,34.44542],[131.40465,34.44486],[131.40208,34.44582],[131.40064,34.44548],[131.40027,34.44671],[131.39845,34.44668],[131.39764,34.44772],[131.39607,34.4483],[131.3964,34.44971],[131.39561,34.45001],[131.39578,34.45071],[131.39496,34.45119],[131.39579,34.45112],[131.39636,34.45218],[131.39582,34.45296],[131.39527,34.4528],[131.39517,34.45332],[131.39438,34.45348],[131.3943,34.45593],[131.39625,34.4564],[131.39595,34.45782],[131.397,34.45829],[131.39752,34.45925],[131.39689,34.46018],[131.39798,34.46038],[131.39803,34.45939],[131.39863,34.45964],[131.39845,34.45991],[131.39893,34.45942],[131.39965,34.45999],[131.40014,34.45947],[131.4017,34.45931],[131.40173,34.45873],[131.40452,34.45738],[131.40437,34.45656],[131.40525,34.4553],[131.40526,34.45454],[131.40633,34.45381],[131.40674,34.45405],[131.40652,34.45354],[131.40709,34.45263],[131.41084,34.45247],[131.41189,34.45189],[131.41215,34.45121],[131.41487,34.45108],[131.41205,34.4508],[131.41105,34.45172],[131.41025,34.45129],[131.41203,34.44964],[131.41242,34.45008],[131.41206,34.44962],[131.41348,34.449],[131.41365,34.44942],[131.4148,34.44923],[131.41465,34.45035],[131.41494,34.44874],[131.4154,34.44872],[131.41753,34.44985],[131.41708,34.45124],[131.41761,34.45211],[131.41713,34.45262],[131.4218,34.45322],[131.42516,34.45426],[131.4257,34.45557],[131.42565,34.45765],[131.42642,34.45795],[131.42931,34.46155],[131.43128,34.46273],[131.43485,34.46613],[131.43553,34.46795],[131.43481,34.46874],[131.43446,34.46867],[131.43465,34.46824],[131.43207,34.47105],[131.43197,34.47246],[131.43517,34.47286],[131.43839,34.47196],[131.43736,34.47207],[131.43689,34.4719],[131.43715,34.47139],[131.43653,34.47131],[131.43764,34.47048],[131.43742,34.47126],[131.43826,34.47069],[131.43977,34.47091],[131.43967,34.4716],[131.43827,34.47139],[131.4406,34.47185],[131.44127,34.47122],[131.44283,34.47252],[131.44229,34.47312],[131.44289,34.47256],[131.44353,34.47308],[131.44287,34.47374],[131.44353,34.47318],[131.44487,34.47481],[131.44524,34.47599],[131.44413,34.47595],[131.44405,34.47641],[131.44547,34.47648],[131.44529,34.47791],[131.44479,34.47766],[131.44541,34.47805],[131.44608,34.47788],[131.44626,34.47647],[131.44739,34.47657],[131.44658,34.47883],[131.44435,34.47806],[131.44341,34.48072],[131.44282,34.48019],[131.44115,34.4809],[131.44065,34.48319],[131.4409,34.48358],[131.44197,34.48348],[131.4423,34.48441],[131.44463,34.48388],[131.44536,34.48504],[131.44723,34.48569],[131.44784,34.48505],[131.44935,34.48483],[131.45091,34.48357],[131.45144,34.48161],[131.45269,34.48106],[131.45315,34.48034],[131.4544,34.48045],[131.45603,34.48125],[131.45988,34.48481],[131.46197,34.48607],[131.46578,34.48543],[131.46788,34.48563],[131.46841,34.48701],[131.47075,34.48836],[131.47168,34.48957],[131.47351,34.48964],[131.47843,34.4925],[131.47987,34.48985],[131.4826,34.48828],[131.48499,34.48881],[131.4871,34.48786],[131.48943,34.48831],[131.49188,34.48671],[131.49302,34.48432],[131.49638,34.48332],[131.49741,34.48429],[131.49868,34.48468],[131.50288,34.48273],[131.50366,34.48455],[131.50272,34.48575],[131.50487,34.48858],[131.50601,34.48938],[131.50544,34.4908],[131.50584,34.49207],[131.50879,34.48941],[131.50857,34.48806],[131.51036,34.48843],[131.51127,34.48946],[131.51314,34.48916],[131.51431,34.4915],[131.51324,34.49315],[131.51281,34.49514],[131.51151,34.49555],[131.51097,34.4967],[131.51689,34.50181],[131.51808,34.50204],[131.52039,34.504],[131.52167,34.50399],[131.5242,34.50587],[131.52599,34.50654],[131.52765,34.50625],[131.52993,34.50504],[131.53278,34.50933],[131.53497,34.5103],[131.5368,34.51417],[131.53845,34.51599],[131.54303,34.51686],[131.54377,34.51616],[131.54357,34.51434],[131.54666,34.5143],[131.54723,34.51043],[131.54544,34.50644],[131.54617,34.50472],[131.54835,34.50433],[131.55022,34.50189],[131.54949,34.49729],[131.55189,34.4963],[131.55372,34.4964],[131.55551,34.49531],[131.55756,34.49273],[131.55818,34.49098],[131.56183,34.48959],[131.56293,34.48773],[131.56333,34.48473],[131.56373,34.48423],[131.56522,34.48398],[131.5665,34.48008],[131.57037,34.48062],[131.57146,34.48045],[131.57163,34.47993],[131.57343,34.48014],[131.5749,34.48142],[131.57722,34.48083],[131.57987,34.48192],[131.58165,34.48139],[131.58455,34.48184],[131.58911,34.48463],[131.59075,34.48425],[131.59256,34.48469],[131.59432,34.48551],[131.59466,34.48665],[131.59612,34.48797],[131.59679,34.49053],[131.59841,34.49327],[131.59831,34.49416],[131.59987,34.49489],[131.60047,34.49628],[131.60267,34.49778],[131.60863,34.49987],[131.61269,34.49859],[131.61408,34.49633],[131.61503,34.49627],[131.61639,34.49699],[131.6173,34.49868],[131.62051,34.49951],[131.62166,34.50186],[131.62255,34.50257],[131.62671,34.50321],[131.62875,34.50289],[131.63045,34.50552],[131.63219,34.50602],[131.63172,34.5066],[131.63194,34.50712],[131.6373,34.50853],[131.63813,34.50916],[131.63826,34.51003],[131.64509,34.51201],[131.64788,34.51363],[131.64753,34.51431],[131.64604,34.51494],[131.64617,34.51588],[131.64555,34.51642],[131.64346,34.51662],[131.6421,34.51972],[131.64219,34.52218],[131.64163,34.52302],[131.64002,34.52381],[131.63821,34.52403],[131.63731,34.52572],[131.63578,34.52597],[131.63632,34.5281],[131.63776,34.52899],[131.63652,34.5295],[131.63474,34.52943],[131.63479,34.5309],[131.63349,34.53193],[131.63119,34.53127],[131.63052,34.53],[131.62797,34.52982],[131.62545,34.52856],[131.62328,34.53061],[131.62109,34.53135],[131.61992,34.53065],[131.61906,34.53112],[131.61779,34.53408],[131.61843,34.53524],[131.61975,34.5359],[131.6199,34.53715],[131.61948,34.53767],[131.61763,34.53761],[131.61489,34.53982],[131.61493,34.54218],[131.61405,34.54219],[131.61301,34.54408],[131.61421,34.54682],[131.61483,34.54702],[131.61335,34.54767],[131.61282,34.54698],[131.612,34.54748],[131.61146,34.54697],[131.60999,34.54682],[131.60963,34.54571],[131.60874,34.54542],[131.60809,34.54647],[131.60673,34.54707],[131.60481,34.5488],[131.60453,34.55017],[131.6032,34.54962],[131.60255,34.55036],[131.59995,34.55088],[131.59936,34.55201],[131.59957,34.55278],[131.59869,34.55433],[131.59802,34.5546],[131.59809,34.55534],[131.5975,34.5554],[131.59572,34.55723],[131.5912,34.55704],[131.58923,34.55758],[131.58949,34.55865],[131.59144,34.55952],[131.59105,34.56074],[131.59126,34.56308],[131.59343,34.56477],[131.59427,34.56489],[131.59587,34.56699],[131.59541,34.56792],[131.59622,34.56871],[131.5961,34.57033],[131.59536,34.57097],[131.59568,34.57191],[131.59515,34.57273],[131.59658,34.57388],[131.59664,34.5747],[131.59899,34.57477],[131.59868,34.57587],[131.59964,34.57713],[131.59962,34.57937],[131.60054,34.58014],[131.60072,34.58296],[131.59789,34.58601],[131.59689,34.58848],[131.59419,34.58813],[131.59209,34.59059],[131.59002,34.59069],[131.58836,34.59005],[131.58681,34.59195],[131.58492,34.59233],[131.58487,34.59341],[131.58285,34.59766],[131.5825,34.60088],[131.58147,34.6028],[131.5799,34.60267],[131.5781,34.60339],[131.57663,34.60314],[131.57114,34.60499],[131.56968,34.60474],[131.56892,34.60568],[131.56486,34.60646],[131.56343,34.60722],[131.5616,34.6051],[131.55783,34.60313],[131.5555,34.60598],[131.55482,34.60758],[131.55641,34.60952],[131.55681,34.61146],[131.55807,34.61319],[131.55795,34.61404],[131.55675,34.61563],[131.56025,34.61738],[131.56008,34.61836],[131.56091,34.61825],[131.56299,34.61909],[131.56366,34.62035],[131.56469,34.62019],[131.56537,34.62162],[131.56636,34.62073],[131.56753,34.62169],[131.56828,34.62125],[131.56948,34.62212],[131.57123,34.62177],[131.5719,34.62229],[131.57481,34.62129],[131.57484,34.62042],[131.57579,34.62126],[131.57677,34.6202],[131.58003,34.62038],[131.58059,34.62305],[131.57852,34.62469],[131.579,34.62572],[131.58008,34.62584],[131.58544,34.62402],[131.58628,34.62431],[131.58763,34.62381],[131.58796,34.62285],[131.58698,34.62133],[131.58654,34.62206],[131.58469,34.62227],[131.5844,34.62167],[131.58548,34.62079],[131.58794,34.62025],[131.58798,34.61978],[131.58918,34.61925],[131.59018,34.61994],[131.5913,34.61982],[131.59196,34.62043],[131.59095,34.62151],[131.59088,34.62245],[131.59173,34.62217],[131.59265,34.62267],[131.5942,34.62194],[131.59466,34.62256],[131.59645,34.6226],[131.59688,34.62189],[131.59845,34.62132],[131.59893,34.62155],[131.59815,34.62257],[131.59816,34.62365],[131.59839,34.62419],[131.59821,34.62259],[131.59906,34.62297],[131.59825,34.62254],[131.5988,34.62182],[131.60046,34.62265],[131.59993,34.62342],[131.60034,34.62364],[131.60102,34.62274],[131.603,34.62296],[131.60349,34.6238],[131.60391,34.62357],[131.60198,34.62478],[131.60013,34.62459],[131.59988,34.62407],[131.59962,34.6238],[131.59912,34.62353],[131.60007,34.62458],[131.59987,34.62556],[131.60136,34.62645],[131.60168,34.6273],[131.6024,34.62768],[131.60216,34.62791],[131.6023,34.62812],[131.60353,34.62791],[131.6041,34.62734],[131.60468,34.62759],[131.60471,34.62691],[131.60545,34.6281],[131.6071,34.62795],[131.60519,34.62958],[131.60454,34.62944],[131.60553,34.63066],[131.60474,34.63107],[131.60461,34.63182],[131.6029,34.63368],[131.60239,34.63376],[131.60193,34.63297],[131.6031,34.62942],[131.60199,34.62955],[131.60244,34.63015],[131.60159,34.63098],[131.59997,34.63081],[131.59904,34.63141],[131.59846,34.63091],[131.5999,34.6296],[131.59919,34.62947],[131.59802,34.62825],[131.59778,34.62937],[131.59709,34.6294],[131.5983,34.62966],[131.59803,34.6302],[131.59852,34.63083],[131.59601,34.63221],[131.59597,34.63337],[131.5955,34.63371],[131.59428,34.63351],[131.59518,34.63128],[131.59361,34.62955],[131.59167,34.62848],[131.59126,34.62907],[131.59161,34.63038],[131.58898,34.63338],[131.5897,34.63349],[131.58982,34.63405],[131.59092,34.63399],[131.59111,34.63465],[131.59228,34.63441],[131.59184,34.6363],[131.59276,34.63605],[131.59269,34.63676],[131.59442,34.63762],[131.59427,34.6385],[131.59346,34.63866],[131.59389,34.63968],[131.59319,34.64003],[131.59432,34.64187],[131.59394,34.64221],[131.59305,34.64192],[131.5915,34.64287],[131.59065,34.64264],[131.59152,34.64453],[131.59055,34.64511],[131.59102,34.64575],[131.59055,34.64612],[131.59121,34.64647],[131.59185,34.64589],[131.5925,34.64616],[131.59268,34.64558],[131.59343,34.64625],[131.5953,34.64587],[131.59622,34.64661],[131.5961,34.64836],[131.59701,34.64813],[131.5978,34.64935],[131.59713,34.65278],[131.59918,34.65438],[131.59959,34.65606],[131.59932,34.65746],[131.6017,34.65861],[131.60209,34.65925],[131.60186,34.65995],[131.60377,34.66096],[131.60373,34.66196],[131.60478,34.66244],[131.60439,34.66267],[131.60463,34.66293],[131.60535,34.662],[131.60644,34.66167],[131.60906,34.66256],[131.60955,34.66285],[131.60959,34.66361],[131.61082,34.66395],[131.61064,34.6645],[131.61165,34.6651],[131.61288,34.66689],[131.61394,34.66638],[131.614,34.66576],[131.61553,34.66436],[131.61671,34.66455],[131.61672,34.66501],[131.61748,34.66537],[131.61781,34.66468],[131.62067,34.66341],[131.62192,34.66356],[131.62293,34.665],[131.62424,34.66396],[131.62561,34.66457],[131.62579,34.66517],[131.6285,34.66548],[131.62956,34.6652],[131.63016,34.66326],[131.63251,34.6636],[131.6324,34.66394],[131.63344,34.66463],[131.6344,34.66451],[131.63505,34.66322],[131.63477,34.66271],[131.63568,34.66276],[131.63645,34.66227],[131.63627,34.66198],[131.63736,34.66178],[131.63746,34.66128],[131.63779,34.66183],[131.63858,34.66135],[131.63969,34.66167],[131.63976,34.66108],[131.64062,34.66095],[131.64087,34.65995],[131.64053,34.65973],[131.64124,34.65992],[131.64229,34.65871],[131.64131,34.65624],[131.64319,34.65627],[131.64369,34.65533],[131.64292,34.65454],[131.6427,34.65306],[131.6414,34.65294],[131.64013,34.65117],[131.64097,34.64965],[131.63961,34.64888],[131.64104,34.64789],[131.63827,34.64691],[131.63804,34.64624],[131.63866,34.64562],[131.64052,34.64581],[131.63985,34.64516],[131.64001,34.64478],[131.64102,34.6452],[131.64386,34.64434],[131.64442,34.6432],[131.64427,34.64158],[131.64373,34.6409],[131.64541,34.64147],[131.64526,34.64105],[131.64648,34.64074],[131.6462,34.63998],[131.64657,34.63993],[131.64733,34.64122],[131.64735,34.64065],[131.6503,34.64095],[131.64763,34.64254],[131.64896,34.64519],[131.65073,34.64382],[131.6501,34.64526],[131.65193,34.6466],[131.65028,34.6461],[131.64938,34.64716],[131.64658,34.64677],[131.64603,34.64737],[131.64483,34.64741],[131.64418,34.64962],[131.64599,34.65335],[131.64607,34.65305],[131.64644,34.65345],[131.64636,34.65218],[131.64838,34.65321],[131.6492,34.65293],[131.64963,34.65328],[131.64979,34.65289],[131.65076,34.65353],[131.65157,34.65336],[131.65184,34.65386],[131.65217,34.65344],[131.65305,34.65354],[131.65367,34.65426],[131.654,34.65367],[131.65519,34.65334],[131.65532,34.654],[131.65544,34.65358],[131.65575,34.65419],[131.65632,34.65404],[131.65616,34.6545],[131.65668,34.65491],[131.65519,34.65629],[131.65522,34.65701],[131.65597,34.65778],[131.65637,34.65646],[131.65751,34.65608],[131.6582,34.65653],[131.65884,34.65598],[131.65922,34.65633],[131.65983,34.65524],[131.66092,34.65471],[131.66139,34.65556],[131.66222,34.65577],[131.66285,34.65534],[131.66446,34.65639],[131.66456,34.65556],[131.66269,34.65362],[131.66279,34.652],[131.6637,34.65204],[131.66513,34.65607],[131.6647,34.65717],[131.66391,34.65722],[131.66473,34.6578],[131.66407,34.65882],[131.66478,34.65885],[131.66492,34.65941],[131.66548,34.65933],[131.66504,34.65971],[131.66589,34.65969],[131.66656,34.66027],[131.66772,34.65963],[131.66874,34.6602],[131.66914,34.65968],[131.67022,34.65978],[131.67182,34.66202],[131.67147,34.6628],[131.67209,34.66353],[131.6711,34.66397],[131.67197,34.66506],[131.67394,34.66425],[131.67478,34.6648],[131.67479,34.66562],[131.67346,34.66608],[131.67279,34.6669],[131.67302,34.66787],[131.67068,34.66781],[131.67109,34.6685],[131.67031,34.66923],[131.67058,34.6702],[131.66911,34.67037],[131.66854,34.67143],[131.66788,34.67156],[131.66787,34.67209],[131.66862,34.67221],[131.66796,34.67303],[131.66825,34.67375],[131.66731,34.67417],[131.66789,34.67471],[131.66799,34.6761],[131.66842,34.67567],[131.66902,34.67677],[131.66996,34.67632],[131.67016,34.67689],[131.67089,34.67609],[131.67089,34.67695],[131.67114,34.67633],[131.67156,34.67648],[131.67144,34.67702],[131.67175,34.67671],[131.67173,34.67704],[131.67241,34.67707],[131.67287,34.67667],[131.67262,34.67625],[131.67315,34.67623],[131.67271,34.67577],[131.67324,34.67567],[131.6726,34.67507],[131.67247,34.67379],[131.67329,34.67332],[131.67616,34.67365],[131.67719,34.67317],[131.67684,34.6747],[131.67777,34.67552],[131.6773,34.6757],[131.67909,34.67596],[131.67935,34.67661],[131.67989,34.67607],[131.67946,34.67522],[131.67981,34.67463],[131.68169,34.67484],[131.68159,34.67531],[131.68218,34.67572],[131.68373,34.67477],[131.68458,34.6749],[131.68557,34.67592],[131.68503,34.67768],[131.68656,34.67722],[131.68872,34.67817],[131.68891,34.6788],[131.68949,34.67894],[131.68918,34.67985],[131.68979,34.68004],[131.68995,34.68078],[131.68953,34.68091],[131.69012,34.68149],[131.68956,34.67819],[131.68894,34.67749],[131.6883,34.67471],[131.68881,34.67341],[131.68833,34.67181],[131.68755,34.67157],[131.68645,34.66953],[131.68492,34.66973],[131.68382,34.66879],[131.68445,34.66818],[131.68442,34.66712],[131.69012,34.66344],[131.68951,34.66265],[131.68932,34.66073],[131.68829,34.6601],[131.68906,34.65778],[131.68886,34.65696],[131.69146,34.65604],[131.69408,34.65646],[131.69527,34.65606],[131.69663,34.65251],[131.69444,34.65092],[131.69439,34.64953],[131.69488,34.64876],[131.69609,34.64906],[131.697,34.64839],[131.69811,34.64846],[131.70042,34.64984],[131.70092,34.64926],[131.70023,34.64769],[131.69857,34.6458],[131.69791,34.64568],[131.69717,34.64394],[131.69712,34.64203],[131.69821,34.64106],[131.69742,34.63804],[131.69767,34.63588],[131.69654,34.63434],[131.69844,34.63173],[131.69675,34.631],[131.69508,34.62825],[131.69425,34.62767],[131.6962,34.62301],[131.69483,34.62077],[131.69724,34.61858],[131.69834,34.61851],[131.69997,34.61631],[131.70554,34.61394],[131.70653,34.61295],[131.70961,34.61266],[131.71045,34.61345],[131.71022,34.61466],[131.71352,34.61392],[131.71425,34.6132],[131.71671,34.61364],[131.71846,34.61333],[131.71891,34.61197],[131.71701,34.60696],[131.71813,34.60338],[131.71993,34.6007],[131.71815,34.59988],[131.71747,34.59881],[131.71973,34.59554],[131.71948,34.59402],[131.72048,34.59184],[131.71978,34.5908],[131.72053,34.5896],[131.72007,34.58629],[131.72088,34.58399],[131.7199,34.58291],[131.72085,34.58196],[131.7223,34.58177],[131.72602,34.58008],[131.7276,34.57644],[131.72527,34.57462],[131.72447,34.57208],[131.72229,34.57196],[131.72096,34.57257],[131.71684,34.57038],[131.71696,34.56916],[131.71615,34.56744],[131.71432,34.56591],[131.71311,34.56397],[131.71318,34.56276],[131.70932,34.56299],[131.70833,34.56349],[131.70597,34.56335],[131.70447,34.56526],[131.70298,34.56536],[131.7028,34.56358],[131.70324,34.56184],[131.70554,34.55953],[131.70397,34.55708],[131.70325,34.55667],[131.703,34.5544],[131.70215,34.55386],[131.70089,34.55113],[131.70325,34.55039],[131.70425,34.54602],[131.70563,34.54486],[131.7049,34.54385],[131.70498,34.54141],[131.70149,34.53878],[131.70088,34.53721],[131.70387,34.53637],[131.70408,34.53525],[131.70675,34.53307],[131.70643,34.53255],[131.70476,34.53142],[131.70377,34.53218],[131.70158,34.53075],[131.7007,34.52877],[131.69883,34.52807],[131.6958,34.52456],[131.69077,34.52324],[131.69004,34.52202],[131.6878,34.5213],[131.6868,34.51766],[131.68518,34.51699],[131.68358,34.51856],[131.68174,34.51856],[131.67836,34.51693],[131.67739,34.51526],[131.67603,34.51474],[131.67596,34.51362],[131.67383,34.51253],[131.67317,34.51084],[131.66884,34.51041],[131.66812,34.50693],[131.66811,34.50423],[131.66706,34.50332],[131.6658,34.50265],[131.66399,34.50254],[131.66264,34.50412],[131.66134,34.50341],[131.65718,34.50439],[131.65564,34.50395],[131.65397,34.50225],[131.65368,34.50122],[131.65413,34.50006],[131.65285,34.50031],[131.65188,34.49978],[131.64565,34.49884],[131.64545,34.49776],[131.64611,34.49622],[131.64797,34.49507],[131.64831,34.49412],[131.64919,34.49365],[131.64916,34.49273],[131.65076,34.49077],[131.65058,34.48971],[131.64727,34.48887],[131.64616,34.48796],[131.64583,34.48698],[131.64657,34.4864],[131.64657,34.48553],[131.64929,34.48345],[131.64955,34.48187],[131.65316,34.47951],[131.65182,34.47792],[131.6501,34.47764],[131.64932,34.47656],[131.6497,34.4752],[131.65048,34.47468],[131.64996,34.47171],[131.64937,34.47086],[131.64985,34.46976],[131.64647,34.46632],[131.64286,34.46687],[131.64162,34.46548],[131.63938,34.46536],[131.63839,34.46427],[131.63804,34.46255],[131.63864,34.46134],[131.63977,34.46101],[131.64046,34.45932],[131.64014,34.45865],[131.63854,34.45803],[131.63905,34.45709],[131.6382,34.45567],[131.63656,34.45635],[131.63442,34.45527],[131.63389,34.45297],[131.63407,34.44849],[131.63486,34.44697],[131.63431,34.44638],[131.63401,34.44477],[131.63251,34.44396],[131.62896,34.44424],[131.62739,34.44346],[131.62813,34.44181],[131.62792,34.44107],[131.62581,34.43827],[131.62329,34.43705],[131.6223,34.4342],[131.6227,34.43312],[131.62064,34.43172],[131.61714,34.43209],[131.61587,34.42996],[131.61622,34.42899],[131.61446,34.42723],[131.61472,34.4252],[131.61321,34.42494],[131.61225,34.42366],[131.61064,34.4231],[131.61008,34.42171],[131.60902,34.4212],[131.60862,34.41945],[131.60571,34.41801],[131.60641,34.41742],[131.60589,34.41608],[131.60678,34.41453],[131.60664,34.41325],[131.60724,34.41162],[131.60657,34.40977],[131.6018,34.40775],[131.5976,34.40913],[131.59542,34.40891],[131.5927,34.41032],[131.58674,34.40726],[131.58121,34.40793],[131.57841,34.40736],[131.57609,34.40795],[131.57517,34.40908],[131.57473,34.41064],[131.57279,34.41043],[131.56928,34.41324],[131.56533,34.41201],[131.5624,34.41247],[131.55863,34.41162],[131.5549,34.4091],[131.5536,34.40922],[131.55141,34.40846],[131.55042,34.40907],[131.54601,34.41003],[131.54465,34.40984],[131.54312,34.40881],[131.54247,34.40981],[131.54218,34.4133],[131.5408,34.41473],[131.53931,34.41117],[131.53869,34.41069],[131.53668,34.41055],[131.53799,34.40723],[131.53756,34.40655],[131.53783,34.40489],[131.5395,34.40265],[131.53851,34.40035],[131.53894,34.39943],[131.53976,34.39886],[131.54047,34.397],[131.54287,34.39606],[131.54383,34.39499],[131.54389,34.3942],[131.54551,34.39453],[131.54672,34.39413],[131.54665,34.39323],[131.54726,34.39286],[131.547,34.39041],[131.54819,34.38862],[131.54453,34.38638],[131.54138,34.38545],[131.53946,34.38264],[131.53834,34.38255],[131.53603,34.38116],[131.53418,34.37795],[131.53315,34.37748],[131.53332,34.37555],[131.53286,34.37403],[131.5339,34.37194],[131.53334,34.37037],[131.53384,34.36923],[131.53625,34.36683],[131.53877,34.36559],[131.54123,34.3664],[131.54368,34.36385],[131.54804,34.36301],[131.54975,34.36184],[131.55378,34.3617],[131.55448,34.35869],[131.55665,34.35556],[131.55792,34.3546],[131.55695,34.35328],[131.55958,34.34863],[131.5606,34.34537],[131.5608,34.34218],[131.56149,34.3413],[131.55864,34.33638],[131.55877,34.33378],[131.56095,34.33075],[131.56339,34.33129],[131.56583,34.32934],[131.56663,34.32617],[131.56523,34.32329],[131.56308,34.32156],[131.56323,34.32036],[131.56246,34.32004],[131.56265,34.31905],[131.56003,34.31771],[131.56017,34.31618],[131.55882,34.31289],[131.55805,34.30801],[131.55227,34.30615],[131.55266,34.3032],[131.54955,34.29898],[131.54878,34.2994],[131.54781,34.2992],[131.5467,34.30018],[131.5455,34.29974],[131.54322,34.30436],[131.54151,34.30439],[131.54091,34.30481],[131.5376,34.30012],[131.53217,34.29931],[131.53236,34.29756],[131.53379,34.29563],[131.53236,34.29404],[131.53026,34.29382],[131.5299,34.2925],[131.52754,34.29147],[131.52682,34.29167],[131.52554,34.29036],[131.52458,34.29013],[131.52441,34.28944],[131.52182,34.28911],[131.52151,34.28791],[131.52405,34.2844],[131.52622,34.28291],[131.52648,34.28154],[131.52512,34.28087],[131.52534,34.28032],[131.52402,34.27939],[131.52208,34.27958],[131.52033,34.2791],[131.51975,34.27969],[131.51701,34.27855],[131.51536,34.27991],[131.51508,34.27878],[131.51408,34.27813],[131.5163,34.27345],[131.51457,34.27272],[131.51347,34.27067],[131.51038,34.26874],[131.51009,34.26807],[131.51081,34.26629],[131.5103,34.265],[131.50937,34.2649],[131.50403,34.25846],[131.50549,34.25695],[131.50589,34.25554],[131.50691,34.25472],[131.50669,34.25337],[131.5071,34.25141],[131.50517,34.25032],[131.50391,34.24861],[131.5019,34.24902],[131.50089,34.2477],[131.50038,34.24787],[131.50063,34.24538],[131.50257,34.24429],[131.50165,34.24206],[131.50031,34.24222],[131.49922,34.24042],[131.4969,34.23973],[131.49605,34.24006],[131.49568,34.24086],[131.49604,34.24199],[131.49359,34.24271],[131.49176,34.24093],[131.48746,34.23972],[131.48568,34.24155],[131.48529,34.24389],[131.48401,34.24441],[131.48273,34.24406],[131.48129,34.24481],[131.48043,34.24324],[131.47774,34.24312],[131.47494,34.24155],[131.47281,34.24136],[131.47158,34.23988],[131.47046,34.24028],[131.46353,34.23791],[131.46272,34.23675],[131.46227,34.23425],[131.46317,34.2332],[131.46281,34.23176],[131.46016,34.23085],[131.45616,34.23139],[131.45569,34.23033],[131.45404,34.23024],[131.4533,34.22868],[131.45242,34.22879],[131.45226,34.22792],[131.4496,34.22429],[131.44879,34.22426],[131.44792,34.22305],[131.44636,34.22217],[131.44365,34.22223],[131.44275,34.22183],[131.43804,34.22217],[131.43733,34.2229],[131.43562,34.22239],[131.43457,34.22279],[131.43294,34.22227],[131.43264,34.22101],[131.43117,34.21948],[131.42783,34.21788],[131.42506,34.2182],[131.42377,34.21933],[131.421,34.21753],[131.41887,34.21529],[131.41805,34.21359],[131.41885,34.21261],[131.41605,34.21034],[131.41434,34.21062],[131.41195,34.21009],[131.40993,34.21088],[131.40816,34.2125],[131.40647,34.21293],[131.40544,34.21386],[131.40341,34.21432],[131.40217,34.21524],[131.39949,34.21561],[131.39834,34.21709],[131.39732,34.21699],[131.39729,34.2177],[131.39842,34.21922],[131.39837,34.22093],[131.39954,34.22148],[131.39901,34.22335],[131.40009,34.22351],[131.4007,34.22475],[131.39956,34.22639],[131.39977,34.22878],[131.40087,34.22974],[131.4008,34.23055],[131.39933,34.23184],[131.39926,34.23271],[131.40025,34.23451],[131.39981,34.23536],[131.40141,34.23567],[131.40108,34.23659],[131.40245,34.23793],[131.40181,34.23903],[131.40381,34.24089],[131.40348,34.24287],[131.40235,34.24497],[131.40256,34.24649],[131.401,34.24789],[131.39982,34.25018],[131.40023,34.25203],[131.40127,34.25358],[131.40231,34.25408],[131.40407,34.25726],[131.40539,34.25846],[131.40457,34.25959],[131.40485,34.26051],[131.40421,34.26077],[131.4042,34.26143],[131.40243,34.26324],[131.40176,34.2683],[131.40064,34.26852],[131.39818,34.26737],[131.39758,34.26776],[131.39633,34.26722],[131.39542,34.26753],[131.39438,34.26575],[131.39314,34.26554],[131.39185,34.2675],[131.38931,34.26908],[131.38951,34.26963],[131.38841,34.2716],[131.38785,34.27188],[131.38676,34.2713],[131.38718,34.2747],[131.38616,34.27539],[131.38609,34.27813],[131.38496,34.27885],[131.38341,34.27871],[131.38116,34.28071],[131.38147,34.28153],[131.38097,34.28229],[131.38116,34.2828],[131.38033,34.28315],[131.38148,34.28416],[131.38034,34.28733],[131.38075,34.28947],[131.38041,34.29007],[131.38179,34.29301],[131.38041,34.29334],[131.38016,34.2946],[131.3814,34.29538],[131.38126,34.29679],[131.38081,34.29679],[131.37974,34.29843],[131.37678,34.3],[131.3756,34.30143],[131.3748,34.30405],[131.37384,34.3041],[131.37311,34.30866],[131.37218,34.3095],[131.36986,34.31034],[131.36796,34.31039],[131.36701,34.30942],[131.36614,34.30713],[131.36134,34.30681],[131.36005,34.30513],[131.35827,34.3042],[131.35673,34.30264],[131.35598,34.30303],[131.35507,34.30273],[131.35418,34.30393],[131.35301,34.30413],[131.35006,34.30238],[131.34798,34.30208],[131.3466,34.30388],[131.34466,34.30477],[131.34377,34.30577],[131.34134,34.3061],[131.33828,34.30759],[131.33809,34.30851],[131.33602,34.30947],[131.33642,34.31141],[131.33744,34.31151],[131.33825,34.31225],[131.33904,34.314],[131.34198,34.31736],[131.34184,34.31844],[131.34281,34.32076],[131.34225,34.32153],[131.34274,34.32288],[131.34232,34.32421],[131.34304,34.32487],[131.34319,34.32622],[131.34388,34.32729],[131.34392,34.33036],[131.34434,34.33103],[131.34405,34.33195],[131.34212,34.33344],[131.34286,34.33471],[131.34428,34.33584],[131.34259,34.33875],[131.34318,34.33912],[131.34344,34.34113],[131.34442,34.34278],[131.34545,34.34321],[131.34527,34.34522],[131.34606,34.34626],[131.34542,34.34653],[131.34592,34.34855],[131.34465,34.34944],[131.34492,34.35095],[131.34746,34.35168],[131.34936,34.35295],[131.34714,34.35389],[131.34546,34.35566],[131.3448,34.35552],[131.3435,34.35771],[131.34369,34.35882],[131.34278,34.35963],[131.34151,34.35966],[131.3394,34.35884],[131.33853,34.35906],[131.33811,34.35833],[131.33578,34.35786],[131.33522,34.35937],[131.33375,34.35944],[131.33252,34.35857],[131.33201,34.35981],[131.33097,34.35964],[131.32981,34.36045],[131.32847,34.35997],[131.32583,34.36158],[131.32519,34.36118],[131.32426,34.36168],[131.32162,34.36632],[131.32037,34.36728],[131.32041,34.3692],[131.31992,34.36983],[131.31732,34.37018],[131.31613,34.36961],[131.31459,34.3676],[131.31335,34.36714],[131.30933,34.36748],[131.30721,34.36684],[131.304,34.36251],[131.29624,34.3655],[131.29423,34.3688],[131.2945,34.37077],[131.29569,34.37195],[131.29514,34.37409],[131.29568,34.37534],[131.29393,34.3772],[131.29388,34.37953],[131.29322,34.38029],[131.29376,34.3808],[131.29285,34.38126],[131.29345,34.38119],[131.29442,34.38256],[131.29713,34.38372],[131.30001,34.38204],[131.30169,34.38284],[131.3043,34.38242],[131.30618,34.38283],[131.30727,34.38396],[131.30614,34.38671],[131.3068,34.38702],[131.30688,34.38771],[131.30973,34.38695],[131.31242,34.3869],[131.31516,34.38824],[131.31645,34.39026],[131.31641,34.39092],[131.32088,34.39058],[131.32168,34.39094],[131.32164,34.39165],[131.32228,34.3914],[131.32531,34.39257],[131.32584,34.39367],[131.3252,34.39459],[131.32798,34.39676],[131.32857,34.39642],[131.32766,34.39703],[131.32825,34.39707],[131.32789,34.3976],[131.3283,34.3971],[131.32932,34.39923],[131.32931,34.39999],[131.32871,34.40007],[131.32884,34.39937],[131.32839,34.39827],[131.32858,34.39961],[131.32775,34.398],[131.32745,34.39771],[131.32678,34.3976],[131.32737,34.39784],[131.32852,34.39983],[131.32856,34.40031],[131.32797,34.40041],[131.32869,34.40033],[131.32913,34.40006],[131.32818,34.40204],[131.32691,34.40183],[131.32785,34.40015],[131.32661,34.40212],[131.32812,34.40275],[131.32712,34.40371],[131.32766,34.40579],[131.32725,34.40626],[131.32997,34.40654],[131.33001,34.40727],[131.32847,34.4087],[131.33125,34.412],[131.33159,34.41302],[131.33111,34.41438],[131.33307,34.4155],[131.3348,34.41502],[131.33663,34.41619],[131.33711,34.41687],[131.33702,34.41834],[131.33869,34.41764],[131.33853,34.41573],[131.33991,34.4154],[131.34257,34.41654],[131.34274,34.41597],[131.34494,34.41493],[131.34541,34.41568],[131.34717,34.41644],[131.34763,34.41741]]],[[[131.37711,34.46166],[131.37542,34.46211],[131.37511,34.46243],[131.37544,34.46274],[131.37373,34.46416],[131.37369,34.46531],[131.37444,34.46529],[131.37394,34.46596],[131.37503,34.46671],[131.37488,34.46705],[131.3756,34.46672],[131.37645,34.46721],[131.37727,34.46652],[131.37858,34.46659],[131.3806,34.46437],[131.37989,34.46217],[131.379,34.46215],[131.37973,34.46202],[131.37711,34.46166]]],[[[131.37587,34.48296],[131.37607,34.48422],[131.37564,34.48481],[131.37759,34.48484],[131.37755,34.48668],[131.37816,34.48697],[131.37848,34.48661],[131.37889,34.48736],[131.38013,34.48687],[131.38012,34.48726],[131.38063,34.48718],[131.38066,34.48794],[131.38161,34.4874],[131.382,34.48517],[131.3797,34.4824],[131.37812,34.48194],[131.37856,34.4818],[131.37649,34.48192],[131.37587,34.48296]]],[[[131.33825,34.5003],[131.33934,34.50226],[131.33912,34.50322],[131.34078,34.50282],[131.3422,34.50381],[131.34358,34.50371],[131.34503,34.50268],[131.34584,34.50278],[131.3456,34.50233],[131.34617,34.50214],[131.3458,34.50139],[131.34617,34.50102],[131.34566,34.50049],[131.34602,34.49932],[131.34501,34.49842],[131.34301,34.49833],[131.34241,34.49769],[131.34188,34.49766],[131.34232,34.49774],[131.34218,34.49807],[131.34102,34.49805],[131.34165,34.49765],[131.34092,34.49783],[131.33931,34.49896],[131.33825,34.5003]]],[[[131.4134,34.51265],[131.41371,34.51213],[131.41422,34.51239],[131.41565,34.5118],[131.41671,34.51058],[131.41633,34.51021],[131.41632,34.50948],[131.41677,34.50957],[131.41646,34.50874],[131.41507,34.5073],[131.41609,34.5059],[131.41622,34.5041],[131.41887,34.50242],[131.41889,34.5013],[131.4178,34.50013],[131.41852,34.49892],[131.41902,34.49404],[131.41678,34.49214],[131.41651,34.49126],[131.41332,34.49112],[131.41538,34.49126],[131.41483,34.49267],[131.41315,34.49269],[131.41274,34.49252],[131.41296,34.49191],[131.4139,34.49199],[131.41352,34.49155],[131.41212,34.49131],[131.41198,34.49171],[131.41279,34.49188],[131.41234,34.49212],[131.40863,34.49108],[131.40877,34.49016],[131.40948,34.49041],[131.40867,34.48953],[131.4096,34.48939],[131.40704,34.48939],[131.40487,34.49131],[131.40333,34.49452],[131.40143,34.49532],[131.40172,34.49551],[131.40132,34.4968],[131.4007,34.49753],[131.40238,34.50009],[131.40208,34.50237],[131.40387,34.50755],[131.40683,34.50974],[131.40851,34.51263],[131.40857,34.51228],[131.40904,34.51258],[131.41079,34.51216],[131.41107,34.51249],[131.41129,34.51213],[131.4123,34.51344],[131.41276,34.5126],[131.4134,34.51265]]],[[[131.27863,34.51791],[131.27929,34.51756],[131.27799,34.51683],[131.27833,34.5158],[131.27943,34.51613],[131.28033,34.51585],[131.27988,34.51496],[131.28124,34.51401],[131.28126,34.51499],[131.28222,34.51564],[131.28181,34.51425],[131.28308,34.515],[131.28312,34.51433],[131.28223,34.51386],[131.28273,34.5123],[131.28353,34.51174],[131.28561,34.51153],[131.28645,34.51226],[131.28624,34.51294],[131.28699,34.51328],[131.28752,34.51268],[131.2901,34.51289],[131.29059,34.51164],[131.29218,34.51126],[131.29326,34.51174],[131.29399,34.51085],[131.29288,34.50927],[131.29321,34.50853],[131.29268,34.50846],[131.29207,34.50679],[131.29232,34.50624],[131.29319,34.50655],[131.29169,34.50506],[131.28904,34.50415],[131.28672,34.5041],[131.28259,34.50271],[131.28273,34.5019],[131.28163,34.50176],[131.2814,34.5013],[131.28157,34.50183],[131.28245,34.50196],[131.28213,34.50265],[131.28059,34.50229],[131.28024,34.50198],[131.28089,34.50145],[131.27974,34.50156],[131.27929,34.50087],[131.27904,34.49894],[131.27844,34.49813],[131.279,34.49757],[131.27764,34.49718],[131.27596,34.49809],[131.27353,34.50312],[131.27149,34.50503],[131.2711,34.5061],[131.27194,34.50677],[131.27131,34.50835],[131.2723,34.50901],[131.27227,34.50999],[131.2735,34.51141],[131.27407,34.51297],[131.2752,34.51378],[131.27553,34.51564],[131.27621,34.51617],[131.27593,34.5169],[131.27541,34.51682],[131.27634,34.5171],[131.27713,34.51657],[131.27731,34.51822],[131.27832,34.51761],[131.27863,34.51791]]],[[[131.38411,34.51579],[131.38415,34.52134],[131.38593,34.52173],[131.38615,34.523],[131.38943,34.52377],[131.39189,34.52298],[131.39252,34.52207],[131.39204,34.52116],[131.39236,34.52115],[131.39233,34.52029],[131.39187,34.51991],[131.39242,34.51974],[131.39175,34.51896],[131.39219,34.51895],[131.39088,34.51511],[131.39118,34.51431],[131.39035,34.51345],[131.3883,34.5128],[131.38797,34.51231],[131.38806,34.51276],[131.38683,34.51241],[131.38758,34.51221],[131.38679,34.51218],[131.38565,34.51302],[131.38411,34.51579]]],[[[131.56389,34.62073],[131.56334,34.62134],[131.56415,34.6217],[131.56389,34.62073]]],[[[131.5801,34.63024],[131.58007,34.63089],[131.58062,34.63117],[131.58051,34.63045],[131.5801,34.63024]]],[[[131.57992,34.63162],[131.57974,34.63104],[131.57948,34.6316],[131.57992,34.63162]]],[[[131.1344,34.7927],[131.1358,34.79157],[131.1397,34.79026],[131.14173,34.7883],[131.1452,34.78817],[131.14655,34.78879],[131.14671,34.78929],[131.14747,34.78896],[131.14792,34.78988],[131.14812,34.78928],[131.14836,34.78989],[131.14872,34.78964],[131.14957,34.7885],[131.14934,34.78713],[131.15017,34.78703],[131.14983,34.78672],[131.15025,34.78663],[131.15009,34.78572],[131.14655,34.78552],[131.14595,34.7843],[131.14657,34.78429],[131.14614,34.78395],[131.14621,34.78242],[131.14452,34.78274],[131.14394,34.78142],[131.14334,34.78126],[131.14414,34.78096],[131.14478,34.78163],[131.14597,34.78133],[131.14611,34.78184],[131.14756,34.78205],[131.14845,34.78361],[131.14907,34.7838],[131.14849,34.78357],[131.14762,34.78199],[131.14619,34.78178],[131.14586,34.77967],[131.14525,34.77978],[131.14708,34.77861],[131.15088,34.77753],[131.15229,34.77786],[131.15259,34.77717],[131.15355,34.77683],[131.15381,34.77739],[131.15426,34.7769],[131.15461,34.77726],[131.15478,34.77656],[131.15538,34.77642],[131.1553,34.77549],[131.15714,34.77497],[131.15924,34.77544],[131.15985,34.77623],[131.16077,34.77604],[131.1615,34.77762],[131.1628,34.77777],[131.16295,34.77847],[131.16354,34.77815],[131.16331,34.77723],[131.16388,34.77716],[131.16344,34.77689],[131.16375,34.77647],[131.16228,34.77618],[131.16111,34.77482],[131.16136,34.77359],[131.16228,34.77267],[131.16088,34.76347],[131.15773,34.76306],[131.15665,34.76234],[131.15607,34.76283],[131.15613,34.76161],[131.15537,34.76221],[131.15475,34.76177],[131.15571,34.76263],[131.15523,34.763],[131.15389,34.76304],[131.15388,34.76267],[131.15354,34.76342],[131.15222,34.76279],[131.15273,34.76199],[131.15182,34.76231],[131.15229,34.76132],[131.15412,34.76198],[131.15249,34.76131],[131.15262,34.75985],[131.1537,34.7599],[131.15366,34.76097],[131.15378,34.75991],[131.15512,34.75997],[131.15539,34.75973],[131.15208,34.75972],[131.15055,34.75902],[131.15041,34.75929],[131.15202,34.7598],[131.15195,34.76045],[131.15095,34.76041],[131.15077,34.76002],[131.15042,34.76076],[131.15108,34.76143],[131.15042,34.76142],[131.15032,34.76097],[131.14955,34.76088],[131.15017,34.76061],[131.14983,34.76045],[131.15014,34.7596],[131.14919,34.75978],[131.14918,34.75878],[131.14781,34.75822],[131.14601,34.75874],[131.14473,34.7579],[131.14186,34.75785],[131.14093,34.75896],[131.14012,34.75915],[131.13906,34.75896],[131.13775,34.75791],[131.13658,34.75849],[131.13593,34.75948],[131.13611,34.76131],[131.13567,34.76271],[131.13491,34.76349],[131.13442,34.76338],[131.13469,34.76368],[131.13112,34.76833],[131.13016,34.77102],[131.12989,34.7736],[131.13024,34.77568],[131.12985,34.77623],[131.13059,34.77782],[131.13021,34.77976],[131.12956,34.7806],[131.12997,34.78106],[131.12925,34.78161],[131.12988,34.78191],[131.13003,34.78288],[131.12748,34.78669],[131.12822,34.78852],[131.12818,34.79147],[131.12696,34.79343],[131.12767,34.79347],[131.13004,34.79768],[131.13094,34.79827],[131.13206,34.79767],[131.1344,34.7927]]],[[[131.59481,34.62967],[131.59573,34.62904],[131.59627,34.62844],[131.59473,34.62861],[131.5952,34.62912],[131.59481,34.62967]]],[[[131.58353,34.63037],[131.58354,34.62946],[131.58325,34.62936],[131.58353,34.63037]]],[[[131.5822,34.63141],[131.58256,34.63087],[131.58208,34.62989],[131.58258,34.63005],[131.58279,34.62914],[131.58205,34.62961],[131.58171,34.62918],[131.58165,34.62979],[131.58081,34.63033],[131.58114,34.63145],[131.5822,34.63141]]],[[[131.58606,34.63756],[131.58627,34.63758],[131.5862,34.6375],[131.58606,34.63756]]],[[[131.58623,34.63783],[131.58639,34.63856],[131.58643,34.63773],[131.58623,34.63783]]],[[[131.58657,34.63833],[131.58673,34.63839],[131.58658,34.63816],[131.58657,34.63833]]],[[[131.58603,34.63823],[131.58614,34.63862],[131.58608,34.63817],[131.58603,34.63823]]],[[[131.59697,34.65961],[131.5966,34.65917],[131.59609,34.65981],[131.59643,34.65991],[131.59697,34.65961]]],[[[131.60555,34.67449],[131.60541,34.67337],[131.60484,34.67364],[131.60347,34.67293],[131.60338,34.67396],[131.60391,34.67461],[131.60474,34.67492],[131.60555,34.67449]]],[[[131.59188,34.67506],[131.59191,34.67403],[131.59071,34.67555],[131.59128,34.67579],[131.59188,34.67506]]],[[[131.58906,34.67696],[131.58759,34.67723],[131.58747,34.67813],[131.58906,34.67696]]],[[[131.60966,34.67915],[131.61057,34.67813],[131.60996,34.67768],[131.60912,34.67817],[131.60909,34.67904],[131.60966,34.67915]]]]}},{"type":"Feature","properties":{"id":"muni-35206","name":"防府市"},"geometry":{"type":"MultiPolygon","coordinates":[[[[131.69423,33.94325],[131.69504,33.94325],[131.69558,33.94569],[131.69517,33.9458],[131.69441,33.94398],[131.69382,33.94404],[131.69432,33.94406],[131.69526,33.9463],[131.69636,33.94718],[131.69595,33.94931],[131.69658,33.94996],[131.69751,33.94986],[131.69829,33.94872],[131.69744,33.94803],[131.69696,33.94644],[131.69801,33.94504],[131.69927,33.94156],[131.70099,33.94024],[131.70062,33.93902],[131.70115,33.93883],[131.70083,33.93836],[131.69933,33.9382],[131.69752,33.93687],[131.69712,33.93605],[131.69595,33.93573],[131.69607,33.93533],[131.69556,33.93562],[131.69499,33.9349],[131.69385,33.93692],[131.69313,33.93712],[131.69371,33.93781],[131.69347,33.93869],[131.69172,33.93931],[131.69117,33.94063],[131.68966,33.94098],[131.68941,33.94207],[131.68847,33.94247],[131.68953,33.94279],[131.68984,33.94357],[131.69224,33.94543],[131.69234,33.94615],[131.69234,33.94539],[131.69154,33.94461],[131.69231,33.94397],[131.6934,33.94433],[131.69241,33.94391],[131.69301,33.94293],[131.69354,33.94318],[131.69319,33.94268],[131.69401,33.94276],[131.69423,33.94325]]],[[[131.69979,33.95748],[131.69897,33.9558],[131.69986,33.95448],[131.69923,33.95277],[131.6999,33.95204],[131.6985,33.95063],[131.69791,33.95121],[131.69741,33.95336],[131.69855,33.9544],[131.69879,33.95559],[131.69738,33.95733],[131.69861,33.95877],[131.70157,33.95987],[131.70171,33.95912],[131.70123,33.95835],[131.69979,33.95748]]],[[[131.512,33.96798],[131.5105,33.96611],[131.50901,33.96619],[131.50834,33.96648],[131.50818,33.96716],[131.50924,33.9672],[131.51089,33.96813],[131.512,33.96798]]],[[[131.48133,34.07689],[131.48172,34.07967],[131.48358,34.08057],[131.48391,34.08261],[131.48474,34.08322],[131.48459,34.08467],[131.48594,34.08643],[131.48634,34.088],[131.49051,34.08998],[131.49084,34.0942],[131.49382,34.09563],[131.49601,34.09606],[131.49615,34.09673],[131.49744,34.09741],[131.49773,34.09807],[131.49941,34.09846],[131.49975,34.09921],[131.5029,34.09793],[131.50428,34.09858],[131.50606,34.09835],[131.50758,34.09662],[131.50997,34.09637],[131.51165,34.09556],[131.51177,34.09425],[131.51467,34.09209],[131.51606,34.08998],[131.51782,34.0891],[131.51727,34.08797],[131.51942,34.08647],[131.52074,34.08663],[131.52137,34.0875],[131.52366,34.08724],[131.52372,34.08848],[131.52448,34.08937],[131.53181,34.08989],[131.53305,34.09204],[131.53283,34.09318],[131.53593,34.09267],[131.53673,34.09292],[131.53787,34.09441],[131.54293,34.0952],[131.54485,34.09661],[131.54599,34.09601],[131.54854,34.09568],[131.55113,34.09686],[131.55105,34.09923],[131.55209,34.09998],[131.5521,34.10101],[131.55347,34.10303],[131.55373,34.10438],[131.55504,34.10591],[131.55829,34.10749],[131.55789,34.10968],[131.55692,34.11066],[131.55673,34.11164],[131.55741,34.11236],[131.55733,34.11418],[131.55971,34.11549],[131.55946,34.11722],[131.55989,34.11815],[131.56305,34.12092],[131.56298,34.12216],[131.56379,34.12251],[131.56616,34.12116],[131.56856,34.12189],[131.56981,34.12031],[131.57061,34.12003],[131.57212,34.12134],[131.57472,34.12185],[131.57588,34.12267],[131.57624,34.125],[131.57307,34.12528],[131.57212,34.12831],[131.5728,34.12969],[131.57226,34.1312],[131.57275,34.13402],[131.57334,34.13502],[131.57496,34.13609],[131.57864,34.13597],[131.58006,34.13657],[131.58075,34.13759],[131.58111,34.14037],[131.58315,34.14109],[131.58414,34.1421],[131.58438,34.14295],[131.58369,34.14311],[131.58254,34.1446],[131.58256,34.14596],[131.58156,34.14666],[131.58122,34.14858],[131.58036,34.14972],[131.582,34.15185],[131.5859,34.15104],[131.58746,34.15255],[131.58872,34.15217],[131.58969,34.15177],[131.59078,34.15037],[131.59324,34.15043],[131.59307,34.14976],[131.59417,34.14943],[131.59435,34.14834],[131.59573,34.14777],[131.59705,34.14783],[131.59894,34.14648],[131.60121,34.14652],[131.60177,34.14726],[131.60266,34.1474],[131.60611,34.14649],[131.60759,34.14741],[131.61157,34.14535],[131.61288,34.14327],[131.61657,34.14288],[131.61881,34.14315],[131.61899,34.13871],[131.62121,34.13878],[131.62375,34.13962],[131.62414,34.14171],[131.62487,34.1424],[131.6276,34.14267],[131.62789,34.14423],[131.62931,34.14611],[131.62821,34.14715],[131.62864,34.14987],[131.63343,34.14964],[131.63324,34.15136],[131.63202,34.15245],[131.63114,34.15443],[131.63136,34.15574],[131.63221,34.15698],[131.63512,34.15885],[131.63582,34.15984],[131.6373,34.1596],[131.63866,34.1601],[131.6401,34.15965],[131.64093,34.1604],[131.64252,34.15898],[131.64323,34.15924],[131.64662,34.15839],[131.65,34.1584],[131.65284,34.15765],[131.65343,34.15673],[131.65612,34.15771],[131.65804,34.15446],[131.66059,34.15203],[131.66004,34.15109],[131.65893,34.15048],[131.65887,34.14825],[131.65726,34.14583],[131.65756,34.14438],[131.6571,34.14296],[131.65756,34.14221],[131.6566,34.14005],[131.65524,34.1397],[131.65324,34.13635],[131.65208,34.13593],[131.64981,34.1364],[131.64529,34.13416],[131.64633,34.13283],[131.64546,34.13189],[131.64558,34.12921],[131.6447,34.12881],[131.64516,34.12784],[131.64606,34.1275],[131.64417,34.12576],[131.64186,34.1249],[131.64266,34.12343],[131.64261,34.12174],[131.64473,34.11794],[131.64496,34.11441],[131.64632,34.11371],[131.64609,34.11128],[131.64517,34.11042],[131.64357,34.10694],[131.64198,34.10687],[131.6417,34.10624],[131.63869,34.10538],[131.63894,34.10308],[131.64098,34.0998],[131.64095,34.09878],[131.64193,34.09635],[131.64177,34.09494],[131.64299,34.09477],[131.64282,34.09287],[131.64201,34.09154],[131.64241,34.08941],[131.63734,34.089],[131.63451,34.08709],[131.63529,34.08427],[131.6362,34.08296],[131.63602,34.08235],[131.63463,34.08236],[131.6343,34.0818],[131.63477,34.08012],[131.63441,34.07913],[131.63594,34.07796],[131.63604,34.07694],[131.63748,34.07737],[131.63855,34.07675],[131.63974,34.0778],[131.64091,34.07764],[131.64409,34.07436],[131.646,34.07559],[131.65101,34.07415],[131.65532,34.07533],[131.6589,34.07431],[131.66321,34.07228],[131.66351,34.07174],[131.66298,34.07146],[131.66144,34.06707],[131.66317,34.0666],[131.66515,34.06485],[131.66437,34.0641],[131.66308,34.0642],[131.66331,34.06328],[131.66208,34.06147],[131.66284,34.06091],[131.66295,34.05955],[131.66425,34.05794],[131.66018,34.053],[131.66267,34.0523],[131.66429,34.05264],[131.66586,34.05199],[131.66758,34.05264],[131.67024,34.04976],[131.67086,34.04823],[131.6721,34.04786],[131.67303,34.04686],[131.6741,34.04486],[131.67308,34.04407],[131.67315,34.04321],[131.67164,34.04282],[131.67163,34.04424],[131.6707,34.04508],[131.66818,34.04484],[131.66639,34.04417],[131.66536,34.04333],[131.66586,34.04298],[131.66471,34.04303],[131.66204,34.04082],[131.65993,34.04021],[131.65452,34.04007],[131.6518,34.03906],[131.64867,34.03889],[131.64808,34.03824],[131.6457,34.03792],[131.64472,34.03708],[131.64475,34.03763],[131.64639,34.03914],[131.6465,34.03951],[131.64593,34.04024],[131.64583,34.04083],[131.64657,34.03954],[131.64763,34.04143],[131.64756,34.04196],[131.64685,34.04202],[131.64471,34.04375],[131.64352,34.04589],[131.64511,34.04732],[131.64418,34.04731],[131.64358,34.04808],[131.64286,34.04779],[131.644,34.04716],[131.64166,34.04671],[131.6424,34.04566],[131.64192,34.04494],[131.64235,34.04566],[131.64164,34.04641],[131.6389,34.04696],[131.63483,34.04698],[131.63164,34.04507],[131.63032,34.04281],[131.62326,34.03966],[131.62328,34.03891],[131.62178,34.03649],[131.62159,34.03687],[131.6213,34.03645],[131.62147,34.03579],[131.62192,34.03638],[131.62207,34.03625],[131.62066,34.03323],[131.61903,34.03137],[131.61794,34.02799],[131.61551,34.02563],[131.61138,34.02351],[131.61093,34.02202],[131.60988,34.02077],[131.60879,34.02154],[131.60829,34.02274],[131.60757,34.02297],[131.60752,34.02332],[131.60822,34.02289],[131.60807,34.02355],[131.60409,34.02564],[131.60212,34.02788],[131.60182,34.03215],[131.60221,34.0339],[131.60191,34.03401],[131.6014,34.03457],[131.60137,34.03486],[131.60226,34.03393],[131.60272,34.03467],[131.60205,34.03499],[131.60249,34.03499],[131.60321,34.03436],[131.60767,34.03595],[131.60378,34.03526],[131.60269,34.03545],[131.60374,34.0353],[131.60381,34.03696],[131.60439,34.03699],[131.60322,34.03792],[131.60253,34.03777],[131.60076,34.04129],[131.60077,34.04071],[131.60062,34.04123],[131.59952,34.04028],[131.59881,34.04111],[131.59923,34.04202],[131.59849,34.04142],[131.59723,34.04275],[131.59881,34.04493],[131.59699,34.04335],[131.5969,34.0427],[131.59455,34.04522],[131.59503,34.04557],[131.5931,34.04642],[131.59224,34.04818],[131.59204,34.04809],[131.59314,34.04597],[131.59944,34.03859],[131.59861,34.03807],[131.59903,34.0377],[131.5989,34.03762],[131.59858,34.03805],[131.59814,34.03778],[131.59855,34.0374],[131.59843,34.03732],[131.59811,34.03775],[131.59756,34.03741],[131.59808,34.03673],[131.59751,34.03738],[131.59336,34.03479],[131.59044,34.03793],[131.59201,34.03915],[131.59089,34.04014],[131.58801,34.03955],[131.58552,34.03827],[131.58287,34.03828],[131.58296,34.03756],[131.58348,34.03741],[131.58323,34.0369],[131.58218,34.03722],[131.5827,34.03668],[131.58594,34.03693],[131.587,34.0363],[131.58972,34.03253],[131.58924,34.0316],[131.58776,34.03209],[131.58543,34.02527],[131.58201,34.02438],[131.58166,34.02321],[131.5819,34.02243],[131.58231,34.02195],[131.58232,34.02182],[131.58157,34.02149],[131.58126,34.0218],[131.58018,34.0209],[131.58132,34.01937],[131.58345,34.0217],[131.58249,34.02333],[131.58265,34.02384],[131.58366,34.02406],[131.58598,34.02309],[131.58637,34.02486],[131.58616,34.02349],[131.58746,34.02281],[131.5874,34.02196],[131.58812,34.02139],[131.59215,34.01903],[131.59712,34.01778],[131.60152,34.01475],[131.60067,34.01382],[131.59607,34.01153],[131.59492,34.01015],[131.59513,34.00674],[131.59331,34.00511],[131.59273,34.00316],[131.59129,34.00192],[131.59104,34.00054],[131.5916,33.99935],[131.59046,33.99892],[131.59049,33.99815],[131.5892,33.99826],[131.58427,33.9958],[131.58306,33.9947],[131.58294,33.99366],[131.582,33.9927],[131.57706,33.99193],[131.57214,33.98917],[131.5697,33.98943],[131.56718,33.98735],[131.56776,33.98655],[131.56694,33.9863],[131.56617,33.98662],[131.56652,33.98672],[131.56602,33.98691],[131.56553,33.98872],[131.5647,33.98937],[131.56516,33.99052],[131.56471,33.99166],[131.565,33.99338],[131.56383,33.99397],[131.56179,33.99412],[131.55924,33.99072],[131.55638,33.98946],[131.55568,33.99018],[131.55633,33.99255],[131.55571,33.99339],[131.55562,33.99516],[131.55702,33.99617],[131.55778,33.99785],[131.56011,33.99857],[131.56013,33.99918],[131.56041,33.9996],[131.56016,33.99867],[131.56214,33.99871],[131.56161,34.00016],[131.5622,33.99873],[131.56423,33.99947],[131.56677,34.00259],[131.56814,34.00343],[131.56823,34.005],[131.56743,34.00517],[131.56723,34.00643],[131.56801,34.00652],[131.56785,34.00767],[131.56653,34.00756],[131.56646,34.00824],[131.56777,34.00846],[131.56744,34.01109],[131.56789,34.0125],[131.58073,34.0196],[131.58009,34.02088],[131.57538,34.0178],[131.57169,34.01642],[131.56805,34.02162],[131.56744,34.02141],[131.56723,34.0211],[131.5677,34.02111],[131.56996,34.01787],[131.57083,34.01584],[131.56271,34.01268],[131.56202,34.01315],[131.56184,34.01219],[131.56238,34.01215],[131.56179,34.00704],[131.55676,34.00509],[131.5565,34.00559],[131.55392,34.00459],[131.55273,34.00623],[131.5537,34.00449],[131.54922,34.00131],[131.5429,34.00756],[131.5397,34.0077],[131.53783,34.01194],[131.53782,34.01103],[131.53938,34.00757],[131.54449,34.00101],[131.54502,34.00056],[131.54501,34.00068],[131.5454,34.00083],[131.5452,34.00006],[131.54695,33.99996],[131.54526,34.00004],[131.5449,33.99879],[131.53905,33.99746],[131.53894,33.99795],[131.5382,33.99785],[131.53832,33.99855],[131.53711,33.99959],[131.53699,34.001],[131.5348,34.00191],[131.53267,34.00148],[131.52818,33.99912],[131.52677,33.99919],[131.52535,34.00137],[131.52621,34.0036],[131.52615,34.00503],[131.52546,34.00589],[131.52581,34.00603],[131.52459,34.00635],[131.52233,34.00543],[131.52457,34.00638],[131.52432,34.0066],[131.5242,34.00682],[131.52528,34.00641],[131.5247,34.00725],[131.52338,34.00673],[131.52353,34.00638],[131.5228,34.00782],[131.52093,34.00738],[131.52073,34.00651],[131.52208,34.00583],[131.52038,34.00661],[131.5198,34.00634],[131.51838,34.00403],[131.51712,34.00299],[131.51592,34.00321],[131.5155,34.00421],[131.51403,34.00489],[131.51193,34.00458],[131.50993,34.00358],[131.50892,34.00401],[131.50903,34.00524],[131.51017,34.0072],[131.51028,34.00877],[131.50983,34.00977],[131.50894,34.01017],[131.50849,34.01069],[131.50984,34.00983],[131.51061,34.01087],[131.50957,34.01169],[131.51095,34.01099],[131.51185,34.01242],[131.51154,34.01331],[131.51171,34.01368],[131.51179,34.0127],[131.51223,34.01266],[131.51491,34.01412],[131.5154,34.01387],[131.51962,34.01538],[131.51568,34.0141],[131.51424,34.01656],[131.51217,34.01565],[131.51198,34.01598],[131.5142,34.01666],[131.5135,34.018],[131.5132,34.01829],[131.51022,34.01719],[131.51317,34.01832],[131.50865,34.0231],[131.50554,34.02391],[131.50717,34.0238],[131.51464,34.02685],[131.50707,34.02418],[131.50348,34.02545],[131.5018,34.0235],[131.4923,34.02662],[131.49116,34.02753],[131.49173,34.02877],[131.4993,34.03524],[131.50649,34.03799],[131.51258,34.04115],[131.51654,34.04483],[131.51509,34.04548],[131.5136,34.04415],[131.50655,34.04081],[131.50561,34.04097],[131.49894,34.03862],[131.49846,34.0398],[131.50055,34.04821],[131.49903,34.04842],[131.49393,34.03602],[131.48433,34.02812],[131.47583,34.03722],[131.4748,34.03672],[131.48078,34.04119],[131.47795,34.04039],[131.47633,34.03878],[131.47547,34.03857],[131.47398,34.0402],[131.47166,34.04035],[131.4704,34.04387],[131.46786,34.04459],[131.46614,34.04604],[131.46391,34.04594],[131.46295,34.0452],[131.46048,34.04451],[131.45956,34.04483],[131.45921,34.04709],[131.45758,34.04818],[131.45706,34.05054],[131.4575,34.05143],[131.45702,34.05263],[131.4578,34.05376],[131.45742,34.05444],[131.45646,34.05475],[131.45659,34.05567],[131.45598,34.05581],[131.45536,34.05696],[131.45665,34.05834],[131.45634,34.06025],[131.45552,34.06111],[131.45545,34.06195],[131.45765,34.06302],[131.45809,34.06402],[131.45958,34.06434],[131.46028,34.06535],[131.46204,34.06593],[131.46346,34.06801],[131.46444,34.06855],[131.46543,34.06813],[131.466,34.06918],[131.46593,34.07028],[131.46733,34.07018],[131.46988,34.07158],[131.4713,34.07146],[131.47345,34.07398],[131.4762,34.07364],[131.4771,34.07425],[131.48037,34.07489],[131.48133,34.07689]]]]}},{"type":"Feature","properties":{"id":"muni-35207","name":"下松市"},"geometry":{"type":"MultiPolygon","coordinates":[[[[131.80563,33.93992],[131.80538,33.94255],[131.80635,33.94356],[131.80623,33.94495],[131.80558,33.94646],[131.80426,33.94662],[131.80582,33.94682],[131.80715,33.94968],[131.8076,33.95197],[131.80856,33.9524],[131.80936,33.95165],[131.81043,33.95187],[131.81102,33.95234],[131.81182,33.95454],[131.81161,33.95507],[131.81445,33.95497],[131.81723,33.95724],[131.81932,33.95782],[131.82146,33.95923],[131.82188,33.95898],[131.82102,33.95813],[131.81782,33.95646],[131.81806,33.95519],[131.81654,33.95275],[131.81817,33.95156],[131.81998,33.95178],[131.81988,33.95027],[131.82112,33.94961],[131.8207,33.94474],[131.82496,33.94547],[131.82458,33.94582],[131.82534,33.94649],[131.82503,33.94671],[131.82575,33.94694],[131.82496,33.94804],[131.82545,33.94895],[131.82627,33.94803],[131.82834,33.94838],[131.82887,33.94915],[131.83069,33.94854],[131.83132,33.94763],[131.83137,33.9482],[131.83134,33.94763],[131.83207,33.94743],[131.83317,33.94781],[131.8333,33.94946],[131.83215,33.94983],[131.83161,33.9506],[131.8321,33.95112],[131.83154,33.95201],[131.83257,33.95277],[131.83253,33.95388],[131.8319,33.95465],[131.83353,33.95659],[131.83661,33.95468],[131.83817,33.95518],[131.83961,33.95679],[131.84068,33.95675],[131.84181,33.95619],[131.8417,33.95581],[131.84246,33.95596],[131.84321,33.95532],[131.84321,33.95268],[131.84403,33.9547],[131.84371,33.95274],[131.84449,33.95228],[131.84482,33.95283],[131.84453,33.95226],[131.84586,33.95124],[131.847,33.95149],[131.8467,33.95224],[131.84687,33.9539],[131.84709,33.95152],[131.84744,33.95151],[131.84768,33.95385],[131.84822,33.95372],[131.84814,33.95218],[131.84945,33.95287],[131.85066,33.95562],[131.84826,33.95815],[131.84887,33.9587],[131.84868,33.96016],[131.85098,33.96155],[131.85046,33.96215],[131.84691,33.96187],[131.84642,33.96235],[131.84788,33.96314],[131.84928,33.96304],[131.84989,33.96368],[131.84936,33.9664],[131.8486,33.96664],[131.84901,33.96751],[131.84829,33.9681],[131.8466,33.96744],[131.8469,33.96687],[131.84775,33.96675],[131.84687,33.96685],[131.84652,33.96752],[131.84568,33.96768],[131.84441,33.96713],[131.84372,33.96619],[131.84216,33.96687],[131.84141,33.96669],[131.84174,33.96732],[131.84298,33.96702],[131.84388,33.96749],[131.8446,33.96984],[131.84333,33.97054],[131.84349,33.97123],[131.84395,33.97127],[131.84498,33.97016],[131.84791,33.96969],[131.85005,33.97174],[131.85166,33.97217],[131.85225,33.97343],[131.85392,33.97425],[131.85368,33.97555],[131.85391,33.97595],[131.85505,33.97594],[131.85456,33.9764],[131.85483,33.97709],[131.85547,33.97698],[131.85542,33.97787],[131.85484,33.97861],[131.85442,33.97832],[131.85491,33.97903],[131.85198,33.98035],[131.85264,33.98059],[131.8533,33.98013],[131.85423,33.98079],[131.8547,33.97999],[131.85549,33.98003],[131.85706,33.98123],[131.85766,33.98259],[131.8571,33.98397],[131.85792,33.98482],[131.85722,33.98817],[131.85776,33.98999],[131.85877,33.98957],[131.85946,33.98779],[131.8591,33.987],[131.85981,33.98648],[131.85909,33.98435],[131.85962,33.98282],[131.86014,33.98298],[131.85994,33.98263],[131.86148,33.98176],[131.86152,33.98118],[131.86291,33.97998],[131.86424,33.97979],[131.86423,33.97946],[131.86513,33.9801],[131.86625,33.97982],[131.86575,33.97966],[131.86661,33.97814],[131.868,33.97838],[131.86829,33.97982],[131.8669,33.97976],[131.86865,33.97988],[131.86882,33.98092],[131.86837,33.98151],[131.86838,33.98166],[131.86861,33.98195],[131.86841,33.98154],[131.86902,33.98196],[131.86967,33.98162],[131.87016,33.98046],[131.8699,33.9788],[131.87324,33.97475],[131.87273,33.97281],[131.87318,33.97075],[131.87432,33.97008],[131.87676,33.97047],[131.87707,33.97098],[131.87769,33.97058],[131.8765,33.96905],[131.87264,33.96771],[131.87176,33.96824],[131.87142,33.9693],[131.86879,33.96943],[131.86263,33.96763],[131.85989,33.96558],[131.85826,33.96395],[131.85778,33.96275],[131.85858,33.9614],[131.86039,33.9603],[131.86075,33.95961],[131.86006,33.9577],[131.86045,33.95628],[131.86006,33.95635],[131.85975,33.95446],[131.86051,33.95342],[131.8618,33.9532],[131.86044,33.9519],[131.86186,33.95068],[131.86013,33.95067],[131.86019,33.95186],[131.85937,33.95282],[131.85815,33.95298],[131.8567,33.95248],[131.85627,33.95197],[131.85635,33.95021],[131.85514,33.94973],[131.85473,33.94807],[131.85244,33.94828],[131.85107,33.9479],[131.84903,33.94631],[131.84633,33.9457],[131.84489,33.94463],[131.84374,33.94305],[131.84373,33.94211],[131.84255,33.94228],[131.84172,33.94181],[131.84186,33.94054],[131.83971,33.93961],[131.83941,33.93891],[131.83975,33.93858],[131.83739,33.9374],[131.83657,33.9357],[131.83687,33.93547],[131.83601,33.93495],[131.83614,33.93404],[131.83536,33.93346],[131.8341,33.93365],[131.83386,33.93326],[131.83345,33.93381],[131.83242,33.9332],[131.83191,33.93361],[131.83019,33.93337],[131.82654,33.93099],[131.82427,33.93162],[131.82242,33.93052],[131.81991,33.93082],[131.81856,33.92987],[131.81862,33.92915],[131.81807,33.92905],[131.81816,33.92999],[131.81989,33.93123],[131.82025,33.93202],[131.81868,33.93608],[131.8177,33.93644],[131.81615,33.93619],[131.8151,33.9367],[131.81474,33.93643],[131.81322,33.93783],[131.81158,33.9376],[131.80838,33.9397],[131.80686,33.93901],[131.80563,33.93992]]],[[[131.79923,33.96064],[131.80047,33.96142],[131.80061,33.96299],[131.80157,33.96217],[131.80242,33.96207],[131.80189,33.96106],[131.80219,33.96038],[131.80156,33.95979],[131.80197,33.95903],[131.8003,33.95753],[131.79896,33.95811],[131.79983,33.95918],[131.79923,33.96064]]],[[[131.84424,34.02915],[131.84549,34.02946],[131.84611,34.0288],[131.84765,34.02979],[131.84707,34.03045],[131.84845,34.03168],[131.85177,34.03642],[131.85398,34.03804],[131.85608,34.0367],[131.85684,34.03668],[131.86104,34.03877],[131.86132,34.04019],[131.86297,34.04016],[131.86226,34.04478],[131.86414,34.0477],[131.86635,34.04886],[131.86646,34.0494],[131.86774,34.04994],[131.86828,34.05082],[131.86988,34.05113],[131.86891,34.05287],[131.87105,34.05409],[131.87229,34.05385],[131.87196,34.05467],[131.87258,34.0554],[131.8718,34.05672],[131.87017,34.05645],[131.86889,34.05735],[131.87047,34.05878],[131.87057,34.06023],[131.86972,34.06111],[131.87039,34.06097],[131.87221,34.06255],[131.87133,34.06638],[131.87192,34.06711],[131.87131,34.06839],[131.87036,34.06855],[131.86642,34.07359],[131.86713,34.07463],[131.86607,34.07627],[131.86704,34.07881],[131.86605,34.08071],[131.8649,34.0809],[131.86455,34.08204],[131.86374,34.08245],[131.86388,34.08468],[131.86271,34.08479],[131.86189,34.08568],[131.85987,34.08485],[131.85904,34.08497],[131.85881,34.08692],[131.85791,34.08754],[131.85584,34.08722],[131.8541,34.08832],[131.85135,34.08841],[131.85054,34.08924],[131.85153,34.09149],[131.85347,34.0929],[131.8541,34.09501],[131.85558,34.09716],[131.85817,34.09835],[131.85846,34.09988],[131.86113,34.10072],[131.86174,34.10283],[131.86538,34.10309],[131.86675,34.10194],[131.86793,34.10009],[131.86852,34.10038],[131.87031,34.10221],[131.87009,34.10348],[131.87174,34.10486],[131.87289,34.10522],[131.87391,34.10648],[131.87825,34.10807],[131.87879,34.11096],[131.88118,34.11453],[131.88421,34.11501],[131.88463,34.11358],[131.88418,34.11282],[131.88752,34.11137],[131.88887,34.11137],[131.89162,34.11301],[131.89331,34.11329],[131.89798,34.11289],[131.89726,34.11124],[131.89643,34.11059],[131.89646,34.1088],[131.89566,34.1082],[131.89579,34.10772],[131.89348,34.10714],[131.89264,34.10575],[131.89286,34.10441],[131.89588,34.10212],[131.89634,34.10085],[131.89569,34.09975],[131.89452,34.09917],[131.88879,34.09819],[131.88676,34.09683],[131.88659,34.09631],[131.88857,34.0932],[131.88744,34.09162],[131.88813,34.09158],[131.88966,34.0902],[131.89385,34.08984],[131.89532,34.09026],[131.89631,34.08917],[131.8976,34.09004],[131.8987,34.08974],[131.89994,34.09042],[131.89984,34.09119],[131.90028,34.09144],[131.90182,34.09083],[131.9024,34.09103],[131.9031,34.09044],[131.90316,34.08949],[131.90542,34.08847],[131.90623,34.08859],[131.90709,34.08946],[131.90752,34.09099],[131.90958,34.08861],[131.91168,34.08873],[131.91608,34.08753],[131.9183,34.0884],[131.91863,34.08931],[131.91962,34.08894],[131.92016,34.08845],[131.91284,34.08061],[131.91359,34.07921],[131.91438,34.07821],[131.91549,34.0785],[131.91719,34.07806],[131.92192,34.07407],[131.92468,34.07327],[131.92572,34.07246],[131.92703,34.07025],[131.92818,34.06975],[131.92782,34.06881],[131.92846,34.06831],[131.92812,34.06716],[131.92753,34.06617],[131.92602,34.06534],[131.92627,34.06455],[131.93111,34.06471],[131.93193,34.06385],[131.93315,34.06435],[131.93364,34.06381],[131.93502,34.06401],[131.93592,34.06343],[131.93537,34.06264],[131.93527,34.06102],[131.9362,34.05959],[131.93477,34.05716],[131.93367,34.05702],[131.93251,34.05597],[131.92821,34.05431],[131.92862,34.05278],[131.92973,34.05124],[131.92951,34.0505],[131.93291,34.04643],[131.93245,34.04384],[131.93177,34.0427],[131.93191,34.04208],[131.93293,34.04196],[131.9333,34.03828],[131.93133,34.03793],[131.93148,34.03737],[131.93006,34.03626],[131.92969,34.03497],[131.92881,34.03409],[131.92916,34.03149],[131.92961,34.03133],[131.92829,34.03075],[131.92784,34.0299],[131.92893,34.02916],[131.92881,34.02821],[131.93008,34.0264],[131.93282,34.02572],[131.93236,34.02376],[131.93293,34.02282],[131.93406,34.02228],[131.93429,34.02013],[131.93492,34.01922],[131.9345,34.01726],[131.93467,34.01386],[131.93449,34.01284],[131.93365,34.0119],[131.93332,34.00909],[131.93443,34.00856],[131.93466,34.0072],[131.93283,34.00541],[131.93055,34.00441],[131.92794,34.00238],[131.92602,34.00177],[131.92279,33.99882],[131.92089,33.99928],[131.9205,33.99824],[131.91904,33.99765],[131.91768,33.99818],[131.91676,33.99791],[131.91612,33.99709],[131.91229,33.99635],[131.90995,33.9971],[131.90871,33.99695],[131.90816,33.99633],[131.90764,33.99391],[131.90473,33.9928],[131.90431,33.9912],[131.8992,33.99114],[131.89832,33.98944],[131.89945,33.98685],[131.89912,33.98584],[131.89956,33.98529],[131.89167,33.97839],[131.88774,33.97962],[131.88736,33.97843],[131.88848,33.97852],[131.88951,33.97803],[131.88844,33.97848],[131.88769,33.97822],[131.88649,33.97858],[131.88619,33.97914],[131.8851,33.97926],[131.8862,33.97918],[131.887,33.97853],[131.8877,33.97963],[131.88265,33.98109],[131.87515,33.98822],[131.87516,33.99045],[131.87434,33.9905],[131.87433,33.98995],[131.87432,33.9905],[131.87401,33.98995],[131.87382,33.99051],[131.8706,33.98985],[131.87069,33.98924],[131.87057,33.98985],[131.87039,33.98951],[131.87043,33.98982],[131.86891,33.98986],[131.86602,33.98958],[131.86205,33.98801],[131.86147,33.98816],[131.86474,33.9895],[131.86544,33.98994],[131.86521,33.99041],[131.86577,33.99019],[131.86741,33.99173],[131.86683,33.99212],[131.86499,33.99105],[131.86683,33.99225],[131.86781,33.9916],[131.86815,33.99232],[131.86755,33.99254],[131.86849,33.99368],[131.86814,33.99407],[131.86854,33.99466],[131.86753,33.99474],[131.86852,33.99475],[131.86838,33.99789],[131.86889,33.99902],[131.86832,33.99879],[131.86706,34.00096],[131.86462,33.99997],[131.86266,34.00329],[131.86316,34.00365],[131.86303,34.00435],[131.86416,34.00706],[131.86359,34.00706],[131.86249,34.00463],[131.86273,34.00419],[131.86138,34.00498],[131.85978,34.00522],[131.85897,34.00383],[131.86178,34.00276],[131.8605,34.00319],[131.8592,34.00079],[131.85675,34.00176],[131.86056,34.00838],[131.85974,34.00876],[131.85846,34.00698],[131.85749,34.00723],[131.85653,34.00822],[131.85798,34.00985],[131.85785,34.00999],[131.85556,34.00778],[131.85641,34.00712],[131.85299,34.00362],[131.85043,34.00536],[131.85273,34.00597],[131.85413,34.00743],[131.85245,34.00886],[131.85218,34.00838],[131.85134,34.00855],[131.85125,34.00911],[131.84902,34.00956],[131.84828,34.00818],[131.84899,34.00957],[131.84747,34.00988],[131.84586,34.00951],[131.84494,34.00979],[131.84511,34.00946],[131.84483,34.00945],[131.84492,34.00979],[131.84162,34.01026],[131.8401,34.00892],[131.83823,34.00902],[131.8424,34.01692],[131.84127,34.01727],[131.84013,34.01517],[131.84187,34.0187],[131.84204,34.02077],[131.83972,34.02384],[131.84015,34.02612],[131.83985,34.02718],[131.84071,34.0284],[131.84202,34.0283],[131.84295,34.02768],[131.84321,34.02858],[131.84407,34.02854],[131.84424,34.02915]]]]}},{"type":"Feature","properties":{"id":"muni-35208","name":"岩国市"},"geometry":{"type":"MultiPolygon","coordinates":[[[[132.35342,33.98951],[132.35435,33.98867],[132.35375,33.98741],[132.35174,33.98703],[132.35048,33.9861],[132.34943,33.9865],[132.34973,33.9886],[132.35107,33.98817],[132.35267,33.98961],[132.35342,33.98951]]],[[[132.33194,33.99104],[132.33034,33.99363],[132.32889,33.99399],[132.32918,33.99621],[132.33012,33.99752],[132.32961,33.99856],[132.32985,34.00319],[132.33134,34.0036],[132.33263,34.00293],[132.33235,34.00202],[132.33313,34.00029],[132.33362,34.00013],[132.33357,33.99916],[132.33509,33.99843],[132.33581,33.99916],[132.33664,33.99895],[132.33524,33.99804],[132.3354,33.99755],[132.33522,33.99801],[132.3348,33.99779],[132.3352,33.99755],[132.33478,33.99748],[132.33491,33.99628],[132.33539,33.99622],[132.33534,33.99689],[132.33546,33.99729],[132.33537,33.99575],[132.33577,33.99543],[132.33436,33.99184],[132.33194,33.99104]]],[[[132.32681,34.02092],[132.325,34.02109],[132.32397,34.02245],[132.32437,34.0245],[132.32534,34.0231],[132.32503,34.02198],[132.32681,34.02092]]],[[[132.37884,34.03678],[132.38136,34.03841],[132.38142,34.03948],[132.38285,34.04159],[132.38363,34.04182],[132.38514,34.04104],[132.3859,34.03967],[132.38737,34.03918],[132.38978,34.04004],[132.39043,34.04066],[132.3905,34.0415],[132.3914,34.04166],[132.39132,34.04256],[132.39228,34.04248],[132.39098,34.03924],[132.38961,34.03851],[132.38832,34.03661],[132.38778,34.03639],[132.38826,34.03684],[132.38768,34.03709],[132.38616,34.03679],[132.38606,34.0364],[132.38719,34.03662],[132.38592,34.03603],[132.38655,34.03387],[132.38955,34.03267],[132.38618,34.02954],[132.38526,34.02704],[132.38329,34.02725],[132.38312,34.03111],[132.38366,34.03251],[132.38274,34.03485],[132.38175,34.03533],[132.38051,34.0351],[132.37884,34.03632],[132.3766,34.03609],[132.37585,34.03662],[132.37802,34.03709],[132.37884,34.03678]]],[[[132.39263,34.04665],[132.3919,34.04685],[132.3921,34.04714],[132.39263,34.04665]]],[[[132.31822,34.12108],[132.31932,34.11895],[132.31797,34.1198],[132.31702,34.11931],[132.31453,34.11963],[132.31279,34.11898],[132.31199,34.12049],[132.31216,34.12141],[132.31359,34.12239],[132.31444,34.12088],[132.31674,34.12138],[132.31822,34.12108]]],[[[131.99578,34.07589],[131.99561,34.07973],[131.99327,34.07893],[131.99368,34.07979],[131.99051,34.08038],[131.99034,34.08222],[131.98917,34.08376],[131.98836,34.0843],[131.98641,34.08449],[131.9821,34.08798],[131.97909,34.08749],[131.97578,34.08861],[131.97385,34.08815],[131.97158,34.08883],[131.9695,34.08708],[131.96821,34.08764],[131.96698,34.08895],[131.96895,34.09496],[131.96791,34.09546],[131.965,34.09547],[131.96478,34.09586],[131.96508,34.09928],[131.96395,34.10159],[131.96382,34.10382],[131.96466,34.10696],[131.96345,34.11],[131.96445,34.11054],[131.96403,34.11172],[131.96503,34.11259],[131.96394,34.11416],[131.96116,34.11347],[131.95998,34.11509],[131.95931,34.11739],[131.95834,34.11798],[131.95935,34.11947],[131.95879,34.12112],[131.95899,34.12271],[131.95853,34.12329],[131.95894,34.12444],[131.95852,34.12552],[131.95756,34.12616],[131.95656,34.12588],[131.95607,34.12782],[131.95235,34.12765],[131.95371,34.12956],[131.95335,34.13065],[131.95501,34.13166],[131.95751,34.13145],[131.95876,34.13348],[131.95875,34.13717],[131.95738,34.14166],[131.95572,34.14138],[131.95437,34.14302],[131.95267,34.14359],[131.95383,34.14571],[131.95266,34.14673],[131.95276,34.14765],[131.95713,34.14871],[131.9587,34.14982],[131.95877,34.15032],[131.95629,34.15052],[131.95684,34.15556],[131.95802,34.15522],[131.95864,34.15648],[131.9601,34.15781],[131.96,34.15886],[131.95817,34.16038],[131.9569,34.16283],[131.95529,34.16352],[131.95807,34.16463],[131.95874,34.16774],[131.958,34.16909],[131.95813,34.17007],[131.96069,34.17103],[131.96299,34.17407],[131.96616,34.17638],[131.96496,34.17854],[131.9652,34.1798],[131.96408,34.17986],[131.96378,34.18073],[131.96317,34.18098],[131.9608,34.18044],[131.95803,34.18165],[131.95785,34.18433],[131.9564,34.18844],[131.95799,34.18984],[131.95911,34.18949],[131.96083,34.19202],[131.96098,34.19593],[131.96022,34.1978],[131.9592,34.19906],[131.95611,34.19837],[131.95472,34.19899],[131.95318,34.19831],[131.94954,34.19913],[131.9487,34.20018],[131.9466,34.19998],[131.94472,34.20062],[131.94511,34.20252],[131.94456,34.20431],[131.94233,34.2055],[131.94012,34.20764],[131.94053,34.21023],[131.94244,34.2114],[131.94183,34.21244],[131.94235,34.21338],[131.94228,34.21501],[131.94179,34.21569],[131.93917,34.21642],[131.93878,34.21692],[131.93875,34.21896],[131.93816,34.21982],[131.93987,34.2216],[131.94154,34.22072],[131.94263,34.2208],[131.94282,34.22274],[131.9417,34.22382],[131.94214,34.22493],[131.93879,34.22779],[131.93866,34.22888],[131.93744,34.2294],[131.93722,34.22994],[131.93618,34.22998],[131.93424,34.23104],[131.9328,34.22931],[131.92983,34.22777],[131.92982,34.22697],[131.92878,34.22692],[131.92692,34.22523],[131.92685,34.22444],[131.9248,34.22427],[131.92383,34.22334],[131.92208,34.22415],[131.92071,34.22379],[131.91957,34.22162],[131.91723,34.22621],[131.91585,34.22707],[131.91466,34.22871],[131.91217,34.2303],[131.91141,34.22942],[131.90867,34.22995],[131.9077,34.23197],[131.90594,34.23242],[131.90219,34.23194],[131.90061,34.23283],[131.89154,34.2352],[131.89165,34.23582],[131.8884,34.2397],[131.888,34.24242],[131.88871,34.24404],[131.88887,34.24682],[131.89283,34.24898],[131.89403,34.2502],[131.89423,34.25129],[131.89369,34.25225],[131.89049,34.25454],[131.89034,34.25546],[131.89082,34.25634],[131.89052,34.25733],[131.88949,34.25913],[131.88835,34.25959],[131.88753,34.26142],[131.88346,34.26196],[131.88472,34.26333],[131.88268,34.2673],[131.88194,34.26766],[131.88102,34.26938],[131.88144,34.27113],[131.881,34.27321],[131.8787,34.27447],[131.87995,34.27468],[131.88138,34.27593],[131.88138,34.27703],[131.88212,34.27793],[131.88236,34.2793],[131.88144,34.28016],[131.88072,34.2821],[131.8801,34.28558],[131.88175,34.28897],[131.88196,34.29064],[131.88132,34.29176],[131.88189,34.29354],[131.88243,34.29383],[131.88198,34.29583],[131.88262,34.29728],[131.88257,34.29788],[131.88157,34.29843],[131.88149,34.29978],[131.87897,34.30114],[131.87889,34.30203],[131.87995,34.3028],[131.87978,34.30549],[131.88158,34.30629],[131.88111,34.30689],[131.88194,34.30752],[131.88104,34.30879],[131.88377,34.31018],[131.88429,34.31093],[131.8856,34.31092],[131.88641,34.31308],[131.88543,34.31512],[131.88556,34.31623],[131.88374,34.32137],[131.88525,34.32168],[131.88554,34.32212],[131.88494,34.32275],[131.88711,34.3246],[131.88634,34.32594],[131.88672,34.32664],[131.88869,34.32651],[131.89073,34.32447],[131.89292,34.32374],[131.89466,34.32232],[131.89587,34.32213],[131.8972,34.3208],[131.89746,34.31976],[131.89857,34.31947],[131.89933,34.31864],[131.90102,34.3204],[131.90273,34.32112],[131.90423,34.32362],[131.90508,34.32352],[131.90839,34.32521],[131.91135,34.32753],[131.91309,34.3301],[131.91316,34.33141],[131.91493,34.33557],[131.91782,34.33691],[131.91901,34.3382],[131.91958,34.33793],[131.91998,34.33672],[131.92154,34.33553],[131.92221,34.33569],[131.92536,34.33425],[131.92794,34.3347],[131.92983,34.3335],[131.93026,34.33201],[131.93198,34.33128],[131.93237,34.32999],[131.9332,34.32949],[131.93316,34.32788],[131.94005,34.32666],[131.94281,34.32557],[131.9428,34.32426],[131.94356,34.32365],[131.94528,34.32369],[131.94463,34.32212],[131.94475,34.32078],[131.9466,34.32023],[131.947,34.31905],[131.95026,34.3145],[131.9552,34.31049],[131.9554,34.30846],[131.95585,34.30793],[131.95939,34.30633],[131.96121,34.30829],[131.96173,34.31054],[131.96369,34.31309],[131.96297,34.317],[131.96204,34.31798],[131.96144,34.31994],[131.96145,34.32078],[131.96239,34.3218],[131.96243,34.32313],[131.9652,34.32331],[131.96651,34.32289],[131.96753,34.32361],[131.97004,34.32356],[131.97172,34.32551],[131.97194,34.32692],[131.97416,34.32877],[131.97413,34.32974],[131.97493,34.33044],[131.9746,34.33109],[131.97569,34.33198],[131.97543,34.33512],[131.97473,34.33693],[131.97553,34.33749],[131.97559,34.33819],[131.9742,34.34159],[131.98071,34.34348],[131.9813,34.34481],[131.98048,34.34709],[131.98227,34.34903],[131.98194,34.34974],[131.98339,34.35097],[131.98618,34.35118],[131.98937,34.35224],[131.98998,34.35425],[131.99234,34.35567],[131.99255,34.3567],[131.99353,34.35686],[131.9943,34.35827],[131.99446,34.36165],[131.99599,34.36264],[131.99807,34.36509],[132.00126,34.36637],[132.00761,34.36495],[132.00861,34.36597],[132.01107,34.36629],[132.01204,34.36751],[132.0135,34.37154],[132.01195,34.37281],[132.01188,34.37503],[132.0129,34.38125],[132.01377,34.38219],[132.01074,34.38439],[132.0098,34.38452],[132.00926,34.38593],[132.0074,34.38617],[132.00707,34.38782],[132.00764,34.38829],[132.00664,34.38938],[132.00689,34.39076],[132.00512,34.39239],[132.00488,34.39355],[132.00343,34.39385],[132.00016,34.39771],[132.00016,34.3988],[131.99899,34.40074],[131.99881,34.40225],[131.99761,34.40483],[131.99704,34.4079],[131.9964,34.40848],[131.99451,34.4084],[131.99415,34.40899],[131.99439,34.41067],[131.98987,34.41349],[131.9923,34.41621],[131.99432,34.42053],[131.99457,34.42251],[131.99651,34.42433],[131.99728,34.42798],[131.99893,34.42946],[132.00391,34.43076],[132.00578,34.43238],[132.00954,34.43145],[132.01104,34.43446],[132.0159,34.43726],[132.01741,34.44001],[132.01722,34.44087],[132.01605,34.44177],[132.01637,34.44231],[132.01596,34.44303],[132.01684,34.44476],[132.01623,34.44565],[132.01561,34.44847],[132.01592,34.44971],[132.0153,34.45187],[132.01597,34.452],[132.01731,34.45445],[132.01828,34.45492],[132.01891,34.45647],[132.02221,34.45738],[132.02324,34.45918],[132.0221,34.46001],[132.02338,34.46017],[132.02332,34.46092],[132.02515,34.46224],[132.02625,34.46167],[132.02838,34.46151],[132.03209,34.46317],[132.03464,34.46344],[132.03493,34.46435],[132.03625,34.46466],[132.03614,34.46557],[132.03739,34.46671],[132.03721,34.46824],[132.03914,34.46895],[132.0412,34.46818],[132.04576,34.46973],[132.04741,34.46954],[132.04883,34.46904],[132.05024,34.4664],[132.05132,34.46599],[132.05349,34.46655],[132.05549,34.46781],[132.05829,34.4675],[132.06203,34.46872],[132.06523,34.46865],[132.06879,34.46766],[132.06818,34.46487],[132.07085,34.46342],[132.07171,34.45825],[132.0756,34.45422],[132.07617,34.45246],[132.07814,34.44966],[132.07887,34.44686],[132.0813,34.44339],[132.08019,34.44122],[132.07679,34.43816],[132.07652,34.43571],[132.07685,34.43415],[132.0748,34.42675],[132.07508,34.42603],[132.07636,34.42584],[132.07654,34.42538],[132.0755,34.42451],[132.07337,34.42405],[132.07304,34.42209],[132.0737,34.42113],[132.0734,34.4198],[132.07023,34.41765],[132.06877,34.41607],[132.06882,34.41509],[132.06991,34.41359],[132.07008,34.4107],[132.07047,34.41013],[132.07161,34.40992],[132.07222,34.40851],[132.07357,34.4071],[132.07443,34.40239],[132.07282,34.40134],[132.07293,34.39824],[132.07159,34.39749],[132.07091,34.39562],[132.07211,34.39441],[132.06983,34.39204],[132.06965,34.39122],[132.07428,34.3896],[132.07739,34.38977],[132.07764,34.38866],[132.07621,34.38605],[132.07663,34.38423],[132.07503,34.38311],[132.07458,34.38041],[132.07271,34.3772],[132.07338,34.37596],[132.07535,34.37496],[132.07406,34.37254],[132.07127,34.37144],[132.07013,34.36982],[132.07109,34.36872],[132.07203,34.36594],[132.0719,34.36367],[132.07066,34.36009],[132.07113,34.35838],[132.06972,34.35641],[132.07125,34.35549],[132.07447,34.35582],[132.07673,34.35546],[132.0785,34.35648],[132.08279,34.35726],[132.08393,34.35823],[132.08535,34.35805],[132.08606,34.35563],[132.08603,34.35378],[132.08802,34.35166],[132.0913,34.3508],[132.09272,34.35136],[132.09406,34.35036],[132.0954,34.35012],[132.09768,34.34709],[132.10144,34.34493],[132.10079,34.3436],[132.10125,34.34182],[132.10079,34.34029],[132.10104,34.33645],[132.10177,34.33557],[132.10409,34.33517],[132.10386,34.33241],[132.1055,34.32928],[132.108,34.32786],[132.1099,34.32774],[132.11031,34.32896],[132.11171,34.33022],[132.11384,34.33043],[132.11475,34.33001],[132.11719,34.3306],[132.11872,34.33031],[132.12138,34.33353],[132.12536,34.33397],[132.12716,34.33327],[132.12724,34.33074],[132.12951,34.32695],[132.12843,34.32507],[132.12912,34.32238],[132.12437,34.31967],[132.12421,34.3151],[132.12276,34.31249],[132.12266,34.31093],[132.12312,34.30842],[132.12427,34.30647],[132.12912,34.30475],[132.12935,34.30361],[132.12723,34.29984],[132.12408,34.2968],[132.12465,34.29627],[132.12851,34.29618],[132.12713,34.29434],[132.12519,34.29308],[132.12567,34.29077],[132.12795,34.29161],[132.12898,34.29398],[132.12983,34.29446],[132.13067,34.2929],[132.13785,34.28839],[132.13998,34.28508],[132.14019,34.28382],[132.13964,34.28177],[132.13692,34.27982],[132.13567,34.27815],[132.135,34.27556],[132.13389,34.27379],[132.13363,34.27197],[132.13585,34.26935],[132.13517,34.26677],[132.13929,34.26235],[132.13989,34.26082],[132.14092,34.25994],[132.14438,34.25944],[132.14622,34.25656],[132.14684,34.25392],[132.1469,34.25063],[132.14541,34.24812],[132.14543,34.24596],[132.1461,34.24372],[132.14393,34.24044],[132.14423,34.23701],[132.14534,34.23648],[132.15019,34.23722],[132.15023,34.23561],[132.15094,34.23464],[132.15534,34.23316],[132.15596,34.22979],[132.15741,34.22899],[132.15846,34.229],[132.15957,34.22974],[132.16015,34.2335],[132.16412,34.23287],[132.16599,34.23397],[132.17039,34.23392],[132.17144,34.23288],[132.17016,34.23064],[132.17077,34.22945],[132.1706,34.22887],[132.16974,34.22851],[132.16777,34.22897],[132.16725,34.22784],[132.1718,34.22522],[132.17386,34.2261],[132.17496,34.22768],[132.18035,34.22996],[132.18239,34.22966],[132.1844,34.22756],[132.19354,34.22661],[132.19416,34.22721],[132.19299,34.23046],[132.19475,34.23102],[132.1981,34.23067],[132.19899,34.22977],[132.19695,34.22796],[132.19675,34.22729],[132.19736,34.22634],[132.1998,34.22526],[132.2012,34.22602],[132.20269,34.22866],[132.20393,34.22882],[132.20509,34.2283],[132.20528,34.22554],[132.20224,34.22307],[132.19933,34.2189],[132.19933,34.21653],[132.19882,34.21521],[132.19265,34.20579],[132.19226,34.20349],[132.19253,34.20246],[132.18996,34.20052],[132.18792,34.20033],[132.18642,34.19859],[132.18444,34.19814],[132.18293,34.19689],[132.18393,34.19641],[132.1848,34.195],[132.18642,34.19437],[132.18783,34.19446],[132.18775,34.19392],[132.18892,34.19217],[132.18828,34.19145],[132.18828,34.19005],[132.18733,34.18919],[132.18829,34.18749],[132.18706,34.18603],[132.18757,34.1854],[132.18926,34.18665],[132.19108,34.18599],[132.19158,34.18484],[132.19258,34.18431],[132.19207,34.18356],[132.19351,34.18301],[132.19297,34.18217],[132.19318,34.18123],[132.19277,34.18015],[132.19323,34.17945],[132.19616,34.18078],[132.19822,34.18089],[132.2004,34.17986],[132.20177,34.18032],[132.20493,34.18036],[132.20782,34.18285],[132.20802,34.18197],[132.20899,34.18113],[132.21227,34.182],[132.21418,34.18151],[132.2161,34.18237],[132.21703,34.18134],[132.21877,34.18158],[132.2192,34.18311],[132.22069,34.1839],[132.22141,34.18519],[132.22386,34.18507],[132.22363,34.18596],[132.22269,34.18625],[132.22336,34.18764],[132.22305,34.18951],[132.22466,34.18966],[132.22603,34.19101],[132.22601,34.192],[132.22534,34.19285],[132.22565,34.19421],[132.22452,34.1944],[132.22358,34.19544],[132.22365,34.19727],[132.22232,34.1988],[132.22221,34.19923],[132.22353,34.20091],[132.22449,34.20147],[132.2246,34.20202],[132.22589,34.20219],[132.22867,34.20393],[132.2296,34.20377],[132.23073,34.20272],[132.2308,34.20136],[132.23466,34.20248],[132.23669,34.20237],[132.23729,34.19832],[132.23681,34.19703],[132.23745,34.19617],[132.23593,34.19594],[132.23608,34.19512],[132.2358,34.19459],[132.23611,34.19429],[132.23582,34.19411],[132.23576,34.19456],[132.23459,34.19388],[132.23592,34.19484],[132.2358,34.19622],[132.23323,34.19584],[132.23327,34.1955],[132.23305,34.19624],[132.23231,34.1961],[132.23309,34.1946],[132.23278,34.19376],[132.23307,34.19373],[132.23309,34.19364],[132.23263,34.19341],[132.23323,34.19266],[132.23282,34.19273],[132.23277,34.19173],[132.23226,34.19123],[132.23185,34.19133],[132.23111,34.1894],[132.23214,34.18927],[132.23082,34.18896],[132.23145,34.18753],[132.23179,34.1878],[132.23199,34.18733],[132.23752,34.19004],[132.23928,34.18756],[132.23426,34.18506],[132.23236,34.18521],[132.23311,34.18572],[132.23205,34.18608],[132.23206,34.18557],[132.23078,34.1855],[132.23091,34.18507],[132.23165,34.18498],[132.23194,34.18379],[132.23245,34.18418],[132.23187,34.18492],[132.23321,34.18434],[132.23425,34.18287],[132.23339,34.18241],[132.23332,34.18161],[132.23385,34.18097],[132.23522,34.18139],[132.23487,34.18232],[132.23531,34.18142],[132.23864,34.18416],[132.23897,34.1817],[132.23977,34.18073],[132.24125,34.18221],[132.24124,34.18159],[132.2398,34.18069],[132.24042,34.17902],[132.23957,34.17829],[132.241,34.17711],[132.24536,34.18118],[132.24689,34.1799],[132.24265,34.17595],[132.24312,34.17473],[132.24514,34.17525],[132.244,34.17493],[132.24508,34.17201],[132.24392,34.1717],[132.24417,34.17102],[132.24785,34.17197],[132.24656,34.17561],[132.24543,34.17564],[132.2465,34.17563],[132.24737,34.17633],[132.24659,34.17563],[132.24713,34.17414],[132.25,34.17489],[132.24916,34.17717],[132.24707,34.17668],[132.24918,34.17722],[132.25005,34.17487],[132.24714,34.17411],[132.24834,34.17085],[132.24904,34.17104],[132.24935,34.17103],[132.24464,34.16985],[132.24611,34.16591],[132.24739,34.16647],[132.24722,34.16742],[132.24675,34.16739],[132.2467,34.16948],[132.24886,34.17005],[132.25059,34.16547],[132.24649,34.16423],[132.24339,34.16397],[132.23361,34.16455],[132.23357,34.16352],[132.2363,34.16352],[132.2363,34.16178],[132.24825,34.15986],[132.24846,34.15931],[132.25237,34.15809],[132.24842,34.13785],[132.25843,34.13648],[132.25795,34.13417],[132.25827,34.13617],[132.24833,34.13769],[132.24818,34.13692],[132.24893,34.1372],[132.25008,34.13618],[132.24978,34.13569],[132.24816,34.13622],[132.24763,34.13341],[132.24795,34.13386],[132.24791,34.13337],[132.24853,34.13369],[132.24875,34.13325],[132.24883,34.13366],[132.24913,34.1332],[132.24929,34.13373],[132.24916,34.1332],[132.24965,34.13313],[132.24983,34.13375],[132.24968,34.13312],[132.2501,34.13306],[132.2502,34.13351],[132.25057,34.13345],[132.24992,34.13],[132.25289,34.1296],[132.25731,34.1314],[132.25342,34.12944],[132.23594,34.1318],[132.23438,34.12766],[132.23346,34.12688],[132.23154,34.12702],[132.22827,34.12902],[132.22644,34.13848],[132.22228,34.14484],[132.22111,34.14417],[132.2248,34.13825],[132.22615,34.12744],[132.20783,34.12549],[132.20733,34.12356],[132.20771,34.12548],[132.20364,34.12521],[132.20358,34.1248],[132.20219,34.12648],[132.20201,34.12462],[132.20264,34.1245],[132.20281,34.12349],[132.20259,34.12447],[132.20216,34.12451],[132.20171,34.12354],[132.20243,34.12327],[132.20184,34.12333],[132.19952,34.11935],[132.20021,34.12033],[132.2038,34.12088],[132.20426,34.12059],[132.20442,34.11939],[132.20397,34.11935],[132.20408,34.1185],[132.20464,34.11858],[132.20446,34.1192],[132.2047,34.1188],[132.20493,34.11626],[132.20481,34.11695],[132.20429,34.1169],[132.20437,34.11619],[132.2011,34.11589],[132.20135,34.11572],[132.20139,34.11548],[132.2024,34.11554],[132.20137,34.11544],[132.20109,34.11587],[132.20032,34.11575],[132.2005,34.11482],[132.20106,34.11513],[132.2014,34.1151],[132.20043,34.11468],[132.20149,34.11461],[132.20179,34.11448],[132.19965,34.11431],[132.19965,34.11367],[132.20075,34.11412],[132.20057,34.11305],[132.20169,34.11317],[132.20176,34.11426],[132.20174,34.11313],[132.19984,34.11289],[132.20136,34.11273],[132.20132,34.11112],[132.19978,34.11103],[132.20151,34.1107],[132.20019,34.11093],[132.1998,34.10975],[132.20008,34.10922],[132.20135,34.10957],[132.20142,34.11037],[132.20144,34.10956],[132.19974,34.1091],[132.20144,34.10692],[132.20199,34.10378],[132.2025,34.10391],[132.20308,34.10391],[132.202,34.10375],[132.20276,34.10235],[132.20335,34.10251],[132.20306,34.10364],[132.20378,34.10346],[132.2036,34.10433],[132.20385,34.10342],[132.20319,34.10329],[132.2034,34.10246],[132.20255,34.10224],[132.20299,34.10216],[132.20313,34.10034],[132.20458,34.09784],[132.20514,34.09808],[132.20465,34.0998],[132.20519,34.09808],[132.20449,34.09731],[132.20496,34.0975],[132.20505,34.09594],[132.20734,34.09105],[132.20697,34.09095],[132.20736,34.091],[132.21,34.08659],[132.21125,34.08305],[132.2099,34.0816],[132.21051,34.08015],[132.21003,34.08],[132.21005,34.07946],[132.21115,34.07706],[132.21066,34.07693],[132.21029,34.07585],[132.21105,34.07422],[132.2107,34.07383],[132.21162,34.07278],[132.21134,34.07217],[132.2119,34.07157],[132.21014,34.06979],[132.21009,34.06889],[132.20981,34.0685],[132.20977,34.0693],[132.20927,34.06921],[132.20697,34.07091],[132.20894,34.06925],[132.20846,34.06802],[132.20964,34.06829],[132.20918,34.0679],[132.2084,34.06798],[132.20824,34.06776],[132.20929,34.06774],[132.20873,34.06213],[132.20951,34.0593],[132.21198,34.05523],[132.21229,34.05539],[132.21231,34.0547],[132.21267,34.05485],[132.21372,34.05234],[132.21161,34.0516],[132.2121,34.05082],[132.21413,34.05178],[132.21396,34.05142],[132.21616,34.04929],[132.21263,34.04801],[132.21279,34.04727],[132.21669,34.04771],[132.21917,34.04919],[132.22048,34.04877],[132.22076,34.04675],[132.21933,34.04383],[132.21986,34.04381],[132.21986,34.04297],[132.21854,34.04331],[132.21841,34.04302],[132.21832,34.04294],[132.21791,34.04407],[132.21593,34.04392],[132.21599,34.04359],[132.21701,34.04369],[132.21737,34.04277],[132.21807,34.04288],[132.21726,34.04265],[132.2176,34.04158],[132.21657,34.04065],[132.21792,34.04159],[132.21912,34.04154],[132.21993,34.04238],[132.22057,34.04189],[132.22031,34.04032],[132.21929,34.04046],[132.21924,34.03638],[132.21813,34.03569],[132.2181,34.0344],[132.2166,34.0327],[132.21741,34.03004],[132.21822,34.03025],[132.21897,34.0292],[132.21816,34.03019],[132.21763,34.03002],[132.21862,34.02883],[132.21778,34.02907],[132.21767,34.02743],[132.21761,34.02271],[132.21837,34.02093],[132.2174,34.01882],[132.21789,34.01845],[132.21691,34.01749],[132.21712,34.01616],[132.2166,34.01345],[132.21517,34.01113],[132.21492,34.00957],[132.2152,34.00889],[132.2155,34.0088],[132.21555,34.00858],[132.21482,34.0088],[132.21478,34.00824],[132.21534,34.00821],[132.21477,34.00819],[132.21347,34.0034],[132.2103,33.99953],[132.20948,33.99723],[132.2096,33.99796],[132.20915,33.99823],[132.20872,33.99781],[132.20923,33.99743],[132.20832,33.99742],[132.20695,33.99514],[132.20384,33.99233],[132.20374,33.99168],[132.20339,33.99188],[132.20136,33.99002],[132.19967,33.98638],[132.20071,33.98359],[132.1999,33.98169],[132.19868,33.98066],[132.19658,33.9813],[132.19356,33.9836],[132.19497,33.98493],[132.19534,33.98696],[132.19674,33.98872],[132.19554,33.98892],[132.19613,33.98986],[132.19505,33.99021],[132.19419,33.9916],[132.1938,33.99465],[132.19483,33.99734],[132.19332,33.99966],[132.19494,34.002],[132.19463,34.00319],[132.19493,34.00593],[132.19442,34.00742],[132.19562,34.00852],[132.19675,34.01086],[132.19505,34.01293],[132.19392,34.01299],[132.192,34.01448],[132.19222,34.01589],[132.19134,34.01708],[132.18983,34.01811],[132.18819,34.01811],[132.18758,34.01952],[132.18601,34.01923],[132.18466,34.02032],[132.18305,34.01899],[132.18123,34.01909],[132.17925,34.0183],[132.1774,34.01876],[132.17659,34.01792],[132.17491,34.01728],[132.17293,34.01751],[132.1678,34.01699],[132.16213,34.01789],[132.1588,34.02039],[132.15883,34.02204],[132.15801,34.02256],[132.15913,34.02303],[132.15904,34.02339],[132.15724,34.02368],[132.15715,34.02483],[132.15541,34.02546],[132.15356,34.02821],[132.15075,34.02948],[132.14889,34.02928],[132.14785,34.03123],[132.14655,34.03209],[132.14654,34.03263],[132.14371,34.03256],[132.14204,34.03181],[132.14255,34.03243],[132.14251,34.03523],[132.14125,34.03637],[132.14097,34.03935],[132.13899,34.04275],[132.13804,34.04289],[132.13769,34.04343],[132.13647,34.0434],[132.13497,34.0445],[132.13279,34.04305],[132.13102,34.04273],[132.12879,34.04316],[132.12637,34.0449],[132.12474,34.04969],[132.12044,34.05183],[132.11824,34.05062],[132.11398,34.04974],[132.11309,34.05],[132.11201,34.05115],[132.1108,34.05137],[132.11047,34.05225],[132.10785,34.05274],[132.10596,34.05234],[132.10384,34.05284],[132.10198,34.05213],[132.09855,34.04838],[132.09665,34.04872],[132.09471,34.04817],[132.09422,34.0477],[132.0945,34.04711],[132.09391,34.04583],[132.09141,34.04491],[132.08897,34.04289],[132.08872,34.04123],[132.08806,34.04108],[132.08607,34.03712],[132.0851,34.03638],[132.08419,34.03652],[132.08339,34.03442],[132.08173,34.03253],[132.08222,34.03201],[132.08178,34.03162],[132.08175,34.02937],[132.07968,34.02827],[132.07709,34.02529],[132.07287,34.02548],[132.07202,34.0243],[132.07102,34.02439],[132.06908,34.02357],[132.06796,34.02255],[132.06702,34.01991],[132.06676,34.02035],[132.06603,34.02032],[132.0648,34.0195],[132.06381,34.01964],[132.06071,34.01862],[132.06082,34.01565],[132.06017,34.01469],[132.06065,34.01367],[132.06006,34.01324],[132.05991,34.01354],[132.05879,34.01321],[132.05875,34.01421],[132.05843,34.01375],[132.0576,34.01428],[132.05673,34.01352],[132.05608,34.01391],[132.0555,34.01351],[132.05457,34.01369],[132.05396,34.01228],[132.05334,34.01203],[132.05088,34.01337],[132.0467,34.01285],[132.04601,34.0138],[132.04222,34.01362],[132.04089,34.01181],[132.03745,34.01092],[132.03628,34.01205],[132.03354,34.01229],[132.0319,34.01393],[132.03062,34.01385],[132.02999,34.01324],[132.02871,34.01416],[132.02704,34.01441],[132.02641,34.0165],[132.02695,34.01723],[132.02645,34.01809],[132.02566,34.01839],[132.02582,34.0204],[132.02523,34.02078],[132.0241,34.02388],[132.02223,34.02381],[132.02236,34.02517],[132.0218,34.0263],[132.02258,34.02762],[132.02372,34.02766],[132.0266,34.03202],[132.0285,34.03898],[132.03003,34.04134],[132.03077,34.04457],[132.03063,34.04761],[132.02827,34.05096],[132.02834,34.05208],[132.029,34.05297],[132.02835,34.05397],[132.02723,34.05862],[132.02794,34.06127],[132.02863,34.06154],[132.02724,34.06627],[132.02475,34.06917],[132.02329,34.06996],[132.02198,34.07005],[132.01983,34.06935],[132.0166,34.0667],[132.01532,34.06727],[132.01265,34.06612],[132.01281,34.06286],[132.01241,34.06201],[132.01084,34.06227],[132.01017,34.0634],[132.00834,34.06428],[132.00792,34.06624],[132.00671,34.06713],[132.00346,34.06664],[131.99751,34.06468],[131.99734,34.0662],[131.99643,34.06801],[131.99654,34.06909],[131.99479,34.06977],[131.99454,34.07093],[131.99135,34.07093],[131.99084,34.0713],[131.99266,34.072],[131.9932,34.0732],[131.99526,34.07431],[131.99578,34.07589]]],[[[132.43109,33.98333],[132.43102,33.98215],[132.43215,33.98091],[132.43058,33.98007],[132.42896,33.98211],[132.42999,33.98312],[132.43004,33.98443],[132.43109,33.98333]]],[[[132.43178,33.98963],[132.43249,33.98868],[132.43154,33.98842],[132.42941,33.99059],[132.43005,33.99342],[132.4307,33.99296],[132.43178,33.98963]]],[[[132.43052,34.00759],[132.42998,34.0059],[132.43025,34.00405],[132.43105,34.00307],[132.43235,34.0026],[132.43498,34.00372],[132.43508,34.00318],[132.43352,34.00211],[132.4323,34.00253],[132.43079,34.00188],[132.43047,34.0034],[132.42926,34.00412],[132.42915,34.00485],[132.42942,34.00717],[132.43082,34.00949],[132.43071,34.01041],[132.43229,34.00937],[132.43179,34.0084],[132.43052,34.00759]]],[[[132.41465,34.03038],[132.41588,34.02763],[132.41801,34.02698],[132.41741,34.02676],[132.41769,34.0264],[132.41802,34.02681],[132.41862,34.02627],[132.41915,34.02656],[132.41823,34.02718],[132.41931,34.02656],[132.41866,34.02604],[132.41899,34.02462],[132.42034,34.02353],[132.42084,34.02227],[132.42176,34.02219],[132.42206,34.02039],[132.4231,34.02034],[132.42249,34.0214],[132.42411,34.01905],[132.42507,34.01901],[132.42516,34.01958],[132.42629,34.01932],[132.42692,34.01858],[132.42665,34.01787],[132.42731,34.01624],[132.42941,34.01612],[132.43074,34.01524],[132.43054,34.01477],[132.42836,34.01557],[132.42702,34.0151],[132.42664,34.013],[132.42743,34.01104],[132.42463,34.01257],[132.42034,34.01123],[132.417,34.01309],[132.41142,34.01322],[132.41039,34.014],[132.40752,34.01473],[132.40585,34.0144],[132.4044,34.01818],[132.40303,34.0197],[132.40322,34.02025],[132.40181,34.02357],[132.40329,34.02495],[132.40292,34.0273],[132.41111,34.02882],[132.41421,34.02984],[132.41465,34.03038]]],[[[132.42028,34.03744],[132.42252,34.03672],[132.42296,34.03593],[132.42483,34.03499],[132.4265,34.03505],[132.42725,34.03413],[132.42344,34.03236],[132.42232,34.03236],[132.42098,34.0337],[132.41867,34.03377],[132.41673,34.03486],[132.41676,34.0353],[132.41824,34.03614],[132.41829,34.03713],[132.42028,34.03744]]],[[[132.39672,34.05919],[132.39763,34.05803],[132.39837,34.05782],[132.39905,34.05838],[132.4004,34.05742],[132.39966,34.05714],[132.39827,34.05424],[132.39765,34.05382],[132.39708,34.05373],[132.39631,34.05467],[132.39429,34.05512],[132.39304,34.05626],[132.39139,34.05644],[132.39333,34.05763],[132.39537,34.0599],[132.39672,34.05919]]],[[[132.39515,34.07004],[132.39454,34.06953],[132.3926,34.06969],[132.39092,34.06838],[132.39085,34.06913],[132.39216,34.07045],[132.39188,34.07126],[132.39293,34.07106],[132.39418,34.07206],[132.39426,34.07098],[132.39515,34.07004]]]]}},{"type":"Feature","properties":{"id":"muni-35210","name":"光市"},"geometry":{"type":"MultiPolygon","coordinates":[[[[132.00667,33.85281],[132.00574,33.85316],[132.00533,33.85479],[132.00398,33.85569],[132.00196,33.85643],[132.00063,33.85626],[131.99757,33.85742],[131.99784,33.85816],[131.99709,33.85897],[131.99748,33.86079],[132.0003,33.86131],[132.0017,33.86072],[132.0034,33.86081],[132.00516,33.86172],[132.00609,33.86161],[132.00694,33.86082],[132.00755,33.86004],[132.00645,33.86092],[132.00657,33.85948],[132.00724,33.85982],[132.00656,33.85917],[132.00778,33.8588],[132.00946,33.85867],[132.0098,33.85946],[132.00999,33.85865],[132.01118,33.85911],[132.0113,33.8586],[132.01245,33.85827],[132.01348,33.85915],[132.01611,33.85947],[132.01659,33.86014],[132.01642,33.86084],[132.01441,33.86148],[132.01678,33.86251],[132.01701,33.86379],[132.01635,33.8648],[132.01465,33.86538],[132.0153,33.86606],[132.01518,33.86719],[132.01465,33.86733],[132.01449,33.86851],[132.01367,33.86897],[132.01476,33.86972],[132.01493,33.87054],[132.01718,33.87151],[132.01724,33.87016],[132.01864,33.86861],[132.01755,33.86677],[132.01784,33.86563],[132.01942,33.86409],[132.02043,33.86387],[132.0201,33.8633],[132.02087,33.86232],[132.02308,33.86202],[132.02105,33.85986],[132.02089,33.85898],[132.0221,33.85678],[132.02264,33.85444],[132.02455,33.85318],[132.02337,33.85186],[132.02264,33.85207],[132.0223,33.85285],[132.02106,33.85313],[132.01855,33.85186],[132.017,33.8535],[132.01501,33.85403],[132.01305,33.85305],[132.01086,33.85369],[132.00983,33.85358],[132.00963,33.85313],[132.00667,33.85281]]],[[[131.98193,33.87015],[131.98391,33.87123],[131.98367,33.87067],[131.98446,33.87089],[131.98576,33.86941],[131.98315,33.86872],[131.98207,33.86904],[131.98009,33.86826],[131.98193,33.87015]]],[[[131.98563,33.87435],[131.98463,33.872],[131.98401,33.87202],[131.98392,33.87313],[131.98563,33.87435]]],[[[131.9269,33.94297],[131.92902,33.9425],[131.92912,33.94079],[131.93083,33.93878],[131.93144,33.93695],[131.93127,33.93575],[131.92875,33.93653],[131.92845,33.93703],[131.92919,33.93864],[131.92729,33.93958],[131.92745,33.93997],[131.92663,33.94075],[131.9266,33.94297],[131.92471,33.94532],[131.92233,33.94636],[131.92157,33.94724],[131.92255,33.94661],[131.92371,33.94658],[131.9269,33.94297]]],[[[131.90163,33.97436],[131.89818,33.97726],[131.89599,33.97645],[131.89176,33.97848],[131.89956,33.98529],[131.89912,33.98584],[131.89945,33.98685],[131.89832,33.98944],[131.8992,33.99114],[131.90431,33.9912],[131.90473,33.9928],[131.90764,33.99391],[131.90816,33.99633],[131.90871,33.99695],[131.90995,33.9971],[131.91229,33.99635],[131.91612,33.99709],[131.91676,33.99791],[131.91768,33.99818],[131.91904,33.99765],[131.9205,33.99824],[131.92089,33.99928],[131.92279,33.99882],[131.92602,34.00177],[131.92794,34.00238],[131.93038,34.0043],[131.93356,34.00593],[131.93466,34.0072],[131.93442,34.00876],[131.93589,34.0087],[131.93687,34.00782],[131.9386,34.00849],[131.93979,34.00831],[131.9409,34.00864],[131.94248,34.01015],[131.945,34.00994],[131.94645,34.01114],[131.94706,34.01111],[131.94755,34.01042],[131.94976,34.01166],[131.95053,34.01141],[131.95285,34.01237],[131.95552,34.01402],[131.95858,34.01423],[131.95907,34.01504],[131.96086,34.01538],[131.96093,34.0172],[131.96203,34.01929],[131.96483,34.02138],[131.9648,34.02211],[131.96567,34.02256],[131.96415,34.02288],[131.96432,34.02336],[131.96362,34.02396],[131.96394,34.02527],[131.9631,34.02516],[131.96097,34.02652],[131.96159,34.0268],[131.96147,34.02722],[131.9608,34.02709],[131.96143,34.02772],[131.96142,34.02856],[131.96228,34.02836],[131.96185,34.02855],[131.96166,34.03021],[131.96409,34.03231],[131.96636,34.03324],[131.96748,34.03209],[131.96919,34.03137],[131.9719,34.03191],[131.97265,34.03066],[131.97317,34.03083],[131.98054,34.02706],[131.97897,34.02587],[131.98103,34.02566],[131.98271,34.02449],[131.98718,34.02477],[131.98954,34.02582],[131.99048,34.02674],[131.99111,34.02913],[131.99287,34.02919],[131.99301,34.02829],[131.99365,34.02801],[131.99605,34.02856],[131.99744,34.02761],[132.00349,34.0282],[132.00448,34.02745],[132.0052,34.02776],[132.00561,34.02737],[132.0082,34.0283],[132.0097,34.02807],[132.01178,34.02682],[132.01417,34.02683],[132.01631,34.02602],[132.02031,34.02663],[132.0218,34.0263],[132.02236,34.02517],[132.02223,34.02381],[132.0241,34.02388],[132.02523,34.02078],[132.02582,34.0204],[132.02566,34.01839],[132.02645,34.01809],[132.02695,34.01723],[132.02641,34.0165],[132.02704,34.01441],[132.02871,34.01416],[132.02999,34.01324],[132.03062,34.01385],[132.0319,34.01393],[132.03354,34.01229],[132.03628,34.01205],[132.03745,34.01092],[132.04089,34.01181],[132.04222,34.01362],[132.04548,34.01382],[132.04601,34.0138],[132.0467,34.01285],[132.04773,34.01326],[132.04857,34.01291],[132.05132,34.01327],[132.0537,34.01203],[132.0539,34.01066],[132.0554,34.00945],[132.05608,34.00949],[132.05711,34.01148],[132.05756,34.01146],[132.05813,34.01002],[132.05762,34.00876],[132.05829,34.0086],[132.05626,34.00687],[132.05465,34.0071],[132.05357,34.00612],[132.05324,34.00302],[132.05432,34.00239],[132.05483,34.00007],[132.05567,33.99998],[132.0562,33.99928],[132.05894,33.99927],[132.05973,33.99821],[132.06124,33.99834],[132.06152,33.9967],[132.06244,33.9971],[132.06384,33.99692],[132.06428,33.99525],[132.06283,33.99392],[132.06406,33.99033],[132.06288,33.98993],[132.06241,33.99097],[132.06188,33.99113],[132.05909,33.98985],[132.05539,33.98974],[132.0534,33.98776],[132.05265,33.98799],[132.051,33.98743],[132.05071,33.98582],[132.05138,33.98533],[132.05093,33.98501],[132.04563,33.98464],[132.04394,33.98586],[132.04292,33.98511],[132.04284,33.98423],[132.03785,33.98365],[132.03705,33.98435],[132.03589,33.98395],[132.03276,33.98472],[132.03205,33.98533],[132.0305,33.98516],[132.02871,33.98588],[132.02917,33.98441],[132.02785,33.98442],[132.02437,33.98731],[132.02228,33.98792],[132.02049,33.98734],[132.01921,33.98749],[132.0177,33.98546],[132.01651,33.98556],[132.01498,33.98437],[132.01521,33.98325],[132.01401,33.98289],[132.01277,33.98333],[132.01198,33.9824],[132.01215,33.98122],[132.01139,33.97924],[132.00874,33.97875],[132.00908,33.9783],[132.00816,33.97781],[132.00904,33.9768],[132.01072,33.97671],[132.01126,33.97625],[132.01183,33.97692],[132.01267,33.97705],[132.01139,33.97568],[132.01147,33.97473],[132.01223,33.97434],[132.01153,33.97271],[132.00917,33.97422],[132.0076,33.97109],[132.00657,33.97118],[132.00631,33.97229],[132.00769,33.97338],[132.00761,33.97421],[132.0082,33.97386],[132.00853,33.97422],[132.00813,33.97472],[132.00721,33.97396],[132.0062,33.97241],[132.00451,33.97125],[132.0004,33.97086],[131.99911,33.96959],[131.99809,33.96957],[131.99693,33.96825],[131.99683,33.96739],[131.99784,33.96513],[131.99773,33.96438],[131.99409,33.96167],[131.99411,33.95977],[131.98937,33.95902],[131.98861,33.95844],[131.98493,33.95866],[131.98292,33.95782],[131.98407,33.95766],[131.9838,33.95668],[131.98429,33.95622],[131.98323,33.95559],[131.98185,33.95343],[131.98075,33.953],[131.98128,33.9521],[131.97979,33.95122],[131.98076,33.94728],[131.98311,33.94603],[131.98309,33.94456],[131.98237,33.94402],[131.98248,33.94322],[131.98346,33.94239],[131.98455,33.9422],[131.98414,33.94033],[131.98505,33.93954],[131.98565,33.93967],[131.98695,33.93853],[131.98932,33.93795],[131.99256,33.93524],[131.99244,33.93462],[131.99328,33.93423],[131.99474,33.93201],[131.99554,33.93186],[131.99609,33.9326],[131.99828,33.93299],[131.9999,33.93117],[132.0018,33.93051],[132.00313,33.92882],[132.00307,33.92778],[132.00246,33.92734],[132.00256,33.926],[132.00401,33.92514],[132.00684,33.92451],[132.0091,33.92316],[132.00995,33.9232],[132.01086,33.9221],[132.0119,33.92177],[132.01204,33.92069],[132.01375,33.91993],[132.01347,33.91828],[132.01474,33.91802],[132.01466,33.91714],[132.01515,33.91646],[132.01486,33.91596],[132.01573,33.91547],[132.01576,33.91482],[132.02,33.91406],[132.02111,33.9134],[132.02372,33.91428],[132.02459,33.91311],[132.02735,33.9129],[132.02731,33.91043],[132.02577,33.90867],[132.02512,33.90623],[132.02581,33.90298],[132.02403,33.90207],[132.02012,33.90599],[132.01954,33.90586],[132.0196,33.9064],[132.01892,33.90698],[132.01775,33.90674],[132.01605,33.90715],[132.01229,33.90902],[132.00974,33.90948],[132.00744,33.91106],[132.00665,33.91083],[132.00704,33.91164],[132.00595,33.91324],[132.0027,33.91557],[131.99918,33.91522],[131.99688,33.91866],[131.99487,33.91944],[131.99399,33.9208],[131.98742,33.92582],[131.98439,33.9268],[131.98248,33.92918],[131.98072,33.92972],[131.97757,33.92968],[131.97728,33.92933],[131.97769,33.9285],[131.97741,33.92894],[131.97648,33.92862],[131.97657,33.92842],[131.97637,33.92804],[131.97497,33.9275],[131.97646,33.92855],[131.97597,33.92909],[131.97466,33.92856],[131.97493,33.92806],[131.97411,33.92763],[131.9743,33.92733],[131.97344,33.92769],[131.97288,33.9272],[131.97379,33.92679],[131.97285,33.92717],[131.97006,33.9238],[131.9698,33.9229],[131.97066,33.92282],[131.96876,33.92235],[131.96988,33.92119],[131.97041,33.92131],[131.97076,33.92024],[131.97249,33.91922],[131.97327,33.92001],[131.97384,33.91942],[131.97538,33.91933],[131.97622,33.9206],[131.97566,33.92108],[131.97578,33.92188],[131.97688,33.92212],[131.9772,33.92178],[131.97678,33.92007],[131.97539,33.91846],[131.97573,33.91741],[131.97362,33.91759],[131.97309,33.91701],[131.97042,33.91689],[131.96553,33.91846],[131.96379,33.92049],[131.96241,33.92083],[131.96295,33.92115],[131.9631,33.92266],[131.96385,33.92341],[131.96317,33.92403],[131.96351,33.92548],[131.96266,33.92673],[131.96268,33.9275],[131.96337,33.92844],[131.96408,33.92816],[131.96363,33.92847],[131.96266,33.92966],[131.96217,33.92974],[131.96268,33.92967],[131.96419,33.92811],[131.9655,33.92896],[131.96646,33.92949],[131.96456,33.92833],[131.96569,33.92793],[131.96655,33.92895],[131.96866,33.92886],[131.96935,33.93022],[131.96923,33.93168],[131.96603,33.93999],[131.9629,33.94476],[131.96047,33.94734],[131.95769,33.94937],[131.956,33.94994],[131.95562,33.94949],[131.9556,33.94997],[131.95453,33.95021],[131.95429,33.94938],[131.9554,33.94917],[131.95602,33.94898],[131.95289,33.9497],[131.95228,33.94871],[131.95201,33.94854],[131.95241,33.94906],[131.95064,33.94934],[131.95088,33.94841],[131.95192,33.94821],[131.95082,33.9483],[131.95039,33.94989],[131.95094,33.95299],[131.94993,33.95058],[131.94987,33.94928],[131.9498,33.95009],[131.94786,33.94997],[131.94776,33.94831],[131.9497,33.94821],[131.94797,33.94802],[131.94731,33.94891],[131.94602,33.94874],[131.94614,33.94717],[131.94744,33.94706],[131.93989,33.94754],[131.93638,33.9473],[131.9305,33.9511],[131.93026,33.95084],[131.9306,33.95063],[131.93052,33.95054],[131.9285,33.95191],[131.92919,33.95195],[131.92834,33.95252],[131.9282,33.95459],[131.92765,33.95455],[131.92745,33.95725],[131.92706,33.95748],[131.92783,33.95752],[131.92924,33.9593],[131.9288,33.95956],[131.9303,33.96143],[131.92966,33.96223],[131.92502,33.9564],[131.92414,33.95637],[131.92457,33.95286],[131.92541,33.95233],[131.92448,33.95283],[131.9244,33.95336],[131.92361,33.95329],[131.92317,33.95609],[131.9295,33.96412],[131.93188,33.96961],[131.93018,33.97007],[131.92918,33.96801],[131.92421,33.96107],[131.92537,33.96],[131.92514,33.95952],[131.92498,33.95942],[131.9243,33.95995],[131.92455,33.95932],[131.92394,33.95871],[131.92327,33.96126],[131.91857,33.96708],[131.9193,33.96823],[131.91839,33.96725],[131.91362,33.97055],[131.90838,33.97227],[131.9044,33.97293],[131.90352,33.97195],[131.90318,33.97233],[131.90301,33.97192],[131.90251,33.97235],[131.90229,33.97196],[131.9015,33.97221],[131.90163,33.97436]]]]}},{"type":"Feature","properties":{"id":"muni-35211","name":"長門市"},"geometry":{"type":"MultiPolygon","coordinates":[[[[131.01552,34.37465],[131.01489,34.37473],[131.01439,34.37535],[131.01475,34.37551],[131.01552,34.37465]]],[[[131.0093,34.3752],[131.00989,34.37559],[131.01033,34.37523],[131.00999,34.37463],[131.0093,34.3752]]],[[[131.00639,34.37747],[131.00673,34.37634],[131.00417,34.3766],[131.00432,34.37718],[131.0051,34.37676],[131.00522,34.37766],[131.00593,34.37715],[131.00639,34.37747]]],[[[131.00952,34.39081],[131.00974,34.39104],[131.00982,34.39097],[131.00952,34.39081]]],[[[131.01561,34.39257],[131.01566,34.39285],[131.01566,34.39259],[131.01561,34.39257]]],[[[131.00412,34.39851],[131.00395,34.3983],[131.00374,34.39803],[131.00348,34.39797],[131.00412,34.39851]]],[[[130.96934,34.3999],[130.96812,34.40014],[130.96889,34.40095],[130.96934,34.3999]]],[[[131.04471,34.41218],[131.04434,34.41216],[131.04402,34.41257],[131.04471,34.41218]]],[[[130.96074,34.42841],[130.96053,34.42914],[130.96074,34.42941],[130.96122,34.42875],[130.96074,34.42841]]],[[[130.93219,34.39259],[130.93323,34.39309],[130.93492,34.39254],[130.93623,34.39388],[130.93633,34.39456],[130.93554,34.39505],[130.93522,34.39637],[130.93737,34.39759],[130.93835,34.40073],[130.93806,34.4017],[130.9363,34.40288],[130.93703,34.40324],[130.93707,34.40379],[130.93972,34.40467],[130.94347,34.40298],[130.94714,34.40375],[130.95357,34.40732],[130.9548,34.40926],[130.95644,34.41003],[130.95631,34.41053],[130.95809,34.41119],[130.95909,34.41251],[130.9591,34.41326],[130.96011,34.41349],[130.96051,34.41381],[130.959,34.41364],[130.95936,34.41406],[130.95872,34.41746],[130.95702,34.42008],[130.95777,34.42205],[130.96105,34.42784],[130.96189,34.4276],[130.96274,34.42851],[130.96306,34.42803],[130.96408,34.4283],[130.96507,34.42771],[130.96864,34.42789],[130.96876,34.42853],[130.97011,34.42836],[130.97179,34.42981],[130.97226,34.43123],[130.97328,34.43214],[130.97238,34.43454],[130.97317,34.43485],[130.97243,34.436],[130.97246,34.43655],[130.97321,34.43648],[130.97272,34.43805],[130.97352,34.43812],[130.973,34.43862],[130.97377,34.43847],[130.9739,34.43898],[130.97191,34.44073],[130.97171,34.44151],[130.97232,34.44235],[130.97317,34.44134],[130.97354,34.4417],[130.9732,34.44241],[130.97409,34.44235],[130.97485,34.44154],[130.97492,34.4407],[130.97437,34.44038],[130.97441,34.43999],[130.97484,34.44008],[130.97464,34.43961],[130.97517,34.43987],[130.97566,34.43932],[130.97611,34.43972],[130.97661,34.43861],[130.97675,34.43915],[130.9769,34.43872],[130.97722,34.43896],[130.97714,34.43809],[130.97805,34.43823],[130.97905,34.43733],[130.97897,34.43784],[130.97938,34.43731],[130.97938,34.43783],[130.97996,34.4361],[130.98084,34.43538],[130.9824,34.43516],[130.98252,34.43582],[130.98279,34.43501],[130.98428,34.43465],[130.98516,34.43514],[130.98703,34.43496],[130.98692,34.43388],[130.98807,34.43293],[130.99185,34.43258],[130.99694,34.43055],[130.99988,34.42997],[131.00338,34.42788],[131.004,34.42668],[131.00375,34.42285],[131.0042,34.42279],[131.00346,34.4227],[131.00516,34.42103],[131.004,34.422],[131.00377,34.42089],[131.00385,34.42208],[131.00324,34.42239],[131.00315,34.42079],[131.00348,34.42076],[131.00312,34.41961],[131.00388,34.41975],[131.00337,34.41961],[131.00377,34.41863],[131.00419,34.41875],[131.00381,34.41857],[131.00421,34.41764],[131.0046,34.41776],[131.00425,34.41757],[131.00461,34.41672],[131.00567,34.41679],[131.00431,34.41971],[131.00431,34.42089],[131.00592,34.41646],[131.00441,34.41597],[131.00474,34.4155],[131.00619,34.41511],[131.00686,34.41567],[131.00716,34.41462],[131.00879,34.41369],[131.01401,34.41232],[131.01555,34.41233],[131.0162,34.41281],[131.0163,34.41221],[131.01729,34.41157],[131.01977,34.41104],[131.02231,34.41156],[131.02501,34.41123],[131.02575,34.41183],[131.02578,34.4113],[131.02833,34.41063],[131.03247,34.4102],[131.03803,34.4123],[131.03906,34.41154],[131.04361,34.41017],[131.04642,34.41092],[131.04692,34.41177],[131.04759,34.4119],[131.04738,34.41133],[131.04909,34.41169],[131.04908,34.41226],[131.04812,34.41204],[131.04762,34.41248],[131.04954,34.41229],[131.05081,34.41427],[131.05311,34.41552],[131.05483,34.41589],[131.05732,34.4154],[131.05797,34.41571],[131.05947,34.41678],[131.06006,34.41786],[131.06069,34.41775],[131.06058,34.41852],[131.061,34.41812],[131.06135,34.4189],[131.0618,34.41881],[131.06265,34.42015],[131.06241,34.42069],[131.06328,34.42143],[131.06421,34.42035],[131.06451,34.42076],[131.06742,34.41882],[131.06831,34.4197],[131.0679,34.41851],[131.06868,34.41839],[131.06877,34.41948],[131.06915,34.4194],[131.06895,34.41847],[131.06932,34.41995],[131.06926,34.42006],[131.06793,34.42005],[131.06903,34.42036],[131.06881,34.42171],[131.06996,34.42185],[131.07032,34.42298],[131.07102,34.42312],[131.07097,34.42405],[131.07148,34.42383],[131.07155,34.42298],[131.07211,34.42283],[131.07304,34.42314],[131.07339,34.42425],[131.07442,34.42454],[131.07522,34.42347],[131.07603,34.42382],[131.076,34.42291],[131.0778,34.42216],[131.08011,34.42203],[131.08139,34.42103],[131.08342,34.42111],[131.08389,34.42062],[131.08452,34.42111],[131.0875,34.41957],[131.09078,34.4193],[131.09198,34.41971],[131.09222,34.42032],[131.09265,34.42007],[131.09286,34.42068],[131.09425,34.42043],[131.09462,34.4209],[131.09558,34.42021],[131.09543,34.41925],[131.09582,34.41979],[131.09663,34.41952],[131.09673,34.42055],[131.09783,34.42022],[131.09805,34.41985],[131.09753,34.41921],[131.09812,34.4194],[131.09823,34.41875],[131.09908,34.41949],[131.09906,34.41885],[131.10034,34.41898],[131.10112,34.41817],[131.10097,34.41737],[131.10344,34.41691],[131.1034,34.41595],[131.10412,34.41669],[131.10487,34.41645],[131.10467,34.41563],[131.10522,34.41578],[131.10481,34.41539],[131.10596,34.41522],[131.10612,34.41404],[131.10733,34.41459],[131.10784,34.41376],[131.10885,34.41358],[131.10909,34.41264],[131.11135,34.41106],[131.11114,34.4097],[131.11219,34.40903],[131.11204,34.40865],[131.11204,34.40856],[131.11221,34.40903],[131.11485,34.40949],[131.11563,34.41079],[131.11835,34.4115],[131.12104,34.41095],[131.12164,34.41158],[131.12295,34.41127],[131.12308,34.41172],[131.12351,34.41159],[131.12341,34.41202],[131.12489,34.41109],[131.12713,34.41183],[131.1268,34.41234],[131.12836,34.41211],[131.12916,34.41329],[131.1287,34.41405],[131.12919,34.41427],[131.12898,34.41461],[131.12994,34.41454],[131.12889,34.41727],[131.12927,34.41774],[131.12974,34.41736],[131.12976,34.41814],[131.13145,34.41773],[131.13184,34.41854],[131.13167,34.41737],[131.13236,34.41606],[131.13129,34.41605],[131.13188,34.41558],[131.13129,34.41556],[131.13099,34.41467],[131.13156,34.4142],[131.13069,34.41104],[131.13142,34.41032],[131.13127,34.41091],[131.13239,34.41055],[131.13201,34.40996],[131.1323,34.40927],[131.13383,34.40896],[131.13401,34.40822],[131.13597,34.40698],[131.13553,34.40535],[131.13617,34.40522],[131.13943,34.40056],[131.13949,34.39901],[131.13844,34.39787],[131.13939,34.39585],[131.13887,34.39517],[131.13941,34.39419],[131.13945,34.39305],[131.13886,34.39484],[131.13803,34.39462],[131.13784,34.39368],[131.13821,34.39353],[131.13782,34.39365],[131.13724,34.39273],[131.13813,34.39235],[131.13878,34.3933],[131.13892,34.39294],[131.13782,34.39169],[131.13923,34.39074],[131.1378,34.39163],[131.13764,34.39095],[131.13697,34.39116],[131.13836,34.38993],[131.13883,34.39056],[131.1394,34.38992],[131.13853,34.38931],[131.14194,34.38644],[131.14216,34.38589],[131.14173,34.38544],[131.14299,34.38439],[131.14353,34.3823],[131.14334,34.38067],[131.14402,34.38034],[131.14378,34.38013],[131.14481,34.38022],[131.14378,34.38005],[131.14322,34.37979],[131.14308,34.37964],[131.14482,34.38015],[131.14546,34.38071],[131.1468,34.3805],[131.14728,34.381],[131.14821,34.38066],[131.14884,34.37913],[131.1498,34.37843],[131.15048,34.37859],[131.15128,34.37759],[131.15135,34.37558],[131.15303,34.37404],[131.15313,34.37345],[131.15699,34.37226],[131.16161,34.37225],[131.16173,34.37185],[131.16172,34.37228],[131.16609,34.37221],[131.17081,34.37325],[131.17527,34.37534],[131.1746,34.37241],[131.17386,34.37131],[131.17439,34.37099],[131.1759,34.37501],[131.17551,34.37551],[131.17619,34.37608],[131.17654,34.37743],[131.17759,34.37778],[131.17774,34.37855],[131.17869,34.38049],[131.17897,34.38077],[131.1771,34.37631],[131.17731,34.37533],[131.17798,34.3754],[131.17807,34.37653],[131.17846,34.37651],[131.17842,34.37585],[131.17928,34.37563],[131.17923,34.3767],[131.17811,34.37716],[131.17816,34.3777],[131.18124,34.37759],[131.18132,34.37871],[131.17927,34.3788],[131.17867,34.3792],[131.18316,34.37868],[131.18515,34.38066],[131.18806,34.3806],[131.1906,34.3829],[131.19455,34.38863],[131.19454,34.38932],[131.19402,34.38964],[131.19464,34.38963],[131.19531,34.39194],[131.19487,34.39229],[131.19534,34.39223],[131.19596,34.39397],[131.19559,34.39408],[131.19642,34.3939],[131.1971,34.39648],[131.19784,34.39734],[131.1994,34.39761],[131.19887,34.39849],[131.19607,34.39809],[131.19863,34.40102],[131.19847,34.40196],[131.19814,34.40181],[131.1975,34.40262],[131.19635,34.40264],[131.195,34.40165],[131.19639,34.40124],[131.19625,34.4007],[131.1957,34.40065],[131.19357,34.39992],[131.19564,34.40054],[131.196,34.39988],[131.19505,34.39916],[131.19306,34.39883],[131.18987,34.39916],[131.18852,34.39861],[131.188,34.40031],[131.18702,34.40187],[131.18629,34.40206],[131.1865,34.40233],[131.18626,34.40273],[131.18601,34.40156],[131.18524,34.4028],[131.1837,34.40395],[131.17657,34.40671],[131.17494,34.40679],[131.17282,34.40837],[131.17306,34.41009],[131.17252,34.41138],[131.17316,34.41226],[131.17329,34.41377],[131.17274,34.4159],[131.17328,34.41738],[131.17235,34.42054],[131.17231,34.42287],[131.17097,34.42585],[131.16947,34.42642],[131.16952,34.42684],[131.16891,34.42675],[131.1693,34.42722],[131.16824,34.42705],[131.16847,34.42841],[131.16771,34.4289],[131.16674,34.42868],[131.16683,34.42967],[131.1678,34.43058],[131.1676,34.43124],[131.16682,34.43123],[131.16722,34.43218],[131.1676,34.43143],[131.16846,34.4319],[131.16813,34.4311],[131.16897,34.43098],[131.16842,34.42871],[131.16943,34.42983],[131.16989,34.4299],[131.16992,34.42926],[131.17088,34.43032],[131.17179,34.43048],[131.17164,34.43115],[131.17248,34.43172],[131.17272,34.43083],[131.17148,34.42911],[131.17249,34.42763],[131.17453,34.427],[131.17675,34.42696],[131.17747,34.42742],[131.17738,34.42844],[131.17876,34.42888],[131.17835,34.42816],[131.1793,34.4284],[131.17891,34.42791],[131.17923,34.42733],[131.17997,34.42727],[131.18033,34.42793],[131.18098,34.42764],[131.18138,34.42662],[131.1809,34.42646],[131.18133,34.42626],[131.18091,34.42561],[131.18153,34.42543],[131.1814,34.42481],[131.18208,34.42435],[131.18598,34.42343],[131.18659,34.424],[131.1868,34.42355],[131.18875,34.42363],[131.19295,34.42429],[131.19373,34.42612],[131.19401,34.42577],[131.19444,34.42641],[131.19462,34.42803],[131.19606,34.42852],[131.19668,34.42815],[131.19686,34.42705],[131.20027,34.42561],[131.20263,34.42551],[131.20312,34.42587],[131.20726,34.42539],[131.20817,34.42583],[131.21115,34.42526],[131.21367,34.42593],[131.21577,34.42559],[131.2174,34.42567],[131.2185,34.42642],[131.21935,34.42611],[131.22015,34.42693],[131.22151,34.42717],[131.22061,34.42817],[131.22096,34.42888],[131.22372,34.42928],[131.225,34.43035],[131.22573,34.43002],[131.22725,34.43075],[131.22771,34.43032],[131.2289,34.43164],[131.22922,34.43088],[131.22975,34.43192],[131.23022,34.43189],[131.22972,34.43111],[131.23077,34.43206],[131.23213,34.43246],[131.23346,34.43159],[131.23522,34.43224],[131.23851,34.43508],[131.23859,34.43593],[131.23963,34.43663],[131.24204,34.43713],[131.24334,34.43671],[131.24372,34.43765],[131.24623,34.43832],[131.24667,34.43759],[131.2473,34.43765],[131.24796,34.43619],[131.25013,34.43587],[131.25169,34.43659],[131.25188,34.4378],[131.25243,34.43822],[131.25351,34.43771],[131.25356,34.43713],[131.25433,34.4366],[131.25448,34.43266],[131.25631,34.43166],[131.25904,34.4315],[131.26059,34.43001],[131.26133,34.42991],[131.26057,34.4297],[131.26053,34.42884],[131.26097,34.42843],[131.26087,34.42761],[131.26142,34.42748],[131.26109,34.42657],[131.26145,34.42652],[131.2601,34.42592],[131.25905,34.42422],[131.25782,34.42336],[131.258,34.42191],[131.25768,34.42312],[131.25716,34.42306],[131.25697,34.42237],[131.25684,34.42318],[131.2566,34.42244],[131.25682,34.42178],[131.25745,34.42224],[131.25686,34.42153],[131.25812,34.41942],[131.26001,34.41896],[131.2601,34.4184],[131.26137,34.41835],[131.26039,34.41679],[131.25693,34.4176],[131.25563,34.41702],[131.25225,34.41792],[131.25147,34.41966],[131.25352,34.42151],[131.25297,34.42249],[131.25363,34.4214],[131.25429,34.4216],[131.25412,34.42221],[131.2543,34.4216],[131.25512,34.42166],[131.25483,34.42306],[131.25373,34.42331],[131.25453,34.42366],[131.25405,34.42435],[131.25352,34.42419],[131.25369,34.4237],[131.25347,34.42417],[131.25295,34.42402],[131.25335,34.42311],[131.25323,34.42263],[131.25305,34.42362],[131.25194,34.42332],[131.25222,34.42242],[131.25167,34.42381],[131.24834,34.42418],[131.249,34.42426],[131.24853,34.4247],[131.24891,34.42472],[131.24907,34.42552],[131.24845,34.4257],[131.24708,34.42549],[131.24707,34.42512],[131.24749,34.42517],[131.24787,34.42511],[131.24707,34.42509],[131.24705,34.4246],[131.2479,34.42448],[131.24713,34.42456],[131.24689,34.42358],[131.24794,34.42337],[131.24688,34.42355],[131.24609,34.42403],[131.2444,34.42327],[131.24435,34.42264],[131.24268,34.42208],[131.24116,34.42304],[131.23977,34.42251],[131.23897,34.42377],[131.23301,34.42309],[131.23249,34.4237],[131.23241,34.42292],[131.23068,34.42229],[131.23016,34.4216],[131.23056,34.42122],[131.22845,34.41961],[131.22707,34.41741],[131.22614,34.41765],[131.22482,34.41688],[131.22239,34.41665],[131.22212,34.4173],[131.22362,34.4177],[131.22359,34.41903],[131.22486,34.41934],[131.22492,34.42075],[131.22607,34.42149],[131.22441,34.42276],[131.22524,34.42344],[131.22534,34.42413],[131.22702,34.42537],[131.22797,34.42773],[131.22714,34.42825],[131.22515,34.42721],[131.22538,34.4266],[131.22497,34.42737],[131.22446,34.42734],[131.22366,34.42562],[131.22417,34.42517],[131.22368,34.42552],[131.22281,34.4251],[131.22228,34.42402],[131.21985,34.42254],[131.21678,34.41973],[131.21438,34.41929],[131.21408,34.41788],[131.21225,34.41694],[131.21193,34.41526],[131.2133,34.41486],[131.21339,34.41328],[131.2139,34.41293],[131.2104,34.41284],[131.20975,34.41225],[131.21036,34.41289],[131.20965,34.41373],[131.20799,34.41268],[131.20765,34.41183],[131.20845,34.41152],[131.20764,34.41178],[131.2073,34.41075],[131.20797,34.41012],[131.2086,34.41033],[131.20853,34.41042],[131.20882,34.41133],[131.20898,34.41157],[131.20999,34.41191],[131.20901,34.41153],[131.20859,34.41043],[131.20912,34.40906],[131.21034,34.40836],[131.21153,34.40672],[131.21187,34.40509],[131.21341,34.40506],[131.21311,34.40369],[131.21505,34.40325],[131.2142,34.4019],[131.21496,34.40098],[131.21361,34.40039],[131.21331,34.40141],[131.21057,34.40198],[131.20833,34.40077],[131.20685,34.40086],[131.20627,34.39857],[131.20458,34.3984],[131.20434,34.39776],[131.20335,34.39788],[131.20211,34.39925],[131.19901,34.39847],[131.19956,34.39757],[131.20026,34.39762],[131.19973,34.39752],[131.20044,34.39631],[131.20127,34.39644],[131.20046,34.39759],[131.20164,34.39689],[131.20156,34.39604],[131.2005,34.39583],[131.20059,34.39427],[131.20119,34.39429],[131.20115,34.39506],[131.20126,34.39425],[131.20188,34.3945],[131.20212,34.394],[131.20253,34.39445],[131.20229,34.39684],[131.20244,34.39628],[131.20383,34.39647],[131.2034,34.39593],[131.20425,34.39595],[131.20429,34.39631],[131.20456,34.39348],[131.20238,34.39322],[131.20191,34.39389],[131.20017,34.39336],[131.20011,34.39251],[131.20064,34.39262],[131.20064,34.39276],[131.20126,34.39322],[131.2013,34.39318],[131.20212,34.39005],[131.20306,34.39026],[131.20303,34.39088],[131.20322,34.39089],[131.20316,34.39198],[131.20326,34.39215],[131.20447,34.39245],[131.20482,34.39248],[131.20331,34.39213],[131.20331,34.39031],[131.20466,34.3906],[131.20468,34.39148],[131.20511,34.38947],[131.20472,34.39004],[131.20358,34.3898],[131.20404,34.38904],[131.20399,34.38902],[131.20354,34.3898],[131.20186,34.38945],[131.20229,34.38863],[131.20321,34.38905],[131.20394,34.38775],[131.20506,34.38815],[131.2025,34.38711],[131.2039,34.3854],[131.20792,34.38216],[131.20903,34.38027],[131.20906,34.37901],[131.20771,34.37805],[131.20707,34.37793],[131.2079,34.37826],[131.20826,34.37891],[131.20795,34.37924],[131.20641,34.3792],[131.20653,34.37834],[131.20589,34.37724],[131.20629,34.37652],[131.20531,34.37579],[131.20471,34.3745],[131.2051,34.37487],[131.20612,34.37376],[131.20592,34.37351],[131.2066,34.37346],[131.20731,34.37426],[131.20672,34.3734],[131.20764,34.37285],[131.21547,34.37094],[131.2163,34.37097],[131.21653,34.37147],[131.21707,34.37111],[131.21745,34.37251],[131.22076,34.37525],[131.22468,34.37329],[131.22727,34.37326],[131.22749,34.37388],[131.22513,34.37456],[131.2236,34.37584],[131.22274,34.37796],[131.22351,34.3786],[131.22304,34.38007],[131.22375,34.3789],[131.22435,34.37918],[131.22479,34.37865],[131.22512,34.37944],[131.22408,34.37999],[131.2236,34.37977],[131.22406,34.38003],[131.22377,34.38227],[131.22244,34.3839],[131.22257,34.38534],[131.22114,34.38569],[131.2215,34.38621],[131.22334,34.38625],[131.22408,34.38702],[131.22407,34.38913],[131.22326,34.38989],[131.22438,34.39067],[131.22532,34.39326],[131.22766,34.39176],[131.22712,34.3912],[131.22803,34.38961],[131.22997,34.38857],[131.23128,34.38884],[131.23377,34.3909],[131.23569,34.39099],[131.23741,34.38839],[131.24016,34.38693],[131.24132,34.38678],[131.24126,34.38613],[131.24179,34.38596],[131.24307,34.38388],[131.24458,34.38334],[131.24655,34.3839],[131.24935,34.3835],[131.24761,34.38355],[131.2476,34.38292],[131.24829,34.3827],[131.24753,34.38275],[131.24716,34.38202],[131.24827,34.38154],[131.24965,34.38209],[131.2497,34.38165],[131.25193,34.38178],[131.25205,34.38286],[131.24987,34.38286],[131.24935,34.38302],[131.2525,34.3829],[131.25541,34.38384],[131.25578,34.38359],[131.25652,34.38439],[131.25616,34.38459],[131.25671,34.38471],[131.25613,34.3858],[131.25594,34.38559],[131.256,34.38498],[131.25592,34.38489],[131.25564,34.38614],[131.25588,34.3893],[131.25647,34.38984],[131.25643,34.38919],[131.25723,34.38892],[131.25687,34.38851],[131.25789,34.38754],[131.25762,34.38697],[131.25864,34.38671],[131.25798,34.38633],[131.25805,34.38577],[131.25905,34.38553],[131.25958,34.38472],[131.26199,34.38419],[131.2635,34.38477],[131.26415,34.3862],[131.26533,34.3855],[131.26624,34.3867],[131.2698,34.38766],[131.27015,34.38922],[131.27143,34.39014],[131.27342,34.3896],[131.27436,34.39001],[131.27454,34.38965],[131.27534,34.39026],[131.27657,34.38948],[131.27821,34.38965],[131.27972,34.38839],[131.27855,34.38542],[131.27926,34.38468],[131.28028,34.3848],[131.28057,34.3836],[131.28226,34.38367],[131.28298,34.38514],[131.28356,34.38456],[131.28421,34.38462],[131.28581,34.38633],[131.28539,34.38646],[131.28609,34.38652],[131.2866,34.38721],[131.28643,34.3865],[131.2872,34.38488],[131.28797,34.38455],[131.28828,34.38502],[131.28987,34.38463],[131.29082,34.38497],[131.29111,34.38443],[131.2906,34.3832],[131.29151,34.38264],[131.29076,34.38173],[131.29077,34.38103],[131.29215,34.38019],[131.29299,34.38038],[131.29282,34.38063],[131.2938,34.37968],[131.29393,34.3772],[131.29568,34.37534],[131.29514,34.37409],[131.29569,34.37195],[131.2945,34.37077],[131.29423,34.3688],[131.29615,34.3656],[131.29708,34.36501],[131.29939,34.36458],[131.304,34.36251],[131.30721,34.36684],[131.30933,34.36748],[131.31179,34.36701],[131.31368,34.36723],[131.31459,34.3676],[131.31647,34.36983],[131.31919,34.37003],[131.32041,34.3692],[131.32037,34.36728],[131.32162,34.36632],[131.32426,34.36168],[131.32519,34.36118],[131.32583,34.36158],[131.32847,34.35997],[131.32981,34.36045],[131.33097,34.35964],[131.33201,34.35981],[131.33252,34.35857],[131.33375,34.35944],[131.33522,34.35937],[131.33578,34.35786],[131.33811,34.35833],[131.33853,34.35906],[131.3394,34.35884],[131.34151,34.35966],[131.34278,34.35963],[131.34369,34.35882],[131.3435,34.35771],[131.3448,34.35552],[131.34546,34.35566],[131.34714,34.35389],[131.34936,34.35295],[131.34746,34.35168],[131.34492,34.35095],[131.34465,34.34944],[131.34592,34.34855],[131.34542,34.34653],[131.34606,34.34626],[131.34527,34.34522],[131.34545,34.34321],[131.34442,34.34278],[131.34344,34.34113],[131.34318,34.33912],[131.34259,34.33875],[131.34428,34.33584],[131.34274,34.33457],[131.34213,34.3333],[131.34405,34.33195],[131.34434,34.33094],[131.34392,34.33036],[131.34388,34.32729],[131.34319,34.32622],[131.34304,34.32487],[131.34232,34.32421],[131.34274,34.32288],[131.34225,34.32153],[131.34281,34.32076],[131.34184,34.31844],[131.33723,34.31974],[131.33467,34.32125],[131.33285,34.32031],[131.33236,34.32105],[131.33032,34.32146],[131.32888,34.32383],[131.32727,34.32463],[131.32521,34.32349],[131.32347,34.32322],[131.3225,34.32238],[131.31648,34.32346],[131.31544,34.32306],[131.31534,34.31931],[131.31219,34.31884],[131.31171,34.31831],[131.31192,34.31632],[131.31237,34.31594],[131.31161,34.31364],[131.3094,34.31205],[131.30819,34.31194],[131.30694,34.31075],[131.30573,34.31043],[131.30477,34.31143],[131.30287,34.31202],[131.30258,34.31308],[131.3004,34.31592],[131.29853,34.31745],[131.29592,34.3218],[131.29602,34.32391],[131.29482,34.32621],[131.29342,34.32761],[131.29324,34.32864],[131.28974,34.33052],[131.28899,34.33143],[131.28797,34.33162],[131.28719,34.33451],[131.28608,34.33481],[131.28387,34.33663],[131.28014,34.33629],[131.27736,34.33528],[131.27529,34.33375],[131.27527,34.33245],[131.27566,34.3321],[131.27486,34.33093],[131.2718,34.32961],[131.27109,34.3284],[131.26984,34.32806],[131.26799,34.32646],[131.26502,34.32801],[131.26383,34.32688],[131.2625,34.32653],[131.2622,34.32582],[131.26335,34.32522],[131.2629,34.32404],[131.25844,34.3199],[131.25882,34.31803],[131.25689,34.31551],[131.2558,34.31544],[131.25276,34.31669],[131.2514,34.31631],[131.25124,34.31406],[131.24869,34.31311],[131.24572,34.31049],[131.24604,34.30976],[131.24574,34.30899],[131.24446,34.30806],[131.24544,34.30709],[131.24462,34.30593],[131.24489,34.30343],[131.2443,34.30317],[131.24346,34.30141],[131.24365,34.3005],[131.2422,34.30032],[131.24052,34.29932],[131.23994,34.29791],[131.23629,34.29614],[131.23458,34.29493],[131.23455,34.29427],[131.2323,34.2945],[131.23231,34.29351],[131.23108,34.29068],[131.23008,34.28948],[131.22858,34.28893],[131.2273,34.28736],[131.22663,34.28541],[131.22209,34.28479],[131.22204,34.28419],[131.22061,34.28365],[131.22036,34.28265],[131.21831,34.2813],[131.2167,34.28361],[131.21427,34.28353],[131.21242,34.28281],[131.21061,34.28086],[131.20948,34.28061],[131.20798,34.28156],[131.20783,34.28272],[131.20581,34.28473],[131.20427,34.28545],[131.20132,34.28582],[131.19628,34.28422],[131.19356,34.28473],[131.19257,34.28352],[131.19039,34.28283],[131.18785,34.28326],[131.18547,34.28281],[131.1851,34.28207],[131.18235,34.28106],[131.18197,34.27961],[131.1823,34.27794],[131.18081,34.27713],[131.17959,34.27534],[131.17909,34.2713],[131.17851,34.27047],[131.17708,34.27005],[131.17743,34.26878],[131.17601,34.26735],[131.17602,34.26628],[131.17331,34.26445],[131.17102,34.26379],[131.17023,34.26269],[131.16431,34.26212],[131.16378,34.2626],[131.16143,34.2629],[131.16168,34.26391],[131.16063,34.26526],[131.15972,34.26538],[131.15922,34.26858],[131.15487,34.27097],[131.15133,34.26957],[131.14905,34.26938],[131.14439,34.27012],[131.14338,34.27057],[131.14253,34.27191],[131.14076,34.27181],[131.13956,34.27228],[131.13868,34.27108],[131.13587,34.27004],[131.13443,34.2701],[131.12962,34.26724],[131.12492,34.2672],[131.12343,34.26639],[131.12286,34.26433],[131.12266,34.26515],[131.12101,34.26555],[131.1194,34.26442],[131.1184,34.2657],[131.11717,34.2659],[131.1147,34.26501],[131.11294,34.26368],[131.1118,34.26378],[131.10805,34.26526],[131.10738,34.26701],[131.10585,34.26751],[131.10383,34.26335],[131.10265,34.26279],[131.10209,34.26179],[131.10063,34.26293],[131.09764,34.26317],[131.09456,34.26633],[131.09221,34.26625],[131.09005,34.26752],[131.08894,34.26715],[131.08685,34.26754],[131.08565,34.27227],[131.08431,34.27343],[131.08536,34.27758],[131.08519,34.27843],[131.08562,34.27873],[131.08386,34.28095],[131.08334,34.28263],[131.0836,34.28409],[131.08158,34.2852],[131.08107,34.28607],[131.08013,34.28651],[131.07983,34.28738],[131.07737,34.28915],[131.0767,34.29071],[131.07554,34.29132],[131.0745,34.29322],[131.06959,34.29198],[131.06733,34.292],[131.06697,34.29296],[131.06575,34.29341],[131.06341,34.29537],[131.06203,34.2955],[131.06249,34.29645],[131.06089,34.29804],[131.06031,34.29939],[131.05973,34.30007],[131.05816,34.30022],[131.05841,34.30367],[131.05792,34.30402],[131.05793,34.30525],[131.05469,34.30511],[131.05314,34.3058],[131.05118,34.30579],[131.04968,34.30639],[131.04851,34.30762],[131.04629,34.30844],[131.043,34.31095],[131.04068,34.31024],[131.03574,34.31148],[131.03602,34.31337],[131.03525,34.31614],[131.03378,34.31796],[131.03376,34.31917],[131.03258,34.32161],[131.03163,34.32221],[131.02984,34.32212],[131.02708,34.32314],[131.02474,34.32465],[131.02019,34.32551],[131.02093,34.32874],[131.01986,34.33128],[131.01822,34.33227],[131.01751,34.3337],[131.01649,34.33407],[131.01573,34.33549],[131.01501,34.33579],[131.01498,34.33764],[131.01359,34.33886],[131.01326,34.34037],[131.01055,34.3424],[131.00766,34.34298],[131.00621,34.3445],[131.00274,34.34555],[131.0011,34.35275],[130.99741,34.35255],[130.99584,34.35435],[130.99426,34.35535],[130.99397,34.35767],[130.99351,34.3581],[130.99206,34.35846],[130.99144,34.35806],[130.98803,34.35987],[130.98618,34.35985],[130.98092,34.36266],[130.98029,34.36232],[130.98085,34.36356],[130.98222,34.36383],[130.98373,34.36552],[130.98598,34.36701],[130.98634,34.36769],[130.98605,34.36852],[130.98717,34.36789],[130.98816,34.36833],[130.98839,34.36744],[130.98912,34.36727],[130.99148,34.36758],[130.99263,34.36821],[130.99325,34.36738],[130.99276,34.36834],[130.99513,34.37244],[130.99558,34.37266],[130.99596,34.37196],[130.99707,34.37172],[130.99864,34.37243],[130.99905,34.3718],[130.99874,34.37245],[131.00092,34.37411],[131.00259,34.37347],[131.00225,34.37281],[131.00325,34.37278],[131.00315,34.37136],[131.00354,34.37094],[131.00597,34.37049],[131.00747,34.37112],[131.00786,34.37039],[131.00756,34.37107],[131.00911,34.37209],[131.00891,34.37264],[131.00945,34.37223],[131.01261,34.37333],[131.01183,34.37449],[131.01276,34.37338],[131.01489,34.37249],[131.01621,34.37337],[131.01781,34.37339],[131.01791,34.3748],[131.01899,34.37481],[131.01899,34.3745],[131.01904,34.37481],[131.02202,34.37482],[131.02114,34.37478],[131.02117,34.37379],[131.02227,34.37415],[131.02186,34.37292],[131.02265,34.37307],[131.02215,34.37347],[131.02355,34.3734],[131.02252,34.374],[131.02358,34.37341],[131.02272,34.37259],[131.02243,34.372],[131.02347,34.37315],[131.02328,34.37266],[131.02416,34.37319],[131.02475,34.37212],[131.02878,34.37062],[131.03027,34.37137],[131.0324,34.37045],[131.03474,34.3704],[131.03584,34.37126],[131.0361,34.37235],[131.0376,34.37298],[131.03651,34.3729],[131.03571,34.37219],[131.03486,34.37298],[131.03521,34.37673],[131.03821,34.37681],[131.0383,34.37771],[131.03459,34.37813],[131.0353,34.37845],[131.03525,34.3781],[131.03638,34.37796],[131.03652,34.37884],[131.03442,34.37915],[131.03389,34.37829],[131.03442,34.37927],[131.0355,34.38027],[131.03409,34.38201],[131.03461,34.38334],[131.03422,34.38517],[131.03172,34.38603],[131.0292,34.38932],[131.02695,34.38933],[131.02695,34.38995],[131.02537,34.38975],[131.0257,34.39028],[131.02518,34.39044],[131.02559,34.39079],[131.0249,34.3914],[131.02347,34.39111],[131.02318,34.39064],[131.02257,34.39148],[131.02106,34.3911],[131.02057,34.39233],[131.0199,34.39242],[131.02044,34.39287],[131.01987,34.39667],[131.01826,34.3973],[131.01784,34.40023],[131.01696,34.40122],[131.0164,34.4012],[131.01639,34.40256],[131.01729,34.40375],[131.0164,34.4049],[131.01575,34.40449],[131.01232,34.40468],[131.01158,34.40409],[131.01064,34.40182],[131.00884,34.40149],[131.00791,34.40026],[131.00571,34.40013],[131.00462,34.39907],[131.00351,34.39972],[131.00256,34.39918],[131.00307,34.3987],[131.00208,34.39891],[131.0018,34.39864],[131.00249,34.39812],[131.00275,34.39758],[131.00139,34.39886],[130.99826,34.39885],[130.99706,34.39966],[130.99503,34.39895],[130.99251,34.3993],[130.9916,34.39901],[130.98906,34.39991],[130.98735,34.3996],[130.98626,34.40027],[130.98479,34.40053],[130.98375,34.40006],[130.98217,34.40054],[130.97998,34.39954],[130.9785,34.40003],[130.97647,34.40217],[130.97652,34.40261],[130.97273,34.40455],[130.97204,34.40574],[130.97305,34.4063],[130.97253,34.4067],[130.97324,34.40625],[130.97382,34.40684],[130.97281,34.40704],[130.97222,34.40772],[130.97126,34.40706],[130.97169,34.40668],[130.97197,34.40626],[130.97103,34.4072],[130.96695,34.40524],[130.96242,34.40627],[130.96136,34.40625],[130.96084,34.40587],[130.96,34.4054],[130.96084,34.40636],[130.95972,34.40655],[130.95934,34.40727],[130.95755,34.40652],[130.95694,34.40551],[130.95749,34.40653],[130.95893,34.40726],[130.95855,34.40793],[130.95628,34.40706],[130.95657,34.40653],[130.95623,34.40704],[130.95524,34.40664],[130.95565,34.40573],[130.95681,34.40618],[130.9547,34.40525],[130.95343,34.40623],[130.95246,34.40587],[130.95088,34.40459],[130.94994,34.40296],[130.95052,34.39989],[130.95163,34.40008],[130.95383,34.39951],[130.95666,34.39702],[130.95649,34.3961],[130.95451,34.394],[130.95454,34.39307],[130.95536,34.39248],[130.95488,34.3912],[130.95541,34.38971],[130.95519,34.38888],[130.95269,34.38783],[130.95209,34.3883],[130.94736,34.38732],[130.94401,34.38768],[130.94178,34.38915],[130.93942,34.38967],[130.93775,34.3918],[130.93597,34.39146],[130.93446,34.39238],[130.93277,34.39198],[130.93296,34.39236],[130.93219,34.39259]]],[[[131.25388,34.39407],[131.2575,34.39394],[131.25782,34.39339],[131.25404,34.39169],[131.25272,34.39034],[131.25237,34.39165],[131.253,34.39319],[131.25388,34.39407]]],[[[131.22766,34.39396],[131.22742,34.39336],[131.22695,34.39359],[131.22711,34.3941],[131.22766,34.39396]]],[[[131.26592,34.40705],[131.26593,34.40647],[131.26516,34.40652],[131.26521,34.40736],[131.26592,34.40705]]],[[[131.2756,34.41038],[131.27537,34.40997],[131.27659,34.40957],[131.27751,34.40771],[131.2758,34.4069],[131.27467,34.40734],[131.27509,34.40774],[131.27493,34.40944],[131.27539,34.40929],[131.27489,34.41],[131.2756,34.41038]]],[[[131.04727,34.41211],[131.04684,34.41186],[131.04662,34.41188],[131.04681,34.41217],[131.04727,34.41211]]],[[[131.26816,34.41819],[131.26789,34.4179],[131.26835,34.41788],[131.26863,34.41627],[131.26974,34.41657],[131.26938,34.41606],[131.27012,34.416],[131.27021,34.41443],[131.27077,34.4142],[131.27216,34.41495],[131.2715,34.41404],[131.2734,34.41322],[131.27291,34.41245],[131.27385,34.41164],[131.2724,34.41008],[131.2713,34.4111],[131.26825,34.41008],[131.26676,34.41058],[131.26756,34.41183],[131.26773,34.41333],[131.26603,34.41498],[131.26638,34.41656],[131.26603,34.41783],[131.26664,34.41841],[131.26816,34.41819]]],[[[131.23604,34.43564],[131.23652,34.43592],[131.23668,34.4357],[131.23637,34.43526],[131.23604,34.43564]]],[[[131.23527,34.4369],[131.23468,34.43587],[131.23395,34.43647],[131.23527,34.4369]]]]}},{"type":"Feature","properties":{"id":"muni-35212","name":"柳井市"},"geometry":{"type":"MultiPolygon","coordinates":[[[[132.21031,33.81596],[132.21348,33.81492],[132.21536,33.81533],[132.21748,33.81471],[132.2194,33.81594],[132.2211,33.81586],[132.22348,33.813],[132.22303,33.81024],[132.22332,33.80866],[132.2242,33.80767],[132.22713,33.80633],[132.22763,33.80687],[132.22899,33.80703],[132.22897,33.80788],[132.22987,33.80803],[132.23353,33.806],[132.23381,33.80498],[132.23295,33.80425],[132.23267,33.80233],[132.23369,33.80084],[132.23485,33.80044],[132.23617,33.79785],[132.2381,33.79736],[132.23907,33.79835],[132.24008,33.79836],[132.2409,33.79748],[132.24113,33.79554],[132.24235,33.79503],[132.2435,33.79544],[132.24428,33.79458],[132.24518,33.79479],[132.2455,33.796],[132.24619,33.79648],[132.2484,33.79635],[132.25364,33.79008],[132.25577,33.78895],[132.25699,33.78743],[132.25737,33.7861],[132.25704,33.78333],[132.25898,33.7817],[132.25689,33.78342],[132.2565,33.78341],[132.25647,33.78263],[132.25714,33.78262],[132.25648,33.78257],[132.25648,33.78251],[132.25722,33.78152],[132.25782,33.78218],[132.25824,33.78143],[132.25801,33.78081],[132.25974,33.77951],[132.26,33.77985],[132.25859,33.78059],[132.25825,33.7809],[132.26286,33.77857],[132.26348,33.779],[132.26316,33.77827],[132.26389,33.77811],[132.26432,33.77898],[132.26393,33.77809],[132.26489,33.77802],[132.26566,33.77922],[132.26372,33.77939],[132.26291,33.77965],[132.26515,33.77935],[132.26526,33.77968],[132.26705,33.77966],[132.26902,33.78159],[132.27151,33.78232],[132.27355,33.78232],[132.27424,33.78189],[132.27429,33.78131],[132.27271,33.77944],[132.26735,33.77567],[132.26706,33.77426],[132.26356,33.77369],[132.25908,33.77014],[132.25797,33.76845],[132.25823,33.76711],[132.25733,33.76659],[132.25694,33.76691],[132.25756,33.76861],[132.25636,33.77105],[132.24944,33.77428],[132.24758,33.77637],[132.24666,33.77656],[132.24611,33.7783],[132.2438,33.77942],[132.24142,33.78163],[132.23916,33.78197],[132.23809,33.78289],[132.23299,33.78367],[132.22954,33.78133],[132.22735,33.78197],[132.22672,33.78269],[132.22297,33.78305],[132.22072,33.78243],[132.21842,33.7824],[132.21567,33.78091],[132.2152,33.78124],[132.21554,33.78209],[132.21485,33.78341],[132.21496,33.78413],[132.21424,33.78474],[132.21403,33.7859],[132.21224,33.78782],[132.20445,33.79114],[132.20188,33.79327],[132.20052,33.79683],[132.20067,33.79942],[132.20011,33.79974],[132.19994,33.80039],[132.20104,33.79919],[132.20088,33.79961],[132.20122,33.79931],[132.2016,33.8003],[132.20132,33.80078],[132.20042,33.80049],[132.20102,33.80096],[132.20042,33.80186],[132.19963,33.80162],[132.19988,33.80238],[132.19769,33.80383],[132.19059,33.80406],[132.18594,33.80072],[132.17779,33.79718],[132.17415,33.79471],[132.17228,33.79747],[132.17223,33.80427],[132.17307,33.80535],[132.17709,33.80817],[132.18081,33.80962],[132.18328,33.80976],[132.1857,33.81091],[132.1866,33.81019],[132.18652,33.80855],[132.18789,33.80783],[132.1893,33.80793],[132.18987,33.8071],[132.19426,33.8079],[132.19571,33.80913],[132.19469,33.80991],[132.195,33.81018],[132.19464,33.81075],[132.19698,33.81148],[132.19792,33.81301],[132.19946,33.81288],[132.19968,33.81436],[132.20055,33.8143],[132.20049,33.81321],[132.20085,33.81443],[132.20337,33.81369],[132.20467,33.8144],[132.20572,33.81715],[132.20757,33.81682],[132.20915,33.81822],[132.21031,33.81596]]],[[[132.2557,33.81743],[132.25962,33.8168],[132.2571,33.81312],[132.25706,33.81126],[132.25532,33.80764],[132.2541,33.80662],[132.2515,33.80651],[132.25154,33.80744],[132.24938,33.81064],[132.24922,33.81364],[132.24958,33.81454],[132.25159,33.816],[132.2537,33.81635],[132.2557,33.81743]]],[[[132.13526,33.91875],[132.13411,33.91713],[132.1334,33.91673],[132.13309,33.91763],[132.13368,33.91852],[132.13526,33.91875]]],[[[132.10269,33.95294],[132.09912,33.95521],[132.09675,33.95525],[132.09611,33.9571],[132.09479,33.95682],[132.09475,33.95768],[132.09386,33.9581],[132.08897,33.95661],[132.08842,33.95668],[132.0872,33.95846],[132.08541,33.95856],[132.08168,33.95713],[132.07954,33.95732],[132.0767,33.95547],[132.07262,33.95602],[132.07008,33.9553],[132.06913,33.9558],[132.06707,33.95461],[132.06576,33.9554],[132.06446,33.95539],[132.06409,33.95632],[132.06311,33.95642],[132.06261,33.95564],[132.06224,33.95595],[132.06198,33.95548],[132.05997,33.95482],[132.0594,33.95544],[132.05996,33.95661],[132.05933,33.95771],[132.05715,33.95875],[132.05716,33.961],[132.05772,33.96202],[132.05987,33.96393],[132.06378,33.96517],[132.0625,33.97242],[132.06144,33.98292],[132.06099,33.98361],[132.06115,33.9851],[132.06072,33.98573],[132.0621,33.98772],[132.06292,33.99003],[132.06406,33.99033],[132.06283,33.99392],[132.06428,33.99525],[132.06393,33.99661],[132.06523,33.99784],[132.065,33.99836],[132.06626,34.00243],[132.06568,34.00304],[132.06587,34.00432],[132.06739,34.00565],[132.06789,34.00746],[132.06951,34.00946],[132.0716,34.00972],[132.07039,34.01161],[132.07109,34.01254],[132.07128,34.01477],[132.07346,34.01688],[132.073,34.01732],[132.07162,34.01731],[132.06856,34.01957],[132.06864,34.01988],[132.06939,34.01983],[132.06942,34.02002],[132.06883,34.0199],[132.06796,34.02255],[132.06908,34.02357],[132.07102,34.02439],[132.07202,34.0243],[132.07287,34.02548],[132.07716,34.02533],[132.07968,34.02827],[132.08175,34.02937],[132.08178,34.03162],[132.08222,34.03201],[132.08173,34.03253],[132.08339,34.03442],[132.08419,34.03652],[132.0851,34.03638],[132.08607,34.03712],[132.08806,34.04108],[132.08872,34.04123],[132.08897,34.04289],[132.09141,34.04491],[132.09391,34.04583],[132.0945,34.04711],[132.09422,34.0477],[132.09482,34.04823],[132.09665,34.04872],[132.09855,34.04838],[132.10198,34.05213],[132.10384,34.05284],[132.10596,34.05234],[132.10785,34.05274],[132.11047,34.05225],[132.1108,34.05137],[132.11201,34.05115],[132.11309,34.05],[132.11398,34.04974],[132.11824,34.05062],[132.12055,34.0518],[132.12474,34.04969],[132.12637,34.0449],[132.12879,34.04316],[132.13102,34.04273],[132.13279,34.04305],[132.13497,34.0445],[132.13647,34.0434],[132.13769,34.04343],[132.13804,34.04289],[132.13899,34.04275],[132.14097,34.03935],[132.14125,34.03637],[132.14251,34.03523],[132.14255,34.03243],[132.14204,34.03181],[132.14371,34.03256],[132.14654,34.03263],[132.14655,34.03209],[132.14785,34.03123],[132.14889,34.02928],[132.15075,34.02948],[132.15356,34.02821],[132.15541,34.02546],[132.15715,34.02483],[132.15724,34.02368],[132.15904,34.02339],[132.15913,34.02303],[132.15801,34.02256],[132.15883,34.02204],[132.1588,34.02039],[132.16213,34.01789],[132.1678,34.01699],[132.17293,34.01751],[132.17491,34.01728],[132.17659,34.01792],[132.1774,34.01876],[132.17925,34.0183],[132.18123,34.01909],[132.18305,34.01899],[132.18466,34.02032],[132.18601,34.01923],[132.18758,34.01952],[132.18819,34.01811],[132.18976,34.01813],[132.19119,34.0172],[132.19222,34.01589],[132.192,34.01448],[132.19392,34.01299],[132.19505,34.01293],[132.19666,34.01134],[132.19586,34.00891],[132.19442,34.00742],[132.19493,34.00593],[132.19463,34.00319],[132.19494,34.002],[132.19332,33.99966],[132.19483,33.99734],[132.1938,33.99465],[132.19419,33.9916],[132.19505,33.99021],[132.19613,33.98986],[132.19554,33.98892],[132.19674,33.98872],[132.19534,33.98696],[132.19497,33.98493],[132.19356,33.9836],[132.19658,33.9813],[132.19868,33.98066],[132.19588,33.97556],[132.19294,33.97263],[132.19319,33.9716],[132.19277,33.97099],[132.19311,33.97163],[132.1925,33.97197],[132.19209,33.97145],[132.19248,33.97125],[132.19199,33.97058],[132.19222,33.97044],[132.19224,33.97027],[132.19157,33.97071],[132.19173,33.9702],[132.19065,33.96863],[132.19097,33.96811],[132.19031,33.96782],[132.18962,33.9656],[132.18459,33.96162],[132.18259,33.96191],[132.18272,33.96259],[132.1801,33.96328],[132.1799,33.96303],[132.18027,33.96292],[132.18039,33.96278],[132.17801,33.96319],[132.17748,33.96309],[132.17775,33.96243],[132.17754,33.9628],[132.17683,33.9626],[132.1771,33.96192],[132.17807,33.96213],[132.17628,33.96143],[132.17656,33.96201],[132.1759,33.96233],[132.17551,33.96209],[132.17604,33.96179],[132.17424,33.96129],[132.17439,33.96092],[132.17573,33.96129],[132.17624,33.9612],[132.17436,33.96086],[132.17415,33.96136],[132.17354,33.96128],[132.17336,33.96216],[132.1733,33.96118],[132.173,33.96169],[132.1724,33.96169],[132.17183,33.96141],[132.17301,33.96111],[132.17161,33.96132],[132.16804,33.96009],[132.16782,33.9604],[132.16714,33.95999],[132.16789,33.95997],[132.16568,33.95931],[132.16616,33.95869],[132.16725,33.95948],[132.1673,33.95915],[132.16617,33.95865],[132.16565,33.95924],[132.16409,33.95854],[132.16441,33.95796],[132.16399,33.9586],[132.16049,33.95728],[132.15245,33.95621],[132.14356,33.95658],[132.14344,33.95576],[132.1426,33.95585],[132.14341,33.95581],[132.14346,33.95619],[132.14273,33.95636],[132.14348,33.95665],[132.1428,33.95676],[132.14228,33.95589],[132.14038,33.95608],[132.14044,33.95687],[132.13997,33.95623],[132.13487,33.95668],[132.13478,33.95531],[132.13378,33.95535],[132.1339,33.95672],[132.13356,33.95641],[132.13367,33.95675],[132.13317,33.95684],[132.13283,33.9561],[132.13278,33.95689],[132.13102,33.9569],[132.13079,33.95571],[132.13042,33.95551],[132.13089,33.95685],[132.13058,33.95672],[132.13002,33.95673],[132.13097,33.9569],[132.13102,33.95738],[132.12991,33.95743],[132.1299,33.95696],[132.12946,33.95695],[132.12985,33.95657],[132.12836,33.95675],[132.12846,33.95624],[132.13043,33.95593],[132.13044,33.95588],[132.12841,33.95621],[132.12809,33.95726],[132.12801,33.95544],[132.12957,33.95304],[132.12782,33.95039],[132.13074,33.94907],[132.13131,33.94995],[132.13186,33.95061],[132.13202,33.95061],[132.12911,33.9463],[132.12921,33.9468],[132.12642,33.94827],[132.12461,33.94707],[132.12091,33.95273],[132.12036,33.95429],[132.12191,33.95972],[132.12126,33.96006],[132.12062,33.95869],[132.11972,33.95892],[132.1183,33.96105],[132.11949,33.96267],[132.11836,33.96232],[132.11834,33.96194],[132.11827,33.9619],[132.11833,33.96232],[132.11562,33.96222],[132.11656,33.96156],[132.11783,33.96154],[132.11791,33.96056],[132.11857,33.95994],[132.11825,33.95971],[132.11952,33.95846],[132.12054,33.95821],[132.12013,33.95648],[132.11905,33.95649],[132.11853,33.95478],[132.11469,33.95789],[132.11363,33.95825],[132.11344,33.95773],[132.11415,33.95643],[132.1175,33.95434],[132.1187,33.95304],[132.11901,33.95161],[132.11767,33.95121],[132.1182,33.9507],[132.11715,33.95046],[132.11824,33.95061],[132.11823,33.94922],[132.12124,33.94691],[132.12305,33.94172],[132.12447,33.94095],[132.12443,33.9414],[132.1246,33.94101],[132.12549,33.94207],[132.1258,33.94079],[132.12634,33.94078],[132.12582,33.94074],[132.12619,33.93992],[132.12561,33.93855],[132.12649,33.93843],[132.12568,33.9381],[132.12534,33.93659],[132.12576,33.93662],[132.12541,33.93578],[132.12587,33.93587],[132.12603,33.93677],[132.12613,33.93623],[132.12577,33.93565],[132.12542,33.93552],[132.12585,33.93016],[132.12505,33.92871],[132.12539,33.92815],[132.12507,33.92701],[132.12671,33.92381],[132.12757,33.91899],[132.1276,33.91713],[132.12722,33.9169],[132.12833,33.91555],[132.12838,33.91459],[132.12894,33.91462],[132.12867,33.91532],[132.12871,33.91556],[132.12903,33.91457],[132.12686,33.91359],[132.12941,33.91464],[132.12862,33.91428],[132.13069,33.91056],[132.13205,33.9095],[132.13125,33.9073],[132.13161,33.90467],[132.12875,33.90362],[132.12725,33.90056],[132.12781,33.90016],[132.12797,33.89976],[132.12688,33.89955],[132.127,33.89865],[132.12819,33.89942],[132.12733,33.89878],[132.12775,33.89777],[132.12694,33.8977],[132.12709,33.8973],[132.12815,33.89776],[132.13043,33.89549],[132.13028,33.89499],[132.13102,33.89509],[132.13266,33.89412],[132.12949,33.8925],[132.12898,33.89176],[132.12757,33.89191],[132.12905,33.89164],[132.12865,33.89159],[132.12859,33.8903],[132.12911,33.89022],[132.12859,33.89022],[132.12856,33.88819],[132.12793,33.88801],[132.12747,33.88841],[132.12792,33.88791],[132.12828,33.88802],[132.13071,33.88607],[132.13112,33.88669],[132.13157,33.88646],[132.13083,33.88475],[132.12989,33.88396],[132.13022,33.88341],[132.13331,33.88161],[132.13497,33.88371],[132.13578,33.8825],[132.13656,33.88238],[132.13645,33.88126],[132.13574,33.88041],[132.13656,33.8791],[132.1435,33.87599],[132.14829,33.87488],[132.14839,33.87342],[132.14778,33.87207],[132.14584,33.86964],[132.14604,33.86744],[132.14667,33.86741],[132.14608,33.86725],[132.14699,33.86683],[132.14699,33.86775],[132.14724,33.86585],[132.14909,33.86386],[132.15232,33.86254],[132.15559,33.86191],[132.15821,33.86019],[132.1584,33.85925],[132.15772,33.85741],[132.15875,33.85594],[132.15873,33.85315],[132.1595,33.85079],[132.15832,33.84947],[132.15747,33.84933],[132.15837,33.84929],[132.1576,33.84858],[132.15818,33.84881],[132.15763,33.84846],[132.1583,33.84667],[132.157,33.84456],[132.15257,33.8432],[132.15015,33.84685],[132.14766,33.84785],[132.14353,33.85066],[132.14235,33.85317],[132.14014,33.85286],[132.13748,33.85364],[132.13598,33.85637],[132.13485,33.85989],[132.13332,33.86196],[132.13463,33.86639],[132.13382,33.86768],[132.13374,33.86909],[132.13408,33.87141],[132.13481,33.87227],[132.13442,33.87347],[132.13095,33.87615],[132.12642,33.87804],[132.12568,33.87975],[132.1241,33.87984],[132.1231,33.88043],[132.12147,33.88343],[132.12024,33.88352],[132.11962,33.88417],[132.11779,33.88414],[132.11688,33.88498],[132.11693,33.88644],[132.11207,33.8895],[132.11132,33.89083],[132.11,33.89141],[132.10965,33.8926],[132.11001,33.89459],[132.1086,33.89697],[132.10892,33.89773],[132.10729,33.90006],[132.10411,33.901],[132.10335,33.90577],[132.1,33.90753],[132.09877,33.90751],[132.09646,33.90839],[132.09661,33.90992],[132.09552,33.91088],[132.09545,33.91207],[132.09464,33.91303],[132.10009,33.91415],[132.10209,33.91542],[132.10263,33.91638],[132.1034,33.9165],[132.10447,33.91859],[132.10765,33.92241],[132.10745,33.92331],[132.10819,33.9244],[132.10821,33.92556],[132.10773,33.92605],[132.108,33.92667],[132.10711,33.92734],[132.1068,33.92989],[132.10706,33.93132],[132.1076,33.93151],[132.10829,33.933],[132.10695,33.93347],[132.10713,33.93515],[132.10657,33.93576],[132.10661,33.93682],[132.10558,33.93815],[132.10562,33.93898],[132.10645,33.9396],[132.10658,33.94033],[132.1074,33.9404],[132.10763,33.94109],[132.10888,33.94127],[132.11003,33.94263],[132.10802,33.94359],[132.10574,33.94356],[132.10521,33.94496],[132.10558,33.94709],[132.10517,33.94762],[132.10747,33.94949],[132.10651,33.95149],[132.10269,33.95294]]]]}},{"type":"Feature","properties":{"id":"muni-35213","name":"美祢市"},"geometry":{"type":"Polygon","coordinates":[[[131.08544,34.14129],[131.08388,34.14181],[131.08309,34.14277],[131.08329,34.14444],[131.0826,34.14523],[131.08254,34.14679],[131.08435,34.14704],[131.08479,34.14814],[131.09027,34.1535],[131.08951,34.15455],[131.08956,34.15729],[131.08995,34.15787],[131.08929,34.15847],[131.08903,34.16025],[131.08962,34.16446],[131.08847,34.166],[131.09059,34.16814],[131.0914,34.16831],[131.09246,34.16778],[131.09322,34.16657],[131.09578,34.16708],[131.09696,34.16635],[131.09713,34.16427],[131.09767,34.16342],[131.09871,34.16347],[131.09874,34.16193],[131.09944,34.16204],[131.10002,34.16306],[131.10223,34.16272],[131.10424,34.16022],[131.10374,34.1587],[131.10414,34.15767],[131.10524,34.1583],[131.10648,34.15776],[131.10648,34.15919],[131.10699,34.15965],[131.10825,34.15936],[131.10896,34.15998],[131.11091,34.15987],[131.11121,34.16058],[131.11245,34.16097],[131.11335,34.16064],[131.11411,34.16138],[131.11602,34.16117],[131.11652,34.16218],[131.1166,34.16302],[131.11555,34.16433],[131.11566,34.1655],[131.11495,34.16733],[131.11253,34.16935],[131.11274,34.17103],[131.11205,34.17231],[131.10898,34.17235],[131.10831,34.17417],[131.10683,34.17483],[131.10672,34.1755],[131.10819,34.17804],[131.10773,34.17907],[131.10481,34.17922],[131.10608,34.18132],[131.10516,34.18127],[131.10389,34.18009],[131.10365,34.18202],[131.10273,34.18173],[131.09922,34.18291],[131.09886,34.1834],[131.09866,34.18472],[131.09931,34.18564],[131.09933,34.18703],[131.09864,34.18784],[131.0994,34.19009],[131.10122,34.19175],[131.10311,34.1917],[131.10475,34.19358],[131.10532,34.19578],[131.10838,34.19714],[131.10926,34.19819],[131.10952,34.20097],[131.10797,34.20223],[131.10715,34.20487],[131.10775,34.20626],[131.10984,34.20757],[131.1107,34.2072],[131.11221,34.2082],[131.11364,34.20828],[131.1142,34.21004],[131.11621,34.21109],[131.11748,34.21068],[131.11762,34.21136],[131.11866,34.21],[131.11854,34.21221],[131.12145,34.2131],[131.12092,34.21415],[131.12161,34.21467],[131.12165,34.21569],[131.12258,34.2159],[131.12305,34.21682],[131.12373,34.21696],[131.12385,34.21758],[131.12615,34.21931],[131.12804,34.21968],[131.12859,34.22069],[131.13044,34.22008],[131.13192,34.22206],[131.13408,34.22174],[131.13501,34.22241],[131.13616,34.22238],[131.1368,34.22286],[131.13711,34.22427],[131.13997,34.22561],[131.14176,34.22576],[131.14375,34.2252],[131.14499,34.22559],[131.14615,34.2283],[131.14627,34.23025],[131.14876,34.23209],[131.15291,34.23316],[131.15551,34.23253],[131.15694,34.23081],[131.16006,34.23111],[131.16192,34.23411],[131.16162,34.23508],[131.16058,34.23605],[131.16115,34.23679],[131.15984,34.23817],[131.16108,34.23933],[131.16072,34.24179],[131.16387,34.24327],[131.16559,34.24517],[131.16559,34.24605],[131.16632,34.24682],[131.16606,34.24815],[131.16749,34.24914],[131.167,34.25012],[131.1677,34.25156],[131.1686,34.25244],[131.17002,34.25288],[131.17201,34.25622],[131.17167,34.25926],[131.17102,34.26079],[131.17137,34.26193],[131.17247,34.26323],[131.17229,34.26411],[131.17602,34.26628],[131.17601,34.26735],[131.17743,34.26878],[131.17708,34.27005],[131.17882,34.27082],[131.17937,34.27217],[131.17959,34.27534],[131.18081,34.27713],[131.1823,34.27794],[131.18197,34.27961],[131.18235,34.28106],[131.1851,34.28207],[131.18547,34.28281],[131.18785,34.28326],[131.19039,34.28283],[131.19257,34.28352],[131.19356,34.28473],[131.19628,34.28422],[131.20123,34.28582],[131.20427,34.28545],[131.20581,34.28473],[131.20783,34.28272],[131.20798,34.28156],[131.20948,34.28061],[131.21061,34.28086],[131.21242,34.28281],[131.21427,34.28353],[131.2167,34.28361],[131.21831,34.2813],[131.22036,34.28265],[131.22061,34.28365],[131.22204,34.28419],[131.22209,34.28479],[131.22663,34.28541],[131.2273,34.28736],[131.22858,34.28893],[131.23008,34.28948],[131.23108,34.29068],[131.23231,34.29351],[131.2323,34.2945],[131.23455,34.29427],[131.23458,34.29493],[131.23629,34.29614],[131.23994,34.29791],[131.24052,34.29932],[131.2422,34.30032],[131.24365,34.3005],[131.24346,34.30141],[131.2443,34.30317],[131.24489,34.30343],[131.24462,34.30593],[131.24544,34.30709],[131.24448,34.3081],[131.24574,34.30899],[131.24604,34.30976],[131.24561,34.31032],[131.24647,34.31135],[131.24991,34.31385],[131.25124,34.31406],[131.25136,34.31628],[131.25276,34.31669],[131.2558,34.31544],[131.25689,34.31551],[131.25882,34.31803],[131.25844,34.3199],[131.2629,34.32404],[131.26335,34.32522],[131.2622,34.32582],[131.2625,34.32653],[131.26383,34.32688],[131.26502,34.32801],[131.26799,34.32646],[131.26984,34.32806],[131.27109,34.3284],[131.2718,34.32961],[131.27486,34.33093],[131.27566,34.3321],[131.2752,34.33366],[131.27776,34.33545],[131.28338,34.33676],[131.28608,34.33481],[131.28711,34.33461],[131.28797,34.33162],[131.28899,34.33143],[131.28974,34.33052],[131.29341,34.32844],[131.29335,34.32774],[131.29482,34.32621],[131.29602,34.32391],[131.29592,34.3218],[131.29891,34.31693],[131.3004,34.31592],[131.30258,34.31308],[131.30287,34.31202],[131.30477,34.31143],[131.30573,34.31043],[131.30694,34.31075],[131.30819,34.31194],[131.3094,34.31205],[131.31161,34.31364],[131.31237,34.31594],[131.31192,34.31632],[131.31171,34.31831],[131.31219,34.31884],[131.31534,34.31931],[131.3151,34.32121],[131.31551,34.32311],[131.31762,34.32339],[131.3225,34.32238],[131.32347,34.32322],[131.32521,34.32349],[131.32718,34.32465],[131.32888,34.32383],[131.33032,34.32146],[131.33236,34.32105],[131.33285,34.32031],[131.33467,34.32125],[131.33723,34.31974],[131.34184,34.31844],[131.34198,34.31736],[131.33904,34.314],[131.33825,34.31225],[131.33744,34.31151],[131.33642,34.31141],[131.33602,34.30947],[131.33809,34.30851],[131.33828,34.30759],[131.34134,34.3061],[131.34377,34.30577],[131.34466,34.30477],[131.3466,34.30388],[131.34798,34.30208],[131.35006,34.30238],[131.35301,34.30413],[131.35418,34.30393],[131.35507,34.30273],[131.35598,34.30303],[131.35673,34.30264],[131.35827,34.3042],[131.36005,34.30513],[131.36134,34.30681],[131.36614,34.30713],[131.36701,34.30942],[131.36796,34.31039],[131.36986,34.31034],[131.37218,34.3095],[131.37311,34.30866],[131.37384,34.3041],[131.3748,34.30405],[131.3756,34.30143],[131.37678,34.3],[131.37974,34.29843],[131.38081,34.29679],[131.38126,34.29679],[131.3814,34.29538],[131.38016,34.2946],[131.38041,34.29334],[131.38179,34.29301],[131.38041,34.29007],[131.38075,34.28947],[131.38034,34.28733],[131.38148,34.28416],[131.38033,34.28315],[131.38116,34.2828],[131.38097,34.28229],[131.38147,34.28153],[131.38116,34.28071],[131.38341,34.27871],[131.38496,34.27885],[131.38609,34.27813],[131.38616,34.27539],[131.38718,34.2747],[131.38676,34.2713],[131.38785,34.27188],[131.38841,34.2716],[131.38951,34.26963],[131.38931,34.26908],[131.39185,34.2675],[131.39314,34.26554],[131.39438,34.26575],[131.39542,34.26753],[131.39633,34.26722],[131.39758,34.26776],[131.39818,34.26737],[131.40155,34.26854],[131.40243,34.26324],[131.4042,34.26143],[131.40421,34.26077],[131.40485,34.26051],[131.40457,34.25959],[131.40539,34.25846],[131.40407,34.25726],[131.40231,34.25408],[131.40127,34.25358],[131.40023,34.25203],[131.39982,34.25018],[131.401,34.24789],[131.40256,34.24649],[131.40235,34.24497],[131.40348,34.24287],[131.40381,34.24089],[131.40181,34.23903],[131.40245,34.23793],[131.40108,34.23659],[131.40141,34.23567],[131.39981,34.23536],[131.40025,34.23451],[131.39926,34.23271],[131.39933,34.23184],[131.4008,34.23055],[131.40087,34.22974],[131.39977,34.22878],[131.39956,34.22639],[131.4007,34.22475],[131.40009,34.22351],[131.39901,34.22335],[131.39954,34.22148],[131.39837,34.22093],[131.39842,34.21922],[131.39722,34.21733],[131.39732,34.21699],[131.39834,34.21709],[131.39949,34.21561],[131.40258,34.21512],[131.40341,34.21432],[131.40816,34.2125],[131.40993,34.21088],[131.40596,34.2093],[131.40498,34.20955],[131.40466,34.20597],[131.40504,34.20313],[131.4023,34.20249],[131.40086,34.20077],[131.4029,34.19917],[131.40438,34.1988],[131.40543,34.19731],[131.40442,34.19534],[131.4011,34.19382],[131.40128,34.19188],[131.40009,34.1914],[131.39817,34.18925],[131.39862,34.18698],[131.39825,34.18537],[131.40114,34.18189],[131.40119,34.18101],[131.40003,34.18057],[131.39775,34.1824],[131.39518,34.1807],[131.39302,34.18111],[131.39159,34.18057],[131.39048,34.17935],[131.39094,34.17814],[131.39045,34.17716],[131.39045,34.17504],[131.38971,34.17455],[131.38884,34.17239],[131.38599,34.17181],[131.38543,34.17074],[131.38411,34.17044],[131.38234,34.16873],[131.38225,34.16803],[131.37884,34.16629],[131.37921,34.16374],[131.37989,34.1626],[131.37903,34.16097],[131.37934,34.16048],[131.37904,34.15756],[131.37746,34.15674],[131.37586,34.15401],[131.37335,34.15268],[131.36972,34.15313],[131.36969,34.15159],[131.36913,34.15109],[131.36951,34.14927],[131.37158,34.15025],[131.37447,34.14944],[131.37542,34.14862],[131.37579,34.14728],[131.37732,34.14529],[131.37626,34.14397],[131.37279,34.14219],[131.37182,34.13972],[131.37033,34.13908],[131.3694,34.13767],[131.36797,34.13796],[131.36582,34.13712],[131.36369,34.13866],[131.36325,34.14027],[131.36244,34.1406],[131.35981,34.13807],[131.35648,34.13989],[131.35515,34.13918],[131.35455,34.13963],[131.35366,34.13905],[131.35287,34.13976],[131.35064,34.13813],[131.34744,34.13731],[131.34542,34.13911],[131.34172,34.13987],[131.33988,34.14447],[131.3385,34.14527],[131.3383,34.14601],[131.33521,34.14605],[131.33226,34.14809],[131.332,34.149],[131.33051,34.14925],[131.329,34.15051],[131.32805,34.15003],[131.32607,34.15015],[131.32563,34.15127],[131.3239,34.15199],[131.31779,34.15069],[131.31741,34.15171],[131.3198,34.15354],[131.32157,34.15603],[131.32131,34.15695],[131.32354,34.1594],[131.32417,34.15955],[131.3243,34.16021],[131.3234,34.16256],[131.32115,34.16374],[131.31897,34.16406],[131.31876,34.16538],[131.31801,34.16621],[131.31542,34.1665],[131.31699,34.1647],[131.31637,34.16338],[131.31079,34.16116],[131.30817,34.16272],[131.30609,34.16301],[131.30392,34.16545],[131.29822,34.16508],[131.29668,34.1659],[131.2954,34.16577],[131.29435,34.16683],[131.29387,34.16676],[131.292,34.16524],[131.29075,34.16488],[131.28918,34.16291],[131.28903,34.16174],[131.28717,34.16183],[131.2852,34.16118],[131.28228,34.16182],[131.28068,34.16066],[131.28043,34.16006],[131.28082,34.1596],[131.28276,34.15912],[131.28281,34.15599],[131.28188,34.15501],[131.28078,34.15501],[131.27882,34.15143],[131.27856,34.14838],[131.27975,34.1456],[131.27757,34.14435],[131.27571,34.14108],[131.27368,34.14137],[131.27225,34.14099],[131.26834,34.14164],[131.26288,34.13997],[131.25982,34.14163],[131.25844,34.14299],[131.25722,34.14319],[131.25693,34.14402],[131.2555,34.14505],[131.25322,34.14405],[131.25144,34.14388],[131.24968,34.14267],[131.24862,34.14338],[131.24749,34.14259],[131.24719,34.1402],[131.24631,34.1397],[131.24137,34.14109],[131.24047,34.13942],[131.23912,34.13844],[131.23894,34.13713],[131.23751,34.13629],[131.23778,34.13453],[131.23674,34.13086],[131.23754,34.12727],[131.23392,34.12666],[131.23329,34.12573],[131.23133,34.12483],[131.23058,34.12338],[131.22721,34.12226],[131.22344,34.12276],[131.22104,34.12044],[131.2193,34.12019],[131.21905,34.11942],[131.21487,34.11986],[131.21435,34.11668],[131.21376,34.11625],[131.2136,34.11535],[131.21032,34.11348],[131.20834,34.11595],[131.20513,34.11547],[131.20458,34.116],[131.19984,34.11684],[131.19889,34.11637],[131.19288,34.11674],[131.1915,34.11721],[131.19178,34.11773],[131.19077,34.11904],[131.18934,34.1197],[131.18615,34.11971],[131.18401,34.11925],[131.18316,34.11852],[131.18078,34.11819],[131.18001,34.11767],[131.17873,34.11421],[131.17532,34.11296],[131.17442,34.11198],[131.17385,34.10992],[131.17077,34.10756],[131.17091,34.10519],[131.17031,34.10454],[131.16954,34.09985],[131.16906,34.09977],[131.16843,34.0978],[131.16705,34.09603],[131.16415,34.0944],[131.1643,34.09286],[131.16172,34.09261],[131.1602,34.09316],[131.15918,34.09212],[131.15888,34.09035],[131.15691,34.0895],[131.1532,34.09152],[131.14736,34.09139],[131.14645,34.09059],[131.14649,34.0878],[131.14594,34.0872],[131.14481,34.0874],[131.14436,34.08691],[131.14271,34.08818],[131.14121,34.08862],[131.13557,34.08609],[131.13053,34.08559],[131.13025,34.08389],[131.12892,34.08338],[131.12927,34.08203],[131.12841,34.08184],[131.12497,34.08286],[131.12539,34.08339],[131.12518,34.08416],[131.12383,34.08408],[131.12335,34.08513],[131.12392,34.08612],[131.12245,34.08695],[131.12194,34.08804],[131.11837,34.08826],[131.11891,34.08926],[131.11879,34.09099],[131.11968,34.09209],[131.11887,34.09313],[131.11647,34.09364],[131.11354,34.09613],[131.1116,34.09586],[131.10991,34.09957],[131.11051,34.1014],[131.11193,34.10236],[131.11256,34.10353],[131.11204,34.10584],[131.11325,34.10784],[131.11181,34.10895],[131.11156,34.11025],[131.10914,34.1112],[131.10922,34.11291],[131.10871,34.11339],[131.10712,34.11321],[131.10476,34.11556],[131.10359,34.11557],[131.10008,34.11785],[131.09968,34.12077],[131.10133,34.12317],[131.0994,34.12321],[131.0991,34.12421],[131.09766,34.12498],[131.09609,34.12444],[131.09174,34.12491],[131.09033,34.12583],[131.08929,34.12738],[131.08748,34.12775],[131.0867,34.12986],[131.08405,34.13081],[131.08292,34.13317],[131.08419,34.13392],[131.08315,34.13524],[131.0843,34.13641],[131.08437,34.13933],[131.08544,34.14129]]]}},{"type":"Feature","properties":{"id":"muni-35215","name":"周南市"},"geometry":{"type":"MultiPolygon","coordinates":[[[[131.7381,33.98098],[131.73714,33.97892],[131.73579,33.97843],[131.73523,33.97865],[131.73523,33.97961],[131.73335,33.97981],[131.73272,33.9809],[131.73714,33.98208],[131.7381,33.98098]]],[[[131.75334,33.98472],[131.75299,33.98357],[131.7523,33.98307],[131.75251,33.9827],[131.75187,33.98206],[131.75221,33.98285],[131.75187,33.98372],[131.75331,33.98505],[131.75426,33.98506],[131.75334,33.98472]]],[[[131.71122,34.03329],[131.71525,34.03185],[131.71562,34.03104],[131.71384,34.02931],[131.71409,34.02882],[131.71363,34.02871],[131.71406,34.02807],[131.71094,34.02648],[131.7096,34.02523],[131.7093,34.02426],[131.70931,34.02225],[131.7098,34.02145],[131.71079,34.02096],[131.71189,34.02137],[131.71344,34.02045],[131.71312,34.01958],[131.71144,34.01832],[131.71088,34.0172],[131.71128,34.01689],[131.7108,34.01693],[131.71118,34.01652],[131.71075,34.01657],[131.71052,34.01558],[131.71082,34.01542],[131.71104,34.016],[131.71123,34.01612],[131.7108,34.01508],[131.71242,34.01363],[131.71353,34.01335],[131.71472,34.01424],[131.71503,34.01345],[131.71317,34.01173],[131.71257,34.00985],[131.71097,34.00794],[131.7116,34.00398],[131.71092,34.00141],[131.71113,33.99975],[131.71445,33.9982],[131.71573,33.9959],[131.71613,33.99587],[131.71591,33.99627],[131.71602,33.99652],[131.71745,33.9957],[131.71856,33.99282],[131.71969,33.99239],[131.71889,33.99232],[131.71945,33.99082],[131.71993,33.99097],[131.71991,33.99157],[131.71997,33.99096],[131.71947,33.99077],[131.71971,33.99045],[131.72061,33.99018],[131.72225,33.99057],[131.72105,33.99119],[131.72226,33.99082],[131.72347,33.9894],[131.72279,33.98919],[131.72345,33.9887],[131.72449,33.98881],[131.72381,33.98949],[131.72555,33.9884],[131.72841,33.98789],[131.73166,33.9858],[131.73318,33.98249],[131.73249,33.98213],[131.7292,33.98148],[131.72752,33.98062],[131.72396,33.98147],[131.72266,33.9809],[131.7218,33.9798],[131.71881,33.97953],[131.71918,33.98132],[131.71796,33.9819],[131.71924,33.98306],[131.71922,33.98364],[131.71978,33.98366],[131.71971,33.98437],[131.71863,33.98555],[131.72009,33.98843],[131.71933,33.98983],[131.71615,33.9899],[131.71512,33.98958],[131.71556,33.98903],[131.71497,33.98885],[131.71493,33.98973],[131.71303,33.99036],[131.71183,33.9915],[131.71156,33.99338],[131.71031,33.99486],[131.7093,33.99784],[131.70605,33.9979],[131.7056,33.99846],[131.70578,33.9993],[131.70441,33.99996],[131.70431,34.00113],[131.70235,34.00329],[131.69651,34.00433],[131.69497,34.00399],[131.69152,34.00794],[131.69214,34.00872],[131.69384,34.00861],[131.69796,34.00966],[131.70048,34.00907],[131.70245,34.00765],[131.70373,34.0086],[131.70284,34.00785],[131.70349,34.00713],[131.70393,34.00777],[131.70512,34.00805],[131.70471,34.00851],[131.7039,34.00807],[131.70462,34.00854],[131.70499,34.00857],[131.70427,34.01209],[131.70441,34.01364],[131.70533,34.0149],[131.70477,34.016],[131.70516,34.01644],[131.7049,34.01722],[131.70374,34.01861],[131.70447,34.02182],[131.70447,34.02756],[131.70575,34.02914],[131.70609,34.03056],[131.7058,34.03167],[131.70636,34.033],[131.70765,34.03397],[131.70857,34.03356],[131.70859,34.03406],[131.70869,34.03346],[131.70956,34.03287],[131.70981,34.0338],[131.7089,34.03407],[131.70862,34.03513],[131.70898,34.03541],[131.70966,34.03457],[131.7102,34.03459],[131.71091,34.03693],[131.71131,34.0366],[131.71126,34.03561],[131.71053,34.0347],[131.71141,34.034],[131.71122,34.03329]]],[[[131.6874,34.01136],[131.68557,34.0118],[131.68525,34.01212],[131.6871,34.01247],[131.68818,34.01194],[131.6874,34.01136]]],[[[131.72587,34.01666],[131.72578,34.0159],[131.72439,34.01533],[131.72433,34.01615],[131.72241,34.01728],[131.72253,34.01794],[131.7233,34.01822],[131.72447,34.0178],[131.72587,34.01666]]],[[[131.79875,34.0236],[131.7989,34.02274],[131.79691,34.02027],[131.79548,34.01951],[131.79395,34.02044],[131.79379,34.02166],[131.79423,34.02265],[131.79607,34.02265],[131.79773,34.02406],[131.79875,34.0236]]],[[[131.72079,34.03308],[131.72063,34.03171],[131.71995,34.0317],[131.71865,34.03281],[131.71931,34.03421],[131.72079,34.03308]]],[[[131.73441,34.03816],[131.7352,34.03751],[131.73589,34.03791],[131.73643,34.03733],[131.7369,34.0376],[131.73779,34.03685],[131.73921,34.03752],[131.73955,34.03829],[131.74055,34.03776],[131.74108,34.03806],[131.74113,34.03736],[131.74168,34.03768],[131.74328,34.03711],[131.74437,34.03757],[131.74489,34.03696],[131.74581,34.03745],[131.74638,34.03686],[131.74792,34.03737],[131.74816,34.03665],[131.74907,34.03658],[131.74889,34.03509],[131.74968,34.03461],[131.74983,34.03381],[131.75104,34.03355],[131.75158,34.03274],[131.7526,34.03269],[131.75451,34.03417],[131.75439,34.03604],[131.75559,34.03683],[131.75561,34.03767],[131.75648,34.03809],[131.75716,34.04071],[131.75894,34.04106],[131.76007,34.04327],[131.75984,34.04442],[131.76056,34.04456],[131.7605,34.0453],[131.76279,34.0479],[131.7643,34.04689],[131.7651,34.04729],[131.76593,34.04671],[131.7677,34.04682],[131.76905,34.04618],[131.77174,34.05],[131.77384,34.0502],[131.77556,34.04929],[131.77635,34.04972],[131.77766,34.04886],[131.7795,34.04929],[131.77996,34.04865],[131.77846,34.04728],[131.77716,34.04686],[131.77663,34.04586],[131.77499,34.0453],[131.7736,34.04363],[131.76884,34.04091],[131.76707,34.03899],[131.76304,34.03802],[131.76203,34.03666],[131.76018,34.03561],[131.76005,34.03385],[131.75848,34.03283],[131.75791,34.03158],[131.7556,34.03168],[131.75578,34.03015],[131.75448,34.02822],[131.75392,34.02847],[131.75423,34.0292],[131.75333,34.03051],[131.75322,34.03213],[131.75241,34.03216],[131.75213,34.03192],[131.75261,34.03203],[131.75274,34.03143],[131.75181,34.03],[131.75156,34.02806],[131.74858,34.02589],[131.7481,34.02489],[131.74652,34.02429],[131.74589,34.02304],[131.74245,34.02174],[131.74074,34.02157],[131.73929,34.02068],[131.73759,34.0209],[131.73709,34.02055],[131.73474,34.0212],[131.73303,34.02097],[131.73044,34.02198],[131.72967,34.02131],[131.72968,34.02186],[131.72876,34.02231],[131.72869,34.02345],[131.72753,34.02487],[131.72643,34.02793],[131.72789,34.03393],[131.73088,34.03652],[131.7321,34.03645],[131.73277,34.03738],[131.73441,34.03816]]],[[[131.6976,34.04639],[131.69641,34.04692],[131.6948,34.04626],[131.69488,34.04691],[131.68833,34.04753],[131.6922,34.05025],[131.69167,34.05074],[131.69225,34.05059],[131.69259,34.05121],[131.69228,34.05192],[131.69179,34.05194],[131.69176,34.05296],[131.69061,34.0528],[131.6917,34.053],[131.69143,34.05381],[131.69062,34.05417],[131.68944,34.0532],[131.69021,34.05259],[131.68923,34.05328],[131.6883,34.0525],[131.68742,34.05288],[131.68639,34.05243],[131.68535,34.0529],[131.68368,34.0518],[131.68277,34.05189],[131.68292,34.05365],[131.6822,34.05453],[131.67887,34.05465],[131.6777,34.05424],[131.6777,34.05366],[131.6782,34.05362],[131.67774,34.05334],[131.67813,34.05263],[131.67878,34.05298],[131.67757,34.05144],[131.67771,34.05083],[131.67665,34.05002],[131.67585,34.05018],[131.67541,34.04918],[131.67593,34.04824],[131.6775,34.04788],[131.67809,34.04818],[131.67895,34.04593],[131.67856,34.04539],[131.67732,34.04601],[131.67663,34.04565],[131.67698,34.04386],[131.67772,34.04324],[131.67677,34.04247],[131.67409,34.04306],[131.67386,34.04402],[131.67345,34.044],[131.6741,34.04486],[131.67303,34.04686],[131.6721,34.04786],[131.67086,34.04823],[131.67024,34.04976],[131.66758,34.05264],[131.66586,34.05199],[131.66429,34.05264],[131.66267,34.0523],[131.66018,34.053],[131.66425,34.05794],[131.66295,34.05955],[131.66284,34.06091],[131.66208,34.06147],[131.66331,34.06328],[131.66308,34.0642],[131.66437,34.0641],[131.66515,34.06485],[131.66317,34.0666],[131.66144,34.06707],[131.66298,34.07146],[131.66351,34.07174],[131.66321,34.07228],[131.6589,34.07431],[131.65532,34.07533],[131.65101,34.07415],[131.646,34.07559],[131.64409,34.07436],[131.64091,34.07764],[131.63974,34.0778],[131.63855,34.07675],[131.63748,34.07737],[131.63604,34.07694],[131.63594,34.07796],[131.63441,34.07913],[131.63477,34.08012],[131.6343,34.0818],[131.63463,34.08236],[131.63602,34.08235],[131.6362,34.08296],[131.63529,34.08427],[131.63451,34.08709],[131.63734,34.089],[131.64241,34.08941],[131.64201,34.09154],[131.64282,34.09287],[131.64299,34.09477],[131.64177,34.09494],[131.64193,34.09635],[131.64095,34.09878],[131.64098,34.0998],[131.63894,34.10308],[131.63869,34.10538],[131.6417,34.10624],[131.64198,34.10687],[131.64357,34.10694],[131.64517,34.11042],[131.64609,34.11128],[131.64632,34.11371],[131.64496,34.11441],[131.64473,34.11794],[131.64261,34.12174],[131.64266,34.12343],[131.64186,34.1249],[131.64417,34.12576],[131.64606,34.1275],[131.64516,34.12784],[131.6447,34.12881],[131.64558,34.12921],[131.64546,34.13189],[131.64633,34.13283],[131.64529,34.13416],[131.64981,34.1364],[131.65208,34.13593],[131.65332,34.13669],[131.65667,34.13616],[131.66086,34.13668],[131.66406,34.13601],[131.66666,34.13426],[131.66871,34.13518],[131.67447,34.13498],[131.67773,34.13309],[131.67972,34.13317],[131.67992,34.1326],[131.68061,34.1327],[131.68152,34.13202],[131.68417,34.13212],[131.68591,34.13252],[131.68608,34.13405],[131.68831,34.13485],[131.69062,34.14002],[131.69288,34.14216],[131.69427,34.14117],[131.69541,34.14099],[131.69878,34.14185],[131.70531,34.13735],[131.70618,34.13592],[131.70703,34.13578],[131.70785,34.13307],[131.71142,34.13318],[131.7132,34.13276],[131.71426,34.13402],[131.71484,34.13646],[131.71984,34.13665],[131.7205,34.13807],[131.72271,34.14016],[131.72214,34.1405],[131.72411,34.14064],[131.72536,34.14124],[131.72578,34.14529],[131.72651,34.14666],[131.72481,34.14763],[131.72562,34.14866],[131.7258,34.15057],[131.72414,34.15213],[131.72437,34.1534],[131.72357,34.15388],[131.72378,34.15517],[131.72305,34.15771],[131.72243,34.15828],[131.72329,34.16151],[131.72519,34.16247],[131.72619,34.16371],[131.72823,34.16341],[131.72982,34.16214],[131.73158,34.16255],[131.73234,34.16367],[131.73152,34.16388],[131.7307,34.16486],[131.73275,34.16575],[131.73412,34.16515],[131.73464,34.16691],[131.73665,34.16666],[131.73817,34.168],[131.73765,34.16851],[131.73887,34.1705],[131.73845,34.17095],[131.73945,34.17207],[131.73955,34.17378],[131.7385,34.17519],[131.73765,34.1755],[131.7392,34.17635],[131.73927,34.17689],[131.73797,34.1774],[131.73528,34.17577],[131.73464,34.17635],[131.7332,34.17611],[131.73256,34.17693],[131.7328,34.17833],[131.73219,34.17954],[131.7327,34.1805],[131.73199,34.18168],[131.73305,34.18242],[131.7332,34.18385],[131.73483,34.18474],[131.73554,34.18614],[131.73496,34.18783],[131.73417,34.18812],[131.73434,34.18958],[131.73561,34.19084],[131.73627,34.18946],[131.73682,34.1895],[131.73843,34.19139],[131.74319,34.1903],[131.7441,34.19077],[131.74574,34.19059],[131.74623,34.1898],[131.74719,34.18963],[131.74794,34.18883],[131.75006,34.18958],[131.75218,34.18928],[131.75296,34.18847],[131.75618,34.18955],[131.75849,34.18933],[131.76006,34.19155],[131.76121,34.19215],[131.76166,34.1933],[131.76371,34.19371],[131.76361,34.19583],[131.76258,34.1963],[131.76259,34.19932],[131.75969,34.19841],[131.75994,34.19971],[131.75956,34.20117],[131.76047,34.20188],[131.75942,34.20249],[131.75984,34.20394],[131.75945,34.20439],[131.75767,34.20438],[131.75708,34.20701],[131.75572,34.20779],[131.75567,34.20944],[131.7508,34.21407],[131.75112,34.21551],[131.75101,34.21647],[131.75035,34.21693],[131.75072,34.21841],[131.75041,34.21955],[131.75093,34.22035],[131.75074,34.22147],[131.75157,34.22204],[131.75163,34.22293],[131.7511,34.22458],[131.74611,34.227],[131.74738,34.22795],[131.74758,34.23294],[131.74728,34.23391],[131.74583,34.23477],[131.7459,34.23608],[131.74481,34.2386],[131.7439,34.23887],[131.74384,34.24078],[131.7434,34.24118],[131.74484,34.24405],[131.74352,34.24511],[131.74166,34.2447],[131.74123,34.24521],[131.74132,34.24688],[131.73958,34.24762],[131.73915,34.24861],[131.74037,34.2505],[131.74093,34.25475],[131.74169,34.25532],[131.74128,34.2558],[131.74291,34.25706],[131.74256,34.25818],[131.74389,34.25851],[131.74388,34.25921],[131.74551,34.26068],[131.74631,34.26005],[131.74689,34.26048],[131.7477,34.26026],[131.74828,34.26082],[131.74967,34.2606],[131.75218,34.26195],[131.75322,34.26308],[131.75331,34.26475],[131.75525,34.26716],[131.75416,34.27143],[131.75575,34.27252],[131.7573,34.27216],[131.75925,34.27353],[131.75727,34.27511],[131.7552,34.27879],[131.75302,34.2806],[131.75271,34.28237],[131.75037,34.28387],[131.74898,34.28543],[131.7479,34.28559],[131.74764,34.28651],[131.74676,34.28726],[131.74377,34.28909],[131.74312,34.29192],[131.74222,34.29283],[131.74241,34.29457],[131.744,34.29542],[131.74439,34.29689],[131.74633,34.29749],[131.74735,34.2988],[131.74975,34.29849],[131.75032,34.29962],[131.75002,34.30133],[131.74915,34.30164],[131.74843,34.3029],[131.74956,34.30545],[131.74688,34.30771],[131.747,34.30892],[131.74629,34.30993],[131.74522,34.31022],[131.74484,34.31239],[131.7438,34.3138],[131.74413,34.31524],[131.74545,34.31631],[131.74711,34.31684],[131.74615,34.31783],[131.74593,34.31907],[131.74652,34.31961],[131.74642,34.32069],[131.74539,34.3217],[131.74584,34.32264],[131.7461,34.32675],[131.74486,34.32929],[131.74852,34.32882],[131.75043,34.32939],[131.75154,34.33034],[131.75465,34.3299],[131.75676,34.33123],[131.75545,34.33273],[131.75564,34.33389],[131.75422,34.3362],[131.75676,34.34027],[131.75564,34.34248],[131.75625,34.34354],[131.75588,34.34427],[131.75607,34.34646],[131.75891,34.34796],[131.75975,34.34988],[131.76291,34.35056],[131.76452,34.35143],[131.76467,34.35328],[131.76823,34.35356],[131.77075,34.3561],[131.7716,34.35524],[131.77452,34.35454],[131.77586,34.35358],[131.77681,34.35358],[131.77744,34.35419],[131.77791,34.35147],[131.77909,34.35022],[131.77842,34.34958],[131.77888,34.34744],[131.77828,34.34609],[131.77953,34.34436],[131.77665,34.34039],[131.77511,34.33989],[131.77458,34.33737],[131.7759,34.33607],[131.77736,34.33297],[131.78029,34.3336],[131.78434,34.33182],[131.78508,34.33012],[131.78805,34.32878],[131.79053,34.33008],[131.79288,34.32908],[131.79409,34.3277],[131.79583,34.32683],[131.7958,34.32479],[131.79631,34.32394],[131.79599,34.32324],[131.79651,34.32211],[131.79583,34.32154],[131.79589,34.32037],[131.79642,34.31993],[131.79627,34.31873],[131.79732,34.31826],[131.79747,34.31747],[131.79888,34.31676],[131.8025,34.31678],[131.80608,34.3124],[131.80905,34.31175],[131.81048,34.31241],[131.81216,34.31251],[131.81601,34.31059],[131.81805,34.30744],[131.81712,34.30615],[131.8182,34.30558],[131.8182,34.30445],[131.81975,34.30271],[131.82036,34.30253],[131.82159,34.3031],[131.82185,34.30472],[131.82367,34.30528],[131.82647,34.30399],[131.82893,34.30356],[131.82926,34.30267],[131.83127,34.30252],[131.83246,34.30373],[131.83253,34.30646],[131.83361,34.30843],[131.83339,34.30964],[131.83439,34.31022],[131.83407,34.31113],[131.83562,34.31129],[131.83712,34.31085],[131.83792,34.30865],[131.84006,34.30881],[131.84066,34.30827],[131.84185,34.30855],[131.84239,34.30981],[131.84516,34.31079],[131.84643,34.31005],[131.84656,34.30907],[131.84801,34.30774],[131.85074,34.30646],[131.85488,34.30645],[131.85747,34.30507],[131.85975,34.30465],[131.86127,34.3057],[131.863,34.30542],[131.86515,34.30624],[131.86954,34.30492],[131.87146,34.30734],[131.87243,34.30783],[131.87254,34.30848],[131.87349,34.309],[131.87475,34.30875],[131.87622,34.30934],[131.87952,34.30968],[131.88104,34.30879],[131.88194,34.30745],[131.88111,34.30689],[131.88158,34.30629],[131.87978,34.30549],[131.87995,34.3028],[131.87922,34.30254],[131.87888,34.30131],[131.88149,34.29978],[131.88157,34.29843],[131.88257,34.29788],[131.88198,34.29583],[131.88243,34.29383],[131.88189,34.29354],[131.88132,34.29176],[131.88196,34.29064],[131.88175,34.28897],[131.8801,34.28558],[131.88072,34.2821],[131.88144,34.28016],[131.88236,34.2793],[131.88212,34.27793],[131.88138,34.27703],[131.88138,34.27593],[131.87995,34.27468],[131.8787,34.27447],[131.881,34.27321],[131.88144,34.27113],[131.88102,34.26938],[131.88194,34.26766],[131.88268,34.2673],[131.88472,34.26333],[131.88346,34.26196],[131.88753,34.26142],[131.88835,34.25959],[131.88949,34.25913],[131.89052,34.25733],[131.89082,34.25634],[131.89034,34.25546],[131.89049,34.25454],[131.89369,34.25225],[131.89419,34.25142],[131.89403,34.2502],[131.89283,34.24898],[131.88887,34.24682],[131.88871,34.24404],[131.888,34.24242],[131.8884,34.2397],[131.89165,34.23582],[131.89154,34.2352],[131.90061,34.23283],[131.90219,34.23194],[131.90594,34.23242],[131.9077,34.23197],[131.90867,34.22995],[131.91141,34.22942],[131.91217,34.2303],[131.91466,34.22871],[131.91585,34.22707],[131.91723,34.22621],[131.91957,34.22162],[131.92071,34.22379],[131.92208,34.22415],[131.92383,34.22334],[131.9248,34.22427],[131.92685,34.22444],[131.92692,34.22523],[131.92878,34.22692],[131.92982,34.22697],[131.92983,34.22777],[131.9328,34.22931],[131.93424,34.23104],[131.93618,34.22998],[131.93722,34.22994],[131.93744,34.2294],[131.93866,34.22888],[131.93879,34.22779],[131.94214,34.22493],[131.9417,34.22382],[131.94282,34.22274],[131.94263,34.2208],[131.94154,34.22072],[131.93987,34.2216],[131.93816,34.21982],[131.93875,34.21896],[131.93878,34.21692],[131.93917,34.21642],[131.94179,34.21569],[131.94228,34.21501],[131.94235,34.21338],[131.94183,34.21244],[131.94244,34.2114],[131.94053,34.21023],[131.94012,34.20764],[131.94233,34.2055],[131.94456,34.20431],[131.94511,34.20252],[131.94472,34.20062],[131.9466,34.19998],[131.9487,34.20018],[131.94954,34.19913],[131.95318,34.19831],[131.95472,34.19899],[131.95611,34.19837],[131.9592,34.19906],[131.96098,34.19593],[131.96072,34.19178],[131.95911,34.18949],[131.95799,34.18984],[131.9564,34.18844],[131.95785,34.18433],[131.95803,34.18165],[131.9608,34.18044],[131.96317,34.18098],[131.96378,34.18073],[131.96408,34.17986],[131.9652,34.1798],[131.96496,34.17854],[131.96616,34.17638],[131.96299,34.17407],[131.96069,34.17103],[131.95813,34.17007],[131.958,34.16909],[131.95874,34.16774],[131.95807,34.16463],[131.95529,34.16352],[131.9569,34.16283],[131.95817,34.16038],[131.96,34.15886],[131.9601,34.15781],[131.95864,34.15648],[131.95802,34.15522],[131.95684,34.15556],[131.95629,34.15052],[131.95877,34.15032],[131.9587,34.14982],[131.95713,34.14871],[131.95276,34.14765],[131.95266,34.14673],[131.95383,34.14571],[131.95267,34.14359],[131.95437,34.14302],[131.95572,34.14138],[131.95738,34.14166],[131.95875,34.13717],[131.95876,34.13348],[131.95751,34.13145],[131.95501,34.13166],[131.95335,34.13065],[131.95371,34.12956],[131.95235,34.12765],[131.95607,34.12782],[131.95656,34.12588],[131.95756,34.12616],[131.95852,34.12552],[131.95894,34.12444],[131.95853,34.12329],[131.95899,34.12271],[131.95879,34.12112],[131.95935,34.11947],[131.95834,34.11798],[131.95931,34.11739],[131.95998,34.11509],[131.96116,34.11347],[131.96394,34.11416],[131.96503,34.11259],[131.96403,34.11172],[131.96445,34.11054],[131.96345,34.11],[131.96466,34.10696],[131.96382,34.10382],[131.96395,34.10159],[131.96508,34.09928],[131.96478,34.09586],[131.965,34.09547],[131.96791,34.09546],[131.96895,34.09496],[131.96698,34.08895],[131.96821,34.08764],[131.9695,34.08708],[131.97158,34.08883],[131.97385,34.08815],[131.97578,34.08861],[131.97909,34.08749],[131.9821,34.08798],[131.98641,34.08449],[131.98836,34.0843],[131.98917,34.08376],[131.99034,34.08222],[131.99051,34.08038],[131.99368,34.07979],[131.99327,34.07893],[131.99561,34.07973],[131.99578,34.07589],[131.99526,34.07431],[131.9932,34.0732],[131.99266,34.072],[131.99084,34.0713],[131.99135,34.07093],[131.99454,34.07093],[131.99479,34.06977],[131.99654,34.06909],[131.99643,34.06801],[131.99756,34.06467],[132.00346,34.06664],[132.00671,34.06713],[132.00792,34.06624],[132.00834,34.06428],[132.01017,34.0634],[132.01084,34.06227],[132.01241,34.06201],[132.01281,34.06286],[132.01265,34.06612],[132.01532,34.06727],[132.0166,34.0667],[132.01983,34.06935],[132.02116,34.0699],[132.02329,34.06996],[132.02475,34.06917],[132.02724,34.06627],[132.02757,34.06408],[132.02851,34.06245],[132.02863,34.06154],[132.02794,34.06127],[132.02768,34.05916],[132.02725,34.05876],[132.02738,34.05717],[132.029,34.05297],[132.02834,34.05208],[132.02833,34.05063],[132.02935,34.04978],[132.02982,34.04834],[132.03063,34.04761],[132.03081,34.04565],[132.03003,34.04134],[132.0285,34.03898],[132.0266,34.03202],[132.02372,34.02766],[132.02258,34.02762],[132.0218,34.0263],[132.02031,34.02663],[132.01631,34.02602],[132.01417,34.02683],[132.01178,34.02682],[132.0097,34.02807],[132.0082,34.0283],[132.00561,34.02737],[132.0052,34.02776],[132.00448,34.02745],[132.00349,34.0282],[131.99744,34.02761],[131.99605,34.02856],[131.99365,34.02801],[131.99301,34.02829],[131.99287,34.02919],[131.99111,34.02913],[131.99048,34.02674],[131.98954,34.02582],[131.98718,34.02477],[131.98271,34.02449],[131.98103,34.02566],[131.97897,34.02587],[131.98054,34.02706],[131.97317,34.03083],[131.97265,34.03066],[131.9719,34.03191],[131.96919,34.03137],[131.96748,34.03209],[131.96636,34.03324],[131.96409,34.03231],[131.96166,34.03021],[131.96185,34.02855],[131.96228,34.02836],[131.96142,34.02856],[131.96143,34.02772],[131.9608,34.02709],[131.96147,34.02722],[131.96159,34.0268],[131.96097,34.02652],[131.9631,34.02516],[131.96394,34.02527],[131.96362,34.02396],[131.96432,34.02336],[131.96415,34.02288],[131.96567,34.02256],[131.9648,34.02211],[131.96483,34.02138],[131.96203,34.01929],[131.96093,34.0172],[131.96086,34.01538],[131.95907,34.01504],[131.95858,34.01423],[131.95552,34.01402],[131.95285,34.01237],[131.95053,34.01141],[131.94976,34.01166],[131.94755,34.01042],[131.94706,34.01111],[131.94645,34.01114],[131.945,34.00994],[131.94248,34.01015],[131.9409,34.00864],[131.93979,34.00831],[131.9386,34.00849],[131.93687,34.00782],[131.93589,34.0087],[131.93362,34.00879],[131.93332,34.00909],[131.93365,34.0119],[131.93449,34.01284],[131.93467,34.01386],[131.9345,34.01726],[131.93492,34.01922],[131.93429,34.02013],[131.93406,34.02228],[131.93293,34.02282],[131.93236,34.02376],[131.93282,34.02572],[131.93008,34.0264],[131.92881,34.02821],[131.92893,34.02916],[131.92784,34.0299],[131.92829,34.03075],[131.92961,34.03133],[131.92916,34.03149],[131.92881,34.03409],[131.92969,34.03497],[131.93006,34.03626],[131.93148,34.03737],[131.93133,34.03793],[131.9333,34.03828],[131.93293,34.04196],[131.93191,34.04208],[131.93177,34.0427],[131.93245,34.04384],[131.93291,34.04643],[131.92951,34.0505],[131.92973,34.05124],[131.92862,34.05278],[131.92821,34.05431],[131.93251,34.05597],[131.93367,34.05702],[131.93477,34.05716],[131.9362,34.05959],[131.93527,34.06102],[131.93537,34.06264],[131.93589,34.06348],[131.93502,34.06401],[131.93376,34.06378],[131.93315,34.06435],[131.93193,34.06385],[131.93111,34.06471],[131.92627,34.06455],[131.92602,34.06534],[131.92753,34.06617],[131.92812,34.06716],[131.92846,34.06831],[131.92782,34.06881],[131.92818,34.06975],[131.92703,34.07025],[131.92572,34.07246],[131.92468,34.07327],[131.92192,34.07407],[131.91719,34.07806],[131.91549,34.0785],[131.91438,34.07821],[131.91359,34.07921],[131.91284,34.08061],[131.92016,34.08845],[131.91962,34.08894],[131.91863,34.08931],[131.9183,34.0884],[131.91608,34.08753],[131.91168,34.08873],[131.90958,34.08861],[131.90752,34.09099],[131.90709,34.08946],[131.90623,34.08859],[131.90542,34.08847],[131.90316,34.08949],[131.9031,34.09044],[131.9024,34.09103],[131.90182,34.09083],[131.90028,34.09144],[131.89984,34.09119],[131.89994,34.09042],[131.8987,34.08974],[131.8976,34.09004],[131.89631,34.08917],[131.89532,34.09026],[131.89385,34.08984],[131.88966,34.0902],[131.88813,34.09158],[131.88744,34.09162],[131.88857,34.0932],[131.88659,34.09631],[131.88676,34.09683],[131.88879,34.09819],[131.89452,34.09917],[131.89569,34.09975],[131.89634,34.10085],[131.89588,34.10212],[131.89286,34.10441],[131.89264,34.10575],[131.89348,34.10714],[131.89579,34.10772],[131.89566,34.1082],[131.89646,34.1088],[131.89643,34.11059],[131.89726,34.11124],[131.89798,34.11289],[131.89331,34.11329],[131.89162,34.11301],[131.88887,34.11137],[131.88752,34.11137],[131.88418,34.11282],[131.88463,34.11358],[131.88421,34.11501],[131.88118,34.11453],[131.87879,34.11096],[131.87825,34.10807],[131.87391,34.10648],[131.87289,34.10522],[131.87174,34.10486],[131.87009,34.10348],[131.87031,34.10221],[131.86852,34.10038],[131.86793,34.10009],[131.86675,34.10194],[131.86538,34.10309],[131.86165,34.10276],[131.86113,34.10072],[131.85846,34.09988],[131.85817,34.09835],[131.85558,34.09716],[131.8541,34.09501],[131.85347,34.0929],[131.85153,34.09149],[131.85054,34.08924],[131.85135,34.08841],[131.8541,34.08832],[131.85584,34.08722],[131.85791,34.08754],[131.85881,34.08692],[131.85904,34.08497],[131.85987,34.08485],[131.86189,34.08568],[131.86271,34.08479],[131.86388,34.08468],[131.86374,34.08245],[131.86455,34.08204],[131.8649,34.0809],[131.86605,34.08071],[131.86704,34.07881],[131.86607,34.07627],[131.86713,34.07463],[131.86642,34.07359],[131.87036,34.06855],[131.87131,34.06839],[131.87192,34.06711],[131.87133,34.06638],[131.87221,34.06255],[131.87039,34.06097],[131.86972,34.06111],[131.87057,34.06023],[131.87047,34.05878],[131.86889,34.05735],[131.87017,34.05645],[131.8718,34.05672],[131.87258,34.05547],[131.87196,34.05467],[131.87234,34.05396],[131.87105,34.05409],[131.86905,34.05302],[131.86887,34.05264],[131.86988,34.05113],[131.86828,34.05082],[131.86774,34.04994],[131.86646,34.0494],[131.86635,34.04886],[131.8641,34.04766],[131.86219,34.04457],[131.863,34.04019],[131.86132,34.04019],[131.86104,34.03877],[131.85695,34.03671],[131.85608,34.0367],[131.85398,34.03804],[131.85177,34.03642],[131.84845,34.03168],[131.84707,34.03045],[131.84765,34.02979],[131.84611,34.0288],[131.84549,34.02946],[131.84427,34.02929],[131.84407,34.02854],[131.84321,34.02858],[131.8429,34.02766],[131.84202,34.0283],[131.84017,34.02808],[131.8397,34.02394],[131.84204,34.02077],[131.84187,34.0187],[131.83647,34.00851],[131.83571,34.00878],[131.83616,34.0097],[131.83242,34.01115],[131.8328,34.01241],[131.8347,34.01482],[131.83416,34.01496],[131.83225,34.01231],[131.83198,34.01251],[131.83204,34.01182],[131.83021,34.00909],[131.83013,34.00807],[131.8306,34.00864],[131.83268,34.00752],[131.83313,34.00671],[131.83277,34.00568],[131.82985,34.00339],[131.82778,34.00317],[131.82629,34.00237],[131.81964,33.99537],[131.81847,33.99309],[131.81024,33.99058],[131.80631,33.9901],[131.80402,33.98851],[131.79555,33.98794],[131.79521,33.98738],[131.79525,33.98786],[131.79464,33.98771],[131.7945,33.98588],[131.7986,33.98211],[131.80327,33.98201],[131.80374,33.98092],[131.80433,33.98082],[131.80758,33.98407],[131.81046,33.98266],[131.81684,33.98214],[131.81609,33.97853],[131.81516,33.97621],[131.81466,33.97612],[131.81664,33.97585],[131.81788,33.97644],[131.81868,33.97762],[131.82021,33.9779],[131.82189,33.97621],[131.81957,33.97428],[131.81826,33.9715],[131.81671,33.96965],[131.81522,33.96894],[131.81159,33.96859],[131.81,33.96773],[131.8069,33.96914],[131.80637,33.97088],[131.80448,33.97109],[131.80444,33.97198],[131.80291,33.97269],[131.80324,33.97357],[131.8028,33.9746],[131.80117,33.97624],[131.79952,33.97711],[131.79344,33.97663],[131.7922,33.97556],[131.79032,33.97505],[131.78892,33.97359],[131.7844,33.97475],[131.78418,33.97446],[131.78406,33.97527],[131.78237,33.9759],[131.78076,33.97552],[131.77822,33.97387],[131.77959,33.97572],[131.77868,33.97715],[131.77664,33.97811],[131.77396,33.97792],[131.77345,33.97727],[131.77208,33.97776],[131.77039,33.97942],[131.77057,33.98068],[131.76856,33.97986],[131.76454,33.97654],[131.76339,33.97493],[131.76257,33.97465],[131.76199,33.97521],[131.76118,33.97518],[131.76024,33.9785],[131.75881,33.98067],[131.75934,33.98309],[131.75988,33.9834],[131.76106,33.98288],[131.76046,33.98246],[131.76081,33.98202],[131.76495,33.98202],[131.76582,33.98126],[131.76656,33.98139],[131.76707,33.98094],[131.76578,33.98121],[131.76515,33.98177],[131.76487,33.98139],[131.76619,33.98004],[131.76695,33.97997],[131.76696,33.98031],[131.76701,33.97967],[131.76747,33.97972],[131.76814,33.98031],[131.77093,33.98091],[131.77182,33.98162],[131.77156,33.98196],[131.77188,33.98167],[131.77684,33.98509],[131.77878,33.98536],[131.77877,33.98646],[131.77882,33.98536],[131.78024,33.98505],[131.78563,33.98597],[131.78586,33.98716],[131.78746,33.98767],[131.78751,33.98916],[131.78853,33.98925],[131.78859,33.9896],[131.78734,33.98968],[131.78727,33.98918],[131.78706,33.98968],[131.78578,33.98998],[131.78504,33.99189],[131.78337,33.99303],[131.78295,33.99282],[131.78277,33.99431],[131.78318,33.99478],[131.78282,33.99517],[131.78202,33.99482],[131.7819,33.99492],[131.78428,33.99716],[131.78399,33.99669],[131.78568,33.9967],[131.78616,33.99773],[131.7857,33.99866],[131.78624,33.99772],[131.78583,33.9967],[131.79182,34.00298],[131.79092,34.00286],[131.7917,34.00378],[131.79146,34.00341],[131.7919,34.00307],[131.79438,34.00627],[131.7972,34.00793],[131.79772,34.00925],[131.79644,34.00955],[131.79696,34.01021],[131.79737,34.00954],[131.79839,34.01076],[131.79872,34.01142],[131.79805,34.01262],[131.79881,34.01141],[131.79848,34.01073],[131.79771,34.00982],[131.79958,34.00966],[131.80084,34.01172],[131.80308,34.01352],[131.80442,34.01614],[131.80784,34.01756],[131.80732,34.01693],[131.81207,34.01588],[131.81298,34.01704],[131.81479,34.01818],[131.81453,34.01867],[131.81484,34.0182],[131.81557,34.0187],[131.81506,34.01933],[131.81563,34.01874],[131.81612,34.01907],[131.81477,34.0227],[131.81952,34.02393],[131.82281,34.02376],[131.82287,34.02177],[131.82303,34.02375],[131.82681,34.02355],[131.82677,34.02708],[131.82777,34.02665],[131.82769,34.02847],[131.8263,34.02808],[131.82659,34.02721],[131.82642,34.0271],[131.82627,34.02778],[131.82627,34.02809],[131.82675,34.02827],[131.82661,34.02898],[131.82679,34.02828],[131.82769,34.02851],[131.82759,34.02933],[131.82682,34.02904],[131.82759,34.02937],[131.82718,34.03244],[131.8274,34.02959],[131.8264,34.02915],[131.82604,34.02824],[131.82144,34.02767],[131.82131,34.0293],[131.82,34.02923],[131.8213,34.02939],[131.82092,34.03136],[131.81887,34.03045],[131.81856,34.03035],[131.81852,34.03041],[131.82089,34.0314],[131.81991,34.03301],[131.81945,34.03274],[131.81988,34.03305],[131.81851,34.03525],[131.81818,34.03472],[131.81805,34.03478],[131.81845,34.03535],[131.81642,34.03641],[131.81575,34.03569],[131.81634,34.03645],[131.81231,34.03855],[131.81125,34.03717],[131.81188,34.03728],[131.81144,34.03668],[131.81112,34.03699],[131.81086,34.03662],[131.8111,34.03706],[131.81075,34.03712],[131.81224,34.03863],[131.8097,34.04],[131.80908,34.03917],[131.80897,34.03923],[131.80963,34.04004],[131.80906,34.04034],[131.80792,34.04018],[131.80626,34.03851],[131.80559,34.03929],[131.80713,34.04138],[131.80669,34.04153],[131.80531,34.03962],[131.80646,34.04136],[131.80572,34.04177],[131.80434,34.04055],[131.80404,34.04073],[131.80545,34.04185],[131.80441,34.043],[131.80334,34.04221],[131.80334,34.04092],[131.80288,34.04089],[131.80337,34.04056],[131.80269,34.04073],[131.80207,34.04124],[131.80328,34.04278],[131.80254,34.04275],[131.80235,34.04324],[131.79642,34.03987],[131.79729,34.03701],[131.79634,34.0361],[131.79601,34.03634],[131.78787,34.02845],[131.78747,34.02873],[131.78655,34.02786],[131.78927,34.0261],[131.78846,34.02471],[131.78104,34.02751],[131.78238,34.02987],[131.78326,34.03031],[131.78615,34.03445],[131.7873,34.03685],[131.78645,34.03715],[131.78934,34.0424],[131.7957,34.04804],[131.79664,34.04809],[131.79806,34.04682],[131.79989,34.04772],[131.79969,34.04803],[131.79996,34.04816],[131.80005,34.04761],[131.80042,34.04782],[131.80028,34.0482],[131.80082,34.04848],[131.80023,34.04955],[131.80006,34.04909],[131.79954,34.0492],[131.7997,34.04891],[131.7988,34.04883],[131.79898,34.04841],[131.79838,34.04939],[131.79941,34.05048],[131.7985,34.05164],[131.79615,34.05041],[131.79639,34.04953],[131.79596,34.05067],[131.79553,34.05047],[131.79574,34.05018],[131.79362,34.04941],[131.79283,34.05056],[131.79475,34.05336],[131.79443,34.05328],[131.7962,34.05509],[131.7978,34.05317],[131.79877,34.05342],[131.79659,34.05728],[131.79703,34.05743],[131.79656,34.05831],[131.79684,34.05878],[131.79744,34.05874],[131.79756,34.06044],[131.79671,34.059],[131.79603,34.05925],[131.79583,34.05872],[131.79601,34.05926],[131.79542,34.05935],[131.79346,34.05533],[131.79381,34.05506],[131.79322,34.05427],[131.79177,34.05391],[131.79208,34.05332],[131.79194,34.05302],[131.79175,34.05389],[131.79069,34.05417],[131.79166,34.0563],[131.7913,34.0564],[131.79027,34.05424],[131.78982,34.05431],[131.78932,34.05342],[131.78973,34.05433],[131.78878,34.05472],[131.78921,34.05658],[131.78888,34.05915],[131.78751,34.05873],[131.78656,34.05295],[131.78661,34.05406],[131.78549,34.05419],[131.78525,34.05281],[131.78543,34.05419],[131.78432,34.05432],[131.78427,34.05294],[131.78411,34.05275],[131.7842,34.05433],[131.78228,34.05459],[131.78197,34.05434],[131.78188,34.05316],[131.7818,34.05317],[131.78265,34.06017],[131.78448,34.06071],[131.78299,34.06136],[131.78069,34.06024],[131.78003,34.05354],[131.77261,34.05355],[131.77296,34.05814],[131.77116,34.05802],[131.77115,34.0573],[131.77207,34.05711],[131.77206,34.05355],[131.7657,34.05336],[131.76513,34.05429],[131.76512,34.0588],[131.76361,34.05876],[131.76353,34.05577],[131.76335,34.05639],[131.76248,34.05641],[131.7625,34.05568],[131.76242,34.05641],[131.75958,34.05643],[131.75955,34.05353],[131.76134,34.05388],[131.76143,34.05348],[131.7605,34.05257],[131.76036,34.05063],[131.76002,34.05059],[131.76049,34.05054],[131.75984,34.04979],[131.75882,34.04959],[131.75825,34.04828],[131.75808,34.04863],[131.75673,34.04835],[131.75658,34.04792],[131.75617,34.04784],[131.75615,34.04789],[131.75664,34.04834],[131.75086,34.04716],[131.75061,34.04633],[131.74974,34.0469],[131.74713,34.04577],[131.74701,34.0479],[131.74443,34.04999],[131.74338,34.04883],[131.74237,34.04899],[131.74266,34.05034],[131.74323,34.0508],[131.74292,34.05129],[131.74373,34.05149],[131.73935,34.05473],[131.73933,34.05539],[131.7445,34.0595],[131.74835,34.06023],[131.74841,34.0627],[131.75525,34.06262],[131.75569,34.06297],[131.75534,34.06318],[131.75577,34.06304],[131.75841,34.06555],[131.75829,34.06681],[131.76142,34.06773],[131.76132,34.06817],[131.75837,34.06715],[131.75684,34.06789],[131.75696,34.06724],[131.75499,34.06482],[131.75157,34.06553],[131.75273,34.06864],[131.75357,34.06933],[131.75273,34.06964],[131.75324,34.06966],[131.75319,34.07079],[131.75233,34.07078],[131.75194,34.07023],[131.7526,34.06998],[131.75267,34.06987],[131.75198,34.07016],[131.74909,34.06566],[131.74535,34.06572],[131.74359,34.07069],[131.74414,34.07057],[131.74391,34.07135],[131.74268,34.0708],[131.74238,34.072],[131.74157,34.07198],[131.74216,34.07005],[131.74334,34.07035],[131.74247,34.07009],[131.74231,34.0696],[131.74355,34.06554],[131.74266,34.06468],[131.7412,34.06576],[131.73958,34.06421],[131.73995,34.06333],[131.73955,34.06419],[131.73715,34.06317],[131.73885,34.06274],[131.73867,34.06158],[131.73967,34.06176],[131.74021,34.0628],[131.74046,34.06294],[131.73972,34.06174],[131.73746,34.06112],[131.73666,34.06162],[131.73501,34.06094],[131.73066,34.06228],[131.73303,34.06497],[131.73356,34.06746],[131.7312,34.07073],[131.73051,34.07019],[131.73243,34.06772],[131.73283,34.06669],[131.73264,34.06534],[131.72923,34.06231],[131.72871,34.05947],[131.72774,34.05953],[131.72867,34.05952],[131.72884,34.06088],[131.72852,34.05985],[131.72818,34.06043],[131.72806,34.05987],[131.72811,34.06047],[131.72856,34.06062],[131.72799,34.06136],[131.72742,34.06132],[131.72603,34.05972],[131.72287,34.05968],[131.72321,34.05952],[131.72237,34.05852],[131.72348,34.05738],[131.72218,34.05867],[131.7197,34.05715],[131.71935,34.05772],[131.71828,34.05764],[131.71765,34.05821],[131.71761,34.05982],[131.7166,34.06039],[131.71618,34.05963],[131.71636,34.06002],[131.71569,34.06027],[131.71526,34.05965],[131.71601,34.0593],[131.71162,34.05996],[131.71145,34.05956],[131.7112,34.05932],[131.71155,34.05997],[131.7094,34.06052],[131.70868,34.05966],[131.70995,34.0581],[131.71034,34.05826],[131.71066,34.05731],[131.709,34.05681],[131.70859,34.05504],[131.7075,34.0539],[131.70586,34.055],[131.70568,34.0558],[131.70417,34.05623],[131.70345,34.05604],[131.70246,34.05473],[131.70231,34.05535],[131.70028,34.05556],[131.69972,34.05507],[131.6996,34.05369],[131.69809,34.05331],[131.69927,34.05243],[131.69908,34.05142],[131.6996,34.05204],[131.69987,34.05123],[131.69858,34.04908],[131.69778,34.04893],[131.69773,34.0482],[131.69878,34.04824],[131.69797,34.04718],[131.69832,34.04664],[131.6976,34.04639]]]]}},{"type":"Feature","properties":{"id":"muni-35216","name":"山陽小野田市"},"geometry":{"type":"Polygon","coordinates":[[[131.11495,34.01458],[131.11329,34.01484],[131.11133,34.01693],[131.1119,34.01735],[131.11122,34.01714],[131.11042,34.01798],[131.11048,34.01931],[131.108,34.02347],[131.10829,34.0251],[131.10647,34.02613],[131.10698,34.0269],[131.10631,34.02629],[131.10429,34.02854],[131.10415,34.02896],[131.10461,34.02923],[131.10385,34.02897],[131.10299,34.0307],[131.10038,34.0328],[131.09858,34.03347],[131.09463,34.03614],[131.09482,34.03639],[131.09392,34.03637],[131.09417,34.03679],[131.09276,34.03499],[131.09001,34.03524],[131.08923,34.03478],[131.09,34.0353],[131.09249,34.03507],[131.09321,34.03628],[131.09128,34.03665],[131.09095,34.03611],[131.09104,34.0367],[131.08894,34.03701],[131.0885,34.03557],[131.08933,34.03536],[131.08674,34.03583],[131.08722,34.03761],[131.08498,34.03751],[131.08521,34.03825],[131.08453,34.0379],[131.08324,34.03379],[131.07152,34.03786],[131.07224,34.04291],[131.07123,34.03802],[131.06771,34.03897],[131.06823,34.04285],[131.06954,34.04359],[131.06849,34.04408],[131.0686,34.04611],[131.06991,34.04814],[131.06941,34.05032],[131.07027,34.05154],[131.06941,34.05216],[131.06926,34.05321],[131.07065,34.05462],[131.07152,34.0566],[131.07319,34.05705],[131.07597,34.05871],[131.0763,34.05963],[131.07719,34.05999],[131.07993,34.05894],[131.08237,34.06344],[131.08407,34.06401],[131.0825,34.06635],[131.08286,34.06695],[131.08227,34.06722],[131.08218,34.06866],[131.08058,34.06771],[131.07892,34.06744],[131.07655,34.06857],[131.07643,34.06906],[131.07517,34.06936],[131.07408,34.0707],[131.07545,34.07171],[131.07751,34.07135],[131.07966,34.07306],[131.08138,34.07371],[131.08311,34.07342],[131.0843,34.07409],[131.08828,34.07392],[131.0896,34.07523],[131.09033,34.07376],[131.09538,34.07106],[131.09739,34.07502],[131.10105,34.07139],[131.104,34.07227],[131.10467,34.07168],[131.10647,34.07335],[131.10672,34.0743],[131.10812,34.07422],[131.10951,34.07523],[131.11087,34.075],[131.11186,34.07549],[131.11041,34.07736],[131.10993,34.07958],[131.11053,34.07985],[131.10767,34.08333],[131.10692,34.08772],[131.10733,34.08902],[131.1056,34.09012],[131.10592,34.09166],[131.10749,34.09272],[131.10972,34.09192],[131.11207,34.09239],[131.11065,34.09415],[131.1116,34.09586],[131.11354,34.09613],[131.11647,34.09364],[131.11887,34.09313],[131.11968,34.09209],[131.11879,34.09099],[131.11891,34.08926],[131.11837,34.08826],[131.12194,34.08804],[131.12245,34.08695],[131.12392,34.08612],[131.12335,34.08513],[131.12383,34.08408],[131.12518,34.08416],[131.12539,34.08339],[131.12497,34.08286],[131.12841,34.08184],[131.12927,34.08203],[131.12892,34.08338],[131.13025,34.08389],[131.13053,34.08559],[131.13557,34.08609],[131.14121,34.08862],[131.14271,34.08818],[131.14436,34.08691],[131.14481,34.0874],[131.14594,34.0872],[131.14649,34.0878],[131.14645,34.09059],[131.14736,34.09139],[131.1532,34.09152],[131.15663,34.0895],[131.15846,34.08997],[131.15918,34.09212],[131.16001,34.09306],[131.16077,34.0932],[131.16172,34.09261],[131.1643,34.09286],[131.16415,34.0944],[131.16592,34.09514],[131.16758,34.0966],[131.16906,34.09977],[131.16963,34.10006],[131.17031,34.10454],[131.17091,34.10519],[131.17077,34.10756],[131.17385,34.10992],[131.17442,34.11198],[131.17532,34.11296],[131.17873,34.11421],[131.18001,34.11767],[131.1811,34.1183],[131.18316,34.11852],[131.18401,34.11925],[131.18646,34.11976],[131.18934,34.1197],[131.19077,34.11904],[131.19178,34.11773],[131.1915,34.11721],[131.1938,34.11648],[131.19576,34.11686],[131.19889,34.11637],[131.19984,34.11684],[131.20458,34.116],[131.20513,34.11547],[131.20834,34.11595],[131.21016,34.11353],[131.21529,34.11319],[131.21569,34.11186],[131.21761,34.11058],[131.21846,34.1088],[131.2182,34.10754],[131.21659,34.10612],[131.21536,34.10209],[131.21431,34.10053],[131.21503,34.09977],[131.21494,34.09842],[131.21581,34.09742],[131.2164,34.09385],[131.21499,34.09317],[131.21473,34.09093],[131.21313,34.09006],[131.21198,34.08549],[131.21205,34.08416],[131.21093,34.08343],[131.21067,34.08252],[131.21257,34.07886],[131.21502,34.07752],[131.21625,34.07556],[131.21549,34.07504],[131.2153,34.07409],[131.21404,34.07337],[131.21115,34.07286],[131.21078,34.07209],[131.20762,34.07183],[131.20691,34.07033],[131.20506,34.06891],[131.20485,34.06713],[131.2034,34.06661],[131.20133,34.06761],[131.20089,34.0668],[131.19901,34.06679],[131.19715,34.06588],[131.19607,34.065],[131.19614,34.06398],[131.19545,34.06291],[131.19307,34.06273],[131.19134,34.06122],[131.19146,34.05968],[131.18977,34.05743],[131.18817,34.0569],[131.1881,34.0559],[131.18737,34.05491],[131.18503,34.05489],[131.18451,34.05394],[131.1848,34.05322],[131.18382,34.05209],[131.1883,34.04878],[131.18921,34.0472],[131.18882,34.04609],[131.18993,34.04575],[131.19094,34.04404],[131.19295,34.04392],[131.19504,34.04296],[131.19664,34.04345],[131.19813,34.0431],[131.19843,34.04231],[131.19731,34.04021],[131.19801,34.04013],[131.19906,34.03783],[131.19933,34.03805],[131.20026,34.0373],[131.20135,34.03778],[131.20159,34.03681],[131.20295,34.0368],[131.20322,34.03716],[131.20263,34.03776],[131.20302,34.0386],[131.20519,34.03814],[131.20588,34.0393],[131.20873,34.0379],[131.20825,34.03612],[131.20871,34.03521],[131.21042,34.03465],[131.21226,34.03516],[131.21347,34.03631],[131.21359,34.03578],[131.21461,34.036],[131.21578,34.03475],[131.21681,34.03454],[131.21779,34.03286],[131.21937,34.03217],[131.22032,34.03104],[131.22327,34.03045],[131.22501,34.02954],[131.22681,34.02775],[131.22662,34.02648],[131.22444,34.02689],[131.22263,34.02607],[131.22178,34.02343],[131.22224,34.02178],[131.22293,34.02113],[131.22242,34.01916],[131.22132,34.01831],[131.21879,34.01761],[131.21897,34.0158],[131.21823,34.0151],[131.21739,34.01511],[131.21707,34.01436],[131.21768,34.01331],[131.21604,34.01294],[131.21465,34.01172],[131.21146,34.01101],[131.21081,34.00982],[131.20961,34.01058],[131.2092,34.01157],[131.20746,34.01119],[131.20702,34.0103],[131.20627,34.01007],[131.20587,34.0085],[131.20417,34.00777],[131.20367,34.00623],[131.20235,34.0055],[131.20251,34.00493],[131.20181,34.00403],[131.20211,34.00269],[131.20078,34.00211],[131.20151,34.00046],[131.20126,33.9997],[131.19831,34.00059],[131.19707,33.99895],[131.19462,33.99801],[131.19354,33.99827],[131.19321,33.99751],[131.1919,33.99667],[131.19181,33.99532],[131.19299,33.99407],[131.19253,33.99231],[131.19135,33.9923],[131.19112,33.99161],[131.18886,33.98971],[131.18644,33.98959],[131.18625,33.98818],[131.18685,33.98647],[131.18647,33.98594],[131.18684,33.98585],[131.18692,33.987],[131.18731,33.98666],[131.18795,33.98723],[131.18727,33.98618],[131.18743,33.9857],[131.18881,33.9866],[131.18773,33.98517],[131.18815,33.98466],[131.18799,33.98375],[131.18929,33.98377],[131.19035,33.9844],[131.1907,33.98387],[131.18849,33.9819],[131.18851,33.98075],[131.18929,33.98031],[131.18873,33.97779],[131.18825,33.97773],[131.18637,33.97928],[131.18807,33.97697],[131.18681,33.97619],[131.18684,33.97531],[131.18768,33.97436],[131.18685,33.97362],[131.18891,33.97182],[131.18889,33.96934],[131.18759,33.96818],[131.18864,33.96602],[131.18808,33.96331],[131.18835,33.96236],[131.18715,33.96157],[131.18703,33.9607],[131.18756,33.9608],[131.18838,33.95974],[131.1879,33.95903],[131.18886,33.95994],[131.18924,33.95961],[131.1876,33.95783],[131.18896,33.95688],[131.19282,33.95794],[131.19886,33.94272],[131.19258,33.94157],[131.18481,33.93898],[131.18489,33.93811],[131.18575,33.93816],[131.18491,33.93799],[131.18497,33.93734],[131.1862,33.93742],[131.18498,33.93722],[131.18507,33.93635],[131.1863,33.93643],[131.18508,33.93624],[131.18516,33.93536],[131.18639,33.93544],[131.18517,33.93525],[131.18525,33.93437],[131.18649,33.93436],[131.18526,33.93426],[131.18534,33.93338],[131.18657,33.93347],[131.18535,33.93326],[131.18543,33.93238],[131.18666,33.93238],[131.18544,33.93228],[131.18534,33.93133],[131.18253,33.93159],[131.18261,33.93111],[131.18159,33.9312],[131.18072,33.93064],[131.18064,33.93128],[131.17972,33.93199],[131.17851,33.93146],[131.17613,33.93381],[131.17375,33.93789],[131.17285,33.93806],[131.17251,33.93994],[131.17145,33.94184],[131.16999,33.94309],[131.16944,33.9429],[131.16979,33.94328],[131.16825,33.94236],[131.16787,33.94241],[131.16777,33.94282],[131.1683,33.94261],[131.16937,33.94342],[131.16821,33.94453],[131.16708,33.94482],[131.16737,33.94493],[131.16682,33.94509],[131.16721,33.94517],[131.16638,33.9461],[131.16535,33.94528],[131.16545,33.94493],[131.16491,33.94516],[131.16477,33.94567],[131.16624,33.94646],[131.1654,33.94746],[131.16369,33.94854],[131.16257,33.94761],[131.16244,33.94813],[131.16408,33.94933],[131.16364,33.95022],[131.1611,33.95101],[131.16099,33.95227],[131.16011,33.95296],[131.15772,33.95332],[131.15769,33.95399],[131.15909,33.95389],[131.15905,33.95518],[131.15766,33.95526],[131.15751,33.9576],[131.15852,33.96129],[131.16131,33.96124],[131.16197,33.96164],[131.16193,33.96167],[131.16246,33.96314],[131.16207,33.96191],[131.16292,33.96194],[131.16292,33.96146],[131.16391,33.9618],[131.16305,33.96206],[131.16352,33.96268],[131.16285,33.96288],[131.16357,33.9627],[131.16376,33.96309],[131.16369,33.96256],[131.16461,33.9621],[131.16755,33.96325],[131.16768,33.96362],[131.16792,33.96392],[131.16763,33.9632],[131.16981,33.96351],[131.16658,33.96429],[131.16607,33.96399],[131.16656,33.96432],[131.16683,33.96918],[131.16647,33.96616],[131.16449,33.96621],[131.16444,33.96494],[131.164,33.96463],[131.15988,33.9646],[131.16035,33.96815],[131.16094,33.96784],[131.16097,33.96864],[131.16292,33.97052],[131.16719,33.9707],[131.1729,33.96906],[131.17329,33.96937],[131.17301,33.97012],[131.16799,33.97136],[131.16891,33.97304],[131.17097,33.97307],[131.17116,33.97354],[131.17427,33.97329],[131.17478,33.97489],[131.17472,33.97537],[131.17357,33.97515],[131.17362,33.97546],[131.17202,33.97562],[131.17109,33.97468],[131.16946,33.97492],[131.16922,33.97837],[131.16871,33.97833],[131.16494,33.97439],[131.16474,33.97345],[131.16486,33.97436],[131.16173,33.97341],[131.16153,33.97786],[131.167,33.97834],[131.16712,33.97889],[131.16148,33.98527],[131.16071,33.98673],[131.16263,33.98948],[131.16979,33.99242],[131.17166,33.99371],[131.17662,33.99457],[131.18072,33.99615],[131.18049,33.99666],[131.17593,33.99544],[131.16986,33.99582],[131.17006,33.99691],[131.16975,33.99695],[131.16947,33.99655],[131.16799,33.9968],[131.16813,33.99561],[131.16794,33.99544],[131.1679,33.99683],[131.16643,33.99692],[131.16655,33.99635],[131.16713,33.99622],[131.16724,33.99497],[131.16476,33.99369],[131.16432,33.99441],[131.16256,33.99444],[131.15982,33.99032],[131.15848,33.98931],[131.15701,33.98899],[131.15548,33.98929],[131.14627,33.99496],[131.14801,33.99914],[131.1507,34.00363],[131.15156,34.0058],[131.15098,34.00598],[131.15103,34.00672],[131.15176,34.00654],[131.15213,34.00736],[131.15102,34.00719],[131.15075,34.00664],[131.15101,34.00721],[131.1519,34.00801],[131.15234,34.0079],[131.15213,34.00858],[131.15264,34.00874],[131.14945,34.01609],[131.14925,34.01867],[131.14832,34.01893],[131.14848,34.01957],[131.14934,34.01971],[131.14947,34.02029],[131.14885,34.0204],[131.14835,34.01992],[131.14868,34.02035],[131.14966,34.02091],[131.15048,34.02299],[131.14987,34.02311],[131.14856,34.02142],[131.14541,34.0152],[131.14579,34.00427],[131.14389,34.00318],[131.13447,34.00336],[131.13443,34.00419],[131.13392,34.00405],[131.13376,34.00347],[131.13589,33.99933],[131.13579,33.99878],[131.13506,34.00094],[131.13404,34.00092],[131.13383,33.99884],[131.1353,33.99914],[131.13475,33.99772],[131.13538,33.99765],[131.13853,33.9943],[131.13951,33.99265],[131.13945,33.99136],[131.1342,33.99163],[131.1335,33.99121],[131.13342,33.99049],[131.13347,33.99122],[131.13418,33.99164],[131.13429,33.99265],[131.13211,33.99615],[131.13236,33.99667],[131.12978,33.99811],[131.12747,34.0002],[131.12475,34.00129],[131.12408,34.00223],[131.1239,34.00187],[131.12256,34.00304],[131.12119,34.00318],[131.12117,34.00391],[131.11817,34.0072],[131.11743,34.01034],[131.11871,34.01045],[131.11707,34.01062],[131.11674,34.01217],[131.11495,34.01458]]]}},{"type":"Feature","properties":{"id":"muni-35305","name":"周防大島町"},"geometry":{"type":"MultiPolygon","coordinates":[[[[132.18025,33.84952],[132.18501,33.84848],[132.18573,33.84693],[132.18559,33.84565],[132.18383,33.84392],[132.18147,33.84439],[132.1782,33.84648],[132.17846,33.8488],[132.18025,33.84952]]],[[[132.20347,33.84882],[132.20261,33.84666],[132.20109,33.84607],[132.19928,33.84699],[132.19851,33.84849],[132.199,33.8498],[132.20068,33.85014],[132.20181,33.84915],[132.20347,33.84882]]],[[[132.30989,33.86268],[132.30851,33.86469],[132.30985,33.86524],[132.31,33.8664],[132.31105,33.86724],[132.31216,33.8673],[132.31341,33.86812],[132.31456,33.8673],[132.31431,33.86668],[132.31339,33.86667],[132.3124,33.86581],[132.31337,33.86372],[132.31316,33.86255],[132.30989,33.86268]]],[[[132.18259,33.88425],[132.18206,33.88448],[132.18196,33.88488],[132.18269,33.88469],[132.18259,33.88425]]],[[[132.17647,33.93048],[132.17961,33.93022],[132.18021,33.92912],[132.18139,33.92873],[132.18166,33.92932],[132.18095,33.92941],[132.18198,33.92957],[132.18168,33.92865],[132.18325,33.92787],[132.1822,33.92869],[132.18236,33.92936],[132.18458,33.93071],[132.18747,33.93472],[132.18835,33.93442],[132.18761,33.93518],[132.18819,33.93664],[132.1911,33.93359],[132.19109,33.93037],[132.19143,33.93083],[132.1919,33.93279],[132.19168,33.93425],[132.18987,33.93653],[132.18783,33.93845],[132.18731,33.93924],[132.18898,33.93786],[132.18858,33.93846],[132.18884,33.93953],[132.18827,33.93927],[132.18884,33.93957],[132.18863,33.94041],[132.1872,33.93995],[132.18864,33.94045],[132.18805,33.94188],[132.18767,33.94175],[132.1881,33.94193],[132.18729,33.94339],[132.18701,33.94328],[132.18722,33.94308],[132.18717,33.94277],[132.18706,33.94292],[132.18687,33.94381],[132.18721,33.94421],[132.18537,33.94543],[132.18357,33.94914],[132.18329,33.95123],[132.18398,33.95311],[132.1847,33.9538],[132.188,33.95534],[132.19296,33.95509],[132.19371,33.95485],[132.19466,33.95347],[132.19943,33.95132],[132.19985,33.95031],[132.20158,33.94984],[132.20261,33.94937],[132.20196,33.94956],[132.20196,33.94907],[132.20438,33.94896],[132.2044,33.94938],[132.20478,33.94948],[132.20445,33.94897],[132.20576,33.94914],[132.20469,33.94974],[132.20589,33.94926],[132.20701,33.94963],[132.20794,33.95061],[132.20765,33.95123],[132.2087,33.94936],[132.2078,33.95131],[132.21036,33.95213],[132.21103,33.95088],[132.21087,33.95125],[132.21194,33.95185],[132.21176,33.95225],[132.21246,33.95279],[132.21214,33.9534],[132.21118,33.95292],[132.21227,33.9539],[132.21308,33.95694],[132.21287,33.95768],[132.21242,33.95738],[132.21185,33.95868],[132.21142,33.95862],[132.2117,33.95879],[132.21115,33.96019],[132.21129,33.9616],[132.21211,33.96198],[132.21267,33.96411],[132.21407,33.96452],[132.21522,33.96569],[132.21707,33.96499],[132.21704,33.96106],[132.21987,33.95986],[132.22412,33.95902],[132.2248,33.9608],[132.22434,33.95946],[132.22631,33.95932],[132.22675,33.9609],[132.2249,33.96126],[132.22575,33.96122],[132.22814,33.96059],[132.22941,33.95969],[132.2295,33.95972],[132.22928,33.96057],[132.22925,33.96073],[132.22931,33.96098],[132.22936,33.96028],[132.23042,33.9606],[132.23056,33.96145],[132.22917,33.96116],[132.23052,33.9617],[132.2314,33.96264],[132.23091,33.96337],[132.23168,33.96395],[132.23171,33.96536],[132.23274,33.96697],[132.23405,33.96753],[132.23639,33.96678],[132.23888,33.96517],[132.23981,33.96398],[132.23998,33.96431],[132.24448,33.96277],[132.24746,33.95894],[132.24725,33.9559],[132.24807,33.95615],[132.24756,33.95589],[132.24783,33.95531],[132.24876,33.95448],[132.24908,33.95489],[132.24879,33.95425],[132.25026,33.95311],[132.25886,33.94992],[132.25996,33.95018],[132.26074,33.94935],[132.26356,33.94855],[132.26437,33.94846],[132.26454,33.94897],[132.26785,33.94814],[132.26798,33.94861],[132.26672,33.9488],[132.26516,33.94956],[132.26657,33.94949],[132.2663,33.94927],[132.26671,33.94886],[132.26799,33.94867],[132.26821,33.94939],[132.26624,33.94981],[132.27032,33.94905],[132.27076,33.95051],[132.27006,33.94801],[132.27045,33.94828],[132.27097,33.94791],[132.27101,33.94933],[132.27162,33.95126],[132.27208,33.95149],[132.27141,33.95034],[132.27375,33.94986],[132.27467,33.95097],[132.27598,33.95097],[132.27723,33.95206],[132.27762,33.95374],[132.27699,33.95384],[132.28014,33.95376],[132.28022,33.95422],[132.28247,33.95523],[132.28298,33.95629],[132.2859,33.9555],[132.28592,33.95421],[132.28716,33.95301],[132.28629,33.95191],[132.28803,33.95041],[132.2879,33.94954],[132.28728,33.94942],[132.28717,33.94833],[132.28788,33.94503],[132.28753,33.94475],[132.28794,33.94457],[132.28731,33.94392],[132.28732,33.94242],[132.2883,33.94136],[132.28825,33.94052],[132.29344,33.93751],[132.29378,33.93696],[132.2932,33.93707],[132.29343,33.93597],[132.29768,33.93464],[132.29788,33.93501],[132.29839,33.93245],[132.29998,33.93133],[132.30039,33.93033],[132.30169,33.92987],[132.30124,33.92613],[132.30044,33.9245],[132.30095,33.92371],[132.30138,33.92382],[132.29968,33.92288],[132.30149,33.92365],[132.30045,33.92315],[132.30198,33.92149],[132.3012,33.92109],[132.3024,33.92037],[132.30102,33.92115],[132.30063,33.92089],[132.30085,33.9205],[132.30301,33.91918],[132.30574,33.91864],[132.30608,33.919],[132.30584,33.91853],[132.30681,33.91797],[132.30569,33.91808],[132.30516,33.91773],[132.30538,33.91717],[132.30449,33.9167],[132.30651,33.91764],[132.30605,33.91649],[132.30712,33.91551],[132.30751,33.91571],[132.30748,33.91527],[132.31245,33.91486],[132.31433,33.91677],[132.31629,33.91671],[132.31758,33.91748],[132.31887,33.91953],[132.31973,33.92224],[132.32043,33.91888],[132.32341,33.91733],[132.32355,33.91624],[132.32221,33.91512],[132.32313,33.91351],[132.32178,33.91335],[132.32082,33.91207],[132.32089,33.9111],[132.31977,33.91027],[132.31984,33.90906],[132.31709,33.90775],[132.31675,33.90605],[132.31799,33.90457],[132.31852,33.90482],[132.31883,33.9045],[132.31804,33.90452],[132.31891,33.90372],[132.32201,33.90275],[132.32347,33.90361],[132.32385,33.90283],[132.32342,33.90622],[132.32454,33.90497],[132.32836,33.90451],[132.3289,33.90294],[132.32966,33.90251],[132.32943,33.90225],[132.33068,33.90177],[132.3296,33.90179],[132.33002,33.90149],[132.33269,33.90113],[132.33522,33.90147],[132.33506,33.90237],[132.33531,33.90149],[132.33589,33.90168],[132.33576,33.90204],[132.33661,33.9023],[132.3367,33.90306],[132.33443,33.90263],[132.34341,33.90496],[132.34303,33.90614],[132.34205,33.9056],[132.34263,33.90653],[132.3413,33.908],[132.34159,33.90868],[132.34243,33.90792],[132.3424,33.90708],[132.34316,33.90706],[132.34368,33.90436],[132.34659,33.90429],[132.35037,33.90547],[132.35312,33.90704],[132.35347,33.90709],[132.35279,33.90658],[132.35404,33.90705],[132.35374,33.90791],[132.35546,33.90868],[132.35678,33.91013],[132.35762,33.91005],[132.35779,33.91081],[132.3572,33.91051],[132.35686,33.91047],[132.35727,33.91113],[132.35681,33.91141],[132.35649,33.9106],[132.35659,33.91164],[132.35324,33.91441],[132.35266,33.91554],[132.35324,33.91741],[132.35476,33.91811],[132.35832,33.91752],[132.35845,33.91694],[132.35853,33.91744],[132.36117,33.91818],[132.36518,33.92171],[132.36631,33.9252],[132.36733,33.92668],[132.36974,33.9282],[132.37198,33.92816],[132.37239,33.9262],[132.37566,33.92491],[132.37922,33.92508],[132.37969,33.92577],[132.37927,33.92643],[132.38012,33.92623],[132.37933,33.92675],[132.38234,33.92626],[132.38419,33.92698],[132.38694,33.92677],[132.38764,33.92571],[132.38866,33.92553],[132.38818,33.9254],[132.38841,33.92501],[132.38963,33.92478],[132.39585,33.92602],[132.40242,33.92893],[132.4047,33.93086],[132.40598,33.93334],[132.40588,33.93396],[132.40535,33.93335],[132.40593,33.93403],[132.40496,33.93792],[132.40412,33.93848],[132.40373,33.93799],[132.40337,33.93914],[132.40285,33.9392],[132.40369,33.93916],[132.40299,33.94033],[132.40235,33.94042],[132.40233,33.93929],[132.40163,33.94072],[132.40179,33.94134],[132.40693,33.94292],[132.40982,33.94468],[132.41014,33.94552],[132.41188,33.94661],[132.41564,33.95232],[132.41681,33.9531],[132.42114,33.9533],[132.42398,33.95428],[132.42434,33.9539],[132.42482,33.95405],[132.4255,33.95373],[132.42481,33.95398],[132.42445,33.95357],[132.42806,33.95134],[132.43141,33.95],[132.43848,33.95177],[132.43817,33.94927],[132.43862,33.94867],[132.43945,33.94875],[132.43895,33.94741],[132.43912,33.94806],[132.43854,33.94799],[132.43786,33.94609],[132.43822,33.94521],[132.43768,33.94558],[132.4375,33.94507],[132.43937,33.94467],[132.43909,33.94386],[132.4406,33.94311],[132.44203,33.94294],[132.44092,33.94353],[132.44218,33.94317],[132.44196,33.94265],[132.44521,33.94204],[132.44536,33.94236],[132.44536,33.94202],[132.44604,33.94247],[132.44458,33.94276],[132.45031,33.94257],[132.45338,33.94367],[132.4544,33.94273],[132.45663,33.94314],[132.45974,33.9449],[132.46125,33.94637],[132.46258,33.94606],[132.46343,33.9468],[132.46359,33.94744],[132.46297,33.94776],[132.46341,33.94792],[132.46414,33.94776],[132.46443,33.94672],[132.46393,33.94733],[132.46361,33.94661],[132.46458,33.94598],[132.46813,33.94657],[132.46886,33.94757],[132.46966,33.94726],[132.47069,33.94818],[132.46972,33.94998],[132.47092,33.95062],[132.47186,33.95029],[132.47151,33.94974],[132.47195,33.94827],[132.47106,33.94618],[132.46612,33.94371],[132.4633,33.94368],[132.45936,33.94207],[132.45863,33.94124],[132.45827,33.94168],[132.45737,33.94142],[132.45671,33.94047],[132.457,33.94004],[132.45747,33.94067],[132.45698,33.93994],[132.45744,33.93963],[132.45621,33.93844],[132.4561,33.93775],[132.45436,33.93673],[132.45401,33.93507],[132.45193,33.93419],[132.45071,33.93232],[132.44987,33.93198],[132.44526,33.93214],[132.44363,33.93178],[132.44293,33.93112],[132.443,33.92829],[132.44247,33.92779],[132.44042,33.92786],[132.44037,33.93021],[132.4391,33.9311],[132.44014,33.93065],[132.44006,33.93189],[132.4397,33.93207],[132.43959,33.93167],[132.43939,33.93137],[132.43779,33.93204],[132.43761,33.93168],[132.4378,33.93247],[132.43536,33.93251],[132.43515,33.93195],[132.43502,33.93227],[132.43471,33.93182],[132.43412,33.93191],[132.43427,33.93122],[132.43528,33.93165],[132.43299,33.92993],[132.43251,33.92764],[132.43288,33.92719],[132.43149,33.92628],[132.42854,33.92721],[132.42772,33.92708],[132.42712,33.92601],[132.42342,33.92619],[132.42116,33.92549],[132.42038,33.92454],[132.42059,33.92407],[132.4214,33.92468],[132.42063,33.92399],[132.42084,33.92319],[132.4194,33.92138],[132.41983,33.92082],[132.41978,33.91956],[132.41857,33.91909],[132.41788,33.91809],[132.41651,33.91946],[132.41482,33.91943],[132.41381,33.91866],[132.41332,33.91729],[132.41248,33.91764],[132.41078,33.9166],[132.41035,33.91562],[132.41099,33.91259],[132.40927,33.91202],[132.40826,33.90988],[132.40587,33.91116],[132.40616,33.91301],[132.40523,33.91383],[132.40503,33.91585],[132.40027,33.91679],[132.39867,33.91787],[132.39437,33.91701],[132.39539,33.9174],[132.39439,33.91772],[132.39409,33.91729],[132.39394,33.9177],[132.39306,33.91744],[132.39037,33.91593],[132.38993,33.91456],[132.38925,33.915],[132.38973,33.91393],[132.39004,33.9143],[132.3899,33.91348],[132.39072,33.91327],[132.39124,33.91368],[132.3908,33.91321],[132.39055,33.91108],[132.3893,33.91175],[132.38684,33.91161],[132.38686,33.91367],[132.38572,33.91376],[132.38628,33.91378],[132.38632,33.91432],[132.38528,33.91445],[132.38664,33.91432],[132.38627,33.91506],[132.38599,33.91471],[132.38504,33.91523],[132.38216,33.91526],[132.37551,33.91415],[132.37497,33.91385],[132.37429,33.91203],[132.37157,33.91069],[132.37104,33.90916],[132.37271,33.90686],[132.37217,33.90608],[132.37259,33.90526],[132.37189,33.90358],[132.36956,33.90304],[132.36925,33.9026],[132.36737,33.90302],[132.36637,33.90272],[132.36365,33.90037],[132.3646,33.90005],[132.36435,33.89975],[132.36404,33.89957],[132.36357,33.9003],[132.36318,33.89987],[132.36192,33.89652],[132.36369,33.89675],[132.36304,33.89661],[132.36307,33.89573],[132.36344,33.89565],[132.36293,33.8952],[132.36344,33.89405],[132.36579,33.89271],[132.36717,33.89249],[132.36399,33.88776],[132.3636,33.88513],[132.36308,33.8849],[132.36348,33.88453],[132.36393,33.8854],[132.36323,33.8839],[132.36328,33.88253],[132.36502,33.87855],[132.36519,33.87953],[132.36576,33.87844],[132.3692,33.8767],[132.36852,33.87562],[132.36873,33.87466],[132.36793,33.87354],[132.36822,33.87182],[132.36912,33.87114],[132.36838,33.87013],[132.36812,33.86787],[132.36863,33.86688],[132.36981,33.86665],[132.37023,33.86425],[132.37202,33.86386],[132.37207,33.86251],[132.37129,33.86227],[132.37067,33.86329],[132.36954,33.86397],[132.36669,33.86314],[132.36544,33.86344],[132.3644,33.86211],[132.36101,33.86076],[132.35943,33.85848],[132.36018,33.85812],[132.35935,33.85811],[132.36063,33.85661],[132.36088,33.85676],[132.36056,33.85789],[132.36067,33.85823],[132.36096,33.85631],[132.3624,33.85585],[132.36319,33.85486],[132.36474,33.85445],[132.36562,33.85503],[132.36554,33.85338],[132.36595,33.85275],[132.3651,33.85323],[132.36479,33.85274],[132.36552,33.85277],[132.36483,33.85244],[132.36561,33.85155],[132.36712,33.85173],[132.36712,33.85198],[132.36658,33.8518],[132.36649,33.85193],[132.36712,33.85202],[132.36728,33.85183],[132.36797,33.85222],[132.36734,33.85212],[132.36747,33.85246],[132.36993,33.8534],[132.37244,33.85242],[132.3732,33.85098],[132.37267,33.84835],[132.37067,33.84798],[132.36991,33.84713],[132.36987,33.8475],[132.36882,33.84757],[132.36566,33.84694],[132.36487,33.84792],[132.36309,33.84795],[132.36238,33.84923],[132.36258,33.85054],[132.36162,33.85097],[132.36085,33.85235],[132.35963,33.85246],[132.35845,33.8529],[132.35792,33.85365],[132.35363,33.85486],[132.35427,33.85541],[132.35395,33.85562],[132.35582,33.85705],[132.35937,33.85849],[132.36096,33.86079],[132.36054,33.86223],[132.36004,33.86229],[132.36034,33.86292],[132.35948,33.863],[132.35972,33.86221],[132.35941,33.86302],[132.35793,33.864],[132.3595,33.86306],[132.35992,33.86329],[132.35914,33.86447],[132.3585,33.86427],[132.35872,33.86452],[132.35483,33.86718],[132.35138,33.86618],[132.35105,33.86648],[132.35184,33.86742],[132.35168,33.86794],[132.34998,33.86888],[132.34881,33.86844],[132.34778,33.86986],[132.34599,33.8697],[132.34591,33.869],[132.3459,33.86937],[132.34489,33.86912],[132.34474,33.86811],[132.3458,33.86858],[132.34604,33.86858],[132.34464,33.86794],[132.34443,33.86537],[132.34486,33.86499],[132.3444,33.86534],[132.34164,33.86533],[132.34108,33.8649],[132.34122,33.86429],[132.34069,33.86351],[132.33778,33.86365],[132.336,33.86232],[132.33397,33.8618],[132.33317,33.86069],[132.33308,33.85929],[132.33151,33.85794],[132.32668,33.85801],[132.32626,33.86006],[132.32561,33.86057],[132.32627,33.86177],[132.32567,33.86298],[132.32626,33.86249],[132.32624,33.86288],[132.32502,33.86441],[132.32578,33.86576],[132.32558,33.86684],[132.32632,33.86765],[132.32619,33.869],[132.32836,33.8716],[132.32854,33.87259],[132.33074,33.87346],[132.33486,33.87644],[132.33593,33.87665],[132.33797,33.87852],[132.33835,33.88068],[132.33696,33.88334],[132.33612,33.88397],[132.33655,33.88413],[132.33356,33.88594],[132.33267,33.88618],[132.33255,33.88582],[132.33261,33.88619],[132.33195,33.88594],[132.33128,33.8864],[132.33103,33.88562],[132.33284,33.88555],[132.33233,33.88557],[132.33239,33.88476],[132.3323,33.88545],[132.33104,33.88533],[132.33104,33.88456],[132.33254,33.88464],[132.3302,33.88446],[132.3292,33.88287],[132.32765,33.88281],[132.32667,33.88187],[132.32602,33.88378],[132.32807,33.88498],[132.32748,33.88772],[132.32706,33.88784],[132.32637,33.88917],[132.32723,33.88785],[132.32823,33.88791],[132.32809,33.888],[132.32784,33.88795],[132.32764,33.888],[132.32808,33.88802],[132.32731,33.88922],[132.3267,33.88926],[132.32713,33.88953],[132.3251,33.89112],[132.31979,33.89321],[132.31651,33.89285],[132.31393,33.89161],[132.31147,33.89228],[132.30922,33.89215],[132.30838,33.89288],[132.30846,33.89418],[132.30811,33.89415],[132.30739,33.8945],[132.30845,33.89421],[132.30788,33.89502],[132.30759,33.89471],[132.30783,33.89506],[132.3052,33.8958],[132.30438,33.89568],[132.30492,33.89533],[132.30247,33.89574],[132.30082,33.89674],[132.29594,33.89676],[132.29451,33.89478],[132.29419,33.89307],[132.29119,33.89221],[132.29154,33.89074],[132.29099,33.89061],[132.29087,33.89109],[132.29011,33.89099],[132.28939,33.89151],[132.28918,33.89267],[132.28846,33.89325],[132.28917,33.89371],[132.28894,33.89401],[132.28966,33.89343],[132.29018,33.89385],[132.28987,33.89413],[132.28941,33.89377],[132.28912,33.89404],[132.28939,33.89386],[132.29124,33.89538],[132.29221,33.89805],[132.29181,33.90019],[132.29089,33.90149],[132.28856,33.9022],[132.2883,33.9012],[132.28835,33.9016],[132.28754,33.90174],[132.28746,33.90139],[132.28751,33.90192],[132.28619,33.90191],[132.2863,33.90153],[132.28593,33.90204],[132.28465,33.90075],[132.28535,33.90061],[132.28646,33.90119],[132.28856,33.90082],[132.28854,33.90073],[132.28646,33.90114],[132.28424,33.89964],[132.28267,33.89962],[132.28266,33.89969],[132.28409,33.8997],[132.28456,33.90074],[132.283,33.90035],[132.28276,33.90088],[132.28203,33.90078],[132.28213,33.90044],[132.28185,33.90008],[132.28199,33.90077],[132.27963,33.90028],[132.27892,33.8998],[132.27937,33.89929],[132.28037,33.89971],[132.2823,33.89935],[132.2817,33.89945],[132.28163,33.89806],[132.27883,33.89649],[132.27883,33.8953],[132.27821,33.8945],[132.27479,33.8929],[132.27601,33.89386],[132.27577,33.89421],[132.27461,33.89364],[132.27472,33.89328],[132.27443,33.89391],[132.27318,33.89349],[132.27316,33.89307],[132.27204,33.89248],[132.27286,33.892],[132.27185,33.89258],[132.2715,33.89241],[132.27213,33.89177],[132.26804,33.88978],[132.26947,33.88976],[132.26887,33.88928],[132.26936,33.88805],[132.27011,33.88789],[132.26889,33.88643],[132.26872,33.8859],[132.26923,33.88556],[132.26809,33.88371],[132.26897,33.8802],[132.26859,33.87962],[132.26904,33.87898],[132.26793,33.87712],[132.26818,33.87633],[132.27178,33.87448],[132.27345,33.87275],[132.27494,33.87241],[132.27617,33.87285],[132.27744,33.87188],[132.27878,33.87161],[132.27892,33.87097],[132.27453,33.87128],[132.27362,33.87189],[132.2723,33.87199],[132.27187,33.87271],[132.27032,33.87331],[132.26864,33.87273],[132.26822,33.87084],[132.26675,33.8694],[132.26396,33.86918],[132.26366,33.87277],[132.26066,33.87575],[132.26001,33.87696],[132.25917,33.87689],[132.25977,33.87756],[132.25841,33.87801],[132.25674,33.87805],[132.25602,33.87742],[132.25388,33.87778],[132.25091,33.87756],[132.25148,33.87718],[132.25155,33.87679],[132.25056,33.87699],[132.25079,33.87643],[132.25168,33.87651],[132.25073,33.87636],[132.25038,33.87717],[132.2491,33.87723],[132.24668,33.87536],[132.24212,33.87429],[132.24115,33.87469],[132.24058,33.87637],[132.23742,33.87755],[132.23427,33.87719],[132.23434,33.8768],[132.2332,33.87705],[132.23351,33.87663],[132.23458,33.87659],[132.23147,33.87658],[132.22505,33.87431],[132.22282,33.87405],[132.22116,33.87463],[132.22014,33.87449],[132.21671,33.87227],[132.21448,33.87017],[132.21403,33.86885],[132.21476,33.86887],[132.21461,33.86789],[132.21492,33.8679],[132.21497,33.86892],[132.21498,33.86787],[132.21488,33.8676],[132.21627,33.86647],[132.21643,33.8656],[132.21484,33.86547],[132.21414,33.86493],[132.21294,33.86186],[132.21012,33.86021],[132.20823,33.85766],[132.2082,33.85675],[132.20636,33.85759],[132.20665,33.85933],[132.20589,33.86241],[132.20503,33.86331],[132.20489,33.86453],[132.20318,33.86627],[132.20261,33.86836],[132.20004,33.87027],[132.19943,33.87123],[132.19998,33.87167],[132.2025,33.87172],[132.20322,33.87272],[132.20291,33.8718],[132.20374,33.87158],[132.20446,33.872],[132.20414,33.87226],[132.20472,33.87282],[132.20431,33.87293],[132.20486,33.87356],[132.20483,33.87476],[132.20539,33.87473],[132.20505,33.87478],[132.20394,33.87912],[132.20049,33.88187],[132.19986,33.88222],[132.19949,33.88189],[132.19975,33.88219],[132.19739,33.88349],[132.1983,33.88246],[132.19719,33.88329],[132.19747,33.88368],[132.19717,33.88347],[132.19528,33.88479],[132.19268,33.88554],[132.19011,33.88558],[132.18841,33.88759],[132.18837,33.88804],[132.18888,33.88787],[132.18931,33.88849],[132.18934,33.88982],[132.18833,33.89018],[132.1882,33.89076],[132.18881,33.89008],[132.18903,33.89083],[132.18654,33.89343],[132.18399,33.8943],[132.18242,33.89369],[132.17846,33.89387],[132.17613,33.89458],[132.17761,33.89561],[132.17743,33.89519],[132.17805,33.89512],[132.17891,33.89551],[132.17979,33.89666],[132.17981,33.89834],[132.18022,33.89842],[132.17955,33.8984],[132.1794,33.89965],[132.17854,33.89927],[132.179,33.8996],[132.17819,33.89987],[132.17784,33.89966],[132.17823,33.89919],[132.17823,33.89897],[132.1764,33.90001],[132.1763,33.90179],[132.17498,33.90287],[132.17572,33.90379],[132.17721,33.90971],[132.17696,33.91663],[132.17616,33.91688],[132.17613,33.91819],[132.17622,33.91717],[132.1768,33.91714],[132.17649,33.91794],[132.17689,33.91924],[132.17559,33.92177],[132.17476,33.9224],[132.17433,33.92222],[132.17268,33.92367],[132.17318,33.92394],[132.17353,33.92664],[132.17538,33.9296],[132.17647,33.93048]]],[[[132.33448,33.91139],[132.33342,33.91346],[132.33345,33.91465],[132.33406,33.91523],[132.33487,33.91458],[132.33584,33.91217],[132.33527,33.91109],[132.33448,33.91139]]],[[[132.35125,33.92298],[132.35034,33.92389],[132.3516,33.92461],[132.35171,33.92381],[132.35125,33.92298]]],[[[132.30943,33.9281],[132.31267,33.92729],[132.31287,33.92657],[132.30962,33.92618],[132.30943,33.9281]]],[[[132.34041,33.92998],[132.34061,33.93013],[132.34057,33.92996],[132.34041,33.92998]]],[[[132.15417,33.93155],[132.15575,33.93243],[132.15598,33.93176],[132.15443,33.93104],[132.15417,33.93155]]],[[[132.16692,33.94659],[132.16864,33.94587],[132.16882,33.94513],[132.16642,33.94334],[132.1636,33.93946],[132.16031,33.93845],[132.16017,33.93804],[132.15688,33.93754],[132.15622,33.93861],[132.15438,33.93967],[132.1539,33.94106],[132.15463,33.94181],[132.15533,33.94447],[132.15593,33.94459],[132.15677,33.94602],[132.1588,33.94594],[132.16321,33.94706],[132.16462,33.94684],[132.16622,33.94765],[132.16692,33.94659]]],[[[132.34913,33.9459],[132.34706,33.94654],[132.34699,33.94607],[132.34702,33.94666],[132.34617,33.94671],[132.3461,33.94635],[132.34617,33.94727],[132.34352,33.94739],[132.34347,33.94771],[132.34297,33.94729],[132.34381,33.94692],[132.3428,33.94705],[132.34248,33.9462],[132.33931,33.94748],[132.33766,33.94681],[132.33645,33.94945],[132.33708,33.95129],[132.33811,33.95232],[132.33905,33.95218],[132.33944,33.95306],[132.33891,33.95355],[132.33861,33.95323],[132.33872,33.95365],[132.33741,33.9548],[132.33842,33.9562],[132.34123,33.95679],[132.34436,33.95916],[132.34573,33.95875],[132.34762,33.95943],[132.34844,33.96001],[132.34898,33.96153],[132.34883,33.96044],[132.34851,33.95994],[132.34772,33.95939],[132.3479,33.95908],[132.34944,33.95987],[132.34912,33.96023],[132.35009,33.96113],[132.34939,33.96139],[132.35068,33.96101],[132.35082,33.96135],[132.34968,33.96248],[132.34988,33.96295],[132.34919,33.9627],[132.3494,33.96246],[132.34855,33.96293],[132.34945,33.96348],[132.35009,33.96551],[132.34859,33.96936],[132.34793,33.97003],[132.34625,33.97024],[132.34479,33.9697],[132.344,33.97147],[132.34554,33.9728],[132.34708,33.97292],[132.34844,33.97372],[132.35063,33.97219],[132.35031,33.97098],[132.35197,33.96876],[132.35531,33.96711],[132.35441,33.9662],[132.35473,33.96504],[132.35443,33.96398],[132.35108,33.96188],[132.35089,33.96139],[132.35141,33.96123],[132.35073,33.961],[132.35118,33.96086],[132.35079,33.95946],[132.35194,33.95738],[132.35264,33.9569],[132.35386,33.95698],[132.35391,33.95429],[132.35455,33.95306],[132.35541,33.95264],[132.3541,33.95175],[132.35459,33.94912],[132.35409,33.94826],[132.35471,33.94661],[132.3537,33.94504],[132.35654,33.94169],[132.35274,33.93926],[132.35211,33.93819],[132.35256,33.93992],[132.35131,33.94151],[132.35057,33.94466],[132.34976,33.94423],[132.3502,33.94451],[132.34907,33.94576],[132.34881,33.94557],[132.34678,33.94575],[132.34579,33.94606],[132.34913,33.9459]]],[[[132.23171,33.97238],[132.23267,33.97124],[132.23169,33.97063],[132.23171,33.97238]]],[[[132.25048,33.9945],[132.24839,33.99421],[132.24803,33.99455],[132.24952,33.99513],[132.25048,33.9945]]],[[[132.2661,34.00941],[132.26783,34.00811],[132.26756,34.00763],[132.26815,34.00659],[132.27033,34.00437],[132.27033,34.003],[132.26898,34.0015],[132.26912,34.00102],[132.26894,34.00146],[132.26772,34.00131],[132.26744,34.00075],[132.26798,34.00085],[132.26816,34.00027],[132.26949,34.00062],[132.2694,34.00097],[132.26954,34.00117],[132.26955,34.00058],[132.2712,34.00029],[132.27163,33.99919],[132.27142,33.99625],[132.26886,33.99491],[132.26747,33.99362],[132.26714,33.99389],[132.26746,33.99515],[132.26693,33.99587],[132.26393,33.99613],[132.26407,33.99726],[132.26498,33.99793],[132.26474,33.99978],[132.26502,33.99804],[132.26576,33.99883],[132.26532,33.99891],[132.26549,34.0001],[132.26485,34.00112],[132.26306,34.00139],[132.26217,34.00211],[132.26145,34.00187],[132.26111,34.0025],[132.2589,34.00303],[132.25856,34.0036],[132.25958,34.00553],[132.25909,34.00701],[132.26129,34.00702],[132.26317,34.00872],[132.26351,34.00991],[132.2661,34.00941]]],[[[132.38766,33.78282],[132.39024,33.78248],[132.39147,33.78124],[132.39278,33.78073],[132.39247,33.77969],[132.39326,33.77925],[132.39357,33.77766],[132.39203,33.77735],[132.39066,33.77792],[132.3902,33.7789],[132.38819,33.7798],[132.38731,33.78215],[132.38766,33.78282]]],[[[132.40117,33.81356],[132.39828,33.81206],[132.39783,33.81134],[132.3999,33.80729],[132.3993,33.80643],[132.39978,33.80558],[132.39947,33.80378],[132.39766,33.80253],[132.39499,33.80192],[132.39384,33.8021],[132.39199,33.8056],[132.39209,33.80816],[132.39485,33.81015],[132.3948,33.81121],[132.39629,33.81253],[132.39973,33.81364],[132.40085,33.81462],[132.40117,33.81356]]],[[[132.39399,33.90455],[132.39482,33.90383],[132.3933,33.9025],[132.3932,33.90151],[132.39229,33.90073],[132.39129,33.9046],[132.39242,33.90492],[132.39399,33.90455]]],[[[132.39161,33.90774],[132.39192,33.90773],[132.3916,33.90768],[132.39161,33.90774]]],[[[132.3917,33.90816],[132.39197,33.90813],[132.39176,33.9079],[132.3917,33.90816]]],[[[132.39166,33.90828],[132.39188,33.90841],[132.39184,33.90827],[132.39166,33.90828]]],[[[132.39151,33.90987],[132.39053,33.91003],[132.39053,33.91048],[132.39151,33.90987]]],[[[132.45575,33.92615],[132.45867,33.92597],[132.46143,33.92388],[132.46249,33.92377],[132.46212,33.92129],[132.46288,33.91999],[132.46492,33.91829],[132.46621,33.91796],[132.46664,33.91846],[132.46719,33.91727],[132.46737,33.9165],[132.46595,33.9147],[132.4651,33.91452],[132.46541,33.91608],[132.4644,33.91691],[132.46286,33.91714],[132.46284,33.91822],[132.46183,33.91937],[132.46042,33.91978],[132.45735,33.91935],[132.45441,33.92103],[132.45492,33.92258],[132.45448,33.9238],[132.45484,33.92496],[132.45389,33.92561],[132.45408,33.92688],[132.45575,33.92615]]],[[[132.35369,33.92098],[132.35385,33.92184],[132.35497,33.9217],[132.35435,33.92056],[132.35369,33.92098]]],[[[132.36794,33.93054],[132.3676,33.93045],[132.36676,33.93122],[132.36707,33.93197],[132.36794,33.93054]]],[[[132.35531,33.93174],[132.35457,33.93183],[132.354,33.93267],[132.35385,33.93347],[132.35434,33.93397],[132.35534,33.93355],[132.35531,33.93174]]],[[[132.39005,33.95055],[132.39038,33.95161],[132.39134,33.95042],[132.39069,33.9503],[132.39005,33.95055]]],[[[132.49087,33.95791],[132.49091,33.95714],[132.49177,33.95648],[132.49179,33.95554],[132.49078,33.9548],[132.49095,33.95407],[132.49041,33.95325],[132.48847,33.95288],[132.48615,33.95451],[132.48673,33.95534],[132.48569,33.95608],[132.48737,33.95693],[132.48748,33.95764],[132.48864,33.95695],[132.48958,33.95807],[132.49087,33.95791]]],[[[132.46259,33.95869],[132.46257,33.95953],[132.46326,33.95994],[132.46306,33.95907],[132.46259,33.95869]]],[[[132.47141,33.96508],[132.47304,33.96489],[132.47358,33.96301],[132.4752,33.96258],[132.47577,33.96284],[132.47568,33.96328],[132.47521,33.96322],[132.4746,33.9633],[132.47662,33.96341],[132.47734,33.96251],[132.47681,33.96213],[132.47684,33.96152],[132.48061,33.95933],[132.47916,33.95864],[132.47874,33.9579],[132.4794,33.957],[132.47915,33.95783],[132.47968,33.95839],[132.47919,33.95782],[132.47959,33.95665],[132.47861,33.95674],[132.47809,33.95619],[132.47835,33.9545],[132.47368,33.95346],[132.4719,33.95749],[132.46976,33.95957],[132.46764,33.96046],[132.46627,33.95976],[132.4657,33.96146],[132.46378,33.9617],[132.46182,33.96318],[132.46021,33.96286],[132.45861,33.96425],[132.46262,33.96474],[132.46315,33.96392],[132.46443,33.96347],[132.46478,33.9627],[132.46635,33.96257],[132.46781,33.9633],[132.46979,33.96352],[132.47082,33.9664],[132.47141,33.96508]]]]}},{"type":"Feature","properties":{"id":"muni-35321","name":"和木町"},"geometry":{"type":"Polygon","coordinates":[[[132.22221,34.19923],[132.22365,34.19727],[132.22358,34.19544],[132.22452,34.1944],[132.22565,34.19421],[132.22534,34.19285],[132.22601,34.192],[132.22553,34.19032],[132.22466,34.18966],[132.22305,34.18951],[132.22336,34.18764],[132.22269,34.18625],[132.22363,34.18596],[132.22386,34.18507],[132.22141,34.18519],[132.22069,34.1839],[132.2192,34.18311],[132.21877,34.18158],[132.21739,34.18127],[132.2161,34.18237],[132.21398,34.18147],[132.21227,34.182],[132.20873,34.18116],[132.20782,34.18285],[132.20586,34.18139],[132.20533,34.18047],[132.2004,34.17986],[132.19822,34.18089],[132.19616,34.18078],[132.19323,34.17945],[132.19277,34.18015],[132.19318,34.18123],[132.19297,34.18217],[132.19351,34.18301],[132.19207,34.18356],[132.19258,34.18431],[132.19158,34.18484],[132.19108,34.18599],[132.18926,34.18665],[132.18757,34.1854],[132.18706,34.18603],[132.18829,34.18749],[132.18733,34.18919],[132.18828,34.19005],[132.18828,34.19145],[132.18892,34.19217],[132.18775,34.19392],[132.18783,34.19446],[132.18642,34.19437],[132.1848,34.195],[132.18393,34.19641],[132.18293,34.19689],[132.18444,34.19814],[132.18642,34.19859],[132.18792,34.20033],[132.18996,34.20052],[132.19253,34.20246],[132.19253,34.20527],[132.19326,34.20664],[132.19468,34.20494],[132.19693,34.2046],[132.19949,34.20696],[132.20115,34.20778],[132.20319,34.20744],[132.20725,34.2032],[132.21035,34.20272],[132.21463,34.20372],[132.21733,34.20645],[132.21979,34.20801],[132.22808,34.20917],[132.23094,34.20915],[132.23112,34.20823],[132.23444,34.20853],[132.24625,34.2075],[132.24678,34.20497],[132.24714,34.20502],[132.24905,34.2035],[132.24912,34.20312],[132.24679,34.20494],[132.24515,34.20291],[132.24668,34.2009],[132.24508,34.20281],[132.24251,34.19974],[132.24341,34.20012],[132.24272,34.1993],[132.24249,34.19969],[132.24162,34.19867],[132.24198,34.19863],[132.24099,34.19792],[132.24221,34.19718],[132.24096,34.19789],[132.24032,34.19741],[132.2405,34.19663],[132.23745,34.19617],[132.23681,34.19703],[132.23729,34.19832],[132.23669,34.20237],[132.23466,34.20248],[132.2308,34.20136],[132.23073,34.20272],[132.2296,34.20377],[132.22867,34.20393],[132.22589,34.20219],[132.2246,34.20202],[132.22221,34.19923]]]}},{"type":"Feature","properties":{"id":"muni-35341","name":"上関町"},"geometry":{"type":"MultiPolygon","coordinates":[[[[132.01358,33.73201],[132.0138,33.73277],[132.01441,33.73292],[132.01402,33.732],[132.01358,33.73201]]],[[[132.01384,33.73296],[132.01392,33.73352],[132.01498,33.7337],[132.01458,33.73318],[132.01384,33.73296]]],[[[132.031,33.73993],[132.03124,33.73728],[132.03015,33.73726],[132.02963,33.73651],[132.02987,33.73618],[132.02876,33.73589],[132.02844,33.73645],[132.02658,33.7366],[132.02485,33.73563],[132.0231,33.7357],[132.02525,33.73635],[132.02502,33.73699],[132.02672,33.73835],[132.02648,33.73886],[132.02767,33.73941],[132.02957,33.73924],[132.03017,33.74016],[132.031,33.73993]]],[[[131.97199,33.79827],[131.97835,33.79562],[131.98571,33.78926],[131.9871,33.7893],[131.98655,33.789],[131.98691,33.78857],[131.98572,33.78914],[131.98686,33.78795],[131.98714,33.78841],[131.98796,33.78789],[131.98711,33.78825],[131.98719,33.78775],[131.98963,33.78741],[131.98972,33.78776],[131.98819,33.78811],[131.98799,33.78823],[131.99035,33.78768],[131.99121,33.78608],[131.99191,33.78595],[131.99123,33.78585],[131.9911,33.78526],[131.99162,33.785],[131.99084,33.78534],[131.99087,33.78458],[131.99135,33.78451],[131.99065,33.78456],[131.99071,33.78399],[131.99142,33.78348],[131.99204,33.78557],[131.99188,33.78416],[131.99147,33.78345],[131.99111,33.78328],[131.99352,33.77979],[131.98808,33.77851],[131.98501,33.77678],[131.9831,33.7763],[131.98249,33.77523],[131.97409,33.77418],[131.97249,33.77254],[131.97122,33.7725],[131.96412,33.76852],[131.96208,33.76837],[131.95768,33.76964],[131.95631,33.77047],[131.95198,33.77133],[131.95041,33.77283],[131.94892,33.77576],[131.94841,33.77587],[131.94891,33.77643],[131.94868,33.77791],[131.94796,33.77829],[131.94813,33.77934],[131.94687,33.78066],[131.95146,33.78235],[131.95853,33.78077],[131.96149,33.78222],[131.96311,33.78545],[131.96165,33.7871],[131.96107,33.79098],[131.96237,33.79472],[131.96737,33.79805],[131.97199,33.79827]]],[[[132.02821,33.78628],[132.02848,33.78542],[132.02761,33.7856],[132.0259,33.78444],[132.02503,33.78454],[132.02485,33.78383],[132.02437,33.78429],[132.02388,33.78393],[132.0223,33.78437],[132.02395,33.78528],[132.0253,33.78512],[132.02821,33.78628]]],[[[132.02946,33.78714],[132.0291,33.787],[132.02877,33.78718],[132.02946,33.78714]]],[[[131.98743,33.78869],[131.98764,33.78842],[131.9874,33.78866],[131.98743,33.78869]]],[[[131.93488,33.79472],[131.93953,33.79203],[131.94029,33.78833],[131.93894,33.78705],[131.93575,33.78749],[131.93501,33.7883],[131.93399,33.78823],[131.93349,33.78868],[131.93193,33.78842],[131.93171,33.78919],[131.9308,33.78963],[131.93165,33.79064],[131.93156,33.79197],[131.9308,33.7928],[131.93113,33.79356],[131.93352,33.79466],[131.93488,33.79472]]],[[[132.03848,33.82356],[132.03761,33.82327],[132.03729,33.82375],[132.0384,33.82412],[132.03848,33.82356]]],[[[132.03984,33.82532],[132.03961,33.8256],[132.03985,33.82557],[132.03984,33.82532]]],[[[132.04236,33.8261],[132.04326,33.82552],[132.04187,33.8258],[132.04236,33.8261]]],[[[132.04023,33.8263],[132.04166,33.82573],[132.03921,33.82594],[132.04023,33.8263]]],[[[132.12965,33.71572],[132.12674,33.71949],[132.1275,33.71967],[132.12793,33.72055],[132.13075,33.72186],[132.13341,33.72702],[132.13756,33.7292],[132.1414,33.72956],[132.14228,33.73076],[132.14184,33.73011],[132.14284,33.7299],[132.14181,33.73008],[132.14158,33.72947],[132.14353,33.72941],[132.14491,33.73056],[132.14558,33.73528],[132.14515,33.73783],[132.14416,33.73872],[132.14019,33.73896],[132.14048,33.73961],[132.13997,33.74105],[132.14102,33.74243],[132.14075,33.74499],[132.14021,33.74583],[132.13903,33.74571],[132.13966,33.74622],[132.13918,33.74653],[132.14013,33.74656],[132.14014,33.7472],[132.14338,33.7501],[132.14397,33.75198],[132.14345,33.75283],[132.14385,33.75382],[132.14333,33.75391],[132.14335,33.75445],[132.14412,33.7546],[132.14375,33.75411],[132.14435,33.75359],[132.14575,33.75404],[132.14713,33.75774],[132.14788,33.75779],[132.14816,33.759],[132.14954,33.75991],[132.14938,33.76291],[132.15189,33.76384],[132.15132,33.76235],[132.15152,33.76128],[132.15037,33.75984],[132.15035,33.75894],[132.14832,33.75757],[132.14794,33.75641],[132.14731,33.75624],[132.14637,33.75454],[132.14681,33.75351],[132.14795,33.7534],[132.14795,33.75258],[132.14912,33.75065],[132.15143,33.75004],[132.15217,33.7487],[132.14914,33.74647],[132.14827,33.74491],[132.14848,33.74408],[132.14676,33.74216],[132.14692,33.74129],[132.14633,33.73998],[132.14731,33.73556],[132.14927,33.7318],[132.15079,33.73011],[132.1534,33.72848],[132.15196,33.72515],[132.14953,33.72109],[132.1481,33.72005],[132.14583,33.71906],[132.1421,33.71861],[132.13988,33.71717],[132.13903,33.71527],[132.13723,33.7148],[132.13605,33.71374],[132.13413,33.71299],[132.12965,33.71572]]],[[[132.05136,33.77885],[132.05177,33.7795],[132.0527,33.7797],[132.05308,33.77921],[132.05281,33.77791],[132.05436,33.77694],[132.05465,33.77642],[132.05422,33.77647],[132.05434,33.77589],[132.05493,33.77541],[132.05284,33.77449],[132.05248,33.77383],[132.05272,33.77286],[132.05131,33.77165],[132.04977,33.77301],[132.04769,33.77384],[132.04728,33.77513],[132.05095,33.77513],[132.05205,33.77714],[132.05195,33.77786],[132.05138,33.77798],[132.05175,33.77843],[132.05136,33.77885]]],[[[132.11652,33.81957],[132.11854,33.82117],[132.11807,33.82228],[132.11846,33.82333],[132.11928,33.82377],[132.12086,33.82247],[132.12093,33.82043],[132.1222,33.81847],[132.12251,33.81634],[132.12105,33.81246],[132.11827,33.81112],[132.11789,33.81133],[132.11812,33.81215],[132.12002,33.81356],[132.11974,33.81413],[132.12027,33.81705],[132.11967,33.81744],[132.11951,33.81892],[132.11721,33.81892],[132.11652,33.81957]]],[[[132.02811,33.79364],[132.02809,33.79467],[132.03024,33.795],[132.03107,33.79612],[132.03375,33.79497],[132.03568,33.79506],[132.03746,33.79589],[132.03844,33.79559],[132.03946,33.79614],[132.04332,33.79546],[132.04526,33.79594],[132.04566,33.79665],[132.04674,33.79687],[132.04718,33.79772],[132.04698,33.79891],[132.04828,33.79844],[132.04977,33.79893],[132.05017,33.79838],[132.05443,33.79834],[132.05518,33.7992],[132.0547,33.80014],[132.05534,33.80024],[132.05583,33.80097],[132.05672,33.80094],[132.0569,33.80146],[132.05648,33.80187],[132.05699,33.8027],[132.05821,33.8028],[132.05886,33.80344],[132.05856,33.80539],[132.05958,33.80638],[132.05931,33.807],[132.05772,33.80753],[132.05726,33.80875],[132.05818,33.80919],[132.05801,33.81035],[132.05753,33.81067],[132.0582,33.81159],[132.058,33.81257],[132.05843,33.8127],[132.05777,33.81362],[132.05845,33.81445],[132.0591,33.81453],[132.05822,33.81553],[132.05893,33.81554],[132.05965,33.81487],[132.06093,33.81562],[132.05984,33.81809],[132.06003,33.81884],[132.0606,33.8189],[132.06034,33.81932],[132.06147,33.81977],[132.06491,33.81866],[132.06711,33.81897],[132.06765,33.8198],[132.06709,33.82067],[132.06759,33.82141],[132.06721,33.82257],[132.06769,33.82236],[132.06823,33.82298],[132.06864,33.82314],[132.06956,33.82327],[132.06808,33.8225],[132.06906,33.82229],[132.06906,33.82194],[132.06835,33.82194],[132.0683,33.82142],[132.06877,33.8217],[132.06918,33.82121],[132.07041,33.82199],[132.07036,33.82267],[132.07231,33.82247],[132.07354,33.82326],[132.07406,33.82418],[132.07378,33.82457],[132.07554,33.82475],[132.07639,33.82532],[132.07629,33.82641],[132.0772,33.82681],[132.07609,33.82759],[132.07778,33.8273],[132.0787,33.82783],[132.07916,33.83076],[132.07824,33.8313],[132.07878,33.83205],[132.07789,33.83342],[132.07863,33.83407],[132.08033,33.83437],[132.08097,33.83563],[132.08139,33.83559],[132.0798,33.83737],[132.0789,33.83763],[132.07742,33.83921],[132.07678,33.83919],[132.07606,33.84079],[132.07406,33.84203],[132.07324,33.84202],[132.07301,33.84394],[132.07179,33.84407],[132.07,33.84317],[132.06913,33.84474],[132.06901,33.84714],[132.06831,33.84734],[132.06781,33.84831],[132.06848,33.84997],[132.06825,33.85238],[132.06922,33.85343],[132.07087,33.85391],[132.07217,33.85542],[132.07206,33.85712],[132.07126,33.85757],[132.07096,33.85843],[132.07269,33.85793],[132.07438,33.85889],[132.07306,33.85761],[132.07352,33.85644],[132.07519,33.85452],[132.07607,33.85461],[132.0782,33.85333],[132.07836,33.85207],[132.07702,33.85065],[132.07685,33.84964],[132.08337,33.84487],[132.08797,33.84489],[132.09167,33.84875],[132.0928,33.84707],[132.09378,33.84679],[132.09455,33.84632],[132.09267,33.84707],[132.09267,33.8461],[132.09314,33.84569],[132.09251,33.84572],[132.09242,33.84531],[132.09361,33.84466],[132.09385,33.84494],[132.09408,33.84432],[132.09604,33.84346],[132.09826,33.84333],[132.10143,33.84391],[132.10278,33.84322],[132.10457,33.84343],[132.10469,33.84204],[132.10381,33.84195],[132.10407,33.83849],[132.10357,33.83794],[132.104,33.83801],[132.1043,33.83614],[132.10389,33.83566],[132.10419,33.83582],[132.10443,33.8358],[132.10402,33.83553],[132.10477,33.83509],[132.10475,33.83471],[132.1049,33.83437],[132.10481,33.83502],[132.10614,33.83472],[132.10675,33.83571],[132.10608,33.83596],[132.10686,33.83596],[132.10605,33.83693],[132.10695,33.83644],[132.10835,33.83739],[132.11096,33.83517],[132.11048,33.83499],[132.11102,33.83266],[132.11149,33.83274],[132.11135,33.83346],[132.1122,33.83201],[132.11113,33.83229],[132.11132,33.83156],[132.11268,33.83099],[132.11336,33.83102],[132.11266,33.83131],[132.11243,33.83174],[132.11338,33.83102],[132.11528,33.83132],[132.11737,33.83073],[132.1177,33.83194],[132.11656,33.83228],[132.11653,33.83293],[132.11553,33.83362],[132.11562,33.83513],[132.11557,33.83418],[132.11627,33.83413],[132.1164,33.83517],[132.11704,33.83508],[132.11735,33.83566],[132.11687,33.83582],[132.11683,33.83643],[132.11572,33.83618],[132.1166,33.83674],[132.1178,33.83874],[132.11749,33.8395],[132.11593,33.8388],[132.11671,33.83992],[132.11632,33.83988],[132.11623,33.84135],[132.11559,33.84112],[132.11574,33.84003],[132.11557,33.83968],[132.11554,33.84114],[132.11667,33.84208],[132.11656,33.84435],[132.1181,33.84671],[132.11852,33.84854],[132.11804,33.85059],[132.11675,33.85107],[132.11667,33.85097],[132.11674,33.85058],[132.1167,33.85044],[132.11651,33.85012],[132.11625,33.85014],[132.1167,33.85052],[132.11644,33.85138],[132.11709,33.85294],[132.11677,33.85409],[132.11731,33.85506],[132.11655,33.85603],[132.11709,33.85637],[132.11654,33.85689],[132.11723,33.85704],[132.11739,33.85754],[132.11703,33.85859],[132.11611,33.859],[132.11589,33.85852],[132.11555,33.85932],[132.11846,33.8603],[132.11954,33.86019],[132.12053,33.85836],[132.12221,33.85906],[132.12349,33.86112],[132.12534,33.86199],[132.13336,33.86194],[132.13485,33.85989],[132.13598,33.85637],[132.13748,33.85364],[132.14014,33.85286],[132.14235,33.85317],[132.14353,33.85066],[132.14766,33.84785],[132.15015,33.84685],[132.15257,33.8432],[132.15096,33.84205],[132.15025,33.8405],[132.14852,33.83898],[132.1486,33.83849],[132.14702,33.8382],[132.14704,33.83856],[132.14698,33.83894],[132.14674,33.83908],[132.14698,33.83819],[132.14468,33.83634],[132.14492,33.8359],[132.14526,33.83613],[132.14463,33.83549],[132.14453,33.83369],[132.14269,33.83275],[132.13999,33.83242],[132.13967,33.83175],[132.13846,33.83172],[132.13423,33.83316],[132.1303,33.8332],[132.13012,33.83386],[132.12896,33.83446],[132.12638,33.83438],[132.12437,33.83511],[132.12145,33.83446],[132.12104,33.83421],[132.12121,33.83378],[132.1194,33.83321],[132.11965,33.83276],[132.12067,33.83326],[132.12144,33.83342],[132.1178,33.83193],[132.11746,33.8307],[132.11849,33.83011],[132.11573,33.82903],[132.11511,33.82771],[132.11315,33.82836],[132.11232,33.82772],[132.11163,33.82848],[132.11003,33.82863],[132.10807,33.82818],[132.10802,33.82721],[132.10788,33.82818],[132.10788,33.82769],[132.10709,33.82768],[132.10709,33.82689],[132.10829,33.8268],[132.10644,33.82685],[132.10674,33.82554],[132.10624,33.82442],[132.10522,33.82515],[132.10454,33.82489],[132.10025,33.82558],[132.09891,33.8264],[132.09697,33.82668],[132.08809,33.82575],[132.0877,33.82452],[132.0859,33.82355],[132.08608,33.8224],[132.08506,33.8211],[132.08588,33.81893],[132.08506,33.8164],[132.08536,33.81557],[132.08426,33.81602],[132.07961,33.81563],[132.07609,33.81425],[132.07616,33.8132],[132.07567,33.81307],[132.07612,33.81324],[132.07589,33.81398],[132.07542,33.81335],[132.0751,33.81356],[132.07486,33.81227],[132.0757,33.81189],[132.07659,33.81221],[132.07571,33.8118],[132.07566,33.81086],[132.07397,33.80969],[132.07379,33.80827],[132.07533,33.80536],[132.07314,33.80436],[132.07266,33.80299],[132.07098,33.80356],[132.07002,33.80325],[132.06661,33.80448],[132.06453,33.80398],[132.0642,33.80328],[132.06452,33.80297],[132.06394,33.80303],[132.06384,33.80239],[132.06323,33.8022],[132.06327,33.80267],[132.06243,33.80271],[132.06026,33.8024],[132.05893,33.80168],[132.05844,33.80041],[132.05872,33.7997],[132.05928,33.79958],[132.05893,33.79949],[132.05908,33.79853],[132.056,33.79611],[132.05583,33.7955],[132.05639,33.7944],[132.05557,33.79366],[132.05559,33.79329],[132.05632,33.79329],[132.05577,33.79325],[132.0557,33.79224],[132.05608,33.7922],[132.05555,33.7922],[132.05604,33.79158],[132.05673,33.79169],[132.05632,33.79233],[132.05658,33.79212],[132.05661,33.793],[132.05676,33.79322],[132.05689,33.79141],[132.05798,33.79021],[132.0577,33.78909],[132.05707,33.78853],[132.0554,33.78825],[132.05385,33.78699],[132.05273,33.78699],[132.04987,33.78455],[132.04847,33.78485],[132.04706,33.78693],[132.04578,33.78735],[132.0459,33.78818],[132.04464,33.78823],[132.04371,33.78959],[132.04239,33.79008],[132.04006,33.78965],[132.03899,33.7888],[132.03916,33.7878],[132.03665,33.78674],[132.03587,33.78699],[132.0345,33.78827],[132.03249,33.78858],[132.03331,33.78897],[132.03403,33.79047],[132.03366,33.79222],[132.02931,33.79288],[132.02811,33.79364]]],[[[132.12348,33.83373],[132.12293,33.83334],[132.12284,33.83349],[132.12348,33.83373]]],[[[132.12152,33.83373],[132.12201,33.83345],[132.12149,33.83364],[132.12152,33.83373]]],[[[132.12445,33.83401],[132.12382,33.83363],[132.12377,33.83376],[132.12445,33.83401]]],[[[132.12555,33.83414],[132.12468,33.83403],[132.1255,33.83433],[132.12555,33.83414]]],[[[132.11563,33.83569],[132.1157,33.83541],[132.1156,33.83542],[132.11563,33.83569]]],[[[132.11577,33.83599],[132.11564,33.83575],[132.11568,33.836],[132.11577,33.83599]]],[[[132.10416,33.84496],[132.10309,33.8438],[132.10252,33.84461],[132.10416,33.84496]]]]}},{"type":"Feature","properties":{"id":"muni-35343","name":"田布施町"},"geometry":{"type":"MultiPolygon","coordinates":[[[[132.05004,33.88693],[132.04936,33.88718],[132.04942,33.88881],[132.049,33.88933],[132.05081,33.88938],[132.05066,33.89087],[132.0491,33.89154],[132.04738,33.89076],[132.04712,33.89119],[132.0478,33.89184],[132.04688,33.89378],[132.04562,33.8944],[132.04343,33.89444],[132.0412,33.89636],[132.04221,33.89736],[132.04226,33.89801],[132.04173,33.89825],[132.04355,33.89871],[132.04388,33.89983],[132.04357,33.90095],[132.04615,33.89935],[132.04866,33.89915],[132.04995,33.89696],[132.05042,33.89727],[132.05122,33.89648],[132.05013,33.897],[132.0507,33.89607],[132.05144,33.89641],[132.05119,33.896],[132.05207,33.89513],[132.05373,33.89507],[132.05191,33.89466],[132.05132,33.89327],[132.05178,33.89325],[132.05413,33.88964],[132.05341,33.88934],[132.05198,33.88741],[132.05004,33.88693]]],[[[132.01134,33.9792],[132.01215,33.98122],[132.01198,33.9824],[132.01277,33.98333],[132.01401,33.98289],[132.01521,33.98325],[132.01498,33.98437],[132.01651,33.98556],[132.0177,33.98546],[132.01941,33.98757],[132.02049,33.98734],[132.02228,33.98792],[132.02437,33.98731],[132.02785,33.98442],[132.02915,33.98439],[132.02877,33.98588],[132.0305,33.98516],[132.03205,33.98533],[132.03276,33.98472],[132.03589,33.98395],[132.03701,33.98436],[132.03773,33.98366],[132.04001,33.98372],[132.04284,33.98423],[132.04292,33.98511],[132.04394,33.98586],[132.04563,33.98464],[132.05105,33.98506],[132.05138,33.98533],[132.05071,33.98582],[132.051,33.98743],[132.05265,33.98799],[132.0534,33.98776],[132.05552,33.98978],[132.05909,33.98985],[132.06037,33.99074],[132.06213,33.99113],[132.06303,33.98959],[132.06071,33.98565],[132.06115,33.9851],[132.06099,33.98361],[132.06144,33.98292],[132.0625,33.97242],[132.06378,33.96517],[132.05987,33.96393],[132.05746,33.96175],[132.05715,33.96069],[132.05727,33.95851],[132.05933,33.95771],[132.05996,33.95661],[132.0594,33.95544],[132.06012,33.95462],[132.06002,33.9541],[132.05789,33.9528],[132.0586,33.95206],[132.05826,33.95116],[132.05854,33.95006],[132.06036,33.94763],[132.06157,33.94324],[132.06163,33.93931],[132.06238,33.93719],[132.06181,33.93678],[132.06194,33.93087],[132.05995,33.92897],[132.05773,33.92826],[132.0569,33.9289],[132.05741,33.92783],[132.05617,33.92972],[132.05641,33.93046],[132.05565,33.93179],[132.05541,33.93158],[132.05635,33.93052],[132.05627,33.93024],[132.05517,33.93186],[132.05477,33.93212],[132.05624,33.93021],[132.05614,33.92966],[132.05771,33.92625],[132.05587,33.92432],[132.05309,33.92657],[132.05496,33.92911],[132.05314,33.92715],[132.05215,33.92695],[132.05568,33.92398],[132.05432,33.922],[132.05557,33.92116],[132.05422,33.92195],[132.05147,33.92287],[132.05138,33.92264],[132.05298,33.922],[132.05263,33.92192],[132.05238,33.91983],[132.05124,33.91997],[132.05303,33.91878],[132.05303,33.9171],[132.05187,33.91673],[132.053,33.9167],[132.05296,33.91587],[132.04846,33.91503],[132.04782,33.91607],[132.04808,33.91532],[132.04686,33.91497],[132.04708,33.9145],[132.04683,33.91481],[132.04548,33.91409],[132.04592,33.91397],[132.04547,33.91382],[132.0457,33.91345],[132.04483,33.91282],[132.04528,33.91251],[132.04509,33.91216],[132.04475,33.91193],[132.04509,33.91229],[132.04459,33.91244],[132.04372,33.91187],[132.04408,33.91151],[132.04463,33.91178],[132.04405,33.91143],[132.04358,33.91193],[132.04324,33.9115],[132.04054,33.91115],[132.03984,33.91025],[132.03955,33.91055],[132.03734,33.90891],[132.03351,33.90819],[132.03029,33.90701],[132.02745,33.90454],[132.02719,33.90277],[132.02617,33.90194],[132.02403,33.90207],[132.02581,33.90298],[132.02512,33.90623],[132.02577,33.90867],[132.02731,33.91043],[132.02735,33.9129],[132.02459,33.91311],[132.02372,33.91428],[132.02111,33.9134],[132.02,33.91406],[132.01576,33.91482],[132.01573,33.91547],[132.01486,33.91596],[132.01515,33.91646],[132.01466,33.91714],[132.01474,33.91802],[132.01347,33.91828],[132.01375,33.91993],[132.01204,33.92069],[132.0119,33.92177],[132.01086,33.9221],[132.00995,33.9232],[132.0091,33.92316],[132.00684,33.92451],[132.00401,33.92514],[132.00256,33.926],[132.00246,33.92734],[132.00307,33.92778],[132.00313,33.92882],[132.0018,33.93051],[131.9999,33.93117],[131.99828,33.93299],[131.99609,33.9326],[131.99554,33.93186],[131.99474,33.93201],[131.99328,33.93423],[131.99244,33.93462],[131.99256,33.93524],[131.98932,33.93795],[131.98695,33.93853],[131.98414,33.94033],[131.98455,33.9422],[131.98346,33.94239],[131.98248,33.94322],[131.98237,33.94402],[131.98309,33.94456],[131.98311,33.94603],[131.98079,33.94724],[131.97983,33.95],[131.97982,33.95128],[131.98131,33.95214],[131.98075,33.953],[131.98185,33.95343],[131.98323,33.95559],[131.98429,33.95622],[131.9838,33.95668],[131.98407,33.95766],[131.98292,33.95782],[131.98493,33.95866],[131.98861,33.95844],[131.98937,33.95902],[131.99415,33.95982],[131.99409,33.96167],[131.99773,33.96438],[131.99784,33.96513],[131.99683,33.96739],[131.99693,33.96825],[131.99809,33.96957],[131.99911,33.96959],[132.0004,33.97086],[132.00451,33.97125],[132.0062,33.97241],[132.00721,33.97396],[132.00813,33.97472],[132.00853,33.97422],[132.0082,33.97386],[132.00761,33.97421],[132.00769,33.97338],[132.00631,33.97229],[132.00657,33.97118],[132.0076,33.97109],[132.00917,33.97422],[132.01153,33.97271],[132.01223,33.97434],[132.01147,33.97473],[132.01139,33.97568],[132.01267,33.97705],[132.01183,33.97692],[132.01126,33.97625],[132.01072,33.97671],[132.00904,33.9768],[132.00816,33.97781],[132.00908,33.9783],[132.00874,33.97875],[132.01134,33.9792]]],[[[132.06856,34.01957],[132.07162,34.01731],[132.073,34.01732],[132.07346,34.01688],[132.07128,34.01477],[132.07109,34.01254],[132.07039,34.01161],[132.0716,34.00972],[132.06951,34.00946],[132.06789,34.00746],[132.06739,34.00565],[132.06587,34.00432],[132.06568,34.00304],[132.06626,34.00243],[132.06559,34.0009],[132.06513,33.99765],[132.06403,33.9968],[132.06244,33.9971],[132.06159,33.99668],[132.06124,33.99834],[132.05973,33.99821],[132.05894,33.99927],[132.0562,33.99928],[132.05567,33.99998],[132.05455,34.00034],[132.05438,34.00228],[132.05324,34.00302],[132.05352,34.00604],[132.05465,34.0071],[132.05626,34.00687],[132.05833,34.00868],[132.05762,34.00876],[132.05813,34.01002],[132.05756,34.01146],[132.05711,34.01148],[132.05618,34.0096],[132.05562,34.00941],[132.0539,34.01066],[132.0537,34.01203],[132.05465,34.01371],[132.0555,34.01351],[132.05608,34.01391],[132.05673,34.01352],[132.05764,34.01428],[132.05843,34.01375],[132.05875,34.01421],[132.05879,34.01321],[132.06058,34.01352],[132.06017,34.01469],[132.06082,34.01565],[132.06071,34.01862],[132.06381,34.01964],[132.0648,34.0195],[132.06603,34.02032],[132.06676,34.02035],[132.06702,34.01991],[132.06796,34.02255],[132.06883,34.0199],[132.06942,34.02002],[132.06856,34.01957]]]]}},{"type":"Feature","properties":{"id":"muni-35344","name":"平生町"},"geometry":{"type":"MultiPolygon","coordinates":[[[[132.05727,33.87954],[132.05879,33.88042],[132.05857,33.88106],[132.0591,33.88162],[132.05847,33.88183],[132.05883,33.88217],[132.05977,33.88188],[132.05998,33.8823],[132.05959,33.8826],[132.06084,33.88384],[132.06242,33.88454],[132.06526,33.88374],[132.06607,33.88453],[132.06634,33.88358],[132.06504,33.87999],[132.06497,33.87831],[132.06596,33.87602],[132.06706,33.87535],[132.06678,33.8751],[132.06791,33.87503],[132.06727,33.87565],[132.0688,33.87511],[132.07012,33.87074],[132.07043,33.87086],[132.06935,33.86893],[132.06764,33.86774],[132.06563,33.86798],[132.06405,33.86712],[132.0612,33.86698],[132.06051,33.86797],[132.06148,33.86881],[132.06151,33.86958],[132.05989,33.87006],[132.06109,33.87143],[132.06115,33.87358],[132.05963,33.87464],[132.05714,33.87514],[132.05736,33.87559],[132.05648,33.87667],[132.05733,33.87819],[132.05762,33.87806],[132.05727,33.87954]]],[[[132.05672,33.91567],[132.05504,33.91631],[132.05593,33.91662],[132.05536,33.91668],[132.05615,33.91706],[132.05549,33.91801],[132.05722,33.91965],[132.05667,33.92],[132.05696,33.92033],[132.0556,33.92114],[132.05818,33.92005],[132.05895,33.92098],[132.05995,33.92044],[132.06354,33.92117],[132.06144,33.92089],[132.05955,33.92354],[132.06473,33.92946],[132.07035,33.93167],[132.07026,33.93198],[132.06689,33.93123],[132.06664,33.93212],[132.06895,33.93348],[132.06835,33.93471],[132.06612,33.93329],[132.06345,33.93293],[132.06306,33.93732],[132.06296,33.93762],[132.06238,33.93719],[132.06165,33.93922],[132.06157,33.94324],[132.06036,33.94763],[132.05854,33.95006],[132.05826,33.95116],[132.0586,33.95206],[132.05789,33.9528],[132.05822,33.95335],[132.0598,33.95383],[132.05997,33.95482],[132.06198,33.95548],[132.06224,33.95595],[132.06261,33.95564],[132.06311,33.95642],[132.06409,33.95632],[132.06446,33.95539],[132.06576,33.9554],[132.06707,33.95461],[132.06913,33.9558],[132.07008,33.9553],[132.07262,33.95602],[132.0767,33.95547],[132.07954,33.95732],[132.08168,33.95713],[132.08532,33.95856],[132.0872,33.95846],[132.08842,33.95668],[132.08897,33.95661],[132.09136,33.95761],[132.09229,33.95739],[132.09356,33.95817],[132.09475,33.95768],[132.09479,33.95682],[132.09611,33.9571],[132.09675,33.95525],[132.10015,33.95491],[132.10269,33.95294],[132.10651,33.95149],[132.10749,33.94941],[132.10517,33.94762],[132.10558,33.94709],[132.10521,33.94496],[132.10574,33.94356],[132.10802,33.94359],[132.11003,33.94263],[132.10888,33.94127],[132.10763,33.94109],[132.1074,33.9404],[132.10658,33.94033],[132.10645,33.9396],[132.10562,33.93898],[132.10558,33.93815],[132.10661,33.93682],[132.10657,33.93576],[132.10713,33.93515],[132.10695,33.93347],[132.10829,33.933],[132.1076,33.93151],[132.10706,33.93132],[132.1068,33.92989],[132.10711,33.92734],[132.108,33.92667],[132.10774,33.92597],[132.10821,33.92556],[132.10815,33.92411],[132.10745,33.92331],[132.10769,33.92249],[132.10447,33.91859],[132.10354,33.91666],[132.10263,33.91638],[132.10103,33.91457],[132.09464,33.91303],[132.09545,33.91207],[132.09552,33.91088],[132.09661,33.90992],[132.09651,33.90831],[132.1,33.90753],[132.10335,33.90577],[132.10411,33.901],[132.10729,33.90006],[132.10892,33.89773],[132.1086,33.89697],[132.11001,33.89459],[132.10965,33.8926],[132.11,33.89141],[132.11132,33.89083],[132.11207,33.8895],[132.11693,33.88644],[132.11688,33.88498],[132.11788,33.88405],[132.11962,33.88417],[132.12024,33.88352],[132.12147,33.88343],[132.1231,33.88043],[132.1241,33.87984],[132.12568,33.87975],[132.12642,33.87804],[132.13095,33.87615],[132.13442,33.87347],[132.13481,33.87227],[132.13408,33.87141],[132.13374,33.86909],[132.13382,33.86768],[132.13463,33.86639],[132.13332,33.86196],[132.13013,33.86167],[132.12916,33.86216],[132.12534,33.86199],[132.12349,33.86112],[132.12221,33.85906],[132.12053,33.85836],[132.1194,33.86023],[132.11555,33.85932],[132.11298,33.86033],[132.11282,33.86073],[132.11427,33.86252],[132.11606,33.86354],[132.11801,33.86551],[132.12013,33.86881],[132.12023,33.86994],[132.11984,33.87008],[132.11972,33.87016],[132.11952,33.87056],[132.11956,33.87085],[132.11927,33.87135],[132.1196,33.87086],[132.1198,33.87012],[132.1207,33.87068],[132.12063,33.8715],[132.11972,33.87132],[132.12054,33.87169],[132.12002,33.87549],[132.11815,33.87635],[132.11657,33.87833],[132.11581,33.87869],[132.11176,33.87797],[132.10943,33.88109],[132.10814,33.88097],[132.10582,33.88192],[132.10268,33.88158],[132.10046,33.88282],[132.09804,33.88305],[132.0965,33.88492],[132.09385,33.88542],[132.09345,33.88604],[132.09201,33.88646],[132.09132,33.88803],[132.09013,33.8888],[132.09054,33.88938],[132.08922,33.88885],[132.08778,33.88956],[132.08859,33.88929],[132.08895,33.8897],[132.08806,33.89024],[132.08796,33.88981],[132.08769,33.89051],[132.0868,33.8905],[132.08674,33.88997],[132.08677,33.8905],[132.08462,33.89071],[132.08454,33.89029],[132.0833,33.88922],[132.08296,33.88915],[132.0846,33.89072],[132.08293,33.89029],[132.08231,33.88975],[132.08265,33.88939],[132.08172,33.8902],[132.08272,33.89105],[132.08157,33.89028],[132.07927,33.89185],[132.0812,33.89083],[132.08172,33.89147],[132.0809,33.89216],[132.08046,33.89184],[132.08081,33.89227],[132.07974,33.89248],[132.07961,33.89211],[132.0797,33.89252],[132.07906,33.89269],[132.07826,33.89212],[132.07875,33.89202],[132.07885,33.89194],[132.07831,33.89204],[132.07703,33.89393],[132.0765,33.89404],[132.07605,33.89422],[132.07597,33.89429],[132.07529,33.89568],[132.07643,33.89411],[132.07695,33.89542],[132.07592,33.89532],[132.07671,33.89543],[132.07691,33.89601],[132.07716,33.90043],[132.07645,33.90103],[132.07607,33.90184],[132.07704,33.90082],[132.07702,33.90191],[132.07663,33.90177],[132.07652,33.90277],[132.07552,33.9043],[132.07422,33.90507],[132.07427,33.90513],[132.07471,33.90513],[132.07474,33.90516],[132.07355,33.9056],[132.07127,33.90544],[132.0712,33.90514],[132.07106,33.90501],[132.0705,33.90531],[132.07066,33.90484],[132.06901,33.90558],[132.06878,33.90463],[132.06708,33.90779],[132.06083,33.9095],[132.06047,33.90902],[132.06074,33.90947],[132.05947,33.91015],[132.05975,33.91017],[132.05982,33.91023],[132.05983,33.91031],[132.05975,33.91072],[132.05981,33.91025],[132.05944,33.91022],[132.05938,33.90971],[132.06035,33.90887],[132.05964,33.90792],[132.05811,33.90774],[132.05769,33.91015],[132.05481,33.90947],[132.05207,33.9095],[132.05292,33.90773],[132.05263,33.9076],[132.05204,33.90887],[132.04941,33.90836],[132.04489,33.90874],[132.04465,33.90951],[132.04601,33.91027],[132.04975,33.91086],[132.05596,33.91315],[132.05667,33.91411],[132.05629,33.91566],[132.05669,33.91557],[132.05672,33.91567]]]]}},{"type":"Feature","properties":{"id":"muni-35502","name":"阿武町"},"geometry":{"type":"MultiPolygon","coordinates":[[[[131.45767,34.49576],[131.45724,34.49537],[131.45696,34.49542],[131.45705,34.4958],[131.45767,34.49576]]],[[[131.45718,34.49795],[131.45827,34.49745],[131.45768,34.49695],[131.45598,34.49759],[131.45718,34.49795]]],[[[131.44929,34.51259],[131.44898,34.5128],[131.44908,34.51318],[131.44962,34.51303],[131.44929,34.51259]]],[[[131.44847,34.51452],[131.44938,34.51473],[131.4503,34.51436],[131.44999,34.51484],[131.45098,34.51438],[131.45077,34.51477],[131.45155,34.51543],[131.45168,34.51615],[131.45011,34.5169],[131.45116,34.51726],[131.45222,34.5162],[131.45232,34.51662],[131.45341,34.51675],[131.45315,34.51748],[131.4544,34.51839],[131.45386,34.52033],[131.45544,34.5202],[131.45604,34.52109],[131.45603,34.52164],[131.45527,34.52204],[131.45596,34.52242],[131.45548,34.52301],[131.45584,34.52363],[131.45524,34.5248],[131.45553,34.52543],[131.45623,34.52602],[131.45805,34.52619],[131.46325,34.53055],[131.46397,34.53146],[131.46381,34.53196],[131.46443,34.53203],[131.46432,34.53252],[131.46538,34.53351],[131.46531,34.53518],[131.46655,34.53673],[131.46631,34.53772],[131.46683,34.53842],[131.4683,34.53783],[131.46825,34.53698],[131.46866,34.53686],[131.46826,34.53671],[131.46879,34.53564],[131.47008,34.53475],[131.4698,34.53411],[131.47033,34.53336],[131.47307,34.53276],[131.47568,34.53304],[131.47809,34.53404],[131.47833,34.5337],[131.47797,34.53351],[131.47878,34.53318],[131.47893,34.53262],[131.48129,34.5315],[131.48262,34.53192],[131.48255,34.53264],[131.48348,34.53267],[131.48397,34.5332],[131.48473,34.53297],[131.48549,34.53339],[131.48545,34.53298],[131.48746,34.53272],[131.48902,34.53341],[131.4919,34.53268],[131.49126,34.53234],[131.49267,34.53129],[131.49643,34.5311],[131.49913,34.53195],[131.49909,34.53247],[131.49983,34.53226],[131.50015,34.53288],[131.50082,34.53227],[131.5036,34.53343],[131.50505,34.53517],[131.50549,34.53504],[131.50478,34.5356],[131.50473,34.53621],[131.50502,34.5355],[131.50559,34.53594],[131.50555,34.53711],[131.50453,34.5369],[131.50597,34.53789],[131.5068,34.54069],[131.50778,34.54224],[131.50935,34.54354],[131.5092,34.54399],[131.51016,34.54437],[131.51169,34.54719],[131.51362,34.54786],[131.51478,34.54894],[131.51495,34.55131],[131.51561,34.55223],[131.51552,34.5527],[131.51509,34.55232],[131.51501,34.55318],[131.51659,34.55416],[131.51787,34.55403],[131.51814,34.55444],[131.51867,34.55398],[131.52049,34.55399],[131.52139,34.55546],[131.52019,34.55671],[131.524,34.55589],[131.52554,34.55744],[131.5274,34.55804],[131.52821,34.55903],[131.528,34.5593],[131.5289,34.55888],[131.52952,34.5594],[131.52956,34.56025],[131.53084,34.55975],[131.5318,34.5601],[131.53287,34.55942],[131.53459,34.55984],[131.5397,34.56383],[131.5401,34.56452],[131.53961,34.56473],[131.53988,34.56518],[131.54039,34.565],[131.53971,34.56531],[131.54013,34.5652],[131.54089,34.56699],[131.53978,34.56693],[131.53964,34.56629],[131.53907,34.56554],[131.53963,34.5669],[131.54191,34.56783],[131.54115,34.56781],[131.54082,34.56818],[131.5414,34.56822],[131.541,34.56855],[131.54138,34.56873],[131.54082,34.56884],[131.54067,34.56842],[131.54048,34.56932],[131.54124,34.56923],[131.54252,34.57007],[131.54438,34.57012],[131.54684,34.57126],[131.5492,34.5728],[131.55075,34.5746],[131.55094,34.57441],[131.55108,34.57439],[131.55076,34.57462],[131.55217,34.57582],[131.55496,34.58],[131.55467,34.58125],[131.55321,34.58107],[131.55311,34.58114],[131.55379,34.58118],[131.55346,34.58185],[131.55436,34.58197],[131.5541,34.5825],[131.55456,34.58284],[131.55378,34.58256],[131.55276,34.58074],[131.55388,34.58312],[131.55356,34.58436],[131.55445,34.58482],[131.55477,34.58627],[131.55581,34.5872],[131.55599,34.58813],[131.55368,34.59169],[131.55116,34.59301],[131.55113,34.59404],[131.55186,34.59422],[131.55364,34.5967],[131.5573,34.59956],[131.558,34.6007],[131.55783,34.60313],[131.5616,34.6051],[131.56343,34.60722],[131.56486,34.60646],[131.56892,34.60568],[131.56968,34.60474],[131.57114,34.60499],[131.57663,34.60314],[131.5781,34.60339],[131.5799,34.60267],[131.58162,34.60273],[131.58302,34.59876],[131.58285,34.59766],[131.58487,34.59341],[131.58492,34.59233],[131.58681,34.59195],[131.58836,34.59005],[131.59002,34.59069],[131.59209,34.59059],[131.59419,34.58813],[131.59689,34.58848],[131.59789,34.58601],[131.60077,34.58286],[131.60054,34.58014],[131.59962,34.57937],[131.59964,34.57713],[131.59873,34.57608],[131.59899,34.57477],[131.59664,34.5747],[131.59658,34.57388],[131.59515,34.57273],[131.59568,34.57191],[131.59536,34.57097],[131.5961,34.57033],[131.59622,34.56871],[131.59541,34.56792],[131.59587,34.56699],[131.59427,34.56489],[131.59343,34.56477],[131.59126,34.56308],[131.59105,34.56074],[131.59144,34.55952],[131.58949,34.55865],[131.58923,34.55758],[131.5912,34.55704],[131.59572,34.55723],[131.5975,34.5554],[131.59809,34.55534],[131.59802,34.5546],[131.59869,34.55433],[131.59957,34.55278],[131.59936,34.55201],[131.59995,34.55088],[131.60255,34.55036],[131.6032,34.54962],[131.60453,34.55017],[131.60481,34.5488],[131.60673,34.54707],[131.60809,34.54647],[131.60874,34.54542],[131.60963,34.54571],[131.60999,34.54682],[131.61146,34.54697],[131.612,34.54748],[131.61282,34.54698],[131.61335,34.54767],[131.61483,34.54702],[131.61421,34.54682],[131.61301,34.54408],[131.61405,34.54219],[131.61493,34.54218],[131.61489,34.53982],[131.61763,34.53761],[131.61948,34.53767],[131.6199,34.53715],[131.61975,34.5359],[131.61843,34.53524],[131.61779,34.53408],[131.61906,34.53112],[131.61992,34.53065],[131.62109,34.53135],[131.62328,34.53061],[131.62545,34.52856],[131.62797,34.52982],[131.63052,34.53],[131.63119,34.53127],[131.63349,34.53193],[131.63479,34.5309],[131.63474,34.52943],[131.63652,34.5295],[131.63776,34.52899],[131.63632,34.5281],[131.63578,34.52597],[131.63731,34.52572],[131.63821,34.52403],[131.64002,34.52381],[131.64163,34.52302],[131.64219,34.52218],[131.6421,34.51972],[131.64346,34.51662],[131.64555,34.51642],[131.64617,34.51588],[131.64604,34.51494],[131.64753,34.51431],[131.64788,34.51363],[131.64509,34.51201],[131.63826,34.51003],[131.63813,34.50916],[131.6373,34.50853],[131.63194,34.50712],[131.63172,34.5066],[131.63219,34.50602],[131.63045,34.50552],[131.62875,34.50289],[131.62671,34.50321],[131.62255,34.50257],[131.62166,34.50186],[131.62051,34.49951],[131.6173,34.49868],[131.61639,34.49699],[131.61503,34.49627],[131.61408,34.49633],[131.61269,34.49859],[131.60863,34.49987],[131.60267,34.49778],[131.60047,34.49628],[131.59987,34.49489],[131.59831,34.49416],[131.59841,34.49327],[131.59679,34.49053],[131.59612,34.48797],[131.59466,34.48665],[131.59432,34.48551],[131.59256,34.48469],[131.59075,34.48425],[131.58911,34.48463],[131.58455,34.48184],[131.58165,34.48139],[131.57987,34.48192],[131.57722,34.48083],[131.5749,34.48142],[131.57343,34.48014],[131.57163,34.47993],[131.57146,34.48045],[131.57037,34.48062],[131.5665,34.48008],[131.56522,34.48398],[131.56373,34.48423],[131.56333,34.48473],[131.56293,34.48773],[131.56183,34.48959],[131.55818,34.49098],[131.55756,34.49273],[131.55551,34.49531],[131.55372,34.4964],[131.55189,34.4963],[131.54949,34.49729],[131.55022,34.50189],[131.54835,34.50433],[131.54617,34.50472],[131.54544,34.50644],[131.54723,34.51043],[131.54681,34.51413],[131.54357,34.51434],[131.54377,34.51616],[131.54303,34.51686],[131.53795,34.51562],[131.53497,34.5103],[131.53278,34.50933],[131.52984,34.50498],[131.52765,34.50625],[131.52599,34.50654],[131.52283,34.50517],[131.52167,34.50399],[131.52039,34.504],[131.5193,34.50284],[131.51689,34.50181],[131.51303,34.49874],[131.51089,34.49645],[131.51151,34.49555],[131.51281,34.49514],[131.51324,34.49315],[131.51411,34.49216],[131.51434,34.49111],[131.51351,34.48958],[131.51292,34.48908],[131.51119,34.48944],[131.5106,34.48855],[131.50857,34.48806],[131.50879,34.48941],[131.50584,34.49207],[131.50544,34.4908],[131.50601,34.48938],[131.50487,34.48858],[131.50272,34.48575],[131.50366,34.48455],[131.50288,34.48273],[131.49868,34.48468],[131.49741,34.48429],[131.49638,34.48332],[131.49302,34.48432],[131.49188,34.48671],[131.48943,34.48831],[131.4871,34.48786],[131.48499,34.48881],[131.4826,34.48828],[131.47987,34.48985],[131.47843,34.4925],[131.47351,34.48964],[131.47168,34.48957],[131.47075,34.48836],[131.46841,34.48701],[131.46788,34.48563],[131.46578,34.48543],[131.46197,34.48607],[131.4628,34.48755],[131.46323,34.49064],[131.46762,34.49692],[131.467,34.49892],[131.46582,34.49876],[131.4653,34.49902],[131.46547,34.49938],[131.46375,34.49986],[131.46591,34.49932],[131.46564,34.50078],[131.46725,34.50091],[131.46629,34.50173],[131.46529,34.50186],[131.46522,34.50145],[131.46306,34.50076],[131.4633,34.50062],[131.46341,34.50045],[131.46154,34.50056],[131.46027,34.49971],[131.45949,34.50182],[131.45827,34.50265],[131.45851,34.50393],[131.4593,34.50471],[131.45913,34.50607],[131.4577,34.50777],[131.45609,34.50864],[131.45506,34.50844],[131.45528,34.50795],[131.45304,34.50729],[131.45236,34.50636],[131.45065,34.50634],[131.45011,34.50697],[131.45024,34.5079],[131.45248,34.50832],[131.45232,34.50886],[131.45281,34.50901],[131.45239,34.50953],[131.45276,34.50941],[131.45294,34.50996],[131.4548,34.51115],[131.4548,34.51204],[131.45404,34.51365],[131.45317,34.51433],[131.45279,34.51397],[131.45312,34.51435],[131.45261,34.51464],[131.45167,34.51451],[131.45273,34.51386],[131.451,34.51432],[131.45182,34.51345],[131.45054,34.51275],[131.45081,34.51228],[131.44979,34.51337],[131.4488,34.51337],[131.44847,34.51452]]],[[[131.49137,34.54556],[131.49199,34.54459],[131.49229,34.54505],[131.49224,34.54404],[131.49287,34.5429],[131.4908,34.54405],[131.49068,34.54513],[131.49137,34.54556]]],[[[131.51618,34.5657],[131.51741,34.56573],[131.5176,34.56506],[131.51778,34.56551],[131.5181,34.5653],[131.51799,34.56442],[131.51732,34.56426],[131.51661,34.56494],[131.51641,34.5643],[131.51622,34.5646],[131.5154,34.56427],[131.51394,34.56467],[131.51309,34.56549],[131.51315,34.56615],[131.5137,34.56583],[131.51458,34.5669],[131.5157,34.56674],[131.51618,34.5657]]],[[[131.47866,34.57466],[131.48079,34.57495],[131.48085,34.5745],[131.48024,34.5739],[131.48014,34.57294],[131.47946,34.57264],[131.47854,34.57324],[131.47778,34.57459],[131.47817,34.57456],[131.47796,34.575],[131.47866,34.57466]]]]}}]}