{"type":"FeatureCollection","features":[{"type":"Feature","properties":{"id":"muni-42201","name":"長崎市"},"geometry":{"type":"MultiPolygon","coordinates":[[[[129.73644,32.62627],[129.73876,32.62963],[129.74002,32.62906],[129.73804,32.62603],[129.73665,32.62591],[129.73644,32.62627]]],[[[129.74721,32.63624],[129.74694,32.63309],[129.7477,32.63168],[129.74727,32.63116],[129.74669,32.63162],[129.74651,32.63392],[129.74595,32.63494],[129.74633,32.63632],[129.74721,32.63624]]],[[[129.79619,32.63939],[129.79658,32.63937],[129.79627,32.63915],[129.79619,32.63939]]],[[[129.75806,32.66989],[129.75831,32.66854],[129.75702,32.66509],[129.75748,32.66406],[129.75864,32.66381],[129.75913,32.66434],[129.75949,32.66347],[129.75664,32.66137],[129.75534,32.65867],[129.75603,32.65878],[129.75683,32.65566],[129.75771,32.65452],[129.75833,32.65484],[129.75818,32.65705],[129.75917,32.65755],[129.75825,32.65693],[129.7585,32.65482],[129.75722,32.65101],[129.75387,32.64847],[129.75313,32.65175],[129.75104,32.65577],[129.75019,32.65717],[129.74628,32.66092],[129.74628,32.66171],[129.74744,32.66201],[129.74712,32.66261],[129.74775,32.66251],[129.75017,32.66622],[129.75125,32.66642],[129.75114,32.66723],[129.75196,32.66619],[129.75431,32.66657],[129.75192,32.66601],[129.75224,32.66502],[129.75185,32.6644],[129.7525,32.66503],[129.75417,32.66466],[129.75457,32.66632],[129.75673,32.66518],[129.75778,32.66814],[129.757,32.66912],[129.75806,32.66989]]],[[[129.782,32.69743],[129.78377,32.69639],[129.78371,32.69692],[129.78565,32.69636],[129.78531,32.69178],[129.78449,32.69119],[129.78327,32.69156],[129.782,32.69053],[129.77996,32.69],[129.77719,32.6914],[129.77667,32.69308],[129.77678,32.69522],[129.77423,32.69792],[129.77198,32.69939],[129.77112,32.70064],[129.7746,32.70106],[129.77729,32.70179],[129.77903,32.70271],[129.78043,32.70222],[129.78029,32.69909],[129.78337,32.69838],[129.782,32.69743]]],[[[129.75977,32.71544],[129.76379,32.71444],[129.76411,32.71354],[129.76548,32.71272],[129.76566,32.7119],[129.76648,32.7122],[129.76694,32.71181],[129.76794,32.71216],[129.76803,32.71306],[129.76887,32.71292],[129.7682,32.71104],[129.76914,32.70997],[129.76996,32.7102],[129.77117,32.70964],[129.77184,32.70828],[129.77331,32.7081],[129.7734,32.70887],[129.77481,32.70991],[129.77997,32.70541],[129.78,32.70494],[129.78106,32.70497],[129.78153,32.7047],[129.78017,32.70488],[129.78023,32.70275],[129.77912,32.70316],[129.7774,32.70206],[129.77553,32.70159],[129.77551,32.70212],[129.77475,32.7023],[129.77489,32.70183],[129.77428,32.70129],[129.77236,32.70186],[129.77198,32.70303],[129.76932,32.70305],[129.76987,32.70411],[129.76786,32.70603],[129.76396,32.70661],[129.76128,32.70939],[129.75988,32.71361],[129.76021,32.71403],[129.75977,32.71544]]],[[[129.55226,32.86634],[129.55297,32.86659],[129.55325,32.86622],[129.55226,32.86634]]],[[[129.62703,32.86684],[129.62766,32.86709],[129.62808,32.86678],[129.6274,32.86635],[129.62703,32.86684]]],[[[129.55734,32.869],[129.56076,32.86849],[129.56189,32.86899],[129.56334,32.86878],[129.56367,32.8677],[129.56193,32.86669],[129.55824,32.86644],[129.55552,32.86793],[129.55337,32.86812],[129.55283,32.86877],[129.55329,32.8695],[129.55417,32.86947],[129.55549,32.87025],[129.55686,32.86961],[129.55732,32.86987],[129.55692,32.86953],[129.55734,32.869]]],[[[129.62926,32.86812],[129.62986,32.86944],[129.63136,32.86995],[129.63192,32.86835],[129.63159,32.86771],[129.63069,32.86747],[129.62926,32.86812]]],[[[129.56638,32.8698],[129.56958,32.87019],[129.56971,32.86984],[129.56789,32.86849],[129.56609,32.86841],[129.56638,32.8698]]],[[[129.54744,32.87532],[129.54663,32.87615],[129.54373,32.87687],[129.54364,32.87781],[129.5451,32.87825],[129.54754,32.87759],[129.55118,32.87573],[129.55154,32.87511],[129.54744,32.87532]]],[[[129.79591,32.88189],[129.79541,32.88197],[129.79518,32.88234],[129.79592,32.88227],[129.79591,32.88189]]],[[[129.60805,32.88979],[129.60722,32.88875],[129.6077,32.88829],[129.60705,32.88861],[129.60619,32.88789],[129.60578,32.88841],[129.60499,32.88841],[129.60604,32.88851],[129.60577,32.88923],[129.60436,32.88888],[129.6045,32.88853],[129.60406,32.88881],[129.60252,32.8877],[129.6027,32.88712],[129.60492,32.8865],[129.60563,32.88741],[129.60635,32.88753],[129.60645,32.887],[129.60745,32.88739],[129.60824,32.88725],[129.60659,32.88687],[129.60578,32.88558],[129.60613,32.88518],[129.60563,32.88521],[129.60331,32.88219],[129.6019,32.88113],[129.59973,32.88015],[129.59644,32.88003],[129.59104,32.88045],[129.58999,32.8816],[129.59038,32.88288],[129.59307,32.88556],[129.59608,32.88665],[129.59809,32.88824],[129.59868,32.89012],[129.60347,32.89109],[129.60805,32.88979]]],[[[129.78591,32.90589],[129.78595,32.90658],[129.78632,32.90655],[129.78591,32.90589]]],[[[129.79273,32.91041],[129.79394,32.91023],[129.79434,32.90945],[129.79218,32.90936],[129.79273,32.91041]]],[[[129.78871,32.92436],[129.78881,32.92421],[129.78868,32.92421],[129.78871,32.92436]]],[[[129.79731,32.63914],[129.79683,32.63895],[129.79658,32.63932],[129.79703,32.63953],[129.79731,32.63914]]],[[[129.79807,32.65089],[129.79924,32.64985],[129.79877,32.64828],[129.79728,32.64854],[129.79807,32.6494],[129.79731,32.65072],[129.79807,32.65089]]],[[[129.79619,32.65838],[129.79764,32.65738],[129.79808,32.65623],[129.79774,32.65603],[129.79837,32.6553],[129.79729,32.6557],[129.79727,32.65667],[129.79574,32.65751],[129.79619,32.65838]]],[[[129.83182,32.69151],[129.83232,32.69093],[129.82995,32.69074],[129.82969,32.69111],[129.82971,32.69164],[129.83038,32.69196],[129.83212,32.69193],[129.83182,32.69151]]],[[[129.83215,32.71594],[129.83158,32.71466],[129.82941,32.71484],[129.82974,32.71581],[129.83088,32.71681],[129.83215,32.71594]]],[[[129.81273,32.71944],[129.81227,32.71918],[129.81214,32.7209],[129.81276,32.7203],[129.81273,32.71944]]],[[[129.80749,32.72493],[129.80825,32.72327],[129.80764,32.72307],[129.80749,32.72493]]],[[[129.97842,32.74584],[129.97952,32.7437],[129.97919,32.7433],[129.97813,32.74441],[129.97842,32.74584]]],[[[129.69067,32.84853],[129.68576,32.85202],[129.68462,32.85332],[129.68377,32.85321],[129.68489,32.85434],[129.68413,32.85868],[129.68176,32.86306],[129.68007,32.86516],[129.6803,32.86547],[129.67997,32.86524],[129.67749,32.86726],[129.67794,32.8737],[129.67932,32.87472],[129.67967,32.87646],[129.67935,32.87685],[129.68011,32.87959],[129.67918,32.88011],[129.6796,32.88024],[129.67903,32.88118],[129.67788,32.88023],[129.67779,32.88116],[129.67867,32.8813],[129.67864,32.88217],[129.67747,32.88419],[129.67516,32.88447],[129.67289,32.88667],[129.66962,32.89349],[129.66856,32.89424],[129.66898,32.89568],[129.66977,32.89651],[129.67318,32.89729],[129.67532,32.89864],[129.67706,32.90185],[129.67952,32.90259],[129.67987,32.90334],[129.68251,32.90403],[129.68831,32.90343],[129.69117,32.90265],[129.69316,32.90343],[129.698,32.90347],[129.69833,32.90438],[129.69943,32.90473],[129.69943,32.90613],[129.70064,32.90608],[129.70137,32.9067],[129.70379,32.90626],[129.70494,32.90667],[129.70542,32.90624],[129.70623,32.90646],[129.70672,32.90776],[129.70817,32.90859],[129.708,32.90906],[129.70863,32.90961],[129.70899,32.91264],[129.71105,32.91188],[129.71174,32.91066],[129.71302,32.91066],[129.71372,32.91113],[129.71412,32.91034],[129.71565,32.90974],[129.71803,32.91074],[129.7186,32.91144],[129.72278,32.91088],[129.72609,32.91101],[129.72692,32.91206],[129.72807,32.91223],[129.72971,32.91105],[129.73055,32.91133],[129.73138,32.9124],[129.73129,32.9133],[129.73362,32.9151],[129.73696,32.91403],[129.73763,32.91317],[129.7391,32.91414],[129.73938,32.91506],[129.74047,32.91601],[129.74132,32.91831],[129.74255,32.91882],[129.74167,32.91959],[129.74118,32.92194],[129.73973,32.92291],[129.73879,32.92534],[129.73867,32.92728],[129.73701,32.92889],[129.73728,32.92977],[129.73617,32.93099],[129.7368,32.93178],[129.73794,32.93215],[129.7396,32.93384],[129.73997,32.93508],[129.74146,32.93618],[129.73953,32.93909],[129.74153,32.94405],[129.74103,32.94742],[129.74359,32.94735],[129.75673,32.95181],[129.76063,32.95346],[129.76106,32.95441],[129.7622,32.95428],[129.76388,32.95533],[129.76625,32.95491],[129.77051,32.95664],[129.77387,32.95663],[129.77514,32.95755],[129.77723,32.9581],[129.77803,32.95919],[129.77959,32.95928],[129.78155,32.96239],[129.78304,32.96207],[129.78377,32.96256],[129.78402,32.96208],[129.786,32.9632],[129.78618,32.96519],[129.78739,32.96571],[129.78731,32.96625],[129.78973,32.96739],[129.79025,32.96708],[129.79061,32.96741],[129.79095,32.96696],[129.79092,32.96769],[129.79164,32.96861],[129.79306,32.96839],[129.79372,32.96719],[129.79525,32.96654],[129.80054,32.96555],[129.80158,32.96488],[129.80253,32.9651],[129.80277,32.96409],[129.80366,32.96326],[129.80779,32.96152],[129.80768,32.9611],[129.80672,32.96124],[129.80768,32.96059],[129.80822,32.96092],[129.80921,32.96021],[129.811,32.96045],[129.81165,32.95933],[129.81226,32.95968],[129.81364,32.95748],[129.8137,32.95666],[129.81429,32.95717],[129.81463,32.95611],[129.81588,32.95649],[129.81526,32.95561],[129.81549,32.95433],[129.8169,32.95391],[129.81561,32.9526],[129.81629,32.95031],[129.81573,32.95002],[129.81556,32.94866],[129.81481,32.9485],[129.81583,32.9478],[129.81521,32.94697],[129.81633,32.94712],[129.81689,32.9483],[129.81774,32.94865],[129.8186,32.94688],[129.81778,32.94514],[129.81666,32.94598],[129.815,32.9455],[129.81552,32.94493],[129.81681,32.94521],[129.81779,32.94438],[129.81755,32.94336],[129.81635,32.94299],[129.8157,32.94223],[129.81663,32.94078],[129.81724,32.94078],[129.81738,32.94138],[129.81799,32.9411],[129.81773,32.94],[129.81692,32.93975],[129.81693,32.93687],[129.8163,32.9369],[129.8154,32.93811],[129.81398,32.93845],[129.81288,32.93992],[129.81238,32.93974],[129.81316,32.93767],[129.81475,32.93675],[129.81406,32.93584],[129.81449,32.93542],[129.8151,32.93581],[129.8163,32.93555],[129.81747,32.93338],[129.81735,32.93302],[129.81632,32.93348],[129.81599,32.93255],[129.81543,32.93255],[129.81522,32.93307],[129.813,32.93261],[129.81393,32.93098],[129.81483,32.93106],[129.81513,32.93061],[129.81449,32.92964],[129.8145,32.92833],[129.81519,32.92766],[129.81516,32.9267],[129.81614,32.9266],[129.81646,32.926],[129.81409,32.92436],[129.81352,32.92326],[129.8133,32.92093],[129.8115,32.92043],[129.81191,32.91982],[129.80919,32.91931],[129.80909,32.91825],[129.81003,32.91786],[129.80942,32.91661],[129.80856,32.91691],[129.80708,32.91647],[129.80619,32.91721],[129.8048,32.91745],[129.80452,32.91803],[129.80345,32.9176],[129.80207,32.91824],[129.80194,32.91792],[129.8018,32.91985],[129.80043,32.91984],[129.80077,32.92094],[129.79909,32.92042],[129.79939,32.92117],[129.80033,32.92169],[129.79971,32.92181],[129.79975,32.92258],[129.79863,32.92205],[129.79803,32.92254],[129.79835,32.92293],[129.79785,32.92389],[129.79924,32.92427],[129.80012,32.92533],[129.79884,32.92487],[129.79698,32.92516],[129.79692,32.92599],[129.79766,32.92635],[129.80022,32.92595],[129.79951,32.92732],[129.80114,32.92777],[129.80137,32.92805],[129.80056,32.92926],[129.80072,32.9301],[129.7988,32.92954],[129.79809,32.93023],[129.799,32.93071],[129.79951,32.93049],[129.79967,32.93138],[129.80101,32.93209],[129.80063,32.93279],[129.80097,32.93369],[129.8029,32.93487],[129.80238,32.93545],[129.80196,32.93505],[129.7998,32.93518],[129.80084,32.93686],[129.80239,32.9378],[129.80239,32.93848],[129.80103,32.93887],[129.80067,32.93953],[129.79938,32.93837],[129.79778,32.93829],[129.79796,32.93683],[129.7975,32.93594],[129.79692,32.93584],[129.7975,32.93514],[129.79671,32.93317],[129.79485,32.93246],[129.79408,32.93299],[129.79536,32.93312],[129.79474,32.93404],[129.79603,32.93439],[129.79489,32.93502],[129.79578,32.93551],[129.79588,32.93587],[129.79518,32.93621],[129.7959,32.93662],[129.79622,32.93795],[129.79521,32.93855],[129.79626,32.93952],[129.79545,32.93978],[129.79628,32.93995],[129.79608,32.94044],[129.79655,32.94107],[129.79781,32.94055],[129.79781,32.9411],[129.7987,32.94116],[129.79763,32.94196],[129.79799,32.94253],[129.79648,32.94281],[129.7971,32.94323],[129.79664,32.94361],[129.79679,32.9443],[129.79832,32.94384],[129.79858,32.94419],[129.79752,32.94474],[129.79699,32.9459],[129.79823,32.946],[129.79674,32.94685],[129.79665,32.94744],[129.79941,32.94871],[129.79977,32.94962],[129.79911,32.95054],[129.80016,32.95111],[129.79954,32.95211],[129.79972,32.95295],[129.79856,32.9546],[129.79775,32.95357],[129.79703,32.95395],[129.79582,32.95192],[129.79176,32.9521],[129.78628,32.94871],[129.7868,32.94826],[129.78619,32.94852],[129.78517,32.94702],[129.78443,32.94395],[129.78456,32.9426],[129.78221,32.94386],[129.78453,32.94237],[129.7838,32.94227],[129.78333,32.94113],[129.78427,32.93988],[129.78436,32.93798],[129.7831,32.93784],[129.78504,32.93681],[129.78399,32.93587],[129.7838,32.93499],[129.78429,32.9347],[129.78348,32.93423],[129.78346,32.9337],[129.78404,32.93363],[129.78372,32.93345],[129.78343,32.93291],[129.78525,32.93351],[129.78598,32.93249],[129.78509,32.93133],[129.78708,32.93129],[129.78603,32.9302],[129.78383,32.93067],[129.78443,32.92993],[129.78665,32.92926],[129.78399,32.92817],[129.78583,32.92807],[129.78659,32.92699],[129.78678,32.92759],[129.78754,32.92751],[129.78731,32.92654],[129.78833,32.9254],[129.78771,32.92458],[129.78882,32.92327],[129.78797,32.92257],[129.78893,32.92202],[129.78833,32.92128],[129.7891,32.92084],[129.78784,32.91984],[129.78833,32.91929],[129.78715,32.91881],[129.78549,32.919],[129.785,32.91822],[129.78588,32.91821],[129.78606,32.91753],[129.78685,32.91771],[129.78757,32.91694],[129.79009,32.91631],[129.79027,32.91541],[129.79099,32.91566],[129.792,32.91729],[129.79311,32.91698],[129.79342,32.91679],[129.79288,32.91579],[129.79307,32.91508],[129.79386,32.91479],[129.79291,32.91368],[129.7922,32.91353],[129.79188,32.91272],[129.79098,32.91313],[129.7902,32.91209],[129.78894,32.91214],[129.78961,32.91272],[129.78916,32.9131],[129.78945,32.91373],[129.78725,32.91518],[129.78625,32.9151],[129.78534,32.91451],[129.78506,32.91369],[129.78526,32.91398],[129.78554,32.91298],[129.7848,32.91168],[129.78552,32.90998],[129.78465,32.90949],[129.78463,32.90871],[129.78327,32.90874],[129.7839,32.90841],[129.78268,32.90807],[129.78412,32.90807],[129.78353,32.90798],[129.78483,32.90711],[129.78456,32.90694],[129.78787,32.90309],[129.78832,32.90209],[129.78757,32.90126],[129.7899,32.8995],[129.79009,32.90043],[129.78961,32.90113],[129.79006,32.90242],[129.7893,32.90279],[129.78961,32.90335],[129.78858,32.9043],[129.78877,32.90469],[129.78834,32.90488],[129.78874,32.9055],[129.79004,32.90569],[129.78946,32.90462],[129.78996,32.90455],[129.79034,32.90328],[129.79144,32.90299],[129.79083,32.90246],[129.7929,32.90118],[129.79486,32.90086],[129.79532,32.90245],[129.79638,32.90231],[129.79603,32.90263],[129.79314,32.90224],[129.79236,32.90261],[129.79204,32.90359],[129.79278,32.90406],[129.79118,32.90439],[129.79178,32.90513],[129.79123,32.906],[129.79269,32.9059],[129.79197,32.90664],[129.79114,32.90669],[129.79157,32.90795],[129.79262,32.90789],[129.79264,32.90843],[129.79361,32.90838],[129.79403,32.90789],[129.79492,32.90811],[129.79536,32.90683],[129.7941,32.90617],[129.79463,32.90613],[129.79507,32.90524],[129.79547,32.9063],[129.79643,32.90613],[129.79585,32.90707],[129.79643,32.90735],[129.79606,32.90809],[129.79786,32.90796],[129.79772,32.90872],[129.79626,32.90889],[129.79677,32.90986],[129.79771,32.90927],[129.79771,32.91018],[129.79815,32.90977],[129.79953,32.90988],[129.79957,32.90921],[129.80035,32.90919],[129.8009,32.90852],[129.80125,32.90895],[129.80164,32.90808],[129.80311,32.9084],[129.80349,32.90794],[129.80416,32.90816],[129.8053,32.90772],[129.80526,32.9081],[129.80622,32.90846],[129.80451,32.90877],[129.8069,32.90876],[129.80743,32.90817],[129.80651,32.90788],[129.80499,32.90537],[129.805,32.90383],[129.80451,32.90297],[129.80326,32.90268],[129.80333,32.90213],[129.80436,32.90203],[129.80399,32.90088],[129.80523,32.90004],[129.80583,32.89832],[129.80382,32.89765],[129.80391,32.89721],[129.80486,32.89701],[129.80454,32.89553],[129.80611,32.8957],[129.80465,32.89436],[129.80536,32.89355],[129.80666,32.89421],[129.80687,32.89296],[129.80742,32.89268],[129.80852,32.89346],[129.80803,32.89393],[129.80864,32.89434],[129.80955,32.89377],[129.80993,32.89286],[129.80999,32.89472],[129.81065,32.89534],[129.81103,32.89486],[129.81054,32.89344],[129.81101,32.89185],[129.80972,32.8918],[129.80847,32.88997],[129.80988,32.88906],[129.80848,32.88778],[129.80765,32.88787],[129.80877,32.88714],[129.80845,32.88609],[129.8072,32.88621],[129.80754,32.88636],[129.80691,32.8869],[129.80555,32.88675],[129.80531,32.88627],[129.80602,32.88619],[129.80534,32.88619],[129.80522,32.88545],[129.80446,32.88519],[129.80458,32.88469],[129.80372,32.88452],[129.80421,32.88382],[129.80307,32.88374],[129.80239,32.8827],[129.80371,32.88101],[129.80373,32.88034],[129.80168,32.87968],[129.80179,32.88023],[129.80005,32.88024],[129.80001,32.88147],[129.80135,32.88254],[129.80069,32.88281],[129.79955,32.8822],[129.79938,32.88227],[129.79971,32.88362],[129.79796,32.8817],[129.79598,32.88237],[129.79533,32.88364],[129.79442,32.883],[129.79458,32.88438],[129.79525,32.88465],[129.79463,32.88495],[129.79518,32.88553],[129.79417,32.88594],[129.79386,32.88661],[129.79444,32.88779],[129.79527,32.88802],[129.79798,32.88649],[129.79826,32.88804],[129.79643,32.88929],[129.79407,32.88911],[129.79371,32.88825],[129.79293,32.88803],[129.79061,32.88528],[129.7902,32.88406],[129.79078,32.88294],[129.78948,32.88219],[129.79072,32.88154],[129.78942,32.88087],[129.79032,32.88],[129.79,32.87911],[129.7914,32.87826],[129.7915,32.87737],[129.79051,32.87686],[129.78937,32.87711],[129.78868,32.87629],[129.7889,32.8757],[129.78845,32.87545],[129.789,32.87495],[129.78822,32.87461],[129.78856,32.87406],[129.78797,32.87316],[129.78946,32.8697],[129.78907,32.86887],[129.78767,32.86837],[129.78879,32.86817],[129.78719,32.86326],[129.78755,32.86302],[129.7887,32.86626],[129.79092,32.86835],[129.79149,32.8709],[129.79181,32.87085],[129.79135,32.87244],[129.79331,32.87357],[129.79464,32.8727],[129.7948,32.87359],[129.79579,32.87324],[129.79642,32.87206],[129.79619,32.87135],[129.79717,32.8709],[129.79502,32.86987],[129.79493,32.86727],[129.79111,32.86309],[129.79208,32.86244],[129.79307,32.86313],[129.79367,32.86247],[129.79382,32.85882],[129.79465,32.85664],[129.79615,32.85578],[129.79662,32.85487],[129.79998,32.85377],[129.80028,32.85056],[129.80229,32.84846],[129.80152,32.8466],[129.80192,32.84628],[129.80162,32.84462],[129.80305,32.84108],[129.80219,32.84004],[129.80252,32.83953],[129.8021,32.83868],[129.80504,32.84037],[129.80753,32.83835],[129.80808,32.83668],[129.80995,32.83605],[129.81404,32.83568],[129.81513,32.83299],[129.81422,32.83209],[129.81434,32.83117],[129.81564,32.82903],[129.81719,32.82862],[129.81828,32.82769],[129.81818,32.82701],[129.82054,32.82622],[129.82059,32.82522],[129.81956,32.82344],[129.81924,32.82083],[129.81954,32.82025],[129.81796,32.81913],[129.81692,32.81753],[129.81805,32.81597],[129.81814,32.81498],[129.82095,32.81484],[129.82547,32.81626],[129.82807,32.81777],[129.83206,32.81726],[129.83245,32.81634],[129.83367,32.81646],[129.83456,32.81572],[129.83729,32.81605],[129.83715,32.81651],[129.83877,32.8173],[129.84013,32.81699],[129.83978,32.81648],[129.84073,32.81592],[129.84019,32.81532],[129.84067,32.81487],[129.83992,32.81436],[129.83981,32.81323],[129.84025,32.81301],[129.83921,32.8122],[129.83873,32.81007],[129.83968,32.80967],[129.84202,32.81121],[129.84418,32.81119],[129.84488,32.8118],[129.84565,32.81144],[129.84652,32.81219],[129.8476,32.81083],[129.84815,32.80874],[129.84944,32.80813],[129.84965,32.80748],[129.85049,32.80725],[129.85088,32.80788],[129.8516,32.80795],[129.85151,32.8069],[129.85203,32.80644],[129.85288,32.8069],[129.8526,32.80594],[129.85076,32.80542],[129.85348,32.8036],[129.85472,32.80189],[129.85604,32.80174],[129.8557,32.80143],[129.85597,32.80102],[129.85651,32.80124],[129.85748,32.80077],[129.85816,32.79909],[129.86059,32.79844],[129.86171,32.79855],[129.86202,32.80018],[129.86409,32.80108],[129.86482,32.80455],[129.86543,32.80515],[129.8652,32.80644],[129.86595,32.80689],[129.86675,32.80845],[129.86772,32.80866],[129.86802,32.80811],[129.86928,32.80767],[129.86921,32.80633],[129.87004,32.80612],[129.87016,32.80564],[129.86973,32.80425],[129.86852,32.80413],[129.86737,32.80261],[129.8666,32.79974],[129.86743,32.7989],[129.86666,32.79797],[129.86672,32.79735],[129.86812,32.79607],[129.86928,32.79716],[129.87021,32.79964],[129.86976,32.80153],[129.86998,32.80294],[129.87084,32.80323],[129.8707,32.80381],[129.87188,32.80434],[129.87202,32.80485],[129.87271,32.80461],[129.8735,32.80513],[129.8743,32.80632],[129.87559,32.80651],[129.87719,32.80592],[129.87936,32.80685],[129.88077,32.80827],[129.88214,32.807],[129.88101,32.80473],[129.88174,32.80501],[129.88408,32.80388],[129.8846,32.80586],[129.88761,32.80651],[129.88828,32.80805],[129.89036,32.80818],[129.8912,32.81],[129.89348,32.81099],[129.89336,32.8123],[129.89594,32.81064],[129.89851,32.81022],[129.89923,32.81054],[129.90098,32.80963],[129.90375,32.80929],[129.90718,32.8104],[129.90906,32.81034],[129.91032,32.81171],[129.91243,32.81104],[129.91569,32.81317],[129.9178,32.81372],[129.91894,32.81579],[129.92103,32.8174],[129.92175,32.81898],[129.9241,32.82081],[129.92479,32.8202],[129.9266,32.82057],[129.93111,32.82005],[129.93123,32.81889],[129.93249,32.81723],[129.93464,32.81612],[129.94019,32.81698],[129.94484,32.81916],[129.9471,32.81885],[129.94822,32.81971],[129.94965,32.81966],[129.95044,32.81929],[129.95167,32.81737],[129.95329,32.8173],[129.95516,32.81631],[129.95598,32.81533],[129.95586,32.8147],[129.95718,32.81171],[129.95932,32.81225],[129.96008,32.81133],[129.95985,32.81041],[129.96142,32.81069],[129.96154,32.81035],[129.96295,32.81062],[129.96312,32.81031],[129.96343,32.81074],[129.96572,32.811],[129.96722,32.81237],[129.96935,32.81267],[129.97012,32.81426],[129.97106,32.81434],[129.97447,32.81664],[129.97583,32.81874],[129.9765,32.81717],[129.97803,32.81761],[129.97908,32.81613],[129.97946,32.81308],[129.98064,32.81057],[129.98183,32.81022],[129.98262,32.80926],[129.9834,32.80932],[129.98532,32.80833],[129.98599,32.80697],[129.98736,32.80607],[129.98821,32.80665],[129.99174,32.80698],[129.99291,32.80628],[129.99345,32.80488],[129.99322,32.80348],[129.99186,32.8012],[129.98934,32.79957],[129.98876,32.79676],[129.98997,32.79578],[129.98925,32.79265],[129.98964,32.78692],[129.99071,32.784],[129.9926,32.78322],[129.99356,32.78194],[129.99297,32.78112],[129.99381,32.77942],[129.99353,32.77876],[129.99226,32.77895],[129.99163,32.77786],[129.9907,32.77749],[129.99038,32.77638],[129.98857,32.77531],[129.98859,32.7731],[129.98717,32.77171],[129.98682,32.77006],[129.98768,32.76896],[129.98848,32.7694],[129.98825,32.76888],[129.98926,32.76823],[129.98922,32.76757],[129.98996,32.76682],[129.98924,32.76524],[129.98938,32.7639],[129.99089,32.76275],[129.98988,32.7614],[129.99009,32.76075],[129.989,32.76099],[129.98892,32.76036],[129.98753,32.75906],[129.9831,32.76107],[129.98352,32.76157],[129.98305,32.76111],[129.98141,32.76201],[129.97972,32.76194],[129.98186,32.76211],[129.98183,32.76255],[129.98054,32.76354],[129.97866,32.76348],[129.97852,32.76222],[129.97916,32.76207],[129.97697,32.76206],[129.97695,32.76019],[129.97667,32.75976],[129.97685,32.75892],[129.97753,32.75874],[129.978,32.7589],[129.97828,32.76055],[129.98069,32.76003],[129.98059,32.75849],[129.98103,32.75846],[129.98059,32.75847],[129.98049,32.75763],[129.97871,32.75694],[129.97861,32.75611],[129.97925,32.75593],[129.9786,32.75603],[129.97808,32.7546],[129.97849,32.75401],[129.97991,32.75339],[129.97998,32.75321],[129.97866,32.75388],[129.97792,32.75263],[129.97914,32.75217],[129.97947,32.75266],[129.97913,32.75214],[129.98067,32.75101],[129.98069,32.75043],[129.98179,32.75004],[129.9818,32.75049],[129.98317,32.75093],[129.98516,32.7528],[129.98631,32.75251],[129.98711,32.75054],[129.98776,32.75041],[129.98812,32.75101],[129.98717,32.7525],[129.98738,32.75306],[129.98917,32.75175],[129.9893,32.75056],[129.98681,32.74744],[129.98499,32.74718],[129.98417,32.74614],[129.98343,32.7469],[129.98411,32.74728],[129.98415,32.74795],[129.98316,32.74871],[129.97906,32.74795],[129.97841,32.74726],[129.97799,32.7488],[129.97477,32.75014],[129.97291,32.75029],[129.97155,32.74914],[129.97014,32.74925],[129.97066,32.75043],[129.97051,32.75206],[129.96941,32.75305],[129.96771,32.75316],[129.96779,32.75352],[129.96585,32.7547],[129.96732,32.7539],[129.96825,32.75501],[129.96715,32.75567],[129.96742,32.75602],[129.96709,32.75619],[129.96627,32.75524],[129.96703,32.75622],[129.96578,32.75715],[129.96551,32.75904],[129.96403,32.76116],[129.96428,32.76229],[129.96525,32.76242],[129.96631,32.76014],[129.96701,32.75997],[129.96717,32.76086],[129.9689,32.75976],[129.96961,32.75997],[129.97019,32.75894],[129.9705,32.7597],[129.97195,32.75998],[129.97218,32.76018],[129.97218,32.76053],[129.9723,32.76058],[129.97303,32.76],[129.97379,32.76029],[129.97397,32.75941],[129.97468,32.75901],[129.97471,32.75877],[129.97478,32.75876],[129.97531,32.7593],[129.97523,32.76007],[129.97576,32.75984],[129.9768,32.76029],[129.97684,32.76201],[129.97422,32.76228],[129.97174,32.76316],[129.97172,32.7642],[129.97108,32.76323],[129.97011,32.76345],[129.96997,32.76389],[129.96966,32.76433],[129.96995,32.76312],[129.96883,32.76308],[129.96858,32.76357],[129.96767,32.76304],[129.96699,32.76314],[129.96696,32.76382],[129.96633,32.76383],[129.96609,32.7646],[129.96644,32.76511],[129.96279,32.76497],[129.96188,32.76425],[129.96153,32.76452],[129.96185,32.76492],[129.95993,32.7649],[129.95907,32.76435],[129.95922,32.76504],[129.95681,32.76491],[129.9552,32.76428],[129.95587,32.7631],[129.95189,32.76115],[129.95222,32.76089],[129.94946,32.76051],[129.94707,32.75898],[129.94713,32.75617],[129.94746,32.75605],[129.94712,32.75611],[129.94696,32.75538],[129.94763,32.75461],[129.94736,32.75442],[129.94854,32.75296],[129.94916,32.7533],[129.94818,32.75574],[129.94971,32.75412],[129.95103,32.75103],[129.95311,32.74915],[129.95312,32.74792],[129.95406,32.74735],[129.95484,32.74625],[129.95482,32.74529],[129.95656,32.74319],[129.95656,32.74154],[129.95555,32.74128],[129.95483,32.73984],[129.95312,32.73908],[129.95369,32.73851],[129.95355,32.73708],[129.95297,32.73641],[129.95208,32.73668],[129.95046,32.73594],[129.94998,32.73647],[129.9488,32.73573],[129.94861,32.73614],[129.94576,32.73597],[129.94099,32.73223],[129.93968,32.73029],[129.93942,32.7288],[129.9401,32.72838],[129.9403,32.72913],[129.94158,32.72857],[129.94125,32.72803],[129.94309,32.72598],[129.93865,32.72347],[129.93762,32.72217],[129.93764,32.72102],[129.93671,32.72111],[129.93581,32.7204],[129.93418,32.71747],[129.93313,32.71738],[129.93257,32.71993],[129.93169,32.72147],[129.93192,32.72282],[129.92928,32.72308],[129.92953,32.7222],[129.92776,32.72094],[129.92827,32.72065],[129.9278,32.71994],[129.92862,32.71974],[129.92861,32.71971],[129.92718,32.71997],[129.92857,32.7193],[129.92862,32.71829],[129.92712,32.71798],[129.92639,32.71708],[129.92662,32.7159],[129.92834,32.7157],[129.92611,32.71396],[129.92662,32.71268],[129.926,32.71231],[129.92578,32.71099],[129.92635,32.71059],[129.92597,32.71021],[129.92649,32.71002],[129.92567,32.70952],[129.92682,32.70864],[129.9256,32.70814],[129.92578,32.70782],[129.92534,32.70807],[129.92502,32.70747],[129.92424,32.70817],[129.92335,32.70811],[129.92244,32.70642],[129.92181,32.70621],[129.92043,32.70792],[129.91804,32.70838],[129.91818,32.70884],[129.91898,32.70909],[129.91913,32.70923],[129.91929,32.70952],[129.91835,32.70892],[129.91741,32.70953],[129.9163,32.70926],[129.91531,32.71069],[129.9153,32.71161],[129.91311,32.71254],[129.91262,32.70803],[129.91327,32.70772],[129.91408,32.70878],[129.91333,32.70769],[129.91478,32.70662],[129.91234,32.70677],[129.912,32.70611],[129.91055,32.70628],[129.91043,32.7059],[129.91303,32.70543],[129.91222,32.70545],[129.91213,32.70504],[129.91211,32.70546],[129.91115,32.70561],[129.91107,32.70447],[129.91315,32.70429],[129.91208,32.70384],[129.91107,32.70432],[129.91148,32.70277],[129.91412,32.70328],[129.9147,32.70417],[129.91435,32.70432],[129.9148,32.70436],[129.91452,32.70455],[129.91526,32.70446],[129.91552,32.7051],[129.91607,32.70553],[129.91424,32.70266],[129.91474,32.70046],[129.91575,32.69901],[129.91549,32.69798],[129.91406,32.69651],[129.91445,32.69336],[129.91205,32.68988],[129.91056,32.68899],[129.91032,32.68691],[129.90867,32.68647],[129.90826,32.68545],[129.90871,32.68537],[129.90854,32.68504],[129.90809,32.68472],[129.90752,32.68506],[129.90639,32.68441],[129.90603,32.68291],[129.90474,32.68206],[129.90397,32.68208],[129.90406,32.68164],[129.90154,32.67944],[129.90112,32.67795],[129.90103,32.67801],[129.90028,32.67807],[129.89983,32.67793],[129.89938,32.67807],[129.89983,32.67791],[129.90103,32.67799],[129.90137,32.67763],[129.89966,32.67704],[129.90141,32.67746],[129.90207,32.67683],[129.90161,32.67561],[129.90214,32.67437],[129.90136,32.67348],[129.90166,32.67311],[129.90136,32.67337],[129.90084,32.67163],[129.90009,32.67153],[129.89886,32.66977],[129.89721,32.66875],[129.89626,32.66896],[129.89603,32.66992],[129.89541,32.67],[129.89507,32.67053],[129.89495,32.67063],[129.89461,32.67081],[129.894,32.67099],[129.89388,32.67098],[129.8954,32.66999],[129.89599,32.6699],[129.89614,32.66907],[129.8963,32.6689],[129.89675,32.66867],[129.8957,32.6677],[129.89525,32.66615],[129.89566,32.66529],[129.89529,32.66538],[129.89509,32.6639],[129.89602,32.66304],[129.89582,32.6619],[129.89475,32.66208],[129.89417,32.66084],[129.89395,32.66106],[129.89361,32.66127],[129.89338,32.66128],[129.89321,32.66145],[129.89307,32.66155],[129.89226,32.66178],[129.89193,32.66179],[129.89149,32.66196],[129.89147,32.66225],[129.89112,32.66265],[129.89139,32.66231],[129.89105,32.6623],[129.89073,32.66214],[129.89141,32.6623],[129.89148,32.66195],[129.89193,32.66177],[129.89309,32.66152],[129.89336,32.66127],[129.8939,32.661],[129.89379,32.6606],[129.89324,32.66098],[129.89204,32.66036],[129.89106,32.65808],[129.88964,32.65778],[129.88779,32.65634],[129.88833,32.65597],[129.88833,32.65579],[129.8871,32.65619],[129.88622,32.65522],[129.88549,32.65529],[129.8837,32.65243],[129.88191,32.65307],[129.88136,32.65269],[129.88127,32.65305],[129.88001,32.65293],[129.87828,32.65371],[129.87737,32.6536],[129.87675,32.65161],[129.87651,32.65191],[129.87543,32.65137],[129.87401,32.65193],[129.87241,32.65108],[129.872,32.65063],[129.87195,32.64817],[129.87343,32.64619],[129.87311,32.64601],[129.87338,32.64574],[129.87203,32.64594],[129.87186,32.64529],[129.87228,32.64508],[129.87202,32.64465],[129.87152,32.64491],[129.87182,32.64433],[129.87112,32.64451],[129.87121,32.64523],[129.8698,32.64676],[129.86905,32.64668],[129.86827,32.64548],[129.86756,32.64536],[129.86785,32.64446],[129.86649,32.64516],[129.86673,32.6446],[129.86629,32.64456],[129.86671,32.64424],[129.86587,32.64406],[129.86621,32.64377],[129.86584,32.64364],[129.86471,32.644],[129.8647,32.64456],[129.86365,32.6452],[129.86234,32.64505],[129.86162,32.64583],[129.86224,32.64503],[129.86195,32.64392],[129.86232,32.64402],[129.86138,32.64351],[129.86165,32.64285],[129.86031,32.6431],[129.86012,32.64271],[129.85905,32.64343],[129.85767,32.64311],[129.85658,32.64116],[129.85682,32.64068],[129.85359,32.64038],[129.85245,32.63846],[129.85206,32.63884],[129.85179,32.63856],[129.85148,32.63926],[129.85057,32.63929],[129.84953,32.63875],[129.84797,32.63874],[129.84777,32.63817],[129.84661,32.6377],[129.842,32.64065],[129.84205,32.64119],[129.84064,32.64203],[129.83903,32.64154],[129.83765,32.64003],[129.83859,32.63964],[129.83972,32.63837],[129.83899,32.63915],[129.83819,32.63862],[129.83847,32.63831],[129.83643,32.63932],[129.83658,32.64098],[129.83613,32.64134],[129.83578,32.64106],[129.83644,32.64056],[129.83598,32.63948],[129.83896,32.6371],[129.83913,32.63708],[129.84029,32.63785],[129.84045,32.63783],[129.83914,32.63699],[129.83935,32.63656],[129.83884,32.63605],[129.83795,32.6354],[129.83712,32.63549],[129.83505,32.63338],[129.83496,32.63196],[129.83621,32.6306],[129.83673,32.62911],[129.83601,32.62854],[129.8354,32.62914],[129.83411,32.62937],[129.83599,32.62816],[129.83521,32.62519],[129.83548,32.62402],[129.83626,32.62331],[129.83688,32.62371],[129.83639,32.62328],[129.83794,32.62242],[129.8381,32.62149],[129.83642,32.62],[129.83361,32.61919],[129.83284,32.61817],[129.83208,32.61489],[129.83044,32.6129],[129.82325,32.60928],[129.82358,32.60915],[129.82271,32.60663],[129.82153,32.60492],[129.81973,32.60456],[129.8181,32.60312],[129.81638,32.60256],[129.8147,32.60125],[129.81424,32.60026],[129.81314,32.60007],[129.81073,32.59752],[129.80969,32.59589],[129.80969,32.59474],[129.80602,32.5927],[129.80478,32.591],[129.79715,32.58804],[129.79451,32.58604],[129.79015,32.58538],[129.78611,32.58353],[129.78588,32.58306],[129.78464,32.58289],[129.78518,32.58201],[129.78527,32.58034],[129.7845,32.58032],[129.78452,32.58168],[129.78354,32.58311],[129.78212,32.58369],[129.77958,32.58285],[129.77897,32.58193],[129.77904,32.58003],[129.78079,32.57999],[129.78076,32.57891],[129.7797,32.57893],[129.77957,32.57771],[129.78082,32.57719],[129.78397,32.57813],[129.7844,32.57685],[129.78354,32.57615],[129.78365,32.57545],[129.78301,32.57624],[129.78072,32.57548],[129.78141,32.57471],[129.78244,32.57469],[129.78211,32.57354],[129.7831,32.57352],[129.78161,32.57203],[129.78314,32.57136],[129.78554,32.57224],[129.78505,32.57128],[129.78533,32.57094],[129.78356,32.57],[129.78279,32.57036],[129.78136,32.56881],[129.78344,32.56839],[129.78525,32.56657],[129.78563,32.5653],[129.78607,32.56528],[129.78644,32.56698],[129.78595,32.56693],[129.78589,32.56726],[129.7864,32.56719],[129.78629,32.56783],[129.78578,32.56772],[129.78563,32.56801],[129.78615,32.56807],[129.78574,32.56879],[129.78491,32.56852],[129.78575,32.56885],[129.78603,32.56869],[129.78654,32.56895],[129.78649,32.57072],[129.78658,32.56938],[129.78696,32.56916],[129.78905,32.56934],[129.78941,32.56732],[129.79001,32.56685],[129.7909,32.56395],[129.79018,32.56196],[129.7903,32.55888],[129.79146,32.55757],[129.78966,32.55613],[129.78856,32.55661],[129.78742,32.55599],[129.78461,32.55612],[129.78335,32.55573],[129.78074,32.55372],[129.78034,32.55235],[129.779,32.55091],[129.77531,32.54909],[129.77419,32.55001],[129.77387,32.55116],[129.77479,32.5532],[129.77384,32.55301],[129.77314,32.55361],[129.77477,32.55651],[129.77389,32.55933],[129.77459,32.56059],[129.77527,32.56546],[129.77738,32.56641],[129.77761,32.56749],[129.77891,32.56919],[129.78122,32.56886],[129.78307,32.57127],[129.78049,32.57207],[129.78034,32.57354],[129.77858,32.57389],[129.77846,32.57457],[129.7796,32.57506],[129.77764,32.57776],[129.77324,32.58116],[129.76987,32.58272],[129.76328,32.58302],[129.75997,32.58148],[129.75973,32.58042],[129.75624,32.58087],[129.75398,32.58009],[129.75451,32.57924],[129.7531,32.57865],[129.75379,32.57731],[129.75352,32.57699],[129.75556,32.57772],[129.75271,32.5766],[129.75251,32.57507],[129.74525,32.57463],[129.74169,32.57134],[129.74052,32.56952],[129.73902,32.56945],[129.73861,32.56974],[129.73889,32.57285],[129.73802,32.57348],[129.73724,32.57511],[129.73747,32.57771],[129.73606,32.5787],[129.73597,32.58026],[129.73556,32.58063],[129.73921,32.58259],[129.7396,32.58337],[129.74229,32.58341],[129.74325,32.58529],[129.74575,32.58671],[129.74606,32.58743],[129.74564,32.58796],[129.74796,32.59009],[129.74754,32.59072],[129.74955,32.59106],[129.74886,32.59173],[129.75027,32.59251],[129.75463,32.59056],[129.75553,32.58967],[129.75438,32.58898],[129.75494,32.58762],[129.7537,32.58651],[129.75402,32.58535],[129.75274,32.58547],[129.75158,32.5847],[129.75268,32.58306],[129.75256,32.58218],[129.75144,32.58261],[129.7513,32.58198],[129.75277,32.58142],[129.75364,32.58355],[129.75433,32.58331],[129.75405,32.58247],[129.75465,32.58248],[129.75666,32.5862],[129.7564,32.58751],[129.75756,32.58764],[129.75808,32.58817],[129.75739,32.58881],[129.758,32.59104],[129.7564,32.59123],[129.75634,32.59006],[129.7559,32.58995],[129.75513,32.59128],[129.75365,32.59179],[129.75313,32.59263],[129.75564,32.59221],[129.7578,32.59351],[129.75837,32.59332],[129.76143,32.5948],[129.76275,32.59439],[129.76723,32.59513],[129.77138,32.59806],[129.77211,32.59904],[129.77193,32.59959],[129.77318,32.5992],[129.77372,32.59996],[129.77515,32.59987],[129.77477,32.60009],[129.77532,32.60075],[129.77593,32.60074],[129.77646,32.602],[129.77779,32.60317],[129.78032,32.60395],[129.78069,32.60434],[129.77976,32.60502],[129.78064,32.6045],[129.78157,32.60509],[129.78247,32.6073],[129.78243,32.60837],[129.77962,32.6092],[129.77903,32.61013],[129.77944,32.61106],[129.78148,32.61137],[129.78302,32.61235],[129.78456,32.61217],[129.78611,32.61264],[129.78746,32.6122],[129.78745,32.61176],[129.78868,32.61199],[129.78786,32.61289],[129.78807,32.6141],[129.78939,32.61406],[129.79079,32.61468],[129.79077,32.62034],[129.79203,32.62179],[129.79142,32.62308],[129.79154,32.62494],[129.79064,32.62591],[129.79012,32.62582],[129.79035,32.62684],[129.79213,32.62724],[129.79355,32.62821],[129.79381,32.62948],[129.7932,32.62994],[129.79206,32.62966],[129.79172,32.63026],[129.79376,32.63253],[129.79609,32.63405],[129.79647,32.63381],[129.7976,32.63501],[129.79703,32.63598],[129.79566,32.63645],[129.79684,32.6364],[129.79653,32.6369],[129.79748,32.63664],[129.79739,32.63725],[129.79784,32.63734],[129.79753,32.6378],[129.79864,32.6374],[129.79896,32.63859],[129.79824,32.63921],[129.79906,32.63947],[129.79908,32.63986],[129.80154,32.6402],[129.80176,32.64083],[129.80112,32.64113],[129.80201,32.64106],[129.80258,32.64158],[129.80284,32.64256],[129.80249,32.64294],[129.80304,32.64298],[129.80253,32.64352],[129.80263,32.64433],[129.80352,32.64412],[129.80424,32.64574],[129.80381,32.64604],[129.80457,32.64641],[129.80347,32.64707],[129.80427,32.64762],[129.80332,32.64817],[129.80426,32.64858],[129.8047,32.64992],[129.80558,32.64951],[129.80732,32.65066],[129.80779,32.65339],[129.80903,32.65415],[129.80909,32.65539],[129.80976,32.65585],[129.81102,32.65621],[129.81239,32.65512],[129.8138,32.65563],[129.81285,32.65493],[129.81467,32.65343],[129.81643,32.65389],[129.81724,32.65465],[129.81737,32.65557],[129.81692,32.65525],[129.8167,32.65586],[129.8161,32.65536],[129.81608,32.65622],[129.81754,32.65737],[129.81752,32.6579],[129.81677,32.6583],[129.81772,32.65925],[129.81759,32.65995],[129.81712,32.65998],[129.81787,32.66068],[129.81724,32.66143],[129.81771,32.66331],[129.81696,32.66403],[129.81792,32.665],[129.81792,32.66604],[129.81714,32.66664],[129.81809,32.66773],[129.81738,32.66824],[129.81785,32.66882],[129.81741,32.66981],[129.81689,32.66985],[129.81735,32.66993],[129.81742,32.67049],[129.81659,32.67257],[129.81707,32.67391],[129.81628,32.67505],[129.81737,32.67556],[129.81772,32.67831],[129.81825,32.67877],[129.81794,32.68008],[129.81848,32.68151],[129.81787,32.6848],[129.81821,32.68344],[129.81884,32.68338],[129.81962,32.68399],[129.8193,32.68416],[129.81965,32.68403],[129.81896,32.68477],[129.81922,32.68527],[129.81982,32.68515],[129.81996,32.68449],[129.82042,32.68509],[129.8151,32.68719],[129.81211,32.68663],[129.81124,32.68766],[129.81061,32.6874],[129.80963,32.68585],[129.81087,32.68592],[129.81274,32.68511],[129.81317,32.68356],[129.81173,32.68236],[129.80643,32.68109],[129.80785,32.67916],[129.80318,32.67789],[129.80033,32.68285],[129.80142,32.68315],[129.79787,32.68296],[129.79523,32.68459],[129.79533,32.68582],[129.79382,32.68743],[129.79425,32.68844],[129.79386,32.6896],[129.79251,32.68967],[129.7924,32.6885],[129.79184,32.68853],[129.79094,32.68761],[129.79057,32.68798],[129.79018,32.68944],[129.79117,32.69221],[129.79283,32.6922],[129.79284,32.69285],[129.79348,32.69274],[129.79391,32.69357],[129.7933,32.69447],[129.79129,32.69515],[129.79117,32.69554],[129.79233,32.695],[129.79293,32.69539],[129.7964,32.69347],[129.79858,32.69345],[129.79905,32.69437],[129.79916,32.6933],[129.80151,32.69345],[129.80168,32.69172],[129.8025,32.6917],[129.80287,32.69233],[129.80291,32.6916],[129.80371,32.69101],[129.80531,32.69087],[129.80549,32.69157],[129.80591,32.69123],[129.80653,32.69166],[129.80671,32.69301],[129.80628,32.69313],[129.80631,32.6936],[129.80692,32.693],[129.80722,32.69325],[129.80725,32.69279],[129.81013,32.69274],[129.81124,32.69323],[129.8118,32.69492],[129.81176,32.69418],[129.81314,32.69429],[129.8124,32.69563],[129.81157,32.69529],[129.81272,32.69584],[129.81219,32.69748],[129.81422,32.69809],[129.81472,32.69892],[129.8164,32.69854],[129.81605,32.69835],[129.81666,32.69797],[129.81717,32.69813],[129.81665,32.69851],[129.81778,32.699],[129.81801,32.69969],[129.81743,32.70034],[129.81663,32.70013],[129.81695,32.70086],[129.81544,32.70154],[129.816,32.70174],[129.81773,32.70629],[129.82111,32.7056],[129.82203,32.70619],[129.82195,32.7067],[129.82245,32.70608],[129.82386,32.70653],[129.82341,32.70649],[129.82336,32.70695],[129.82408,32.70779],[129.82456,32.70741],[129.82617,32.70774],[129.82676,32.70844],[129.82715,32.70759],[129.82802,32.7079],[129.82809,32.70702],[129.82903,32.70697],[129.82915,32.70758],[129.83012,32.70829],[129.82913,32.70504],[129.82832,32.704],[129.82823,32.70344],[129.82895,32.70325],[129.82832,32.70303],[129.8278,32.70158],[129.82837,32.70143],[129.82594,32.69558],[129.82367,32.69619],[129.82301,32.69489],[129.8204,32.6956],[129.82002,32.69502],[129.82218,32.69329],[129.82239,32.69255],[129.82292,32.69272],[129.8281,32.68808],[129.82852,32.68826],[129.82884,32.68727],[129.82836,32.687],[129.82878,32.68716],[129.82905,32.68677],[129.8284,32.68677],[129.82893,32.68598],[129.82908,32.68654],[129.83055,32.68709],[129.82953,32.68972],[129.83027,32.68803],[129.8344,32.68985],[129.83546,32.68831],[129.83673,32.68873],[129.8389,32.68656],[129.83631,32.68942],[129.83722,32.68885],[129.83738,32.68974],[129.83673,32.68975],[129.83633,32.69031],[129.83779,32.69164],[129.83751,32.6919],[129.83614,32.69133],[129.83591,32.69214],[129.83519,32.69178],[129.83472,32.69213],[129.83456,32.69388],[129.83347,32.69385],[129.83339,32.69348],[129.83339,32.69398],[129.83712,32.69406],[129.83339,32.69401],[129.83335,32.69597],[129.8363,32.69604],[129.83335,32.69599],[129.83332,32.69744],[129.83435,32.69806],[129.83415,32.69765],[129.83535,32.698],[129.83541,32.69844],[129.83486,32.69853],[129.83529,32.69988],[129.83609,32.69972],[129.83748,32.69901],[129.83763,32.69794],[129.84037,32.69776],[129.8405,32.69591],[129.84131,32.69607],[129.84188,32.6953],[129.84271,32.69554],[129.84205,32.69614],[129.84269,32.69591],[129.84352,32.69642],[129.84338,32.69676],[129.84356,32.69641],[129.84546,32.69661],[129.8468,32.69898],[129.84752,32.69837],[129.84709,32.69898],[129.84754,32.69925],[129.8494,32.6983],[129.84914,32.69933],[129.84863,32.6991],[129.84627,32.70008],[129.84605,32.69981],[129.84658,32.6996],[129.84562,32.69789],[129.84509,32.69758],[129.84428,32.69789],[129.84601,32.69983],[129.84626,32.70066],[129.84594,32.70064],[129.84627,32.70069],[129.84692,32.70191],[129.84667,32.70149],[129.84587,32.70175],[129.84493,32.69964],[129.84418,32.69962],[129.8442,32.70259],[129.84207,32.70337],[129.8429,32.70568],[129.84733,32.7051],[129.84746,32.70554],[129.84744,32.70509],[129.8486,32.70462],[129.84968,32.70486],[129.84981,32.70536],[129.84919,32.70512],[129.84935,32.70547],[129.84757,32.70574],[129.84968,32.71142],[129.85092,32.71883],[129.85265,32.72146],[129.85368,32.7219],[129.85334,32.72145],[129.85481,32.72126],[129.85518,32.72175],[129.85486,32.72217],[129.85743,32.72266],[129.85939,32.72165],[129.86102,32.72183],[129.86135,32.72251],[129.85951,32.72283],[129.85818,32.72404],[129.85762,32.72661],[129.85837,32.72713],[129.8582,32.72744],[129.86026,32.72758],[129.86055,32.72797],[129.86019,32.72824],[129.86178,32.72956],[129.86172,32.73002],[129.86253,32.72958],[129.86295,32.73055],[129.86265,32.73098],[129.86314,32.73063],[129.86455,32.73209],[129.86383,32.73254],[129.86462,32.73239],[129.86411,32.73288],[129.865,32.73229],[129.86525,32.73256],[129.8649,32.73281],[129.86565,32.7334],[129.86523,32.73368],[129.86471,32.73329],[129.86468,32.73332],[129.86519,32.73374],[129.86576,32.73354],[129.86497,32.73409],[129.86583,32.73365],[129.86506,32.73414],[129.86594,32.73393],[129.86561,32.73418],[129.86617,32.73429],[129.86571,32.73453],[129.86618,32.7343],[129.86655,32.73477],[129.86602,32.73513],[129.8685,32.73786],[129.86918,32.73708],[129.86913,32.73745],[129.86945,32.73711],[129.86995,32.73741],[129.86918,32.73787],[129.86979,32.73768],[129.86967,32.73826],[129.87026,32.73816],[129.86901,32.73853],[129.86927,32.73876],[129.8679,32.74031],[129.86784,32.74242],[129.86974,32.74241],[129.87049,32.74314],[129.87061,32.74536],[129.86875,32.7454],[129.86831,32.74415],[129.86816,32.74419],[129.86867,32.74539],[129.8678,32.74512],[129.86747,32.74736],[129.87115,32.74741],[129.87103,32.74969],[129.87079,32.75043],[129.87025,32.75047],[129.87038,32.74895],[129.86694,32.74866],[129.86672,32.75122],[129.86568,32.75133],[129.86538,32.74929],[129.8644,32.74829],[129.86394,32.74838],[129.86425,32.74801],[129.86269,32.74653],[129.86316,32.74619],[129.8625,32.74624],[129.86237,32.74526],[129.86396,32.74506],[129.86399,32.74539],[129.86414,32.74558],[129.864,32.74506],[129.86466,32.74483],[129.86092,32.74545],[129.86019,32.74523],[129.86078,32.74494],[129.86006,32.74524],[129.85942,32.7452],[129.86109,32.74455],[129.86078,32.74381],[129.85946,32.74262],[129.8588,32.74123],[129.8567,32.74104],[129.85906,32.73698],[129.85712,32.73695],[129.85526,32.73527],[129.85786,32.73446],[129.85688,32.73207],[129.85649,32.73215],[129.8566,32.73142],[129.85414,32.72947],[129.85421,32.72987],[129.85302,32.72972],[129.85081,32.73148],[129.84948,32.73115],[129.85194,32.7295],[129.85217,32.72887],[129.85008,32.7273],[129.84754,32.72651],[129.84687,32.72281],[129.84752,32.72248],[129.84681,32.721],[129.84598,32.72083],[129.84557,32.72013],[129.845,32.71996],[129.84458,32.72015],[129.84488,32.72024],[129.84452,32.72091],[129.84338,32.72158],[129.84322,32.72135],[129.84289,32.72132],[129.84141,32.72248],[129.84093,32.72389],[129.84138,32.72407],[129.8415,32.72421],[129.84154,32.72449],[129.84079,32.72398],[129.84058,32.72575],[129.84024,32.72541],[129.83985,32.7262],[129.83988,32.72728],[129.83838,32.72565],[129.8388,32.72515],[129.83836,32.72564],[129.83775,32.72518],[129.83853,32.72467],[129.83912,32.72492],[129.83858,32.72463],[129.83856,32.72401],[129.83791,32.72453],[129.83707,32.72438],[129.83699,32.72375],[129.83782,32.72362],[129.83728,32.72183],[129.83688,32.72175],[129.83722,32.72109],[129.83607,32.72035],[129.83494,32.72034],[129.83554,32.72464],[129.83335,32.72496],[129.82999,32.72279],[129.82964,32.72311],[129.8293,32.72249],[129.82969,32.72188],[129.83015,32.72258],[129.83008,32.72188],[129.83085,32.72154],[129.83031,32.72177],[129.82675,32.71718],[129.82766,32.71632],[129.82699,32.71658],[129.82598,32.71617],[129.82665,32.71709],[129.82578,32.71794],[129.8244,32.71819],[129.82512,32.71704],[129.8233,32.71945],[129.82271,32.71906],[129.82228,32.71907],[129.82327,32.71947],[129.82294,32.71976],[129.82171,32.71971],[129.82194,32.71929],[129.82031,32.72038],[129.81761,32.71829],[129.81796,32.71793],[129.81871,32.71811],[129.81792,32.71731],[129.81718,32.71795],[129.81545,32.71815],[129.81629,32.71888],[129.81756,32.71845],[129.819,32.71973],[129.81944,32.72314],[129.82572,32.73183],[129.82705,32.73247],[129.82774,32.73249],[129.82772,32.73202],[129.82851,32.73244],[129.82808,32.73214],[129.82857,32.73146],[129.82825,32.7313],[129.82918,32.73109],[129.83195,32.73354],[129.83205,32.73527],[129.83141,32.73761],[129.82971,32.73811],[129.8302,32.73847],[129.82937,32.73913],[129.82753,32.73834],[129.82664,32.73848],[129.82688,32.73911],[129.82617,32.73935],[129.82594,32.73998],[129.82728,32.74094],[129.8269,32.74243],[129.82817,32.74258],[129.82987,32.74409],[129.82649,32.74595],[129.82639,32.74706],[129.82405,32.74721],[129.82345,32.74636],[129.82405,32.74628],[129.82345,32.74594],[129.82395,32.74552],[129.82363,32.74491],[129.82287,32.7457],[129.82087,32.74563],[129.82016,32.7451],[129.82032,32.74394],[129.82085,32.74422],[129.82138,32.74389],[129.81618,32.74111],[129.81643,32.73985],[129.81594,32.73933],[129.81657,32.73919],[129.81575,32.73932],[129.81563,32.73892],[129.81657,32.73881],[129.81562,32.7389],[129.81646,32.73848],[129.81553,32.73859],[129.81544,32.73832],[129.81663,32.7383],[129.81695,32.73935],[129.8172,32.73938],[129.8167,32.73824],[129.81623,32.73801],[129.81509,32.73826],[129.81394,32.74095],[129.8133,32.7414],[129.80888,32.74211],[129.80649,32.74408],[129.80452,32.74405],[129.80451,32.74478],[129.80526,32.74515],[129.80485,32.74533],[129.80554,32.74555],[129.8061,32.74655],[129.80558,32.74821],[129.80685,32.74852],[129.80964,32.75056],[129.81043,32.75203],[129.81175,32.75285],[129.8124,32.7527],[129.81325,32.75433],[129.8142,32.75494],[129.81488,32.75635],[129.81425,32.75698],[129.81497,32.75714],[129.8149,32.75779],[129.81407,32.75794],[129.81402,32.75673],[129.81379,32.75713],[129.81401,32.75796],[129.81447,32.75903],[129.81373,32.75958],[129.80961,32.75769],[129.81132,32.7585],[129.80933,32.76163],[129.80731,32.76074],[129.80929,32.75753],[129.80823,32.75433],[129.80774,32.75444],[129.80746,32.75357],[129.80759,32.75451],[129.80432,32.75966],[129.80367,32.76],[129.80443,32.75971],[129.80503,32.75999],[129.80482,32.76043],[129.8037,32.76049],[129.80301,32.76172],[129.80161,32.76189],[129.80149,32.76246],[129.80081,32.76248],[129.80035,32.76056],[129.80163,32.75972],[129.79985,32.76068],[129.79702,32.76007],[129.79622,32.76102],[129.79635,32.76277],[129.79571,32.76297],[129.79663,32.76374],[129.79657,32.76505],[129.79462,32.76514],[129.79355,32.76455],[129.79305,32.7647],[129.79334,32.76529],[129.79216,32.76515],[129.79172,32.76618],[129.79383,32.76611],[129.79376,32.7666],[129.79441,32.7666],[129.79381,32.76762],[129.79474,32.76768],[129.79478,32.76842],[129.7957,32.76681],[129.79599,32.76749],[129.79657,32.76698],[129.79682,32.76744],[129.7975,32.76696],[129.79799,32.76753],[129.79842,32.76729],[129.79861,32.76836],[129.79953,32.76789],[129.79987,32.76815],[129.80058,32.76883],[129.80045,32.7696],[129.80157,32.77186],[129.80014,32.77353],[129.80013,32.77457],[129.80101,32.77446],[129.80055,32.77566],[129.80097,32.77483],[129.80273,32.77521],[129.80257,32.77599],[129.80107,32.77663],[129.80102,32.77743],[129.79974,32.7782],[129.79903,32.77751],[129.79969,32.7767],[129.7996,32.77665],[129.79889,32.77765],[129.79855,32.7783],[129.79602,32.77947],[129.79474,32.77831],[129.79434,32.77893],[129.79276,32.77834],[129.79194,32.77912],[129.79047,32.77916],[129.79089,32.77957],[129.79039,32.77961],[129.79112,32.78023],[129.791,32.78343],[129.79025,32.78377],[129.79074,32.78403],[129.79006,32.78452],[129.78942,32.78428],[129.78947,32.78503],[129.78808,32.78612],[129.79024,32.78513],[129.79098,32.78638],[129.78978,32.78734],[129.78879,32.7865],[129.78935,32.78732],[129.78786,32.78705],[129.78653,32.78769],[129.78736,32.78641],[129.78656,32.78716],[129.78521,32.78697],[129.78486,32.7877],[129.78234,32.78836],[129.78119,32.78943],[129.78152,32.7896],[129.78066,32.79129],[129.78103,32.79175],[129.78062,32.79273],[129.78117,32.79195],[129.78175,32.79198],[129.78228,32.79286],[129.78167,32.7931],[129.78222,32.79295],[129.78225,32.79336],[129.78102,32.79407],[129.77987,32.79378],[129.77845,32.79442],[129.7783,32.79393],[129.7781,32.79466],[129.77595,32.79494],[129.77589,32.79532],[129.7771,32.79582],[129.77743,32.79643],[129.77731,32.79739],[129.77661,32.7981],[129.77459,32.79839],[129.77003,32.79691],[129.76815,32.797],[129.76145,32.79174],[129.76077,32.79087],[129.76108,32.78986],[129.7598,32.78997],[129.76037,32.79054],[129.75934,32.79103],[129.75864,32.79055],[129.75882,32.79019],[129.75766,32.79027],[129.75781,32.78993],[129.75582,32.7895],[129.75736,32.79076],[129.7581,32.79216],[129.75947,32.79218],[129.76129,32.79293],[129.76261,32.79267],[129.76801,32.79711],[129.76709,32.79821],[129.76727,32.79951],[129.76644,32.80011],[129.76592,32.79989],[129.76548,32.80042],[129.7659,32.80017],[129.76653,32.80063],[129.76743,32.80338],[129.76945,32.80558],[129.76988,32.8068],[129.77076,32.80734],[129.76859,32.80835],[129.76915,32.81016],[129.76961,32.81077],[129.76879,32.80845],[129.7698,32.80793],[129.771,32.8098],[129.77006,32.81023],[129.77105,32.80987],[129.77308,32.81303],[129.77007,32.81439],[129.7715,32.81378],[129.77199,32.81455],[129.77349,32.81386],[129.7755,32.817],[129.77517,32.81716],[129.77546,32.8176],[129.77523,32.81717],[129.77579,32.81691],[129.77711,32.81897],[129.77644,32.81927],[129.77568,32.81809],[129.77655,32.81954],[129.77563,32.81996],[129.77472,32.81852],[129.76982,32.82074],[129.76821,32.81818],[129.76911,32.8177],[129.76818,32.81813],[129.76678,32.81592],[129.76864,32.81502],[129.76343,32.81736],[129.76105,32.81765],[129.76348,32.81743],[129.76624,32.82174],[129.76245,32.82344],[129.76124,32.82153],[129.76331,32.82039],[129.76113,32.82137],[129.7602,32.81993],[129.76078,32.81911],[129.76013,32.8199],[129.75849,32.82061],[129.75744,32.81894],[129.75614,32.81876],[129.75825,32.8155],[129.75589,32.81902],[129.75724,32.82121],[129.75456,32.81917],[129.75415,32.81969],[129.75326,32.81934],[129.75242,32.82045],[129.75139,32.8195],[129.75065,32.82104],[129.74859,32.82039],[129.75034,32.82125],[129.74985,32.82142],[129.75036,32.82133],[129.75015,32.82189],[129.75106,32.82183],[129.75124,32.82244],[129.75035,32.82238],[129.75082,32.82286],[129.74804,32.82254],[129.74817,32.82141],[129.74805,32.82216],[129.74789,32.82179],[129.74782,32.82216],[129.74596,32.82212],[129.74602,32.81959],[129.74464,32.81957],[129.74467,32.8184],[129.74405,32.81766],[129.74431,32.81729],[129.74535,32.81796],[129.74645,32.81788],[129.74493,32.81766],[129.74386,32.81671],[129.74185,32.81303],[129.74176,32.8117],[129.74022,32.80946],[129.74042,32.80795],[129.73749,32.80567],[129.73695,32.80801],[129.73383,32.80765],[129.73262,32.80912],[129.73224,32.81123],[129.7326,32.81379],[129.73232,32.81434],[129.73148,32.81434],[129.73227,32.81451],[129.73194,32.81549],[129.72944,32.81786],[129.72682,32.81807],[129.72726,32.81853],[129.72657,32.8191],[129.72617,32.81887],[129.72673,32.81943],[129.72603,32.82049],[129.72605,32.82053],[129.72656,32.82041],[129.72735,32.82037],[129.72753,32.82049],[129.72628,32.82049],[129.72292,32.82264],[129.71928,32.82215],[129.71954,32.82255],[129.71911,32.82249],[129.71971,32.82286],[129.71889,32.82293],[129.71956,32.82339],[129.71928,32.82539],[129.71879,32.8279],[129.71826,32.82772],[129.71896,32.83012],[129.71866,32.83053],[129.7191,32.83058],[129.71875,32.83117],[129.7183,32.83067],[129.71876,32.83135],[129.71823,32.83373],[129.71581,32.83491],[129.71538,32.83495],[129.71504,32.8343],[129.71529,32.83487],[129.71398,32.83528],[129.71399,32.83501],[129.71382,32.83486],[129.71393,32.83536],[129.71291,32.83494],[129.71365,32.8348],[129.71374,32.83449],[129.71292,32.83491],[129.71143,32.83437],[129.70959,32.83277],[129.7098,32.83348],[129.70934,32.83364],[129.70864,32.83242],[129.70841,32.83321],[129.70666,32.8329],[129.70416,32.83364],[129.70309,32.83166],[129.70168,32.83109],[129.70111,32.83193],[129.70184,32.83291],[129.70068,32.83257],[129.70008,32.83379],[129.70111,32.8392],[129.70035,32.84016],[129.70108,32.83964],[129.70143,32.83989],[129.70113,32.84032],[129.70181,32.84013],[129.70048,32.84143],[129.6985,32.8414],[129.69785,32.84291],[129.69622,32.84266],[129.69571,32.84339],[129.69373,32.84329],[129.69264,32.84381],[129.69268,32.84434],[129.69158,32.84433],[129.69258,32.84455],[129.69248,32.8459],[129.69067,32.84853]]],[[[129.80272,32.87293],[129.80243,32.87219],[129.80261,32.87353],[129.80343,32.87357],[129.80324,32.87297],[129.80272,32.87293]]],[[[129.79623,32.88057],[129.79828,32.88002],[129.79878,32.88037],[129.79892,32.8795],[129.79978,32.87969],[129.8029,32.87893],[129.80296,32.87821],[129.80168,32.87805],[129.80116,32.87748],[129.8011,32.87639],[129.80067,32.87732],[129.80017,32.87708],[129.79981,32.87799],[129.79893,32.87857],[129.79676,32.87843],[129.79645,32.87896],[129.79715,32.87883],[129.7974,32.87934],[129.79623,32.88057]]],[[[129.81105,32.88167],[129.80938,32.88095],[129.80902,32.88135],[129.81073,32.88189],[129.81105,32.88167]]],[[[129.80313,32.91679],[129.80266,32.91604],[129.80381,32.9164],[129.80411,32.91574],[129.80353,32.91508],[129.8043,32.91474],[129.80493,32.91505],[129.80487,32.9168],[129.8058,32.91688],[129.80668,32.91629],[129.80948,32.91647],[129.80903,32.91539],[129.80725,32.91467],[129.80754,32.9132],[129.80679,32.91287],[129.80613,32.91321],[129.80511,32.91276],[129.80243,32.91281],[129.80352,32.91315],[129.8035,32.91351],[129.80188,32.91364],[129.80317,32.91416],[129.80335,32.91467],[129.80249,32.91455],[129.80281,32.91513],[129.80219,32.91518],[129.8018,32.91464],[129.80049,32.91515],[129.79836,32.91469],[129.79775,32.91543],[129.79793,32.91636],[129.79867,32.91662],[129.799,32.91559],[129.80154,32.91725],[129.80251,32.91739],[129.80313,32.91679]]],[[[129.81537,32.92216],[129.81497,32.92181],[129.81473,32.92192],[129.81537,32.92216]]],[[[129.81801,32.92621],[129.8177,32.92593],[129.81755,32.9262],[129.81801,32.92621]]],[[[129.81802,32.9512],[129.81779,32.95087],[129.81767,32.95133],[129.81802,32.9512]]],[[[129.81684,32.95204],[129.81652,32.95248],[129.81692,32.95251],[129.81684,32.95204]]]]}},{"type":"Feature","properties":{"id":"muni-42202","name":"佐世保市"},"geometry":{"type":"MultiPolygon","coordinates":[[[[129.50686,33.13839],[129.50368,33.14039],[129.50399,33.14144],[129.50691,33.14141],[129.5109,33.14015],[129.51094,33.14108],[129.51098,33.14036],[129.5119,33.13986],[129.51224,33.14029],[129.51171,33.14034],[129.51174,33.14177],[129.51046,33.14145],[129.51189,33.14181],[129.51182,33.14219],[129.51309,33.14145],[129.51358,33.14201],[129.51348,33.14111],[129.5141,33.14141],[129.51407,33.14071],[129.51503,33.1405],[129.51661,33.14183],[129.51837,33.1422],[129.51969,33.14428],[129.5213,33.14433],[129.52285,33.14555],[129.52488,33.14513],[129.52509,33.14603],[129.52686,33.14596],[129.52765,33.14637],[129.52687,33.14587],[129.52564,33.14596],[129.52554,33.14533],[129.52734,33.14512],[129.52746,33.14547],[129.52731,33.14487],[129.52749,33.14534],[129.52895,33.14569],[129.52756,33.14531],[129.52742,33.14475],[129.52921,33.14496],[129.52961,33.14513],[129.52935,33.14605],[129.52899,33.14658],[129.52838,33.1465],[129.53177,33.14881],[129.53308,33.1492],[129.53424,33.14881],[129.5354,33.14948],[129.54044,33.14867],[129.54281,33.15136],[129.54375,33.15178],[129.5461,33.15125],[129.54632,33.14948],[129.54839,33.14693],[129.54955,33.14672],[129.5509,33.14388],[129.54997,33.13636],[129.54795,33.13631],[129.54353,33.13769],[129.53974,33.13766],[129.53847,33.13588],[129.53784,33.13286],[129.53601,33.1313],[129.53637,33.13109],[129.5356,33.13083],[129.53399,33.13166],[129.52969,33.13172],[129.52811,33.13267],[129.52714,33.13464],[129.52577,33.13592],[129.52166,33.13735],[129.52025,33.13713],[129.52018,33.13667],[129.51803,33.13546],[129.51297,33.13842],[129.51015,33.13729],[129.51028,33.13797],[129.50686,33.13839]]],[[[129.5,33.14278],[129.49906,33.14314],[129.49947,33.14339],[129.5,33.14278]]],[[[129.53927,33.16858],[129.53557,33.16727],[129.53468,33.16732],[129.5344,33.1679],[129.53696,33.16905],[129.5383,33.16916],[129.53927,33.16858]]],[[[129.51984,33.17442],[129.52331,33.17278],[129.52493,33.17065],[129.52452,33.16914],[129.52503,33.16776],[129.52398,33.16691],[129.52304,33.16727],[129.51894,33.17122],[129.51898,33.17372],[129.51984,33.17442]]],[[[129.54725,33.22825],[129.54834,33.2269],[129.54796,33.22635],[129.54828,33.22597],[129.54998,33.22688],[129.55015,33.22586],[129.54876,33.22494],[129.54962,33.22481],[129.54955,33.22385],[129.55041,33.22402],[129.55123,33.22534],[129.55301,33.225],[129.55113,33.22406],[129.55111,33.22349],[129.55185,33.22327],[129.55155,33.22266],[129.54923,33.22289],[129.54923,33.22335],[129.54788,33.22376],[129.54791,33.22513],[129.54668,33.22654],[129.54654,33.22742],[129.54725,33.22825]]],[[[129.54664,33.2312],[129.54821,33.23114],[129.5493,33.22906],[129.54878,33.22903],[129.5484,33.22969],[129.54826,33.22933],[129.54771,33.23034],[129.5449,33.23033],[129.54497,33.23224],[129.54664,33.2312]]],[[[129.5565,33.23693],[129.55724,33.236],[129.55763,33.23446],[129.55566,33.23536],[129.55595,33.23693],[129.5565,33.23693]]],[[[129.55401,33.24329],[129.55404,33.24194],[129.55357,33.24208],[129.55401,33.24329]]],[[[129.07651,33.24751],[129.07672,33.24646],[129.07597,33.24589],[129.07547,33.2478],[129.07651,33.24751]]],[[[129.55217,33.24989],[129.55125,33.24977],[129.55148,33.25077],[129.55059,33.25157],[129.54981,33.25122],[129.55034,33.25198],[129.55166,33.25155],[129.55223,33.25082],[129.55217,33.24989]]],[[[129.557,33.25201],[129.55649,33.25181],[129.55662,33.25231],[129.557,33.25201]]],[[[129.5615,33.25028],[129.56118,33.25069],[129.55979,33.25076],[129.55953,33.25133],[129.55979,33.25165],[129.56101,33.2513],[129.56118,33.25168],[129.56054,33.25224],[129.5608,33.25271],[129.56162,33.25277],[129.56191,33.25455],[129.56318,33.25418],[129.5636,33.25466],[129.5651,33.25405],[129.56489,33.25274],[129.56338,33.25183],[129.5627,33.25053],[129.5615,33.25028]]],[[[129.06568,33.25291],[129.06639,33.25265],[129.06661,33.25213],[129.06475,33.25239],[129.06532,33.25271],[129.06473,33.25323],[129.06617,33.25325],[129.06568,33.25291]]],[[[129.55556,33.25248],[129.55511,33.25399],[129.55659,33.25459],[129.55744,33.25436],[129.55701,33.25391],[129.55776,33.25331],[129.55758,33.25301],[129.55607,33.25343],[129.55556,33.25248]]],[[[129.06633,33.26313],[129.06711,33.26207],[129.06635,33.26219],[129.06384,33.26098],[129.06129,33.2583],[129.06255,33.25801],[129.0629,33.25651],[129.06384,33.25529],[129.06333,33.25345],[129.06385,33.25299],[129.06354,33.25198],[129.06392,33.25124],[129.06494,33.25169],[129.06637,33.25125],[129.06651,33.25198],[129.06686,33.25157],[129.06722,33.25185],[129.06774,33.25278],[129.0669,33.25383],[129.06727,33.25428],[129.06998,33.25472],[129.07103,33.2544],[129.07118,33.2549],[129.07191,33.25463],[129.07265,33.25502],[129.0734,33.25475],[129.07281,33.25426],[129.07278,33.25348],[129.07398,33.25255],[129.07363,33.25193],[129.0747,33.25087],[129.07371,33.24982],[129.07476,33.24947],[129.07481,33.24865],[129.07549,33.24891],[129.07532,33.24788],[129.07393,33.24716],[129.07336,33.24736],[129.07308,33.24689],[129.07359,33.24623],[129.07092,33.24451],[129.069,33.24435],[129.06864,33.24526],[129.06805,33.24537],[129.06917,33.24701],[129.06789,33.24848],[129.06528,33.24841],[129.06316,33.24666],[129.06173,33.24711],[129.06127,33.24827],[129.06054,33.24817],[129.06034,33.24887],[129.05974,33.24877],[129.06049,33.24968],[129.05879,33.25052],[129.06024,33.25117],[129.06025,33.25213],[129.0593,33.2527],[129.05923,33.25466],[129.05796,33.25586],[129.05957,33.25711],[129.0582,33.25765],[129.05707,33.25687],[129.05587,33.25763],[129.0566,33.25865],[129.05772,33.25915],[129.05823,33.2592],[129.05724,33.25784],[129.05984,33.25858],[129.06351,33.26218],[129.06459,33.26199],[129.06526,33.26228],[129.06532,33.26287],[129.06602,33.26259],[129.06633,33.26313]]],[[[129.56025,33.25436],[129.5606,33.2555],[129.5618,33.25555],[129.56106,33.254],[129.55997,33.25322],[129.55871,33.25347],[129.55918,33.25458],[129.56025,33.25436]]],[[[129.55438,33.25497],[129.55412,33.25468],[129.55347,33.25489],[129.55382,33.25539],[129.55438,33.25497]]],[[[129.55518,33.25849],[129.55457,33.25884],[129.55405,33.25818],[129.55386,33.25888],[129.55584,33.25992],[129.55614,33.25901],[129.55518,33.25849]]],[[[129.551,33.25971],[129.54926,33.25963],[129.54929,33.26078],[129.55084,33.26043],[129.551,33.25971]]],[[[129.55192,33.26124],[129.55129,33.26122],[129.5519,33.2616],[129.55192,33.26124]]],[[[129.56179,33.25997],[129.56063,33.25928],[129.55869,33.25953],[129.55874,33.25993],[129.56016,33.26016],[129.56074,33.26089],[129.55884,33.26103],[129.55877,33.26147],[129.55952,33.26167],[129.55904,33.26223],[129.55933,33.263],[129.56039,33.26285],[129.56188,33.2634],[129.56199,33.26257],[129.56274,33.26284],[129.5629,33.26183],[129.56344,33.26204],[129.5647,33.26068],[129.56373,33.26016],[129.56203,33.26078],[129.56179,33.25997]]],[[[129.55386,33.26202],[129.55239,33.26161],[129.55295,33.26237],[129.55386,33.26202]]],[[[129.55833,33.26311],[129.55633,33.26172],[129.55576,33.26183],[129.5573,33.26432],[129.55799,33.26449],[129.55833,33.26311]]],[[[129.55314,33.26288],[129.55167,33.26197],[129.55094,33.26255],[129.55242,33.26313],[129.55283,33.26419],[129.5537,33.2635],[129.55563,33.26591],[129.557,33.26497],[129.55614,33.26483],[129.5563,33.26421],[129.55558,33.26447],[129.55572,33.26365],[129.55468,33.26322],[129.55578,33.26324],[129.5554,33.26233],[129.55314,33.26288]]],[[[129.55376,33.26461],[129.55325,33.26456],[129.55304,33.26474],[129.55365,33.2651],[129.55376,33.26461]]],[[[129.56095,33.26722],[129.56327,33.26954],[129.56357,33.26874],[129.56313,33.26834],[129.56374,33.26811],[129.56388,33.26738],[129.56296,33.26729],[129.56394,33.26665],[129.56368,33.2661],[129.56422,33.26547],[129.56519,33.26486],[129.56626,33.26207],[129.56524,33.26165],[129.5644,33.26287],[129.56315,33.26313],[129.56322,33.26479],[129.56241,33.26395],[129.56194,33.26495],[129.56113,33.2642],[129.55881,33.2649],[129.55889,33.26534],[129.5605,33.26518],[129.56261,33.26595],[129.56171,33.26669],[129.56022,33.26654],[129.56025,33.26741],[129.56095,33.26722]]],[[[129.55383,33.2668],[129.55274,33.26652],[129.55291,33.26737],[129.55383,33.2668]]],[[[129.55754,33.26681],[129.55665,33.26693],[129.55677,33.26759],[129.5557,33.26761],[129.55594,33.26807],[129.55692,33.26839],[129.55754,33.26781],[129.55754,33.26681]]],[[[129.55784,33.26894],[129.55689,33.26922],[129.55677,33.26992],[129.55741,33.27012],[129.55744,33.27064],[129.55807,33.27044],[129.55891,33.27088],[129.55784,33.26894]]],[[[129.56125,33.27244],[129.55995,33.2713],[129.55989,33.2707],[129.55958,33.27119],[129.56009,33.27184],[129.55992,33.27256],[129.56125,33.27244]]],[[[129.07575,33.27411],[129.07779,33.27523],[129.07763,33.27634],[129.07981,33.27721],[129.07967,33.27812],[129.08036,33.27879],[129.08136,33.27887],[129.08325,33.27752],[129.08311,33.27832],[129.08418,33.27935],[129.08489,33.28109],[129.08658,33.28203],[129.0854,33.28361],[129.08681,33.28367],[129.08682,33.28299],[129.08746,33.28305],[129.08815,33.2843],[129.08893,33.28434],[129.08823,33.28465],[129.08933,33.28437],[129.08972,33.28542],[129.0903,33.2854],[129.09055,33.28591],[129.09114,33.28549],[129.0922,33.28635],[129.09192,33.28727],[129.09283,33.28766],[129.09358,33.28724],[129.09409,33.28754],[129.09453,33.28684],[129.09573,33.28714],[129.09586,33.28636],[129.09687,33.28617],[129.09718,33.28536],[129.09787,33.28598],[129.09771,33.28678],[129.09832,33.28755],[129.09962,33.28767],[129.09941,33.28674],[129.10041,33.28715],[129.1008,33.28904],[129.10178,33.2892],[129.10234,33.2881],[129.10301,33.28811],[129.10287,33.28704],[129.10444,33.28791],[129.10522,33.28897],[129.10587,33.28716],[129.10663,33.28747],[129.10641,33.28669],[129.10712,33.2869],[129.10754,33.28644],[129.10816,33.28677],[129.10694,33.28714],[129.10733,33.28805],[129.10656,33.2886],[129.10808,33.29006],[129.10859,33.28995],[129.10878,33.29068],[129.10935,33.28968],[129.11045,33.28912],[129.11101,33.28936],[129.11027,33.28866],[129.11072,33.28799],[129.11414,33.28751],[129.11582,33.28883],[129.11534,33.29123],[129.11633,33.29114],[129.11685,33.28955],[129.11755,33.28892],[129.1187,33.28937],[129.11954,33.2891],[129.11995,33.28974],[129.11978,33.28935],[129.12141,33.28868],[129.12131,33.28966],[129.11975,33.29051],[129.11941,33.29016],[129.11972,33.29053],[129.11872,33.29126],[129.11943,33.29142],[129.11973,33.2908],[129.1202,33.29201],[129.12188,33.2926],[129.12281,33.29218],[129.12318,33.29311],[129.12458,33.29311],[129.12402,33.29397],[129.12515,33.2946],[129.12494,33.29544],[129.1243,33.29568],[129.12485,33.29621],[129.12328,33.29731],[129.1242,33.29768],[129.1235,33.29804],[129.12417,33.29857],[129.1252,33.29861],[129.12459,33.29903],[129.12498,33.29935],[129.12376,33.30006],[129.12387,33.3013],[129.12454,33.30056],[129.12475,33.30082],[129.12423,33.30199],[129.12481,33.30207],[129.12488,33.30168],[129.12522,33.30243],[129.12602,33.30275],[129.12639,33.30122],[129.12683,33.3013],[129.12661,33.30203],[129.12785,33.30129],[129.12765,33.30267],[129.1281,33.30313],[129.12809,33.30253],[129.12903,33.30188],[129.13086,33.30175],[129.13134,33.30107],[129.13122,33.30032],[129.13164,33.30016],[129.13255,33.30044],[129.13249,33.30166],[129.13426,33.30301],[129.13541,33.30235],[129.13584,33.30102],[129.13353,33.29981],[129.1334,33.29926],[129.13259,33.29951],[129.1317,33.29891],[129.13284,33.29933],[129.13298,33.29845],[129.13336,33.2982],[129.13354,33.29885],[129.13401,33.29838],[129.13453,33.29883],[129.13512,33.2988],[129.13456,33.29876],[129.13475,33.29816],[129.13425,33.29762],[129.1348,33.29732],[129.13547,33.2986],[129.13598,33.29827],[129.13544,33.29944],[129.13653,33.2985],[129.13709,33.29909],[129.13686,33.29994],[129.13726,33.29928],[129.13699,33.29833],[129.1379,33.29787],[129.13768,33.29647],[129.13877,33.29763],[129.13905,33.2972],[129.14039,33.29824],[129.13973,33.29695],[129.13931,33.29668],[129.13894,33.29701],[129.13861,33.29631],[129.13901,33.29582],[129.14059,33.29638],[129.14156,33.29585],[129.14126,33.29493],[129.13947,33.29533],[129.13803,33.29424],[129.13745,33.29304],[129.13829,33.29184],[129.13764,33.29021],[129.14032,33.28909],[129.1399,33.28757],[129.14045,33.28613],[129.14005,33.28516],[129.14106,33.2844],[129.14192,33.28443],[129.14185,33.28352],[129.14232,33.28348],[129.14044,33.28151],[129.14058,33.28065],[129.13987,33.28008],[129.14134,33.28027],[129.14114,33.27963],[129.1402,33.2792],[129.14028,33.278],[129.14286,33.27551],[129.1457,33.27595],[129.14565,33.27425],[129.14689,33.27353],[129.14844,33.27368],[129.14936,33.27496],[129.15003,33.27429],[129.15111,33.27437],[129.15254,33.27255],[129.15326,33.27301],[129.15402,33.27247],[129.1547,33.27293],[129.15696,33.27175],[129.15392,33.26876],[129.15131,33.26935],[129.15026,33.27006],[129.14877,33.26867],[129.14656,33.26824],[129.14482,33.26654],[129.1442,33.2648],[129.14181,33.26513],[129.13796,33.26212],[129.13832,33.26175],[129.13781,33.262],[129.13774,33.26137],[129.13668,33.26088],[129.13562,33.26053],[129.13571,33.26093],[129.1369,33.26117],[129.13721,33.26189],[129.13638,33.26205],[129.13635,33.26151],[129.13607,33.26138],[129.13631,33.26198],[129.13541,33.26201],[129.13566,33.26142],[129.13454,33.26107],[129.13488,33.26071],[129.1345,33.26102],[129.13348,33.26052],[129.13323,33.26081],[129.13375,33.26113],[129.1328,33.26209],[129.13378,33.26233],[129.13258,33.26316],[129.13189,33.26277],[129.13259,33.26221],[129.13212,33.26244],[129.13109,33.26182],[129.1318,33.26137],[129.13147,33.26117],[129.13102,33.26177],[129.13009,33.2612],[129.13119,33.26022],[129.13081,33.25994],[129.13013,33.26064],[129.12867,33.25969],[129.12759,33.2603],[129.12901,33.25859],[129.12843,33.2576],[129.12856,33.25588],[129.13088,33.25539],[129.13112,33.25574],[129.12935,33.25665],[129.13119,33.25575],[129.13095,33.25541],[129.13227,33.25393],[129.13326,33.25418],[129.1324,33.25375],[129.13292,33.25262],[129.13241,33.25258],[129.13242,33.25208],[129.13131,33.25143],[129.1309,33.25225],[129.13043,33.2521],[129.13028,33.25049],[129.13146,33.25028],[129.13157,33.2498],[129.13034,33.24944],[129.12987,33.24867],[129.12928,33.24894],[129.12945,33.24825],[129.12858,33.24885],[129.12813,33.2485],[129.12842,33.24895],[129.128,33.24926],[129.12745,33.24898],[129.12716,33.24831],[129.12851,33.24801],[129.12761,33.24776],[129.12816,33.24669],[129.12654,33.24766],[129.12613,33.247],[129.12436,33.24707],[129.12355,33.24601],[129.12364,33.24637],[129.12313,33.2462],[129.12309,33.24564],[129.12209,33.24646],[129.11994,33.24662],[129.11923,33.24615],[129.1195,33.24549],[129.11888,33.2456],[129.11883,33.24493],[129.11753,33.24555],[129.1173,33.24619],[129.11675,33.24634],[129.11684,33.24582],[129.11598,33.24609],[129.11658,33.24692],[129.11571,33.24682],[129.11553,33.24745],[129.1149,33.24663],[129.11588,33.2457],[129.11385,33.24738],[129.1125,33.24691],[129.11275,33.24834],[129.10999,33.24721],[129.10989,33.24629],[129.10957,33.24688],[129.10861,33.24696],[129.109,33.24768],[129.10869,33.24813],[129.10628,33.24944],[129.10528,33.24983],[129.10496,33.24854],[129.10451,33.24921],[129.10389,33.24904],[129.10318,33.25076],[129.10129,33.25009],[129.1001,33.24875],[129.09856,33.24969],[129.09836,33.25061],[129.09718,33.25059],[129.09766,33.24849],[129.09737,33.24796],[129.09666,33.24813],[129.09672,33.25124],[129.09554,33.2514],[129.09512,33.25236],[129.09448,33.25176],[129.092,33.25224],[129.09177,33.25245],[129.09366,33.25197],[129.09472,33.25232],[129.0942,33.25249],[129.09388,33.25347],[129.0946,33.25435],[129.0956,33.25443],[129.09543,33.25509],[129.09602,33.25578],[129.09462,33.25549],[129.09473,33.25488],[129.09303,33.25354],[129.09318,33.25397],[129.09271,33.25414],[129.09307,33.25484],[129.09204,33.25519],[129.09126,33.25391],[129.09201,33.25331],[129.09233,33.25354],[129.09203,33.25329],[129.09253,33.25277],[129.09079,33.25417],[129.09121,33.25555],[129.09177,33.25583],[129.09159,33.25637],[129.09224,33.25725],[129.09184,33.25711],[129.09178,33.25756],[129.09237,33.25805],[129.09206,33.25838],[129.09267,33.25966],[129.09119,33.25932],[129.0907,33.2598],[129.09037,33.25947],[129.09084,33.25888],[129.08994,33.25947],[129.08933,33.25905],[129.0886,33.26015],[129.08696,33.25957],[129.08767,33.26038],[129.08752,33.26095],[129.08664,33.26098],[129.08714,33.26163],[129.08681,33.26178],[129.08721,33.26209],[129.0871,33.26287],[129.08586,33.26231],[129.08392,33.2621],[129.08517,33.26239],[129.085,33.26312],[129.08428,33.26321],[129.0852,33.2633],[129.0857,33.26403],[129.08347,33.26378],[129.08376,33.2635],[129.08397,33.26252],[129.08328,33.26361],[129.08247,33.26326],[129.08287,33.2645],[129.08383,33.26529],[129.08275,33.2647],[129.08167,33.26528],[129.07906,33.26499],[129.07787,33.26404],[129.07728,33.26202],[129.07463,33.26076],[129.07423,33.25868],[129.07351,33.25884],[129.07365,33.25917],[129.07252,33.25974],[129.0734,33.26042],[129.07371,33.26316],[129.07516,33.26387],[129.07596,33.26513],[129.07484,33.26653],[129.0725,33.26769],[129.07187,33.26944],[129.07009,33.27075],[129.07021,33.27027],[129.06962,33.27063],[129.06994,33.2711],[129.0712,33.27124],[129.07099,33.27191],[129.07214,33.2707],[129.07181,33.27167],[129.07244,33.2719],[129.07278,33.27293],[129.07418,33.27297],[129.07404,33.27262],[129.07542,33.27292],[129.07575,33.27411]]],[[[129.5642,33.28766],[129.56286,33.28695],[129.56603,33.29091],[129.5669,33.29111],[129.56612,33.2897],[129.56701,33.28952],[129.56699,33.28862],[129.56788,33.28882],[129.56806,33.28836],[129.56689,33.28727],[129.56653,33.2883],[129.5658,33.28857],[129.56579,33.288],[129.5651,33.28778],[129.56513,33.28694],[129.5642,33.28766]]],[[[129.60977,33.17266],[129.60965,33.17256],[129.6093,33.17307],[129.60963,33.17288],[129.60977,33.17266]]],[[[129.60999,33.1737],[129.6104,33.17352],[129.61041,33.17269],[129.60978,33.17303],[129.60999,33.1737]]],[[[129.57871,33.18423],[129.5787,33.18458],[129.57826,33.18423],[129.57856,33.18549],[129.57831,33.18581],[129.57804,33.1855],[129.57759,33.18655],[129.57813,33.18657],[129.57848,33.18599],[129.57926,33.18624],[129.57942,33.18531],[129.58049,33.18651],[129.581,33.18587],[129.58291,33.18549],[129.58386,33.18572],[129.58131,33.18648],[129.58053,33.18748],[129.57912,33.18704],[129.5788,33.18823],[129.58056,33.18783],[129.58146,33.18837],[129.57929,33.1891],[129.57917,33.18956],[129.57963,33.18989],[129.58072,33.18943],[129.58174,33.1896],[129.58184,33.18995],[129.58094,33.19014],[129.58068,33.19132],[129.58162,33.1927],[129.58357,33.19282],[129.58672,33.19188],[129.58755,33.19262],[129.58812,33.19218],[129.58822,33.1932],[129.5886,33.19367],[129.58833,33.19286],[129.58904,33.19189],[129.58948,33.19299],[129.59016,33.19245],[129.59076,33.19389],[129.59095,33.19239],[129.59186,33.19307],[129.59243,33.19233],[129.59379,33.19256],[129.59349,33.192],[129.59399,33.19159],[129.59354,33.19051],[129.59386,33.18965],[129.59425,33.18899],[129.59505,33.18934],[129.59475,33.18879],[129.59587,33.18845],[129.59512,33.18857],[129.5952,33.18791],[129.59635,33.18717],[129.59594,33.18651],[129.59531,33.18752],[129.59434,33.18784],[129.59451,33.18719],[129.59405,33.18673],[129.59483,33.18673],[129.59498,33.18592],[129.59553,33.18685],[129.59587,33.18631],[129.5964,33.18631],[129.59577,33.18592],[129.59625,33.18576],[129.59577,33.18515],[129.59684,33.18516],[129.59537,33.18485],[129.59533,33.18411],[129.59199,33.18289],[129.59044,33.18369],[129.59079,33.18272],[129.59043,33.18285],[129.59008,33.1837],[129.59051,33.18465],[129.58992,33.18488],[129.59017,33.1852],[129.5897,33.18604],[129.591,33.18557],[129.59019,33.18671],[129.59086,33.18634],[129.5913,33.18689],[129.59286,33.18706],[129.59225,33.18763],[129.59233,33.18815],[129.59138,33.18829],[129.59118,33.1877],[129.59066,33.18811],[129.59174,33.18905],[129.59141,33.19023],[129.59088,33.18922],[129.59005,33.18928],[129.58951,33.18984],[129.58977,33.19049],[129.58898,33.19],[129.58872,33.19083],[129.58862,33.18977],[129.58746,33.19022],[129.58712,33.18935],[129.58624,33.18892],[129.58762,33.18848],[129.58816,33.18882],[129.58829,33.18829],[129.5891,33.18862],[129.58942,33.18816],[129.58717,33.18632],[129.58715,33.18549],[129.5864,33.18479],[129.58682,33.18316],[129.58777,33.18354],[129.58766,33.18294],[129.58814,33.18273],[129.58742,33.18212],[129.58613,33.18289],[129.58577,33.18269],[129.58603,33.18203],[129.58562,33.18173],[129.58726,33.18111],[129.58606,33.17937],[129.58757,33.17995],[129.58832,33.17896],[129.58829,33.1782],[129.58884,33.17901],[129.58802,33.18075],[129.58881,33.18056],[129.58858,33.18147],[129.58927,33.1817],[129.59074,33.18083],[129.59052,33.17992],[129.59186,33.18008],[129.59281,33.1784],[129.59206,33.17753],[129.59213,33.17697],[129.59331,33.17668],[129.59361,33.17592],[129.59359,33.17497],[129.59216,33.17318],[129.59185,33.17135],[129.59246,33.17005],[129.59289,33.17003],[129.59232,33.16999],[129.59231,33.1696],[129.5925,33.16916],[129.59288,33.1696],[129.59253,33.16912],[129.59334,33.16541],[129.59283,33.1643],[129.59091,33.16297],[129.58551,33.16172],[129.5841,33.16071],[129.58297,33.16063],[129.58244,33.16112],[129.58217,33.16083],[129.58233,33.16115],[129.58144,33.16083],[129.58191,33.16123],[129.58154,33.16143],[129.58201,33.16312],[129.58137,33.16376],[129.58219,33.1639],[129.58286,33.16539],[129.58313,33.16818],[129.58474,33.16846],[129.58664,33.16783],[129.58781,33.16824],[129.58808,33.16892],[129.58824,33.16913],[129.58796,33.16847],[129.58885,33.16828],[129.58878,33.16759],[129.58944,33.16749],[129.58907,33.16809],[129.58951,33.16756],[129.58991,33.16786],[129.59019,33.16969],[129.58918,33.16971],[129.59052,33.16978],[129.59053,33.17106],[129.58921,33.17138],[129.58933,33.17285],[129.58816,33.17275],[129.58785,33.17374],[129.58533,33.17491],[129.58459,33.1761],[129.58281,33.17578],[129.58256,33.1773],[129.58083,33.17859],[129.58083,33.18066],[129.57937,33.18178],[129.57934,33.18242],[129.58025,33.18297],[129.58081,33.18411],[129.57871,33.18423]]],[[[129.60946,33.18647],[129.60906,33.18716],[129.6099,33.18771],[129.60995,33.18843],[129.61124,33.18802],[129.61136,33.1888],[129.61201,33.18877],[129.61212,33.18817],[129.61252,33.18894],[129.61385,33.18849],[129.61451,33.18885],[129.61445,33.1879],[129.61501,33.18772],[129.61393,33.18708],[129.61469,33.18574],[129.61351,33.18611],[129.61393,33.18549],[129.61316,33.18524],[129.61375,33.1841],[129.61294,33.18366],[129.61274,33.1843],[129.61174,33.18401],[129.61148,33.18503],[129.61014,33.18514],[129.61006,33.18571],[129.61068,33.18607],[129.60946,33.18647]]],[[[129.60186,33.1862],[129.60065,33.18733],[129.60046,33.18879],[129.6009,33.18923],[129.60225,33.18816],[129.60203,33.18732],[129.60399,33.18787],[129.60311,33.18852],[129.6032,33.18936],[129.60364,33.18875],[129.60449,33.18885],[129.60517,33.18837],[129.60577,33.18717],[129.60529,33.18665],[129.60453,33.18672],[129.60464,33.18536],[129.60365,33.18668],[129.603,33.18682],[129.60255,33.1863],[129.60188,33.18664],[129.60186,33.1862]]],[[[129.60974,33.19297],[129.60868,33.19327],[129.60868,33.19385],[129.60984,33.1946],[129.60884,33.19461],[129.60864,33.19551],[129.60935,33.19564],[129.60988,33.19678],[129.60975,33.19783],[129.61068,33.19798],[129.61131,33.19701],[129.61053,33.19704],[129.61045,33.19608],[129.61123,33.19415],[129.61261,33.19331],[129.61295,33.19252],[129.61243,33.19257],[129.61232,33.19203],[129.61328,33.192],[129.61382,33.19137],[129.61349,33.19097],[129.61425,33.19089],[129.61354,33.19056],[129.61438,33.19029],[129.61413,33.18991],[129.61316,33.19014],[129.61284,33.18924],[129.61105,33.18964],[129.61003,33.18926],[129.61004,33.19042],[129.61209,33.19072],[129.61177,33.19142],[129.61126,33.19088],[129.60964,33.19105],[129.60922,33.18951],[129.60884,33.18946],[129.60848,33.19031],[129.60873,33.19251],[129.60974,33.19297]]],[[[129.59752,33.19863],[129.59813,33.19795],[129.59914,33.19933],[129.59953,33.19906],[129.60021,33.19978],[129.6004,33.19799],[129.59896,33.19725],[129.59905,33.1961],[129.59991,33.1954],[129.6009,33.19561],[129.6005,33.1948],[129.59948,33.19512],[129.59902,33.1944],[129.6006,33.19401],[129.59984,33.19379],[129.60039,33.19305],[129.59913,33.19316],[129.59834,33.19387],[129.59768,33.19307],[129.59878,33.19229],[129.59973,33.19229],[129.59929,33.1922],[129.59819,33.19016],[129.59879,33.18961],[129.59845,33.189],[129.5972,33.19041],[129.59853,33.19123],[129.59757,33.1924],[129.59688,33.19198],[129.59687,33.19268],[129.59625,33.19318],[129.5976,33.1944],[129.59653,33.19459],[129.59564,33.19412],[129.59553,33.19445],[129.59597,33.1946],[129.59634,33.19567],[129.59608,33.19643],[129.59655,33.19688],[129.59598,33.19737],[129.59752,33.19863]]],[[[129.60323,33.19466],[129.60344,33.19606],[129.60432,33.19586],[129.60472,33.1952],[129.6039,33.1948],[129.60466,33.19407],[129.60323,33.19466]]],[[[129.57857,33.19463],[129.5773,33.1963],[129.57949,33.19626],[129.57927,33.19708],[129.58021,33.1975],[129.57941,33.19847],[129.58028,33.1986],[129.58075,33.19614],[129.57857,33.19463]]],[[[129.60481,33.19812],[129.60559,33.19738],[129.60469,33.19682],[129.60481,33.19812]]],[[[129.5843,33.20141],[129.58616,33.1991],[129.58521,33.19792],[129.58534,33.19679],[129.5846,33.19659],[129.58425,33.19699],[129.58481,33.19732],[129.58476,33.19797],[129.58374,33.1979],[129.58372,33.19912],[129.58412,33.19947],[129.58291,33.19972],[129.58318,33.20035],[129.58231,33.20035],[129.58205,33.20134],[129.5843,33.20141]]],[[[129.60816,33.1993],[129.6074,33.19972],[129.60813,33.19982],[129.6088,33.20081],[129.60816,33.1993]]],[[[129.58265,33.20273],[129.58159,33.2065],[129.58271,33.20791],[129.58408,33.20759],[129.58428,33.20709],[129.58524,33.20714],[129.58804,33.20422],[129.5891,33.20385],[129.59044,33.20374],[129.59349,33.2048],[129.59539,33.20467],[129.59378,33.20385],[129.59425,33.2028],[129.59371,33.20263],[129.59375,33.20207],[129.59331,33.20243],[129.59255,33.20212],[129.59189,33.20277],[129.59104,33.20186],[129.58954,33.20166],[129.58998,33.20222],[129.58925,33.20275],[129.58833,33.20239],[129.58539,33.20395],[129.58412,33.20372],[129.58325,33.20229],[129.58265,33.20273]]],[[[129.59592,33.20454],[129.59665,33.20708],[129.59731,33.20726],[129.59798,33.20682],[129.59941,33.20868],[129.59986,33.20797],[129.59951,33.20668],[129.6006,33.20638],[129.59978,33.20559],[129.60054,33.20552],[129.60054,33.20475],[129.60232,33.20421],[129.60306,33.20259],[129.6007,33.20196],[129.59924,33.2031],[129.59821,33.20217],[129.5984,33.2016],[129.59647,33.20137],[129.59629,33.2025],[129.59833,33.20413],[129.59752,33.20503],[129.59699,33.20438],[129.59592,33.20454]]],[[[129.57855,33.21287],[129.57867,33.21133],[129.5795,33.21111],[129.5789,33.21036],[129.57959,33.20864],[129.57901,33.2082],[129.57808,33.20842],[129.5779,33.20788],[129.57646,33.20752],[129.57543,33.20839],[129.57648,33.20909],[129.57625,33.2106],[129.57578,33.211],[129.57679,33.21144],[129.57636,33.21205],[129.57701,33.2123],[129.57742,33.21322],[129.57855,33.21287]]],[[[129.57422,33.21264],[129.57436,33.21177],[129.57365,33.21226],[129.57393,33.2128],[129.57348,33.21319],[129.57422,33.21264]]],[[[129.56482,33.21615],[129.56516,33.21571],[129.56472,33.21641],[129.56572,33.21771],[129.56582,33.21671],[129.56666,33.21635],[129.5671,33.2152],[129.56829,33.21464],[129.56985,33.21079],[129.56793,33.21191],[129.56754,33.21279],[129.56764,33.21222],[129.56682,33.21304],[129.5662,33.21285],[129.56579,33.21328],[129.56579,33.21285],[129.56562,33.21337],[129.56562,33.21291],[129.56491,33.21432],[129.56536,33.21505],[129.56482,33.21615]]],[[[129.56681,33.26083],[129.56703,33.26064],[129.56674,33.26064],[129.56681,33.26083]]],[[[129.56717,33.26802],[129.56734,33.26734],[129.56692,33.26745],[129.56717,33.26802]]],[[[129.56852,33.26829],[129.56792,33.26873],[129.56791,33.26887],[129.56865,33.26861],[129.56852,33.26829]]],[[[129.56912,33.26901],[129.56864,33.26932],[129.56904,33.2698],[129.5695,33.2694],[129.56912,33.26901]]],[[[129.57152,33.27493],[129.56801,33.27224],[129.56804,33.2717],[129.56724,33.27145],[129.56705,33.27091],[129.56614,33.27077],[129.56499,33.2711],[129.56429,33.27206],[129.56472,33.2732],[129.56566,33.27334],[129.56591,33.27268],[129.56635,33.27279],[129.56652,33.27385],[129.56792,33.27436],[129.56721,33.27487],[129.56615,33.27476],[129.566,33.27528],[129.56911,33.27662],[129.56856,33.27559],[129.56904,33.275],[129.5698,33.2749],[129.57105,33.27581],[129.57152,33.27493]]],[[[129.57282,33.27946],[129.57418,33.27945],[129.57407,33.27697],[129.57288,33.2763],[129.57129,33.27736],[129.57204,33.27808],[129.57274,33.27785],[129.57282,33.27946]]],[[[129.56842,33.28387],[129.56621,33.28318],[129.56696,33.28442],[129.56818,33.28449],[129.56842,33.28387]]],[[[129.56807,33.28484],[129.56806,33.2852],[129.56878,33.28565],[129.56878,33.28505],[129.56807,33.28484]]],[[[129.57117,33.28685],[129.57108,33.28737],[129.57173,33.28754],[129.5716,33.28704],[129.57117,33.28685]]],[[[129.57106,33.28751],[129.57062,33.28787],[129.57111,33.28807],[129.57106,33.28751]]],[[[129.57521,33.2881],[129.57463,33.28854],[129.57514,33.2893],[129.57562,33.28842],[129.57521,33.2881]]],[[[129.57838,33.29001],[129.58095,33.28944],[129.58021,33.28931],[129.57984,33.28855],[129.57921,33.28954],[129.57717,33.29024],[129.57659,33.28927],[129.57589,33.28929],[129.57522,33.29008],[129.57395,33.28914],[129.57384,33.28765],[129.57255,33.2883],[129.57503,33.29095],[129.57737,33.29098],[129.57838,33.29001]]],[[[129.56988,33.29034],[129.56943,33.28971],[129.56901,33.28962],[129.56916,33.29068],[129.56988,33.29034]]],[[[129.5683,33.29099],[129.56786,33.28979],[129.56727,33.29013],[129.56772,33.29121],[129.56908,33.29219],[129.56939,33.29158],[129.5683,33.29099]]],[[[129.5698,33.29225],[129.56933,33.29241],[129.56985,33.29282],[129.5698,33.29225]]],[[[129.65783,32.86054],[129.65761,32.86015],[129.65685,32.86016],[129.65728,32.86055],[129.65783,32.86054]]],[[[129.66565,33.13489],[129.66709,33.13544],[129.66684,33.1345],[129.66516,33.13412],[129.66553,33.13348],[129.66443,33.13344],[129.66429,33.13299],[129.66654,33.13266],[129.66621,33.13222],[129.66426,33.13153],[129.66257,33.1317],[129.66096,33.13267],[129.66073,33.13335],[129.66107,33.13366],[129.66149,33.13297],[129.66294,33.13274],[129.66385,33.13472],[129.66483,33.13505],[129.66483,33.13571],[129.66565,33.13489]]],[[[129.65795,33.13492],[129.65867,33.13481],[129.65895,33.13354],[129.65761,33.13412],[129.65795,33.13492]]],[[[129.66403,33.1369],[129.66562,33.13683],[129.66556,33.13639],[129.66343,33.13601],[129.66396,33.13622],[129.66364,33.13647],[129.66403,33.1369]]],[[[129.66385,33.14124],[129.66361,33.13981],[129.66231,33.1407],[129.66321,33.14079],[129.66327,33.14167],[129.66385,33.14124]]],[[[129.65466,33.14168],[129.6543,33.14031],[129.65564,33.14101],[129.65591,33.14038],[129.65407,33.13951],[129.65341,33.13986],[129.65417,33.14195],[129.65466,33.14168]]],[[[129.66426,33.14349],[129.66555,33.14181],[129.66501,33.14079],[129.66545,33.14057],[129.66451,33.13976],[129.66514,33.14159],[129.6646,33.14255],[129.66355,33.14271],[129.6639,33.14324],[129.66342,33.14343],[129.66426,33.14349]]],[[[129.65989,33.14195],[129.65872,33.14313],[129.65869,33.14396],[129.66064,33.14471],[129.65905,33.14331],[129.6602,33.14211],[129.66058,33.14329],[129.66197,33.14415],[129.66209,33.14359],[129.66085,33.14287],[129.66106,33.14191],[129.66059,33.14199],[129.65997,33.14055],[129.65963,33.14121],[129.65989,33.14195]]],[[[129.65017,33.14497],[129.64967,33.14652],[129.65076,33.14597],[129.65017,33.14497]]],[[[129.62233,33.1462],[129.62168,33.14589],[129.62056,33.14618],[129.62137,33.14661],[129.62233,33.1462]]],[[[129.663,33.14599],[129.6621,33.14619],[129.66204,33.14648],[129.6629,33.14667],[129.663,33.14599]]],[[[129.62081,33.14672],[129.6204,33.1471],[129.62053,33.14739],[129.62121,33.14699],[129.62081,33.14672]]],[[[129.66167,33.14981],[129.6616,33.14934],[129.66032,33.14978],[129.66073,33.15028],[129.66167,33.14981]]],[[[129.66785,33.15221],[129.66715,33.15148],[129.66727,33.151],[129.66641,33.15133],[129.6663,33.15054],[129.6655,33.15124],[129.66504,33.15037],[129.66457,33.15087],[129.66401,33.15031],[129.66364,33.15107],[129.6627,33.15074],[129.66307,33.15012],[129.66206,33.15072],[129.66117,33.15061],[129.66365,33.15139],[129.66401,33.152],[129.66417,33.15135],[129.66478,33.15216],[129.66548,33.15189],[129.66531,33.15243],[129.66586,33.15288],[129.66606,33.15242],[129.66646,33.15289],[129.66638,33.15217],[129.66681,33.15207],[129.66715,33.15275],[129.66754,33.15238],[129.66782,33.15289],[129.66785,33.15221]]],[[[129.65412,33.15515],[129.65452,33.15555],[129.65449,33.15504],[129.65412,33.15515]]],[[[129.66348,33.15744],[129.66265,33.15764],[129.66257,33.15784],[129.66358,33.15799],[129.66348,33.15744]]],[[[129.63696,33.15974],[129.63737,33.16081],[129.63685,33.16265],[129.63791,33.1634],[129.63836,33.16298],[129.63823,33.16213],[129.63898,33.16188],[129.63909,33.16088],[129.64033,33.16116],[129.63985,33.15989],[129.63928,33.15999],[129.63909,33.15933],[129.64009,33.15917],[129.64095,33.15841],[129.63916,33.15849],[129.63913,33.15764],[129.6381,33.15791],[129.63755,33.15758],[129.63729,33.15784],[129.63797,33.15941],[129.63696,33.15974]]],[[[129.65039,33.15952],[129.65065,33.16234],[129.65228,33.16219],[129.65177,33.16159],[129.65244,33.16004],[129.65039,33.15952]]],[[[129.66496,33.1626],[129.66537,33.16212],[129.66527,33.16138],[129.66576,33.16184],[129.66607,33.16133],[129.66673,33.16157],[129.66635,33.16108],[129.66669,33.16057],[129.66612,33.16096],[129.66526,33.16073],[129.66524,33.15935],[129.66505,33.15993],[129.66437,33.16007],[129.66435,33.16089],[129.66363,33.16122],[129.6634,33.16085],[129.66264,33.1615],[129.66447,33.1613],[129.66459,33.16171],[129.66367,33.16224],[129.66454,33.16204],[129.66496,33.1626]]],[[[129.65893,33.1626],[129.65977,33.16236],[129.66039,33.16288],[129.66006,33.16375],[129.66065,33.16402],[129.66072,33.16476],[129.66037,33.16539],[129.6609,33.1656],[129.66183,33.16436],[129.66125,33.16434],[129.66102,33.16364],[129.66178,33.16364],[129.66209,33.16317],[129.66071,33.16237],[129.66096,33.16177],[129.6603,33.1622],[129.65926,33.16204],[129.65893,33.1626]]],[[[129.64502,33.16745],[129.64464,33.16681],[129.64356,33.16698],[129.64431,33.16727],[129.6446,33.168],[129.64502,33.16745]]],[[[129.64433,33.16887],[129.64311,33.16782],[129.64287,33.16831],[129.64335,33.16893],[129.64286,33.16959],[129.64382,33.16921],[129.64415,33.16972],[129.64433,33.16887]]],[[[129.65046,33.18477],[129.64951,33.18456],[129.64902,33.18479],[129.65051,33.18524],[129.65046,33.18477]]],[[[129.65116,33.18498],[129.65104,33.18557],[129.65128,33.18499],[129.65116,33.18498]]],[[[129.64999,33.1881],[129.64968,33.18787],[129.64913,33.18828],[129.64968,33.18857],[129.64999,33.1881]]],[[[129.64651,33.19199],[129.64842,33.19074],[129.64804,33.19038],[129.64881,33.19023],[129.64875,33.18883],[129.64814,33.18884],[129.64817,33.18933],[129.64753,33.18905],[129.64743,33.19052],[129.64679,33.19015],[129.64647,33.19055],[129.6455,33.19047],[129.64595,33.1908],[129.64556,33.19128],[129.64586,33.19191],[129.64637,33.19151],[129.64651,33.19199]]],[[[129.61995,33.19213],[129.61995,33.19138],[129.62077,33.19059],[129.61978,33.1906],[129.61991,33.18979],[129.61887,33.19031],[129.61924,33.19164],[129.61841,33.19145],[129.61805,33.19183],[129.6191,33.19288],[129.61995,33.19213]]],[[[129.61554,33.19295],[129.61492,33.19128],[129.61328,33.19316],[129.61474,33.19268],[129.61448,33.19394],[129.61506,33.19412],[129.61554,33.19295]]],[[[129.64453,33.1935],[129.64512,33.1935],[129.64489,33.19402],[129.6455,33.19374],[129.64499,33.19425],[129.64602,33.19384],[129.64585,33.19291],[129.64505,33.19276],[129.64525,33.19192],[129.64459,33.19148],[129.64364,33.19266],[129.64467,33.19308],[129.64453,33.1935]]],[[[129.6502,33.19313],[129.65017,33.19278],[129.64947,33.19271],[129.64962,33.19313],[129.6502,33.19313]]],[[[129.61355,33.19368],[129.61326,33.19323],[129.61272,33.19362],[129.61236,33.19616],[129.61306,33.19506],[129.6128,33.1941],[129.61355,33.19368]]],[[[129.61693,33.19767],[129.61679,33.19625],[129.61584,33.19642],[129.61603,33.19686],[129.61493,33.19835],[129.61614,33.1981],[129.61639,33.19875],[129.61693,33.19767]]],[[[130.19542,32.60469],[130.19562,32.60409],[130.19452,32.60429],[130.19452,32.60431],[130.19542,32.60469]]],[[[130.29131,32.65201],[130.29046,32.65196],[130.29016,32.65264],[130.29151,32.65261],[130.29131,32.65201]]],[[[129.79448,32.65885],[129.79386,32.65928],[129.79454,32.65908],[129.79448,32.65885]]],[[[129.79366,32.65896],[129.79331,32.65928],[129.79372,32.65928],[129.79366,32.65896]]],[[[129.79193,32.65939],[129.79242,32.65949],[129.79267,32.65933],[129.79239,32.65905],[129.79193,32.65939]]],[[[130.34841,32.71065],[130.35028,32.71129],[130.35062,32.71067],[130.34868,32.70989],[130.34841,32.71065]]],[[[129.78243,32.71201],[129.78222,32.71157],[129.78171,32.71173],[129.78206,32.71205],[129.78243,32.71201]]],[[[129.7853,33.06026],[129.78545,33.06161],[129.78695,33.06259],[129.78757,33.06228],[129.78795,33.06118],[129.78865,33.061],[129.78726,33.06033],[129.7866,33.06067],[129.7853,33.06026]]],[[[129.77961,33.07626],[129.78057,33.0772],[129.78306,33.07648],[129.78363,33.07562],[129.78323,33.07463],[129.78368,33.0744],[129.78389,33.07412],[129.78315,33.07458],[129.7829,33.07384],[129.78483,33.07345],[129.78642,33.06851],[129.78489,33.06607],[129.78261,33.06701],[129.78262,33.06822],[129.78153,33.0693],[129.7811,33.06921],[129.7806,33.07134],[129.77856,33.07086],[129.77762,33.07172],[129.77878,33.07365],[129.77768,33.07508],[129.77895,33.07493],[129.7792,33.07576],[129.77982,33.07565],[129.77961,33.07626]]],[[[129.77076,33.07721],[129.76995,33.07617],[129.76828,33.07646],[129.76984,33.07738],[129.77076,33.07721]]],[[[129.76502,33.08054],[129.76451,33.08048],[129.7644,33.08092],[129.76502,33.08054]]],[[[129.76416,33.09172],[129.76355,33.09171],[129.76348,33.09182],[129.76418,33.09212],[129.76416,33.09172]]],[[[129.74379,33.10254],[129.74293,33.10253],[129.74268,33.10283],[129.74352,33.10306],[129.74379,33.10254]]],[[[129.7524,33.13467],[129.755,33.13423],[129.7553,33.13247],[129.75256,33.13103],[129.75137,33.13175],[129.75117,33.1335],[129.7524,33.13467]]],[[[129.67545,33.13496],[129.67666,33.13434],[129.67616,33.13316],[129.67545,33.13496]]],[[[129.68103,33.13403],[129.68038,33.13404],[129.68097,33.13455],[129.68103,33.13403]]],[[[129.66844,33.13617],[129.66788,33.13616],[129.66697,33.13674],[129.66744,33.13687],[129.66844,33.13617]]],[[[129.67497,33.14436],[129.67499,33.14251],[129.67556,33.14184],[129.67449,33.14197],[129.67399,33.14135],[129.67448,33.14154],[129.67525,33.14094],[129.67595,33.14123],[129.6758,33.14061],[129.67834,33.14039],[129.67845,33.14098],[129.67684,33.14124],[129.67804,33.14145],[129.67675,33.14244],[129.67857,33.14345],[129.67795,33.1424],[129.67833,33.14191],[129.67899,33.14246],[129.67885,33.14126],[129.67956,33.14077],[129.68005,33.14119],[129.6802,33.14256],[129.68093,33.14144],[129.68042,33.14048],[129.68216,33.14048],[129.68185,33.13994],[129.67991,33.14014],[129.68127,33.13908],[129.68021,33.13913],[129.68004,33.13867],[129.6804,33.13857],[129.67965,33.13815],[129.67956,33.13745],[129.68027,33.13741],[129.68026,33.13668],[129.68086,33.13695],[129.68087,33.13637],[129.67989,33.13561],[129.68059,33.13544],[129.68054,33.13477],[129.6798,33.13509],[129.67876,33.13474],[129.6783,33.13523],[129.67898,33.13515],[129.67899,33.1358],[129.67955,33.13555],[129.67975,33.13662],[129.67793,33.13661],[129.6781,33.13731],[129.67699,33.13703],[129.67691,33.13641],[129.67631,33.13627],[129.67615,33.13673],[129.67565,33.13662],[129.67572,33.13702],[129.67469,33.13697],[129.67487,33.1374],[129.67376,33.13792],[129.6746,33.13793],[129.67442,33.13851],[129.67502,33.13876],[129.67553,33.13768],[129.67601,33.13934],[129.67627,33.13722],[129.67697,33.13733],[129.67695,33.13854],[129.67738,33.13856],[129.67753,33.13758],[129.67826,33.13843],[129.67859,33.1372],[129.67939,33.13682],[129.67897,33.13806],[129.67956,33.13923],[129.67848,33.13893],[129.67891,33.1399],[129.67717,33.13908],[129.67663,33.14019],[129.67538,33.13989],[129.67478,33.14053],[129.67398,33.14053],[129.67367,33.14023],[129.67438,33.13975],[129.6741,33.13939],[129.6734,33.13978],[129.67316,33.13892],[129.67278,33.14005],[129.67234,33.14004],[129.67342,33.14061],[129.67324,33.14116],[129.67186,33.14107],[129.67035,33.14028],[129.67159,33.14133],[129.67351,33.14147],[129.67468,33.14289],[129.67497,33.14436]]],[[[129.66482,33.14437],[129.6656,33.14374],[129.66486,33.14356],[129.66409,33.14411],[129.66447,33.14388],[129.66482,33.14437]]],[[[129.67238,33.14498],[129.67301,33.14515],[129.67279,33.14466],[129.67238,33.14498]]],[[[129.68169,33.14562],[129.68178,33.14496],[129.68142,33.14503],[129.68169,33.14562]]],[[[129.68105,33.1461],[129.68082,33.14559],[129.68038,33.14582],[129.68105,33.1461]]],[[[129.71558,33.14623],[129.71567,33.14554],[129.71546,33.14535],[129.71526,33.14602],[129.71558,33.14623]]],[[[129.67465,33.14666],[129.67511,33.14614],[129.67339,33.1458],[129.67357,33.14643],[129.67406,33.14611],[129.67465,33.14666]]],[[[129.66758,33.14705],[129.66649,33.1456],[129.66583,33.14601],[129.66496,33.14581],[129.66663,33.14714],[129.66658,33.14658],[129.66758,33.14705]]],[[[129.67225,33.14702],[129.67157,33.14664],[129.6711,33.14657],[129.67172,33.14711],[129.67225,33.14702]]],[[[129.67638,33.14943],[129.67636,33.14874],[129.67586,33.14918],[129.67638,33.14943]]],[[[129.66972,33.15716],[129.66987,33.15647],[129.6713,33.15593],[129.67069,33.15539],[129.67118,33.15538],[129.6721,33.15412],[129.6719,33.15508],[129.6725,33.1543],[129.6738,33.15478],[129.67435,33.15434],[129.67705,33.15408],[129.67657,33.15375],[129.67695,33.15316],[129.67655,33.1527],[129.67593,33.15306],[129.6765,33.15331],[129.67643,33.1538],[129.67575,33.15346],[129.67446,33.15408],[129.6743,33.1532],[129.67338,33.15423],[129.67256,33.15367],[129.67274,33.15322],[129.67231,33.15301],[129.67347,33.15155],[129.67298,33.15155],[129.67288,33.15102],[129.67428,33.15093],[129.67302,33.15047],[129.67422,33.15002],[129.67298,33.14984],[129.67242,33.15024],[129.67113,33.14971],[129.67004,33.15038],[129.66937,33.15025],[129.67009,33.15054],[129.6694,33.15092],[129.66974,33.15147],[129.66892,33.15178],[129.66854,33.1531],[129.67045,33.1523],[129.6709,33.15256],[129.66995,33.15359],[129.67146,33.15353],[129.67104,33.15446],[129.67063,33.15417],[129.6702,33.15428],[129.67028,33.15474],[129.66951,33.15478],[129.6693,33.15406],[129.66778,33.15492],[129.66866,33.15529],[129.66792,33.15609],[129.66843,33.15745],[129.66911,33.15692],[129.66972,33.15716]]],[[[129.66491,33.15576],[129.66483,33.15686],[129.66497,33.15731],[129.66554,33.15589],[129.66491,33.15576]]],[[[129.67186,33.16027],[129.6713,33.15885],[129.67084,33.15923],[129.6714,33.1596],[129.67112,33.16042],[129.67005,33.16064],[129.66959,33.1601],[129.66902,33.16027],[129.6687,33.16056],[129.67116,33.16101],[129.6711,33.16169],[129.66939,33.16191],[129.66968,33.16294],[129.67078,33.16215],[129.67053,33.16309],[129.67154,33.16299],[129.67129,33.16365],[129.66981,33.16359],[129.66991,33.16408],[129.67141,33.16444],[129.67006,33.1647],[129.67117,33.16497],[129.67037,33.16588],[129.66979,33.16549],[129.66962,33.16634],[129.67034,33.16639],[129.67,33.16694],[129.67199,33.16597],[129.6723,33.16458],[129.67316,33.16457],[129.67312,33.16347],[129.67399,33.16403],[129.67499,33.16313],[129.67467,33.16213],[129.67395,33.16192],[129.67412,33.16082],[129.6747,33.16049],[129.67424,33.1595],[129.67497,33.1587],[129.67446,33.15852],[129.67512,33.15804],[129.6742,33.158],[129.67459,33.15744],[129.67347,33.1576],[129.67415,33.15842],[129.67356,33.15938],[129.67379,33.16033],[129.67264,33.16245],[129.67196,33.16264],[129.67207,33.16216],[129.67154,33.16267],[129.67186,33.16027]]],[[[129.56106,33.2164],[129.55935,33.21687],[129.55821,33.21638],[129.55813,33.21569],[129.55894,33.21436],[129.55754,33.21426],[129.5564,33.2158],[129.55507,33.21567],[129.55427,33.21652],[129.55381,33.21591],[129.55336,33.21618],[129.55249,33.21762],[129.55291,33.21874],[129.55247,33.21938],[129.55316,33.2201],[129.55293,33.22089],[129.55302,33.22091],[129.55326,33.22002],[129.55442,33.21921],[129.55652,33.21945],[129.55773,33.21854],[129.55883,33.21865],[129.5596,33.21803],[129.5609,33.21834],[129.56098,33.21896],[129.56173,33.21927],[129.5595,33.21912],[129.55822,33.22035],[129.55816,33.22103],[129.55892,33.22122],[129.56025,33.22275],[129.55744,33.22157],[129.55672,33.22024],[129.55613,33.22145],[129.55636,33.22271],[129.5555,33.22375],[129.55603,33.22457],[129.5573,33.22444],[129.55687,33.22503],[129.55855,33.22564],[129.55996,33.2252],[129.56082,33.22548],[129.56065,33.22725],[129.55949,33.22706],[129.55885,33.22858],[129.55826,33.22801],[129.55746,33.22861],[129.55714,33.22837],[129.55809,33.2271],[129.55795,33.22656],[129.55632,33.22583],[129.55616,33.22675],[129.55541,33.22689],[129.55515,33.22624],[129.55374,33.22613],[129.55309,33.22699],[129.55364,33.2278],[129.55245,33.22818],[129.55244,33.22934],[129.55262,33.2297],[129.55342,33.22959],[129.55411,33.22842],[129.55545,33.22802],[129.55558,33.22855],[129.55608,33.228],[129.55738,33.22863],[129.55753,33.22972],[129.55859,33.231],[129.55849,33.23182],[129.55746,33.23133],[129.55753,33.23088],[129.55661,33.23077],[129.55575,33.22957],[129.55505,33.23028],[129.55591,33.23066],[129.55608,33.23237],[129.55442,33.2313],[129.55415,33.23157],[129.55547,33.23345],[129.55689,33.23368],[129.55719,33.23314],[129.55873,33.23355],[129.56205,33.23276],[129.5621,33.23205],[129.56134,33.23158],[129.56256,33.22971],[129.56214,33.22947],[129.5622,33.22758],[129.56141,33.22738],[129.56314,33.22717],[129.56354,33.22784],[129.56505,33.22699],[129.56567,33.22728],[129.56577,33.22794],[129.56665,33.22787],[129.56591,33.22835],[129.56608,33.22987],[129.56767,33.22949],[129.56765,33.22908],[129.56885,33.22941],[129.56885,33.22995],[129.56679,33.23043],[129.56906,33.23138],[129.56918,33.23205],[129.56811,33.23147],[129.56657,33.23158],[129.56631,33.23118],[129.56681,33.23196],[129.56593,33.23251],[129.56671,33.23274],[129.56683,33.23199],[129.56729,33.23226],[129.56742,33.23312],[129.56641,33.23336],[129.56782,33.23398],[129.56686,33.23455],[129.5693,33.23403],[129.56736,33.23527],[129.56767,33.23589],[129.56855,33.23598],[129.56966,33.23647],[129.5705,33.23656],[129.57109,33.2368],[129.57158,33.23656],[129.57108,33.23684],[129.56964,33.2365],[129.56853,33.23601],[129.56792,33.236],[129.5682,33.23698],[129.56777,33.23676],[129.56764,33.23675],[129.56822,33.23706],[129.56775,33.23712],[129.56835,33.23799],[129.56815,33.23834],[129.56798,33.23768],[129.56651,33.2375],[129.56638,33.2371],[129.56586,33.23679],[129.56673,33.23827],[129.56684,33.24054],[129.56792,33.24135],[129.5669,33.24195],[129.56768,33.24204],[129.56794,33.24279],[129.56647,33.24536],[129.56564,33.24496],[129.5661,33.24457],[129.5652,33.24326],[129.56424,33.2434],[129.56364,33.24079],[129.56231,33.23984],[129.56021,33.24035],[129.55914,33.24012],[129.55592,33.24132],[129.55622,33.24253],[129.55885,33.24242],[129.55962,33.24456],[129.5579,33.24348],[129.55688,33.24351],[129.55604,33.24524],[129.55638,33.24585],[129.55706,33.2452],[129.55747,33.2454],[129.55727,33.24631],[129.55779,33.24666],[129.55773,33.2475],[129.55983,33.24719],[129.55956,33.24812],[129.56316,33.24756],[129.56366,33.24683],[129.56429,33.24676],[129.56428,33.24814],[129.56492,33.24866],[129.56608,33.24755],[129.56632,33.24772],[129.56565,33.2484],[129.5665,33.24916],[129.56531,33.24943],[129.56532,33.25017],[129.56595,33.25134],[129.56762,33.25194],[129.56745,33.25251],[129.56641,33.25301],[129.56713,33.25469],[129.56486,33.25447],[129.56377,33.2551],[129.56329,33.25767],[129.56429,33.25797],[129.56409,33.25758],[129.56469,33.2573],[129.5649,33.25639],[129.56557,33.25616],[129.56545,33.25759],[129.56743,33.25714],[129.56626,33.25902],[129.56796,33.25873],[129.56881,33.25976],[129.56753,33.2617],[129.56814,33.26172],[129.5679,33.26323],[129.56891,33.26323],[129.56901,33.26394],[129.57053,33.26295],[129.57175,33.26291],[129.57267,33.26229],[129.57304,33.26076],[129.57399,33.2605],[129.5748,33.26238],[129.57582,33.26242],[129.57552,33.26428],[129.57395,33.26381],[129.57305,33.26412],[129.57317,33.26498],[129.57137,33.26479],[129.57075,33.26528],[129.57101,33.26578],[129.57035,33.26565],[129.57012,33.26614],[129.5689,33.26642],[129.57079,33.2668],[129.56932,33.26786],[129.57015,33.26874],[129.57134,33.26757],[129.57196,33.26807],[129.57091,33.26913],[129.57104,33.27013],[129.57007,33.27051],[129.5704,33.27092],[129.57101,33.2709],[129.57258,33.26956],[129.57237,33.26904],[129.57293,33.26911],[129.57342,33.26854],[129.57372,33.26728],[129.57495,33.26719],[129.57529,33.26756],[129.57372,33.27032],[129.57505,33.27034],[129.57415,33.27151],[129.57525,33.27319],[129.57262,33.2723],[129.57202,33.27269],[129.57231,33.27353],[129.57186,33.27384],[129.57329,33.27431],[129.57402,33.27518],[129.57427,33.2764],[129.57528,33.27704],[129.57555,33.27853],[129.5765,33.27908],[129.57642,33.27847],[129.57696,33.27817],[129.5788,33.27943],[129.5788,33.27981],[129.57816,33.27988],[129.57895,33.28052],[129.57921,33.27993],[129.58109,33.27983],[129.57913,33.27779],[129.57733,33.2769],[129.57766,33.27513],[129.57621,33.27473],[129.57595,33.27372],[129.57749,33.27366],[129.57704,33.26958],[129.57767,33.26876],[129.57747,33.26809],[129.57788,33.26808],[129.57807,33.26644],[129.57972,33.266],[129.57944,33.2664],[129.57974,33.26634],[129.57997,33.26783],[129.58061,33.26737],[129.58033,33.2676],[129.58113,33.27097],[129.58378,33.27124],[129.58472,33.27085],[129.58505,33.27112],[129.58451,33.27192],[129.58565,33.27231],[129.58615,33.27226],[129.58585,33.27186],[129.5868,33.27194],[129.58718,33.27132],[129.58909,33.27172],[129.58964,33.27366],[129.58883,33.27446],[129.58795,33.27389],[129.58996,33.27554],[129.59144,33.27567],[129.59072,33.27629],[129.59235,33.27702],[129.59125,33.27732],[129.58901,33.27683],[129.58709,33.27747],[129.58711,33.27836],[129.58839,33.27863],[129.5882,33.27947],[129.58658,33.27966],[129.586,33.28034],[129.58799,33.28211],[129.58694,33.28328],[129.58918,33.28359],[129.58961,33.2842],[129.58809,33.28546],[129.5883,33.28718],[129.5853,33.28474],[129.58464,33.28532],[129.58459,33.28646],[129.58532,33.28731],[129.58591,33.28711],[129.58655,33.28754],[129.5872,33.28858],[129.58714,33.28965],[129.58789,33.2905],[129.58721,33.29061],[129.58686,33.29149],[129.58633,33.29056],[129.58592,33.29103],[129.58549,33.29042],[129.58591,33.29025],[129.58602,33.28918],[129.58528,33.2887],[129.58395,33.29012],[129.5841,33.28864],[129.58307,33.28885],[129.583,33.29042],[129.58402,33.29111],[129.58406,33.29214],[129.58554,33.29223],[129.5853,33.29283],[129.58583,33.29319],[129.58504,33.29409],[129.588,33.29488],[129.58903,33.29426],[129.58961,33.29309],[129.58892,33.29251],[129.58891,33.29182],[129.58808,33.29193],[129.58837,33.29142],[129.5899,33.29157],[129.59097,33.29108],[129.59069,33.2926],[129.59148,33.29422],[129.59081,33.29496],[129.59089,33.29572],[129.59248,33.2958],[129.5942,33.29758],[129.5952,33.29762],[129.59601,33.29962],[129.59661,33.30033],[129.59739,33.30035],[129.59688,33.30074],[129.59728,33.30061],[129.59801,33.30183],[129.59637,33.30255],[129.59793,33.30484],[129.60073,33.30797],[129.60155,33.30742],[129.60469,33.31065],[129.60665,33.3119],[129.60778,33.31194],[129.61501,33.3091],[129.61594,33.30644],[129.61662,33.30689],[129.6164,33.30791],[129.62114,33.30972],[129.62445,33.31002],[129.62683,33.30939],[129.62728,33.30858],[129.62788,33.30888],[129.62719,33.3098],[129.62482,33.31049],[129.6149,33.3105],[129.61319,33.31127],[129.61308,33.31191],[129.60965,33.31339],[129.61045,33.31493],[129.60818,33.31484],[129.60827,33.31576],[129.6068,33.3162],[129.60757,33.31628],[129.60764,33.31656],[129.60576,33.31607],[129.60622,33.31876],[129.60496,33.32102],[129.60573,33.32269],[129.60642,33.32287],[129.60647,33.32409],[129.60907,33.32296],[129.60942,33.3234],[129.60915,33.32427],[129.61085,33.32583],[129.61379,33.3261],[129.61421,33.32663],[129.61612,33.3254],[129.61663,33.32607],[129.61825,33.32636],[129.61867,33.32717],[129.61942,33.3273],[129.61933,33.32768],[129.62015,33.32736],[129.62074,33.32765],[129.62011,33.3262],[129.62094,33.32559],[129.62399,33.32658],[129.62279,33.32946],[129.62106,33.3307],[129.62067,33.33264],[129.61971,33.33312],[129.62142,33.33415],[129.62269,33.33427],[129.62351,33.33523],[129.62341,33.33631],[129.62464,33.33701],[129.62677,33.3367],[129.6283,33.33703],[129.62866,33.33606],[129.63005,33.33534],[129.62881,33.33483],[129.63088,33.335],[129.63096,33.33575],[129.6327,33.33734],[129.63269,33.33892],[129.63114,33.33906],[129.63048,33.34027],[129.6303,33.34186],[129.63128,33.34266],[129.63182,33.34171],[129.63534,33.34036],[129.64071,33.33443],[129.64204,33.33383],[129.64499,33.33426],[129.64486,33.33228],[129.64873,33.3295],[129.64939,33.32791],[129.65173,33.32732],[129.65286,33.32636],[129.65519,33.32556],[129.65559,33.32287],[129.65701,33.32114],[129.66086,33.31994],[129.66306,33.32128],[129.66493,33.32092],[129.66688,33.31822],[129.66639,33.3154],[129.66687,33.31128],[129.6704,33.31009],[129.67172,33.3102],[129.67273,33.3084],[129.67616,33.30796],[129.67741,33.30851],[129.67954,33.31105],[129.68112,33.31177],[129.68294,33.31155],[129.68385,33.31029],[129.68906,33.31143],[129.69205,33.3095],[129.69239,33.31028],[129.69622,33.31053],[129.69713,33.31019],[129.69821,33.31092],[129.70169,33.31008],[129.70439,33.31033],[129.70721,33.30874],[129.70879,33.30604],[129.70707,33.30264],[129.70963,33.3025],[129.71046,33.3035],[129.71094,33.30245],[129.71525,33.30271],[129.71526,33.29751],[129.71469,33.29638],[129.71522,33.295],[129.71411,33.29302],[129.71411,33.29076],[129.71371,33.2901],[129.715,33.28921],[129.71585,33.2878],[129.7193,33.28622],[129.72122,33.28621],[129.72363,33.28548],[129.72638,33.28379],[129.72914,33.28289],[129.73098,33.28127],[129.73251,33.28093],[129.73322,33.27982],[129.7343,33.27949],[129.73487,33.27871],[129.73975,33.27738],[129.74155,33.27594],[129.74431,33.27483],[129.74718,33.27576],[129.7488,33.27705],[129.75147,33.2766],[129.7521,33.27564],[129.75678,33.27712],[129.75963,33.27729],[129.76087,33.27607],[129.7623,33.27337],[129.76471,33.27171],[129.76625,33.26948],[129.76713,33.269],[129.7706,33.2684],[129.7722,33.26746],[129.77677,33.26615],[129.77981,33.26608],[129.78072,33.26663],[129.78402,33.26518],[129.78575,33.2634],[129.78624,33.26169],[129.79046,33.2576],[129.7934,33.25576],[129.79531,33.25514],[129.79581,33.25408],[129.79741,33.25286],[129.79956,33.25218],[129.80381,33.24812],[129.80477,33.24781],[129.8057,33.24638],[129.80698,33.24565],[129.80924,33.24316],[129.81072,33.24265],[129.81309,33.24346],[129.81437,33.24231],[129.8142,33.24082],[129.81554,33.2386],[129.81432,33.23709],[129.81336,33.23411],[129.8136,33.23327],[129.81276,33.23204],[129.81073,33.23133],[129.81001,33.22979],[129.81047,33.22665],[129.81243,33.224],[129.81336,33.22089],[129.81127,33.21938],[129.80971,33.21889],[129.80936,33.21652],[129.80768,33.21494],[129.80795,33.21393],[129.80695,33.21144],[129.80927,33.20933],[129.80817,33.2082],[129.80782,33.20689],[129.80864,33.20621],[129.80934,33.20429],[129.81163,33.2026],[129.81146,33.20115],[129.8136,33.19991],[129.81427,33.1984],[129.81671,33.19759],[129.81603,33.19691],[129.81633,33.19593],[129.81567,33.19468],[129.81705,33.1923],[129.81559,33.18803],[129.81738,33.18686],[129.81711,33.18446],[129.82019,33.18234],[129.82321,33.18184],[129.82569,33.17968],[129.82999,33.1799],[129.83128,33.1763],[129.83286,33.17564],[129.83439,33.17423],[129.83871,33.17418],[129.83936,33.1749],[129.84266,33.17539],[129.84412,33.17629],[129.84544,33.17626],[129.84848,33.17769],[129.85142,33.17734],[129.85334,33.17628],[129.855,33.17325],[129.85648,33.17216],[129.85732,33.17058],[129.85929,33.17102],[129.86132,33.1705],[129.86332,33.17096],[129.86681,33.16918],[129.86852,33.16887],[129.86937,33.16966],[129.86987,33.16843],[129.87217,33.16678],[129.87305,33.1647],[129.87134,33.16429],[129.87048,33.16497],[129.87003,33.16386],[129.86948,33.16362],[129.86971,33.16084],[129.86769,33.1592],[129.86833,33.1582],[129.86586,33.1585],[129.86504,33.15803],[129.86553,33.15742],[129.86392,33.15638],[129.86226,33.15653],[129.86024,33.15558],[129.85858,33.15578],[129.85892,33.15469],[129.85855,33.15379],[129.85616,33.15196],[129.85634,33.15103],[129.85547,33.14862],[129.8566,33.14744],[129.85604,33.14607],[129.85383,33.146],[129.85293,33.14522],[129.85301,33.14428],[129.85057,33.14402],[129.84941,33.14228],[129.84976,33.14071],[129.84911,33.13969],[129.84922,33.13754],[129.85017,33.13622],[129.85049,33.13443],[129.85005,33.1328],[129.84835,33.13142],[129.8476,33.12999],[129.84788,33.12769],[129.84599,33.12478],[129.84581,33.12285],[129.84506,33.12252],[129.84397,33.11888],[129.84465,33.11754],[129.84425,33.11498],[129.8449,33.11387],[129.84374,33.11075],[129.84453,33.10882],[129.84433,33.10772],[129.84578,33.10702],[129.84544,33.10621],[129.84631,33.10433],[129.84621,33.10318],[129.84572,33.10278],[129.84609,33.10106],[129.84569,33.10031],[129.8428,33.09981],[129.84442,33.09434],[129.84681,33.09216],[129.84687,33.09106],[129.84666,33.09041],[129.84186,33.08688],[129.84151,33.08533],[129.83931,33.08435],[129.84001,33.08199],[129.83974,33.08035],[129.83858,33.07839],[129.83678,33.07689],[129.83454,33.07679],[129.83213,33.07561],[129.83078,33.07415],[129.8274,33.07523],[129.82449,33.0772],[129.82226,33.07636],[129.821,33.07637],[129.81985,33.07705],[129.81871,33.07537],[129.81831,33.07373],[129.81622,33.07148],[129.81515,33.07157],[129.81462,33.07233],[129.8139,33.0724],[129.81208,33.07145],[129.81115,33.07023],[129.80801,33.06988],[129.80596,33.07055],[129.80369,33.06862],[129.80401,33.06703],[129.80324,33.06779],[129.80132,33.06807],[129.79946,33.06597],[129.79797,33.06571],[129.79744,33.06688],[129.79805,33.06747],[129.79769,33.07005],[129.7996,33.06853],[129.80128,33.06841],[129.80135,33.06944],[129.80206,33.07016],[129.80332,33.06983],[129.80439,33.07116],[129.80667,33.07223],[129.80702,33.07292],[129.80649,33.07319],[129.80374,33.07137],[129.80183,33.07224],[129.8014,33.07137],[129.80069,33.07121],[129.79968,33.07271],[129.7999,33.07459],[129.80085,33.07528],[129.80143,33.07469],[129.80258,33.07472],[129.80343,33.07504],[129.80338,33.07571],[129.80352,33.07505],[129.80523,33.0753],[129.80691,33.07613],[129.80721,33.07741],[129.80431,33.07623],[129.80432,33.07585],[129.80412,33.07709],[129.80205,33.07849],[129.80062,33.07815],[129.79961,33.07695],[129.79908,33.07721],[129.79876,33.07865],[129.79954,33.07949],[129.79837,33.08054],[129.79838,33.08175],[129.79734,33.08207],[129.7963,33.08107],[129.79624,33.08194],[129.79468,33.08374],[129.79562,33.08583],[129.79727,33.08632],[129.79658,33.08664],[129.79616,33.09136],[129.79506,33.09086],[129.79458,33.08616],[129.79326,33.0825],[129.78945,33.08268],[129.7892,33.08318],[129.78862,33.08283],[129.78838,33.08173],[129.78843,33.08312],[129.78625,33.08335],[129.78599,33.0817],[129.78861,33.0814],[129.78836,33.07965],[129.78777,33.07935],[129.7883,33.07969],[129.78853,33.08132],[129.7881,33.08139],[129.78793,33.08078],[129.78803,33.0814],[129.78758,33.08145],[129.78739,33.08084],[129.78749,33.08146],[129.78704,33.0815],[129.78697,33.08088],[129.78695,33.08151],[129.78598,33.08162],[129.78589,33.081],[129.7865,33.08141],[129.78642,33.08087],[129.78587,33.08093],[129.78579,33.08036],[129.78704,33.07908],[129.78582,33.07995],[129.78375,33.07832],[129.78119,33.0781],[129.7794,33.07892],[129.78028,33.07774],[129.77863,33.07728],[129.77913,33.07677],[129.77853,33.07577],[129.77816,33.07581],[129.77819,33.07641],[129.77715,33.07667],[129.77709,33.07849],[129.77652,33.07845],[129.77612,33.07773],[129.77476,33.0782],[129.77585,33.07711],[129.77544,33.07594],[129.77448,33.07602],[129.77469,33.07707],[129.77296,33.07777],[129.77197,33.07763],[129.77261,33.07883],[129.77188,33.07906],[129.77276,33.07912],[129.77244,33.08056],[129.77283,33.08116],[129.77234,33.08146],[129.77142,33.07923],[129.77055,33.07893],[129.76972,33.07929],[129.767,33.07751],[129.7668,33.07667],[129.76596,33.07672],[129.76561,33.07877],[129.76759,33.07917],[129.76835,33.07991],[129.76641,33.07989],[129.76676,33.08327],[129.76607,33.08213],[129.76534,33.08194],[129.76585,33.08174],[129.7654,33.08106],[129.76431,33.08181],[129.76191,33.08089],[129.7622,33.08251],[129.76334,33.08196],[129.76385,33.08229],[129.76272,33.08339],[129.76398,33.08394],[129.76357,33.08474],[129.76482,33.08642],[129.76505,33.08872],[129.76776,33.08666],[129.76861,33.08666],[129.76759,33.0888],[129.76795,33.08935],[129.76952,33.08933],[129.77013,33.08981],[129.76928,33.09057],[129.76939,33.09233],[129.76782,33.09338],[129.76686,33.09552],[129.76907,33.09743],[129.77002,33.09929],[129.76937,33.10078],[129.76811,33.10055],[129.76865,33.1001],[129.76757,33.0997],[129.76657,33.09853],[129.76391,33.09808],[129.76374,33.09768],[129.76467,33.09624],[129.76423,33.09564],[129.76236,33.09508],[129.76279,33.09423],[129.76213,33.0933],[129.7627,33.09259],[129.7625,33.09191],[129.76326,33.09142],[129.76261,33.09083],[129.76315,33.09004],[129.76166,33.08894],[129.76058,33.08974],[129.75894,33.08956],[129.75831,33.0886],[129.75912,33.08441],[129.7578,33.08223],[129.75779,33.08052],[129.75939,33.08031],[129.75985,33.07966],[129.75969,33.0789],[129.76097,33.07807],[129.76273,33.07783],[129.76364,33.07521],[129.76423,33.07523],[129.76568,33.07264],[129.76615,33.07347],[129.76549,33.07475],[129.76824,33.0744],[129.76761,33.07167],[129.76808,33.07077],[129.76904,33.0716],[129.76868,33.07275],[129.77037,33.07224],[129.76931,33.07335],[129.77022,33.07384],[129.77075,33.07366],[129.77073,33.07282],[129.77186,33.07345],[129.77188,33.07221],[129.77229,33.07198],[129.77296,33.07265],[129.773,33.07156],[129.77175,33.07174],[129.77181,33.0711],[129.77256,33.07064],[129.77175,33.07004],[129.77222,33.06853],[129.77123,33.06778],[129.7711,33.06582],[129.77481,33.06591],[129.77602,33.06492],[129.77813,33.06641],[129.77931,33.06379],[129.78105,33.06254],[129.78134,33.0617],[129.78025,33.0611],[129.77694,33.06101],[129.77418,33.06035],[129.76885,33.06056],[129.76769,33.05997],[129.76743,33.05905],[129.76478,33.05864],[129.76436,33.05801],[129.76474,33.05562],[129.76681,33.05527],[129.76681,33.05435],[129.76786,33.05347],[129.76792,33.0526],[129.76778,33.05341],[129.76681,33.05419],[129.7651,33.05327],[129.76524,33.05253],[129.76583,33.05187],[129.76679,33.0528],[129.76666,33.05243],[129.76821,33.05085],[129.76749,33.05011],[129.76411,33.05034],[129.76249,33.05233],[129.76279,33.05324],[129.76233,33.05389],[129.75876,33.05377],[129.75762,33.05459],[129.75554,33.05485],[129.75451,33.05599],[129.75492,33.05664],[129.75809,33.05672],[129.75646,33.0574],[129.75599,33.05844],[129.75502,33.05883],[129.75698,33.06189],[129.75766,33.06214],[129.75818,33.06157],[129.75945,33.06198],[129.75845,33.06257],[129.75829,33.06337],[129.75678,33.06367],[129.7568,33.06431],[129.75532,33.06422],[129.75541,33.06258],[129.75493,33.06187],[129.75329,33.06294],[129.75075,33.06268],[129.75034,33.06306],[129.74489,33.0618],[129.7447,33.06328],[129.74294,33.06186],[129.74288,33.06129],[129.74204,33.06173],[129.74217,33.06246],[129.74132,33.06307],[129.74222,33.06526],[129.74189,33.06608],[129.74388,33.06608],[129.74494,33.06717],[129.74421,33.06734],[129.74518,33.06789],[129.74302,33.06757],[129.74146,33.06837],[129.741,33.06972],[129.73946,33.07161],[129.74336,33.07336],[129.746,33.07298],[129.74611,33.07554],[129.74673,33.07627],[129.74804,33.0764],[129.74983,33.07583],[129.74876,33.07668],[129.74923,33.07754],[129.74712,33.07956],[129.74681,33.08056],[129.74719,33.08158],[129.74609,33.0827],[129.74509,33.08224],[129.7453,33.07948],[129.74348,33.07752],[129.7418,33.07753],[129.73941,33.07866],[129.7385,33.08025],[129.73859,33.0832],[129.73389,33.09005],[129.7344,33.09221],[129.73402,33.09377],[129.73262,33.09465],[129.73216,33.09631],[129.73067,33.09761],[129.73094,33.09851],[129.73058,33.09828],[129.73036,33.09831],[129.73049,33.09868],[129.72888,33.09968],[129.72879,33.10043],[129.72963,33.10237],[129.73119,33.10347],[129.73364,33.10302],[129.73558,33.10099],[129.73714,33.10097],[129.73898,33.10227],[129.73994,33.10222],[129.74058,33.10169],[129.74027,33.10162],[129.74048,33.1007],[129.74291,33.10068],[129.74404,33.10014],[129.74437,33.09915],[129.74651,33.09841],[129.74772,33.0993],[129.74729,33.10106],[129.75034,33.10159],[129.75084,33.10114],[129.75162,33.10128],[129.75336,33.0999],[129.75411,33.10004],[129.75407,33.10114],[129.75244,33.10192],[129.7525,33.10456],[129.7514,33.10836],[129.74921,33.10989],[129.74828,33.11188],[129.74608,33.1124],[129.7451,33.11181],[129.74411,33.1138],[129.7429,33.11458],[129.74365,33.11652],[129.74367,33.1215],[129.74696,33.12548],[129.751,33.12481],[129.7519,33.12416],[129.75171,33.12304],[129.75261,33.12016],[129.75382,33.11934],[129.75404,33.11697],[129.75478,33.11562],[129.75469,33.11406],[129.75523,33.11387],[129.75613,33.1144],[129.75747,33.114],[129.75851,33.11439],[129.76082,33.1138],[129.76118,33.11548],[129.75778,33.1166],[129.75722,33.11787],[129.75753,33.11824],[129.75726,33.12013],[129.75806,33.12137],[129.75946,33.12173],[129.7603,33.1213],[129.76067,33.12209],[129.76135,33.12188],[129.76173,33.12238],[129.76046,33.12284],[129.75958,33.12407],[129.75777,33.12482],[129.75744,33.12558],[129.75831,33.12658],[129.75821,33.12761],[129.75773,33.12757],[129.7576,33.1276],[129.75894,33.1283],[129.76152,33.12748],[129.76218,33.12815],[129.7626,33.12786],[129.76231,33.12735],[129.76328,33.12746],[129.76363,33.12685],[129.76517,33.12695],[129.76655,33.1262],[129.76739,33.12477],[129.76854,33.12596],[129.77002,33.12609],[129.77134,33.12555],[129.77299,33.12597],[129.77384,33.12674],[129.77178,33.12914],[129.77128,33.12929],[129.77044,33.12852],[129.7686,33.12893],[129.76943,33.12906],[129.76538,33.13152],[129.76113,33.13153],[129.75958,33.13251],[129.75852,33.13118],[129.75876,33.13085],[129.75812,33.13111],[129.75783,33.13134],[129.75834,33.13232],[129.75763,33.13266],[129.75759,33.13344],[129.75846,33.13337],[129.75779,33.13494],[129.75877,33.13505],[129.75881,33.13564],[129.75922,33.13537],[129.7598,33.13667],[129.76228,33.13853],[129.76323,33.13865],[129.76435,33.1376],[129.76539,33.13872],[129.76473,33.13942],[129.76612,33.1415],[129.76576,33.14333],[129.76721,33.14278],[129.76851,33.14349],[129.76932,33.14226],[129.77069,33.14174],[129.77231,33.14191],[129.77325,33.1409],[129.77598,33.14161],[129.77806,33.14125],[129.78036,33.14178],[129.7823,33.14154],[129.77993,33.14362],[129.77441,33.14292],[129.77356,33.14349],[129.77099,33.14332],[129.77026,33.14425],[129.77039,33.14475],[129.76933,33.14537],[129.76793,33.14716],[129.76743,33.14718],[129.76678,33.14661],[129.76741,33.1459],[129.76724,33.14506],[129.76653,33.14464],[129.76355,33.14507],[129.76092,33.1442],[129.76272,33.14179],[129.76133,33.14048],[129.76007,33.14014],[129.75718,33.14123],[129.75492,33.14118],[129.75431,33.14214],[129.75475,33.14303],[129.75351,33.14486],[129.75524,33.14638],[129.75699,33.14645],[129.75697,33.14692],[129.75452,33.1472],[129.75241,33.14587],[129.75241,33.14535],[129.75253,33.14576],[129.75283,33.14578],[129.75236,33.14491],[129.75016,33.14431],[129.75046,33.14376],[129.7499,33.14421],[129.74925,33.14394],[129.74958,33.14342],[129.74949,33.14339],[129.74929,33.14382],[129.74844,33.14382],[129.74874,33.14275],[129.74764,33.14155],[129.74806,33.14124],[129.7476,33.1415],[129.74712,33.14101],[129.74746,33.14048],[129.74706,33.14094],[129.74584,33.13988],[129.74559,33.13854],[129.74638,33.13782],[129.74682,33.13651],[129.74515,33.13594],[129.74594,33.13556],[129.74441,33.13472],[129.74472,33.13499],[129.74302,33.13515],[129.74212,33.13335],[129.74338,33.13403],[129.74239,33.13329],[129.7419,33.13198],[129.73944,33.13234],[129.73856,33.13381],[129.73686,33.13455],[129.73602,33.13558],[129.73623,33.136],[129.73544,33.13633],[129.73678,33.14019],[129.73601,33.14039],[129.73529,33.13985],[129.73516,33.13886],[129.734,33.1377],[129.73416,33.13726],[129.7337,33.13729],[129.73393,33.13669],[129.7335,33.13622],[129.73238,33.13642],[129.73183,33.13728],[129.73223,33.13658],[129.73062,33.1365],[129.73172,33.13589],[129.73088,33.1357],[129.73114,33.13535],[129.73318,33.13499],[129.73235,33.13393],[129.73298,33.13432],[129.73419,33.13282],[129.73381,33.13256],[129.73272,33.13368],[129.73097,33.13247],[129.73421,33.12956],[129.73431,33.1274],[129.73491,33.12726],[129.73547,33.12775],[129.73493,33.12724],[129.73508,33.12582],[129.73292,33.12604],[129.73144,33.1241],[129.73063,33.12455],[129.73126,33.12547],[129.73092,33.12578],[129.72949,33.12656],[129.72888,33.1259],[129.72718,33.12657],[129.7261,33.12632],[129.72493,33.12792],[129.7252,33.12887],[129.72584,33.13015],[129.72528,33.12894],[129.72595,33.1278],[129.72671,33.12811],[129.72651,33.1284],[129.72658,33.12843],[129.72673,33.12812],[129.72739,33.12839],[129.72703,33.1289],[129.72709,33.12893],[129.72741,33.1284],[129.72799,33.12862],[129.72744,33.12957],[129.72771,33.12923],[129.72818,33.13023],[129.72762,33.13032],[129.72807,33.1315],[129.72781,33.13303],[129.72572,33.13423],[129.72569,33.13471],[129.72676,33.13477],[129.72663,33.13623],[129.72485,33.13629],[129.72462,33.13589],[129.72479,33.1363],[129.72288,33.13728],[129.72135,33.13665],[129.72098,33.13708],[129.71985,33.13672],[129.71982,33.13624],[129.72032,33.136],[129.72028,33.13594],[129.71977,33.13619],[129.71971,33.13638],[129.71974,33.13668],[129.72031,33.13732],[129.72131,33.1375],[129.72176,33.13827],[129.72134,33.13887],[129.71979,33.13861],[129.72027,33.13906],[129.72028,33.14068],[129.71957,33.14061],[129.72099,33.14146],[129.72048,33.14249],[129.72275,33.14383],[129.72876,33.14591],[129.72852,33.14722],[129.72771,33.14769],[129.7289,33.14937],[129.72753,33.15042],[129.72681,33.15032],[129.72634,33.14904],[129.72497,33.14829],[129.72475,33.14701],[129.72226,33.14609],[129.72096,33.15408],[129.72416,33.15487],[129.72449,33.15396],[129.72591,33.15453],[129.72584,33.15498],[129.72949,33.15588],[129.72983,33.15738],[129.72865,33.15862],[129.72884,33.15894],[129.72904,33.15864],[129.72885,33.15898],[129.72815,33.15853],[129.72704,33.15934],[129.72672,33.15903],[129.72702,33.15885],[129.72611,33.15841],[129.7269,33.15785],[129.72719,33.15808],[129.72692,33.15784],[129.72735,33.15754],[129.72764,33.15776],[129.7275,33.15687],[129.72327,33.15771],[129.72598,33.16042],[129.72574,33.16157],[129.72384,33.1643],[129.72229,33.16332],[129.72335,33.16238],[129.72314,33.1608],[129.72313,33.16211],[129.72222,33.16188],[129.71913,33.16547],[129.719,33.16579],[129.72008,33.16635],[129.71882,33.16623],[129.7185,33.16814],[129.71807,33.16729],[129.71828,33.16563],[129.72092,33.16215],[129.71813,33.16098],[129.71773,33.16188],[129.71826,33.16225],[129.71771,33.16266],[129.71809,33.16281],[129.71795,33.16331],[129.71748,33.16326],[129.71794,33.16333],[129.71744,33.16352],[129.71786,33.16364],[129.71736,33.16387],[129.71777,33.16393],[129.7176,33.1645],[129.71711,33.16439],[129.7176,33.16452],[129.71712,33.16465],[129.71753,33.16476],[129.71718,33.16601],[129.71679,33.16592],[129.71717,33.16603],[129.71703,33.16654],[129.71489,33.16671],[129.71485,33.16621],[129.71479,33.16622],[129.71446,33.16675],[129.71427,33.16617],[129.71423,33.16675],[129.71349,33.16675],[129.71292,33.16515],[129.71451,33.1607],[129.71188,33.1607],[129.71255,33.15893],[129.7118,33.16069],[129.71049,33.16062],[129.70973,33.16182],[129.71125,33.16229],[129.70992,33.16538],[129.70413,33.16363],[129.70546,33.16052],[129.70801,33.16131],[129.7084,33.16013],[129.70531,33.15897],[129.7044,33.15982],[129.70409,33.1625],[129.70409,33.16177],[129.704,33.16253],[129.70209,33.16231],[129.70149,33.16325],[129.69938,33.16113],[129.69903,33.15971],[129.69924,33.15929],[129.70136,33.15922],[129.70341,33.15719],[129.70402,33.15728],[129.70461,33.15681],[129.70408,33.15676],[129.70569,33.15494],[129.70607,33.15285],[129.70637,33.15289],[129.7061,33.15271],[129.70645,33.15265],[129.70691,33.14789],[129.70631,33.14779],[129.70612,33.14722],[129.70648,33.14438],[129.70594,33.1438],[129.70235,33.14318],[129.70207,33.14289],[129.70262,33.14283],[129.70199,33.14271],[129.70319,33.14244],[129.70267,33.14178],[129.70342,33.14134],[129.70636,33.14137],[129.70772,33.14065],[129.7079,33.14108],[129.70838,33.14047],[129.70785,33.14049],[129.70958,33.13897],[129.70903,33.13897],[129.70949,33.13728],[129.70792,33.13536],[129.70983,33.1341],[129.71008,33.13087],[129.7096,33.12954],[129.70918,33.12945],[129.71086,33.12674],[129.71068,33.12465],[129.70808,33.12297],[129.70546,33.12328],[129.70481,33.12358],[129.70496,33.12419],[129.70425,33.12488],[129.70278,33.1254],[129.70255,33.12503],[129.70247,33.12548],[129.70163,33.12502],[129.70036,33.12517],[129.69966,33.12462],[129.70006,33.12374],[129.707,33.12052],[129.70891,33.11874],[129.70994,33.11994],[129.71069,33.11956],[129.71005,33.1189],[129.71174,33.11768],[129.71171,33.11599],[129.70894,33.11523],[129.70646,33.11561],[129.70502,33.1163],[129.70421,33.1173],[129.70336,33.11761],[129.7041,33.11675],[129.70381,33.11537],[129.70066,33.11495],[129.69955,33.11378],[129.69767,33.11301],[129.69656,33.11484],[129.69452,33.11535],[129.69234,33.11735],[129.69069,33.11634],[129.69134,33.11627],[129.6906,33.11623],[129.6892,33.11513],[129.68539,33.11451],[129.68401,33.11483],[129.6824,33.11413],[129.67949,33.11392],[129.6786,33.1141],[129.67758,33.11551],[129.67732,33.11773],[129.67584,33.11943],[129.67451,33.11998],[129.67347,33.11977],[129.67218,33.11856],[129.67068,33.11843],[129.67084,33.11715],[129.67104,33.11754],[129.67184,33.11732],[129.67253,33.11621],[129.67316,33.11658],[129.67237,33.11591],[129.67412,33.11132],[129.67233,33.1081],[129.67268,33.10666],[129.66897,33.10386],[129.66866,33.10303],[129.66909,33.10305],[129.66853,33.103],[129.66835,33.10195],[129.66747,33.10121],[129.66645,33.10125],[129.66464,33.10259],[129.66575,33.10558],[129.66539,33.10888],[129.66468,33.11063],[129.66268,33.11276],[129.66206,33.11296],[129.66104,33.11238],[129.66044,33.11266],[129.66029,33.11409],[129.65865,33.11707],[129.65837,33.11689],[129.65911,33.11866],[129.65803,33.12192],[129.65868,33.12235],[129.65929,33.12198],[129.65942,33.12237],[129.66007,33.12226],[129.66054,33.12295],[129.65988,33.12354],[129.6582,33.12355],[129.65782,33.12406],[129.65824,33.12465],[129.65894,33.12392],[129.6602,33.12382],[129.66107,33.12522],[129.6605,33.12648],[129.65872,33.12727],[129.65723,33.1289],[129.65671,33.13084],[129.65777,33.13255],[129.65727,33.13322],[129.65878,33.13336],[129.65885,33.13305],[129.65815,33.13296],[129.65837,33.13244],[129.65948,33.1328],[129.65878,33.13129],[129.6587,33.13089],[129.65875,33.13057],[129.65989,33.13192],[129.66034,33.13069],[129.66149,33.13134],[129.6623,33.1302],[129.66368,33.13025],[129.66307,33.12995],[129.6635,33.12918],[129.66256,33.12925],[129.66396,33.12828],[129.66348,33.12787],[129.66163,33.12879],[129.66153,33.12773],[129.66303,33.1274],[129.66254,33.12658],[129.6631,33.12646],[129.66222,33.12575],[129.66336,33.12606],[129.66356,33.12499],[129.66375,33.12676],[129.66499,33.1274],[129.66412,33.12599],[129.66422,33.12515],[129.66476,33.12496],[129.66403,33.12427],[129.66417,33.12363],[129.66487,33.12353],[129.66482,33.12412],[129.66535,33.12403],[129.66519,33.12595],[129.66546,33.12625],[129.6666,33.12391],[129.66826,33.12379],[129.66725,33.12459],[129.6684,33.12485],[129.66701,33.12519],[129.66691,33.12572],[129.66759,33.12594],[129.6671,33.12668],[129.66882,33.12591],[129.66769,33.12734],[129.66843,33.12741],[129.66811,33.12808],[129.66862,33.12794],[129.66985,33.12602],[129.66988,33.12803],[129.67024,33.12675],[129.67262,33.12811],[129.67371,33.12774],[129.67537,33.12851],[129.6756,33.12984],[129.67599,33.12994],[129.67673,33.12928],[129.67563,33.12838],[129.67561,33.12766],[129.67664,33.12703],[129.6777,33.12703],[129.67819,33.12602],[129.681,33.12623],[129.68155,33.12583],[129.6816,33.12569],[129.68166,33.12562],[129.6821,33.12529],[129.68225,33.12522],[129.68249,33.12525],[129.68287,33.12502],[129.68012,33.12709],[129.67982,33.12808],[129.68024,33.12897],[129.67958,33.12915],[129.67897,33.13044],[129.68024,33.13027],[129.67964,33.13113],[129.67985,33.13204],[129.67872,33.13257],[129.67975,33.13343],[129.6804,33.13317],[129.68058,33.13187],[129.68122,33.13299],[129.68133,33.13219],[129.68247,33.13239],[129.68199,33.13158],[129.68288,33.13219],[129.68366,33.13162],[129.68561,33.13197],[129.68578,33.13283],[129.68555,33.1325],[129.68478,33.13305],[129.684,33.13275],[129.68256,33.13309],[129.68252,33.13399],[129.68407,33.13401],[129.68193,33.13517],[129.68235,33.13557],[129.68364,33.13512],[129.68264,33.13682],[129.68354,33.1367],[129.68465,33.13579],[129.68466,33.13697],[129.68333,33.13845],[129.68342,33.13952],[129.68479,33.13735],[129.68463,33.13906],[129.68496,33.1392],[129.68551,33.13873],[129.68557,33.13782],[129.68641,33.13794],[129.6862,33.13679],[129.68741,33.13713],[129.68726,33.13574],[129.68842,33.13652],[129.68851,33.13473],[129.68798,33.13447],[129.68892,33.13431],[129.69013,33.13588],[129.68986,33.13602],[129.6908,33.1365],[129.69068,33.13702],[129.69201,33.13666],[129.693,33.13727],[129.69318,33.13619],[129.69385,33.13673],[129.69492,33.13629],[129.69492,33.13728],[129.69545,33.13745],[129.69587,33.13634],[129.69722,33.13607],[129.69692,33.13644],[129.69771,33.13711],[129.69862,33.13691],[129.69804,33.13728],[129.69847,33.1393],[129.69694,33.13982],[129.69745,33.14089],[129.69834,33.14135],[129.69812,33.14246],[129.69698,33.14254],[129.6962,33.14203],[129.69666,33.14167],[129.69624,33.1417],[129.69634,33.1413],[129.69524,33.14102],[129.69566,33.14138],[129.69509,33.14197],[129.69362,33.1406],[129.69254,33.14137],[129.69324,33.14052],[129.69278,33.14023],[129.69202,33.14033],[129.69148,33.14117],[129.69105,33.14035],[129.69058,33.1413],[129.68919,33.14155],[129.69095,33.14187],[129.69168,33.14255],[129.6911,33.14358],[129.69067,33.14275],[129.69051,33.14329],[129.68852,33.14286],[129.68883,33.14318],[129.68849,33.14311],[129.68879,33.14324],[129.68843,33.1437],[129.68705,33.1425],[129.68659,33.14313],[129.68817,33.14366],[129.68744,33.14462],[129.68617,33.14411],[129.68633,33.14467],[129.68538,33.14436],[129.68435,33.14499],[129.68353,33.1448],[129.68416,33.14532],[129.68201,33.14573],[129.68234,33.14601],[129.68194,33.14635],[129.68341,33.14597],[129.68448,33.14708],[129.68324,33.14732],[129.6828,33.14852],[129.68061,33.14889],[129.68084,33.15008],[129.68021,33.15072],[129.68005,33.14972],[129.67961,33.15006],[129.67955,33.14961],[129.67873,33.15003],[129.67925,33.15066],[129.6777,33.15106],[129.68021,33.15075],[129.68049,33.15158],[129.68129,33.15199],[129.68017,33.15229],[129.67981,33.15188],[129.68014,33.15229],[129.67944,33.15242],[129.67908,33.1521],[129.67942,33.15253],[129.67817,33.15361],[129.67855,33.15435],[129.67754,33.15425],[129.67706,33.15507],[129.67805,33.15542],[129.67879,33.15643],[129.67863,33.1573],[129.68031,33.15852],[129.6794,33.1586],[129.67915,33.15908],[129.67852,33.15855],[129.67798,33.15849],[129.67899,33.15901],[129.67878,33.1597],[129.678,33.15982],[129.67835,33.16045],[129.6778,33.16041],[129.67823,33.16251],[129.67895,33.16274],[129.68108,33.16185],[129.68157,33.16285],[129.68116,33.16298],[129.68077,33.16237],[129.68112,33.163],[129.6808,33.16315],[129.68042,33.16251],[129.68078,33.16315],[129.68041,33.1633],[129.68002,33.16268],[129.68038,33.16331],[129.67984,33.16287],[129.68013,33.1634],[129.67918,33.16433],[129.67809,33.16415],[129.67839,33.16448],[129.67787,33.16566],[129.67706,33.16577],[129.67735,33.16461],[129.67665,33.16386],[129.67684,33.16258],[129.67599,33.16167],[129.67643,33.16275],[129.67582,33.1634],[129.67613,33.1637],[129.67521,33.1643],[129.67621,33.16511],[129.67546,33.16571],[129.67499,33.16552],[129.67492,33.16627],[129.67418,33.16604],[129.67462,33.16512],[129.67278,33.16611],[129.67334,33.16759],[129.67222,33.16646],[129.67086,33.167],[129.67047,33.16775],[129.67116,33.16838],[129.67072,33.16888],[129.66972,33.16825],[129.66963,33.16746],[129.66822,33.16781],[129.66923,33.16686],[129.66748,33.1672],[129.66864,33.16658],[129.66881,33.16624],[129.66825,33.16596],[129.66879,33.16548],[129.6682,33.16524],[129.66913,33.16471],[129.6687,33.16453],[129.66875,33.16361],[129.66843,33.16453],[129.66775,33.16441],[129.66769,33.16349],[129.66834,33.16294],[129.66767,33.16269],[129.66758,33.16214],[129.66802,33.1619],[129.66744,33.16188],[129.6674,33.16144],[129.66669,33.16167],[129.66669,33.16249],[129.66612,33.16255],[129.66634,33.16331],[129.66714,33.16242],[129.66756,33.16278],[129.66671,33.16366],[129.66766,33.16552],[129.66743,33.16597],[129.6663,33.16535],[129.66662,33.16497],[129.66597,33.16388],[129.66553,33.16399],[129.66561,33.16554],[129.66432,33.16593],[129.66397,33.16387],[129.66345,33.16375],[129.66339,33.16416],[129.66277,33.1641],[129.66338,33.1647],[129.66239,33.1647],[129.66163,33.16567],[129.6621,33.16646],[129.66168,33.16682],[129.66086,33.16566],[129.66038,33.16757],[129.65895,33.16712],[129.6592,33.16795],[129.6605,33.16878],[129.6607,33.17131],[129.65191,33.17206],[129.65201,33.1695],[129.65145,33.17042],[129.65053,33.1703],[129.65102,33.17081],[129.65027,33.17086],[129.65076,33.17164],[129.64937,33.17009],[129.64988,33.16992],[129.64972,33.16949],[129.64879,33.16918],[129.64837,33.16952],[129.64874,33.16985],[129.648,33.17017],[129.64859,33.17001],[129.64973,33.17084],[129.65058,33.1735],[129.64975,33.17404],[129.64891,33.17399],[129.64789,33.17231],[129.64597,33.17208],[129.64481,33.17116],[129.64271,33.17155],[129.64285,33.17093],[129.64212,33.1711],[129.64193,33.17045],[129.64058,33.17044],[129.64072,33.16998],[129.63973,33.16985],[129.63939,33.1694],[129.64006,33.16769],[129.63973,33.16727],[129.64124,33.16701],[129.63946,33.16727],[129.6384,33.16769],[129.63863,33.16683],[129.6369,33.16726],[129.63553,33.16684],[129.63533,33.16703],[129.63543,33.16748],[129.63567,33.16699],[129.63615,33.16912],[129.63761,33.17021],[129.63782,33.17202],[129.63988,33.17577],[129.64132,33.17593],[129.64146,33.17473],[129.63998,33.17419],[129.6417,33.17384],[129.64133,33.17255],[129.64269,33.17402],[129.64443,33.17373],[129.64397,33.17425],[129.64493,33.17488],[129.64458,33.17668],[129.6442,33.17679],[129.64402,33.17514],[129.6435,33.17463],[129.64269,33.17474],[129.64268,33.17639],[129.64207,33.17664],[129.64277,33.17742],[129.64271,33.17852],[129.64335,33.17961],[129.64314,33.18122],[129.64371,33.17975],[129.64416,33.1796],[129.64433,33.18012],[129.64496,33.18001],[129.64449,33.18102],[129.64519,33.18085],[129.64505,33.18138],[129.64582,33.18168],[129.64569,33.18084],[129.64615,33.18067],[129.64665,33.18155],[129.64737,33.18176],[129.64617,33.1798],[129.64651,33.17841],[129.64761,33.17712],[129.64816,33.17823],[129.64744,33.17853],[129.64765,33.17982],[129.64931,33.17931],[129.64942,33.17983],[129.65078,33.1805],[129.64857,33.1803],[129.64875,33.18067],[129.6486,33.18056],[129.64819,33.18071],[129.64872,33.18133],[129.64942,33.18067],[129.65015,33.18091],[129.65011,33.18137],[129.6509,33.18098],[129.65097,33.18142],[129.65141,33.18054],[129.65194,33.18074],[129.6517,33.18182],[129.65039,33.18241],[129.64963,33.18204],[129.64938,33.18273],[129.64985,33.1824],[129.65036,33.18267],[129.64965,33.18365],[129.6503,33.1837],[129.65103,33.18232],[129.65202,33.18228],[129.65247,33.18117],[129.65295,33.18234],[129.65263,33.18314],[129.65219,33.18302],[129.65114,33.18405],[129.65259,33.18376],[129.65321,33.18411],[129.65351,33.18277],[129.6548,33.18305],[129.65401,33.18387],[129.65451,33.18479],[129.65518,33.1841],[129.65626,33.1842],[129.65547,33.18464],[129.6556,33.18546],[129.65484,33.18583],[129.65311,33.18471],[129.65304,33.18532],[129.6512,33.18592],[129.65264,33.18786],[129.65215,33.18809],[129.65268,33.18792],[129.65299,33.18833],[129.65261,33.18866],[129.65304,33.18839],[129.65337,33.18884],[129.65207,33.1895],[129.6508,33.19159],[129.65133,33.19211],[129.65316,33.19234],[129.65553,33.191],[129.65681,33.19287],[129.65379,33.19297],[129.6544,33.19316],[129.65464,33.19404],[129.65421,33.19438],[129.65261,33.19409],[129.6537,33.19553],[129.65231,33.19497],[129.65231,33.19549],[129.65134,33.19561],[129.64958,33.19424],[129.64898,33.19281],[129.64946,33.19249],[129.64942,33.19244],[129.6485,33.19307],[129.64894,33.19283],[129.64926,33.19357],[129.64855,33.19334],[129.64717,33.19479],[129.64643,33.19475],[129.64521,33.19591],[129.64413,33.19577],[129.64324,33.19542],[129.64322,33.19547],[129.64392,33.19578],[129.64518,33.19594],[129.64477,33.19776],[129.64413,33.19768],[129.64401,33.1982],[129.64473,33.19933],[129.64426,33.2014],[129.64502,33.20166],[129.64571,33.20217],[129.64434,33.20151],[129.64418,33.20265],[129.64704,33.20564],[129.64717,33.20661],[129.64787,33.20674],[129.64967,33.20578],[129.65057,33.20698],[129.64984,33.20808],[129.65286,33.20817],[129.65347,33.20942],[129.65451,33.21016],[129.65474,33.21122],[129.65535,33.20983],[129.65678,33.20993],[129.65654,33.21064],[129.6575,33.20959],[129.65802,33.20978],[129.65967,33.21093],[129.65875,33.21244],[129.65891,33.213],[129.65992,33.21213],[129.66241,33.21188],[129.66272,33.21243],[129.6647,33.21306],[129.66767,33.215],[129.6704,33.21482],[129.67104,33.21552],[129.67133,33.21773],[129.67351,33.21947],[129.67371,33.22055],[129.67545,33.22296],[129.67702,33.22331],[129.67916,33.2222],[129.6804,33.2238],[129.68925,33.2277],[129.69035,33.22886],[129.68965,33.23134],[129.69154,33.23284],[129.69035,33.23398],[129.68829,33.23463],[129.68904,33.23583],[129.68657,33.23772],[129.68472,33.24087],[129.68288,33.24178],[129.68057,33.2418],[129.68049,33.24399],[129.68104,33.24604],[129.68144,33.24724],[129.68303,33.24807],[129.68355,33.25102],[129.68523,33.25356],[129.68649,33.25457],[129.68734,33.25448],[129.68779,33.25502],[129.6887,33.25477],[129.68783,33.25627],[129.68671,33.25698],[129.68702,33.25803],[129.68539,33.2593],[129.6863,33.26061],[129.68501,33.26193],[129.68494,33.26369],[129.68376,33.2655],[129.68252,33.26649],[129.68107,33.26661],[129.6763,33.26481],[129.67302,33.26548],[129.67304,33.26629],[129.67421,33.26623],[129.67422,33.26711],[129.6695,33.26945],[129.66964,33.27035],[129.66835,33.27213],[129.66584,33.27227],[129.66245,33.2744],[129.66019,33.27413],[129.65973,33.27444],[129.65972,33.27554],[129.6565,33.27627],[129.65557,33.27698],[129.65275,33.27728],[129.65062,33.27904],[129.64887,33.2789],[129.64382,33.2751],[129.64295,33.27404],[129.64333,33.27302],[129.64133,33.27071],[129.64142,33.26983],[129.64087,33.26897],[129.64034,33.26879],[129.63601,33.27158],[129.63538,33.27252],[129.63333,33.27233],[129.63185,33.27149],[129.6281,33.26732],[129.62733,33.26323],[129.62621,33.2618],[129.62524,33.25895],[129.62204,33.25527],[129.62282,33.25364],[129.62271,33.25215],[129.62312,33.25152],[129.62253,33.24933],[129.62437,33.24721],[129.62411,33.24564],[129.62706,33.24463],[129.62783,33.2438],[129.6279,33.24301],[129.63016,33.24291],[129.63121,33.24193],[129.63155,33.24103],[129.63111,33.24042],[129.63197,33.23868],[129.63153,33.23746],[129.63329,33.23362],[129.6352,33.23303],[129.63888,33.23055],[129.6373,33.22754],[129.63685,33.22526],[129.63545,33.22366],[129.63674,33.21748],[129.63939,33.21521],[129.63872,33.21462],[129.63909,33.21284],[129.63858,33.21197],[129.63932,33.20866],[129.64001,33.20806],[129.63951,33.20737],[129.64018,33.20683],[129.63953,33.20508],[129.63752,33.20424],[129.63685,33.2031],[129.63855,33.2017],[129.63886,33.19901],[129.63786,33.19856],[129.63672,33.20069],[129.63591,33.20034],[129.63612,33.19913],[129.6354,33.1986],[129.63618,33.19805],[129.63678,33.19606],[129.63501,33.19554],[129.63437,33.19592],[129.63353,33.19526],[129.6339,33.19463],[129.63237,33.19452],[129.63195,33.19348],[129.62892,33.19282],[129.62873,33.19181],[129.62834,33.19213],[129.62801,33.19185],[129.62868,33.19106],[129.62765,33.19173],[129.62689,33.19129],[129.62617,33.18972],[129.6268,33.18824],[129.62733,33.18821],[129.62686,33.1879],[129.62755,33.18765],[129.62723,33.1873],[129.62654,33.18802],[129.62602,33.18787],[129.62553,33.18868],[129.62486,33.18855],[129.62502,33.18911],[129.6257,33.18926],[129.62559,33.19004],[129.62286,33.19138],[129.62228,33.19235],[129.62256,33.19306],[129.6211,33.19362],[129.62244,33.19317],[129.62274,33.19468],[129.62046,33.19421],[129.61862,33.19482],[129.61772,33.19605],[129.61819,33.19585],[129.61886,33.19647],[129.61807,33.19745],[129.61928,33.19739],[129.61892,33.19764],[129.61942,33.19817],[129.61831,33.19795],[129.61799,33.19838],[129.61927,33.19893],[129.61875,33.19981],[129.6191,33.20018],[129.62058,33.1989],[129.62071,33.1997],[129.62114,33.19919],[129.62198,33.19984],[129.62002,33.20192],[129.62044,33.20324],[129.62127,33.20375],[129.62026,33.20459],[129.62183,33.20469],[129.62274,33.20389],[129.62456,33.20446],[129.62272,33.20493],[129.62165,33.20584],[129.62023,33.20593],[129.62109,33.20718],[129.61998,33.20907],[129.62024,33.21217],[129.62181,33.2166],[129.61952,33.21446],[129.61858,33.21155],[129.61889,33.2115],[129.61853,33.20981],[129.61802,33.20916],[129.61549,33.20939],[129.61496,33.2089],[129.61536,33.20774],[129.61752,33.20779],[129.61727,33.20637],[129.61679,33.20605],[129.6173,33.20563],[129.61689,33.20521],[129.61725,33.20461],[129.61584,33.20354],[129.61361,33.2029],[129.61336,33.20342],[129.61176,33.20407],[129.61129,33.20557],[129.61178,33.20761],[129.60914,33.20619],[129.60911,33.20576],[129.60646,33.20534],[129.60601,33.2044],[129.60657,33.20403],[129.60715,33.20434],[129.60656,33.20391],[129.60569,33.20452],[129.60444,33.20345],[129.60388,33.20405],[129.60479,33.2049],[129.60506,33.20632],[129.60455,33.20649],[129.60418,33.20532],[129.60292,33.2048],[129.6024,33.20503],[129.60262,33.20563],[129.60165,33.20554],[129.60142,33.20672],[129.60063,33.20714],[129.60128,33.20844],[129.60108,33.20914],[129.60248,33.20908],[129.60131,33.21001],[129.60319,33.20984],[129.6038,33.2103],[129.60353,33.21061],[129.60495,33.21118],[129.60615,33.21348],[129.60597,33.21472],[129.60653,33.21712],[129.60864,33.21669],[129.6074,33.21788],[129.60659,33.21779],[129.60667,33.21884],[129.60587,33.22076],[129.60753,33.22166],[129.61063,33.2213],[129.61281,33.22158],[129.61406,33.22257],[129.61428,33.22341],[129.61484,33.22345],[129.61463,33.22395],[129.61586,33.22365],[129.61742,33.22538],[129.61928,33.22646],[129.619,33.22734],[129.61868,33.22647],[129.6154,33.22418],[129.61319,33.22487],[129.611,33.22288],[129.60928,33.22264],[129.60939,33.2233],[129.6089,33.22336],[129.60885,33.22254],[129.60555,33.22203],[129.60544,33.22308],[129.60534,33.22202],[129.60447,33.22192],[129.60431,33.22243],[129.6041,33.22201],[129.60556,33.22121],[129.60514,33.22032],[129.60392,33.2204],[129.60445,33.21961],[129.60396,33.21938],[129.60287,33.21937],[129.60309,33.21975],[129.60296,33.21979],[129.60185,33.21775],[129.60201,33.21612],[129.60276,33.21498],[129.6028,33.2131],[129.60238,33.21277],[129.60227,33.21448],[129.60182,33.21498],[129.60122,33.21406],[129.6012,33.21223],[129.5975,33.21144],[129.59689,33.20934],[129.59567,33.20875],[129.59405,33.20918],[129.59423,33.21001],[129.59482,33.21007],[129.59408,33.21046],[129.59431,33.21099],[129.59355,33.21166],[129.59513,33.21227],[129.59494,33.21273],[129.594,33.21245],[129.59515,33.2138],[129.59432,33.21461],[129.5935,33.21404],[129.59305,33.21295],[129.59188,33.21305],[129.59033,33.21213],[129.59027,33.21108],[129.58895,33.21109],[129.58869,33.21222],[129.58648,33.21218],[129.58648,33.2114],[129.5855,33.21047],[129.5839,33.2114],[129.58395,33.2121],[129.58323,33.21273],[129.5817,33.21278],[129.58289,33.21279],[129.58402,33.21386],[129.58646,33.2175],[129.58626,33.21823],[129.58335,33.21584],[129.58149,33.21681],[129.57969,33.21712],[129.57781,33.21639],[129.57802,33.21588],[129.57884,33.21585],[129.57761,33.21548],[129.57662,33.21619],[129.57546,33.21586],[129.57564,33.21419],[129.57629,33.21365],[129.57592,33.2135],[129.57464,33.21475],[129.57435,33.21698],[129.57243,33.21655],[129.57178,33.21794],[129.57142,33.21782],[129.57135,33.21934],[129.57075,33.21883],[129.57025,33.21953],[129.569,33.21932],[129.57041,33.21818],[129.57049,33.21745],[129.57092,33.21757],[129.57169,33.21685],[129.57165,33.21608],[129.5726,33.21585],[129.57135,33.2158],[129.57141,33.21538],[129.56986,33.21729],[129.56852,33.21723],[129.56842,33.21612],[129.56736,33.21693],[129.56715,33.21736],[129.56807,33.21874],[129.56709,33.21789],[129.566,33.21808],[129.56704,33.21855],[129.56564,33.21903],[129.56662,33.21996],[129.56602,33.22028],[129.56524,33.21993],[129.56518,33.22042],[129.56714,33.22188],[129.56673,33.222],[129.56502,33.22117],[129.56449,33.21957],[129.5639,33.21943],[129.56398,33.2193],[129.56427,33.21944],[129.56454,33.21932],[129.56474,33.21828],[129.5625,33.21626],[129.56233,33.21652],[129.56233,33.21595],[129.56185,33.21648],[129.56184,33.21578],[129.56165,33.21642],[129.56165,33.21573],[129.5614,33.21636],[129.56127,33.2154],[129.56106,33.2164]]]]}},{"type":"Feature","properties":{"id":"muni-42203","name":"島原市"},"geometry":{"type":"MultiPolygon","coordinates":[[[[130.37578,32.75517],[130.37476,32.75531],[130.37521,32.75547],[130.37508,32.75602],[130.37578,32.75517]]],[[[130.37644,32.75555],[130.37574,32.75555],[130.37596,32.75561],[130.37644,32.75555]]],[[[130.37339,32.75957],[130.37347,32.75999],[130.3737,32.75968],[130.37339,32.75957]]],[[[130.37279,32.76004],[130.37255,32.75963],[130.37234,32.76003],[130.37279,32.76004]]],[[[130.37235,32.76045],[130.37224,32.76036],[130.37229,32.76047],[130.37235,32.76045]]],[[[130.37247,32.76177],[130.37574,32.76089],[130.3731,32.76088],[130.37247,32.76177]]],[[[130.37437,32.76473],[130.37459,32.76653],[130.37501,32.76691],[130.37459,32.76508],[130.37437,32.76473]]],[[[130.37553,32.76907],[130.37461,32.76884],[130.37445,32.76992],[130.37582,32.7703],[130.37553,32.76907]]],[[[130.37602,32.77145],[130.37646,32.77139],[130.37627,32.77085],[130.37597,32.77103],[130.37602,32.77145]]],[[[130.31528,32.86522],[130.32078,32.86704],[130.32481,32.86422],[130.3259,32.86408],[130.32667,32.86301],[130.3278,32.86331],[130.32722,32.86237],[130.32813,32.86293],[130.32845,32.86239],[130.32928,32.86241],[130.33107,32.86389],[130.33083,32.8631],[130.32967,32.86249],[130.32993,32.86202],[130.32928,32.86222],[130.32904,32.86174],[130.32978,32.86128],[130.32994,32.86164],[130.33088,32.86155],[130.33143,32.86188],[130.33091,32.86276],[130.33171,32.86201],[130.3309,32.86106],[130.33279,32.86102],[130.33282,32.86201],[130.33194,32.86219],[130.33236,32.86259],[130.3317,32.86331],[130.33319,32.86219],[130.33322,32.86081],[130.33402,32.8599],[130.3379,32.85788],[130.341,32.85527],[130.34124,32.85299],[130.34254,32.85133],[130.3407,32.85192],[130.34049,32.85092],[130.34122,32.85143],[130.34078,32.85088],[130.34128,32.85022],[130.34203,32.85047],[130.34363,32.84838],[130.34291,32.84784],[130.34492,32.84539],[130.34496,32.84354],[130.34624,32.8413],[130.34597,32.83978],[130.34688,32.83753],[130.34952,32.83521],[130.34881,32.83422],[130.34888,32.83339],[130.35041,32.8314],[130.35036,32.83028],[130.3518,32.82675],[130.35443,32.82486],[130.35485,32.82499],[130.35345,32.8245],[130.35434,32.82415],[130.35473,32.82469],[130.35495,32.82316],[130.3532,32.82348],[130.35532,32.82281],[130.35583,32.82072],[130.35691,32.8194],[130.35655,32.81937],[130.35695,32.81909],[130.3569,32.81739],[130.35771,32.81557],[130.35895,32.81485],[130.36231,32.81577],[130.36152,32.8155],[130.3616,32.81512],[130.36322,32.8156],[130.36246,32.81586],[130.3642,32.81625],[130.36319,32.81591],[130.36336,32.815],[130.36355,32.81554],[130.36377,32.81493],[130.36451,32.81512],[130.3644,32.81569],[130.36466,32.81502],[130.36255,32.81447],[130.36309,32.81307],[130.36479,32.81294],[130.36507,32.81218],[130.35984,32.81102],[130.36228,32.81116],[130.36253,32.81038],[130.36395,32.80962],[130.36383,32.80927],[130.36493,32.80953],[130.36456,32.80929],[130.36593,32.80837],[130.3657,32.80809],[130.36659,32.80714],[130.36647,32.80612],[130.36575,32.80699],[130.36519,32.80689],[130.36559,32.80684],[130.36526,32.80683],[130.36544,32.80582],[130.36592,32.80609],[130.36514,32.80547],[130.3657,32.80508],[130.36579,32.80367],[130.36697,32.80268],[130.37103,32.79455],[130.37216,32.79393],[130.37254,32.79347],[130.37289,32.79367],[130.3736,32.79322],[130.37288,32.79362],[130.37261,32.79332],[130.37212,32.79389],[130.37147,32.79362],[130.37212,32.79337],[130.37225,32.79276],[130.37286,32.79328],[130.37244,32.79287],[130.373,32.79254],[130.37327,32.79286],[130.37283,32.79224],[130.37602,32.79059],[130.37732,32.78887],[130.37796,32.78729],[130.37776,32.78654],[130.38003,32.7845],[130.37847,32.78356],[130.37896,32.78426],[130.37734,32.7867],[130.37707,32.78775],[130.37762,32.78748],[130.37776,32.78765],[130.37675,32.78848],[130.37598,32.78816],[130.37404,32.78903],[130.37406,32.78865],[130.37141,32.78813],[130.3753,32.78787],[130.37521,32.78712],[130.37448,32.7866],[130.37246,32.78657],[130.37621,32.78588],[130.37714,32.78464],[130.37819,32.78425],[130.37772,32.78283],[130.37813,32.7824],[130.37826,32.77987],[130.38193,32.77985],[130.38194,32.77849],[130.38121,32.77771],[130.38186,32.77851],[130.38184,32.77958],[130.38143,32.77924],[130.381,32.77957],[130.381,32.77876],[130.38022,32.77876],[130.38027,32.77803],[130.37973,32.77803],[130.37973,32.77875],[130.37865,32.77875],[130.3784,32.77812],[130.37914,32.77808],[130.37829,32.77808],[130.37846,32.77781],[130.37822,32.7781],[130.37822,32.77827],[130.37639,32.77755],[130.3783,32.77746],[130.37831,32.77714],[130.37771,32.77666],[130.3778,32.77709],[130.37686,32.77694],[130.37646,32.77581],[130.37688,32.77527],[130.37602,32.77488],[130.37543,32.77351],[130.37472,32.77323],[130.37466,32.77448],[130.37397,32.77455],[130.37526,32.7708],[130.3739,32.77137],[130.37341,32.76988],[130.37243,32.76884],[130.37279,32.76853],[130.37364,32.76891],[130.37397,32.76826],[130.37468,32.76811],[130.37388,32.76815],[130.37475,32.76789],[130.37353,32.76817],[130.37453,32.76756],[130.37393,32.76644],[130.37326,32.76563],[130.37303,32.7667],[130.37146,32.76631],[130.37058,32.76423],[130.37129,32.76257],[130.37076,32.76219],[130.37171,32.7612],[130.37074,32.76112],[130.3708,32.76062],[130.37178,32.76039],[130.37274,32.75933],[130.37407,32.75921],[130.37412,32.75991],[130.37587,32.75855],[130.37489,32.75662],[130.37404,32.75705],[130.37465,32.75616],[130.37467,32.75581],[130.37419,32.75615],[130.37467,32.75551],[130.37445,32.75508],[130.37357,32.75507],[130.37511,32.7521],[130.37606,32.75214],[130.37579,32.75058],[130.37666,32.74956],[130.37615,32.74849],[130.37485,32.74925],[130.37405,32.74862],[130.37504,32.74776],[130.37726,32.74718],[130.37656,32.73999],[130.37486,32.74004],[130.37525,32.73868],[130.37353,32.73874],[130.37479,32.7379],[130.37477,32.73693],[130.3745,32.73805],[130.37337,32.73749],[130.37442,32.7373],[130.37391,32.73714],[130.36553,32.74089],[130.36042,32.7455],[130.3571,32.74671],[130.35597,32.74188],[130.35096,32.74262],[130.35122,32.74485],[130.34826,32.74533],[130.34909,32.74641],[130.34894,32.74717],[130.34852,32.74808],[130.34687,32.74844],[130.34499,32.74859],[130.34494,32.74809],[130.34244,32.74805],[130.34084,32.74721],[130.34009,32.74788],[130.33805,32.74737],[130.3366,32.74777],[130.33339,32.74735],[130.33187,32.74769],[130.32984,32.74693],[130.32899,32.74773],[130.32612,32.74667],[130.32517,32.74722],[130.32265,32.74736],[130.32216,32.74663],[130.32119,32.74677],[130.32021,32.74609],[130.31156,32.74679],[130.30887,32.7463],[130.30576,32.74757],[130.29991,32.74692],[130.29701,32.7477],[130.29133,32.74812],[130.28566,32.75033],[130.28687,32.75254],[130.29019,32.7532],[130.29241,32.75252],[130.29523,32.75422],[130.30407,32.75378],[130.30735,32.7543],[130.3086,32.75507],[130.30889,32.7611],[130.31046,32.76394],[130.30793,32.76334],[130.30698,32.76253],[130.30318,32.76258],[130.29785,32.7607],[130.29543,32.76244],[130.29375,32.76533],[130.29113,32.76433],[130.2891,32.76429],[130.28671,32.76215],[130.2813,32.76451],[130.27547,32.76499],[130.27382,32.76601],[130.27301,32.76711],[130.273,32.77362],[130.2759,32.78407],[130.27687,32.78437],[130.28088,32.78261],[130.28341,32.7845],[130.28464,32.7835],[130.28548,32.78549],[130.28474,32.78616],[130.28517,32.78875],[130.28488,32.79064],[130.28575,32.79172],[130.28644,32.7918],[130.2867,32.79263],[130.28777,32.79275],[130.28801,32.79366],[130.28961,32.79444],[130.2927,32.79941],[130.29352,32.79985],[130.29388,32.80125],[130.29298,32.80303],[130.29565,32.80922],[130.29718,32.81163],[130.29768,32.81459],[130.29931,32.81805],[130.29929,32.81967],[130.3005,32.82246],[130.30142,32.82675],[130.30229,32.82813],[130.30197,32.83074],[130.30289,32.83459],[130.30268,32.83756],[130.30093,32.83939],[130.30066,32.84028],[130.30142,32.84083],[130.30211,32.843],[130.30315,32.84322],[130.3026,32.84455],[130.30409,32.84465],[130.30409,32.84597],[130.30325,32.84703],[130.30451,32.84835],[130.30406,32.85031],[130.30533,32.85123],[130.30485,32.85277],[130.30624,32.8531],[130.30549,32.8538],[130.30538,32.85462],[130.30647,32.85559],[130.30771,32.85557],[130.3094,32.85909],[130.31178,32.86036],[130.31167,32.86159],[130.31234,32.86296],[130.31431,32.86373],[130.31528,32.86522]]],[[[130.37694,32.76916],[130.37671,32.76998],[130.3771,32.76998],[130.37694,32.76916]]],[[[130.38336,32.77052],[130.38291,32.77107],[130.38371,32.7707],[130.38336,32.77052]]],[[[130.38686,32.77191],[130.38668,32.77112],[130.38611,32.771],[130.38592,32.7715],[130.38686,32.77191]]],[[[130.38133,32.77228],[130.38089,32.77191],[130.37918,32.77238],[130.37891,32.7729],[130.3799,32.7735],[130.38027,32.77245],[130.38133,32.77228]]],[[[130.37945,32.77516],[130.37909,32.7744],[130.37888,32.77526],[130.37828,32.77499],[130.37878,32.77456],[130.37853,32.77377],[130.37778,32.77372],[130.37638,32.77193],[130.3759,32.77191],[130.37729,32.77474],[130.3777,32.7746],[130.37751,32.77411],[130.37808,32.77435],[130.37767,32.77539],[130.37874,32.77584],[130.37945,32.77516]]],[[[130.38138,32.7738],[130.3817,32.7739],[130.38138,32.77377],[130.38138,32.7738]]],[[[130.37945,32.77398],[130.37968,32.77448],[130.38047,32.77451],[130.3801,32.77369],[130.37945,32.77398]]],[[[130.37959,32.77517],[130.37997,32.77556],[130.37959,32.77514],[130.37959,32.77517]]],[[[130.38044,32.7764],[130.37975,32.77617],[130.37993,32.77722],[130.38014,32.77665],[130.38044,32.7764]]]]}},{"type":"Feature","properties":{"id":"muni-42204","name":"諫早市"},"geometry":{"type":"MultiPolygon","coordinates":[[[[129.99968,32.75319],[129.99963,32.75262],[129.99816,32.75313],[129.99692,32.75249],[129.99654,32.7529],[129.9975,32.75414],[129.99856,32.75463],[129.99968,32.75319]]],[[[130.00623,32.75435],[130.00725,32.75247],[130.00708,32.75169],[130.00639,32.75154],[130.0036,32.75418],[130.00209,32.75499],[130.00369,32.75576],[130.00623,32.75435]]],[[[130.04372,32.75865],[130.04242,32.75889],[130.04219,32.75962],[130.04294,32.75939],[130.04552,32.7604],[130.04536,32.75924],[130.04372,32.75865]]],[[[130.0406,32.76346],[130.041,32.76265],[130.04036,32.76134],[130.04126,32.76014],[130.04104,32.75914],[130.03926,32.75936],[130.03907,32.7612],[130.03764,32.76281],[130.03791,32.76338],[130.0406,32.76346]]],[[[129.91111,32.87097],[129.9124,32.86917],[129.91236,32.86628],[129.91319,32.86583],[129.914,32.86592],[129.9146,32.86729],[129.9187,32.86875],[129.92051,32.86717],[129.92162,32.8668],[129.92149,32.86631],[129.92215,32.86607],[129.92209,32.86528],[129.92269,32.86459],[129.92227,32.86398],[129.92227,32.86384],[129.92274,32.86456],[129.92567,32.86448],[129.92585,32.86543],[129.92656,32.86591],[129.92765,32.86571],[129.92915,32.86661],[129.93038,32.86654],[129.93081,32.86583],[129.93026,32.86387],[129.92852,32.86256],[129.92814,32.86149],[129.92889,32.86088],[129.92809,32.86148],[129.92729,32.85991],[129.92819,32.86041],[129.92866,32.85965],[129.92911,32.85991],[129.92878,32.85961],[129.92936,32.8592],[129.92983,32.85995],[129.92929,32.85832],[129.93018,32.85936],[129.9312,32.85865],[129.93092,32.8581],[129.93136,32.8586],[129.93355,32.8578],[129.93317,32.85706],[129.9332,32.85701],[129.93536,32.85853],[129.93537,32.85915],[129.93564,32.85885],[129.93646,32.85923],[129.941,32.86199],[129.94629,32.86161],[129.94763,32.8622],[129.94792,32.86318],[129.95179,32.86315],[129.9504,32.86255],[129.95,32.86123],[129.9541,32.85703],[129.95677,32.8562],[129.95828,32.85457],[129.95769,32.85213],[129.95608,32.84932],[129.95699,32.84716],[129.9589,32.84638],[129.96311,32.84746],[129.96674,32.84677],[129.96791,32.84713],[129.96772,32.84826],[129.9683,32.84886],[129.96964,32.84871],[129.97073,32.84975],[129.97296,32.85003],[129.97476,32.84952],[129.97583,32.84779],[129.97491,32.84665],[129.97558,32.84486],[129.97718,32.84533],[129.97976,32.84393],[129.97591,32.84056],[129.97608,32.83786],[129.97662,32.83816],[129.97622,32.83758],[129.97702,32.83748],[129.97714,32.83862],[129.97833,32.83856],[129.97829,32.8382],[129.98064,32.8381],[129.97965,32.83788],[129.97965,32.83673],[129.98125,32.83657],[129.98098,32.84061],[129.98441,32.84081],[129.98482,32.83569],[129.98345,32.83344],[129.984,32.83332],[129.98508,32.83448],[129.98575,32.8336],[129.9853,32.83484],[129.98664,32.83573],[129.98601,32.83674],[129.98635,32.84163],[129.99412,32.8419],[129.99432,32.83784],[129.99456,32.83975],[130.0003,32.84034],[130.00028,32.84126],[130.00156,32.84129],[130.00197,32.84172],[130.00258,32.84138],[130.00278,32.84002],[130.00326,32.84062],[130.00469,32.84098],[130.00486,32.84209],[130.00389,32.84219],[130.00529,32.84436],[130.00924,32.84622],[130.0093,32.84693],[130.01054,32.84843],[130.01422,32.85088],[130.014,32.85264],[130.01485,32.85437],[130.0145,32.85565],[130.01286,32.85715],[130.01271,32.85857],[130.01309,32.86137],[130.01452,32.86291],[130.01378,32.8638],[130.01291,32.86722],[130.01413,32.86955],[130.01142,32.87223],[130.01191,32.87508],[130.0131,32.87726],[130.01188,32.87781],[130.00941,32.88031],[130.00877,32.88192],[130.01023,32.8847],[130.00982,32.88799],[130.01043,32.89017],[130.01143,32.89189],[130.01305,32.89316],[130.01365,32.90131],[130.01456,32.90467],[130.01389,32.90625],[130.01408,32.90767],[130.01581,32.91592],[130.01692,32.917],[130.01641,32.92213],[130.01761,32.92636],[130.01762,32.93164],[130.02066,32.93764],[130.02097,32.94185],[130.02234,32.94223],[130.02285,32.94193],[130.02567,32.94319],[130.02722,32.94321],[130.0298,32.94544],[130.03204,32.94656],[130.03283,32.94768],[130.03707,32.94954],[130.03716,32.95186],[130.03841,32.95261],[130.03921,32.95418],[130.04134,32.95639],[130.0434,32.95682],[130.04433,32.95596],[130.04536,32.95613],[130.04664,32.95542],[130.04845,32.95518],[130.05063,32.95597],[130.05272,32.95609],[130.05313,32.95653],[130.05625,32.95479],[130.05821,32.95722],[130.06054,32.95584],[130.06274,32.95535],[130.06421,32.95304],[130.0654,32.95322],[130.06644,32.95475],[130.068,32.95472],[130.06989,32.95674],[130.07196,32.95628],[130.07709,32.95842],[130.07751,32.95913],[130.07659,32.96003],[130.07651,32.96099],[130.07727,32.96264],[130.077,32.96391],[130.0776,32.96694],[130.07911,32.96821],[130.08271,32.96888],[130.08436,32.96986],[130.08515,32.97297],[130.08651,32.97411],[130.08646,32.97504],[130.08768,32.97492],[130.08895,32.97402],[130.09486,32.97533],[130.10029,32.97428],[130.10318,32.97489],[130.10554,32.97334],[130.10816,32.97277],[130.10987,32.97158],[130.11224,32.97262],[130.11477,32.97253],[130.11495,32.97188],[130.1191,32.97043],[130.12325,32.97096],[130.12684,32.96914],[130.13152,32.96833],[130.13307,32.96863],[130.13812,32.96834],[130.14246,32.97147],[130.14414,32.97185],[130.14735,32.96914],[130.14877,32.96648],[130.14978,32.96267],[130.15486,32.96333],[130.16148,32.96147],[130.16623,32.96099],[130.16924,32.96178],[130.17345,32.96207],[130.17677,32.96167],[130.17901,32.95991],[130.18009,32.96027],[130.18458,32.95991],[130.18768,32.95874],[130.19274,32.95955],[130.19633,32.95928],[130.19825,32.95961],[130.19948,32.95895],[130.20259,32.95858],[130.20346,32.95721],[130.20377,32.95535],[130.20091,32.95139],[130.20132,32.95017],[130.20049,32.94955],[130.20287,32.94683],[130.20161,32.94551],[130.20135,32.94482],[130.20184,32.9445],[130.20121,32.94485],[130.20061,32.9445],[130.20055,32.94486],[130.19946,32.94249],[130.20119,32.94308],[130.20165,32.94382],[130.20126,32.94304],[130.20177,32.94273],[130.20151,32.94219],[130.20295,32.94098],[130.20158,32.93995],[130.20042,32.93995],[130.20052,32.93883],[130.19972,32.93837],[130.1998,32.93788],[130.20113,32.93709],[130.20268,32.93703],[130.20255,32.93611],[130.20177,32.93576],[130.20031,32.93656],[130.20087,32.93596],[130.19998,32.93466],[130.20152,32.93324],[130.20168,32.9336],[130.2024,32.93337],[130.20321,32.93223],[130.20118,32.9308],[130.20103,32.92929],[130.19694,32.92981],[130.19554,32.92859],[130.1924,32.92743],[130.19388,32.9272],[130.1924,32.92738],[130.18813,32.92611],[130.18557,32.92301],[130.18596,32.92271],[130.1856,32.92241],[130.18714,32.9218],[130.18674,32.9207],[130.1885,32.91841],[130.18616,32.91648],[130.1857,32.91715],[130.18504,32.91719],[130.1858,32.91605],[130.1864,32.91629],[130.18505,32.91417],[130.18361,32.91394],[130.18309,32.91603],[130.18214,32.91677],[130.1823,32.91629],[130.18121,32.91493],[130.1799,32.91423],[130.17903,32.91434],[130.17916,32.91469],[130.17811,32.91439],[130.17731,32.91488],[130.1774,32.91529],[130.17719,32.91496],[130.17641,32.91587],[130.17511,32.91632],[130.16924,32.91578],[130.16781,32.91506],[130.16813,32.91473],[130.16755,32.91433],[130.16702,32.91507],[130.16599,32.91428],[130.16622,32.91399],[130.1658,32.91429],[130.16513,32.91391],[130.16761,32.91209],[130.16425,32.907],[130.163,32.90706],[130.16189,32.9063],[130.15938,32.90702],[130.15911,32.90784],[130.15801,32.90822],[130.15899,32.90774],[130.15923,32.90704],[130.15897,32.90624],[130.15912,32.90704],[130.1574,32.90731],[130.15802,32.90635],[130.1576,32.90619],[130.1554,32.90731],[130.15589,32.90548],[130.15657,32.90491],[130.1564,32.90455],[130.15683,32.90461],[130.15658,32.90325],[130.15753,32.90253],[130.15648,32.9031],[130.15549,32.90217],[130.15567,32.90166],[130.1548,32.90145],[130.15526,32.90048],[130.15472,32.90108],[130.15412,32.90075],[130.15524,32.89872],[130.15455,32.89769],[130.15427,32.89795],[130.15477,32.89873],[130.15438,32.8996],[130.15287,32.89906],[130.15322,32.89839],[130.15272,32.899],[130.15354,32.8977],[130.15308,32.89692],[130.152,32.89908],[130.15145,32.899],[130.15139,32.89791],[130.15067,32.898],[130.15027,32.89913],[130.14986,32.89863],[130.14778,32.89835],[130.14867,32.89797],[130.14944,32.8972],[130.14868,32.89781],[130.1468,32.89824],[130.14691,32.89771],[130.14756,32.89803],[130.14874,32.89765],[130.14939,32.89719],[130.14881,32.89743],[130.14896,32.89689],[130.14862,32.89757],[130.14756,32.89777],[130.14579,32.89629],[130.146,32.89555],[130.1453,32.89657],[130.14461,32.8966],[130.1456,32.89543],[130.14493,32.89589],[130.14469,32.89541],[130.14435,32.89648],[130.14407,32.89549],[130.14398,32.89662],[130.14303,32.89557],[130.14228,32.89636],[130.14314,32.89535],[130.14321,32.89495],[130.14315,32.89444],[130.14327,32.89433],[130.14325,32.89417],[130.14312,32.89443],[130.14312,32.89532],[130.14237,32.89614],[130.14041,32.8959],[130.13887,32.89673],[130.13885,32.89633],[130.13599,32.89918],[130.13552,32.89895],[130.13551,32.90004],[130.13521,32.89902],[130.13517,32.90095],[130.13334,32.89979],[130.13157,32.90021],[130.13169,32.89971],[130.13107,32.89954],[130.13148,32.89918],[130.1307,32.89938],[130.12877,32.89842],[130.12672,32.89922],[130.12653,32.89878],[130.12718,32.8985],[130.12724,32.89787],[130.12587,32.89922],[130.12697,32.89765],[130.12659,32.89752],[130.12586,32.89869],[130.12493,32.89845],[130.12492,32.89761],[130.12471,32.89735],[130.12484,32.89839],[130.12445,32.89851],[130.12405,32.89798],[130.12495,32.89573],[130.12375,32.89566],[130.12389,32.89454],[130.1273,32.89601],[130.12856,32.89596],[130.13238,32.89175],[130.13224,32.89029],[130.11657,32.88205],[130.1157,32.88217],[130.11328,32.88539],[130.11267,32.88539],[130.11298,32.88511],[130.113,32.88419],[130.11245,32.88543],[130.11129,32.88646],[130.11075,32.88576],[130.11078,32.88619],[130.10946,32.88617],[130.10889,32.88579],[130.10932,32.8854],[130.10916,32.885],[130.10897,32.8857],[130.1083,32.88488],[130.10894,32.88334],[130.1071,32.8801],[130.1075,32.87839],[130.10603,32.88123],[130.1052,32.8815],[130.10761,32.87634],[130.09605,32.86971],[130.08974,32.86736],[130.0924,32.86482],[130.11006,32.87405],[130.12422,32.87566],[130.14221,32.85289],[130.12624,32.84177],[130.12611,32.84122],[130.127,32.84084],[130.14097,32.85005],[130.14464,32.85052],[130.14703,32.8498],[130.1503,32.84739],[130.1482,32.84534],[130.15394,32.84097],[130.15626,32.84288],[130.15744,32.84056],[130.15833,32.84033],[130.15628,32.82526],[130.15553,32.82429],[130.15284,32.8234],[130.15157,32.82174],[130.14906,32.81719],[130.14883,32.81538],[130.14618,32.80995],[130.14509,32.80943],[130.1435,32.8099],[130.1369,32.80954],[130.13582,32.80781],[130.13648,32.80618],[130.1383,32.80487],[130.13903,32.80319],[130.1421,32.80147],[130.14096,32.80023],[130.13995,32.79733],[130.14184,32.79723],[130.14286,32.79774],[130.14392,32.79613],[130.13437,32.78965],[130.12822,32.78776],[130.12506,32.78802],[130.12523,32.78914],[130.12249,32.78982],[130.12236,32.78859],[130.1192,32.78951],[130.11293,32.79029],[130.10362,32.79359],[130.10045,32.79392],[130.09811,32.79345],[130.09625,32.79384],[130.09058,32.79364],[130.0886,32.79494],[130.08719,32.79458],[130.08733,32.79503],[130.08683,32.79503],[130.08704,32.79451],[130.08473,32.79338],[130.08691,32.79453],[130.08672,32.79503],[130.08592,32.79499],[130.086,32.79451],[130.08581,32.79495],[130.08457,32.79473],[130.08361,32.79407],[130.08403,32.79501],[130.0827,32.79372],[130.08396,32.79385],[130.08276,32.79335],[130.08248,32.79224],[130.08347,32.79192],[130.08373,32.79251],[130.0849,32.7926],[130.08377,32.79244],[130.0832,32.79118],[130.08134,32.79135],[130.08172,32.79121],[130.07784,32.78993],[130.07318,32.78931],[130.06614,32.78718],[130.06695,32.78696],[130.06614,32.78684],[130.06606,32.78651],[130.06667,32.78677],[130.05974,32.78181],[130.05707,32.78131],[130.05497,32.78029],[130.05323,32.77817],[130.04994,32.7765],[130.04437,32.77029],[130.04147,32.76777],[130.03738,32.76647],[130.03178,32.76555],[130.02984,32.76443],[130.02801,32.76518],[130.02699,32.76687],[130.0267,32.76633],[130.02605,32.76649],[130.02954,32.76293],[130.03105,32.76407],[130.03418,32.76523],[130.03517,32.76506],[130.0348,32.76403],[130.03177,32.76405],[130.03001,32.76171],[130.02511,32.75867],[130.02395,32.7584],[130.01918,32.75998],[130.01131,32.75955],[130.00964,32.75773],[130.00543,32.75786],[130.00439,32.76028],[130.00337,32.76096],[129.99931,32.76195],[129.99707,32.7619],[129.99599,32.76173],[129.99494,32.76064],[129.99515,32.75998],[129.9946,32.75861],[129.99347,32.75725],[129.99323,32.755],[129.99187,32.75364],[129.99082,32.75365],[129.98929,32.75612],[129.98883,32.75607],[129.98807,32.75774],[129.98822,32.75895],[129.98904,32.75853],[129.9894,32.75728],[129.98996,32.75779],[129.98847,32.75906],[129.98762,32.75916],[129.98892,32.76036],[129.989,32.76099],[129.99009,32.76075],[129.98988,32.7614],[129.99089,32.76275],[129.98929,32.76423],[129.98924,32.76524],[129.98996,32.76682],[129.98922,32.76757],[129.98926,32.76823],[129.98825,32.76888],[129.98848,32.7694],[129.98768,32.76896],[129.98682,32.77006],[129.98717,32.77171],[129.98859,32.7731],[129.98857,32.77531],[129.99038,32.77638],[129.9907,32.77749],[129.99163,32.77786],[129.99226,32.77895],[129.99353,32.77876],[129.99381,32.77942],[129.99297,32.78112],[129.99356,32.78194],[129.9926,32.78322],[129.99071,32.784],[129.98964,32.78692],[129.98925,32.79265],[129.98997,32.79578],[129.98876,32.79676],[129.98934,32.79957],[129.99037,32.80058],[129.99178,32.8011],[129.99322,32.80348],[129.99345,32.80488],[129.99291,32.80628],[129.99166,32.80699],[129.98821,32.80665],[129.98736,32.80607],[129.98599,32.80697],[129.98532,32.80833],[129.9834,32.80932],[129.98262,32.80926],[129.98183,32.81022],[129.98064,32.81057],[129.97946,32.81308],[129.97908,32.81613],[129.97803,32.81761],[129.9765,32.81717],[129.97583,32.81874],[129.97447,32.81664],[129.97106,32.81434],[129.97012,32.81426],[129.96944,32.81272],[129.96722,32.81237],[129.96551,32.8109],[129.96154,32.81035],[129.96142,32.81069],[129.95985,32.81041],[129.96008,32.81133],[129.95932,32.81225],[129.95723,32.81165],[129.95589,32.81461],[129.95598,32.81533],[129.95516,32.81631],[129.95329,32.8173],[129.95167,32.81737],[129.95044,32.81929],[129.94965,32.81966],[129.94822,32.81971],[129.9471,32.81885],[129.94484,32.81916],[129.94019,32.81698],[129.93464,32.81612],[129.93249,32.81723],[129.93123,32.81889],[129.93111,32.82005],[129.9266,32.82057],[129.92479,32.8202],[129.92405,32.82103],[129.92413,32.82182],[129.92297,32.82223],[129.92287,32.82347],[129.92116,32.82534],[129.92103,32.827],[129.92152,32.82795],[129.91834,32.82976],[129.9156,32.83385],[129.9122,32.83389],[129.9118,32.83555],[129.9098,32.83701],[129.90931,32.8395],[129.90839,32.84031],[129.90739,32.84042],[129.90632,32.84209],[129.90376,32.84274],[129.90153,32.84249],[129.89932,32.84438],[129.8967,32.84951],[129.89415,32.85183],[129.89402,32.85494],[129.89336,32.85562],[129.89037,32.85668],[129.89028,32.85931],[129.8891,32.86387],[129.88731,32.86549],[129.88563,32.86832],[129.88689,32.87083],[129.88807,32.87031],[129.8883,32.87093],[129.89031,32.87104],[129.89226,32.86827],[129.89444,32.86849],[129.89573,32.8725],[129.89552,32.87494],[129.89596,32.87615],[129.8971,32.87731],[129.89696,32.87966],[129.89738,32.88001],[129.89978,32.87925],[129.90125,32.87815],[129.90142,32.87737],[129.9011,32.87703],[129.90056,32.87587],[129.90146,32.87736],[129.90148,32.87777],[129.90393,32.87798],[129.90532,32.87473],[129.9053,32.87299],[129.90471,32.87236],[129.90515,32.87255],[129.90663,32.87115],[129.90855,32.86808],[129.90982,32.86792],[129.91022,32.87065],[129.91111,32.87097]]],[[[129.93651,32.86952],[129.93815,32.87041],[129.93883,32.87047],[129.93651,32.86952]]],[[[129.92829,32.87367],[129.92881,32.87265],[129.92962,32.87222],[129.9291,32.87142],[129.92934,32.86993],[129.93168,32.87013],[129.93362,32.86941],[129.9329,32.86897],[129.93031,32.86889],[129.92913,32.86995],[129.92787,32.86978],[129.92799,32.87028],[129.92529,32.87146],[129.92478,32.87274],[129.92513,32.87336],[129.92829,32.87367]]]]}},{"type":"Feature","properties":{"id":"muni-42205","name":"大村市"},"geometry":{"type":"MultiPolygon","coordinates":[[[[129.94324,32.90359],[129.94259,32.90144],[129.94103,32.89974],[129.94073,32.8985],[129.94095,32.90016],[129.9398,32.90253],[129.93991,32.90365],[129.94205,32.90424],[129.94324,32.90359]]],[[[129.92363,32.91073],[129.92705,32.9076],[129.92366,32.90499],[129.92198,32.9056],[129.92107,32.90691],[129.91918,32.90436],[129.91914,32.90368],[129.91654,32.90435],[129.9159,32.90624],[129.9134,32.9078],[129.91337,32.90901],[129.9125,32.9104],[129.91177,32.91048],[129.91083,32.91172],[129.90844,32.91282],[129.90656,32.91581],[129.90751,32.91834],[129.90721,32.92054],[129.90076,32.92653],[129.90028,32.92813],[129.90161,32.92916],[129.90282,32.92846],[129.90406,32.9289],[129.91449,32.91919],[129.91508,32.91906],[129.91747,32.92084],[129.92592,32.91301],[129.93428,32.91897],[129.93407,32.91927],[129.9343,32.91899],[129.93503,32.91948],[129.93489,32.9202],[129.93371,32.9197],[129.93396,32.91936],[129.93369,32.91968],[129.93349,32.91956],[129.93269,32.92004],[129.93254,32.92039],[129.93349,32.9196],[129.93506,32.92053],[129.93426,32.92151],[129.93391,32.92129],[129.93425,32.92152],[129.93378,32.9221],[129.93343,32.92194],[129.93359,32.92234],[129.93231,32.92159],[129.9323,32.92091],[129.93227,32.9216],[129.9335,32.92244],[129.93225,32.92398],[129.93098,32.92334],[129.93072,32.92369],[129.93178,32.92434],[129.93114,32.92534],[129.9327,32.92599],[129.93279,32.92648],[129.93201,32.92864],[129.92978,32.9309],[129.93019,32.93384],[129.93058,32.93409],[129.92985,32.93428],[129.92978,32.93522],[129.92889,32.93571],[129.9288,32.93632],[129.92717,32.93625],[129.92719,32.93574],[129.92714,32.93629],[129.92871,32.93641],[129.92895,32.93712],[129.9286,32.9411],[129.92999,32.94377],[129.92971,32.94449],[129.92894,32.94479],[129.93035,32.94745],[129.92966,32.94774],[129.93021,32.94871],[129.93082,32.94847],[129.9311,32.94911],[129.92885,32.94924],[129.92734,32.94863],[129.92884,32.94928],[129.92948,32.94926],[129.9295,32.94962],[129.92955,32.94924],[129.93037,32.94925],[129.93043,32.95007],[129.92932,32.94986],[129.92979,32.95021],[129.93108,32.95016],[129.93124,32.95154],[129.93086,32.95171],[129.93083,32.9518],[129.93118,32.95161],[129.93125,32.95204],[129.93072,32.95189],[129.93068,32.95196],[129.93139,32.95237],[129.93202,32.95579],[129.93143,32.95804],[129.93006,32.95889],[129.93138,32.96009],[129.93012,32.95933],[129.93024,32.95973],[129.92962,32.95956],[129.92935,32.95993],[129.92978,32.95883],[129.93088,32.95832],[129.92959,32.95881],[129.929,32.96019],[129.93373,32.96063],[129.93371,32.96122],[129.9293,32.96115],[129.93057,32.96229],[129.932,32.96524],[129.93213,32.96499],[129.93275,32.96516],[129.93405,32.96651],[129.93235,32.96507],[129.93212,32.96605],[129.92832,32.96869],[129.9317,32.97217],[129.93677,32.96903],[129.93798,32.97029],[129.9365,32.9713],[129.93567,32.97082],[129.93642,32.97131],[129.93351,32.97333],[129.93576,32.97566],[129.94005,32.97267],[129.93919,32.97119],[129.94063,32.97236],[129.93893,32.97383],[129.94018,32.97521],[129.94208,32.97426],[129.94205,32.97493],[129.94232,32.974],[129.94228,32.97479],[129.94277,32.97514],[129.94223,32.9754],[129.94312,32.97711],[129.94362,32.97701],[129.94421,32.9782],[129.94386,32.97837],[129.94468,32.97804],[129.94564,32.97914],[129.94529,32.97947],[129.94608,32.98172],[129.94583,32.98276],[129.94402,32.98334],[129.94543,32.98402],[129.94497,32.98341],[129.94664,32.98309],[129.9462,32.98375],[129.94684,32.98324],[129.94732,32.98364],[129.94762,32.9842],[129.94716,32.98479],[129.94766,32.98498],[129.94853,32.98442],[129.95028,32.9855],[129.95089,32.98647],[129.95095,32.98776],[129.94958,32.98894],[129.94921,32.99074],[129.94972,32.99018],[129.95147,32.99006],[129.95447,32.9907],[129.95704,32.99217],[129.95917,32.99171],[129.9596,32.99085],[129.9596,32.9887],[129.96076,32.98799],[129.96206,32.98795],[129.96152,32.98618],[129.96307,32.98375],[129.96729,32.98346],[129.96794,32.9847],[129.96891,32.98457],[129.9729,32.98624],[129.98039,32.98696],[129.98135,32.98875],[129.98323,32.98842],[129.98494,32.98714],[129.98672,32.98729],[129.98677,32.98891],[129.9874,32.98976],[129.98987,32.99159],[129.99266,32.992],[129.99347,32.99339],[129.99502,32.99353],[129.99547,32.99507],[130.00178,32.99624],[130.00341,32.99773],[130.00556,32.99687],[130.00605,32.99747],[130.00804,32.99778],[130.00912,32.9991],[130.01028,32.99965],[130.0123,32.99836],[130.01595,32.99713],[130.01466,32.99417],[130.01529,32.99102],[130.01659,32.99169],[130.01748,32.99366],[130.0195,32.99422],[130.02139,32.99387],[130.0226,32.9942],[130.02675,32.99911],[130.02813,32.99948],[130.03065,32.99886],[130.03271,33.0003],[130.03506,33.00023],[130.03588,33.00093],[130.03787,33.0015],[130.03804,33.00261],[130.03948,33.00358],[130.04451,33.00424],[130.04559,33.00196],[130.047,33.00149],[130.04687,32.99838],[130.04888,32.9979],[130.05164,32.99455],[130.05109,32.9925],[130.05377,32.99168],[130.05503,32.99011],[130.05648,32.98981],[130.05711,32.98847],[130.05942,32.98719],[130.05949,32.9865],[130.06116,32.98583],[130.06235,32.98656],[130.06399,32.98628],[130.06574,32.9873],[130.06607,32.9866],[130.06887,32.98615],[130.07249,32.98759],[130.07641,32.98739],[130.07727,32.98641],[130.07746,32.98445],[130.08176,32.98284],[130.08248,32.98148],[130.08361,32.98122],[130.08369,32.98058],[130.08585,32.97934],[130.08565,32.97754],[130.08659,32.97423],[130.08515,32.97297],[130.08436,32.96986],[130.08271,32.96888],[130.07911,32.96821],[130.0776,32.96694],[130.077,32.96391],[130.07727,32.96264],[130.07651,32.96099],[130.07659,32.96003],[130.0775,32.95907],[130.07652,32.95805],[130.07196,32.95628],[130.06989,32.95674],[130.06817,32.95484],[130.06644,32.95475],[130.0654,32.95322],[130.06461,32.95296],[130.06274,32.95535],[130.06054,32.95584],[130.05821,32.95722],[130.05625,32.95479],[130.05313,32.95653],[130.05272,32.95609],[130.05063,32.95597],[130.04845,32.95518],[130.04664,32.95542],[130.04536,32.95613],[130.04433,32.95596],[130.0434,32.95682],[130.04138,32.9564],[130.03921,32.95418],[130.03841,32.95261],[130.03716,32.95186],[130.03707,32.94954],[130.03283,32.94768],[130.03204,32.94656],[130.0298,32.94544],[130.02722,32.94321],[130.02567,32.94319],[130.02285,32.94193],[130.02234,32.94223],[130.02097,32.94185],[130.02066,32.93764],[130.01762,32.93164],[130.01761,32.92636],[130.01641,32.92213],[130.01692,32.917],[130.01581,32.91592],[130.01408,32.90767],[130.01389,32.90625],[130.01456,32.90467],[130.01365,32.90131],[130.01305,32.89316],[130.01143,32.89189],[130.01043,32.89017],[130.00982,32.88799],[130.01023,32.8847],[130.00877,32.88192],[130.00941,32.88031],[130.01188,32.87781],[130.0131,32.87726],[130.01191,32.87508],[130.01142,32.87223],[130.01413,32.86955],[130.01291,32.86722],[130.01378,32.8638],[130.01452,32.86291],[130.01309,32.86137],[130.01271,32.85857],[130.01286,32.85715],[130.0145,32.85565],[130.01488,32.85416],[130.014,32.85264],[130.01422,32.85088],[130.01054,32.84843],[130.0093,32.84693],[130.00939,32.84767],[130.00821,32.8474],[130.00681,32.84781],[130.00655,32.84835],[130.00724,32.84873],[130.00685,32.84941],[130.00622,32.84931],[130.00597,32.84652],[130.00309,32.84476],[130.00048,32.84767],[129.99835,32.84791],[129.99748,32.84855],[129.99752,32.84804],[129.99671,32.84857],[129.99422,32.84871],[129.99313,32.85097],[129.99373,32.85336],[129.99143,32.85611],[129.99098,32.85854],[129.9913,32.85889],[129.99083,32.85851],[129.98931,32.85939],[129.98751,32.85923],[129.98766,32.85985],[129.9874,32.85935],[129.98555,32.85995],[129.98306,32.8616],[129.98115,32.86561],[129.98184,32.86577],[129.982,32.86589],[129.98215,32.86613],[129.98114,32.86563],[129.97883,32.86829],[129.97747,32.86847],[129.97624,32.86774],[129.97482,32.86827],[129.97404,32.87066],[129.9731,32.87103],[129.97281,32.87183],[129.97321,32.87247],[129.97197,32.87172],[129.97257,32.87142],[129.97178,32.87178],[129.97009,32.87128],[129.96908,32.87147],[129.96738,32.87265],[129.96567,32.87276],[129.96499,32.87354],[129.96523,32.87526],[129.96269,32.87597],[129.96235,32.87696],[129.96359,32.87695],[129.96407,32.87743],[129.96317,32.87918],[129.96346,32.88032],[129.96439,32.8812],[129.96337,32.88209],[129.96408,32.8827],[129.96424,32.88456],[129.96573,32.88462],[129.96683,32.88568],[129.96749,32.88539],[129.97055,32.88591],[129.97097,32.88535],[129.97077,32.88578],[129.97234,32.88582],[129.97108,32.88912],[129.97665,32.8903],[129.97655,32.89076],[129.97455,32.89109],[129.97069,32.89021],[129.96906,32.89136],[129.96693,32.89138],[129.96671,32.89263],[129.96663,32.89088],[129.96652,32.89159],[129.96515,32.89205],[129.96392,32.89106],[129.96555,32.8909],[129.96412,32.89085],[129.96386,32.89107],[129.96271,32.89055],[129.95797,32.89035],[129.95824,32.88993],[129.95773,32.89029],[129.95582,32.88973],[129.95621,32.89019],[129.95607,32.89077],[129.95626,32.89118],[129.95632,32.89022],[129.95805,32.89051],[129.95784,32.89115],[129.95739,32.8909],[129.95658,32.89159],[129.95685,32.89355],[129.95719,32.89362],[129.95666,32.89456],[129.95767,32.89554],[129.95665,32.89558],[129.95646,32.89505],[129.95645,32.89558],[129.95505,32.89577],[129.95555,32.89634],[129.95467,32.89613],[129.95468,32.89574],[129.95454,32.89565],[129.95452,32.89597],[129.95351,32.89574],[129.9531,32.8963],[129.95236,32.89581],[129.9532,32.89511],[129.9528,32.89493],[129.95235,32.8958],[129.95183,32.89563],[129.95207,32.8957],[129.95215,32.89558],[129.95179,32.89508],[129.95157,32.8954],[129.951,32.89397],[129.95028,32.89485],[129.94963,32.89484],[129.95005,32.89534],[129.94915,32.89571],[129.94861,32.89618],[129.94878,32.89727],[129.94863,32.89618],[129.94992,32.8954],[129.95058,32.89559],[129.95011,32.89578],[129.95039,32.89634],[129.95009,32.89613],[129.94987,32.89613],[129.95339,32.89883],[129.95198,32.8997],[129.95037,32.89916],[129.94997,32.89995],[129.94943,32.89969],[129.94985,32.89873],[129.94937,32.8997],[129.94995,32.89999],[129.94953,32.90082],[129.95297,32.9037],[129.95786,32.90368],[129.9565,32.90385],[129.95773,32.9041],[129.95613,32.90407],[129.95673,32.90474],[129.95647,32.90536],[129.95537,32.90437],[129.95504,32.90504],[129.95536,32.9052],[129.95463,32.90533],[129.95667,32.90671],[129.95389,32.90512],[129.95312,32.90579],[129.95369,32.90664],[129.95298,32.90591],[129.95168,32.90705],[129.95245,32.90783],[129.95209,32.90812],[129.94903,32.90622],[129.94767,32.90685],[129.94906,32.90627],[129.94971,32.90665],[129.94898,32.90771],[129.94934,32.90793],[129.95009,32.90704],[129.9511,32.90765],[129.95052,32.9084],[129.94997,32.90801],[129.95015,32.90768],[129.94986,32.90803],[129.95025,32.90826],[129.94965,32.90894],[129.94858,32.90856],[129.94911,32.90827],[129.9488,32.90823],[129.948,32.90921],[129.94757,32.90897],[129.94795,32.90927],[129.94734,32.90925],[129.94771,32.90956],[129.94712,32.90952],[129.94749,32.90982],[129.94713,32.91026],[129.94469,32.90915],[129.94687,32.91041],[129.94641,32.91169],[129.94401,32.91344],[129.94383,32.91301],[129.94331,32.9146],[129.94019,32.91628],[129.93955,32.91782],[129.93716,32.92002],[129.93614,32.92002],[129.93391,32.91859],[129.92367,32.91121],[129.92363,32.91073]]]]}},{"type":"Feature","properties":{"id":"muni-42207","name":"平戸市"},"geometry":{"type":"MultiPolygon","coordinates":[[[[129.33308,33.17841],[129.33155,33.17827],[129.33191,33.17937],[129.33357,33.17953],[129.33308,33.17841]]],[[[129.34459,33.18564],[129.34437,33.18395],[129.3458,33.18271],[129.34575,33.18217],[129.34696,33.18189],[129.34814,33.18232],[129.34866,33.18134],[129.34806,33.18102],[129.34781,33.17992],[129.34818,33.17909],[129.34765,33.17744],[129.34677,33.17761],[129.34659,33.17894],[129.34536,33.17997],[129.34534,33.1807],[129.3441,33.18085],[129.34343,33.18167],[129.34206,33.18174],[129.34214,33.18225],[129.34148,33.18287],[129.34172,33.18362],[129.34099,33.18397],[129.34209,33.18487],[129.34459,33.18564]]],[[[129.33509,33.18741],[129.33468,33.18922],[129.338,33.18916],[129.3385,33.18999],[129.34007,33.19039],[129.34238,33.18757],[129.34133,33.18759],[129.34118,33.18699],[129.341,33.18756],[129.3402,33.18735],[129.34029,33.18782],[129.33986,33.18771],[129.33934,33.18724],[129.3402,33.18718],[129.3397,33.18701],[129.33966,33.18647],[129.34129,33.18663],[129.33932,33.18638],[129.33961,33.18587],[129.33791,33.18582],[129.33806,33.18484],[129.33756,33.18412],[129.33835,33.18346],[129.33774,33.18292],[129.33811,33.18274],[129.33697,33.1829],[129.33603,33.18375],[129.33566,33.18362],[129.33576,33.18285],[129.33468,33.18266],[129.33465,33.18505],[129.33576,33.18527],[129.33558,33.18598],[129.33607,33.18613],[129.33509,33.18741]]],[[[129.34035,33.195],[129.3418,33.19604],[129.34341,33.19587],[129.34404,33.19728],[129.34461,33.19662],[129.34462,33.19537],[129.34354,33.19424],[129.34352,33.19294],[129.34301,33.19248],[129.34259,33.19239],[129.34067,33.19403],[129.34035,33.195]]],[[[129.34752,33.2087],[129.34822,33.21126],[129.34876,33.21084],[129.34912,33.21183],[129.3511,33.21259],[129.35238,33.21275],[129.35313,33.21227],[129.3532,33.21154],[129.35253,33.21081],[129.35113,33.21082],[129.35043,33.21026],[129.35163,33.20818],[129.35113,33.20763],[129.34936,33.20915],[129.34828,33.20925],[129.34752,33.2087]]],[[[129.3543,33.21232],[129.35469,33.21186],[129.35413,33.2121],[129.3543,33.21232]]],[[[129.41526,33.23851],[129.41597,33.23882],[129.41566,33.23977],[129.4162,33.24028],[129.4174,33.23964],[129.41646,33.23808],[129.41526,33.23851]]],[[[129.40555,33.24889],[129.40636,33.24752],[129.40751,33.24645],[129.40729,33.24594],[129.40638,33.24609],[129.40515,33.24817],[129.40555,33.24889]]],[[[129.49359,33.28293],[129.49338,33.28138],[129.492,33.28166],[129.49172,33.28256],[129.49359,33.28293]]],[[[129.51332,33.281],[129.51051,33.28537],[129.51161,33.28606],[129.51225,33.28582],[129.51236,33.28445],[129.51349,33.28349],[129.51311,33.28346],[129.51374,33.28341],[129.51516,33.28184],[129.51332,33.281]]],[[[129.51407,33.28779],[129.51375,33.28756],[129.51381,33.28783],[129.51407,33.28779]]],[[[129.35201,33.20076],[129.35152,33.20242],[129.35275,33.20421],[129.35514,33.20508],[129.3545,33.20562],[129.35514,33.20567],[129.35622,33.20756],[129.35685,33.20746],[129.35837,33.20547],[129.35708,33.20479],[129.35633,33.20267],[129.3578,33.2026],[129.35956,33.20397],[129.36067,33.2032],[129.36276,33.20318],[129.36311,33.20254],[129.3625,33.2019],[129.36275,33.20104],[129.36365,33.20148],[129.36587,33.20065],[129.36528,33.20025],[129.36445,33.20047],[129.36481,33.20007],[129.36373,33.19935],[129.36429,33.1992],[129.36391,33.19849],[129.3656,33.19677],[129.36556,33.1963],[129.36667,33.19586],[129.36664,33.19514],[129.36744,33.195],[129.36753,33.19352],[129.37024,33.19238],[129.3696,33.1915],[129.3684,33.19119],[129.367,33.19002],[129.36712,33.18869],[129.36621,33.1883],[129.36653,33.18816],[129.36587,33.18711],[129.36637,33.18728],[129.36623,33.18687],[129.36686,33.18728],[129.36823,33.18717],[129.36862,33.18866],[129.36785,33.18898],[129.36863,33.1887],[129.37091,33.19118],[129.3721,33.19113],[129.3729,33.18991],[129.37369,33.18966],[129.37161,33.18815],[129.37204,33.18747],[129.37127,33.18792],[129.37117,33.1869],[129.37074,33.18673],[129.37121,33.18609],[129.37214,33.18631],[129.37279,33.18586],[129.37334,33.18444],[129.37468,33.18516],[129.37523,33.18443],[129.3771,33.18425],[129.37711,33.18377],[129.37723,33.18416],[129.37716,33.1843],[129.37684,33.18439],[129.37896,33.18587],[129.38,33.18493],[129.38092,33.18519],[129.3815,33.1847],[129.3828,33.18652],[129.38476,33.18726],[129.38613,33.18657],[129.3871,33.18525],[129.38717,33.18441],[129.38845,33.18401],[129.38845,33.18364],[129.3891,33.18451],[129.38896,33.18619],[129.38948,33.18652],[129.39043,33.18652],[129.39192,33.18508],[129.39272,33.18511],[129.39194,33.18492],[129.39188,33.18414],[129.39282,33.18376],[129.39396,33.18455],[129.39329,33.18508],[129.3934,33.18635],[129.39357,33.18598],[129.39439,33.18671],[129.39608,33.18299],[129.39768,33.18318],[129.39585,33.18276],[129.39545,33.18231],[129.396,33.18151],[129.39803,33.18157],[129.39754,33.1826],[129.39811,33.1822],[129.39852,33.17982],[129.40012,33.18029],[129.40051,33.18231],[129.39946,33.18287],[129.39989,33.18372],[129.39911,33.18472],[129.40085,33.18386],[129.40405,33.18656],[129.40382,33.1875],[129.40265,33.1883],[129.40183,33.19091],[129.40297,33.19257],[129.40407,33.19241],[129.40626,33.19334],[129.40668,33.19427],[129.40628,33.19469],[129.40701,33.19498],[129.40718,33.19531],[129.40662,33.19498],[129.40734,33.19569],[129.40723,33.19627],[129.40698,33.19579],[129.40572,33.19592],[129.40635,33.1979],[129.40556,33.19589],[129.4026,33.19674],[129.40544,33.19596],[129.40608,33.19779],[129.40505,33.19806],[129.40462,33.19736],[129.40499,33.19808],[129.40284,33.19908],[129.40197,33.19907],[129.40194,33.19674],[129.40192,33.19901],[129.40017,33.19939],[129.39565,33.19812],[129.39592,33.19722],[129.397,33.19715],[129.39539,33.19719],[129.3951,33.19749],[129.39298,33.19683],[129.39235,33.19776],[129.39294,33.19868],[129.39248,33.2002],[129.39173,33.20075],[129.39116,33.20046],[129.39066,33.20132],[129.38833,33.20135],[129.38566,33.20378],[129.38431,33.20399],[129.3844,33.2047],[129.38353,33.20485],[129.38243,33.20585],[129.38046,33.20801],[129.3816,33.20852],[129.38174,33.20919],[129.37934,33.20988],[129.38019,33.21039],[129.37998,33.21104],[129.3812,33.21133],[129.38124,33.21274],[129.38083,33.21289],[129.38132,33.21313],[129.38069,33.21425],[129.38093,33.21592],[129.38027,33.21595],[129.37973,33.21666],[129.38006,33.21707],[129.37969,33.21782],[129.38027,33.21842],[129.37939,33.21886],[129.37974,33.21926],[129.37925,33.22015],[129.37941,33.22181],[129.38091,33.22251],[129.37981,33.22398],[129.3807,33.22499],[129.38194,33.22488],[129.3824,33.22536],[129.3826,33.22601],[129.38179,33.22717],[129.38251,33.22807],[129.38356,33.22839],[129.38402,33.22779],[129.3846,33.22865],[129.38416,33.22782],[129.38451,33.22724],[129.38513,33.22658],[129.38632,33.22679],[129.38552,33.22837],[129.385,33.2283],[129.386,33.22865],[129.38525,33.22893],[129.385,33.22985],[129.38369,33.2291],[129.38387,33.22948],[129.38466,33.22977],[129.38498,33.23046],[129.38662,33.23031],[129.38705,33.23107],[129.388,33.23132],[129.39008,33.23077],[129.39013,33.23146],[129.39079,33.23152],[129.39017,33.23226],[129.39048,33.23321],[129.39157,33.233],[129.39143,33.23374],[129.39416,33.23465],[129.39425,33.23608],[129.39394,33.23606],[129.39437,33.23747],[129.39843,33.23969],[129.40374,33.23951],[129.40511,33.23818],[129.4069,33.23754],[129.40778,33.2381],[129.40732,33.23904],[129.40806,33.23902],[129.40775,33.23953],[129.4083,33.24013],[129.41046,33.23894],[129.41095,33.2393],[129.41208,33.23776],[129.41187,33.23701],[129.41231,33.23614],[129.41354,33.23555],[129.41409,33.23613],[129.41466,33.23601],[129.41447,33.23556],[129.41524,33.2345],[129.41446,33.23443],[129.41619,33.23371],[129.41499,33.2336],[129.41541,33.23305],[129.41762,33.23214],[129.42084,33.22938],[129.42226,33.23013],[129.42132,33.2292],[129.42251,33.22822],[129.42353,33.22847],[129.4229,33.22812],[129.4242,33.22592],[129.42511,33.22615],[129.4248,33.22739],[129.42637,33.22843],[129.42549,33.22942],[129.42466,33.22936],[129.42264,33.23096],[129.42146,33.23314],[129.42151,33.23472],[129.42018,33.23731],[129.42052,33.2396],[129.42151,33.23886],[129.42298,33.23909],[129.42366,33.23871],[129.42551,33.23542],[129.42723,33.23432],[129.42784,33.23234],[129.4283,33.23425],[129.4298,33.23418],[129.43071,33.23548],[129.43211,33.23616],[129.43218,33.23718],[129.43047,33.23591],[129.42945,33.23594],[129.42946,33.23634],[129.43058,33.23662],[129.42956,33.23654],[129.43093,33.23781],[129.43281,33.23775],[129.43371,33.23604],[129.43478,33.2364],[129.43357,33.23752],[129.43406,33.2375],[129.43369,33.23832],[129.43178,33.23863],[129.42795,33.2363],[129.42709,33.2371],[129.4269,33.23955],[129.42441,33.24012],[129.42317,33.241],[129.42416,33.24254],[129.42608,33.24346],[129.42503,33.2445],[129.42736,33.24463],[129.42778,33.24678],[129.42668,33.24721],[129.42611,33.24549],[129.42607,33.24585],[129.42494,33.24567],[129.42315,33.24805],[129.42223,33.2482],[129.42097,33.24772],[129.42137,33.24679],[129.42014,33.24612],[129.41969,33.24652],[129.41821,33.24631],[129.41753,33.24731],[129.41843,33.24979],[129.41694,33.24965],[129.4167,33.24862],[129.41641,33.24904],[129.41673,33.24948],[129.41536,33.24987],[129.41508,33.24843],[129.41419,33.24766],[129.41529,33.24678],[129.41237,33.24718],[129.41218,33.24778],[129.41018,33.24863],[129.41009,33.24967],[129.41089,33.25001],[129.41058,33.25168],[129.40878,33.25262],[129.40702,33.25179],[129.40747,33.25237],[129.40718,33.25312],[129.40552,33.25363],[129.40551,33.25406],[129.4064,33.25563],[129.40866,33.25629],[129.41086,33.25614],[129.41105,33.25702],[129.40999,33.25693],[129.40948,33.25761],[129.41103,33.25741],[129.4111,33.25854],[129.41194,33.25901],[129.41207,33.26059],[129.41185,33.26016],[129.41088,33.26077],[129.41023,33.25953],[129.41088,33.26097],[129.40851,33.26127],[129.40495,33.26413],[129.40244,33.26513],[129.40308,33.26585],[129.40577,33.26579],[129.40561,33.26677],[129.40762,33.26771],[129.40737,33.26888],[129.40437,33.27047],[129.40377,33.27145],[129.40462,33.27218],[129.40595,33.27208],[129.40555,33.27276],[129.40783,33.27406],[129.407,33.27453],[129.40782,33.2752],[129.40751,33.27614],[129.40655,33.27625],[129.40733,33.2765],[129.40725,33.27687],[129.40564,33.27863],[129.40733,33.27846],[129.40948,33.27646],[129.41351,33.2762],[129.41405,33.27667],[129.41366,33.27704],[129.41484,33.27747],[129.41551,33.27726],[129.41666,33.27799],[129.41939,33.27788],[129.42082,33.27834],[129.42313,33.28038],[129.42289,33.28098],[129.4235,33.28149],[129.42552,33.28129],[129.42716,33.27993],[129.42739,33.27875],[129.42722,33.28008],[129.42652,33.28089],[129.42743,33.28219],[129.42679,33.28147],[129.42687,33.28219],[129.42575,33.28424],[129.42448,33.28386],[129.42326,33.28414],[129.42345,33.28341],[129.42283,33.28313],[129.4234,33.28344],[129.42325,33.28399],[129.42186,33.28428],[129.42149,33.28378],[129.4218,33.28353],[129.42218,33.28267],[129.42091,33.28387],[129.42158,33.28418],[129.4208,33.2845],[129.42051,33.28585],[129.42102,33.28558],[129.42115,33.28598],[129.42234,33.28615],[129.42317,33.28793],[129.42266,33.28871],[129.4236,33.2895],[129.42253,33.29166],[129.42337,33.29174],[129.42747,33.28986],[129.42945,33.29053],[129.43155,33.29025],[129.43304,33.29128],[129.43616,33.29187],[129.43692,33.29252],[129.43814,33.29252],[129.43907,33.29169],[129.44116,33.29271],[129.44014,33.2918],[129.44097,33.29061],[129.44193,33.29106],[129.44137,33.29194],[129.44199,33.29105],[129.44067,33.29043],[129.44072,33.29008],[129.44203,33.28924],[129.44498,33.29001],[129.44517,33.2896],[129.44449,33.28894],[129.44449,33.28881],[129.44522,33.28958],[129.44503,33.2902],[129.44637,33.29122],[129.44672,33.29226],[129.44719,33.29184],[129.44648,33.29259],[129.44497,33.29308],[129.4445,33.29388],[129.44492,33.29483],[129.44628,33.29518],[129.4454,33.29587],[129.44648,33.29635],[129.44579,33.2983],[129.44452,33.29836],[129.44238,33.29967],[129.44264,33.30012],[129.44265,33.3002],[129.44262,33.30033],[129.44104,33.2987],[129.43882,33.29943],[129.43879,33.30017],[129.43991,33.30071],[129.43945,33.30093],[129.44061,33.30128],[129.43962,33.3022],[129.44094,33.30288],[129.44078,33.30384],[129.44047,33.30421],[129.43781,33.30385],[129.43653,33.30445],[129.43657,33.30501],[129.43813,33.30527],[129.43969,33.30478],[129.44138,33.30503],[129.43916,33.30497],[129.44006,33.30568],[129.43832,33.30647],[129.43858,33.30682],[129.43753,33.3079],[129.43901,33.30804],[129.43901,33.30917],[129.43978,33.30976],[129.43913,33.31045],[129.43894,33.30931],[129.43806,33.31005],[129.43766,33.30974],[129.43838,33.31042],[129.43791,33.31078],[129.43657,33.30995],[129.43702,33.30928],[129.43738,33.30951],[129.43685,33.30794],[129.43619,33.30751],[129.43673,33.308],[129.43693,33.30921],[129.43653,33.30978],[129.43558,33.30971],[129.43554,33.3109],[129.43421,33.31117],[129.43444,33.31173],[129.43397,33.31198],[129.43459,33.31232],[129.4345,33.31304],[129.43201,33.31456],[129.42899,33.3148],[129.42922,33.31613],[129.4298,33.31656],[129.43098,33.31489],[129.43229,33.31468],[129.43352,33.31518],[129.43412,33.31674],[129.43774,33.31781],[129.43747,33.31944],[129.43585,33.32055],[129.43714,33.32126],[129.43633,33.32222],[129.43734,33.32317],[129.43643,33.32391],[129.4367,33.3245],[129.43952,33.32489],[129.44203,33.32442],[129.44217,33.32431],[129.44237,33.32397],[129.44252,33.32384],[129.44221,33.32429],[129.44204,33.32444],[129.44296,33.32501],[129.44244,33.32546],[129.44278,33.32547],[129.44262,33.32605],[129.4421,33.32607],[129.44208,33.32559],[129.4419,33.32549],[129.44203,33.32603],[129.44123,33.32698],[129.44296,33.32758],[129.44224,33.32844],[129.44297,33.32911],[129.44266,33.33014],[129.4436,33.33067],[129.44347,33.33128],[129.44258,33.33159],[129.44189,33.33261],[129.44195,33.33444],[129.44268,33.33478],[129.44196,33.33505],[129.44206,33.33547],[129.44058,33.33589],[129.44023,33.33668],[129.44058,33.33691],[129.43989,33.33713],[129.44031,33.33738],[129.43911,33.33859],[129.43974,33.33896],[129.44107,33.33836],[129.44096,33.33907],[129.44212,33.33933],[129.44209,33.33999],[129.44075,33.34019],[129.44013,33.34077],[129.44185,33.3413],[129.44222,33.34224],[129.44122,33.34237],[129.44081,33.34164],[129.4411,33.34259],[129.44004,33.34294],[129.4397,33.34373],[129.4378,33.34391],[129.43598,33.34601],[129.43686,33.34581],[129.43767,33.34627],[129.43732,33.34729],[129.43761,33.3479],[129.43933,33.34816],[129.44111,33.34926],[129.44122,33.35018],[129.44185,33.35065],[129.44122,33.35096],[129.44155,33.35234],[129.4425,33.35181],[129.44388,33.34983],[129.44472,33.35025],[129.4465,33.35014],[129.44786,33.34919],[129.44833,33.34962],[129.44783,33.34987],[129.44926,33.35034],[129.45037,33.34973],[129.45196,33.35024],[129.45266,33.3494],[129.45411,33.34881],[129.45754,33.34986],[129.46253,33.35272],[129.46463,33.35268],[129.46446,33.3531],[129.46557,33.35277],[129.46556,33.35327],[129.46684,33.35388],[129.46831,33.35384],[129.46918,33.35438],[129.47008,33.35384],[129.47365,33.35328],[129.4741,33.35249],[129.47514,33.35228],[129.47422,33.35211],[129.47484,33.35127],[129.47671,33.35086],[129.47777,33.35151],[129.47926,33.35454],[129.48207,33.35582],[129.48372,33.35593],[129.48516,33.35488],[129.48698,33.35461],[129.48759,33.35518],[129.48761,33.35399],[129.4882,33.3527],[129.48857,33.35247],[129.48763,33.35405],[129.48774,33.35515],[129.48744,33.35572],[129.48813,33.35605],[129.48793,33.35638],[129.4885,33.35629],[129.48843,33.35681],[129.48892,33.356],[129.49033,33.35601],[129.49053,33.35642],[129.49099,33.35602],[129.49547,33.35594],[129.49707,33.35521],[129.49869,33.35564],[129.49883,33.35595],[129.49831,33.35614],[129.49815,33.3563],[129.49867,33.35662],[129.49827,33.35623],[129.5001,33.35625],[129.50218,33.35809],[129.50133,33.35791],[129.5021,33.3582],[129.50159,33.35947],[129.50036,33.35931],[129.50168,33.3596],[129.5013,33.36009],[129.50188,33.36101],[129.50435,33.36243],[129.50494,33.36353],[129.50457,33.36496],[129.50601,33.36564],[129.50644,33.36679],[129.50589,33.36815],[129.50379,33.36907],[129.50575,33.36994],[129.50461,33.37186],[129.50515,33.37217],[129.50451,33.37285],[129.50477,33.3734],[129.50315,33.37415],[129.50404,33.3741],[129.50408,33.37499],[129.5048,33.37392],[129.50622,33.37335],[129.50792,33.37351],[129.50791,33.37402],[129.50647,33.37533],[129.50685,33.37633],[129.50605,33.37761],[129.50746,33.37747],[129.50659,33.37821],[129.50729,33.37786],[129.50795,33.38062],[129.50854,33.37991],[129.50956,33.38103],[129.51035,33.38078],[129.51228,33.38193],[129.51243,33.38127],[129.51534,33.38007],[129.51687,33.38001],[129.51758,33.38053],[129.518,33.37997],[129.51955,33.3802],[129.51961,33.37983],[129.51868,33.3799],[129.51832,33.37941],[129.51847,33.37871],[129.52004,33.37899],[129.51877,33.37784],[129.51928,33.37734],[129.51902,33.37693],[129.52092,33.37764],[129.52209,33.3757],[129.52099,33.37454],[129.51859,33.37424],[129.5178,33.37368],[129.5181,33.37244],[129.51762,33.37062],[129.51807,33.3682],[129.51927,33.36741],[129.51797,33.36821],[129.51516,33.36755],[129.51563,33.36609],[129.51611,33.36665],[129.51829,33.36607],[129.5187,33.36669],[129.51798,33.36545],[129.51859,33.36439],[129.51677,33.36109],[129.51678,33.35998],[129.51491,33.35835],[129.51428,33.35861],[129.51365,33.35702],[129.51481,33.35505],[129.5151,33.3551],[129.51552,33.35613],[129.51568,33.35608],[129.51516,33.35506],[129.51652,33.35393],[129.51981,33.35465],[129.51841,33.35304],[129.51922,33.3538],[129.5188,33.35305],[129.51872,33.35269],[129.51958,33.35407],[129.52052,33.35421],[129.52033,33.35445],[129.52313,33.35372],[129.52268,33.35485],[129.52394,33.35455],[129.52529,33.35575],[129.52507,33.35633],[129.52497,33.35601],[129.52311,33.35728],[129.52326,33.35768],[129.52244,33.35707],[129.52314,33.35762],[129.52367,33.35918],[129.52474,33.35988],[129.52523,33.36253],[129.52605,33.36255],[129.52816,33.36603],[129.52849,33.36558],[129.53028,33.36533],[129.53163,33.36794],[129.53166,33.36919],[129.53016,33.37063],[129.5297,33.37037],[129.52998,33.37011],[129.52967,33.37037],[129.52973,33.37074],[129.52917,33.37005],[129.52978,33.37151],[129.52939,33.37312],[129.52757,33.3743],[129.5262,33.37626],[129.52676,33.37727],[129.52511,33.37699],[129.52395,33.37799],[129.52399,33.37845],[129.52471,33.37867],[129.52419,33.38011],[129.52563,33.38024],[129.5266,33.37968],[129.5266,33.37879],[129.52884,33.37885],[129.53066,33.37579],[129.53412,33.37628],[129.53705,33.37628],[129.53736,33.3758],[129.53853,33.37674],[129.53742,33.37579],[129.53829,33.37521],[129.53787,33.37475],[129.54018,33.3749],[129.54081,33.37272],[129.54143,33.37249],[129.54186,33.37277],[129.54074,33.37462],[129.54116,33.37442],[129.54179,33.37507],[129.54139,33.37536],[129.54093,33.37497],[129.5415,33.37586],[129.541,33.37594],[129.54027,33.37723],[129.53925,33.37723],[129.5408,33.37739],[129.54127,33.37721],[129.54207,33.37597],[129.54286,33.37645],[129.547,33.3765],[129.5473,33.3777],[129.55006,33.3804],[129.55387,33.3814],[129.55222,33.38123],[129.55134,33.38205],[129.55046,33.3842],[129.55106,33.38614],[129.54952,33.38808],[129.54678,33.3877],[129.54671,33.38676],[129.54568,33.38624],[129.54593,33.3854],[129.54562,33.38545],[129.54565,33.38649],[129.54502,33.38708],[129.54499,33.38975],[129.54536,33.39006],[129.5456,33.3904],[129.54313,33.38936],[129.54229,33.39078],[129.54136,33.39053],[129.5413,33.38914],[129.5431,33.38882],[129.54085,33.38888],[129.53697,33.38774],[129.53479,33.38824],[129.53401,33.3893],[129.53295,33.38768],[129.53115,33.38778],[129.52927,33.38897],[129.52871,33.38763],[129.52762,33.38726],[129.52619,33.38775],[129.52534,33.38647],[129.52385,33.38678],[129.52481,33.38791],[129.52449,33.38841],[129.52245,33.3869],[129.52149,33.38722],[129.52109,33.38773],[129.52146,33.38853],[129.51974,33.38865],[129.5196,33.39012],[129.51819,33.39092],[129.51627,33.39006],[129.51416,33.38994],[129.51407,33.39046],[129.51464,33.39094],[129.5171,33.39098],[129.51855,33.39174],[129.52227,33.3923],[129.5264,33.39224],[129.52652,33.39304],[129.52583,33.39363],[129.52618,33.39435],[129.52533,33.39426],[129.52557,33.39453],[129.52509,33.39483],[129.526,33.39536],[129.52631,33.39431],[129.52727,33.39368],[129.5265,33.39673],[129.52303,33.39717],[129.52154,33.39803],[129.52053,33.39927],[129.51829,33.39952],[129.51792,33.39997],[129.51814,33.40055],[129.51975,33.40105],[129.52185,33.40296],[129.52289,33.40303],[129.52272,33.40386],[129.52367,33.40455],[129.52273,33.4059],[129.52355,33.40649],[129.52432,33.40678],[129.52641,33.40573],[129.52776,33.40589],[129.52916,33.40498],[129.52928,33.40242],[129.52874,33.40259],[129.52713,33.40181],[129.52709,33.40132],[129.52891,33.40121],[129.52894,33.40177],[129.53068,33.40226],[129.53074,33.40282],[129.53146,33.40305],[129.53247,33.40174],[129.53235,33.40127],[129.53369,33.4011],[129.53447,33.40134],[129.53591,33.40369],[129.53712,33.40472],[129.53801,33.4059],[129.53791,33.40656],[129.54321,33.40888],[129.54735,33.40875],[129.55115,33.40803],[129.55282,33.40935],[129.55535,33.40928],[129.55528,33.40627],[129.55634,33.40536],[129.5563,33.40431],[129.55726,33.40288],[129.5571,33.40215],[129.55872,33.40164],[129.55913,33.40104],[129.55848,33.39997],[129.55896,33.39907],[129.55759,33.3986],[129.5577,33.39819],[129.55697,33.39846],[129.55609,33.39797],[129.55598,33.39643],[129.55746,33.39532],[129.55845,33.39525],[129.55856,33.39384],[129.56053,33.39402],[129.56067,33.3926],[129.56151,33.39252],[129.56222,33.39126],[129.56026,33.3912],[129.56017,33.3894],[129.55917,33.39041],[129.55844,33.38994],[129.55882,33.39029],[129.55794,33.39112],[129.55602,33.39155],[129.55624,33.39118],[129.55569,33.39128],[129.55595,33.39081],[129.55492,33.39097],[129.55364,33.39001],[129.55411,33.39009],[129.55473,33.38916],[129.55857,33.38794],[129.55819,33.38711],[129.55851,33.38696],[129.55732,33.38632],[129.5573,33.38578],[129.55916,33.38667],[129.55865,33.38635],[129.56022,33.38542],[129.56078,33.38587],[129.56004,33.38668],[129.56089,33.38588],[129.56014,33.38527],[129.56025,33.38456],[129.55885,33.38418],[129.55921,33.38323],[129.56098,33.38321],[129.56176,33.38378],[129.56291,33.38191],[129.5627,33.38108],[129.56192,33.3806],[129.56214,33.37933],[129.56177,33.37871],[129.55824,33.37712],[129.5581,33.37442],[129.55774,33.37468],[129.55747,33.37388],[129.558,33.37289],[129.55554,33.37168],[129.55581,33.37126],[129.55516,33.37163],[129.55463,33.37153],[129.55503,33.37123],[129.55487,33.37112],[129.5546,33.3715],[129.55348,33.37114],[129.55309,33.36904],[129.55472,33.37013],[129.55669,33.37043],[129.55678,33.37095],[129.55828,33.37089],[129.55896,33.36956],[129.55877,33.36852],[129.55929,33.36721],[129.56219,33.36611],[129.55981,33.36677],[129.55917,33.36613],[129.55868,33.36646],[129.55824,33.36607],[129.56061,33.36419],[129.562,33.36456],[129.56211,33.36528],[129.56199,33.3638],[129.56333,33.36357],[129.56417,33.3629],[129.5648,33.36216],[129.56425,33.36177],[129.56593,33.36037],[129.56691,33.35874],[129.56855,33.35838],[129.56955,33.35927],[129.57058,33.35899],[129.56999,33.35768],[129.57022,33.35726],[129.57518,33.3564],[129.57578,33.35713],[129.57578,33.3596],[129.57625,33.35963],[129.57772,33.36279],[129.57471,33.36421],[129.57219,33.36668],[129.57244,33.36835],[129.57125,33.36881],[129.5707,33.36987],[129.56858,33.37051],[129.56848,33.37098],[129.57012,33.37201],[129.56954,33.3734],[129.56995,33.37613],[129.56888,33.37715],[129.56943,33.3777],[129.57001,33.37754],[129.57036,33.37685],[129.57379,33.37563],[129.57523,33.37898],[129.57775,33.38051],[129.57994,33.37807],[129.58225,33.37724],[129.58368,33.37774],[129.58484,33.37887],[129.5875,33.3781],[129.58882,33.37837],[129.59227,33.38115],[129.5976,33.38143],[129.5979,33.38082],[129.59728,33.37951],[129.59421,33.37679],[129.59101,33.37515],[129.59128,33.37293],[129.59293,33.3719],[129.5923,33.36923],[129.59285,33.36907],[129.59537,33.37006],[129.59752,33.37212],[129.59764,33.37246],[129.59683,33.3729],[129.59776,33.37402],[129.59879,33.37407],[129.60346,33.37293],[129.60332,33.37165],[129.60445,33.36887],[129.60616,33.36852],[129.60655,33.36967],[129.60918,33.37046],[129.60976,33.3724],[129.61166,33.37385],[129.61252,33.37326],[129.61398,33.37404],[129.61487,33.37332],[129.6163,33.37557],[129.61845,33.3764],[129.61743,33.37429],[129.61716,33.37188],[129.61771,33.37157],[129.61879,33.37204],[129.61917,33.37143],[129.61853,33.3709],[129.61824,33.36968],[129.62053,33.36841],[129.6209,33.36692],[129.62216,33.36687],[129.62379,33.36584],[129.62396,33.36507],[129.62294,33.36421],[129.62369,33.3631],[129.62608,33.36151],[129.62659,33.36151],[129.6275,33.36318],[129.62863,33.36343],[129.6333,33.36202],[129.63035,33.36049],[129.6308,33.35594],[129.63236,33.35423],[129.62946,33.35266],[129.63202,33.35029],[129.63184,33.34867],[129.63224,33.34854],[129.62977,33.34759],[129.62909,33.34688],[129.62929,33.34563],[129.6316,33.34323],[129.6303,33.34186],[129.63031,33.34094],[129.63098,33.33917],[129.63269,33.33892],[129.6327,33.33734],[129.63096,33.33575],[129.63088,33.335],[129.62934,33.33481],[129.62881,33.33494],[129.63005,33.33534],[129.62866,33.33606],[129.6283,33.33703],[129.62677,33.3367],[129.62464,33.33701],[129.62341,33.33631],[129.62351,33.33523],[129.62269,33.33427],[129.62004,33.33354],[129.61973,33.33305],[129.62067,33.33264],[129.62106,33.3307],[129.62249,33.32984],[129.62374,33.3275],[129.62399,33.32658],[129.62279,33.32589],[129.62036,33.32579],[129.62017,33.32691],[129.62076,33.32762],[129.61933,33.32768],[129.61942,33.3273],[129.61867,33.32717],[129.61825,33.32636],[129.61663,33.32607],[129.61612,33.3254],[129.61421,33.32663],[129.61379,33.3261],[129.61073,33.32579],[129.60915,33.32427],[129.60942,33.3234],[129.60907,33.32296],[129.60647,33.32409],[129.60642,33.32287],[129.60573,33.32269],[129.60496,33.32102],[129.60622,33.31876],[129.60576,33.31607],[129.60764,33.31656],[129.60682,33.31629],[129.6074,33.31619],[129.60712,33.31465],[129.60524,33.31432],[129.60291,33.31252],[129.59955,33.31106],[129.59853,33.312],[129.59771,33.31162],[129.59595,33.30887],[129.59504,33.30822],[129.59392,33.30565],[129.59159,33.30398],[129.59078,33.30447],[129.58687,33.3048],[129.58423,33.30639],[129.58335,33.30863],[129.58406,33.31041],[129.58393,33.31117],[129.58236,33.31134],[129.58098,33.31075],[129.58202,33.30978],[129.58088,33.30976],[129.58097,33.30878],[129.57995,33.30797],[129.57999,33.30741],[129.57663,33.30757],[129.57517,33.30879],[129.57479,33.31098],[129.57689,33.31248],[129.57697,33.31303],[129.57293,33.31407],[129.56833,33.3188],[129.5687,33.32061],[129.56835,33.32113],[129.56505,33.32167],[129.56189,33.3252],[129.56159,33.32797],[129.56194,33.3293],[129.56138,33.33074],[129.56318,33.33311],[129.56546,33.33276],[129.56769,33.33133],[129.5701,33.33137],[129.57024,33.33093],[129.57199,33.33128],[129.57441,33.32973],[129.57605,33.33233],[129.57572,33.33385],[129.5747,33.33496],[129.57204,33.3365],[129.57151,33.33871],[129.57148,33.34071],[129.57288,33.34196],[129.57195,33.34379],[129.57183,33.34646],[129.57437,33.3496],[129.57469,33.35619],[129.56951,33.35717],[129.56771,33.3566],[129.5664,33.35488],[129.5656,33.35464],[129.563,33.3555],[129.56076,33.35562],[129.56005,33.35449],[129.55738,33.35405],[129.55274,33.3506],[129.54966,33.35105],[129.54897,33.34979],[129.5461,33.34875],[129.54523,33.3465],[129.54563,33.34647],[129.54608,33.34403],[129.54579,33.3434],[129.54661,33.34251],[129.54671,33.3409],[129.54622,33.3399],[129.54417,33.33841],[129.54244,33.33626],[129.54135,33.33618],[129.54454,33.33175],[129.5448,33.33101],[129.54412,33.33059],[129.53938,33.33196],[129.53877,33.33167],[129.53683,33.33298],[129.5346,33.3325],[129.53475,33.33151],[129.53399,33.33269],[129.53398,33.33212],[129.53137,33.33222],[129.52932,33.33078],[129.52872,33.33156],[129.52868,33.33069],[129.52459,33.3288],[129.52224,33.32672],[129.5204,33.32609],[129.52089,33.32629],[129.52052,33.32705],[129.52098,33.32723],[129.52068,33.32852],[129.52105,33.32879],[129.52028,33.32981],[129.51754,33.33011],[129.51762,33.33045],[129.51581,33.33166],[129.51386,33.33052],[129.51496,33.32899],[129.51623,33.32578],[129.51593,33.32445],[129.51645,33.32404],[129.51558,33.3239],[129.51579,33.32352],[129.51762,33.32348],[129.52057,33.32178],[129.51963,33.32108],[129.52061,33.32171],[129.52107,33.32099],[129.52253,33.32049],[129.52421,33.31587],[129.52529,33.31458],[129.52957,33.31335],[129.5307,33.31415],[129.53177,33.31393],[129.53207,33.31083],[129.53031,33.3084],[129.53063,33.30763],[129.52998,33.3076],[129.52751,33.3053],[129.5271,33.30435],[129.52788,33.30333],[129.527,33.30263],[129.52641,33.30321],[129.52686,33.30361],[129.52654,33.30401],[129.52476,33.30366],[129.52437,33.30278],[129.52347,33.30243],[129.52081,33.30274],[129.5193,33.30393],[129.51809,33.30417],[129.51513,33.30342],[129.51179,33.30133],[129.51101,33.30154],[129.50977,33.30069],[129.51089,33.3015],[129.51044,33.3019],[129.51071,33.30211],[129.50982,33.30271],[129.50927,33.30237],[129.5083,33.30332],[129.5067,33.30253],[129.50656,33.30132],[129.50487,33.30147],[129.50358,33.30287],[129.50446,33.30157],[129.50389,33.29998],[129.50123,33.30028],[129.50107,33.30063],[129.50115,33.30024],[129.50078,33.3003],[129.50022,33.30093],[129.50039,33.30196],[129.50032,33.30191],[129.50017,33.30095],[129.50155,33.29902],[129.50421,33.29916],[129.50548,33.29855],[129.50514,33.29666],[129.50581,33.29416],[129.50768,33.29172],[129.50862,33.29168],[129.50992,33.29086],[129.51143,33.29104],[129.51253,33.29026],[129.51217,33.28934],[129.51017,33.28759],[129.51011,33.28696],[129.50957,33.28751],[129.50733,33.28737],[129.50566,33.28562],[129.50451,33.28541],[129.50082,33.2864],[129.49913,33.28557],[129.49896,33.28599],[129.49912,33.28556],[129.49724,33.28346],[129.49504,33.28232],[129.49337,33.28332],[129.49304,33.284],[129.49271,33.28382],[129.49301,33.28403],[129.4922,33.28524],[129.49374,33.28779],[129.49327,33.28872],[129.49339,33.28992],[129.49285,33.29031],[129.49269,33.28879],[129.48866,33.28759],[129.48784,33.28636],[129.48535,33.28455],[129.48508,33.28405],[129.48641,33.2836],[129.48599,33.28327],[129.48669,33.28151],[129.48824,33.28042],[129.48872,33.27904],[129.49014,33.27851],[129.4884,33.27739],[129.48994,33.27754],[129.49003,33.27826],[129.49064,33.27806],[129.4914,33.27871],[129.49085,33.27931],[129.49037,33.28007],[129.49148,33.27866],[129.49299,33.27922],[129.49738,33.27816],[129.49704,33.27654],[129.49536,33.2756],[129.4963,33.27511],[129.49791,33.27545],[129.49733,33.27674],[129.49807,33.27698],[129.50185,33.27267],[129.50297,33.27272],[129.5047,33.27167],[129.50482,33.26934],[129.50192,33.26635],[129.50265,33.26321],[129.50179,33.26151],[129.50157,33.2594],[129.50038,33.25844],[129.49923,33.25844],[129.49738,33.25731],[129.49625,33.25503],[129.49385,33.25215],[129.49137,33.25266],[129.48798,33.25126],[129.48614,33.24759],[129.48687,33.24571],[129.4865,33.2454],[129.48644,33.24346],[129.48485,33.24066],[129.48202,33.23811],[129.48124,33.23639],[129.48017,33.23547],[129.47853,33.23452],[129.47855,33.23488],[129.47805,33.23465],[129.47838,33.23498],[129.4772,33.23472],[129.47703,33.23324],[129.47738,33.23288],[129.47484,33.23026],[129.47419,33.22979],[129.47461,33.23048],[129.47248,33.23003],[129.47215,33.22782],[129.47247,33.22707],[129.47111,33.22634],[129.47125,33.2257],[129.47052,33.22549],[129.47092,33.22496],[129.46987,33.22522],[129.47045,33.22472],[129.4691,33.22398],[129.46827,33.22227],[129.46876,33.22252],[129.46872,33.22207],[129.46903,33.2225],[129.46917,33.22213],[129.46851,33.22163],[129.46856,33.22072],[129.46789,33.22076],[129.46719,33.22002],[129.46689,33.21755],[129.46478,33.21556],[129.46321,33.21307],[129.46277,33.21338],[129.46223,33.21277],[129.46251,33.21338],[129.46185,33.21292],[129.46167,33.21363],[129.46083,33.21389],[129.45891,33.21344],[129.45859,33.21431],[129.4573,33.2147],[129.45324,33.21447],[129.45152,33.21192],[129.45105,33.21194],[129.45286,33.21071],[129.45266,33.21043],[129.45102,33.21144],[129.45066,33.20988],[129.45147,33.20958],[129.45178,33.20994],[129.45301,33.2089],[129.45352,33.20944],[129.45394,33.21055],[129.45426,33.21087],[129.4536,33.20937],[129.4529,33.20864],[129.45324,33.20804],[129.45267,33.20644],[129.45107,33.20586],[129.45052,33.20702],[129.45079,33.20746],[129.4501,33.20775],[129.4476,33.20701],[129.44698,33.2063],[129.44699,33.20508],[129.44521,33.20462],[129.44425,33.20349],[129.44404,33.1989],[129.44062,33.19538],[129.4372,33.19294],[129.4352,33.19241],[129.43433,33.19103],[129.42981,33.18888],[129.42633,33.18844],[129.42599,33.18775],[129.42561,33.1882],[129.42318,33.18791],[129.42035,33.1843],[129.41888,33.18346],[129.41527,33.18255],[129.41549,33.1822],[129.41491,33.18194],[129.41403,33.1822],[129.41279,33.18169],[129.41155,33.1821],[129.41108,33.1814],[129.40983,33.1815],[129.40952,33.18101],[129.40906,33.18138],[129.40802,33.18068],[129.40788,33.18119],[129.40688,33.18051],[129.40658,33.18127],[129.40529,33.18107],[129.40342,33.17897],[129.40223,33.17898],[129.40231,33.17836],[129.40309,33.17808],[129.4026,33.17727],[129.4021,33.17723],[129.40214,33.17787],[129.40166,33.17746],[129.40146,33.17802],[129.39989,33.17749],[129.39889,33.1763],[129.39952,33.17589],[129.39891,33.17585],[129.3981,33.17468],[129.39678,33.17451],[129.3963,33.17397],[129.39596,33.17438],[129.39501,33.17416],[129.39426,33.17319],[129.39371,33.17336],[129.39356,33.173],[129.39326,33.17369],[129.39273,33.1736],[129.39042,33.17255],[129.39001,33.1728],[129.3892,33.172],[129.38886,33.17227],[129.38891,33.17185],[129.38853,33.17239],[129.3873,33.17229],[129.3869,33.17164],[129.38526,33.1713],[129.3851,33.17162],[129.38475,33.17104],[129.38405,33.17108],[129.38451,33.17067],[129.3841,33.17025],[129.38323,33.17119],[129.3819,33.17117],[129.38071,33.17028],[129.38062,33.17065],[129.37919,33.17061],[129.37728,33.16969],[129.37746,33.16921],[129.37636,33.16949],[129.3752,33.16871],[129.37218,33.17003],[129.37001,33.16944],[129.36905,33.17044],[129.36866,33.17246],[129.36697,33.17375],[129.36661,33.17349],[129.36674,33.17403],[129.36611,33.17399],[129.36568,33.17487],[129.36309,33.17584],[129.36307,33.17645],[129.36269,33.17633],[129.36293,33.17656],[129.36242,33.1769],[129.36079,33.17723],[129.36046,33.17774],[129.35992,33.17742],[129.3592,33.17808],[129.35726,33.17798],[129.35668,33.17868],[129.35354,33.17943],[129.35333,33.1791],[129.34972,33.18187],[129.34846,33.18235],[129.35161,33.1831],[129.35189,33.18356],[129.35135,33.18447],[129.35312,33.18533],[129.35364,33.18695],[129.35569,33.18704],[129.35821,33.18874],[129.35794,33.19058],[129.35659,33.19152],[129.35577,33.19102],[129.35532,33.19165],[129.35607,33.19181],[129.35636,33.19267],[129.3572,33.19274],[129.35697,33.19248],[129.35748,33.19227],[129.35651,33.19162],[129.35772,33.1908],[129.35753,33.19106],[129.35895,33.19212],[129.35786,33.19353],[129.35752,33.19316],[129.35768,33.19343],[129.35652,33.19408],[129.35493,33.19378],[129.35523,33.19276],[129.3545,33.1925],[129.35479,33.19184],[129.3544,33.1924],[129.35371,33.19213],[129.35343,33.19216],[129.35352,33.19279],[129.35484,33.193],[129.35493,33.19409],[129.35379,33.19457],[129.35478,33.19508],[129.35458,33.19581],[129.35517,33.19556],[129.35619,33.19811],[129.35476,33.19993],[129.35303,33.19998],[129.35201,33.20076]]],[[[129.41334,33.2937],[129.41452,33.29255],[129.41263,33.29193],[129.41164,33.29222],[129.41117,33.29379],[129.41334,33.2937]]],[[[129.51386,33.29675],[129.51235,33.29752],[129.51366,33.2978],[129.51431,33.29722],[129.51386,33.29675]]],[[[129.50714,33.29911],[129.50714,33.30017],[129.50807,33.30081],[129.50907,33.29849],[129.50862,33.29797],[129.50725,33.29778],[129.50759,33.29895],[129.50714,33.29911]]],[[[129.46319,33.37423],[129.46534,33.37423],[129.46492,33.37385],[129.46614,33.37322],[129.46697,33.37189],[129.46575,33.37218],[129.46319,33.37423]]],[[[129.39815,33.35873],[129.39824,33.3597],[129.39737,33.36078],[129.39826,33.36207],[129.39937,33.36167],[129.4029,33.36396],[129.40323,33.36408],[129.40349,33.36347],[129.40387,33.36367],[129.40424,33.36487],[129.40383,33.36541],[129.40528,33.36751],[129.40508,33.36834],[129.40705,33.37118],[129.40868,33.37561],[129.40927,33.37988],[129.40993,33.38067],[129.4108,33.3847],[129.41266,33.38833],[129.41303,33.39015],[129.41322,33.39166],[129.41246,33.39801],[129.41545,33.4027],[129.41989,33.40573],[129.42163,33.40858],[129.42229,33.41253],[129.42157,33.41525],[129.4229,33.41743],[129.42342,33.42085],[129.42323,33.42296],[129.4223,33.42388],[129.42268,33.42402],[129.42248,33.42523],[129.421,33.42811],[129.42064,33.43053],[129.42137,33.43099],[129.42137,33.43159],[129.42045,33.43189],[129.42064,33.43249],[129.42264,33.43216],[129.42221,33.43352],[129.42413,33.43335],[129.42398,33.43446],[129.42583,33.43567],[129.42546,33.43657],[129.42694,33.43643],[129.42701,33.43736],[129.42857,33.43689],[129.42955,33.43794],[129.42973,33.43976],[129.43103,33.44006],[129.43159,33.4408],[129.43277,33.44026],[129.43344,33.44056],[129.43362,33.44217],[129.43474,33.44262],[129.43438,33.43817],[129.43503,33.43728],[129.43278,33.43725],[129.43339,33.4362],[129.43298,33.43453],[129.43347,33.43381],[129.43641,33.43249],[129.43716,33.43128],[129.43585,33.43068],[129.43455,33.43083],[129.43419,33.43053],[129.43419,33.42902],[129.43214,33.42842],[129.42996,33.42703],[129.43011,33.42534],[129.42979,33.42681],[129.42871,33.4266],[129.42937,33.42525],[129.4283,33.42309],[129.42863,33.42233],[129.42795,33.42212],[129.42935,33.41971],[129.43045,33.41976],[129.43208,33.42063],[129.4337,33.42017],[129.43146,33.41459],[129.42964,33.41161],[129.42853,33.41092],[129.42825,33.40943],[129.4303,33.40714],[129.43324,33.40543],[129.43493,33.40501],[129.43551,33.40192],[129.43507,33.39917],[129.43689,33.3967],[129.43747,33.39487],[129.43756,33.39333],[129.43703,33.39519],[129.43639,33.3951],[129.43575,33.3939],[129.43705,33.39427],[129.43675,33.39376],[129.43611,33.39384],[129.43633,33.39327],[129.43593,33.39347],[129.43489,33.39124],[129.43528,33.39113],[129.4353,33.39],[129.4351,33.3896],[129.43519,33.38993],[129.43423,33.39015],[129.43391,33.38943],[129.43497,33.38935],[129.43483,33.38904],[129.43389,33.38937],[129.43341,33.3884],[129.43401,33.38819],[129.43404,33.38752],[129.43264,33.38799],[129.43202,33.38705],[129.4325,33.38804],[129.43195,33.38825],[129.43133,33.38699],[129.43206,33.38683],[129.43124,33.38529],[129.43231,33.38488],[129.43152,33.38327],[129.43083,33.38346],[129.43059,33.38288],[129.43005,33.37871],[129.43086,33.37629],[129.43082,33.37492],[129.43265,33.37273],[129.43272,33.37169],[129.43391,33.37071],[129.43539,33.36778],[129.43724,33.36595],[129.43642,33.36504],[129.43642,33.36324],[129.43463,33.36251],[129.43538,33.36048],[129.43468,33.36008],[129.43387,33.3622],[129.43158,33.3607],[129.43166,33.35914],[129.43394,33.35974],[129.4341,33.35929],[129.43271,33.35878],[129.43378,33.35644],[129.43445,33.35606],[129.43475,33.35654],[129.43593,33.35592],[129.43521,33.35468],[129.43018,33.35429],[129.42835,33.35336],[129.42351,33.35258],[129.41995,33.3512],[129.41591,33.35096],[129.41382,33.35164],[129.41237,33.35368],[129.41077,33.354],[129.40837,33.35583],[129.40633,33.35641],[129.40467,33.35752],[129.40255,33.35767],[129.40078,33.35884],[129.39815,33.35873]]],[[[129.49861,33.47611],[129.49914,33.47649],[129.49943,33.47559],[129.49901,33.47566],[129.49861,33.47611]]],[[[129.51741,33.2905],[129.51426,33.29014],[129.51338,33.29092],[129.51802,33.29264],[129.51851,33.29231],[129.51856,33.29147],[129.51741,33.2905]]],[[[129.5796,33.30166],[129.58013,33.30239],[129.58039,33.30232],[129.57994,33.30118],[129.5796,33.30166]]],[[[129.58245,33.30467],[129.58019,33.30409],[129.57998,33.30359],[129.57876,33.3037],[129.57946,33.30486],[129.57949,33.30577],[129.57894,33.30626],[129.57926,33.30661],[129.58068,33.30637],[129.58077,33.30579],[129.58223,33.30581],[129.58245,33.30467]]],[[[129.58153,33.30643],[129.58079,33.30674],[129.58173,33.3073],[129.58205,33.30676],[129.58153,33.30643]]],[[[129.53244,33.37935],[129.53222,33.37866],[129.53133,33.37926],[129.53171,33.37952],[129.53244,33.37935]]],[[[129.60266,33.38218],[129.60446,33.38135],[129.60436,33.3799],[129.60376,33.3799],[129.60399,33.38048],[129.60335,33.38087],[129.60115,33.38109],[129.59459,33.38435],[129.59615,33.38468],[129.59667,33.3842],[129.59897,33.38407],[129.59918,33.38293],[129.60036,33.38204],[129.60266,33.38218]]],[[[129.56029,33.38862],[129.56149,33.3875],[129.56216,33.38646],[129.56136,33.38612],[129.56173,33.38643],[129.56058,33.38747],[129.56029,33.38862]]],[[[129.51576,33.40444],[129.51564,33.40379],[129.51435,33.40368],[129.5136,33.40485],[129.51576,33.40444]]],[[[129.53245,33.42689],[129.53353,33.42543],[129.53418,33.42538],[129.53515,33.4236],[129.53463,33.42312],[129.53504,33.42141],[129.53312,33.42226],[129.53424,33.42301],[129.53412,33.42417],[129.53206,33.42444],[129.53245,33.42689]]],[[[129.51548,33.43151],[129.51409,33.43084],[129.51429,33.4314],[129.51368,33.43147],[129.51323,33.43085],[129.51337,33.43042],[129.51374,33.43054],[129.51437,33.43047],[129.51349,33.43036],[129.51382,33.42903],[129.51328,33.42903],[129.51329,33.42791],[129.51383,33.42786],[129.51304,33.42787],[129.51396,33.42655],[129.51376,33.42602],[129.50801,33.42438],[129.50652,33.42475],[129.50534,33.42625],[129.5051,33.4286],[129.50668,33.43245],[129.50706,33.43551],[129.51645,33.43951],[129.52179,33.44063],[129.52419,33.44246],[129.52447,33.44451],[129.52676,33.44789],[129.5274,33.45137],[129.52721,33.45266],[129.52855,33.45371],[129.53081,33.45428],[129.53124,33.45314],[129.52991,33.45166],[129.52988,33.45075],[129.53118,33.45037],[129.53362,33.44775],[129.53693,33.44613],[129.53986,33.44561],[129.5421,33.44364],[129.54331,33.44351],[129.54297,33.44308],[129.5433,33.44216],[129.54503,33.44206],[129.54429,33.4413],[129.54479,33.44037],[129.54365,33.44029],[129.54359,33.44144],[129.54295,33.44172],[129.54043,33.44138],[129.53892,33.44204],[129.53861,33.4415],[129.53754,33.44128],[129.53859,33.44155],[129.5387,33.44217],[129.53728,33.44223],[129.53732,33.44173],[129.53718,33.44237],[129.53569,33.44112],[129.53653,33.44022],[129.5357,33.44101],[129.53318,33.43971],[129.53328,33.43911],[129.53458,33.43931],[129.53557,33.4401],[129.53545,33.43974],[129.53681,33.43917],[129.53724,33.43955],[129.53686,33.43916],[129.53782,33.43782],[129.53715,33.43704],[129.53467,33.4372],[129.53382,33.43911],[129.53318,33.43898],[129.53229,33.43814],[129.53254,33.43596],[129.5307,33.43568],[129.529,33.4365],[129.52815,33.43613],[129.52949,33.43671],[129.52818,33.4371],[129.52738,33.43655],[129.52806,33.43559],[129.52729,33.43649],[129.52596,33.43643],[129.52312,33.43468],[129.51949,33.43381],[129.521,33.43363],[129.51929,33.43381],[129.51832,33.43275],[129.51551,33.4316],[129.51574,33.43093],[129.51495,33.43021],[129.51567,33.43095],[129.51548,33.43151]]],[[[129.54617,33.44641],[129.54594,33.44721],[129.54623,33.44761],[129.54657,33.44689],[129.54617,33.44641]]],[[[129.53977,33.47147],[129.53778,33.47133],[129.53814,33.47175],[129.5411,33.47244],[129.53977,33.47147]]],[[[129.51814,33.48017],[129.51314,33.48049],[129.51332,33.47898],[129.51892,33.47513],[129.51924,33.47268],[129.52101,33.47187],[129.52178,33.47261],[129.5212,33.4715],[129.51924,33.47216],[129.51828,33.47153],[129.51238,33.4725],[129.51088,33.47287],[129.50833,33.47446],[129.50379,33.47135],[129.50074,33.47194],[129.49878,33.47124],[129.4986,33.4718],[129.49718,33.47132],[129.49666,33.47175],[129.49674,33.47259],[129.49836,33.47284],[129.498,33.47401],[129.50183,33.47694],[129.50313,33.48],[129.50653,33.48033],[129.50742,33.47977],[129.50865,33.48044],[129.50885,33.48117],[129.5094,33.48117],[129.50954,33.48295],[129.51369,33.48584],[129.51553,33.48811],[129.51758,33.48872],[129.52058,33.49222],[129.52214,33.49322],[129.52263,33.49394],[129.522,33.49428],[129.52214,33.49461],[129.52405,33.49466],[129.52678,33.49611],[129.5276,33.49794],[129.52766,33.49938],[129.5291,33.50055],[129.5302,33.5005],[129.53183,33.50128],[129.53244,33.50178],[129.53303,33.5036],[129.53509,33.50239],[129.53941,33.50412],[129.54301,33.50484],[129.54777,33.50776],[129.54729,33.50868],[129.54832,33.50846],[129.54864,33.50883],[129.54956,33.50802],[129.55018,33.5092],[129.55237,33.50913],[129.55237,33.50994],[129.55478,33.50947],[129.55606,33.51069],[129.55664,33.51042],[129.55636,33.50917],[129.55542,33.50816],[129.55546,33.50487],[129.55606,33.50401],[129.55437,33.50161],[129.55392,33.4995],[129.55423,33.49846],[129.55496,33.49772],[129.5561,33.4978],[129.55627,33.49706],[129.5549,33.49597],[129.55339,33.4927],[129.55342,33.49178],[129.55397,33.49162],[129.55337,33.4916],[129.55299,33.49048],[129.55409,33.49017],[129.55386,33.48924],[129.55737,33.48891],[129.55829,33.48821],[129.56141,33.48772],[129.56233,33.48828],[129.56224,33.48976],[129.56486,33.49039],[129.56718,33.49169],[129.56718,33.49225],[129.56532,33.49254],[129.56486,33.49428],[129.56755,33.4948],[129.56851,33.49647],[129.56732,33.49758],[129.56665,33.49924],[129.56442,33.50006],[129.5641,33.50058],[129.56541,33.50132],[129.56741,33.50083],[129.56805,33.49976],[129.56923,33.49924],[129.56923,33.4985],[129.57051,33.49828],[129.57141,33.49717],[129.57223,33.49839],[129.57306,33.49794],[129.57319,33.49694],[129.57423,33.49647],[129.57605,33.49687],[129.57791,33.4962],[129.57837,33.49706],[129.58004,33.49721],[129.583,33.49631],[129.58355,33.49561],[129.58278,33.49439],[129.58009,33.49428],[129.57896,33.48891],[129.57533,33.48824],[129.57519,33.48717],[129.57577,33.48676],[129.57496,33.48372],[129.57559,33.48306],[129.57564,33.48143],[129.57283,33.48146],[129.56874,33.47925],[129.56714,33.47783],[129.56509,33.47751],[129.5646,33.47602],[129.56383,33.47569],[129.56369,33.47483],[129.56192,33.47302],[129.559,33.47302],[129.5585,33.47383],[129.55708,33.47399],[129.55693,33.47426],[129.55789,33.47488],[129.55798,33.47511],[129.55753,33.47484],[129.55748,33.47491],[129.55797,33.47525],[129.55708,33.47753],[129.55687,33.47534],[129.55546,33.47462],[129.55402,33.47454],[129.55432,33.47302],[129.55402,33.47091],[129.55319,33.47036],[129.55374,33.46928],[129.55151,33.46925],[129.55023,33.47002],[129.54878,33.4702],[129.54883,33.47076],[129.54796,33.47121],[129.54274,33.47232],[129.54247,33.47317],[129.5432,33.4741],[129.54446,33.47421],[129.54373,33.47565],[129.54306,33.47598],[129.54164,33.47543],[129.54146,33.47413],[129.54088,33.47376],[129.53996,33.47391],[129.53969,33.47543],[129.53824,33.47369],[129.53687,33.47383],[129.53746,33.47454],[129.53723,33.47554],[129.53629,33.47458],[129.53482,33.47465],[129.53383,33.47591],[129.53478,33.47794],[129.53296,33.47891],[129.5331,33.47957],[129.5316,33.48039],[129.53073,33.48202],[129.52971,33.48164],[129.5289,33.48282],[129.52953,33.48326],[129.52889,33.48399],[129.52796,33.48401],[129.53001,33.48431],[129.52859,33.48642],[129.52802,33.48462],[129.52583,33.48394],[129.5246,33.48239],[129.52315,33.48213],[129.52165,33.48254],[129.52004,33.48344],[129.51959,33.48421],[129.51865,33.48376],[129.5192,33.48101],[129.51814,33.48017]]],[[[129.55686,33.49179],[129.55706,33.49136],[129.55688,33.49112],[129.55686,33.49179]]],[[[129.52006,33.50637],[129.52076,33.50617],[129.52011,33.50583],[129.52006,33.50637]]],[[[129.55255,33.51073],[129.55172,33.51106],[129.5529,33.51119],[129.55255,33.51073]]],[[[129.55827,33.60609],[129.55235,33.60379],[129.55058,33.60532],[129.55217,33.6069],[129.55259,33.6062],[129.55472,33.60712],[129.55476,33.6078],[129.55426,33.60812],[129.55494,33.60866],[129.55473,33.61045],[129.55816,33.60957],[129.55867,33.60874],[129.55766,33.60689],[129.55827,33.60609]]],[[[129.5185,33.6152],[129.51773,33.61514],[129.51727,33.61547],[129.519,33.61582],[129.5185,33.6152]]]]}},{"type":"Feature","properties":{"id":"muni-42208","name":"松浦市"},"geometry":{"type":"MultiPolygon","coordinates":[[[[129.6291,33.34679],[129.62977,33.34759],[129.63224,33.34854],[129.63184,33.34867],[129.63202,33.35029],[129.62946,33.35266],[129.63236,33.35423],[129.6308,33.35594],[129.63034,33.36045],[129.63369,33.36225],[129.63253,33.36344],[129.63266,33.36482],[129.63202,33.36589],[129.63035,33.36651],[129.63004,33.36611],[129.62963,33.36608],[129.63036,33.3666],[129.62982,33.3687],[129.63007,33.37013],[129.63221,33.3712],[129.63238,33.37015],[129.63285,33.36996],[129.63246,33.36973],[129.6329,33.36941],[129.63253,33.36856],[129.63345,33.36745],[129.63568,33.36797],[129.64076,33.36666],[129.64261,33.36738],[129.644,33.367],[129.64374,33.36675],[129.64425,33.36607],[129.6456,33.36521],[129.64488,33.36494],[129.64359,33.36394],[129.64481,33.36474],[129.64753,33.36533],[129.64743,33.36653],[129.64622,33.36676],[129.64584,33.36833],[129.6454,33.36829],[129.64641,33.37174],[129.6481,33.37274],[129.64813,33.37325],[129.64893,33.37341],[129.65003,33.37226],[129.65099,33.37252],[129.65354,33.37061],[129.65588,33.37121],[129.65694,33.3693],[129.6566,33.36927],[129.65668,33.36868],[129.65822,33.36882],[129.65847,33.36906],[129.65751,33.3697],[129.6567,33.37219],[129.65746,33.37302],[129.65723,33.37406],[129.65664,33.37421],[129.65638,33.37378],[129.65649,33.37538],[129.65758,33.37652],[129.65735,33.37734],[129.65773,33.37778],[129.65974,33.37728],[129.66064,33.37771],[129.66077,33.37889],[129.66138,33.37936],[129.66121,33.37993],[129.6626,33.38014],[129.66327,33.38088],[129.66336,33.38007],[129.66698,33.38341],[129.66758,33.38565],[129.66676,33.38592],[129.66762,33.38581],[129.66768,33.38661],[129.66438,33.38825],[129.66356,33.39018],[129.66557,33.39473],[129.66923,33.39823],[129.67113,33.39939],[129.67261,33.39945],[129.67419,33.39791],[129.67435,33.39567],[129.67505,33.39438],[129.67488,33.39457],[129.67469,33.39424],[129.67751,33.39329],[129.67719,33.39188],[129.67793,33.39076],[129.67723,33.39053],[129.6778,33.39071],[129.67762,33.39039],[129.67808,33.39012],[129.67919,33.38999],[129.68229,33.39039],[129.68496,33.38899],[129.68568,33.38749],[129.6852,33.38503],[129.68282,33.38375],[129.67911,33.38385],[129.67847,33.38433],[129.6775,33.38391],[129.67796,33.38449],[129.67686,33.38625],[129.67409,33.38534],[129.67426,33.3846],[129.67561,33.38522],[129.67558,33.38365],[129.67695,33.38368],[129.67543,33.38345],[129.675,33.37839],[129.67421,33.37527],[129.67451,33.37497],[129.67514,33.37333],[129.67446,33.37493],[129.67372,33.37478],[129.6743,33.37286],[129.67496,33.37296],[129.67407,33.37278],[129.67385,33.37114],[129.67441,33.36882],[129.67336,33.36786],[129.67263,33.36796],[129.67249,33.366],[129.67258,33.36798],[129.67094,33.36911],[129.67127,33.36989],[129.66996,33.37025],[129.67009,33.36965],[129.67061,33.36959],[129.66943,33.36723],[129.67005,33.3671],[129.66907,33.36704],[129.66822,33.3659],[129.66791,33.3642],[129.6685,33.36276],[129.66965,33.36222],[129.66907,33.36304],[129.67047,33.36314],[129.67102,33.36466],[129.67115,33.36375],[129.67356,33.36158],[129.67445,33.36174],[129.67408,33.36075],[129.67471,33.35941],[129.67339,33.35927],[129.67341,33.35848],[129.67412,33.35727],[129.67602,33.35619],[129.67755,33.35357],[129.67779,33.35171],[129.67827,33.35306],[129.6852,33.35311],[129.68688,33.35454],[129.68681,33.36146],[129.69476,33.36156],[129.69699,33.36133],[129.69693,33.35528],[129.69354,33.3539],[129.69441,33.35273],[129.69261,33.35219],[129.69331,33.35109],[129.6957,33.35121],[129.6965,33.35201],[129.69679,33.35396],[129.70141,33.35221],[129.70084,33.35144],[129.70134,33.35097],[129.70097,33.35101],[129.70047,33.3495],[129.70121,33.34953],[129.70216,33.35128],[129.70164,33.34967],[129.70283,33.3492],[129.70299,33.3472],[129.70493,33.34654],[129.71166,33.34762],[129.71232,33.34841],[129.71201,33.34894],[129.71264,33.34998],[129.71324,33.34931],[129.71314,33.34855],[129.71442,33.34892],[129.71406,33.34781],[129.71705,33.34803],[129.71718,33.35014],[129.71991,33.35041],[129.71985,33.35098],[129.72028,33.35101],[129.72046,33.34994],[129.72102,33.34998],[129.72095,33.35049],[129.72222,33.35058],[129.72377,33.35189],[129.72583,33.35086],[129.72625,33.35119],[129.72316,33.35365],[129.72368,33.35411],[129.72565,33.35318],[129.72816,33.3554],[129.72879,33.3549],[129.73001,33.356],[129.72911,33.35692],[129.72738,33.35677],[129.72913,33.35698],[129.73006,33.35844],[129.73333,33.35896],[129.73304,33.35996],[129.73367,33.35824],[129.73573,33.35923],[129.73476,33.35817],[129.73537,33.35833],[129.73612,33.3596],[129.73749,33.36006],[129.73727,33.36091],[129.73787,33.36253],[129.73719,33.36216],[129.73735,33.36302],[129.74019,33.36521],[129.74521,33.3673],[129.74634,33.36696],[129.74989,33.36726],[129.75483,33.366],[129.7605,33.36015],[129.76276,33.35577],[129.76533,33.35574],[129.76321,33.35569],[129.76307,33.35433],[129.76488,33.35397],[129.76513,33.35457],[129.76566,33.35429],[129.76736,33.35485],[129.76682,33.35415],[129.76969,33.35473],[129.77145,33.35444],[129.77358,33.35574],[129.77352,33.35669],[129.77094,33.35863],[129.77143,33.3598],[129.77323,33.35995],[129.77359,33.36087],[129.77414,33.36033],[129.77495,33.36063],[129.77519,33.36039],[129.77558,33.36028],[129.77592,33.35987],[129.77635,33.35979],[129.77502,33.36073],[129.77598,33.36302],[129.77493,33.36332],[129.77407,33.36659],[129.77442,33.36943],[129.77618,33.37203],[129.77886,33.37193],[129.78029,33.37309],[129.78163,33.37263],[129.78313,33.373],[129.78869,33.37161],[129.79152,33.36893],[129.79131,33.36611],[129.79006,33.36399],[129.79048,33.36306],[129.78912,33.36239],[129.78912,33.36068],[129.78853,33.3594],[129.78879,33.35721],[129.78896,33.35781],[129.79218,33.35602],[129.79202,33.35446],[129.79323,33.35251],[129.7926,33.34794],[129.79333,33.34639],[129.792,33.342],[129.79229,33.34184],[129.79257,33.34153],[129.7927,33.34108],[129.79202,33.34193],[129.79204,33.34137],[129.79177,33.34158],[129.79077,33.34028],[129.78883,33.34016],[129.78536,33.33878],[129.78255,33.33691],[129.78155,33.33538],[129.7766,33.33311],[129.77611,33.3306],[129.77228,33.32475],[129.77087,33.32129],[129.76911,33.31972],[129.7698,33.31697],[129.76739,33.31247],[129.76636,33.3117],[129.76687,33.30874],[129.76656,33.30735],[129.7658,33.30678],[129.76436,33.30668],[129.76424,33.30562],[129.76343,33.30487],[129.76364,33.30389],[129.76216,33.30173],[129.76237,33.29887],[129.75892,33.29116],[129.75902,33.29069],[129.76139,33.28982],[129.76346,33.29001],[129.76556,33.28641],[129.76851,33.28532],[129.76951,33.28323],[129.77242,33.28038],[129.7737,33.27704],[129.77597,33.27404],[129.77575,33.27318],[129.77736,33.26912],[129.77682,33.26688],[129.77543,33.26646],[129.7706,33.2684],[129.76778,33.26874],[129.76625,33.26948],[129.76471,33.27171],[129.76195,33.27377],[129.76087,33.27607],[129.75963,33.27729],[129.75678,33.27712],[129.7521,33.27564],[129.75147,33.2766],[129.7488,33.27705],[129.74718,33.27576],[129.74431,33.27483],[129.74155,33.27594],[129.73975,33.27738],[129.73487,33.27871],[129.7343,33.27949],[129.73322,33.27982],[129.73251,33.28093],[129.73098,33.28127],[129.72914,33.28289],[129.72638,33.28379],[129.72363,33.28548],[129.72122,33.28621],[129.7193,33.28622],[129.71585,33.2878],[129.715,33.28921],[129.71371,33.2901],[129.71411,33.29076],[129.71411,33.29302],[129.71522,33.295],[129.71469,33.29638],[129.71526,33.29751],[129.71525,33.30271],[129.71094,33.30245],[129.71046,33.3035],[129.70963,33.3025],[129.70707,33.30264],[129.70879,33.30604],[129.70721,33.30874],[129.70439,33.31033],[129.70169,33.31008],[129.69821,33.31092],[129.69713,33.31019],[129.69622,33.31053],[129.69239,33.31028],[129.69205,33.3095],[129.68906,33.31143],[129.68385,33.31029],[129.68294,33.31155],[129.68112,33.31177],[129.67954,33.31105],[129.67741,33.30851],[129.67616,33.30796],[129.67273,33.3084],[129.67172,33.3102],[129.6704,33.31009],[129.66687,33.31128],[129.66639,33.3154],[129.66688,33.31822],[129.66493,33.32092],[129.66306,33.32128],[129.66086,33.31994],[129.65701,33.32114],[129.65559,33.32287],[129.65519,33.32556],[129.65286,33.32636],[129.65173,33.32732],[129.64939,33.32791],[129.64873,33.3295],[129.64486,33.33228],[129.64499,33.33426],[129.64204,33.33383],[129.64051,33.33459],[129.63534,33.34036],[129.6318,33.34171],[129.63123,33.34258],[129.63161,33.34309],[129.6313,33.34392],[129.62929,33.34563],[129.6291,33.34679]]],[[[129.82841,33.34846],[129.82879,33.3482],[129.82865,33.34792],[129.8283,33.3481],[129.82841,33.34846]]],[[[129.82678,33.35278],[129.82564,33.35303],[129.82533,33.35357],[129.82669,33.35377],[129.82655,33.35417],[129.82715,33.35449],[129.82762,33.3528],[129.8286,33.35208],[129.82834,33.34964],[129.82748,33.35004],[129.82771,33.35117],[129.82678,33.35278]]],[[[129.82412,33.35362],[129.82379,33.35241],[129.82349,33.35374],[129.82412,33.35362]]],[[[129.8238,33.35542],[129.82319,33.35569],[129.82316,33.35579],[129.82399,33.35589],[129.8238,33.35542]]],[[[129.82851,33.3562],[129.82804,33.35536],[129.82767,33.35595],[129.82851,33.3562]]],[[[129.83467,33.35962],[129.83464,33.36055],[129.83524,33.36071],[129.83517,33.3598],[129.83467,33.35962]]],[[[129.81123,33.34863],[129.81009,33.35013],[129.80791,33.3504],[129.80644,33.35325],[129.81001,33.35617],[129.80957,33.35724],[129.80713,33.35807],[129.80679,33.35913],[129.80556,33.35955],[129.80548,33.36048],[129.80408,33.36133],[129.80356,33.36262],[129.80464,33.36371],[129.80417,33.36609],[129.80539,33.36616],[129.8067,33.36531],[129.808,33.36594],[129.80931,33.36843],[129.81201,33.36681],[129.81343,33.36639],[129.81454,33.36666],[129.8132,33.36974],[129.81082,33.36961],[129.8094,33.37198],[129.80922,33.37318],[129.8109,33.37492],[129.81044,33.37562],[129.81111,33.3772],[129.81067,33.37796],[129.80881,33.37843],[129.80928,33.3808],[129.80794,33.38199],[129.80893,33.3819],[129.81038,33.38342],[129.8121,33.38357],[129.81367,33.38298],[129.81384,33.38331],[129.81183,33.38493],[129.80868,33.38859],[129.80839,33.39077],[129.80922,33.3913],[129.80765,33.39248],[129.80752,33.39309],[129.80769,33.39395],[129.80839,33.3939],[129.8098,33.39537],[129.81044,33.39694],[129.81288,33.39789],[129.81348,33.39879],[129.81352,33.3996],[129.81236,33.40142],[129.81294,33.40255],[129.81396,33.40316],[129.81352,33.40368],[129.81276,33.40302],[129.81236,33.40378],[129.80876,33.40348],[129.80368,33.40619],[129.80345,33.4069],[129.80199,33.40785],[129.80163,33.40909],[129.80037,33.40884],[129.80037,33.40975],[129.80089,33.41013],[129.79861,33.41037],[129.79629,33.41189],[129.79581,33.41251],[129.79698,33.41374],[129.79657,33.41468],[129.79788,33.41419],[129.79776,33.41295],[129.79861,33.41278],[129.79967,33.41327],[129.80093,33.41119],[129.80479,33.41189],[129.80672,33.41089],[129.80893,33.4105],[129.80916,33.40998],[129.81375,33.4106],[129.81399,33.41008],[129.81544,33.40952],[129.81679,33.40952],[129.8172,33.41008],[129.81923,33.4107],[129.8247,33.40914],[129.82739,33.40804],[129.82843,33.40709],[129.83012,33.40676],[129.83297,33.40482],[129.83333,33.40405],[129.83262,33.40311],[129.83355,33.4022],[129.83326,33.40092],[129.83362,33.39993],[129.83345,33.39936],[129.83207,33.39858],[129.83259,33.39825],[129.8323,33.39765],[129.83114,33.39728],[129.83169,33.39581],[129.83006,33.39556],[129.82965,33.39461],[129.83006,33.39467],[129.83,33.39286],[129.82919,33.39257],[129.82866,33.39081],[129.82919,33.39049],[129.83018,33.39106],[129.83058,33.39068],[129.83041,33.38792],[129.83204,33.38669],[129.83384,33.38388],[129.83513,33.38337],[129.83537,33.3845],[129.83589,33.38454],[129.83598,33.38335],[129.83688,33.38171],[129.83671,33.38333],[129.83717,33.38347],[129.83764,33.3829],[129.83781,33.38089],[129.83705,33.381],[129.83751,33.37986],[129.83978,33.37915],[129.84019,33.37948],[129.8392,33.38214],[129.84044,33.38317],[129.83973,33.3836],[129.84019,33.38418],[129.83932,33.3848],[129.83932,33.38541],[129.84095,33.38427],[129.84143,33.38446],[129.83961,33.38655],[129.84019,33.38708],[129.84089,33.38698],[129.84129,33.3857],[129.84195,33.38584],[129.84205,33.38489],[129.84288,33.38518],[129.84329,33.38413],[129.84404,33.38522],[129.84224,33.38726],[129.84317,33.38769],[129.84416,33.38594],[129.84497,33.38584],[129.84631,33.3847],[129.84788,33.38545],[129.85086,33.3857],[129.85318,33.38489],[129.85487,33.38356],[129.85586,33.38465],[129.85563,33.38337],[129.85717,33.38293],[129.85681,33.38241],[129.85791,33.38189],[129.8599,33.37833],[129.85881,33.37582],[129.85772,33.37463],[129.85554,33.37441],[129.85653,33.37389],[129.85635,33.37337],[129.85408,33.37152],[129.85272,33.37167],[129.85254,33.37108],[129.85118,33.37137],[129.85148,33.37006],[129.84999,33.36935],[129.84904,33.37078],[129.8486,33.37078],[129.84869,33.36986],[129.84825,33.36935],[129.84886,33.36879],[129.8473,33.36935],[129.84782,33.36822],[129.84704,33.3673],[129.8473,33.36815],[129.84686,33.36943],[129.84477,33.3712],[129.84312,33.37014],[129.84224,33.37036],[129.84189,33.36978],[129.84189,33.37049],[129.84024,33.37085],[129.8405,33.3717],[129.83989,33.3712],[129.83954,33.37149],[129.83963,33.37063],[129.83894,33.37049],[129.83841,33.37113],[129.8368,33.3712],[129.836,33.3705],[129.83597,33.36914],[129.83789,33.36943],[129.83929,33.36895],[129.83943,33.36734],[129.83989,33.36716],[129.84147,33.36801],[129.8424,33.36645],[129.84224,33.36553],[129.84076,33.36524],[129.83685,33.36326],[129.83658,33.36254],[129.83536,33.36262],[129.83493,33.36318],[129.83439,33.36296],[129.83345,33.3641],[129.8304,33.36439],[129.83005,33.36389],[129.82806,33.36348],[129.82721,33.36244],[129.82455,33.36224],[129.82131,33.36362],[129.82105,33.36579],[129.81965,33.36581],[129.81933,33.36431],[129.81976,33.36296],[129.82255,33.36056],[129.82002,33.35566],[129.81882,33.35502],[129.81549,33.35168],[129.81436,33.34927],[129.81262,33.34835],[129.81123,33.34863]]],[[[129.7731,33.39284],[129.7747,33.39172],[129.77663,33.39259],[129.77832,33.392],[129.77946,33.39092],[129.77966,33.39003],[129.77775,33.39003],[129.77595,33.39099],[129.77364,33.39105],[129.77349,33.39165],[129.77246,33.39172],[129.77341,33.39217],[129.77242,33.3928],[129.7731,33.39284]]],[[[129.77203,33.39176],[129.77131,33.39144],[129.77119,33.39214],[129.77177,33.39226],[129.77203,33.39176]]],[[[129.77186,33.39369],[129.77212,33.39318],[129.77128,33.39359],[129.77186,33.39369]]],[[[129.77771,33.40133],[129.77748,33.40087],[129.77871,33.40074],[129.7788,33.39976],[129.77973,33.4001],[129.77969,33.39952],[129.78026,33.39924],[129.78268,33.39925],[129.78256,33.39831],[129.78301,33.39764],[129.78487,33.39761],[129.78518,33.39663],[129.78364,33.39605],[129.78323,33.39502],[129.78028,33.3931],[129.77808,33.39365],[129.77667,33.39611],[129.77706,33.3965],[129.77682,33.39691],[129.77628,33.39684],[129.77635,33.39636],[129.77622,33.39614],[129.77619,33.39719],[129.77493,33.39747],[129.77378,33.39917],[129.77405,33.40061],[129.77502,33.40147],[129.77551,33.40087],[129.7772,33.4017],[129.77771,33.40133]]],[[[129.67975,33.41051],[129.68007,33.41171],[129.68127,33.41269],[129.68486,33.4134],[129.68634,33.41648],[129.68552,33.41681],[129.68462,33.41845],[129.68298,33.41912],[129.682,33.41889],[129.6819,33.41937],[129.68268,33.41968],[129.68247,33.4226],[129.68589,33.42337],[129.68812,33.42269],[129.68793,33.42145],[129.6861,33.41909],[129.68604,33.41836],[129.68658,33.41721],[129.68961,33.41477],[129.6898,33.41334],[129.69077,33.41272],[129.6896,33.41302],[129.68868,33.4121],[129.68885,33.41186],[129.68886,33.41152],[129.68994,33.41106],[129.68992,33.41102],[129.68882,33.4113],[129.68879,33.41185],[129.68702,33.41154],[129.68727,33.41101],[129.68871,33.41097],[129.68952,33.41015],[129.68991,33.41049],[129.68939,33.40995],[129.68923,33.40806],[129.68809,33.40712],[129.6846,33.40582],[129.68349,33.40666],[129.6838,33.40691],[129.68262,33.40685],[129.68084,33.40419],[129.67902,33.40412],[129.67803,33.40466],[129.67841,33.40544],[129.68125,33.40574],[129.6825,33.40701],[129.6819,33.40898],[129.67975,33.41051]]],[[[129.70845,33.42436],[129.71133,33.42344],[129.71323,33.42093],[129.7129,33.42017],[129.7113,33.41959],[129.7105,33.42014],[129.71022,33.42224],[129.7083,33.42375],[129.70845,33.42436]]],[[[129.69508,33.43017],[129.69275,33.42886],[129.69088,33.42903],[129.69246,33.43017],[129.6938,33.43048],[129.69508,33.43017]]],[[[129.72602,33.41348],[129.72643,33.4134],[129.72641,33.41412],[129.72591,33.41481],[129.72573,33.41431],[129.72545,33.41464],[129.71889,33.41421],[129.71877,33.41883],[129.71943,33.41996],[129.72228,33.42104],[129.72393,33.42269],[129.73099,33.42341],[129.73166,33.42553],[129.73214,33.4256],[129.73203,33.42617],[129.73313,33.42658],[129.73365,33.42773],[129.73928,33.42873],[129.743,33.42827],[129.7443,33.42887],[129.74529,33.43015],[129.74466,33.43121],[129.74404,33.43121],[129.74376,33.43066],[129.743,33.43129],[129.74318,33.4322],[129.74466,33.43371],[129.74411,33.43492],[129.74039,33.43568],[129.7392,33.43768],[129.7408,33.43795],[129.74149,33.43926],[129.7443,33.44112],[129.74355,33.44234],[129.7443,33.44384],[129.74484,33.44384],[129.74577,33.44279],[129.74577,33.44173],[129.74799,33.44342],[129.74875,33.44307],[129.74973,33.44378],[129.75014,33.44593],[129.74927,33.45048],[129.7514,33.45007],[129.75232,33.44921],[129.75314,33.45008],[129.75249,33.45243],[129.75417,33.45306],[129.75455,33.45203],[129.75569,33.45231],[129.75539,33.45319],[129.75832,33.45411],[129.75868,33.45497],[129.75899,33.45464],[129.75975,33.45486],[129.75908,33.45623],[129.75835,33.45657],[129.75816,33.45584],[129.75606,33.45477],[129.75449,33.45481],[129.75403,33.45522],[129.75211,33.45496],[129.75296,33.45597],[129.75412,33.45589],[129.75398,33.45664],[129.75452,33.45695],[129.754,33.45847],[129.75122,33.45897],[129.75084,33.45963],[129.75111,33.46049],[129.75243,33.46149],[129.75588,33.46163],[129.75417,33.46275],[129.75223,33.46228],[129.75055,33.46375],[129.7511,33.46524],[129.75047,33.46735],[129.75198,33.46959],[129.75368,33.47045],[129.75665,33.47016],[129.7558,33.46822],[129.75806,33.46493],[129.75948,33.46452],[129.76112,33.46613],[129.76227,33.46606],[129.76419,33.46426],[129.7655,33.46427],[129.76593,33.46305],[129.76714,33.46274],[129.76814,33.46178],[129.76909,33.46128],[129.77106,33.46126],[129.77093,33.46007],[129.77028,33.45912],[129.76877,33.45837],[129.76785,33.45631],[129.76944,33.4562],[129.77006,33.45686],[129.77177,33.45568],[129.77275,33.45563],[129.77365,33.45486],[129.7735,33.45419],[129.7742,33.45275],[129.77377,33.45217],[129.77122,33.45225],[129.77011,33.45147],[129.769,33.44859],[129.76965,33.44707],[129.77061,33.44648],[129.77078,33.44547],[129.76916,33.44487],[129.76892,33.44333],[129.77266,33.44169],[129.77426,33.44191],[129.77458,33.44111],[129.77348,33.43948],[129.77367,33.43893],[129.7755,33.43836],[129.77678,33.43911],[129.77826,33.4387],[129.7778,33.43802],[129.77894,33.43598],[129.77884,33.43431],[129.78294,33.4344],[129.78372,33.43483],[129.78523,33.43344],[129.78578,33.43343],[129.78613,33.43417],[129.78679,33.4341],[129.78694,33.43157],[129.78615,33.43136],[129.78641,33.43118],[129.78721,33.43083],[129.78792,33.4311],[129.78792,33.43236],[129.78842,33.43266],[129.78912,33.43222],[129.78894,33.43297],[129.78937,33.43315],[129.79124,33.43242],[129.79317,33.43037],[129.79223,33.42975],[129.78898,33.42996],[129.78917,33.42933],[129.78877,33.42896],[129.78976,33.42923],[129.79002,33.42865],[129.79056,33.42871],[129.79025,33.4273],[129.78952,33.42702],[129.79024,33.42669],[129.79008,33.42595],[129.78946,33.42584],[129.79019,33.42486],[129.78683,33.42631],[129.78674,33.42723],[129.78552,33.42685],[129.7856,33.42721],[129.78422,33.42711],[129.78258,33.4278],[129.7812,33.42671],[129.78065,33.42731],[129.78036,33.42693],[129.77835,33.42756],[129.77571,33.42732],[129.77493,33.42773],[129.77475,33.42845],[129.77328,33.42836],[129.77165,33.42915],[129.76979,33.42896],[129.76878,33.42949],[129.76845,33.43062],[129.76772,33.43003],[129.76703,33.43068],[129.76495,33.43121],[129.7644,33.43193],[129.76474,33.43264],[129.76375,33.43358],[129.76324,33.43349],[129.76257,33.43276],[129.76122,33.43248],[129.76126,33.43192],[129.76038,33.43121],[129.76295,33.43108],[129.76402,33.42925],[129.76144,33.42516],[129.75887,33.42483],[129.75806,33.42565],[129.75803,33.42663],[129.75928,33.42716],[129.75792,33.42763],[129.75739,33.4286],[129.75671,33.4282],[129.75711,33.42742],[129.75635,33.42602],[129.75685,33.42548],[129.7565,33.42399],[129.75877,33.4227],[129.75922,33.42128],[129.75734,33.41996],[129.75725,33.41737],[129.75868,33.41667],[129.7581,33.41547],[129.7569,33.41521],[129.75655,33.41626],[129.75427,33.41686],[129.75369,33.41925],[129.75543,33.42028],[129.75186,33.42034],[129.75026,33.41979],[129.74773,33.42157],[129.74773,33.41837],[129.74964,33.41597],[129.75128,33.41574],[129.75051,33.41458],[129.75075,33.41319],[129.75011,33.41192],[129.75044,33.41131],[129.74846,33.41107],[129.74532,33.40825],[129.74472,33.40681],[129.74184,33.40751],[129.74129,33.40724],[129.74118,33.40803],[129.74041,33.4074],[129.7397,33.40794],[129.73902,33.40766],[129.73864,33.40844],[129.73864,33.40784],[129.73722,33.40781],[129.73722,33.40827],[129.73647,33.40794],[129.73554,33.40609],[129.73423,33.40561],[129.73122,33.40636],[129.73125,33.40719],[129.73046,33.40759],[129.73034,33.40879],[129.72963,33.40983],[129.72643,33.41017],[129.72591,33.41092],[129.72605,33.41175],[129.7257,33.41177],[129.72602,33.41348]]],[[[129.72226,33.46098],[129.7253,33.46056],[129.72832,33.45651],[129.72814,33.45575],[129.72695,33.455],[129.72699,33.45444],[129.72663,33.45497],[129.72675,33.45443],[129.72622,33.45411],[129.72748,33.45178],[129.72721,33.45061],[129.726,33.45191],[129.72184,33.45466],[129.71924,33.45447],[129.71528,33.45933],[129.71392,33.46],[129.71407,33.46111],[129.71496,33.46208],[129.71897,33.46374],[129.72001,33.46199],[129.72152,33.46134],[129.722,33.46193],[129.72226,33.46098]]],[[[129.85889,33.38157],[129.85973,33.38174],[129.86025,33.38115],[129.85918,33.38115],[129.85819,33.38205],[129.85894,33.38272],[129.86048,33.38253],[129.85889,33.38157]]],[[[129.85958,33.38299],[129.8584,33.38269],[129.85842,33.38317],[129.85952,33.38363],[129.85958,33.38299]]],[[[129.85723,33.38522],[129.85707,33.38379],[129.85651,33.38515],[129.85723,33.38522]]],[[[129.85483,33.38483],[129.85416,33.38496],[129.85483,33.38589],[129.85526,33.38567],[129.85483,33.38483]]],[[[129.85852,33.38759],[129.85879,33.38734],[129.85829,33.38594],[129.85897,33.3855],[129.85803,33.38424],[129.85777,33.38645],[129.85852,33.38759]]],[[[129.85111,33.38903],[129.85153,33.38903],[129.85158,33.38857],[129.85118,33.38855],[129.85111,33.38903]]],[[[129.85538,33.38837],[129.85589,33.3894],[129.85628,33.38969],[129.85587,33.38885],[129.85643,33.38856],[129.85621,33.38806],[129.85538,33.38837]]],[[[129.8589,33.38967],[129.85906,33.38837],[129.85881,33.38836],[129.8589,33.38967]]],[[[129.85328,33.38953],[129.85223,33.38896],[129.85186,33.38957],[129.8529,33.39102],[129.85336,33.39057],[129.85436,33.39076],[129.85422,33.39012],[129.85288,33.38991],[129.85328,33.38953]]],[[[129.84019,33.3914],[129.83962,33.39083],[129.84011,33.39045],[129.83934,33.38977],[129.8389,33.39012],[129.8396,33.39172],[129.84019,33.3914]]],[[[129.8504,33.39194],[129.8504,33.39262],[129.85066,33.39244],[129.8504,33.39194]]],[[[129.84883,33.39222],[129.84907,33.39268],[129.84902,33.39221],[129.84883,33.39222]]],[[[129.84096,33.39308],[129.84077,33.39219],[129.83996,33.39248],[129.84096,33.39308]]],[[[129.85749,33.39308],[129.85691,33.39277],[129.85708,33.39328],[129.85749,33.39308]]],[[[129.84378,33.39644],[129.84451,33.3958],[129.84334,33.39603],[129.84378,33.39644]]],[[[129.84553,33.39751],[129.84524,33.39794],[129.84548,33.39801],[129.84553,33.39751]]]]}},{"type":"Feature","properties":{"id":"muni-42209","name":"対馬市"},"geometry":{"type":"MultiPolygon","coordinates":[[[[129.2214,34.08692],[129.22116,34.08759],[129.22194,34.08754],[129.22201,34.08697],[129.2214,34.08692]]],[[[129.22062,34.0887],[129.22117,34.08829],[129.22071,34.08825],[129.22062,34.0887]]],[[[129.16665,34.09746],[129.16705,34.09734],[129.1673,34.09646],[129.1668,34.09666],[129.16665,34.09746]]],[[[129.16704,34.09865],[129.16694,34.09805],[129.16663,34.09792],[129.16639,34.09851],[129.16704,34.09865]]],[[[129.23987,34.09691],[129.23849,34.09888],[129.23984,34.10049],[129.24442,34.09944],[129.24399,34.09909],[129.24416,34.09814],[129.24241,34.09615],[129.23987,34.09691]]],[[[129.16687,34.09947],[129.16742,34.09963],[129.16713,34.09895],[129.16702,34.09894],[129.16687,34.09947]]],[[[129.21241,34.10367],[129.21163,34.10326],[129.21178,34.10383],[129.21241,34.10367]]],[[[129.28598,34.1444],[129.2869,34.14497],[129.28769,34.14429],[129.28761,34.14372],[129.28636,34.14369],[129.28598,34.1444]]],[[[129.17384,34.15308],[129.17393,34.15417],[129.17245,34.15486],[129.17236,34.15531],[129.17327,34.15705],[129.17477,34.15765],[129.17466,34.15858],[129.17361,34.15848],[129.17286,34.15938],[129.17363,34.16067],[129.17303,34.16111],[129.17385,34.16291],[129.17276,34.16481],[129.17272,34.16575],[129.17416,34.1679],[129.17697,34.16941],[129.17594,34.16854],[129.17652,34.16802],[129.17697,34.16824],[129.17692,34.16762],[129.17753,34.16796],[129.17787,34.16768],[129.17922,34.16893],[129.17906,34.16987],[129.1779,34.17016],[129.17787,34.17112],[129.1772,34.17119],[129.17799,34.17375],[129.17634,34.17472],[129.1763,34.1757],[129.17872,34.17994],[129.1795,34.18344],[129.17922,34.18441],[129.18173,34.18687],[129.18156,34.18783],[129.18058,34.18868],[129.17974,34.18831],[129.17826,34.18875],[129.17889,34.19005],[129.17814,34.19275],[129.17947,34.20749],[129.18075,34.211],[129.17985,34.21325],[129.17974,34.21949],[129.18104,34.22483],[129.1822,34.22746],[129.18858,34.23044],[129.18916,34.23142],[129.19042,34.2311],[129.19269,34.23169],[129.19196,34.2324],[129.19222,34.23294],[129.19298,34.23272],[129.19334,34.23355],[129.19241,34.23383],[129.19146,34.232],[129.18997,34.23177],[129.19165,34.23346],[129.19137,34.23622],[129.18966,34.23828],[129.18932,34.23967],[129.18711,34.24083],[129.18653,34.24331],[129.18516,34.24567],[129.18507,34.247],[129.18609,34.25134],[129.18772,34.25272],[129.19205,34.25918],[129.19286,34.26395],[129.19433,34.26742],[129.19697,34.2697],[129.19775,34.26808],[129.19781,34.26929],[129.19926,34.2701],[129.19926,34.27075],[129.19869,34.27146],[129.19732,34.27129],[129.20003,34.27345],[129.1997,34.27419],[129.19431,34.27383],[129.19395,34.27426],[129.19561,34.27873],[129.19804,34.28247],[129.19736,34.28415],[129.19544,34.28538],[129.19576,34.28652],[129.19518,34.28615],[129.19682,34.28817],[129.19637,34.2943],[129.19752,34.29891],[129.19897,34.30163],[129.19831,34.30371],[129.19839,34.30538],[129.19678,34.30651],[129.19701,34.30745],[129.1966,34.3087],[129.19718,34.30997],[129.19627,34.31208],[129.19701,34.31337],[129.20104,34.314],[129.20074,34.31488],[129.19863,34.31621],[129.19829,34.3183],[129.19936,34.31987],[129.20377,34.32332],[129.20403,34.32583],[129.20338,34.32732],[129.20443,34.32915],[129.20458,34.33107],[129.20576,34.33139],[129.20656,34.32967],[129.20742,34.3298],[129.20817,34.33093],[129.21149,34.32678],[129.21201,34.32682],[129.21265,34.32782],[129.21413,34.3266],[129.21522,34.32637],[129.21721,34.32676],[129.21781,34.32757],[129.21752,34.32815],[129.21903,34.32824],[129.21938,34.32841],[129.21906,34.3291],[129.22106,34.32967],[129.22117,34.33009],[129.2201,34.33111],[129.22188,34.33113],[129.22214,34.32983],[129.22358,34.32852],[129.22544,34.32874],[129.22574,34.32839],[129.22527,34.32685],[129.22783,34.32417],[129.2269,34.32021],[129.22904,34.31854],[129.22738,34.3173],[129.22731,34.31499],[129.22576,34.3144],[129.22518,34.31341],[129.22622,34.31299],[129.22506,34.31158],[129.22416,34.31168],[129.22295,34.30908],[129.22359,34.30786],[129.22428,34.30868],[129.22469,34.3077],[129.22681,34.30884],[129.22501,34.3052],[129.22437,34.30479],[129.2229,34.30527],[129.22266,34.30483],[129.22355,34.30164],[129.22245,34.29956],[129.22249,34.29778],[129.22295,34.29708],[129.22426,34.29723],[129.22565,34.29671],[129.22583,34.2958],[129.22454,34.29621],[129.22324,34.29567],[129.22208,34.29358],[129.22246,34.29281],[129.22242,34.29021],[129.224,34.29211],[129.22458,34.29437],[129.2266,34.29406],[129.22736,34.29448],[129.22771,34.29764],[129.23031,34.29692],[129.2307,34.29617],[129.23058,34.29478],[129.22924,34.29301],[129.23328,34.29204],[129.23296,34.29227],[129.23328,34.29324],[129.23435,34.29311],[129.2354,34.29365],[129.23458,34.2944],[129.23484,34.29661],[129.23615,34.29588],[129.23711,34.29606],[129.23581,34.2969],[129.2354,34.29784],[129.23572,34.29941],[129.23644,34.29965],[129.23781,34.29921],[129.23774,34.30041],[129.23841,34.30055],[129.24057,34.29835],[129.24178,34.2986],[129.24292,34.29744],[129.24451,34.29794],[129.24353,34.29928],[129.24605,34.29927],[129.24575,34.30021],[129.24642,34.30144],[129.248,34.30041],[129.24762,34.30111],[129.24833,34.30139],[129.24707,34.30262],[129.24881,34.30292],[129.24848,34.30393],[129.24912,34.30412],[129.2499,34.30532],[129.25092,34.30576],[129.25179,34.30508],[129.25424,34.30655],[129.25513,34.31095],[129.25617,34.31127],[129.25672,34.31095],[129.25643,34.30998],[129.25577,34.30974],[129.25649,34.30796],[129.2564,34.30639],[129.25794,34.30715],[129.25817,34.30786],[129.25929,34.30711],[129.26024,34.30803],[129.26094,34.30764],[129.26143,34.30642],[129.25989,34.30571],[129.2594,34.30472],[129.25887,34.30493],[129.25804,34.30446],[129.25521,34.30546],[129.25571,34.30439],[129.25788,34.30341],[129.25629,34.30212],[129.25331,34.30189],[129.2524,34.30356],[129.25208,34.3027],[129.25287,34.30152],[129.25188,34.30072],[129.2526,34.30003],[129.25113,34.29903],[129.25185,34.29871],[129.25344,34.29907],[129.25395,34.29976],[129.2558,34.29998],[129.25682,34.29944],[129.25745,34.30054],[129.25972,34.30039],[129.25916,34.29849],[129.25963,34.29794],[129.25969,34.29639],[129.25814,34.29669],[129.25899,34.29572],[129.25652,34.29211],[129.25777,34.29153],[129.25838,34.29178],[129.25824,34.2913],[129.25942,34.29074],[129.26158,34.29076],[129.26195,34.29038],[129.26279,34.29111],[129.26236,34.2925],[129.261,34.29396],[129.26201,34.29453],[129.26146,34.295],[129.26297,34.29755],[129.262,34.29948],[129.26253,34.29978],[129.26325,34.29889],[129.26413,34.29875],[129.26492,34.29915],[129.26361,34.30133],[129.26512,34.3029],[129.26671,34.30264],[129.26613,34.30486],[129.26811,34.30472],[129.26795,34.30566],[129.26987,34.30492],[129.26969,34.30566],[129.27161,34.3051],[129.27178,34.30566],[129.27268,34.30529],[129.2735,34.306],[129.27623,34.30532],[129.27997,34.30586],[129.2818,34.30486],[129.28233,34.3031],[129.2811,34.30047],[129.27931,34.29909],[129.27872,34.29716],[129.28041,34.29572],[129.28296,34.29595],[129.28484,34.29532],[129.28529,34.29466],[129.28452,34.29255],[129.28233,34.29283],[129.28363,34.29185],[129.28235,34.28995],[129.28279,34.28859],[129.28243,34.28784],[129.2832,34.28789],[129.28331,34.28729],[129.282,34.28456],[129.28293,34.2838],[129.28441,34.28407],[129.28543,34.28374],[129.28745,34.28236],[129.28873,34.28002],[129.29039,34.2794],[129.29098,34.27778],[129.2915,34.28153],[129.29007,34.2827],[129.28995,34.28349],[129.2886,34.28399],[129.28842,34.2849],[129.28596,34.28536],[129.28598,34.28637],[129.28645,34.28656],[129.28696,34.28612],[129.28676,34.28731],[129.28726,34.28775],[129.28635,34.2892],[129.28421,34.28994],[129.28711,34.29002],[129.28937,34.29172],[129.29057,34.29157],[129.29092,34.29064],[129.2905,34.29019],[129.29124,34.29013],[129.29185,34.28936],[129.29217,34.28949],[129.29137,34.29083],[129.29306,34.29054],[129.29359,34.29088],[129.29164,34.2915],[129.29199,34.29288],[129.29106,34.2921],[129.29025,34.29252],[129.28992,34.29421],[129.28851,34.29504],[129.28918,34.29592],[129.28656,34.29586],[129.28575,34.29673],[129.28633,34.29764],[129.28607,34.29806],[129.28397,34.29762],[129.28329,34.29819],[129.28375,34.29883],[129.28343,34.29997],[129.28433,34.30038],[129.28535,34.30222],[129.28426,34.30385],[129.28444,34.30451],[129.2858,34.30467],[129.28856,34.30386],[129.28973,34.30388],[129.28978,34.30428],[129.28807,34.30461],[129.28682,34.30582],[129.28571,34.30616],[129.28661,34.30727],[129.28564,34.30752],[129.28467,34.30869],[129.2838,34.3068],[129.28224,34.30556],[129.27988,34.30784],[129.27666,34.30925],[129.27657,34.30985],[129.27744,34.31125],[129.28039,34.31299],[129.28076,34.31333],[129.28046,34.31347],[129.27832,34.31346],[129.27618,34.31161],[129.27516,34.30985],[129.27329,34.31064],[129.273,34.31165],[129.27495,34.31216],[129.27364,34.31261],[129.2737,34.31401],[129.2728,34.31514],[129.27123,34.31521],[129.27063,34.31646],[129.27132,34.31719],[129.27222,34.31606],[129.27266,34.31673],[129.27355,34.31606],[129.27452,34.31705],[129.27435,34.31745],[129.2728,34.31755],[129.27266,34.31868],[129.27152,34.31872],[129.26969,34.31784],[129.26846,34.3191],[129.26773,34.31928],[129.26698,34.31857],[129.26604,34.31951],[129.2654,34.32128],[129.26576,34.32265],[129.26517,34.32439],[129.26659,34.32815],[129.2674,34.32405],[129.2668,34.3222],[129.26734,34.3214],[129.26904,34.32211],[129.27092,34.32144],[129.27027,34.32327],[129.27078,34.32376],[129.27387,34.3213],[129.27351,34.32228],[129.27385,34.32251],[129.27597,34.32091],[129.27579,34.32224],[129.27667,34.32166],[129.27771,34.32181],[129.27655,34.32267],[129.27649,34.32338],[129.27455,34.32369],[129.27686,34.32419],[129.27765,34.32575],[129.27695,34.32627],[129.27704,34.32684],[129.27818,34.32653],[129.2778,34.32353],[129.27861,34.32284],[129.28104,34.32271],[129.28189,34.32041],[129.28005,34.31761],[129.27898,34.31739],[129.27905,34.31659],[129.28029,34.31594],[129.28236,34.31529],[129.2818,34.31622],[129.28268,34.31686],[129.28317,34.3155],[129.28394,34.31672],[129.28381,34.3183],[129.28499,34.31844],[129.28519,34.32015],[129.28696,34.32051],[129.28828,34.32014],[129.28893,34.31915],[129.28851,34.31755],[129.28802,34.31689],[129.28723,34.31689],[129.2874,34.31588],[129.28547,34.31417],[129.28657,34.31358],[129.28703,34.31361],[129.28821,34.31547],[129.28967,34.31627],[129.29034,34.31745],[129.29161,34.31777],[129.29309,34.31732],[129.29384,34.31991],[129.29472,34.32013],[129.29469,34.31915],[129.2952,34.31859],[129.29404,34.31626],[129.2939,34.31495],[129.29283,34.31552],[129.29092,34.31406],[129.2928,34.31462],[129.29381,34.31408],[129.29336,34.31195],[129.29242,34.31089],[129.2928,34.30902],[129.29353,34.30926],[129.29346,34.31023],[129.29494,34.31102],[129.29896,34.30983],[129.29835,34.3091],[129.29818,34.30534],[129.29603,34.30532],[129.29785,34.3048],[129.29837,34.30405],[129.29794,34.30218],[129.29698,34.30119],[129.2971,34.30059],[129.299,34.30186],[129.29907,34.30302],[129.29985,34.30318],[129.3004,34.30254],[129.30129,34.30243],[129.30166,34.30292],[129.30088,34.30302],[129.30143,34.30364],[129.30009,34.30351],[129.29973,34.30388],[129.29992,34.30455],[129.30143,34.30478],[129.30192,34.30529],[129.29981,34.30519],[129.29986,34.3063],[129.30138,34.30873],[129.30136,34.30966],[129.303,34.3083],[129.30324,34.30619],[129.30374,34.30763],[129.30506,34.30713],[129.30517,34.3089],[129.30481,34.30894],[129.306,34.30995],[129.30656,34.30928],[129.30667,34.3081],[129.30863,34.30848],[129.31015,34.30815],[129.3087,34.30695],[129.3093,34.30647],[129.31024,34.30713],[129.3105,34.30633],[129.30971,34.30586],[129.30903,34.3058],[129.3088,34.30642],[129.30817,34.30657],[129.30451,34.30511],[129.30405,34.30458],[129.30417,34.30282],[129.3029,34.30142],[129.30208,34.30138],[129.30156,34.30078],[129.30139,34.30009],[129.30193,34.29934],[129.30095,34.29716],[129.29994,34.2966],[129.30153,34.29641],[129.30297,34.29709],[129.30543,34.29586],[129.30598,34.2943],[129.30428,34.29605],[129.30352,34.29626],[129.30325,34.29547],[129.30167,34.29521],[129.30203,34.2943],[129.30263,34.29487],[129.30461,34.29464],[129.30343,34.29453],[129.30285,34.29399],[129.30234,34.29131],[129.30029,34.28946],[129.29913,34.28658],[129.29903,34.28518],[129.29964,34.28444],[129.2997,34.2834],[129.29852,34.28219],[129.29883,34.28193],[129.30092,34.28275],[129.3004,34.28116],[129.30089,34.2809],[129.30261,34.2823],[129.30366,34.28077],[129.30392,34.27858],[129.30531,34.27694],[129.30658,34.27734],[129.30672,34.27814],[129.30501,34.27944],[129.30627,34.28025],[129.30726,34.27986],[129.30617,34.28072],[129.30473,34.28039],[129.30429,34.28297],[129.30514,34.28289],[129.30597,34.28158],[129.30661,34.28133],[129.30542,34.28322],[129.30623,34.28331],[129.30606,34.28374],[129.30838,34.28378],[129.30633,34.28422],[129.30606,34.28477],[129.3072,34.28498],[129.30586,34.28522],[129.30534,34.286],[129.30559,34.28661],[129.3065,34.28652],[129.30641,34.28747],[129.30821,34.28928],[129.30903,34.28878],[129.30807,34.28703],[129.30893,34.28769],[129.3092,34.28697],[129.31029,34.28847],[129.31077,34.28775],[129.30985,34.2843],[129.31087,34.28331],[129.31144,34.28169],[129.31265,34.28125],[129.31274,34.28033],[129.31393,34.27967],[129.31437,34.27861],[129.31404,34.27806],[129.31527,34.27841],[129.31779,34.27614],[129.3184,34.27625],[129.31749,34.27739],[129.31556,34.27853],[129.31448,34.28103],[129.3121,34.28258],[129.3118,34.28392],[129.31224,34.2843],[129.31379,34.2843],[129.31663,34.28466],[129.31472,34.28471],[129.31488,34.28607],[129.31906,34.28955],[129.31428,34.2871],[129.31407,34.2878],[129.31468,34.28919],[129.31697,34.28988],[129.31801,34.29107],[129.31387,34.28933],[129.31343,34.29058],[129.31448,34.2905],[129.31514,34.29092],[129.31411,34.29085],[129.31442,34.29194],[129.31707,34.29236],[129.31609,34.29264],[129.31653,34.29337],[129.31749,34.29353],[129.31865,34.29301],[129.31899,34.29387],[129.32087,34.29423],[129.31842,34.29454],[129.318,34.29508],[129.31825,34.29564],[129.31786,34.29576],[129.31727,34.29545],[129.31723,34.29474],[129.3163,34.29445],[129.3163,34.296],[129.31677,34.29642],[129.31649,34.29719],[129.31874,34.29658],[129.31895,34.29689],[129.31547,34.29806],[129.31492,34.29886],[129.31527,34.29905],[129.31694,34.29913],[129.31967,34.29794],[129.32052,34.29567],[129.3228,34.29408],[129.32311,34.29319],[129.32335,34.29395],[129.32543,34.29441],[129.32733,34.29611],[129.32898,34.29591],[129.32942,34.29541],[129.32915,34.29498],[129.33009,34.29552],[129.33094,34.29494],[129.33097,34.29539],[129.32983,34.29628],[129.3316,34.29711],[129.32925,34.29692],[129.3303,34.29849],[129.33081,34.298],[129.33119,34.29833],[129.33326,34.29783],[129.33348,34.29677],[129.33392,34.29692],[129.33387,34.29772],[129.33459,34.29806],[129.33497,34.29703],[129.33644,34.29578],[129.33566,34.29416],[129.33435,34.29476],[129.33467,34.29374],[129.33589,34.29372],[129.33613,34.29308],[129.33528,34.29222],[129.33313,34.29263],[129.33483,34.29211],[129.33456,34.29074],[129.33306,34.29136],[129.33177,34.29108],[129.33227,34.29036],[129.33296,34.29074],[129.33364,34.2905],[129.3345,34.28925],[129.33467,34.28989],[129.33654,34.29092],[129.33616,34.29125],[129.33699,34.29236],[129.33766,34.29206],[129.33732,34.2925],[129.3379,34.29342],[129.34077,34.29342],[129.33903,34.29414],[129.33944,34.29502],[129.34049,34.29547],[129.33984,34.29544],[129.33906,34.29621],[129.33928,34.29699],[129.33824,34.29666],[129.33787,34.29714],[129.33892,34.29966],[129.34087,34.29872],[129.34155,34.29705],[129.34434,34.29655],[129.345,34.29583],[129.34411,34.29506],[129.34315,34.29536],[129.34291,34.29494],[129.34346,34.29497],[129.34358,34.29439],[129.34567,34.29517],[129.34513,34.29344],[129.34439,34.29336],[129.34478,34.29283],[129.34304,34.29164],[129.34362,34.29127],[129.34571,34.29291],[129.34674,34.29286],[129.34605,34.29347],[129.34643,34.29611],[129.34751,34.29764],[129.3482,34.29747],[129.34867,34.29625],[129.34788,34.29488],[129.34884,34.29583],[129.34909,34.29555],[129.3479,34.29281],[129.3487,34.29228],[129.34915,34.29266],[129.34983,34.29122],[129.34888,34.29096],[129.35031,34.29092],[129.35061,34.28952],[129.34997,34.28817],[129.34843,34.28795],[129.34588,34.286],[129.34639,34.286],[129.34724,34.28494],[129.34718,34.28397],[129.34875,34.28394],[129.34881,34.28328],[129.35106,34.28145],[129.3522,34.27983],[129.35295,34.27751],[129.35225,34.27656],[129.34935,34.27652],[129.34853,34.2781],[129.34604,34.27823],[129.34394,34.27761],[129.34401,34.27726],[129.34134,34.27782],[129.33998,34.27693],[129.33889,34.27497],[129.3368,34.27335],[129.33634,34.27206],[129.33488,34.27153],[129.33402,34.27256],[129.33411,34.27442],[129.33321,34.27478],[129.33181,34.27425],[129.33098,34.27481],[129.33075,34.27586],[129.32925,34.27588],[129.32931,34.27534],[129.32892,34.27544],[129.32916,34.27437],[129.32855,34.27337],[129.32733,34.2733],[129.32696,34.27239],[129.32834,34.27129],[129.32821,34.2703],[129.32727,34.26965],[129.32754,34.26918],[129.32424,34.26765],[129.32481,34.26621],[129.32456,34.26558],[129.32593,34.26474],[129.32723,34.26295],[129.32701,34.26267],[129.32552,34.26161],[129.32486,34.26205],[129.32373,34.26182],[129.32258,34.26361],[129.32214,34.26364],[129.32247,34.26277],[129.32194,34.26218],[129.3226,34.26165],[129.32228,34.26104],[129.32171,34.26114],[129.3212,34.26236],[129.32052,34.26258],[129.32037,34.26221],[129.3204,34.26262],[129.31891,34.2631],[129.31838,34.26199],[129.31774,34.2624],[129.31719,34.26185],[129.31998,34.25905],[129.32005,34.25952],[129.32127,34.25917],[129.32286,34.2601],[129.32233,34.25907],[129.32478,34.25764],[129.32382,34.25718],[129.32432,34.2562],[129.32344,34.25544],[129.32193,34.25578],[129.32235,34.25511],[129.32212,34.25439],[129.31858,34.25448],[129.31826,34.25339],[129.31856,34.25299],[129.31813,34.25293],[129.31783,34.25165],[129.31644,34.25006],[129.31764,34.24581],[129.3168,34.245],[129.31658,34.24576],[129.31565,34.2451],[129.31621,34.2446],[129.3154,34.24359],[129.31536,34.24261],[129.31662,34.2424],[129.318,34.23917],[129.31925,34.23922],[129.32026,34.24019],[129.32078,34.23999],[129.32093,34.23748],[129.32183,34.23695],[129.32132,34.23678],[129.32199,34.23571],[129.32345,34.23493],[129.32247,34.23394],[129.32062,34.23488],[129.31955,34.2325],[129.31839,34.23273],[129.31807,34.2322],[129.31746,34.23234],[129.31823,34.23138],[129.31913,34.23182],[129.32349,34.23176],[129.32408,34.23091],[129.32305,34.2302],[129.32514,34.23039],[129.32571,34.22982],[129.32542,34.22911],[129.32473,34.22895],[129.3255,34.22725],[129.32609,34.2271],[129.32598,34.22619],[129.3236,34.2259],[129.3235,34.22548],[129.32191,34.2257],[129.32111,34.22501],[129.32039,34.22505],[129.31854,34.2271],[129.31783,34.22606],[129.31918,34.22504],[129.31879,34.22374],[129.31816,34.22342],[129.31695,34.22382],[129.31685,34.22324],[129.31509,34.22181],[129.3129,34.2216],[129.31247,34.22092],[129.31309,34.21939],[129.31274,34.21862],[129.31108,34.21792],[129.30954,34.21653],[129.3062,34.21584],[129.30495,34.21634],[129.30446,34.2178],[129.30441,34.22039],[129.30554,34.22038],[129.30471,34.22149],[129.30451,34.22117],[129.30272,34.22262],[129.30098,34.22141],[129.30065,34.22226],[129.30126,34.22302],[129.29993,34.22306],[129.29915,34.2222],[129.29874,34.22264],[129.29791,34.22197],[129.29717,34.22006],[129.2972,34.21839],[129.29642,34.21797],[129.29604,34.21709],[129.29602,34.21488],[129.2971,34.21387],[129.29932,34.21287],[129.30003,34.21156],[129.30119,34.21123],[129.30321,34.21165],[129.3044,34.21062],[129.30368,34.20948],[129.30197,34.20973],[129.30064,34.20778],[129.30156,34.2065],[129.30023,34.20587],[129.2999,34.20494],[129.30023,34.20361],[129.30084,34.2034],[129.30034,34.20323],[129.30081,34.20178],[129.29871,34.20226],[129.29836,34.20195],[129.29907,34.20145],[129.2989,34.2004],[129.29979,34.20023],[129.30014,34.19937],[129.29871,34.19892],[129.29805,34.19781],[129.29921,34.19551],[129.29915,34.19406],[129.29813,34.19367],[129.29689,34.19523],[129.29594,34.19536],[129.29507,34.19618],[129.29294,34.19593],[129.29039,34.19831],[129.29113,34.19893],[129.29049,34.20022],[129.28851,34.19979],[129.28892,34.19843],[129.28843,34.19824],[129.28982,34.19548],[129.28838,34.1951],[129.28533,34.18911],[129.28399,34.18884],[129.28442,34.18793],[129.2869,34.18733],[129.28689,34.18676],[129.28906,34.18986],[129.29196,34.19089],[129.29178,34.19011],[129.29341,34.1877],[129.29437,34.1874],[129.29457,34.18612],[129.2971,34.1865],[129.29764,34.18525],[129.29724,34.18287],[129.29611,34.18073],[129.29622,34.17934],[129.29515,34.17887],[129.29175,34.17937],[129.28879,34.17601],[129.28929,34.17528],[129.29257,34.17567],[129.29471,34.17537],[129.29608,34.17434],[129.29703,34.17273],[129.29465,34.17034],[129.29472,34.16987],[129.29611,34.1695],[129.29668,34.16851],[129.29599,34.16573],[129.29631,34.16343],[129.29543,34.1605],[129.29324,34.16166],[129.2903,34.16218],[129.28923,34.16407],[129.28836,34.16481],[129.28725,34.16469],[129.28627,34.16564],[129.28314,34.16465],[129.282,34.16369],[129.28172,34.16282],[129.28266,34.16204],[129.28333,34.16284],[129.28278,34.16199],[129.28388,34.16024],[129.28348,34.15904],[129.28458,34.15772],[129.28385,34.15694],[129.28211,34.15754],[129.28052,34.15545],[129.28104,34.15418],[129.28055,34.15385],[129.28089,34.15272],[129.28168,34.15209],[129.28134,34.15184],[129.2818,34.15117],[129.28162,34.15029],[129.28273,34.15004],[129.28433,34.14783],[129.28435,34.14554],[129.28513,34.14534],[129.28514,34.14469],[129.28342,34.14453],[129.28269,34.14509],[129.28089,34.14524],[129.27939,34.14427],[129.27666,34.14629],[129.2758,34.14552],[129.27632,34.14619],[129.27529,34.14688],[129.27478,34.14636],[129.2741,34.14643],[129.27478,34.14606],[129.27381,34.14468],[129.27581,34.14333],[129.27916,34.13819],[129.27933,34.13714],[129.27879,34.13689],[129.27979,34.13598],[129.27885,34.13449],[129.28078,34.13409],[129.28246,34.13217],[129.28253,34.13078],[129.28206,34.13039],[129.27933,34.13069],[129.2787,34.1312],[129.27838,34.13259],[129.27672,34.13318],[129.27574,34.13288],[129.27541,34.13184],[129.27574,34.13157],[129.27492,34.13037],[129.27512,34.1295],[129.27646,34.12888],[129.27555,34.12791],[129.27373,34.12742],[129.27188,34.12791],[129.27047,34.12685],[129.26964,34.12736],[129.26866,34.12673],[129.26427,34.12605],[129.26104,34.12805],[129.26049,34.12757],[129.25975,34.12812],[129.25888,34.12777],[129.25937,34.12837],[129.25877,34.12874],[129.25689,34.12789],[129.25666,34.12714],[129.25444,34.1264],[129.25406,34.12523],[129.25814,34.12386],[129.25905,34.12333],[129.25899,34.1224],[129.26154,34.12291],[129.26249,34.12208],[129.2627,34.1193],[129.26213,34.1187],[129.26256,34.11789],[129.26195,34.11745],[129.26246,34.11667],[129.26078,34.11511],[129.26114,34.11441],[129.26049,34.11339],[129.25992,34.1136],[129.2591,34.11315],[129.25683,34.11074],[129.25518,34.11043],[129.25467,34.10963],[129.25237,34.11043],[129.24975,34.11277],[129.24837,34.11277],[129.2468,34.11207],[129.24547,34.11088],[129.2457,34.11018],[129.24517,34.10971],[129.24509,34.10873],[129.24605,34.10754],[129.24517,34.10701],[129.24581,34.10574],[129.24335,34.10449],[129.2407,34.10449],[129.24032,34.10398],[129.241,34.1029],[129.24094,34.1021],[129.23995,34.10162],[129.23827,34.10202],[129.23736,34.10305],[129.23756,34.10393],[129.23855,34.10446],[129.23862,34.10521],[129.23684,34.10663],[129.23551,34.1131],[129.23363,34.11404],[129.23145,34.11341],[129.23159,34.11285],[129.23057,34.11263],[129.23066,34.11151],[129.23188,34.11151],[129.2304,34.11134],[129.23035,34.111],[129.23142,34.10849],[129.23029,34.1081],[129.22968,34.10719],[129.23006,34.1059],[129.23142,34.10446],[129.23131,34.10396],[129.23009,34.10366],[129.22959,34.10282],[129.23061,34.10065],[129.22933,34.09737],[129.23002,34.09494],[129.22787,34.09439],[129.22646,34.09475],[129.2252,34.09663],[129.22326,34.09749],[129.22114,34.09715],[129.21915,34.09598],[129.21864,34.0952],[129.21896,34.09157],[129.22024,34.0894],[129.22039,34.0881],[129.21816,34.08742],[129.21627,34.08585],[129.21583,34.086],[129.21475,34.0839],[129.21385,34.08381],[129.21269,34.08491],[129.21294,34.08833],[129.21462,34.09199],[129.21717,34.09527],[129.21693,34.09614],[129.2174,34.09801],[129.217,34.09903],[129.21757,34.10019],[129.21676,34.10161],[129.21581,34.10132],[129.21398,34.10249],[129.21351,34.1033],[129.21406,34.10408],[129.21366,34.10462],[129.21279,34.10437],[129.21171,34.10482],[129.21258,34.10667],[129.21536,34.10985],[129.21603,34.11159],[129.21452,34.11289],[129.21247,34.11315],[129.21134,34.11217],[129.21174,34.11182],[129.21136,34.11157],[129.21146,34.11031],[129.21041,34.11021],[129.21017,34.10944],[129.21067,34.10835],[129.21179,34.10816],[129.21069,34.10814],[129.20928,34.10636],[129.20838,34.10701],[129.20803,34.10815],[129.20766,34.10793],[129.20757,34.10553],[129.20693,34.10592],[129.20683,34.10748],[129.20559,34.10735],[129.20466,34.10551],[129.20474,34.10452],[129.20426,34.10477],[129.2037,34.10331],[129.20304,34.10321],[129.20251,34.10364],[129.20287,34.10434],[129.20187,34.10455],[129.2019,34.10547],[129.19808,34.10523],[129.19688,34.10574],[129.19691,34.10722],[129.19628,34.10807],[129.19651,34.10967],[129.19778,34.11069],[129.1974,34.11206],[129.19412,34.11357],[129.19291,34.11368],[129.19187,34.11506],[129.18609,34.11596],[129.18734,34.11604],[129.18739,34.11795],[129.18525,34.11886],[129.18495,34.11821],[129.184,34.11856],[129.18292,34.11817],[129.18253,34.11746],[129.18269,34.11655],[129.18496,34.1161],[129.18284,34.11637],[129.18209,34.11402],[129.18029,34.11298],[129.17875,34.11335],[129.17695,34.11305],[129.17413,34.10966],[129.17361,34.10596],[129.17019,34.10378],[129.16952,34.1024],[129.16809,34.10149],[129.16749,34.10164],[129.16757,34.10281],[129.1669,34.10298],[129.16664,34.1038],[129.16696,34.10556],[129.16822,34.10577],[129.16848,34.10667],[129.16945,34.10696],[129.16836,34.10887],[129.1694,34.11052],[129.17074,34.1112],[129.17035,34.11221],[129.17096,34.11464],[129.17059,34.11581],[129.1717,34.11719],[129.17138,34.11827],[129.17027,34.11882],[129.17118,34.12235],[129.17071,34.12475],[129.16789,34.12977],[129.16876,34.13188],[129.16804,34.13539],[129.16803,34.13706],[129.16851,34.13783],[129.16766,34.13983],[129.1676,34.14196],[129.16821,34.14405],[129.16925,34.14484],[129.16897,34.14584],[129.16966,34.14689],[129.17083,34.14712],[129.17346,34.14876],[129.17604,34.14851],[129.17623,34.14926],[129.1741,34.14988],[129.17564,34.15008],[129.17291,34.15176],[129.17289,34.15238],[129.17384,34.15308]]],[[[129.30345,34.28457],[129.30239,34.28616],[129.30324,34.287],[129.30552,34.28386],[129.30345,34.28457]]],[[[129.31346,34.29897],[129.31474,34.29665],[129.31465,34.29423],[129.31424,34.29366],[129.31526,34.29268],[129.31489,34.29238],[129.31309,34.29338],[129.31317,34.29486],[129.31216,34.29571],[129.31228,34.29755],[129.31114,34.30013],[129.31294,34.29984],[129.3128,34.29925],[129.31346,34.29897]]],[[[129.31045,34.29781],[129.31128,34.29771],[129.31184,34.29695],[129.31028,34.29743],[129.31045,34.29781]]],[[[129.23087,34.30051],[129.23276,34.30117],[129.23371,34.29985],[129.23334,34.29724],[129.23238,34.29799],[129.22986,34.29856],[129.23099,34.29942],[129.23087,34.30051]]],[[[129.26207,34.30799],[129.26192,34.3089],[129.26274,34.30844],[129.26343,34.30871],[129.26367,34.3082],[129.26302,34.3071],[129.26207,34.30799]]],[[[129.2987,34.31569],[129.29901,34.31637],[129.29989,34.31621],[129.30084,34.31732],[129.30223,34.31755],[129.30051,34.31345],[129.29916,34.31432],[129.2987,34.31569]]],[[[129.31141,34.31896],[129.31091,34.31873],[129.31084,34.31886],[129.31141,34.31896]]],[[[129.30596,34.34042],[129.30616,34.33994],[129.30566,34.34019],[129.30596,34.34042]]],[[[129.28077,34.34361],[129.28121,34.34351],[129.28079,34.34339],[129.28077,34.34361]]],[[[129.26447,34.35268],[129.26489,34.35226],[129.26488,34.35191],[129.26377,34.35236],[129.26447,34.35268]]],[[[129.22573,34.35593],[129.22552,34.35645],[129.22627,34.35657],[129.22631,34.35619],[129.22573,34.35593]]],[[[129.28977,34.3588],[129.2894,34.35974],[129.29054,34.3592],[129.28977,34.3588]]],[[[129.28557,34.36224],[129.28737,34.36302],[129.28774,34.36106],[129.28678,34.36119],[129.28557,34.36224]]],[[[129.2964,34.36375],[129.29757,34.36765],[129.29812,34.36833],[129.29805,34.36707],[129.29896,34.36533],[129.29819,34.36526],[129.29803,34.36427],[129.2964,34.36375]]],[[[129.26963,34.38408],[129.26955,34.38464],[129.27005,34.38499],[129.27018,34.38422],[129.26963,34.38408]]],[[[129.26705,34.41581],[129.26709,34.41639],[129.26774,34.41647],[129.26778,34.41578],[129.26705,34.41581]]],[[[129.26889,34.41708],[129.26862,34.41667],[129.26817,34.41669],[129.26854,34.41746],[129.26889,34.41708]]],[[[129.26847,34.41971],[129.27,34.42047],[129.27035,34.42009],[129.26913,34.41784],[129.26753,34.418],[129.26761,34.41878],[129.26439,34.42356],[129.26494,34.42507],[129.26578,34.42456],[129.26569,34.4231],[129.26652,34.42192],[129.26901,34.42172],[129.26804,34.42029],[129.26847,34.41971]]],[[[129.27043,34.42506],[129.2699,34.42476],[129.26985,34.42501],[129.27043,34.42506]]],[[[129.26752,34.43041],[129.26691,34.42943],[129.26671,34.42758],[129.26427,34.42647],[129.26497,34.42747],[129.26479,34.42874],[129.26558,34.42906],[129.26607,34.43063],[129.26701,34.43106],[129.26752,34.43041]]],[[[129.2734,34.44144],[129.27403,34.44166],[129.27417,34.44153],[129.27389,34.4413],[129.2734,34.44144]]],[[[129.28535,34.44508],[129.2861,34.44505],[129.2862,34.44422],[129.28489,34.44427],[129.28535,34.44508]]],[[[129.30649,34.52825],[129.30721,34.5279],[129.30681,34.5272],[129.3062,34.52788],[129.30649,34.52825]]],[[[129.32066,34.24526],[129.32191,34.24651],[129.32246,34.24581],[129.32246,34.24458],[129.32167,34.24399],[129.32066,34.24526]]],[[[129.32263,34.25002],[129.32467,34.25093],[129.32446,34.24827],[129.32401,34.2482],[129.32263,34.25002]]],[[[129.32276,34.25147],[129.32169,34.25206],[129.32298,34.25165],[129.32276,34.25147]]],[[[129.32268,34.25203],[129.32226,34.25237],[129.32284,34.2523],[129.32268,34.25203]]],[[[129.35031,34.28748],[129.34975,34.28734],[129.34928,34.28773],[129.35004,34.28777],[129.35031,34.28748]]],[[[129.33794,34.29458],[129.3372,34.29385],[129.3359,34.29382],[129.33636,34.29475],[129.33736,34.29514],[129.33794,34.29458]]],[[[129.31684,34.3001],[129.31685,34.2994],[129.31625,34.29937],[129.31559,34.30025],[129.31604,34.30059],[129.31684,34.3001]]],[[[129.34329,34.30231],[129.34165,34.30243],[129.3416,34.30289],[129.34329,34.30231]]],[[[129.32739,34.30328],[129.32658,34.30364],[129.32711,34.30289],[129.3264,34.30267],[129.32685,34.30186],[129.3264,34.30136],[129.3246,34.30241],[129.32512,34.30089],[129.32406,34.30075],[129.32266,34.29936],[129.32191,34.29986],[129.32277,34.30161],[129.32125,34.3005],[129.32075,34.30108],[129.32096,34.30167],[129.32017,34.30213],[129.32168,34.30258],[129.32293,34.30394],[129.32617,34.30486],[129.32777,34.30647],[129.32884,34.30634],[129.3293,34.30599],[129.32898,34.30536],[129.33,34.30469],[129.32916,34.30414],[129.32925,34.30295],[129.32812,34.30325],[129.32775,34.30453],[129.32739,34.30328]]],[[[129.33137,34.31727],[129.3311,34.31689],[129.3308,34.31686],[129.3309,34.31727],[129.33137,34.31727]]],[[[129.33216,34.31858],[129.33215,34.31964],[129.33314,34.31938],[129.33284,34.31874],[129.33216,34.31858]]],[[[129.302,34.33203],[129.30455,34.33048],[129.30656,34.33096],[129.30758,34.3297],[129.3081,34.33053],[129.30894,34.33078],[129.31051,34.33045],[129.31131,34.32847],[129.31247,34.32705],[129.31262,34.326],[129.31407,34.3266],[129.31599,34.32602],[129.31733,34.3262],[129.31807,34.32573],[129.3182,34.32638],[129.31878,34.32587],[129.31918,34.32657],[129.32031,34.32573],[129.32069,34.32606],[129.32017,34.32674],[129.32154,34.32734],[129.32142,34.32768],[129.31895,34.32731],[129.31843,34.32812],[129.31656,34.32791],[129.31637,34.32847],[129.31694,34.32887],[129.31881,34.32836],[129.31921,34.32874],[129.32031,34.32863],[129.32037,34.32921],[129.32109,34.32956],[129.3208,34.33003],[129.31915,34.32972],[129.31869,34.33134],[129.3206,34.33238],[129.32333,34.33183],[129.32305,34.33274],[129.32177,34.33256],[129.3211,34.33312],[129.32145,34.3343],[129.32278,34.33508],[129.32469,34.33481],[129.32505,34.33546],[129.32688,34.33622],[129.32827,34.3336],[129.328,34.33323],[129.3246,34.33396],[129.32547,34.33233],[129.32582,34.33267],[129.32682,34.33222],[129.32701,34.33075],[129.32827,34.33115],[129.32882,34.32996],[129.32878,34.32933],[129.32742,34.32901],[129.32701,34.32811],[129.32983,34.32881],[129.33154,34.32711],[129.33128,34.32687],[129.33,34.32758],[129.33024,34.32652],[129.32829,34.32624],[129.32791,34.3247],[129.32676,34.32451],[129.32559,34.32497],[129.32441,34.32456],[129.32487,34.32412],[129.32724,34.32412],[129.32751,34.32389],[129.32678,34.32249],[129.32858,34.32132],[129.32824,34.32206],[129.32882,34.32251],[129.32804,34.3226],[129.32862,34.32326],[129.32806,34.32375],[129.32937,34.32382],[129.3291,34.32297],[129.32951,34.32167],[129.32864,34.32037],[129.32855,34.31764],[129.32887,34.31642],[129.3301,34.3149],[129.33287,34.31323],[129.33336,34.31367],[129.3329,34.31445],[129.33388,34.31457],[129.33436,34.31547],[129.33214,34.31493],[129.3319,34.31529],[129.33259,34.31564],[129.33158,34.31572],[129.33158,34.3163],[129.33291,34.31626],[129.33342,34.31693],[129.33601,34.31593],[129.33505,34.31486],[129.33519,34.31337],[129.33427,34.31267],[129.33488,34.3116],[129.33432,34.3113],[129.33491,34.311],[129.33387,34.31029],[129.33454,34.30962],[129.3334,34.30864],[129.3339,34.30856],[129.33364,34.30789],[129.33416,34.30783],[129.33441,34.30707],[129.33369,34.30559],[129.33398,34.30443],[129.33233,34.30474],[129.33236,34.30562],[129.33308,34.30624],[129.33233,34.30603],[129.33125,34.30655],[129.32992,34.3061],[129.32939,34.30651],[129.33058,34.30735],[129.33165,34.30726],[129.33125,34.30843],[129.33221,34.30869],[129.33197,34.31016],[129.33245,34.31039],[129.33197,34.31135],[129.33122,34.311],[129.33151,34.31012],[129.33114,34.30979],[129.32984,34.31105],[129.33024,34.30928],[129.32992,34.30889],[129.3293,34.30906],[129.32919,34.3101],[129.32858,34.31035],[129.32818,34.30783],[129.32737,34.30772],[129.32696,34.30682],[129.32496,34.30556],[129.32083,34.30582],[129.32101,34.30674],[129.32391,34.30704],[129.32405,34.30778],[129.32524,34.3073],[129.32618,34.30838],[129.32737,34.30841],[129.3276,34.3096],[129.32646,34.309],[129.32618,34.30927],[129.32641,34.31004],[129.32746,34.31026],[129.32678,34.31041],[129.3271,34.31145],[129.32818,34.31112],[129.32914,34.31156],[129.32905,34.31189],[129.32746,34.31175],[129.32728,34.31215],[129.3296,34.31274],[129.32978,34.31312],[129.32714,34.31297],[129.32623,34.31145],[129.32533,34.312],[129.32568,34.31105],[129.32492,34.30919],[129.3231,34.30882],[129.32372,34.31043],[129.32255,34.30974],[129.32145,34.30771],[129.32028,34.30786],[129.32159,34.30922],[129.3215,34.31003],[129.32013,34.31193],[129.32025,34.31264],[129.32315,34.31344],[129.3227,34.314],[129.3238,34.31504],[129.32579,34.31407],[129.32582,34.31464],[129.32672,34.31458],[129.32435,34.31554],[129.32498,34.31634],[129.32566,34.31632],[129.3254,34.31673],[129.32603,34.3174],[129.32698,34.31738],[129.32587,34.31872],[129.32577,34.3177],[129.32191,34.31394],[129.32096,34.31376],[129.3202,34.31428],[129.31897,34.31379],[129.31778,34.31253],[129.31714,34.31277],[129.31654,34.31407],[129.31672,34.31568],[129.31753,34.31581],[129.31752,34.31645],[129.31834,34.31677],[129.31825,34.31742],[129.31916,34.31813],[129.32186,34.31891],[129.3219,34.31927],[129.31791,34.31824],[129.31659,34.31742],[129.31587,34.31807],[129.31651,34.31933],[129.31619,34.3195],[129.31277,34.31574],[129.31265,34.3166],[129.31318,34.31819],[129.31408,34.31913],[129.31411,34.32047],[129.31482,34.32071],[129.31239,34.32128],[129.31378,34.32193],[129.31297,34.32279],[129.31407,34.32321],[129.31535,34.32184],[129.31585,34.32218],[129.31483,34.32325],[129.31511,34.32355],[129.31881,34.32302],[129.31829,34.32343],[129.31848,34.32381],[129.31544,34.32414],[129.31624,34.32473],[129.31602,34.32497],[129.31437,34.32428],[129.31425,34.32523],[129.31215,34.32478],[129.31093,34.32622],[129.31051,34.32542],[129.31086,34.32511],[129.31086,34.32308],[129.30964,34.32179],[129.30974,34.32119],[129.30752,34.31996],[129.30682,34.32012],[129.30855,34.32319],[129.30787,34.32566],[129.30713,34.32269],[129.30633,34.32205],[129.30484,34.32199],[129.30398,34.3211],[129.30296,34.32199],[129.30142,34.32197],[129.30108,34.32261],[129.30258,34.32353],[129.30183,34.32407],[129.3036,34.32457],[129.30255,34.32494],[129.30412,34.32775],[129.30272,34.32622],[129.30142,34.32646],[129.30133,34.32788],[129.29979,34.3286],[129.3017,34.32874],[129.30214,34.32993],[129.3015,34.33016],[129.30061,34.32927],[129.30067,34.3306],[129.30023,34.33077],[129.29965,34.32974],[129.29832,34.33002],[129.29826,34.32879],[129.29509,34.32252],[129.2944,34.32282],[129.2926,34.3225],[129.29073,34.32355],[129.29059,34.32457],[129.29213,34.32494],[129.2915,34.3263],[129.29253,34.32889],[129.29373,34.32932],[129.29407,34.33144],[129.29506,34.33163],[129.29605,34.33404],[129.29777,34.33478],[129.29719,34.3371],[129.30154,34.3362],[129.30168,34.33573],[129.29983,34.33322],[129.30174,34.3336],[129.302,34.33203]]],[[[129.34785,34.32422],[129.34771,34.32361],[129.34731,34.3234],[129.34732,34.3239],[129.34785,34.32422]]],[[[129.34195,34.32878],[129.34409,34.32798],[129.34349,34.32766],[129.34157,34.32817],[129.34195,34.32878]]],[[[129.31784,34.33068],[129.31785,34.33014],[129.31726,34.33055],[129.31784,34.33068]]],[[[129.31534,34.33022],[129.31621,34.33049],[129.31614,34.33016],[129.31534,34.33022]]],[[[129.34171,34.33115],[129.34246,34.33098],[129.34264,34.33033],[129.34193,34.33034],[129.34171,34.33115]]],[[[129.33654,34.33156],[129.33545,34.32991],[129.33396,34.32989],[129.33394,34.33046],[129.33555,34.33168],[129.33627,34.33194],[129.33654,34.33156]]],[[[129.32876,34.33171],[129.32771,34.33163],[129.32741,34.33179],[129.3284,34.33213],[129.32876,34.33171]]],[[[129.33026,34.33452],[129.33069,34.33483],[129.33076,34.33447],[129.33026,34.33452]]],[[[129.33985,34.33849],[129.34146,34.33507],[129.34079,34.33515],[129.33965,34.33652],[129.33985,34.33849]]],[[[129.34262,34.3414],[129.34247,34.34194],[129.34325,34.34253],[129.34417,34.34188],[129.34394,34.34123],[129.34262,34.3414]]],[[[129.3345,34.34418],[129.33532,34.34111],[129.33378,34.33987],[129.33319,34.34065],[129.33355,34.34215],[129.33282,34.34357],[129.3345,34.34418]]],[[[129.33183,34.34087],[129.33227,34.33974],[129.33203,34.33921],[129.33009,34.34231],[129.32983,34.34398],[129.33021,34.34491],[129.33207,34.34265],[129.33183,34.34087]]],[[[129.33409,34.34682],[129.33486,34.3481],[129.3355,34.34823],[129.33636,34.34634],[129.33596,34.34589],[129.33477,34.34586],[129.33409,34.34682]]],[[[129.34478,34.34718],[129.34382,34.34748],[129.34429,34.34872],[129.34246,34.3485],[129.34255,34.34515],[129.34175,34.34517],[129.34075,34.34628],[129.34025,34.348],[129.34207,34.34976],[129.34393,34.35018],[129.34496,34.34974],[129.34499,34.35063],[129.34841,34.35104],[129.34803,34.34976],[129.3475,34.34976],[129.3473,34.35028],[129.34652,34.34946],[129.34678,34.34811],[129.3458,34.34763],[129.3453,34.34808],[129.34478,34.34718]]],[[[129.32351,34.34751],[129.32287,34.34786],[129.32261,34.34911],[129.32355,34.34877],[129.32351,34.34751]]],[[[129.34001,34.35128],[129.33843,34.3517],[129.33964,34.35316],[129.33955,34.35443],[129.34461,34.35483],[129.34335,34.35361],[129.34182,34.35319],[129.34168,34.35251],[129.34123,34.35296],[129.34055,34.35248],[129.34001,34.35128]]],[[[129.33792,34.35479],[129.33786,34.35356],[129.33711,34.3537],[129.33725,34.35512],[129.33792,34.35479]]],[[[129.33422,34.35933],[129.33361,34.35556],[129.33253,34.3552],[129.33291,34.35976],[129.33406,34.36156],[129.33422,34.35933]]],[[[129.34056,34.36328],[129.34122,34.36281],[129.34094,34.36258],[129.34056,34.36328]]],[[[129.33925,34.53557],[129.33935,34.53597],[129.34041,34.53536],[129.34001,34.53532],[129.33925,34.53557]]],[[[129.36605,34.27576],[129.36342,34.27404],[129.36192,34.27449],[129.36157,34.27271],[129.36002,34.27146],[129.35995,34.27019],[129.35958,34.2704],[129.35872,34.27254],[129.35807,34.27202],[129.35772,34.27225],[129.35498,34.27659],[129.35504,34.27738],[129.35323,34.27778],[129.35296,34.27927],[129.35118,34.28269],[129.34945,34.28446],[129.34765,34.28544],[129.34771,34.28672],[129.34887,34.287],[129.35118,34.28594],[129.35179,34.28727],[129.35243,34.28592],[129.35254,34.28696],[129.35405,34.28622],[129.35512,34.28659],[129.35457,34.28748],[129.35292,34.28784],[129.35276,34.28869],[129.35341,34.28854],[129.35339,34.28894],[129.35233,34.28925],[129.35233,34.28979],[129.35388,34.28942],[129.35367,34.28989],[129.35448,34.29011],[129.35227,34.29023],[129.35177,34.29082],[129.352,34.2913],[129.35314,34.29141],[129.35191,34.29153],[129.35078,34.29282],[129.35159,34.29446],[129.35368,34.29327],[129.35423,34.29386],[129.35482,34.29342],[129.35487,34.29397],[129.35346,34.29434],[129.35333,34.29475],[129.35446,34.29552],[129.35645,34.29812],[129.3576,34.29749],[129.35864,34.29519],[129.36045,34.29371],[129.35877,34.29649],[129.35873,34.29796],[129.35795,34.29843],[129.35807,34.29884],[129.35946,34.29899],[129.36013,34.29856],[129.36027,34.29915],[129.3617,34.29972],[129.36266,34.29833],[129.3626,34.29755],[129.36294,34.29814],[129.36357,34.29817],[129.36405,34.29719],[129.36514,34.29764],[129.36282,34.29889],[129.36295,34.29956],[129.36454,34.29949],[129.36419,34.30004],[129.36518,34.30067],[129.3661,34.29997],[129.36695,34.30045],[129.36746,34.29923],[129.3681,34.2996],[129.36732,34.30116],[129.36846,34.30097],[129.36828,34.30197],[129.36936,34.30279],[129.37019,34.30227],[129.37074,34.2996],[129.3715,34.29949],[129.37132,34.29879],[129.37028,34.29841],[129.37113,34.29793],[129.3709,34.29678],[129.37145,34.29634],[129.37187,34.29823],[129.37274,34.29787],[129.37335,34.29616],[129.3729,34.29481],[129.37437,34.29415],[129.37683,34.2917],[129.37725,34.29199],[129.37481,34.29499],[129.37532,34.2954],[129.3767,34.29518],[129.37573,34.29558],[129.37492,34.29686],[129.37531,34.2971],[129.37653,34.29641],[129.37772,34.29638],[129.37634,34.29674],[129.37644,34.29724],[129.3773,34.29755],[129.37537,34.29775],[129.37443,34.29902],[129.37608,34.29932],[129.37429,34.29952],[129.37388,34.30018],[129.37425,34.30064],[129.37344,34.30044],[129.37289,34.30085],[129.37289,34.30135],[129.37371,34.30118],[129.3746,34.30166],[129.37345,34.3023],[129.37394,34.30332],[129.37452,34.30354],[129.37768,34.3022],[129.37696,34.30299],[129.37705,34.30368],[129.37804,34.30358],[129.3791,34.30275],[129.37963,34.30365],[129.38036,34.30371],[129.38175,34.30228],[129.38189,34.30022],[129.38267,34.2995],[129.38288,34.30057],[129.38239,34.30254],[129.38284,34.30278],[129.38274,34.30397],[129.38724,34.30369],[129.3879,34.30275],[129.38851,34.30013],[129.38929,34.3001],[129.39001,34.30103],[129.39107,34.30118],[129.39384,34.29958],[129.39307,34.29652],[129.39109,34.29555],[129.38879,34.29346],[129.38523,34.28852],[129.38427,34.28642],[129.38291,34.28583],[129.38192,34.28602],[129.38049,34.28423],[129.37952,34.28431],[129.37739,34.28275],[129.37604,34.28263],[129.37389,34.28059],[129.37379,34.27988],[129.37463,34.2791],[129.37399,34.27841],[129.37316,34.27806],[129.37137,34.27909],[129.36952,34.2789],[129.36907,34.27824],[129.3682,34.27836],[129.36605,34.27576]]],[[[129.39527,34.31723],[129.39623,34.3166],[129.39695,34.31734],[129.40122,34.3173],[129.40369,34.31557],[129.40532,34.31538],[129.409,34.31663],[129.40928,34.31767],[129.41118,34.31934],[129.41236,34.31934],[129.41369,34.31797],[129.41295,34.31579],[129.40986,34.31416],[129.40832,34.31412],[129.40737,34.31511],[129.40687,34.3143],[129.40491,34.31356],[129.39995,34.31345],[129.39927,34.31223],[129.39545,34.31141],[129.39382,34.3129],[129.39182,34.31723],[129.38973,34.31956],[129.3876,34.32096],[129.39104,34.32175],[129.39159,34.32148],[129.39237,34.32226],[129.39345,34.32208],[129.39391,34.32315],[129.39504,34.32367],[129.39591,34.32281],[129.39522,34.31945],[129.39432,34.31919],[129.39455,34.31863],[129.39364,34.31797],[129.39359,34.31701],[129.39472,34.31638],[129.39527,34.31723]]],[[[129.37806,34.32044],[129.3786,34.32048],[129.37888,34.32014],[129.37822,34.31964],[129.37806,34.32044]]],[[[129.3791,34.32207],[129.3794,34.32219],[129.37942,34.32194],[129.3791,34.32207]]],[[[129.38935,34.32258],[129.39015,34.32278],[129.39006,34.32238],[129.38935,34.32258]]],[[[129.38813,34.32483],[129.38881,34.32533],[129.38982,34.32464],[129.38917,34.3242],[129.38813,34.32483]]],[[[129.3885,34.3256],[129.38816,34.32611],[129.38858,34.32587],[129.3885,34.3256]]],[[[129.38785,34.32616],[129.38662,34.32775],[129.38875,34.32823],[129.38933,34.32733],[129.3891,34.3268],[129.38785,34.32616]]],[[[129.38828,34.32885],[129.38756,34.32947],[129.38777,34.32988],[129.38852,34.3292],[129.38828,34.32885]]],[[[129.38071,34.33003],[129.37986,34.32954],[129.37935,34.32993],[129.38022,34.33046],[129.38071,34.33003]]],[[[129.37616,34.33191],[129.37802,34.33194],[129.3777,34.33109],[129.37663,34.33103],[129.376,34.33032],[129.37616,34.33191]]],[[[129.37662,34.33426],[129.3766,34.33321],[129.3761,34.33306],[129.37612,34.33436],[129.37662,34.33426]]],[[[129.37775,34.33509],[129.37826,34.33447],[129.37782,34.33368],[129.37732,34.33419],[129.37775,34.33509]]],[[[129.37202,34.33451],[129.3716,34.33438],[129.37175,34.33458],[129.37202,34.33451]]],[[[129.37392,34.33593],[129.37357,34.33474],[129.37312,34.3351],[129.37327,34.3358],[129.37392,34.33593]]],[[[129.35072,34.34637],[129.35132,34.34678],[129.35232,34.34662],[129.3512,34.34613],[129.35072,34.34637]]],[[[129.40058,34.35094],[129.39936,34.35055],[129.39846,34.34882],[129.40091,34.35049],[129.40204,34.35004],[129.40177,34.35107],[129.40375,34.35205],[129.40705,34.34913],[129.40625,34.3493],[129.40508,34.34791],[129.40389,34.34806],[129.40377,34.34736],[129.40273,34.34648],[129.4018,34.34675],[129.40169,34.34633],[129.40239,34.3458],[129.40107,34.34534],[129.40172,34.34454],[129.40146,34.34375],[129.39898,34.3416],[129.40072,34.34255],[129.4014,34.34098],[129.40185,34.34398],[129.40229,34.34386],[129.40346,34.34501],[129.40448,34.34478],[129.40545,34.34383],[129.40563,34.34272],[129.40511,34.34107],[129.40613,34.34066],[129.40621,34.33941],[129.4074,34.339],[129.40754,34.33805],[129.40651,34.33743],[129.40693,34.3361],[129.40642,34.33523],[129.40368,34.33508],[129.40368,34.33704],[129.40227,34.33762],[129.39955,34.33686],[129.39928,34.33545],[129.40047,34.33507],[129.39995,34.33444],[129.39885,34.33398],[129.39869,34.33516],[129.39655,34.33382],[129.39632,34.33432],[129.39966,34.33775],[129.39664,34.33532],[129.3957,34.33541],[129.39609,34.33625],[129.39841,34.33816],[129.39628,34.33705],[129.39713,34.33852],[129.39792,34.33882],[129.39744,34.33911],[129.39792,34.34055],[129.3968,34.33905],[129.3966,34.34055],[129.39547,34.33746],[129.39481,34.33705],[129.39448,34.33985],[129.39409,34.33808],[129.39326,34.33788],[129.39326,34.33877],[129.39268,34.33824],[129.39213,34.33866],[129.39258,34.33997],[129.39168,34.33999],[129.39161,34.33911],[129.39107,34.33905],[129.39097,34.33996],[129.39042,34.33943],[129.38923,34.34011],[129.38909,34.34152],[129.38923,34.34219],[129.39042,34.34186],[129.39063,34.3423],[129.39219,34.3423],[129.38978,34.3428],[129.38973,34.34335],[129.39168,34.34377],[129.39144,34.34425],[129.39036,34.34425],[129.39086,34.3455],[129.38991,34.34552],[129.38991,34.34646],[129.39147,34.34591],[129.39467,34.34346],[129.39475,34.34418],[129.39345,34.34547],[129.3937,34.34577],[129.39293,34.34571],[129.39332,34.34638],[129.3921,34.34613],[129.39274,34.34713],[129.39152,34.3471],[129.3921,34.34799],[129.39072,34.34755],[129.39124,34.34863],[129.39045,34.34877],[129.39147,34.34949],[129.39182,34.35097],[129.39342,34.35107],[129.394,34.35174],[129.3924,34.35227],[129.39188,34.35363],[129.39318,34.35447],[129.39277,34.35479],[129.39376,34.35552],[129.39403,34.35644],[129.39512,34.35669],[129.39583,34.35546],[129.39577,34.3546],[129.39718,34.35424],[129.39713,34.35508],[129.39652,34.35563],[129.39676,34.35685],[129.39525,34.35863],[129.39547,34.35943],[129.39734,34.35963],[129.40038,34.35741],[129.39997,34.35669],[129.40133,34.35574],[129.40011,34.35485],[129.40085,34.35424],[129.40163,34.35452],[129.40273,34.35368],[129.40258,34.35283],[129.40166,34.35232],[129.40119,34.35139],[129.40047,34.35127],[129.40058,34.35094]]],[[[129.38822,34.34776],[129.38798,34.34751],[129.38798,34.34787],[129.38822,34.34776]]],[[[129.41037,34.35094],[129.41023,34.35056],[129.40957,34.35085],[129.40984,34.35119],[129.41037,34.35094]]],[[[129.41647,34.35089],[129.41598,34.3515],[129.41633,34.3522],[129.41708,34.35152],[129.41647,34.35089]]],[[[129.41544,34.35227],[129.41373,34.3533],[129.41355,34.35445],[129.41515,34.35384],[129.4159,34.35292],[129.41544,34.35227]]],[[[129.41364,34.35522],[129.41284,34.35547],[129.41224,34.35673],[129.41389,34.35558],[129.41364,34.35522]]],[[[129.40999,34.35638],[129.41127,34.35327],[129.40917,34.35099],[129.40818,34.35121],[129.40815,34.35177],[129.40909,34.35304],[129.40839,34.35251],[129.40719,34.35258],[129.40699,34.35007],[129.4061,34.35066],[129.40519,34.35285],[129.40688,34.35407],[129.4061,34.35416],[129.40638,34.35508],[129.40532,34.35433],[129.40497,34.35493],[129.40732,34.35616],[129.40535,34.35612],[129.40592,34.35805],[129.40476,34.35644],[129.40395,34.35644],[129.40331,34.35736],[129.40403,34.35897],[129.40307,34.35866],[129.40245,34.35954],[129.4043,34.36055],[129.40404,34.36098],[129.40767,34.35958],[129.40772,34.35915],[129.40839,34.35943],[129.4087,34.36052],[129.40972,34.36038],[129.41013,34.36249],[129.41254,34.36309],[129.41175,34.36234],[129.411,34.36027],[129.41135,34.35871],[129.41097,34.35843],[129.41176,34.35797],[129.41193,34.35716],[129.41111,34.35726],[129.41169,34.35577],[129.40999,34.35638]]],[[[129.39443,34.37285],[129.39237,34.37304],[129.39127,34.37397],[129.39191,34.37469],[129.39504,34.37382],[129.39443,34.37285]]],[[[129.39009,34.37584],[129.39084,34.37547],[129.39073,34.37424],[129.38984,34.37498],[129.39009,34.37584]]],[[[129.38622,34.3755],[129.38663,34.37626],[129.38738,34.37626],[129.38746,34.37545],[129.38622,34.3755]]],[[[129.38427,34.37618],[129.38576,34.37595],[129.38546,34.37557],[129.38427,34.37618]]],[[[129.41904,34.49024],[129.41928,34.49083],[129.41959,34.49066],[129.41904,34.49024]]],[[[129.42145,34.4933],[129.42201,34.49313],[129.42168,34.49203],[129.42063,34.49139],[129.42026,34.4923],[129.42145,34.4933]]],[[[129.26199,34.35451],[129.26016,34.35458],[129.25829,34.35323],[129.25492,34.35211],[129.25444,34.35162],[129.25429,34.34996],[129.25379,34.34962],[129.25107,34.35149],[129.24672,34.35246],[129.24434,34.35237],[129.24395,34.35032],[129.24358,34.3514],[129.24202,34.35207],[129.24091,34.35214],[129.24016,34.3511],[129.23893,34.35161],[129.23874,34.35215],[129.2376,34.35196],[129.23755,34.35244],[129.23365,34.35331],[129.2334,34.35388],[129.23394,34.35465],[129.23305,34.35601],[129.22879,34.35779],[129.22965,34.35901],[129.22965,34.35994],[129.2275,34.36235],[129.22864,34.36367],[129.23261,34.36636],[129.23618,34.3652],[129.23995,34.36737],[129.23995,34.36599],[129.24141,34.36578],[129.24251,34.36696],[129.24343,34.36913],[129.24385,34.36918],[129.24394,34.36743],[129.24327,34.36702],[129.2441,34.36613],[129.24375,34.36581],[129.24312,34.36624],[129.24184,34.36514],[129.24187,34.36458],[129.2424,34.36425],[129.24405,34.36483],[129.24449,34.36246],[129.2453,34.3618],[129.24471,34.36098],[129.24483,34.3603],[129.24559,34.35972],[129.24684,34.36023],[129.24701,34.35902],[129.24788,34.35866],[129.24863,34.35893],[129.24877,34.35594],[129.24919,34.35609],[129.2507,34.35455],[129.2518,34.35537],[129.25087,34.35755],[129.25188,34.3575],[129.25316,34.35977],[129.25629,34.36118],[129.25585,34.36177],[129.2535,34.36127],[129.25179,34.36318],[129.25162,34.36519],[129.25275,34.36527],[129.25397,34.3646],[129.25562,34.36507],[129.25438,34.36549],[129.25405,34.36621],[129.25313,34.36663],[129.25316,34.3671],[129.25397,34.36724],[129.2552,34.36654],[129.25636,34.36668],[129.25816,34.36602],[129.2583,34.36654],[129.25974,34.36646],[129.25878,34.36749],[129.25943,34.36846],[129.25998,34.3684],[129.26051,34.36749],[129.26355,34.36646],[129.26349,34.36854],[129.26611,34.37032],[129.26738,34.37013],[129.26788,34.37146],[129.27089,34.37451],[129.27222,34.37446],[129.27429,34.3753],[129.27504,34.37499],[129.27594,34.37297],[129.27669,34.37296],[129.27652,34.37362],[129.27719,34.374],[129.27614,34.37488],[129.27661,34.37687],[129.27518,34.37707],[129.27487,34.37821],[129.27641,34.37973],[129.27708,34.3821],[129.2767,34.38243],[129.27286,34.38221],[129.27245,34.38287],[129.27258,34.38466],[129.27119,34.38471],[129.27112,34.3853],[129.26866,34.38523],[129.26843,34.38565],[129.27214,34.39057],[129.27119,34.3918],[129.27167,34.39284],[129.27142,34.39409],[129.27277,34.39645],[129.27313,34.40048],[129.27426,34.40112],[129.27354,34.40268],[129.27467,34.40465],[129.27365,34.40807],[129.27368,34.4086],[129.27426,34.40884],[129.27219,34.41057],[129.27302,34.4112],[129.2728,34.41251],[129.27197,34.41359],[129.27249,34.41479],[129.27214,34.41604],[129.27539,34.41532],[129.27586,34.41579],[129.27681,34.41529],[129.27667,34.41284],[129.27769,34.41468],[129.27846,34.41443],[129.27841,34.41312],[129.27898,34.41366],[129.2798,34.41292],[129.28015,34.4131],[129.27901,34.41495],[129.27943,34.41542],[129.28126,34.41425],[129.28108,34.41554],[129.28325,34.41501],[129.28517,34.41542],[129.28357,34.41557],[129.28496,34.41662],[129.28473,34.4172],[129.27763,34.41671],[129.27559,34.41768],[129.27534,34.4181],[129.27627,34.41884],[129.27399,34.41926],[129.27365,34.42034],[129.27544,34.42077],[129.27659,34.42052],[129.27655,34.42137],[129.27299,34.42168],[129.27302,34.42207],[129.27461,34.42279],[129.27322,34.42306],[129.27272,34.42392],[129.27188,34.42399],[129.27092,34.42503],[129.2733,34.42544],[129.27025,34.42621],[129.27098,34.42769],[129.27428,34.42868],[129.27382,34.43007],[129.27487,34.43156],[129.27569,34.43177],[129.27698,34.43119],[129.27836,34.43183],[129.28029,34.43172],[129.28073,34.43219],[129.27919,34.43299],[129.27708,34.43263],[129.27644,34.43345],[129.274,34.43334],[129.27394,34.43421],[129.27289,34.43415],[129.27348,34.43541],[129.27252,34.43603],[129.27312,34.4376],[129.27511,34.43785],[129.2756,34.43843],[129.27438,34.44119],[129.27637,34.4422],[129.27836,34.44081],[129.27853,34.44151],[129.27777,34.44209],[129.27859,34.44409],[129.28146,34.44424],[129.28143,34.44322],[129.28311,34.44242],[129.28282,34.44344],[129.28575,34.44355],[129.28677,34.4429],[129.28728,34.44103],[129.28779,34.44098],[129.28807,34.44234],[129.28891,34.44086],[129.28976,34.44079],[129.29109,34.43961],[129.29097,34.43822],[129.29004,34.43702],[129.28964,34.43415],[129.29063,34.43348],[129.29475,34.4329],[129.2951,34.4335],[129.2946,34.43475],[129.29278,34.43498],[129.29356,34.43667],[129.29313,34.43737],[129.29475,34.43774],[129.29478,34.43821],[129.29435,34.43943],[129.29275,34.44068],[129.29339,34.44137],[129.29217,34.44168],[129.29217,34.44338],[129.29301,34.44433],[129.2924,34.4449],[129.29501,34.44475],[129.29626,34.44331],[129.2966,34.44353],[129.29612,34.44489],[129.29706,34.44524],[129.29577,34.44553],[129.29425,34.44674],[129.29554,34.4469],[129.29521,34.44739],[129.29573,34.4475],[129.29573,34.44797],[129.29841,34.44812],[129.29864,34.44854],[129.29936,34.44776],[129.30023,34.44836],[129.30151,34.44792],[129.3018,34.44848],[129.30148,34.44899],[129.30067,34.4489],[129.30029,34.44986],[129.29873,34.45012],[129.29873,34.45046],[129.3,34.45243],[129.29969,34.45326],[129.3024,34.4542],[129.3025,34.45561],[129.30636,34.4542],[129.30793,34.45293],[129.30908,34.45336],[129.30915,34.4529],[129.30839,34.45224],[129.30862,34.45151],[129.31024,34.45084],[129.3108,34.45003],[129.31207,34.45011],[129.31088,34.45267],[129.31021,34.45313],[129.31129,34.45463],[129.31108,34.45523],[129.31054,34.45565],[129.3087,34.45543],[129.30754,34.4545],[129.30615,34.45552],[129.30659,34.45565],[129.30619,34.45639],[129.30796,34.45737],[129.30925,34.45988],[129.31054,34.46044],[129.31422,34.46443],[129.31411,34.46518],[129.31358,34.46513],[129.31355,34.4642],[129.30999,34.46162],[129.30903,34.46251],[129.3094,34.46321],[129.30885,34.46363],[129.30674,34.46287],[129.30597,34.46294],[129.30487,34.46405],[129.30375,34.46385],[129.30345,34.46329],[129.30458,34.46299],[129.30525,34.4613],[129.30453,34.45928],[129.30365,34.46105],[129.30267,34.4613],[129.30288,34.45926],[129.302,34.45901],[129.30015,34.45729],[129.29789,34.45692],[129.29638,34.45429],[129.2946,34.45326],[129.29408,34.45158],[129.29103,34.4516],[129.28851,34.44924],[129.28445,34.44923],[129.28274,34.44809],[129.28175,34.44842],[129.28244,34.44944],[129.28483,34.45084],[129.28421,34.45206],[129.28311,34.45155],[129.28087,34.45336],[129.27965,34.45245],[129.27818,34.45291],[129.27853,34.4541],[129.27672,34.45487],[129.27592,34.45418],[129.2754,34.45471],[129.2755,34.45558],[129.27408,34.45707],[129.2756,34.45854],[129.27659,34.46126],[129.27705,34.46086],[129.27783,34.46135],[129.2782,34.46297],[129.27731,34.46484],[129.27597,34.46484],[129.27339,34.46596],[129.27432,34.46742],[129.274,34.4691],[129.27768,34.4717],[129.27725,34.47228],[129.27795,34.47513],[129.28003,34.47571],[129.27995,34.47766],[129.28102,34.47843],[129.28102,34.47996],[129.28012,34.48058],[129.28029,34.48099],[129.28189,34.48127],[129.2847,34.4799],[129.28528,34.48052],[129.28489,34.4806],[129.28425,34.48272],[129.2852,34.48322],[129.28592,34.48295],[129.28766,34.48338],[129.28842,34.4851],[129.28918,34.48468],[129.28972,34.48492],[129.28949,34.4857],[129.28994,34.48595],[129.29251,34.48575],[129.29326,34.48629],[129.29326,34.48702],[129.29072,34.48761],[129.29149,34.48936],[129.29199,34.48942],[129.29185,34.491],[129.29313,34.49229],[129.29319,34.49405],[129.29441,34.49533],[129.29362,34.49673],[129.29492,34.49822],[129.29657,34.49871],[129.29715,34.4994],[129.2971,34.50227],[129.2964,34.50385],[129.29707,34.50535],[129.29684,34.50655],[129.29956,34.50869],[129.29969,34.51001],[129.30058,34.51006],[129.30213,34.50896],[129.30262,34.50952],[129.30172,34.51053],[129.30348,34.51109],[129.30303,34.51234],[129.30133,34.51318],[129.30191,34.51445],[129.3016,34.51501],[129.30253,34.51614],[129.30337,34.51853],[129.30393,34.51888],[129.304,34.52021],[129.30511,34.52062],[129.30569,34.52222],[129.30679,34.52253],[129.30703,34.52387],[129.30767,34.5244],[129.30775,34.52496],[129.30654,34.52575],[129.30802,34.52558],[129.30824,34.5268],[129.30859,34.52579],[129.3097,34.52571],[129.30996,34.52409],[129.31109,34.52275],[129.3095,34.51796],[129.30987,34.51558],[129.31068,34.51472],[129.31054,34.51403],[129.31152,34.51494],[129.31048,34.51597],[129.31111,34.51814],[129.31161,34.51793],[129.31173,34.51607],[129.31451,34.51472],[129.31529,34.51542],[129.3141,34.51667],[129.31442,34.51827],[129.31216,34.51958],[129.31283,34.52071],[129.3137,34.52063],[129.31355,34.52205],[129.31492,34.52422],[129.31713,34.52425],[129.31564,34.52563],[129.31758,34.52563],[129.31674,34.526],[129.31672,34.52686],[129.31579,34.52695],[129.31571,34.52776],[129.31486,34.52846],[129.31564,34.52821],[129.31606,34.52914],[129.31709,34.52863],[129.31878,34.52962],[129.31954,34.52928],[129.31994,34.52989],[129.32092,34.52933],[129.32183,34.52967],[129.32101,34.53017],[129.32086,34.53125],[129.3179,34.53283],[129.31841,34.53318],[129.31936,34.53295],[129.32052,34.53418],[129.32067,34.53528],[129.32012,34.53566],[129.31928,34.53474],[129.31849,34.53515],[129.31823,34.5368],[129.31944,34.53676],[129.32021,34.53743],[129.32139,34.5376],[129.32249,34.53608],[129.32551,34.53492],[129.32581,34.53417],[129.32536,34.53275],[129.32453,34.532],[129.32453,34.53088],[129.3251,34.52958],[129.32827,34.5278],[129.33456,34.5285],[129.33456,34.52892],[129.33349,34.52908],[129.33338,34.52963],[129.3341,34.53046],[129.33625,34.5315],[129.33773,34.53475],[129.34049,34.53309],[129.34107,34.53308],[129.34029,34.53374],[129.34148,34.53335],[129.34244,34.53251],[129.34246,34.53189],[129.34095,34.52983],[129.34125,34.52847],[129.34353,34.52825],[129.34383,34.52856],[129.34156,34.52892],[129.34153,34.52971],[129.34269,34.53123],[129.34289,34.53092],[129.34411,34.53121],[129.34483,34.53212],[129.34423,34.53389],[129.34095,34.53548],[129.3381,34.5378],[129.33535,34.53784],[129.33323,34.5372],[129.33305,34.53677],[129.33363,34.536],[129.33343,34.5346],[129.33297,34.53426],[129.33324,34.53346],[129.3325,34.53325],[129.33274,34.53249],[129.33186,34.53184],[129.33114,34.53242],[129.33032,34.53234],[129.33016,34.53313],[129.32975,34.53275],[129.32832,34.53321],[129.32914,34.53375],[129.32827,34.5353],[129.32893,34.53655],[129.32771,34.53722],[129.32777,34.53796],[129.32848,34.53788],[129.32879,34.5383],[129.32879,34.53871],[129.32777,34.53892],[129.32848,34.5403],[129.3279,34.54134],[129.32964,34.54216],[129.32868,34.54285],[129.33019,34.54382],[129.32957,34.54455],[129.32752,34.54359],[129.32706,34.54352],[129.32684,34.54404],[129.3272,34.54525],[129.32644,34.547],[129.32766,34.54742],[129.32642,34.54844],[129.32764,34.54893],[129.32781,34.55056],[129.32543,34.55121],[129.3251,34.55071],[129.32372,34.55054],[129.32316,34.54887],[129.32003,34.54766],[129.31635,34.54959],[129.31431,34.54908],[129.3139,34.54983],[129.31503,34.55138],[129.3144,34.5529],[129.31646,34.55312],[129.31667,34.55367],[129.31632,34.55554],[129.31527,34.55608],[129.31606,34.55815],[129.31582,34.55886],[129.31522,34.55918],[129.31463,34.5582],[129.31368,34.55855],[129.31452,34.55927],[129.31251,34.5599],[129.31161,34.55763],[129.30996,34.55662],[129.3094,34.55917],[129.30747,34.56012],[129.30967,34.56296],[129.30964,34.56361],[129.30833,34.56471],[129.3063,34.56424],[129.30612,34.56451],[129.30699,34.56487],[129.30663,34.56588],[129.30734,34.56638],[129.30644,34.56787],[129.3048,34.56766],[129.30387,34.565],[129.30102,34.56267],[129.29862,34.55808],[129.29537,34.55598],[129.28865,34.55608],[129.28593,34.56187],[129.28675,34.568],[129.28778,34.57012],[129.28859,34.57026],[129.29069,34.56935],[129.29231,34.5698],[129.29194,34.57142],[129.29396,34.57225],[129.29617,34.57483],[129.2983,34.57941],[129.29815,34.58338],[129.30137,34.58599],[129.30142,34.58672],[129.30256,34.58696],[129.30273,34.58857],[129.30587,34.5889],[129.30483,34.59154],[129.30641,34.59255],[129.30712,34.59682],[129.30688,34.59752],[129.30476,34.59908],[129.30483,34.60249],[129.30851,34.60662],[129.30914,34.6091],[129.31316,34.61406],[129.31367,34.61697],[129.31284,34.61889],[129.31335,34.62136],[129.31548,34.62291],[129.31541,34.62366],[129.31783,34.6267],[129.31733,34.62812],[129.31937,34.6319],[129.31835,34.63477],[129.31914,34.63682],[129.31937,34.64075],[129.32108,34.64205],[129.31988,34.6447],[129.3196,34.64704],[129.32233,34.64941],[129.32359,34.64851],[129.32535,34.64867],[129.32751,34.65028],[129.3287,34.65038],[129.32989,34.65112],[129.33045,34.65098],[129.3312,34.6495],[129.33368,34.64963],[129.3341,34.64803],[129.33387,34.64695],[129.33445,34.64647],[129.33513,34.64236],[129.33681,34.64154],[129.33547,34.64162],[129.33439,34.63921],[129.33463,34.63875],[129.33239,34.63655],[129.33283,34.63605],[129.33636,34.63873],[129.3373,34.63816],[129.33811,34.63875],[129.33858,34.63988],[129.3397,34.64066],[129.34086,34.64375],[129.34199,34.64515],[129.34552,34.64603],[129.35332,34.6499],[129.35704,34.64962],[129.35926,34.6489],[129.36013,34.64756],[129.36238,34.64602],[129.36351,34.64436],[129.3638,34.64223],[129.36332,34.63981],[129.36486,34.63865],[129.36707,34.64016],[129.368,34.64194],[129.37441,34.64686],[129.37554,34.6462],[129.37639,34.64475],[129.3787,34.64255],[129.37976,34.64245],[129.38172,34.64338],[129.38327,34.6429],[129.38608,34.63975],[129.38694,34.63941],[129.3871,34.63977],[129.3893,34.63927],[129.39054,34.63852],[129.39095,34.6402],[129.39138,34.64043],[129.39209,34.63962],[129.39495,34.63917],[129.39643,34.63974],[129.39504,34.64024],[129.39365,34.64011],[129.39266,34.64133],[129.38986,34.64138],[129.38782,34.64234],[129.3875,34.64293],[129.38782,34.64415],[129.38732,34.64516],[129.38613,34.64538],[129.38518,34.64638],[129.38387,34.64611],[129.38439,34.64697],[129.38289,34.64764],[129.38407,34.64993],[129.3847,34.65017],[129.38574,34.64953],[129.38817,34.65071],[129.38759,34.65293],[129.38905,34.65546],[129.3897,34.65515],[129.38923,34.65455],[129.38976,34.65401],[129.39096,34.65503],[129.39144,34.65481],[129.39175,34.65374],[129.39368,34.65164],[129.3945,34.65137],[129.39531,34.65301],[129.39302,34.65626],[129.39351,34.65676],[129.39336,34.65752],[129.39405,34.6578],[129.39482,34.65793],[129.39615,34.6573],[129.39508,34.65994],[129.39583,34.66097],[129.39495,34.66129],[129.39559,34.66177],[129.39653,34.66132],[129.39682,34.66179],[129.39655,34.66237],[129.3951,34.66293],[129.39728,34.66389],[129.39887,34.66329],[129.40006,34.66433],[129.40256,34.66405],[129.40286,34.66471],[129.40224,34.66497],[129.40297,34.66506],[129.403,34.6655],[129.4018,34.66617],[129.4012,34.66601],[129.40111,34.66641],[129.40222,34.66659],[129.40395,34.6688],[129.40521,34.66871],[129.40344,34.66995],[129.40264,34.66877],[129.40047,34.66797],[129.40015,34.66826],[129.40061,34.66942],[129.40039,34.67037],[129.40128,34.67005],[129.40074,34.67086],[129.40149,34.67082],[129.40212,34.67182],[129.40355,34.67122],[129.40433,34.67186],[129.40503,34.67179],[129.40488,34.67239],[129.40563,34.67311],[129.40674,34.67355],[129.40778,34.67326],[129.40799,34.67378],[129.40753,34.67398],[129.40674,34.67623],[129.40718,34.67691],[129.40857,34.67645],[129.40813,34.67788],[129.41046,34.679],[129.41039,34.6778],[129.41177,34.6778],[129.41197,34.67751],[129.41142,34.67708],[129.41231,34.6766],[129.41443,34.67708],[129.41684,34.67612],[129.41733,34.67684],[129.41826,34.67675],[129.4194,34.67563],[129.42551,34.67924],[129.42763,34.67737],[129.42873,34.67796],[129.4296,34.67664],[129.42964,34.67555],[129.42875,34.67481],[129.42923,34.67374],[129.4283,34.67336],[129.42837,34.67245],[129.42936,34.6728],[129.42972,34.67347],[129.43245,34.67434],[129.43323,34.67415],[129.43351,34.67297],[129.43489,34.67338],[129.43417,34.67471],[129.43314,34.67507],[129.43216,34.67652],[129.43295,34.67739],[129.43274,34.67852],[129.42876,34.67941],[129.42866,34.68013],[129.43004,34.68105],[129.42975,34.68157],[129.42482,34.68157],[129.42334,34.68262],[129.42287,34.68123],[129.42236,34.68204],[129.42178,34.68199],[129.42162,34.68097],[129.42009,34.67964],[129.41777,34.67899],[129.41742,34.68077],[129.41538,34.6819],[129.41516,34.68293],[129.41611,34.68414],[129.41596,34.68514],[129.41733,34.68642],[129.41823,34.68659],[129.41832,34.68779],[129.4192,34.6884],[129.41872,34.68915],[129.41737,34.68903],[129.41605,34.68975],[129.41463,34.68939],[129.41428,34.69039],[129.4156,34.69228],[129.41689,34.69192],[129.41863,34.69507],[129.41794,34.69514],[129.41878,34.69583],[129.42102,34.69643],[129.42361,34.69847],[129.42383,34.69822],[129.42255,34.69647],[129.42454,34.69702],[129.42467,34.69613],[129.424,34.69495],[129.42363,34.69505],[129.42194,34.69322],[129.42102,34.69351],[129.42041,34.69209],[129.42096,34.69223],[129.42126,34.69303],[129.42194,34.69258],[129.42308,34.69268],[129.42285,34.69332],[129.4232,34.69372],[129.42412,34.69372],[129.4243,34.69283],[129.42508,34.69292],[129.42569,34.69366],[129.42648,34.69307],[129.42812,34.695],[129.42903,34.69406],[129.42885,34.69298],[129.42956,34.69336],[129.42956,34.69273],[129.42993,34.69283],[129.4306,34.69184],[129.43085,34.69287],[129.43175,34.69258],[129.43126,34.69184],[129.43187,34.69095],[129.43321,34.69239],[129.43442,34.69253],[129.43539,34.69189],[129.4369,34.69228],[129.43709,34.69263],[129.43594,34.69346],[129.43623,34.69401],[129.43727,34.69366],[129.43721,34.69426],[129.43776,34.69446],[129.43739,34.69485],[129.43812,34.69535],[129.43979,34.69471],[129.43942,34.69412],[129.43982,34.69304],[129.44037,34.69283],[129.44084,34.69322],[129.44038,34.69326],[129.44055,34.69433],[129.43973,34.69574],[129.44101,34.69654],[129.44034,34.69774],[129.44008,34.6972],[129.4395,34.69743],[129.43924,34.6983],[129.4407,34.69859],[129.44185,34.69798],[129.4423,34.69895],[129.44382,34.69865],[129.44253,34.69984],[129.4443,34.70038],[129.44253,34.70117],[129.44133,34.70077],[129.44435,34.70261],[129.44496,34.70216],[129.44623,34.70294],[129.44641,34.7032],[129.44569,34.70358],[129.4463,34.70438],[129.44671,34.70354],[129.44732,34.70349],[129.44696,34.70483],[129.44794,34.70433],[129.44836,34.70521],[129.44787,34.70616],[129.44885,34.70581],[129.44885,34.70661],[129.44987,34.70661],[129.45012,34.70595],[129.44891,34.70298],[129.45129,34.7019],[129.45146,34.70137],[129.45071,34.70088],[129.45115,34.70044],[129.45093,34.70013],[129.44845,34.69956],[129.44922,34.69912],[129.44813,34.69714],[129.44987,34.69569],[129.44969,34.69732],[129.45181,34.69875],[129.45277,34.69787],[129.45212,34.69579],[129.45405,34.69787],[129.45454,34.70024],[129.45414,34.70089],[129.45463,34.70141],[129.45526,34.70102],[129.45686,34.7016],[129.45695,34.70204],[129.45776,34.7017],[129.45794,34.70215],[129.45849,34.70204],[129.45868,34.70111],[129.45707,34.7003],[129.45622,34.70045],[129.45549,34.69881],[129.45636,34.69838],[129.45649,34.69727],[129.45613,34.69667],[129.45489,34.69623],[129.4559,34.69415],[129.45759,34.69316],[129.45752,34.69229],[129.4579,34.69226],[129.45799,34.69284],[129.45866,34.69278],[129.45881,34.69393],[129.45781,34.69541],[129.45935,34.69526],[129.45886,34.69574],[129.45953,34.69789],[129.46017,34.69811],[129.46026,34.69719],[129.46109,34.6973],[129.46158,34.69664],[129.46394,34.69912],[129.4638,34.70115],[129.4649,34.70045],[129.46449,34.69989],[129.4658,34.69856],[129.46536,34.698],[129.4644,34.69786],[129.46426,34.69741],[129.4655,34.6966],[129.46417,34.6953],[129.46571,34.6953],[129.46598,34.69597],[129.46904,34.69519],[129.47076,34.69549],[129.47146,34.69311],[129.47244,34.69324],[129.4728,34.69255],[129.4734,34.69345],[129.47399,34.69297],[129.47349,34.6906],[129.47172,34.68979],[129.47181,34.68945],[129.47377,34.68979],[129.47471,34.69211],[129.47581,34.69242],[129.47622,34.69174],[129.47653,34.69219],[129.47763,34.6917],[129.47729,34.69294],[129.47828,34.6931],[129.4788,34.69384],[129.47944,34.69378],[129.47949,34.69308],[129.48072,34.69371],[129.48112,34.69315],[129.48263,34.69448],[129.48185,34.69267],[129.47926,34.69145],[129.47972,34.69008],[129.47889,34.68974],[129.4799,34.68915],[129.47981,34.68808],[129.47767,34.68893],[129.47685,34.68811],[129.4748,34.68771],[129.4734,34.68827],[129.47248,34.68793],[129.4714,34.68664],[129.4723,34.6859],[129.472,34.68515],[129.47099,34.68456],[129.47131,34.68364],[129.4748,34.68527],[129.47549,34.68504],[129.47462,34.68406],[129.47477,34.68302],[129.47418,34.68233],[129.47299,34.6824],[129.47291,34.68152],[129.47155,34.68149],[129.47123,34.68097],[129.47323,34.68081],[129.47514,34.68191],[129.47589,34.68077],[129.4747,34.67887],[129.47155,34.67779],[129.47393,34.67452],[129.47361,34.67416],[129.47531,34.67303],[129.47493,34.67241],[129.47525,34.6723],[129.47595,34.67278],[129.47549,34.67437],[129.47689,34.67634],[129.47676,34.67689],[129.47795,34.67753],[129.47976,34.67664],[129.4804,34.6752],[129.4799,34.6746],[129.47935,34.67486],[129.47967,34.67385],[129.47862,34.67231],[129.48204,34.67608],[129.48298,34.67508],[129.48649,34.67575],[129.48686,34.67748],[129.48632,34.6783],[129.48736,34.67915],[129.48695,34.67971],[129.4873,34.68134],[129.48677,34.68252],[129.48721,34.68341],[129.48803,34.68312],[129.48899,34.68375],[129.48936,34.6829],[129.49427,34.68333],[129.49403,34.68227],[129.49343,34.68158],[129.49229,34.68132],[129.49188,34.68045],[129.49313,34.6799],[129.4934,34.67931],[129.49494,34.67945],[129.4943,34.67827],[129.49508,34.67841],[129.49499,34.67771],[129.4924,34.67697],[129.49226,34.67775],[129.49108,34.67719],[129.48812,34.67808],[129.48762,34.67682],[129.48962,34.67457],[129.48721,34.67482],[129.48553,34.67441],[129.48463,34.67263],[129.485,34.67186],[129.4844,34.67119],[129.48486,34.67008],[129.48582,34.66956],[129.48536,34.6689],[129.48457,34.66887],[129.48423,34.66732],[129.48526,34.66671],[129.49044,34.66575],[129.4902,34.66521],[129.49072,34.66464],[129.49383,34.66612],[129.49713,34.66936],[129.49754,34.66882],[129.4969,34.6673],[129.49719,34.66685],[129.49555,34.66597],[129.49505,34.66484],[129.4942,34.66484],[129.4922,34.66344],[129.4909,34.66354],[129.49003,34.66268],[129.48895,34.66313],[129.48826,34.66229],[129.48385,34.65962],[129.48413,34.65857],[129.48655,34.65947],[129.48516,34.6578],[129.48237,34.65827],[129.48173,34.65742],[129.4821,34.65616],[129.4841,34.65651],[129.48431,34.65589],[129.48254,34.65369],[129.4814,34.65356],[129.48072,34.6522],[129.4799,34.6527],[129.48092,34.65414],[129.47972,34.65477],[129.47906,34.65447],[129.4794,34.6555],[129.47903,34.65649],[129.47847,34.65653],[129.47813,34.65547],[129.47622,34.65623],[129.47212,34.6566],[129.47163,34.6571],[129.47209,34.65879],[129.47149,34.65943],[129.47052,34.65819],[129.47023,34.65661],[129.46973,34.65654],[129.47057,34.6558],[129.46536,34.65419],[129.46557,34.65378],[129.46728,34.6536],[129.46856,34.65412],[129.46965,34.65361],[129.47176,34.65423],[129.47337,34.65301],[129.474,34.65155],[129.47471,34.65187],[129.47537,34.65157],[129.47454,34.65005],[129.47593,34.65065],[129.47662,34.65019],[129.47494,34.64898],[129.47754,34.64945],[129.47778,34.65029],[129.47773,34.6492],[129.47517,34.64738],[129.47545,34.64712],[129.47476,34.64593],[129.47596,34.64591],[129.47522,34.64477],[129.47294,34.64551],[129.47181,34.64469],[129.47148,34.64405],[129.47183,34.64383],[129.47285,34.64477],[129.47358,34.6446],[129.47349,34.64406],[129.4741,34.64438],[129.47451,34.64385],[129.47609,34.64406],[129.47836,34.64672],[129.47912,34.64694],[129.47952,34.64665],[129.47837,34.64575],[129.47731,34.64386],[129.47874,34.64425],[129.47943,34.64498],[129.48199,34.64539],[129.4826,34.64496],[129.48256,34.64444],[129.48153,34.64377],[129.4814,34.64209],[129.48072,34.64135],[129.4817,34.64065],[129.48367,34.64277],[129.48321,34.64392],[129.48449,34.64353],[129.48384,34.6444],[129.48405,34.64568],[129.48486,34.64581],[129.48449,34.64444],[129.48579,34.64444],[129.48695,34.64503],[129.48719,34.64449],[129.48747,34.64496],[129.48837,34.64499],[129.48881,34.6436],[129.48948,34.64395],[129.48947,34.64446],[129.49108,34.6451],[129.49043,34.64212],[129.48936,34.64106],[129.48721,34.64051],[129.4891,34.64022],[129.48733,34.63718],[129.48646,34.63742],[129.48628,34.63699],[129.48681,34.6364],[129.48579,34.63544],[129.48603,34.63477],[129.48515,34.63456],[129.4846,34.63375],[129.4831,34.63451],[129.48286,34.63426],[129.48397,34.63358],[129.48404,34.63279],[129.48152,34.63214],[129.48162,34.63097],[129.48277,34.63092],[129.48329,34.63038],[129.48497,34.63054],[129.48399,34.63024],[129.4831,34.62896],[129.48222,34.62889],[129.48231,34.62793],[129.48124,34.6287],[129.4802,34.62822],[129.4785,34.62916],[129.48001,34.62788],[129.48167,34.62749],[129.48161,34.62693],[129.47961,34.62711],[129.47653,34.6294],[129.47456,34.62837],[129.4739,34.62857],[129.47358,34.62772],[129.4729,34.62749],[129.47242,34.6281],[129.47094,34.62731],[129.47122,34.62695],[129.47081,34.62627],[129.47169,34.6262],[129.47094,34.62588],[129.47119,34.62514],[129.47154,34.62537],[129.47253,34.62418],[129.47406,34.62381],[129.47293,34.62305],[129.47413,34.62268],[129.47517,34.6232],[129.47537,34.62171],[129.47599,34.62155],[129.47755,34.62234],[129.47799,34.62164],[129.47772,34.62033],[129.47911,34.61941],[129.48045,34.62034],[129.48008,34.61972],[129.48045,34.6192],[129.47906,34.61808],[129.4792,34.61733],[129.47799,34.61654],[129.4779,34.6169],[129.4786,34.6172],[129.47804,34.61842],[129.47648,34.61906],[129.47444,34.6191],[129.47642,34.61894],[129.47747,34.61781],[129.47578,34.61781],[129.47627,34.61704],[129.47601,34.61652],[129.47706,34.61573],[129.47648,34.61531],[129.47535,34.61549],[129.47569,34.6162],[129.47447,34.61679],[129.47206,34.61646],[129.47192,34.61734],[129.4729,34.61806],[129.47238,34.6186],[129.46792,34.61866],[129.46756,34.61805],[129.46888,34.61697],[129.46713,34.61638],[129.46727,34.61516],[129.46621,34.61544],[129.46592,34.61607],[129.4638,34.61646],[129.46081,34.61348],[129.46017,34.61381],[129.4597,34.616],[129.45859,34.61621],[129.45744,34.6156],[129.45679,34.61623],[129.45708,34.61871],[129.45561,34.61903],[129.45614,34.6199],[129.45515,34.62013],[129.45463,34.62083],[129.45352,34.6249],[129.45372,34.62627],[129.45254,34.62571],[129.45322,34.62632],[129.45293,34.62681],[129.45125,34.62573],[129.45088,34.62424],[129.44983,34.62488],[129.4496,34.62555],[129.45027,34.62833],[129.45184,34.62938],[129.44842,34.62851],[129.4476,34.63083],[129.44662,34.63162],[129.44624,34.63024],[129.44565,34.62975],[129.44601,34.62936],[129.44514,34.62807],[129.44768,34.62783],[129.44749,34.62718],[129.44623,34.62649],[129.44675,34.62546],[129.44498,34.62588],[129.44421,34.62695],[129.44313,34.62607],[129.444,34.62562],[129.44168,34.62518],[129.44197,34.6246],[129.44484,34.62508],[129.44583,34.62453],[129.44632,34.62311],[129.44929,34.62227],[129.45071,34.6225],[129.45167,34.62171],[129.45259,34.62271],[129.45224,34.62137],[129.45058,34.62064],[129.45085,34.61994],[129.45018,34.61985],[129.45055,34.6192],[129.45119,34.61913],[129.45135,34.61723],[129.45286,34.61578],[129.45396,34.61621],[129.45494,34.61546],[129.45528,34.6149],[129.4545,34.61412],[129.45543,34.61381],[129.45625,34.61436],[129.45746,34.61373],[129.45776,34.61248],[129.45676,34.61222],[129.45566,34.61301],[129.45529,34.6122],[129.45473,34.61208],[129.45479,34.61071],[129.45396,34.61077],[129.45259,34.61195],[129.45254,34.6139],[129.45103,34.61465],[129.44955,34.61674],[129.4471,34.61709],[129.44725,34.61767],[129.44621,34.61868],[129.44372,34.61687],[129.44151,34.61886],[129.44194,34.61969],[129.44138,34.6198],[129.44067,34.61848],[129.43841,34.6179],[129.43767,34.62127],[129.43846,34.62277],[129.43988,34.62294],[129.44009,34.62357],[129.43803,34.62344],[129.43719,34.62434],[129.43547,34.62247],[129.43535,34.62159],[129.43483,34.62161],[129.43527,34.62054],[129.43488,34.61996],[129.43562,34.61952],[129.43628,34.61767],[129.43585,34.61731],[129.43352,34.6177],[129.43326,34.61721],[129.43434,34.61617],[129.43668,34.61646],[129.43777,34.61594],[129.43814,34.6152],[129.43697,34.61319],[129.43832,34.61186],[129.43539,34.60998],[129.43344,34.60971],[129.43256,34.60895],[129.43282,34.60799],[129.43346,34.60768],[129.43411,34.60915],[129.43629,34.60987],[129.43886,34.60948],[129.43906,34.61159],[129.44102,34.61276],[129.44128,34.61388],[129.44336,34.61453],[129.4433,34.61315],[129.44437,34.61424],[129.44553,34.61449],[129.44664,34.61372],[129.44691,34.61227],[129.44734,34.6124],[129.44781,34.61388],[129.44908,34.61449],[129.44983,34.61315],[129.45076,34.61271],[129.45053,34.61199],[129.44951,34.61177],[129.45073,34.61121],[129.45116,34.60978],[129.45026,34.6088],[129.45152,34.60815],[129.44881,34.60722],[129.45007,34.60729],[129.45018,34.60657],[129.45109,34.60688],[129.45157,34.60564],[129.45201,34.60698],[129.45317,34.60706],[129.45428,34.60477],[129.45354,34.6026],[129.45497,34.60369],[129.45596,34.60373],[129.45517,34.60473],[129.45529,34.60524],[129.45608,34.60516],[129.45622,34.60553],[129.45561,34.60709],[129.45878,34.60741],[129.46,34.60935],[129.46023,34.6083],[129.46113,34.60845],[129.46181,34.60632],[129.45921,34.60623],[129.45877,34.6052],[129.46091,34.60568],[129.46284,34.60548],[129.46339,34.60612],[129.4656,34.60664],[129.46615,34.60607],[129.46487,34.60488],[129.4669,34.60518],[129.46769,34.60688],[129.46919,34.60691],[129.46937,34.60629],[129.4704,34.60817],[129.47096,34.60825],[129.4707,34.60673],[129.47117,34.60564],[129.46971,34.60413],[129.47078,34.60404],[129.4705,34.60334],[129.47104,34.60252],[129.47046,34.60179],[129.47061,34.60071],[129.47282,34.60044],[129.47386,34.60098],[129.47323,34.59946],[129.47397,34.59904],[129.47452,34.59732],[129.47328,34.59682],[129.47352,34.59579],[129.47307,34.59705],[129.47229,34.59678],[129.47212,34.59552],[129.47247,34.59516],[129.47342,34.59549],[129.47349,34.59478],[129.47397,34.59469],[129.47528,34.59506],[129.47651,34.59404],[129.47706,34.59468],[129.47827,34.59474],[129.4792,34.5954],[129.47891,34.59372],[129.47993,34.59331],[129.47841,34.59191],[129.47577,34.59113],[129.47368,34.58991],[129.47323,34.58841],[129.47177,34.58836],[129.47111,34.58762],[129.47584,34.58478],[129.47546,34.58333],[129.47264,34.57952],[129.47273,34.57763],[129.47166,34.57545],[129.47119,34.57529],[129.47212,34.57433],[129.47343,34.57416],[129.47285,34.57323],[129.47403,34.57326],[129.47529,34.57221],[129.47632,34.57224],[129.47494,34.5711],[129.47577,34.57016],[129.47543,34.56957],[129.47441,34.56936],[129.47346,34.56987],[129.47212,34.56945],[129.47041,34.5701],[129.46899,34.56838],[129.46951,34.56748],[129.4704,34.56759],[129.46977,34.56701],[129.46976,34.56427],[129.47163,34.56112],[129.4695,34.55986],[129.46963,34.5589],[129.47053,34.55908],[129.4695,34.55743],[129.46985,34.55594],[129.47087,34.55563],[129.47319,34.55627],[129.47307,34.55486],[129.47267,34.55444],[129.47092,34.55437],[129.47157,34.55335],[129.47139,34.5528],[129.46945,34.55148],[129.46834,34.5499],[129.46704,34.55058],[129.46513,34.55266],[129.46608,34.55385],[129.46312,34.55375],[129.4621,34.55209],[129.46139,34.55196],[129.4586,34.55241],[129.4577,34.5537],[129.45795,34.55422],[129.45627,34.55404],[129.4567,34.55372],[129.45637,34.55331],[129.4568,34.55198],[129.45885,34.55076],[129.459,34.54836],[129.46017,34.54602],[129.45955,34.54527],[129.45789,34.54528],[129.4586,34.54459],[129.45828,34.54376],[129.45952,34.54453],[129.46037,34.54343],[129.4613,34.54361],[129.46155,34.54419],[129.46193,34.54371],[129.46345,34.5438],[129.46353,34.5433],[129.46307,34.54195],[129.46107,34.54069],[129.46081,34.54004],[129.46132,34.53959],[129.46065,34.53743],[129.45682,34.5344],[129.45593,34.53198],[129.45378,34.53158],[129.45334,34.53371],[129.45235,34.53519],[129.45116,34.53443],[129.45222,34.53367],[129.45259,34.53263],[129.45209,34.53013],[129.45076,34.53088],[129.44983,34.52968],[129.44511,34.53053],[129.44478,34.52951],[129.44833,34.52833],[129.44907,34.52757],[129.44957,34.52825],[129.45062,34.52805],[129.45067,34.52643],[129.4514,34.52594],[129.45139,34.52431],[129.45091,34.52383],[129.45139,34.52341],[129.45116,34.52297],[129.4493,34.52255],[129.44547,34.51951],[129.44359,34.5192],[129.44335,34.517],[129.44164,34.51428],[129.43967,34.51429],[129.43999,34.51496],[129.43834,34.51502],[129.43739,34.5163],[129.43685,34.51597],[129.43688,34.51498],[129.43523,34.51403],[129.43523,34.51351],[129.43605,34.51328],[129.43666,34.51389],[129.43773,34.5128],[129.43901,34.51347],[129.43956,34.51339],[129.43746,34.5124],[129.43614,34.51258],[129.43524,34.51144],[129.43643,34.51097],[129.4363,34.51004],[129.43717,34.50922],[129.43733,34.5081],[129.43433,34.50447],[129.4281,34.50175],[129.42735,34.50102],[129.42761,34.50025],[129.42829,34.50043],[129.42786,34.49978],[129.42546,34.49868],[129.42275,34.49658],[129.42188,34.49661],[129.42119,34.49728],[129.42081,34.49647],[129.41995,34.49674],[129.42028,34.49507],[129.41991,34.49411],[129.41655,34.4913],[129.41312,34.48988],[129.4122,34.49107],[129.411,34.4917],[129.41077,34.49083],[129.40973,34.4908],[129.40931,34.49134],[129.40821,34.4911],[129.40795,34.49028],[129.40996,34.48934],[129.41048,34.48992],[129.41014,34.48916],[129.41134,34.4889],[129.41134,34.48815],[129.40959,34.48699],[129.40795,34.48796],[129.40615,34.48751],[129.40705,34.48644],[129.40833,34.4861],[129.40828,34.48535],[129.40709,34.48371],[129.40059,34.47804],[129.40126,34.47678],[129.39952,34.47681],[129.39931,34.47613],[129.39983,34.47528],[129.39904,34.47606],[129.39931,34.4769],[129.39891,34.4775],[129.39818,34.47748],[129.39772,34.47861],[129.39884,34.48058],[129.39798,34.48109],[129.39681,34.48051],[129.39771,34.4791],[129.39615,34.47835],[129.39762,34.47699],[129.39724,34.47655],[129.39838,34.4758],[129.39704,34.47457],[129.39771,34.47332],[129.3966,34.4722],[129.39534,34.47177],[129.39487,34.47276],[129.39267,34.47318],[129.39245,34.4722],[129.39415,34.47063],[129.39219,34.46892],[129.39203,34.46811],[129.39103,34.46781],[129.38926,34.46596],[129.38929,34.46523],[129.39121,34.46406],[129.38953,34.46312],[129.38758,34.46343],[129.38558,34.4627],[129.38347,34.4608],[129.38501,34.45889],[129.38654,34.45814],[129.38622,34.45729],[129.38253,34.45485],[129.38074,34.45498],[129.37775,34.45318],[129.37781,34.45241],[129.37966,34.45218],[129.37915,34.45159],[129.37818,34.45153],[129.37801,34.45101],[129.37716,34.45155],[129.3775,34.45223],[129.37696,34.45265],[129.37589,34.4528],[129.37552,34.45211],[129.37314,34.45298],[129.37317,34.45374],[129.37461,34.45376],[129.37546,34.45522],[129.37413,34.45578],[129.37474,34.45581],[129.37492,34.45637],[129.37411,34.45659],[129.3735,34.45634],[129.37392,34.45581],[129.37324,34.45553],[129.37206,34.45623],[129.37069,34.4546],[129.37108,34.45426],[129.37069,34.45285],[129.36855,34.45268],[129.36861,34.45193],[129.3698,34.45184],[129.37038,34.4507],[129.37212,34.45037],[129.37165,34.44956],[129.37215,34.44882],[129.37357,34.44848],[129.37293,34.44759],[129.37394,34.4476],[129.37385,34.44719],[129.37273,34.44636],[129.37179,34.44662],[129.37162,34.44604],[129.37345,34.44575],[129.37472,34.44623],[129.37465,34.44546],[129.37537,34.44472],[129.37443,34.44304],[129.37661,34.44173],[129.3754,34.44084],[129.37575,34.44007],[129.37859,34.44072],[129.37945,34.4399],[129.37858,34.43938],[129.3788,34.43914],[129.38099,34.44014],[129.3817,34.43954],[129.38277,34.44002],[129.38404,34.43991],[129.38337,34.43804],[129.38077,34.43777],[129.38102,34.43614],[129.3821,34.43568],[129.3823,34.43514],[129.38138,34.43471],[129.38176,34.43428],[129.38097,34.43298],[129.38311,34.43311],[129.38288,34.43235],[129.38386,34.43162],[129.38514,34.42979],[129.38514,34.42913],[129.38582,34.42885],[129.38573,34.42741],[129.38433,34.42731],[129.38416,34.42647],[129.38517,34.42568],[129.38437,34.42549],[129.38421,34.42457],[129.38302,34.42341],[129.38323,34.4247],[129.38245,34.42555],[129.38196,34.42749],[129.3826,34.42777],[129.38201,34.42781],[129.3819,34.4283],[129.38048,34.4268],[129.37949,34.42806],[129.38001,34.42967],[129.37784,34.42952],[129.3787,34.4343],[129.37807,34.43476],[129.37829,34.43409],[129.37664,34.43064],[129.37499,34.43052],[129.37498,34.43153],[129.37438,34.43212],[129.37568,34.43257],[129.37443,34.43355],[129.37461,34.43457],[129.3756,34.43451],[129.37577,34.43491],[129.3745,34.43533],[129.37522,34.43596],[129.37429,34.43639],[129.37411,34.43786],[129.37386,34.43401],[129.37301,34.43373],[129.37243,34.43468],[129.37256,34.43537],[129.37168,34.43503],[129.37151,34.43576],[129.37223,34.43623],[129.37137,34.43654],[129.3714,34.43815],[129.37079,34.43909],[129.37002,34.43845],[129.36962,34.43996],[129.36909,34.43977],[129.36916,34.43873],[129.37032,34.43746],[129.37055,34.43471],[129.36988,34.43426],[129.36895,34.43439],[129.36875,34.4351],[129.36927,34.43579],[129.3677,34.4355],[129.36843,34.43395],[129.37005,34.43314],[129.3698,34.43263],[129.36837,34.43173],[129.3662,34.43429],[129.3648,34.43391],[129.3662,34.43343],[129.36582,34.43233],[129.36639,34.43182],[129.36629,34.43122],[129.3657,34.43032],[129.36588,34.42719],[129.36535,34.42709],[129.3641,34.42829],[129.36732,34.4241],[129.36585,34.42328],[129.36516,34.42231],[129.36541,34.41985],[129.365,34.41948],[129.36597,34.41773],[129.367,34.41758],[129.36762,34.42114],[129.36855,34.42174],[129.36953,34.42153],[129.37159,34.42313],[129.37171,34.42419],[129.37116,34.42495],[129.36834,34.42631],[129.36895,34.42821],[129.3709,34.42693],[129.37118,34.42594],[129.37273,34.42457],[129.37343,34.42477],[129.37212,34.42584],[129.3724,34.42624],[129.37554,34.42587],[129.37644,34.42176],[129.37778,34.41985],[129.37783,34.41862],[129.37841,34.41834],[129.37794,34.41744],[129.37815,34.41655],[129.37923,34.41596],[129.37818,34.41417],[129.37928,34.41151],[129.37847,34.41161],[129.37801,34.41245],[129.37691,34.41295],[129.37649,34.41393],[129.37559,34.41346],[129.37617,34.41216],[129.37527,34.41193],[129.37435,34.41255],[129.37496,34.4119],[129.37417,34.4119],[129.3742,34.41158],[129.37714,34.41075],[129.37691,34.40951],[129.3758,34.41048],[129.37482,34.40979],[129.37556,34.40926],[129.37621,34.40754],[129.37597,34.40681],[129.37401,34.40823],[129.37398,34.40738],[129.37488,34.40609],[129.37411,34.40573],[129.37307,34.40706],[129.3717,34.40726],[129.37228,34.40633],[129.37127,34.40597],[129.37292,34.40453],[129.37218,34.40392],[129.36841,34.40722],[129.36796,34.40622],[129.36895,34.40625],[129.36941,34.40573],[129.36895,34.40485],[129.36927,34.4041],[129.36872,34.40377],[129.3689,34.40243],[129.36809,34.40207],[129.36724,34.40242],[129.36773,34.4017],[129.366,34.402],[129.36582,34.40243],[129.36541,34.40177],[129.36677,34.4014],[129.36721,34.40062],[129.36336,34.40011],[129.36364,34.39943],[129.36536,34.3994],[129.36654,34.39881],[129.36423,34.39733],[129.36359,34.39726],[129.3628,34.39795],[129.36192,34.39742],[129.36132,34.39682],[129.3621,34.39496],[129.36109,34.39518],[129.36018,34.39611],[129.36022,34.39492],[129.35891,34.39544],[129.35783,34.39514],[129.35741,34.39474],[129.35836,34.39399],[129.35804,34.39311],[129.35699,34.39348],[129.35639,34.39165],[129.35511,34.39085],[129.35435,34.38942],[129.35239,34.38839],[129.35192,34.38617],[129.35226,34.3857],[129.35355,34.38693],[129.35426,34.38636],[129.35602,34.38952],[129.35687,34.38981],[129.35764,34.38952],[129.3587,34.38783],[129.35784,34.39015],[129.35814,34.39052],[129.359,34.39],[129.36021,34.38977],[129.35883,34.39022],[129.35946,34.3915],[129.36109,34.39037],[129.3624,34.39149],[129.36345,34.39073],[129.36449,34.39066],[129.36368,34.39141],[129.36465,34.39195],[129.36654,34.39088],[129.36651,34.39162],[129.36941,34.39255],[129.36936,34.39351],[129.3709,34.39367],[129.37195,34.39496],[129.37636,34.39818],[129.378,34.39841],[129.37859,34.39807],[129.37665,34.39476],[129.37699,34.39444],[129.37824,34.39517],[129.3791,34.39492],[129.37963,34.39692],[129.38059,34.39685],[129.38119,34.39806],[129.38198,34.39842],[129.38244,34.39722],[129.38332,34.39659],[129.38341,34.39577],[129.38399,34.39537],[129.38413,34.39588],[129.38463,34.39533],[129.38468,34.39633],[129.38408,34.39644],[129.3839,34.39703],[129.38482,34.39862],[129.3855,34.3983],[129.38578,34.39656],[129.38736,34.39755],[129.38769,34.39903],[129.38627,34.39952],[129.38599,34.40022],[129.38617,34.40085],[129.38723,34.40088],[129.38704,34.40114],[129.38518,34.40107],[129.38408,34.40218],[129.38373,34.40333],[129.38427,34.4037],[129.38627,34.40344],[129.38764,34.40288],[129.38723,34.40144],[129.39014,34.40088],[129.38964,34.40207],[129.39023,34.40203],[129.39063,34.40284],[129.39,34.40326],[129.39005,34.40459],[129.39045,34.40536],[129.39168,34.40536],[129.39122,34.40629],[129.39145,34.40726],[129.39309,34.40781],[129.39341,34.40884],[129.39423,34.40911],[129.39418,34.41018],[129.39904,34.41259],[129.3951,34.40777],[129.39637,34.40636],[129.39432,34.4034],[129.39441,34.40304],[129.39481,34.40326],[129.39423,34.40232],[129.3955,34.40118],[129.39504,34.40033],[129.39368,34.39955],[129.39345,34.399],[129.39396,34.39873],[129.39272,34.3974],[129.39286,34.3964],[129.39219,34.39647],[129.3924,34.39584],[129.39187,34.39533],[129.39295,34.39562],[129.3924,34.39478],[129.39341,34.39474],[129.39418,34.39325],[129.392,34.39363],[129.39023,34.39485],[129.39058,34.39385],[129.3935,34.39292],[129.39382,34.39241],[129.39077,34.39166],[129.39049,34.3927],[129.39031,34.39173],[129.38936,34.39148],[129.38936,34.39085],[129.38801,34.39022],[129.3875,34.38941],[129.38746,34.38796],[129.38709,34.38774],[129.38778,34.38707],[129.38759,34.38655],[129.38923,34.38541],[129.38895,34.38457],[129.38964,34.38429],[129.38936,34.38333],[129.39077,34.38366],[129.39095,34.38263],[129.38582,34.38284],[129.38341,34.38481],[129.38314,34.38611],[129.38241,34.38633],[129.38199,34.38715],[129.38231,34.3881],[129.38372,34.38864],[129.38343,34.3895],[129.38515,34.39078],[129.38373,34.39041],[129.38244,34.38863],[129.38096,34.38861],[129.38061,34.38765],[129.37923,34.38672],[129.37885,34.3856],[129.37781,34.38618],[129.37809,34.38804],[129.37742,34.38763],[129.37412,34.38934],[129.37368,34.38882],[129.37405,34.3881],[129.37522,34.3877],[129.37595,34.38507],[129.37647,34.38528],[129.37754,34.38411],[129.38093,34.37948],[129.37932,34.37981],[129.37682,34.38203],[129.37545,34.38189],[129.37659,34.3804],[129.37719,34.37878],[129.37678,34.3783],[129.38087,34.37634],[129.38132,34.37448],[129.38286,34.372],[129.38213,34.37115],[129.38001,34.3717],[129.37765,34.37083],[129.3765,34.37217],[129.37516,34.37204],[129.37246,34.3695],[129.37241,34.36828],[129.37359,34.37046],[129.37527,34.3713],[129.37606,34.37056],[129.37568,34.37026],[129.38105,34.36746],[129.3819,34.36656],[129.38146,34.36774],[129.38328,34.369],[129.38436,34.37155],[129.38573,34.37122],[129.38491,34.36989],[129.38836,34.37052],[129.38923,34.36948],[129.38895,34.36863],[129.38627,34.36752],[129.38564,34.36686],[129.38613,34.366],[129.38564,34.36526],[129.38627,34.36489],[129.38668,34.36377],[129.38732,34.36456],[129.39127,34.36359],[129.39373,34.3617],[129.3935,34.35978],[129.39237,34.35933],[129.39187,34.35804],[129.39005,34.3573],[129.38881,34.356],[129.38987,34.35567],[129.39019,34.35456],[129.38964,34.35418],[129.38836,34.35445],[129.38914,34.35271],[129.38877,34.35215],[129.38801,34.35215],[129.38827,34.35093],[129.38764,34.35037],[129.38527,34.35192],[129.385,34.353],[129.38463,34.35296],[129.38463,34.35201],[129.38309,34.35204],[129.38587,34.34996],[129.38488,34.34974],[129.38537,34.34941],[129.38477,34.3487],[129.38373,34.34912],[129.38445,34.3486],[129.38431,34.34822],[129.3818,34.34698],[129.38094,34.34683],[129.38001,34.34735],[129.37971,34.3463],[129.37527,34.34604],[129.3751,34.34552],[129.3693,34.34715],[129.36953,34.34662],[129.3688,34.34624],[129.36787,34.34608],[129.36582,34.34693],[129.36509,34.34639],[129.36521,34.34474],[129.36788,34.34533],[129.37186,34.34432],[129.37154,34.34242],[129.37211,34.34378],[129.37273,34.34408],[129.37566,34.34391],[129.37611,34.34325],[129.37566,34.34263],[129.37633,34.34285],[129.37682,34.34247],[129.37685,34.34333],[129.3773,34.3436],[129.37907,34.34375],[129.38135,34.34293],[129.38244,34.3441],[129.38346,34.34357],[129.3839,34.34288],[129.3834,34.34258],[129.38401,34.3423],[129.3836,34.34169],[129.38439,34.34136],[129.38453,34.34324],[129.38503,34.34383],[129.38582,34.34369],[129.38643,34.34219],[129.38685,34.34447],[129.38605,34.34524],[129.38605,34.34596],[129.38817,34.34699],[129.38859,34.34633],[129.38824,34.34468],[129.38859,34.3438],[129.3881,34.34299],[129.38766,34.34302],[129.38817,34.34063],[129.38595,34.34072],[129.38895,34.33996],[129.39042,34.3388],[129.38973,34.33866],[129.39031,34.33766],[129.391,34.33816],[129.39375,34.33614],[129.39457,34.33487],[129.39402,34.33421],[129.393,34.3349],[129.39307,34.33387],[129.39191,34.33366],[129.3911,34.33518],[129.39039,34.33262],[129.39121,34.33127],[129.39031,34.33026],[129.39071,34.32946],[129.38974,34.3292],[129.38932,34.33016],[129.38957,34.33065],[129.3886,34.33045],[129.38844,34.33094],[129.38952,34.33233],[129.38862,34.33274],[129.38922,34.33401],[129.38888,34.33469],[129.38742,34.33105],[129.38655,34.3303],[129.38624,34.33055],[129.38685,34.3335],[129.3858,34.33039],[129.38511,34.33032],[129.38477,34.3321],[129.38522,34.33475],[129.38685,34.33592],[129.38669,34.3363],[129.38443,34.33467],[129.38388,34.33473],[129.38413,34.3355],[129.38376,34.33534],[129.38289,34.33412],[129.38311,34.33312],[129.38364,34.33287],[129.38194,34.33327],[129.38164,34.33474],[129.3811,34.33427],[129.38042,34.33444],[129.38095,34.33608],[129.38141,34.33628],[129.3806,34.33666],[129.3807,34.33787],[129.37988,34.33775],[129.38029,34.33729],[129.37992,34.33665],[129.38025,34.33609],[129.37939,34.3354],[129.37883,34.33603],[129.37749,34.3358],[129.37719,34.33629],[129.37611,34.33569],[129.37569,34.33633],[129.37562,34.33552],[129.37505,34.33539],[129.37443,34.33786],[129.37382,34.33696],[129.37321,34.33696],[129.3735,34.33635],[129.37307,34.33615],[129.37254,34.3364],[129.37273,34.33793],[129.37162,34.33653],[129.37177,34.33516],[129.37113,34.33757],[129.37037,34.33671],[129.3699,34.33679],[129.3706,34.3383],[129.3702,34.33881],[129.36918,34.33707],[129.36819,34.33716],[129.36614,34.33836],[129.36445,34.33845],[129.3652,34.33716],[129.36768,34.33595],[129.36652,34.335],[129.36884,34.33508],[129.36953,34.33417],[129.36907,34.33385],[129.37144,34.33299],[129.37164,34.33252],[129.37064,34.33199],[129.36869,34.33285],[129.36872,34.33211],[129.36773,34.33139],[129.36495,34.33174],[129.36424,34.33121],[129.36439,34.33057],[129.36723,34.33014],[129.36935,34.3305],[129.36988,34.33123],[129.37173,34.33069],[129.37273,34.33142],[129.37324,34.3313],[129.37398,34.33082],[129.37399,34.32941],[129.37464,34.32854],[129.37713,34.32716],[129.37569,34.32586],[129.37518,34.32664],[129.37495,34.32557],[129.37324,34.32582],[129.37167,34.32531],[129.37331,34.32494],[129.37403,34.3243],[129.37667,34.32478],[129.37821,34.32457],[129.3778,34.32371],[129.37803,34.32308],[129.37749,34.32243],[129.37835,34.32138],[129.37705,34.3198],[129.37638,34.32008],[129.37652,34.32141],[129.37586,34.32302],[129.37514,34.32236],[129.37598,34.3216],[129.37524,34.32104],[129.3758,34.32037],[129.37559,34.31999],[129.37435,34.32043],[129.37399,34.32114],[129.37351,34.32074],[129.37313,34.32193],[129.37296,34.3203],[129.37189,34.3202],[129.37203,34.32154],[129.37165,34.32162],[129.37107,34.32056],[129.37237,34.31923],[129.37476,34.31952],[129.37522,34.31882],[129.37865,34.31779],[129.37896,34.31721],[129.37882,34.31562],[129.37829,34.31533],[129.37841,34.31432],[129.37943,34.31463],[129.37981,34.31285],[129.37896,34.31194],[129.37794,34.3126],[129.37772,34.31159],[129.37582,34.31094],[129.3736,34.3118],[129.37449,34.31268],[129.37385,34.31318],[129.37374,34.31435],[129.37487,34.31525],[129.3763,34.31528],[129.37569,34.31577],[129.3765,34.31606],[129.37685,34.31696],[129.37582,34.31689],[129.37556,34.31749],[129.37481,34.31663],[129.37434,34.31741],[129.37376,34.31738],[129.37362,34.31683],[129.37423,34.31613],[129.37302,34.31557],[129.37305,34.31437],[129.3719,34.31455],[129.37138,34.31568],[129.37168,34.3163],[129.3711,34.31663],[129.37182,34.31746],[129.37093,34.31716],[129.37069,34.31752],[129.37141,34.31828],[129.37055,34.31838],[129.37011,34.31913],[129.37121,34.323],[129.37041,34.32277],[129.3698,34.32069],[129.36779,34.32178],[129.36971,34.32011],[129.36944,34.31972],[129.36844,34.32014],[129.36919,34.31942],[129.36922,34.31807],[129.37025,34.31691],[129.37022,34.31558],[129.36939,34.31574],[129.36811,34.31746],[129.36851,34.31883],[129.368,34.31897],[129.36726,34.31819],[129.3666,34.31855],[129.36701,34.32086],[129.36599,34.3191],[129.36541,34.31924],[129.36544,34.32072],[129.3648,34.3193],[129.36398,34.32046],[129.36361,34.31944],[129.36317,34.32003],[129.36282,34.31927],[129.36149,34.31916],[129.36057,34.31844],[129.36503,34.3183],[129.36811,34.31666],[129.36797,34.31574],[129.37077,34.31383],[129.3708,34.31263],[129.37154,34.31252],[129.37179,34.31199],[129.37035,34.31069],[129.36923,34.31094],[129.36807,34.31027],[129.36688,34.31221],[129.36552,34.31294],[129.36569,34.31383],[129.36524,34.3138],[129.36422,34.31513],[129.36303,34.31547],[129.36483,34.31324],[129.36405,34.31239],[129.36524,34.31247],[129.36596,34.3113],[129.3653,34.31022],[129.36422,34.31055],[129.36384,34.31005],[129.36411,34.30966],[129.36497,34.30974],[129.36472,34.3083],[129.36657,34.30817],[129.36633,34.30644],[129.36579,34.30602],[129.365,34.30658],[129.36517,34.30591],[129.36422,34.30555],[129.3621,34.30613],[129.36265,34.30525],[129.36187,34.30519],[129.36122,34.30411],[129.36143,34.30347],[129.36331,34.30374],[129.36375,34.30316],[129.36022,34.30138],[129.35713,34.3008],[129.35693,34.29997],[129.35737,34.29936],[129.35662,34.29916],[129.35375,34.29572],[129.35273,34.2957],[129.35378,34.297],[129.3531,34.29769],[129.35301,34.29674],[129.35177,34.29621],[129.35133,34.29724],[129.35041,34.29755],[129.35055,34.29847],[129.35142,34.29886],[129.35075,34.29894],[129.35075,34.29936],[129.3517,34.29974],[129.35086,34.29992],[129.3511,34.30061],[129.35044,34.30035],[129.34977,34.29886],[129.34854,34.29841],[129.3484,34.301],[129.34963,34.30205],[129.35,34.30364],[129.35082,34.30383],[129.35133,34.30517],[129.35304,34.30663],[129.35381,34.30692],[129.35548,34.30642],[129.35552,34.30719],[129.35662,34.30776],[129.357,34.30913],[129.35583,34.31042],[129.35551,34.31032],[129.35652,34.30942],[129.35626,34.30808],[129.35319,34.30882],[129.3524,34.30708],[129.35128,34.30704],[129.35043,34.30756],[129.34956,34.30538],[129.34892,34.3059],[129.34907,34.30734],[129.34875,34.30602],[129.34887,34.30472],[129.34811,34.30402],[129.34905,34.30324],[129.34841,34.30277],[129.34692,34.30294],[129.34634,34.30168],[129.34678,34.30114],[129.34655,34.30045],[129.34565,34.2999],[129.34443,34.30016],[129.34446,34.30137],[129.34516,34.3019],[129.34397,34.30232],[129.34487,34.30416],[129.34385,34.3028],[129.34301,34.30397],[129.34396,34.30645],[129.34237,34.30383],[129.34172,34.30401],[129.34237,34.30784],[129.3437,34.30963],[129.34211,34.30863],[129.34265,34.30995],[129.34118,34.30978],[129.34132,34.31137],[129.34066,34.31043],[129.34111,34.30793],[129.33998,34.30859],[129.34112,34.30738],[129.34066,34.30572],[129.33929,34.30569],[129.33959,34.30639],[129.33862,34.30805],[129.33909,34.30872],[129.33869,34.30875],[129.33833,34.30801],[129.33863,34.30636],[129.33801,34.30558],[129.33717,34.30584],[129.33735,34.30512],[129.3365,34.30419],[129.33601,34.30509],[129.33454,34.30532],[129.33476,34.30606],[129.33705,34.30694],[129.33673,34.30756],[129.33898,34.31199],[129.34056,34.31333],[129.33882,34.31283],[129.33903,34.31406],[129.33949,34.31432],[129.33915,34.31444],[129.33913,34.31611],[129.33857,34.31621],[129.33757,34.31342],[129.33633,34.31199],[129.33576,34.30992],[129.33589,34.30779],[129.33461,34.30722],[129.33454,34.30914],[129.33575,34.31224],[129.33509,34.31199],[129.33494,34.31259],[129.33682,34.31348],[129.33703,34.31449],[129.33615,34.31381],[129.33605,34.31462],[129.33679,34.31556],[129.33734,34.31552],[129.33782,34.31701],[129.33755,34.31728],[129.33663,34.31643],[129.33575,34.31734],[129.33694,34.31748],[129.33703,34.31791],[129.33621,34.31755],[129.33541,34.31793],[129.3361,34.31862],[129.33544,34.31881],[129.33445,34.31804],[129.3341,34.31851],[129.33342,34.31833],[129.33332,34.31879],[129.33485,34.32027],[129.33699,34.31924],[129.33624,34.32055],[129.33685,34.321],[129.33779,34.32086],[129.33866,34.3185],[129.33969,34.31931],[129.33964,34.31987],[129.3418,34.32073],[129.3392,34.32027],[129.33892,34.32068],[129.33927,34.32109],[129.34133,34.32135],[129.34014,34.32152],[129.34064,34.32212],[129.3392,34.32135],[129.3383,34.32149],[129.33917,34.32259],[129.33814,34.32226],[129.33775,34.32257],[129.33848,34.32367],[129.33953,34.32386],[129.34201,34.32313],[129.34345,34.32378],[129.34464,34.3236],[129.34539,34.32209],[129.34588,34.32232],[129.34678,34.32186],[129.34706,34.32143],[129.34643,34.32102],[129.34892,34.32093],[129.35018,34.32038],[129.3506,34.31934],[129.3522,34.31952],[129.35247,34.31894],[129.35409,34.31843],[129.3525,34.32023],[129.35275,34.32128],[129.3511,34.32076],[129.35182,34.32164],[129.35124,34.32285],[129.35052,34.3222],[129.35015,34.32261],[129.35064,34.32335],[129.34937,34.3229],[129.35027,34.32419],[129.34947,34.32417],[129.34818,34.32321],[129.34898,34.32509],[129.34866,34.32553],[129.34794,34.32465],[129.34693,34.32515],[129.3467,34.32595],[129.34731,34.32683],[129.34629,34.32639],[129.34593,34.32738],[129.34513,34.32746],[129.34292,34.32635],[129.34312,34.32691],[129.34605,34.32864],[129.34675,34.33],[129.34742,34.32886],[129.3476,34.33078],[129.34832,34.33078],[129.34847,34.32957],[129.34861,34.32963],[129.3485,34.33034],[129.34925,34.33086],[129.3471,34.33194],[129.34724,34.33327],[129.34783,34.3333],[129.35101,34.33059],[129.35154,34.33083],[129.35047,34.33271],[129.35114,34.33309],[129.35003,34.33411],[129.3489,34.33439],[129.34908,34.33508],[129.35026,34.3354],[129.35049,34.33652],[129.34997,34.33664],[129.34957,34.33582],[129.34893,34.33609],[129.34883,34.33547],[129.34806,34.3356],[129.34763,34.33461],[129.34693,34.33477],[129.34687,34.33546],[129.34612,34.33424],[129.34519,34.33455],[129.34509,34.33561],[129.34286,34.33654],[129.34405,34.33723],[129.34509,34.33707],[129.345,34.33766],[129.34574,34.33811],[129.34837,34.33726],[129.34892,34.33772],[129.35174,34.33801],[129.35217,34.33768],[129.35215,34.33509],[129.3536,34.33449],[129.35391,34.33517],[129.35255,34.33591],[129.35333,34.33748],[129.35598,34.33739],[129.35693,34.33634],[129.35774,34.33621],[129.35738,34.33732],[129.35812,34.33793],[129.35914,34.33756],[129.35966,34.33808],[129.35813,34.33829],[129.35783,34.33883],[129.35316,34.33865],[129.35519,34.3396],[129.35384,34.34005],[129.35502,34.34098],[129.35616,34.3412],[129.35569,34.34145],[129.35593,34.34221],[129.3552,34.34174],[129.35398,34.34193],[129.35203,34.34007],[129.35102,34.34017],[129.35096,34.34134],[129.35035,34.34104],[129.3512,34.34231],[129.35284,34.34221],[129.35182,34.34287],[129.3525,34.34283],[129.35319,34.34398],[129.35404,34.34382],[129.35375,34.34441],[129.35491,34.34474],[129.35574,34.34439],[129.35575,34.34493],[129.35413,34.34544],[129.35148,34.34428],[129.35096,34.34468],[129.35032,34.34373],[129.34985,34.34415],[129.34936,34.34239],[129.3487,34.34181],[129.34866,34.34357],[129.34799,34.34285],[129.34777,34.34141],[129.34722,34.34136],[129.34718,34.3428],[129.3486,34.34481],[129.35241,34.34589],[129.35377,34.34689],[129.35255,34.34685],[129.35264,34.34793],[129.35091,34.34737],[129.35145,34.34878],[129.35073,34.34881],[129.34878,34.34655],[129.34651,34.34544],[129.34701,34.34685],[129.34841,34.34722],[129.34791,34.34756],[129.34841,34.34829],[129.34924,34.34819],[129.3505,34.34889],[129.35,34.34922],[129.35046,34.34974],[129.34878,34.34908],[129.3494,34.35111],[129.34841,34.35152],[129.35018,34.35293],[129.34924,34.3533],[129.34722,34.353],[129.34554,34.35204],[129.344,34.3523],[129.34568,34.35323],[129.34446,34.3537],[129.34554,34.35448],[129.34527,34.35504],[129.34777,34.35626],[129.34382,34.35623],[129.34527,34.35696],[129.34537,34.35767],[129.34164,34.35611],[129.34005,34.35644],[129.34165,34.35675],[129.343,34.35783],[129.34153,34.35809],[129.34141,34.35903],[129.34423,34.35896],[129.34264,34.35966],[129.34246,34.36022],[129.34387,34.36015],[129.34322,34.36137],[129.34487,34.36085],[129.34545,34.36011],[129.34573,34.36088],[129.34464,34.36129],[129.34428,34.362],[129.34586,34.36167],[129.34846,34.363],[129.35027,34.36126],[129.34963,34.362],[129.34991,34.36296],[129.35055,34.36237],[129.35218,34.36381],[129.35268,34.36555],[129.35186,34.3653],[129.35064,34.36397],[129.34919,34.36377],[129.34777,34.3653],[129.34882,34.366],[129.34669,34.36686],[129.34655,34.36745],[129.34782,34.36881],[129.34759,34.36941],[129.34823,34.37004],[129.34869,34.37178],[129.35023,34.37178],[129.35037,34.37262],[129.35209,34.37278],[129.35346,34.37385],[129.35564,34.37307],[129.35636,34.37333],[129.35482,34.37392],[129.35555,34.37474],[129.35491,34.37496],[129.35282,34.37377],[129.352,34.37392],[129.35181,34.37448],[129.35096,34.37426],[129.35119,34.37515],[129.34995,34.37426],[129.3495,34.37489],[129.35004,34.37559],[129.34931,34.37593],[129.34887,34.37704],[129.34713,34.37733],[129.34791,34.37663],[129.34795,34.37574],[129.34614,34.37289],[129.34513,34.37366],[129.34541,34.37456],[129.34499,34.37437],[129.34423,34.37496],[129.34437,34.37356],[129.34341,34.37329],[129.34536,34.37266],[129.34504,34.37144],[129.34387,34.37144],[129.34178,34.37356],[129.34178,34.37255],[129.34242,34.37155],[129.34364,34.37081],[129.34391,34.36963],[129.34309,34.36959],[129.34382,34.36863],[129.34332,34.36833],[129.34068,34.36974],[129.34033,34.36941],[129.34327,34.36774],[129.34318,34.36704],[129.34149,34.36746],[129.3415,34.36637],[129.34072,34.36618],[129.33882,34.36756],[129.33868,34.36937],[129.33778,34.36944],[129.33705,34.36796],[129.33636,34.36792],[129.33601,34.36637],[129.33503,34.36546],[129.33514,34.36485],[129.3343,34.36346],[129.33357,34.36339],[129.33259,34.36501],[129.33341,34.36696],[129.3325,34.36815],[129.3336,34.37099],[129.333,34.37151],[129.33396,34.3727],[129.3355,34.37329],[129.33633,34.37474],[129.33796,34.37544],[129.33895,34.37692],[129.33828,34.37818],[129.33887,34.37943],[129.33787,34.38057],[129.3379,34.38184],[129.33759,34.38015],[129.33654,34.37963],[129.33633,34.37882],[129.33546,34.37855],[129.3355,34.37792],[129.33496,34.37774],[129.33514,34.37729],[129.33396,34.37578],[129.33282,34.37578],[129.33319,34.37519],[129.33286,34.37451],[129.33201,34.37397],[129.33123,34.37433],[129.33091,34.37289],[129.33036,34.37322],[129.33082,34.37185],[129.32951,34.37196],[129.33032,34.37092],[129.32873,34.37099],[129.32974,34.37004],[129.32846,34.37056],[129.32841,34.37007],[129.32942,34.36955],[129.329,34.36889],[129.32983,34.36867],[129.3296,34.36767],[129.32804,34.36859],[129.32678,34.36855],[129.32821,34.36756],[129.32888,34.36602],[129.32887,34.3642],[129.32832,34.36411],[129.32804,34.36589],[129.3265,34.36711],[129.32563,34.367],[129.32519,34.36811],[129.32333,34.369],[129.32292,34.36989],[129.3215,34.36981],[129.32037,34.37033],[129.32064,34.36878],[129.32342,34.3677],[129.32473,34.36611],[129.32368,34.36641],[129.32395,34.36582],[129.32264,34.36596],[129.32255,34.36548],[129.32469,34.36508],[129.32345,34.36463],[129.32319,34.36363],[129.32405,34.36359],[129.32428,34.36418],[129.32591,34.36363],[129.32582,34.36314],[129.32455,34.36296],[129.32455,34.36252],[129.32682,34.36211],[129.32691,34.36104],[129.32827,34.36108],[129.32891,34.35974],[129.32774,34.3584],[129.32728,34.35974],[129.32505,34.35941],[129.32418,34.36007],[129.32418,34.36108],[129.32363,34.36126],[129.32301,34.36259],[129.32214,34.36097],[129.32132,34.36063],[129.32186,34.35952],[129.32214,34.36018],[129.32255,34.36011],[129.32414,34.35763],[129.32487,34.3577],[129.32605,34.35611],[129.32577,34.35137],[129.32623,34.35063],[129.32559,34.34989],[129.32478,34.35048],[129.32423,34.34941],[129.32354,34.34962],[129.32237,34.35081],[129.32241,34.35237],[129.32132,34.35255],[129.3211,34.353],[129.32237,34.35334],[129.322,34.35382],[129.32083,34.35386],[129.32164,34.35478],[129.32101,34.35481],[129.32159,34.35551],[129.32101,34.35607],[129.32115,34.35674],[129.31991,34.35682],[129.31973,34.35201],[129.32055,34.35011],[129.32014,34.34889],[129.31936,34.34985],[129.31897,34.349],[129.31991,34.34804],[129.31982,34.34678],[129.31887,34.34549],[129.31819,34.34955],[129.31832,34.35363],[129.31791,34.35374],[129.31704,34.35208],[129.31674,34.34867],[129.3161,34.34833],[129.31642,34.34767],[129.31555,34.34648],[129.31601,34.3463],[129.31532,34.3453],[129.31442,34.34007],[129.31401,34.33985],[129.31364,34.34041],[129.31282,34.33989],[129.31132,34.34],[129.31044,34.33745],[129.30775,34.3368],[129.30752,34.33723],[129.30868,34.33926],[129.31059,34.34034],[129.31114,34.34167],[129.31068,34.34267],[129.31086,34.34522],[129.31201,34.34663],[129.3121,34.3477],[129.30992,34.34511],[129.30818,34.34127],[129.30592,34.34086],[129.30578,34.34256],[129.30778,34.34366],[129.30764,34.34481],[129.30664,34.34526],[129.30732,34.34456],[129.30687,34.34355],[129.3036,34.34167],[129.30305,34.34086],[129.30241,34.34089],[129.30176,34.34235],[129.30183,34.34366],[129.30046,34.34429],[129.30101,34.34585],[129.30194,34.34657],[129.3006,34.34689],[129.29991,34.34952],[129.30101,34.35104],[129.30218,34.35152],[129.30319,34.35086],[129.30436,34.35104],[129.30533,34.35059],[129.3061,34.35145],[129.3056,34.35244],[129.30787,34.353],[129.30841,34.35407],[129.30891,34.35396],[129.30928,34.35448],[129.3111,34.35433],[129.31119,34.35471],[129.31001,34.35567],[129.31125,34.3564],[129.31013,34.35778],[129.31033,34.35844],[129.31234,34.3597],[129.31184,34.36076],[129.31173,34.36005],[129.31042,34.35955],[129.30824,34.35585],[129.30551,34.35448],[129.30592,34.357],[129.30459,34.35815],[129.30528,34.35837],[129.30523,34.35915],[129.30374,34.35911],[129.30346,34.35966],[129.30401,34.36034],[129.30255,34.36104],[129.30278,34.36241],[129.30351,34.36302],[129.30295,34.36432],[129.30356,34.36467],[129.30444,34.36418],[129.30365,34.36531],[129.30418,34.36555],[129.30409,34.36634],[129.30227,34.36722],[129.30374,34.36756],[129.3045,34.36715],[129.30464,34.36763],[129.30569,34.36774],[129.3045,34.36833],[129.30473,34.36889],[129.30436,34.36907],[129.30346,34.36878],[129.30333,34.36826],[129.30273,34.36844],[129.30282,34.37011],[129.30241,34.37022],[129.30214,34.36833],[129.29973,34.36625],[129.29864,34.36752],[129.29855,34.37025],[129.29901,34.37088],[129.29942,34.37015],[129.30096,34.37067],[129.3006,34.37115],[129.30137,34.37196],[129.30124,34.37289],[129.3031,34.37333],[129.30432,34.3723],[129.30414,34.37159],[129.30455,34.37111],[129.30606,34.37129],[129.3061,34.372],[129.30546,34.37218],[129.30523,34.37285],[129.30597,34.37352],[129.30496,34.37418],[129.30296,34.37422],[129.30323,34.375],[129.30383,34.3753],[129.30446,34.3747],[129.30555,34.37645],[129.30641,34.37607],[129.307,34.37489],[129.30728,34.37715],[129.3085,34.37733],[129.30769,34.37778],[129.3076,34.37837],[129.30992,34.3777],[129.309,34.37889],[129.30905,34.38004],[129.31093,34.37951],[129.3101,34.38023],[129.31024,34.38094],[129.30868,34.38181],[129.30833,34.38284],[129.30909,34.38347],[129.30955,34.38237],[129.31155,34.38196],[129.31335,34.38287],[129.31309,34.38486],[129.31135,34.38827],[129.31338,34.39049],[129.31648,34.39217],[129.31301,34.39068],[129.30996,34.38752],[129.31118,34.38648],[129.31237,34.38437],[129.31221,34.38397],[129.30986,34.38413],[129.31016,34.38474],[129.30923,34.38572],[129.30714,34.38482],[129.30659,34.38403],[129.30525,34.38385],[129.30528,34.38481],[129.30388,34.38633],[129.30316,34.38464],[129.30542,34.38248],[129.30528,34.38174],[129.30446,34.38119],[129.30232,34.38052],[129.30105,34.38103],[129.30096,34.38181],[129.29995,34.38119],[129.29855,34.38207],[129.29901,34.38288],[129.29733,34.38359],[129.29693,34.38471],[129.29538,34.38492],[129.29706,34.38155],[129.30046,34.37974],[129.29814,34.37792],[129.29687,34.37822],[129.29706,34.37715],[129.29582,34.37559],[129.29327,34.37559],[129.29405,34.37751],[129.29374,34.37866],[129.29328,34.37866],[129.29324,34.37759],[129.2926,34.37663],[129.29164,34.3767],[129.2915,34.37622],[129.28982,34.37781],[129.29123,34.37974],[129.29014,34.37914],[129.28927,34.37977],[129.28883,34.37907],[129.28851,34.38015],[129.2867,34.38077],[129.28665,34.38148],[129.28718,34.38185],[129.28665,34.38221],[129.28674,34.38284],[129.28918,34.38418],[129.2895,34.38548],[129.28821,34.38786],[129.28665,34.38904],[129.28596,34.3887],[129.28569,34.38778],[129.2881,34.38607],[129.28792,34.38485],[129.28555,34.38408],[129.28429,34.38451],[129.28464,34.38366],[129.28415,34.38263],[129.28277,34.38336],[129.28142,34.38336],[129.28351,34.38237],[129.28374,34.38185],[129.28482,34.38185],[129.28392,34.38036],[129.2856,34.37874],[129.28474,34.37774],[129.28642,34.3783],[129.28638,34.37696],[129.28728,34.3767],[129.289,34.37448],[129.29262,34.37313],[129.29237,34.37237],[129.29111,34.37155],[129.28976,34.37167],[129.2901,34.36889],[129.28923,34.36718],[129.28927,34.36618],[129.28856,34.36548],[129.28787,34.36537],[129.28732,34.366],[129.28709,34.36519],[129.28628,34.36522],[129.28656,34.3674],[129.28578,34.36892],[129.28505,34.36652],[129.28396,34.36625],[129.28264,34.36844],[129.28197,34.36848],[129.28268,34.36681],[129.28096,34.36618],[129.27946,34.36722],[129.28015,34.36574],[129.27965,34.3644],[129.27864,34.36489],[129.27818,34.36398],[129.27943,34.363],[129.27946,34.36207],[129.27992,34.36211],[129.28101,34.36352],[129.28068,34.36422],[129.2816,34.36511],[129.28364,34.36452],[129.28491,34.36296],[129.28442,34.36203],[129.28496,34.36167],[129.28491,34.36108],[129.28442,34.36052],[129.28491,34.36],[129.28461,34.35963],[129.28337,34.35978],[129.28424,34.35851],[129.28569,34.35867],[129.28696,34.35989],[129.28892,34.35892],[129.28851,34.35736],[129.28982,34.35785],[129.29046,34.35756],[129.29069,34.35822],[129.29246,34.35874],[129.29301,34.35689],[129.29573,34.35456],[129.29782,34.3556],[129.2991,34.35474],[129.29664,34.35341],[129.29301,34.35445],[129.29288,34.35361],[129.29544,34.35292],[129.29521,34.35167],[129.29428,34.35144],[129.29324,34.3528],[129.2924,34.35283],[129.29179,34.35215],[129.29066,34.35306],[129.29065,34.35407],[129.28905,34.35418],[129.28856,34.35637],[129.28796,34.35644],[129.2875,34.35215],[129.28892,34.35185],[129.29011,34.34988],[129.29111,34.35033],[129.2912,34.34904],[129.29208,34.34885],[129.29127,34.34616],[129.29155,34.34482],[129.28815,34.33892],[129.28741,34.33922],[129.28787,34.34134],[129.28709,34.34292],[129.28888,34.34315],[129.28662,34.34598],[129.28758,34.34676],[129.28857,34.34665],[129.28866,34.34717],[129.2876,34.34763],[129.28718,34.34881],[129.28532,34.34837],[129.28378,34.34874],[129.28346,34.34941],[129.28378,34.35037],[129.28123,34.35163],[129.28142,34.35208],[129.2805,34.35303],[129.2811,34.35359],[129.28105,34.35422],[129.27951,34.35404],[129.28006,34.35086],[129.28206,34.35035],[129.28175,34.34873],[129.2811,34.34819],[129.2796,34.3484],[129.27951,34.34793],[129.28224,34.34704],[129.28332,34.3476],[129.28451,34.34747],[129.28442,34.34592],[129.28361,34.34524],[129.284,34.34376],[129.28369,34.34352],[129.28067,34.34412],[129.27982,34.34634],[129.27855,34.34699],[129.27818,34.34907],[129.27906,34.35012],[129.27818,34.35274],[129.27719,34.354],[129.27498,34.35473],[129.27231,34.35473],[129.27118,34.35416],[129.26929,34.35462],[129.27025,34.35563],[129.27332,34.35515],[129.27072,34.35596],[129.27187,34.35711],[129.27144,34.3576],[129.26831,34.35692],[129.26795,34.3561],[129.26544,34.35512],[129.26557,34.35475],[129.26428,34.35441],[129.26244,34.35495],[129.26199,34.35451]]],[[[129.39225,34.63997],[129.39258,34.6402],[129.39283,34.6399],[129.39225,34.63997]]],[[[129.42968,34.71918],[129.43031,34.71907],[129.42944,34.71839],[129.42931,34.71857],[129.42968,34.71918]]],[[[129.44177,34.5134],[129.44273,34.51332],[129.44169,34.51241],[129.44155,34.51257],[129.44177,34.5134]]],[[[129.45453,34.52199],[129.45389,34.52199],[129.45455,34.52242],[129.45453,34.52199]]],[[[129.4645,34.54393],[129.46418,34.54343],[129.46386,34.54332],[129.4642,34.54397],[129.4645,34.54393]]],[[[129.47164,34.56032],[129.47109,34.56014],[129.47156,34.56057],[129.47164,34.56032]]],[[[129.47202,34.56082],[129.47214,34.56129],[129.47255,34.56145],[129.47202,34.56082]]],[[[129.47677,34.59855],[129.47679,34.59925],[129.47791,34.59968],[129.47757,34.59853],[129.47677,34.59855]]],[[[129.47811,34.5993],[129.47886,34.60017],[129.47956,34.59974],[129.47842,34.59917],[129.47811,34.5993]]],[[[129.46437,34.61377],[129.46411,34.61266],[129.46449,34.61246],[129.46388,34.61206],[129.46289,34.61377],[129.46362,34.61529],[129.46425,34.61539],[129.4651,34.61447],[129.46437,34.61377]]],[[[129.44679,34.61392],[129.44657,34.61412],[129.44693,34.61396],[129.44679,34.61392]]],[[[129.44056,34.61504],[129.44051,34.61531],[129.44073,34.61511],[129.44056,34.61504]]],[[[129.47391,34.62744],[129.47434,34.6271],[129.47431,34.62681],[129.47384,34.6271],[129.47391,34.62744]]],[[[129.48741,34.62932],[129.48686,34.62923],[129.48548,34.63043],[129.48613,34.63156],[129.48724,34.63178],[129.48732,34.63098],[129.48812,34.63123],[129.48815,34.63175],[129.48886,34.63137],[129.4886,34.63038],[129.48771,34.63007],[129.48741,34.62932]]],[[[129.47894,34.67957],[129.47912,34.68122],[129.47799,34.68262],[129.47938,34.68332],[129.48014,34.68231],[129.48182,34.68303],[129.48258,34.68283],[129.48162,34.68076],[129.47946,34.67945],[129.47894,34.67957]]],[[[129.47901,34.69411],[129.47941,34.69479],[129.47938,34.69411],[129.47901,34.69411]]],[[[129.45632,34.69623],[129.4562,34.69576],[129.45567,34.69591],[129.45572,34.69622],[129.45632,34.69623]]],[[[129.44088,34.70063],[129.4404,34.70013],[129.44025,34.70024],[129.44088,34.70063]]],[[[129.45434,34.7021],[129.45466,34.70258],[129.45481,34.70208],[129.45434,34.7021]]],[[[129.45601,34.70321],[129.45646,34.70291],[129.45616,34.7025],[129.45561,34.7027],[129.45601,34.70321]]],[[[129.46322,34.70286],[129.46327,34.70343],[129.46405,34.70336],[129.4637,34.70285],[129.46322,34.70286]]],[[[129.44391,34.70487],[129.44424,34.7062],[129.44509,34.7062],[129.44535,34.70497],[129.44391,34.70487]]],[[[129.44082,34.7056],[129.43704,34.70598],[129.43541,34.70435],[129.43278,34.70325],[129.43274,34.70569],[129.4339,34.70662],[129.43425,34.70793],[129.43553,34.70784],[129.43651,34.7066],[129.43791,34.70745],[129.43956,34.70685],[129.44031,34.70764],[129.44124,34.70634],[129.44082,34.7056]]],[[[129.4625,34.70543],[129.46307,34.70586],[129.46286,34.70532],[129.4625,34.70543]]],[[[129.4424,34.70655],[129.44362,34.70701],[129.44392,34.70654],[129.44307,34.70624],[129.4424,34.70655]]],[[[129.44005,34.70865],[129.43977,34.70845],[129.43943,34.7086],[129.43957,34.70885],[129.44005,34.70865]]],[[[129.44212,34.70937],[129.44162,34.70952],[129.44214,34.70995],[129.44212,34.70937]]],[[[129.44964,34.72363],[129.44891,34.72329],[129.44914,34.72369],[129.44964,34.72363]]],[[[129.44314,34.72426],[129.44454,34.72429],[129.44485,34.72387],[129.44412,34.72316],[129.44267,34.7236],[129.44314,34.72426]]],[[[129.44535,34.72389],[129.44495,34.72403],[129.44504,34.72452],[129.44551,34.72454],[129.44535,34.72389]]],[[[129.44576,34.72509],[129.44651,34.72519],[129.44647,34.72469],[129.44584,34.72478],[129.44576,34.72509]]],[[[129.44989,34.72627],[129.45031,34.72607],[129.44971,34.72577],[129.44989,34.72627]]],[[[129.44806,34.72589],[129.44791,34.72621],[129.44824,34.72633],[129.44844,34.72617],[129.44806,34.72589]]]]}},{"type":"Feature","properties":{"id":"muni-42210","name":"壱岐市"},"geometry":{"type":"MultiPolygon","coordinates":[[[[129.6265,33.69886],[129.62423,33.69855],[129.62372,33.69935],[129.6243,33.69988],[129.62456,33.70119],[129.62598,33.6999],[129.62726,33.69996],[129.6265,33.69886]]],[[[129.62663,33.70066],[129.62662,33.70213],[129.62737,33.70215],[129.62814,33.70151],[129.62663,33.70066]]],[[[129.62568,33.7037],[129.62597,33.70325],[129.62548,33.70303],[129.6253,33.70335],[129.62568,33.7037]]],[[[129.65627,33.70885],[129.65585,33.70875],[129.65552,33.70923],[129.65605,33.70923],[129.65627,33.70885]]],[[[129.6519,33.70971],[129.65008,33.71123],[129.65183,33.71135],[129.65249,33.71056],[129.6519,33.70971]]],[[[129.64819,33.7115],[129.64967,33.71185],[129.64978,33.71102],[129.64897,33.71085],[129.64819,33.7115]]],[[[129.64769,33.73023],[129.64808,33.73074],[129.64903,33.72994],[129.64844,33.72935],[129.6484,33.72845],[129.64909,33.72852],[129.64847,33.72842],[129.64867,33.72803],[129.65008,33.7276],[129.65083,33.72829],[129.65117,33.72829],[129.65037,33.72738],[129.65095,33.72803],[129.65152,33.7281],[129.65044,33.72732],[129.65169,33.72704],[129.65179,33.7278],[129.65192,33.72722],[129.65161,33.72676],[129.65327,33.72625],[129.65389,33.72516],[129.65256,33.72436],[129.65145,33.72243],[129.65154,33.72179],[129.65048,33.72112],[129.65054,33.71919],[129.64706,33.71797],[129.64629,33.71832],[129.64628,33.71945],[129.64487,33.71989],[129.64511,33.72042],[129.64685,33.72041],[129.64602,33.72108],[129.64701,33.72183],[129.64701,33.72253],[129.6448,33.72314],[129.64431,33.72288],[129.64392,33.72371],[129.64423,33.72499],[129.64471,33.72484],[129.64505,33.72551],[129.64583,33.72524],[129.64721,33.72608],[129.64792,33.72594],[129.64861,33.72672],[129.64816,33.72717],[129.64862,33.72709],[129.64769,33.73023]]],[[[129.62678,33.73005],[129.62623,33.72897],[129.62523,33.72798],[129.62484,33.72795],[129.62423,33.72912],[129.62484,33.72924],[129.62516,33.73016],[129.62678,33.73005]]],[[[129.63185,33.73268],[129.63146,33.73278],[129.63135,33.73194],[129.63236,33.73039],[129.63263,33.72986],[129.633,33.72983],[129.63335,33.73015],[129.63454,33.73043],[129.63497,33.7302],[129.63339,33.7301],[129.63327,33.72936],[129.6343,33.72927],[129.63487,33.72977],[129.6355,33.72934],[129.63518,33.72876],[129.63571,33.72869],[129.63583,33.73037],[129.63602,33.7288],[129.63734,33.72741],[129.63283,33.72522],[129.63178,33.72343],[129.63062,33.72253],[129.62747,33.72327],[129.62772,33.72387],[129.6289,33.72441],[129.6295,33.7255],[129.62726,33.72612],[129.62695,33.72584],[129.62721,33.72631],[129.62771,33.72612],[129.62752,33.72733],[129.6266,33.72629],[129.62552,33.72722],[129.62438,33.7272],[129.62426,33.72767],[129.62526,33.72788],[129.62672,33.72911],[129.6279,33.72894],[129.62769,33.7298],[129.62895,33.7303],[129.62867,33.73064],[129.63145,33.72985],[129.63159,33.72933],[129.63257,33.72985],[129.63128,33.73194],[129.63035,33.73211],[129.63044,33.73307],[129.62928,33.73329],[129.62906,33.73375],[129.63012,33.73518],[129.6303,33.73669],[129.6295,33.73777],[129.62986,33.73826],[129.62876,33.73946],[129.62865,33.74108],[129.62819,33.74152],[129.6292,33.74392],[129.6319,33.74336],[129.63303,33.74213],[129.63416,33.74273],[129.63641,33.74264],[129.63621,33.74303],[129.63687,33.7436],[129.63641,33.74409],[129.63659,33.74512],[129.63585,33.74505],[129.63738,33.74531],[129.63878,33.74384],[129.6379,33.74276],[129.63779,33.74135],[129.63955,33.74205],[129.64101,33.74132],[129.64196,33.74302],[129.64256,33.74327],[129.64302,33.74252],[129.64431,33.74251],[129.64442,33.74186],[129.64408,33.74203],[129.64374,33.74155],[129.64421,33.74106],[129.64328,33.74023],[129.64375,33.73969],[129.64309,33.7386],[129.64352,33.73738],[129.64248,33.73723],[129.6418,33.73764],[129.64137,33.73678],[129.64154,33.73875],[129.64102,33.73889],[129.64051,33.73993],[129.63995,33.73965],[129.64087,33.73878],[129.64051,33.73863],[129.64075,33.73839],[129.63929,33.73767],[129.63962,33.73735],[129.64025,33.73773],[129.63967,33.73732],[129.64,33.73672],[129.64049,33.73677],[129.64002,33.73662],[129.64011,33.73619],[129.64128,33.73615],[129.6401,33.73612],[129.64132,33.73465],[129.64143,33.73311],[129.64042,33.73418],[129.64043,33.73543],[129.6384,33.73636],[129.63696,33.73379],[129.63532,33.73404],[129.63432,33.73299],[129.63372,33.7339],[129.63284,33.73406],[129.63129,33.7332],[129.63185,33.73268]]],[[[129.64056,33.74416],[129.64135,33.74357],[129.64107,33.7427],[129.63988,33.74366],[129.64006,33.7443],[129.64024,33.74393],[129.64056,33.74416]]],[[[129.64223,33.74422],[129.64213,33.7445],[129.64228,33.74456],[129.64223,33.74422]]],[[[129.64001,33.74436],[129.63999,33.74467],[129.64019,33.74438],[129.64001,33.74436]]],[[[129.64113,33.74493],[129.64175,33.74417],[129.641,33.74408],[129.64141,33.74453],[129.64113,33.74493]]],[[[129.63982,33.74505],[129.63961,33.74479],[129.63959,33.74509],[129.63982,33.74505]]],[[[129.64546,33.75412],[129.64542,33.75353],[129.64432,33.75314],[129.64362,33.75394],[129.64546,33.75412]]],[[[129.64523,33.75531],[129.64644,33.75529],[129.64716,33.75442],[129.64486,33.75486],[129.64523,33.75531]]],[[[129.65208,33.78473],[129.65125,33.78392],[129.65048,33.78503],[129.65159,33.78594],[129.65297,33.78519],[129.6526,33.78463],[129.65208,33.78473]]],[[[129.64802,33.8052],[129.64774,33.80547],[129.64838,33.80544],[129.64802,33.8052]]],[[[129.65975,33.81675],[129.65943,33.81635],[129.6603,33.81609],[129.66053,33.81568],[129.66008,33.81546],[129.66101,33.81487],[129.66032,33.81473],[129.65841,33.81579],[129.65852,33.81718],[129.65975,33.81675]]],[[[129.65959,33.8206],[129.65915,33.82055],[129.66008,33.82086],[129.66029,33.8205],[129.65974,33.82012],[129.65959,33.8206]]],[[[129.75496,33.73339],[129.75812,33.73752],[129.75995,33.73626],[129.76096,33.73632],[129.76139,33.73529],[129.76077,33.73518],[129.76069,33.73471],[129.76128,33.73209],[129.7605,33.73111],[129.75858,33.73052],[129.75862,33.72977],[129.75784,33.72961],[129.75651,33.73033],[129.75479,33.73221],[129.75496,33.73339]]],[[[129.75844,33.74027],[129.7583,33.73952],[129.75744,33.73958],[129.75789,33.74025],[129.75844,33.74027]]],[[[129.78942,33.74145],[129.78869,33.74079],[129.78746,33.7408],[129.78844,33.74162],[129.78942,33.74145]]],[[[129.77271,33.77401],[129.77133,33.77288],[129.77146,33.77452],[129.77271,33.77401]]],[[[129.78459,33.77646],[129.78309,33.77704],[129.78274,33.77824],[129.78305,33.77892],[129.78655,33.77886],[129.78729,33.77843],[129.78598,33.77688],[129.78572,33.77779],[129.78382,33.77767],[129.78459,33.77646]]],[[[129.64238,33.76711],[129.64353,33.76828],[129.64302,33.76841],[129.64354,33.76899],[129.64294,33.76912],[129.64343,33.76988],[129.64318,33.77034],[129.64512,33.77165],[129.64444,33.77178],[129.64518,33.77219],[129.64479,33.77243],[129.64609,33.7727],[129.64579,33.77345],[129.64662,33.7737],[129.64883,33.77308],[129.64941,33.77382],[129.65136,33.77399],[129.65073,33.77287],[129.65131,33.77243],[129.65106,33.77176],[129.65191,33.77196],[129.6523,33.77268],[129.65295,33.77255],[129.65286,33.77214],[129.65413,33.77104],[129.65484,33.77185],[129.65621,33.77183],[129.65629,33.77098],[129.65456,33.76861],[129.65591,33.76878],[129.65649,33.76785],[129.65752,33.7688],[129.65997,33.76741],[129.65826,33.76988],[129.65997,33.76965],[129.65909,33.77124],[129.66016,33.77198],[129.66037,33.77123],[129.66153,33.77059],[129.66181,33.76932],[129.66263,33.77053],[129.6631,33.77039],[129.66282,33.76838],[129.66385,33.76908],[129.66487,33.76879],[129.66347,33.76716],[129.6635,33.76566],[129.66401,33.76537],[129.66409,33.76592],[129.66554,33.76664],[129.66639,33.76776],[129.66701,33.76677],[129.66802,33.76691],[129.66817,33.76733],[129.67027,33.76605],[129.6699,33.76746],[129.67019,33.76911],[129.67101,33.76776],[129.67342,33.76811],[129.67423,33.76688],[129.67412,33.76634],[129.67563,33.76629],[129.67427,33.76624],[129.67373,33.7651],[129.67505,33.76456],[129.67518,33.76515],[129.6749,33.7653],[129.67496,33.76542],[129.6772,33.76475],[129.67824,33.76304],[129.67987,33.76245],[129.68007,33.76179],[129.67936,33.76086],[129.68014,33.76008],[129.68,33.75939],[129.68112,33.75891],[129.68178,33.75782],[129.68378,33.75914],[129.68411,33.76019],[129.68606,33.75948],[129.68627,33.76042],[129.68519,33.76103],[129.68357,33.76104],[129.68237,33.7604],[129.68141,33.76232],[129.68168,33.76448],[129.67921,33.76475],[129.67898,33.76542],[129.68113,33.76576],[129.68029,33.76645],[129.68256,33.7675],[129.68213,33.76819],[129.68132,33.76773],[129.68143,33.76841],[129.68042,33.76869],[129.68041,33.76773],[129.67885,33.76746],[129.67838,33.76695],[129.67785,33.76719],[129.67813,33.76797],[129.67895,33.76814],[129.67867,33.76866],[129.67788,33.76885],[129.67672,33.76807],[129.6767,33.76872],[129.67586,33.76931],[129.67655,33.76945],[129.677,33.76892],[129.67932,33.76935],[129.67945,33.76971],[129.67743,33.77091],[129.67852,33.77134],[129.68042,33.77036],[129.68081,33.77086],[129.68016,33.77197],[129.67822,33.77253],[129.67516,33.77201],[129.67399,33.77349],[129.67489,33.77422],[129.67737,33.77396],[129.67738,33.77475],[129.67665,33.7752],[129.67814,33.77681],[129.67793,33.7778],[129.67696,33.7774],[129.67609,33.77762],[129.67461,33.77607],[129.67311,33.77569],[129.66803,33.77661],[129.66727,33.77605],[129.66633,33.77607],[129.66321,33.77738],[129.66013,33.77712],[129.66018,33.77647],[129.66065,33.77677],[129.66121,33.77623],[129.66006,33.77576],[129.65929,33.77615],[129.65824,33.77824],[129.6564,33.77983],[129.65632,33.78056],[129.65562,33.78095],[129.65628,33.78176],[129.65574,33.78297],[129.65661,33.78756],[129.65606,33.78801],[129.65619,33.78886],[129.65554,33.78902],[129.65604,33.78951],[129.65573,33.7897],[129.65643,33.78996],[129.65829,33.78916],[129.65904,33.78827],[129.65984,33.78852],[129.65956,33.78821],[129.66138,33.78803],[129.66151,33.78843],[129.66027,33.78881],[129.6607,33.79023],[129.65883,33.79118],[129.65837,33.7919],[129.65888,33.79222],[129.65775,33.79423],[129.65646,33.79519],[129.65509,33.79541],[129.65459,33.79669],[129.65362,33.79645],[129.65391,33.79778],[129.65336,33.79839],[129.65127,33.7979],[129.6516,33.79845],[129.65101,33.79842],[129.65116,33.79883],[129.65027,33.79993],[129.65151,33.80025],[129.6535,33.79976],[129.65334,33.79905],[129.65375,33.79859],[129.65551,33.79768],[129.65576,33.79799],[129.65555,33.79764],[129.65623,33.79635],[129.65728,33.7962],[129.65791,33.79758],[129.65617,33.79773],[129.65666,33.79799],[129.65662,33.79865],[129.65819,33.7991],[129.66032,33.79836],[129.6618,33.79934],[129.66356,33.79913],[129.66319,33.79899],[129.66362,33.79904],[129.66395,33.79875],[129.66359,33.7986],[129.66475,33.7984],[129.66578,33.79915],[129.66686,33.79896],[129.66732,33.8007],[129.66669,33.80115],[129.66555,33.80091],[129.66565,33.80184],[129.66452,33.80275],[129.6628,33.80236],[129.66091,33.80272],[129.65975,33.80363],[129.65927,33.80356],[129.65961,33.80313],[129.6587,33.80317],[129.65744,33.80443],[129.65409,33.80565],[129.65307,33.8065],[129.64958,33.80689],[129.65143,33.80767],[129.6512,33.80798],[129.65187,33.80828],[129.65117,33.80878],[129.65211,33.80906],[129.6518,33.80933],[129.65354,33.81095],[129.65312,33.81122],[129.65367,33.81128],[129.65334,33.81171],[129.65413,33.81211],[129.6541,33.81264],[129.65566,33.81297],[129.65661,33.81441],[129.65879,33.81421],[129.65879,33.81386],[129.65732,33.81402],[129.65681,33.81344],[129.65798,33.81308],[129.65814,33.81206],[129.65942,33.81228],[129.66056,33.81326],[129.66176,33.81332],[129.6623,33.81187],[129.66178,33.80957],[129.66202,33.80843],[129.66274,33.80895],[129.66251,33.81021],[129.66362,33.81118],[129.66532,33.81023],[129.66656,33.81069],[129.66546,33.81011],[129.66519,33.8091],[129.66557,33.80788],[129.66596,33.80782],[129.66608,33.80827],[129.66735,33.80876],[129.66713,33.80594],[129.66753,33.80482],[129.66826,33.80455],[129.66736,33.80465],[129.66666,33.80334],[129.6675,33.8034],[129.66742,33.80294],[129.66814,33.80241],[129.66868,33.80435],[129.66924,33.80456],[129.66876,33.80509],[129.67026,33.80471],[129.67136,33.80529],[129.67101,33.80311],[129.67183,33.80124],[129.67133,33.80064],[129.67188,33.7997],[129.67115,33.79926],[129.6757,33.79678],[129.67693,33.79819],[129.6756,33.79887],[129.67434,33.79888],[129.67293,33.79983],[129.67367,33.80105],[129.67704,33.80286],[129.67741,33.80511],[129.68075,33.80535],[129.68088,33.80678],[129.68148,33.80678],[129.68095,33.80675],[129.68126,33.8055],[129.68291,33.8048],[129.68369,33.80491],[129.68486,33.80621],[129.68633,33.80634],[129.68626,33.80687],[129.68821,33.80509],[129.68866,33.80549],[129.68831,33.80577],[129.68877,33.80615],[129.68859,33.807],[129.68675,33.80783],[129.68644,33.80727],[129.68643,33.80798],[129.68401,33.81125],[129.68307,33.81085],[129.68385,33.81152],[129.68224,33.81132],[129.68209,33.81038],[129.68356,33.81009],[129.68162,33.81041],[129.68119,33.80929],[129.68165,33.81078],[129.6812,33.81107],[129.68125,33.81305],[129.67946,33.81361],[129.67791,33.81579],[129.67711,33.81716],[129.67758,33.8185],[129.67505,33.81926],[129.67484,33.81832],[129.67532,33.81812],[129.67451,33.81839],[129.67394,33.81799],[129.67278,33.81935],[129.67269,33.81988],[129.67442,33.82102],[129.67587,33.821],[129.67578,33.82174],[129.67655,33.8222],[129.67636,33.82284],[129.67581,33.82291],[129.67622,33.82355],[129.67521,33.82414],[129.67521,33.82507],[129.67453,33.825],[129.67436,33.82452],[129.67332,33.82465],[129.67401,33.82532],[129.67278,33.8262],[129.67294,33.82587],[129.6722,33.8255],[129.67256,33.82486],[129.67254,33.82444],[129.67218,33.82546],[129.67178,33.82502],[129.67043,33.82498],[129.67009,33.82533],[129.67055,33.82582],[129.66954,33.82639],[129.67075,33.82665],[129.67137,33.82768],[129.67177,33.82901],[129.67126,33.83134],[129.6731,33.83278],[129.67342,33.83364],[129.67265,33.83643],[129.67125,33.83782],[129.67467,33.84146],[129.67519,33.84354],[129.67417,33.84359],[129.67585,33.84433],[129.67664,33.84591],[129.67686,33.84791],[129.67675,33.84557],[129.67928,33.84407],[129.67695,33.84503],[129.67691,33.8439],[129.67758,33.84362],[129.67731,33.8431],[129.67816,33.84102],[129.67983,33.84051],[129.67916,33.84189],[129.67939,33.8437],[129.68059,33.84387],[129.68059,33.84446],[129.68122,33.84459],[129.68296,33.84432],[129.68309,33.84527],[129.68283,33.84575],[129.6786,33.84717],[129.67992,33.84717],[129.68347,33.84951],[129.68357,33.85041],[129.6849,33.85063],[129.68514,33.85135],[129.68607,33.8519],[129.6855,33.85392],[129.68676,33.85479],[129.68912,33.85539],[129.68911,33.85721],[129.69174,33.85724],[129.69234,33.85674],[129.69177,33.85714],[129.68927,33.85712],[129.68928,33.856],[129.69212,33.85577],[129.69293,33.85625],[129.69245,33.85576],[129.69276,33.85442],[129.69102,33.85463],[129.69054,33.85394],[129.6915,33.8541],[129.69334,33.85344],[129.69223,33.85323],[129.69314,33.85131],[129.69393,33.85119],[129.69452,33.85188],[129.69392,33.85214],[129.69436,33.85207],[129.69504,33.85307],[129.69495,33.85387],[129.69411,33.85426],[129.69437,33.85458],[129.69585,33.85419],[129.69667,33.8552],[129.69739,33.85506],[129.69776,33.85578],[129.69917,33.85505],[129.70094,33.8554],[129.70396,33.85401],[129.70437,33.85425],[129.70483,33.85493],[129.70467,33.85558],[129.69814,33.85675],[129.69794,33.85615],[129.69809,33.85677],[129.69552,33.85733],[129.69411,33.85663],[129.69598,33.8576],[129.69604,33.85842],[129.69715,33.85859],[129.69725,33.86014],[129.69834,33.85953],[129.6986,33.85994],[129.69939,33.85977],[129.69968,33.86059],[129.69898,33.86166],[129.69993,33.86167],[129.70056,33.86043],[129.70126,33.86007],[129.70123,33.86121],[129.7046,33.8603],[129.70467,33.86092],[129.70406,33.86112],[129.70368,33.86074],[129.70373,33.86115],[129.70287,33.86132],[129.7028,33.86213],[129.70231,33.86241],[129.70271,33.86236],[129.70222,33.86268],[129.70431,33.86343],[129.70579,33.86328],[129.70634,33.86262],[129.70654,33.86312],[129.70774,33.86295],[129.70733,33.86274],[129.70861,33.86228],[129.70878,33.86265],[129.70965,33.86248],[129.70969,33.86317],[129.71074,33.86283],[129.70847,33.86131],[129.70736,33.86116],[129.70649,33.86009],[129.70664,33.85873],[129.7077,33.85824],[129.70808,33.85698],[129.71029,33.85539],[129.71139,33.85499],[129.71431,33.85592],[129.71583,33.85568],[129.71608,33.85656],[129.71704,33.85696],[129.71911,33.85672],[129.72128,33.85538],[129.72288,33.85335],[129.72422,33.85057],[129.72502,33.8501],[129.72663,33.84995],[129.72768,33.85041],[129.72891,33.84993],[129.72981,33.85045],[129.72958,33.85014],[129.73077,33.85006],[129.73352,33.84863],[129.74309,33.84741],[129.74968,33.84763],[129.75179,33.84679],[129.75349,33.84779],[129.75379,33.8476],[129.75345,33.84722],[129.75412,33.84694],[129.75556,33.84702],[129.75513,33.84677],[129.75612,33.84653],[129.75653,33.84565],[129.75923,33.84601],[129.75967,33.84545],[129.76259,33.84459],[129.76413,33.84455],[129.76792,33.84608],[129.76734,33.8466],[129.76867,33.84653],[129.76896,33.84608],[129.76858,33.84597],[129.77099,33.84435],[129.77307,33.84206],[129.77046,33.83926],[129.76892,33.83847],[129.76927,33.83745],[129.76876,33.83848],[129.76803,33.83886],[129.76763,33.83833],[129.76865,33.83793],[129.76814,33.83751],[129.76817,33.83651],[129.76681,33.83529],[129.76728,33.83273],[129.76701,33.8336],[129.76637,33.83353],[129.767,33.83364],[129.76685,33.83451],[129.76554,33.83434],[129.76568,33.83339],[129.76545,33.83435],[129.76493,33.83412],[129.76493,33.83319],[129.76535,33.83331],[129.76479,33.83272],[129.76649,33.83297],[129.76467,33.83266],[129.76509,33.83236],[129.76508,33.83114],[129.76557,33.83104],[129.76601,33.82979],[129.76722,33.82968],[129.76634,33.82944],[129.76662,33.82894],[129.7654,33.82819],[129.76649,33.8286],[129.76609,33.82821],[129.76559,33.828],[129.76473,33.82829],[129.7647,33.82726],[129.7653,33.82686],[129.76443,33.82671],[129.76427,33.82615],[129.76486,33.82596],[129.76369,33.82549],[129.76402,33.82425],[129.76507,33.8243],[129.76355,33.82337],[129.76435,33.82311],[129.76415,33.8225],[129.76501,33.82229],[129.76348,33.82205],[129.76336,33.82147],[129.76389,33.82147],[129.76421,33.82097],[129.76387,33.82075],[129.76439,33.82079],[129.76496,33.82003],[129.76439,33.82007],[129.76299,33.81883],[129.7629,33.81685],[129.76325,33.8165],[129.76281,33.81686],[129.7629,33.81865],[129.76171,33.81897],[129.76123,33.81824],[129.76248,33.81807],[129.76189,33.81703],[129.76197,33.81772],[129.76131,33.81791],[129.76104,33.81672],[129.76239,33.81659],[129.76011,33.81606],[129.76134,33.81379],[129.76251,33.81357],[129.76225,33.81328],[129.7629,33.81275],[129.76361,33.81308],[129.76425,33.81263],[129.76446,33.81304],[129.76506,33.8126],[129.76429,33.81254],[129.76383,33.81191],[129.76434,33.81126],[129.76392,33.81075],[129.76481,33.81057],[129.76386,33.81065],[129.76385,33.81088],[129.76191,33.81009],[129.76042,33.81004],[129.75922,33.80893],[129.75929,33.80825],[129.75917,33.80876],[129.75863,33.8087],[129.75917,33.80879],[129.75906,33.80899],[129.75985,33.80969],[129.75973,33.80988],[129.75872,33.81045],[129.75783,33.80964],[129.75852,33.80907],[129.75694,33.80993],[129.75767,33.80976],[129.75855,33.81057],[129.75798,33.81156],[129.75837,33.81212],[129.7565,33.81168],[129.75556,33.81099],[129.75654,33.81029],[129.75464,33.81086],[129.75419,33.81053],[129.75454,33.81007],[129.75415,33.81051],[129.7534,33.80998],[129.75411,33.8093],[129.75324,33.80823],[129.7531,33.80869],[129.75185,33.8087],[129.75178,33.80826],[129.75179,33.8087],[129.75024,33.80872],[129.75017,33.80828],[129.75019,33.80872],[129.74864,33.80874],[129.74859,33.80667],[129.74972,33.80692],[129.74971,33.80647],[129.75115,33.80645],[129.75122,33.8069],[129.75124,33.80643],[129.75264,33.80641],[129.75273,33.80687],[129.75273,33.80642],[129.75447,33.8064],[129.75454,33.80731],[129.75451,33.80639],[129.7556,33.80638],[129.75625,33.80554],[129.75579,33.80503],[129.75765,33.80385],[129.7571,33.80298],[129.75746,33.80264],[129.75948,33.80322],[129.75813,33.80399],[129.76006,33.80492],[129.75969,33.80591],[129.75889,33.80565],[129.76007,33.8061],[129.76006,33.8066],[129.76054,33.80446],[129.76176,33.80456],[129.76364,33.8032],[129.76442,33.80139],[129.76414,33.80048],[129.76591,33.79983],[129.76602,33.79893],[129.76769,33.79749],[129.77097,33.79589],[129.77151,33.79591],[129.77181,33.7966],[129.77205,33.79669],[129.77215,33.79562],[129.77325,33.79513],[129.77492,33.79488],[129.77556,33.79591],[129.77496,33.79487],[129.77641,33.79438],[129.77698,33.79465],[129.77679,33.79496],[129.77757,33.79506],[129.77727,33.79552],[129.777,33.79529],[129.77659,33.79533],[129.77739,33.79584],[129.77743,33.79644],[129.77834,33.79668],[129.77832,33.79469],[129.78056,33.79305],[129.78178,33.79006],[129.78486,33.78816],[129.78678,33.78754],[129.78745,33.78775],[129.78746,33.78736],[129.7886,33.78762],[129.78862,33.78722],[129.79009,33.78819],[129.79111,33.78712],[129.79154,33.78756],[129.79316,33.78736],[129.79417,33.78859],[129.79461,33.78795],[129.79593,33.78767],[129.79803,33.78862],[129.79969,33.78846],[129.79887,33.78769],[129.79915,33.78593],[129.79799,33.7815],[129.79829,33.78084],[129.79694,33.78025],[129.79736,33.78008],[129.79659,33.77986],[129.79659,33.77905],[129.79557,33.77931],[129.79541,33.78003],[129.79333,33.78142],[129.79257,33.78126],[129.79217,33.78195],[129.79145,33.78191],[129.79017,33.78222],[129.79139,33.78196],[129.79263,33.78244],[129.79338,33.78176],[129.79371,33.78202],[129.79347,33.78327],[129.79028,33.78338],[129.79024,33.78268],[129.78871,33.78275],[129.7898,33.78274],[129.78985,33.7836],[129.78778,33.78371],[129.78752,33.78193],[129.78892,33.78183],[129.78747,33.7819],[129.78771,33.78476],[129.78614,33.78564],[129.78297,33.78568],[129.78155,33.78443],[129.78133,33.78365],[129.78069,33.78347],[129.78129,33.78368],[129.78148,33.78436],[129.77991,33.78469],[129.77968,33.78383],[129.78021,33.78373],[129.77962,33.78381],[129.77975,33.7854],[129.77721,33.78573],[129.77604,33.78502],[129.77579,33.78417],[129.77465,33.78485],[129.77636,33.78139],[129.77725,33.78166],[129.77922,33.78114],[129.77987,33.78195],[129.78108,33.78188],[129.78032,33.77924],[129.7795,33.77928],[129.77851,33.77802],[129.77855,33.77624],[129.77847,33.778],[129.77702,33.7772],[129.7763,33.77737],[129.77627,33.78034],[129.77557,33.78143],[129.7763,33.78125],[129.77619,33.78159],[129.77461,33.78461],[129.77374,33.78409],[129.77416,33.78452],[129.77363,33.78493],[129.77322,33.78462],[129.7736,33.78496],[129.77303,33.78541],[129.7734,33.78575],[129.77274,33.78621],[129.77167,33.78568],[129.7719,33.78507],[129.77315,33.78405],[129.77314,33.78385],[129.77186,33.78506],[129.77164,33.78567],[129.76966,33.78459],[129.77024,33.78437],[129.76993,33.78385],[129.76574,33.78477],[129.76383,33.78439],[129.76381,33.78203],[129.76331,33.78155],[129.76431,33.78033],[129.76501,33.78025],[129.76432,33.77978],[129.76312,33.78159],[129.75893,33.77899],[129.75995,33.7774],[129.75773,33.77541],[129.75804,33.77412],[129.75876,33.77378],[129.75993,33.77423],[129.76111,33.77346],[129.76208,33.7714],[129.76368,33.77074],[129.76493,33.77077],[129.76436,33.77023],[129.76454,33.76918],[129.76597,33.76712],[129.7677,33.76724],[129.76746,33.76747],[129.76854,33.76814],[129.76879,33.76768],[129.77204,33.7682],[129.77278,33.76983],[129.7721,33.77061],[129.7726,33.77137],[129.7724,33.77285],[129.77296,33.77363],[129.77447,33.77327],[129.77464,33.77389],[129.77456,33.77344],[129.77565,33.77302],[129.77673,33.77335],[129.77564,33.77297],[129.77552,33.77252],[129.77623,33.7719],[129.77682,33.77186],[129.77694,33.7723],[129.77712,33.77144],[129.77759,33.77159],[129.77822,33.77296],[129.77687,33.77409],[129.78712,33.76907],[129.78925,33.76555],[129.78912,33.76384],[129.79017,33.76295],[129.7961,33.76362],[129.79785,33.76314],[129.79883,33.76147],[129.79786,33.75989],[129.79677,33.75922],[129.79675,33.75839],[129.79717,33.75844],[129.79658,33.75824],[129.79676,33.75778],[129.79601,33.75703],[129.79812,33.75482],[129.79764,33.75474],[129.79722,33.75541],[129.79647,33.75513],[129.7963,33.7547],[129.79735,33.75381],[129.79575,33.7538],[129.7942,33.75504],[129.79305,33.75463],[129.79239,33.75449],[129.79405,33.75538],[129.79324,33.75582],[129.79381,33.75554],[129.79454,33.75612],[129.79337,33.75676],[129.79233,33.75497],[129.79349,33.75698],[129.79328,33.75741],[129.79292,33.75633],[129.7902,33.75632],[129.78806,33.75475],[129.78851,33.75286],[129.78751,33.7523],[129.78744,33.75172],[129.78857,33.75132],[129.78857,33.7501],[129.78836,33.75111],[129.78747,33.75117],[129.78718,33.75035],[129.78804,33.7501],[129.78763,33.7501],[129.78776,33.74947],[129.78702,33.7483],[129.78969,33.74663],[129.78869,33.74666],[129.78803,33.74728],[129.78756,33.74695],[129.78642,33.74388],[129.78678,33.74267],[129.78779,33.7427],[129.78836,33.74173],[129.78636,33.74191],[129.78634,33.74234],[129.78527,33.74257],[129.78517,33.7422],[129.78411,33.74215],[129.78381,33.74285],[129.78156,33.74305],[129.77993,33.74191],[129.77943,33.74237],[129.77969,33.74191],[129.77908,33.74085],[129.77981,33.74032],[129.77832,33.7405],[129.77796,33.73987],[129.77675,33.74089],[129.77574,33.74073],[129.77549,33.74012],[129.7746,33.74071],[129.77386,33.74011],[129.77426,33.7395],[129.77315,33.7394],[129.77274,33.74001],[129.77045,33.73985],[129.76903,33.7407],[129.76477,33.73984],[129.7641,33.73899],[129.76463,33.73825],[129.7642,33.73772],[129.76374,33.73841],[129.76228,33.73844],[129.76205,33.73914],[129.76062,33.74012],[129.75945,33.73992],[129.76086,33.74045],[129.76067,33.74116],[129.76152,33.7409],[129.76136,33.74233],[129.76035,33.74181],[129.76042,33.7413],[129.76032,33.74177],[129.75789,33.74196],[129.75854,33.74128],[129.75753,33.74215],[129.75851,33.7425],[129.75784,33.743],[129.75835,33.74338],[129.7573,33.74344],[129.757,33.74268],[129.75731,33.74241],[129.7569,33.74243],[129.75661,33.74166],[129.7573,33.74164],[129.75615,33.74073],[129.75578,33.74083],[129.75575,33.74172],[129.75668,33.74337],[129.75369,33.74384],[129.75387,33.74115],[129.75339,33.7415],[129.75298,33.74025],[129.7541,33.74014],[129.75406,33.74084],[129.75422,33.74058],[129.7541,33.7398],[129.75458,33.73962],[129.75303,33.74001],[129.75316,33.73951],[129.7528,33.73986],[129.75169,33.73939],[129.75054,33.74072],[129.74933,33.74083],[129.74864,33.74015],[129.74443,33.73873],[129.73837,33.73825],[129.73852,33.7371],[129.73681,33.73651],[129.73605,33.7356],[129.73674,33.73664],[129.73844,33.73714],[129.73838,33.73775],[129.73629,33.73881],[129.73481,33.73895],[129.73466,33.73873],[129.73447,33.73878],[129.73493,33.73928],[129.73448,33.73932],[129.73255,33.73774],[129.73303,33.73779],[129.73323,33.73727],[129.73487,33.73823],[129.73335,33.73697],[129.73365,33.73553],[129.73522,33.73588],[129.73304,33.7353],[129.73221,33.73348],[129.73385,33.73161],[129.73297,33.73002],[129.73328,33.72925],[129.73403,33.72959],[129.73405,33.72882],[129.73364,33.72898],[129.73427,33.72797],[129.73272,33.72797],[129.7315,33.72612],[129.72807,33.72604],[129.72736,33.7254],[129.72734,33.72461],[129.72512,33.72469],[129.72746,33.72452],[129.7279,33.72363],[129.72763,33.72243],[129.72621,33.72096],[129.72401,33.7198],[129.72408,33.71924],[129.72294,33.71947],[129.72164,33.71908],[129.72123,33.71762],[129.72156,33.7172],[129.71819,33.71621],[129.7187,33.71547],[129.7182,33.71521],[129.71971,33.71388],[129.71957,33.71198],[129.72178,33.7117],[129.72296,33.71094],[129.72223,33.7103],[129.71921,33.71006],[129.71877,33.70941],[129.719,33.70803],[129.7182,33.7076],[129.7171,33.70814],[129.71835,33.70956],[129.71887,33.71121],[129.71821,33.71177],[129.71731,33.7113],[129.71665,33.70954],[129.71699,33.70887],[129.71639,33.70897],[129.71629,33.70825],[129.71644,33.70693],[129.71724,33.70575],[129.71704,33.70459],[129.71631,33.70384],[129.71554,33.70428],[129.71504,33.70693],[129.71423,33.70792],[129.71164,33.70876],[129.70915,33.71052],[129.70675,33.70993],[129.70511,33.71022],[129.7043,33.71099],[129.70212,33.71085],[129.69959,33.7116],[129.69775,33.70958],[129.69735,33.71027],[129.69621,33.7103],[129.69686,33.71281],[129.69648,33.71273],[129.69633,33.71334],[129.6959,33.71292],[129.69468,33.71311],[129.69468,33.71256],[129.6935,33.71258],[129.69249,33.71183],[129.69252,33.71214],[129.69161,33.71213],[129.69116,33.71314],[129.69169,33.71361],[129.69195,33.71315],[129.6927,33.71319],[129.69366,33.71451],[129.69307,33.71504],[129.69335,33.71562],[129.69296,33.71586],[129.69227,33.71517],[129.69272,33.716],[129.6923,33.71645],[129.6896,33.7165],[129.68875,33.71705],[129.6887,33.71675],[129.68853,33.71669],[129.68794,33.71813],[129.69026,33.71873],[129.69073,33.71956],[129.69144,33.71932],[129.692,33.72017],[129.69155,33.71927],[129.69202,33.71855],[129.69403,33.71841],[129.69395,33.7197],[129.69299,33.71997],[129.69292,33.71955],[129.69281,33.72058],[129.69604,33.72192],[129.6959,33.72255],[129.69741,33.72483],[129.69749,33.72561],[129.6957,33.72682],[129.69437,33.72657],[129.69499,33.7256],[129.69476,33.72417],[129.69314,33.72378],[129.69178,33.72429],[129.69109,33.7216],[129.68969,33.72111],[129.68855,33.72224],[129.68727,33.72205],[129.68744,33.72245],[129.68581,33.72346],[129.68365,33.72377],[129.6841,33.72463],[129.68359,33.72539],[129.68408,33.72672],[129.68354,33.72652],[129.68364,33.72603],[129.68322,33.72641],[129.68241,33.72606],[129.68189,33.72802],[129.6813,33.72818],[129.68096,33.72778],[129.68101,33.72714],[129.68184,33.7273],[129.6816,33.72576],[129.67924,33.72632],[129.67867,33.72766],[129.67779,33.7279],[129.67691,33.72747],[129.67672,33.72865],[129.676,33.72928],[129.67728,33.7292],[129.67959,33.73302],[129.68175,33.73351],[129.68229,33.7341],[129.68232,33.73462],[129.68016,33.73458],[129.6803,33.73377],[129.68007,33.73458],[129.67816,33.73454],[129.67814,33.73561],[129.67988,33.73565],[129.67982,33.73663],[129.68209,33.73676],[129.68508,33.73846],[129.68702,33.73839],[129.68351,33.74017],[129.68329,33.73946],[129.6827,33.73999],[129.68288,33.74062],[129.68427,33.74131],[129.68637,33.74108],[129.68799,33.74221],[129.68906,33.74198],[129.68873,33.74233],[129.68977,33.74453],[129.69095,33.74547],[129.69075,33.74617],[129.69049,33.74621],[129.6904,33.74535],[129.68866,33.74443],[129.68843,33.74348],[129.68646,33.74215],[129.68444,33.74242],[129.68446,33.74283],[129.68565,33.74313],[129.68576,33.74409],[129.68539,33.74432],[129.68483,33.74374],[129.68517,33.74343],[129.68472,33.74375],[129.68386,33.74341],[129.6832,33.74242],[129.68301,33.74415],[129.68166,33.7447],[129.68267,33.74436],[129.68365,33.74604],[129.68171,33.74684],[129.68128,33.74621],[129.68186,33.74718],[129.68123,33.74743],[129.68059,33.74716],[129.681,33.74684],[129.6804,33.74707],[129.67955,33.74563],[129.68102,33.74503],[129.68111,33.74445],[129.68098,33.74498],[129.67949,33.74559],[129.68036,33.74708],[129.68002,33.74755],[129.68031,33.74791],[129.67962,33.74803],[129.67962,33.74865],[129.67828,33.74942],[129.67735,33.74869],[129.67767,33.75049],[129.67716,33.75084],[129.6763,33.75045],[129.67621,33.75103],[129.67573,33.75102],[129.67622,33.75243],[129.67551,33.75339],[129.67483,33.75321],[129.67454,33.75372],[129.67311,33.75417],[129.67258,33.75317],[129.67184,33.75319],[129.67133,33.75452],[129.67263,33.75769],[129.67207,33.75792],[129.67372,33.7586],[129.67384,33.7592],[129.67278,33.75972],[129.67139,33.75816],[129.66936,33.75746],[129.66768,33.75757],[129.66886,33.7571],[129.6682,33.75347],[129.667,33.75351],[129.66723,33.75236],[129.66627,33.75205],[129.66666,33.75134],[129.66564,33.75229],[129.66481,33.75197],[129.66538,33.75089],[129.66516,33.75052],[129.66394,33.75051],[129.664,33.74987],[129.66572,33.74979],[129.66576,33.75026],[129.6669,33.75097],[129.66582,33.75022],[129.66582,33.74973],[129.66613,33.74868],[129.66715,33.74869],[129.66718,33.74974],[129.66717,33.74867],[129.66611,33.74864],[129.66733,33.74819],[129.66729,33.74785],[129.66486,33.74793],[129.66417,33.74875],[129.66151,33.7495],[129.66096,33.74919],[129.66144,33.74893],[129.66107,33.74875],[129.66227,33.74798],[129.66267,33.74824],[129.66184,33.74632],[129.66109,33.74617],[129.66067,33.74717],[129.65974,33.74723],[129.65902,33.74534],[129.65859,33.74573],[129.65793,33.7455],[129.65847,33.74576],[129.65818,33.74642],[129.65706,33.74677],[129.65755,33.74543],[129.65731,33.7439],[129.6579,33.74388],[129.65732,33.74373],[129.6581,33.74313],[129.65818,33.74197],[129.65744,33.738],[129.65558,33.73786],[129.65664,33.73829],[129.65603,33.739],[129.65611,33.73967],[129.65532,33.73998],[129.65406,33.73911],[129.65501,33.73794],[129.6534,33.73801],[129.65304,33.73899],[129.65444,33.73994],[129.65324,33.74093],[129.65423,33.74205],[129.65348,33.74251],[129.65374,33.74321],[129.65291,33.74352],[129.65361,33.74705],[129.65163,33.74801],[129.65147,33.74931],[129.65039,33.75022],[129.64986,33.74987],[129.65005,33.75045],[129.64917,33.75093],[129.64852,33.7505],[129.64945,33.74947],[129.64735,33.75106],[129.64827,33.75208],[129.64836,33.75182],[129.64954,33.75204],[129.65007,33.7514],[129.64958,33.75204],[129.64784,33.75237],[129.64626,33.75163],[129.64799,33.75394],[129.64918,33.75437],[129.64948,33.75546],[129.65035,33.7558],[129.65077,33.75711],[129.65019,33.75795],[129.65129,33.75872],[129.64972,33.75888],[129.64983,33.75999],[129.65332,33.76046],[129.65405,33.75993],[129.65522,33.76089],[129.65471,33.76147],[129.65519,33.76183],[129.65446,33.76265],[129.65355,33.7618],[129.6526,33.76176],[129.65254,33.76263],[129.65175,33.7629],[129.65125,33.76189],[129.64968,33.76166],[129.64936,33.76193],[129.64981,33.76245],[129.64875,33.76314],[129.64819,33.7623],[129.64706,33.7624],[129.64722,33.76272],[129.64671,33.76293],[129.64754,33.76326],[129.64657,33.76403],[129.64963,33.76576],[129.64993,33.76546],[129.6496,33.76651],[129.64728,33.76515],[129.64746,33.76491],[129.64481,33.76449],[129.64516,33.76532],[129.64399,33.76582],[129.6442,33.76625],[129.64634,33.76799],[129.64838,33.76869],[129.64803,33.76927],[129.64687,33.76857],[129.64522,33.76858],[129.64506,33.7681],[129.64238,33.76711]]],[[[129.66547,33.81184],[129.66456,33.81119],[129.6646,33.81171],[129.66547,33.81184]]],[[[129.66548,33.81298],[129.66503,33.81299],[129.66511,33.81309],[129.66548,33.81298]]],[[[129.67031,33.81591],[129.67145,33.81491],[129.67004,33.81528],[129.66976,33.81552],[129.67031,33.81591]]],[[[129.65962,33.8175],[129.65946,33.81828],[129.66044,33.81843],[129.66076,33.81748],[129.65962,33.8175]]],[[[129.66118,33.82228],[129.65972,33.82258],[129.66033,33.82277],[129.66118,33.82228]]],[[[129.66928,33.82624],[129.66885,33.82601],[129.66865,33.82647],[129.66916,33.82679],[129.66928,33.82624]]],[[[129.67015,33.82886],[129.67031,33.82917],[129.67054,33.82889],[129.67015,33.82886]]],[[[129.65876,33.83418],[129.66088,33.83295],[129.6609,33.83188],[129.65964,33.83076],[129.6614,33.8305],[129.66081,33.82946],[129.66186,33.82856],[129.66189,33.8279],[129.66068,33.8282],[129.65976,33.82986],[129.65859,33.82993],[129.65864,33.83094],[129.65919,33.83153],[129.65832,33.83222],[129.65827,33.83335],[129.65876,33.83418]]],[[[129.69605,33.8596],[129.69586,33.86053],[129.69632,33.86099],[129.69605,33.8596]]],[[[129.67633,33.86977],[129.67718,33.8702],[129.67804,33.86941],[129.67747,33.87043],[129.67885,33.87101],[129.68002,33.87117],[129.68058,33.87071],[129.68081,33.87116],[129.68085,33.87069],[129.68179,33.87059],[129.68152,33.86965],[129.68063,33.86917],[129.68123,33.86763],[129.68081,33.867],[129.68183,33.86632],[129.68105,33.86588],[129.6811,33.86519],[129.68044,33.8645],[129.67913,33.86582],[129.67818,33.86539],[129.67817,33.86411],[129.67898,33.86363],[129.67855,33.86268],[129.67917,33.86204],[129.67901,33.85883],[129.67892,33.86179],[129.67765,33.86241],[129.67742,33.86287],[129.67777,33.8631],[129.6773,33.86308],[129.67678,33.86458],[129.67617,33.86473],[129.67537,33.864],[129.67522,33.8644],[129.67458,33.86418],[129.67462,33.86488],[129.67517,33.86485],[129.67533,33.86551],[129.67443,33.86632],[129.67451,33.86728],[129.67328,33.86736],[129.67292,33.8679],[129.67362,33.86879],[129.67635,33.86868],[129.67633,33.86977]]],[[[129.68461,33.86676],[129.68393,33.86759],[129.68269,33.86779],[129.68289,33.86879],[129.68231,33.86902],[129.68315,33.86995],[129.68284,33.87029],[129.68358,33.87084],[129.68335,33.87107],[129.68502,33.87065],[129.6852,33.87132],[129.68556,33.87102],[129.68603,33.8714],[129.68736,33.86979],[129.68918,33.86986],[129.68976,33.87082],[129.69031,33.87038],[129.69076,33.87059],[129.69092,33.87009],[129.69049,33.86983],[129.69102,33.8694],[129.69102,33.8685],[129.69016,33.86764],[129.68937,33.86756],[129.68952,33.86705],[129.68876,33.86638],[129.68931,33.86573],[129.68914,33.86393],[129.69005,33.86377],[129.69078,33.86235],[129.68939,33.86126],[129.68788,33.86111],[129.68563,33.86257],[129.68382,33.86225],[129.68385,33.8635],[129.68327,33.86357],[129.68355,33.86399],[129.6831,33.86422],[129.68359,33.86553],[129.68328,33.86628],[129.68461,33.86676]]],[[[129.70685,33.86596],[129.70676,33.86663],[129.70731,33.86604],[129.70685,33.86596]]],[[[129.69964,33.86796],[129.70075,33.86837],[129.70066,33.86919],[129.70347,33.8687],[129.70425,33.86765],[129.70393,33.86591],[129.70452,33.86805],[129.70613,33.86696],[129.70575,33.8662],[129.70604,33.86581],[129.70725,33.86589],[129.70693,33.86534],[129.70618,33.8655],[129.70661,33.86491],[129.70629,33.86458],[129.7044,33.86502],[129.70349,33.86434],[129.70303,33.86517],[129.7017,33.86523],[129.70123,33.86478],[129.69969,33.86508],[129.6986,33.86401],[129.69628,33.86556],[129.6952,33.86579],[129.69513,33.86545],[129.69441,33.86594],[129.69467,33.86644],[129.69533,33.86637],[129.695,33.86701],[129.69638,33.86752],[129.69668,33.86814],[129.6969,33.86774],[129.69812,33.86802],[129.69857,33.86906],[129.69964,33.86796]]],[[[129.68189,33.87286],[129.68313,33.87256],[129.68258,33.87199],[129.68148,33.87222],[129.68189,33.87286]]]]}},{"type":"Feature","properties":{"id":"muni-42211","name":"五島市"},"geometry":{"type":"MultiPolygon","coordinates":[[[[128.34901,31.98854],[128.35007,31.98688],[128.34993,31.98645],[128.34866,31.98717],[128.34818,31.98651],[128.3476,31.98715],[128.34731,31.98879],[128.34901,31.98854]]],[[[128.35586,31.98887],[128.35581,31.98974],[128.35585,31.99034],[128.3565,31.98913],[128.35622,31.98883],[128.35586,31.98887]]],[[[128.35527,31.99029],[128.3557,31.98994],[128.35539,31.98961],[128.35527,31.99029]]],[[[128.35317,31.99462],[128.35365,31.99485],[128.35369,31.99418],[128.35317,31.99462]]],[[[128.35741,32.00729],[128.35831,32.00309],[128.35711,32.00301],[128.35702,32.00219],[128.35521,32.0015],[128.35475,32.00066],[128.35521,32.00012],[128.35452,32.0001],[128.35543,31.99916],[128.35354,31.9995],[128.35302,31.99906],[128.35327,31.99851],[128.35263,31.99859],[128.35171,31.99709],[128.35188,31.99506],[128.35246,31.99508],[128.35285,31.9945],[128.35276,31.99272],[128.35509,31.99033],[128.35508,31.98932],[128.35459,31.98927],[128.35444,31.98848],[128.35347,31.98935],[128.35321,31.99073],[128.35275,31.99047],[128.35204,31.9911],[128.35109,31.98987],[128.35022,31.98998],[128.34952,31.98874],[128.34861,31.98889],[128.34808,31.98954],[128.34838,31.99042],[128.34773,31.99118],[128.34815,31.99176],[128.34767,31.99331],[128.34783,31.99375],[128.34848,31.99347],[128.34904,31.99385],[128.3488,31.99514],[128.34977,31.9955],[128.35018,31.99697],[128.34839,31.99967],[128.34575,32.00196],[128.34504,32.00373],[128.34382,32.00394],[128.34374,32.00549],[128.34544,32.006],[128.34549,32.00649],[128.34618,32.00572],[128.347,32.00582],[128.3477,32.00485],[128.34845,32.00472],[128.35225,32.00569],[128.35463,32.00797],[128.35618,32.0084],[128.35741,32.00729]]],[[[128.36497,32.01381],[128.36428,32.01338],[128.36431,32.01256],[128.36324,32.01181],[128.36314,32.01109],[128.36249,32.01084],[128.36277,32.00938],[128.36203,32.00899],[128.36225,32.00792],[128.3619,32.00789],[128.35974,32.01073],[128.35944,32.01196],[128.36052,32.01259],[128.36069,32.01342],[128.36151,32.01269],[128.36283,32.01298],[128.36262,32.01377],[128.36374,32.01421],[128.36407,32.01512],[128.3649,32.01473],[128.36497,32.01381]]],[[[128.36447,32.01211],[128.36428,32.01166],[128.36391,32.01212],[128.36447,32.01211]]],[[[128.36607,32.02362],[128.36574,32.02432],[128.36578,32.02447],[128.36652,32.02422],[128.36607,32.02362]]],[[[128.37184,32.02445],[128.37233,32.02466],[128.37262,32.02398],[128.37211,32.02383],[128.37184,32.02445]]],[[[128.37263,32.03019],[128.37474,32.02983],[128.37458,32.02925],[128.3753,32.02793],[128.37408,32.027],[128.3732,32.02697],[128.37325,32.0254],[128.37242,32.02473],[128.37066,32.02483],[128.37053,32.02371],[128.36875,32.02368],[128.36807,32.02555],[128.36985,32.02776],[128.37054,32.02791],[128.37002,32.02867],[128.37061,32.02971],[128.37213,32.02964],[128.37263,32.03019]]],[[[128.37859,32.03046],[128.37897,32.0303],[128.37944,32.02968],[128.3787,32.02993],[128.37859,32.03046]]],[[[128.3799,32.03467],[128.379,32.03364],[128.38022,32.03274],[128.3804,32.03209],[128.38005,32.03215],[128.38091,32.0312],[128.38088,32.03063],[128.37932,32.03119],[128.37911,32.03049],[128.37875,32.03058],[128.37701,32.03298],[128.37681,32.03472],[128.37868,32.03478],[128.37891,32.03558],[128.3799,32.03467]]],[[[128.4118,32.04493],[128.4122,32.04532],[128.41237,32.04509],[128.4118,32.04493]]],[[[128.39101,32.03884],[128.39112,32.03836],[128.39071,32.03821],[128.39012,32.03976],[128.38783,32.04025],[128.38719,32.04014],[128.38743,32.03941],[128.38597,32.03937],[128.38623,32.03873],[128.38442,32.0388],[128.38318,32.03982],[128.38267,32.03925],[128.38289,32.03876],[128.38194,32.03889],[128.38128,32.0382],[128.38053,32.03871],[128.38088,32.0393],[128.38037,32.04009],[128.38082,32.04029],[128.38013,32.0411],[128.38304,32.04107],[128.38423,32.04196],[128.38643,32.04222],[128.38787,32.04309],[128.38957,32.04275],[128.39143,32.0431],[128.39122,32.04401],[128.39052,32.04442],[128.39175,32.04651],[128.39136,32.0474],[128.3919,32.04771],[128.39208,32.04917],[128.39257,32.04876],[128.39293,32.04928],[128.3923,32.05163],[128.39151,32.05197],[128.39255,32.05483],[128.39399,32.05467],[128.39611,32.05257],[128.39775,32.05261],[128.39991,32.05182],[128.39996,32.05133],[128.40065,32.05154],[128.40156,32.05022],[128.40323,32.05123],[128.40356,32.05018],[128.40442,32.05029],[128.40632,32.04908],[128.4071,32.04929],[128.40778,32.05054],[128.40907,32.04958],[128.40968,32.05014],[128.41039,32.04977],[128.41106,32.05059],[128.41249,32.0505],[128.41219,32.05263],[128.4132,32.053],[128.41424,32.05283],[128.41492,32.05171],[128.41613,32.05156],[128.41645,32.05106],[128.41551,32.05046],[128.41392,32.05059],[128.4142,32.04946],[128.41369,32.04916],[128.41413,32.04792],[128.4147,32.04794],[128.4145,32.04725],[128.41272,32.04739],[128.41189,32.04565],[128.40959,32.04463],[128.40628,32.03803],[128.40539,32.03723],[128.40461,32.03735],[128.40475,32.03782],[128.40194,32.04151],[128.39989,32.04253],[128.39879,32.04235],[128.3974,32.04106],[128.39661,32.04123],[128.39657,32.0407],[128.39435,32.04036],[128.39385,32.03888],[128.39225,32.03921],[128.39152,32.03822],[128.39101,32.03884]]],[[[128.39241,32.05533],[128.39292,32.05541],[128.39274,32.05501],[128.39241,32.05533]]],[[[128.39374,32.05882],[128.3942,32.05925],[128.39392,32.05846],[128.39374,32.05882]]],[[[128.10461,32.24345],[128.10479,32.24369],[128.10482,32.24336],[128.10461,32.24345]]],[[[128.10454,32.24449],[128.10485,32.2442],[128.10464,32.24405],[128.10454,32.24449]]],[[[128.10792,32.24845],[128.1075,32.24871],[128.10797,32.24871],[128.10792,32.24845]]],[[[128.65931,32.58782],[128.6594,32.58857],[128.66026,32.58883],[128.66139,32.58849],[128.66187,32.58774],[128.6612,32.58714],[128.66023,32.5871],[128.65931,32.58782]]],[[[128.65747,32.59163],[128.65771,32.59116],[128.65744,32.59084],[128.65726,32.59121],[128.65747,32.59163]]],[[[128.63989,32.59217],[128.63905,32.59226],[128.63897,32.59235],[128.63989,32.59217]]],[[[128.64838,32.62312],[128.64903,32.62319],[128.64921,32.62287],[128.6486,32.6227],[128.64838,32.62312]]],[[[128.63676,32.62361],[128.63663,32.6228],[128.63623,32.62278],[128.6362,32.62323],[128.63676,32.62361]]],[[[128.64701,32.6624],[128.64785,32.66486],[128.64904,32.66487],[128.64948,32.66541],[128.65064,32.66487],[128.65095,32.66381],[128.64744,32.66206],[128.64701,32.6624]]],[[[128.64955,32.68292],[128.64921,32.68289],[128.6487,32.68314],[128.6495,32.68369],[128.64955,32.68292]]],[[[128.59597,32.73125],[128.59619,32.73179],[128.59578,32.73205],[128.59629,32.73257],[128.59577,32.73312],[128.59695,32.73337],[128.59662,32.73367],[128.59819,32.73451],[128.59807,32.73525],[128.60058,32.73691],[128.60084,32.73834],[128.60049,32.73883],[128.6015,32.73985],[128.60277,32.74021],[128.60353,32.73963],[128.60558,32.74006],[128.6062,32.74075],[128.60635,32.74025],[128.60789,32.73978],[128.60901,32.74006],[128.60979,32.73896],[128.60999,32.73534],[128.60895,32.73292],[128.60806,32.73256],[128.60736,32.73134],[128.60585,32.73161],[128.60338,32.73022],[128.60272,32.73044],[128.60284,32.72983],[128.60235,32.72966],[128.60297,32.72897],[128.60185,32.72866],[128.6025,32.72895],[128.60176,32.7301],[128.60038,32.72915],[128.6009,32.72915],[128.60036,32.72886],[128.60089,32.72828],[128.60156,32.72852],[128.60093,32.72821],[128.60177,32.7262],[128.60284,32.72651],[128.60301,32.72755],[128.60369,32.72844],[128.60291,32.72645],[128.60094,32.72589],[128.60171,32.72338],[128.60376,32.72051],[128.60333,32.71963],[128.60363,32.71876],[128.60135,32.71606],[128.60121,32.71356],[128.6017,32.7127],[128.59855,32.7112],[128.59674,32.71146],[128.5954,32.71227],[128.59398,32.71229],[128.59374,32.71185],[128.59304,32.71275],[128.59204,32.71318],[128.59142,32.71272],[128.59145,32.7133],[128.59087,32.71314],[128.59129,32.71431],[128.59041,32.71396],[128.5908,32.71453],[128.59043,32.71508],[128.59136,32.71592],[128.59005,32.71857],[128.5894,32.71884],[128.59007,32.71929],[128.58968,32.71979],[128.59102,32.72109],[128.59104,32.72323],[128.59046,32.72433],[128.59098,32.7264],[128.59063,32.72742],[128.59296,32.73032],[128.59597,32.73125]]],[[[128.72531,32.57905],[128.72629,32.57904],[128.72661,32.57843],[128.72565,32.57803],[128.72531,32.57905]]],[[[128.72327,32.57903],[128.72346,32.57854],[128.72296,32.57851],[128.7229,32.57887],[128.72327,32.57903]]],[[[128.70745,32.57921],[128.70736,32.57887],[128.707,32.5791],[128.70703,32.57917],[128.70745,32.57921]]],[[[128.71381,32.58074],[128.71047,32.57977],[128.70992,32.57921],[128.70901,32.57927],[128.70849,32.57871],[128.70794,32.57951],[128.70928,32.58046],[128.70896,32.5811],[128.7105,32.58123],[128.71006,32.58168],[128.7121,32.58224],[128.71227,32.58266],[128.71506,32.58226],[128.71503,32.58194],[128.71586,32.58216],[128.71589,32.58268],[128.71831,32.58277],[128.72307,32.57913],[128.71851,32.57955],[128.71381,32.58074]]],[[[128.70098,32.59253],[128.70049,32.59298],[128.7016,32.59293],[128.70098,32.59253]]],[[[128.70125,32.59347],[128.70035,32.59313],[128.69993,32.59361],[128.70069,32.59377],[128.70125,32.59347]]],[[[128.68711,32.59664],[128.68639,32.59588],[128.68591,32.59679],[128.68711,32.59664]]],[[[128.70349,32.60349],[128.70336,32.60381],[128.70336,32.60401],[128.70385,32.60381],[128.70349,32.60349]]],[[[128.77747,32.6157],[128.77682,32.61522],[128.77651,32.61537],[128.77715,32.61577],[128.77747,32.6157]]],[[[128.78257,32.61586],[128.77983,32.61629],[128.77997,32.61498],[128.77907,32.61524],[128.77855,32.61456],[128.77809,32.61566],[128.77719,32.61618],[128.77859,32.61621],[128.77997,32.61737],[128.78006,32.61684],[128.78094,32.6171],[128.78292,32.61627],[128.78257,32.61586]]],[[[128.77804,32.62103],[128.77935,32.62069],[128.77902,32.62],[128.77755,32.61916],[128.77643,32.61992],[128.77654,32.62084],[128.77709,32.6212],[128.77759,32.62125],[128.77708,32.62012],[128.77804,32.62103]]],[[[128.67258,32.67083],[128.67223,32.67155],[128.67276,32.67142],[128.67258,32.67083]]],[[[128.60165,32.61377],[128.60016,32.61205],[128.5993,32.61247],[128.59925,32.61182],[128.59808,32.61256],[128.59873,32.61318],[128.59796,32.61321],[128.59913,32.6148],[128.59853,32.61506],[128.59911,32.61521],[128.59912,32.61585],[128.60033,32.61731],[128.60048,32.61927],[128.60308,32.62027],[128.60316,32.62122],[128.6044,32.62223],[128.60381,32.62303],[128.60449,32.62489],[128.60573,32.62554],[128.60641,32.62659],[128.60694,32.62614],[128.60745,32.62701],[128.60929,32.62719],[128.60938,32.62932],[128.60838,32.63061],[128.60836,32.63176],[128.60766,32.63225],[128.6092,32.63486],[128.60679,32.63662],[128.60772,32.63729],[128.60892,32.64006],[128.61041,32.64007],[128.61115,32.64078],[128.61069,32.64194],[128.61052,32.64161],[128.61064,32.64228],[128.61028,32.64225],[128.61053,32.64284],[128.61001,32.64249],[128.60979,32.64324],[128.61015,32.64371],[128.6114,32.64335],[128.61162,32.64421],[128.61196,32.64414],[128.61181,32.64489],[128.61237,32.64495],[128.61171,32.64541],[128.61167,32.64664],[128.6122,32.64706],[128.61499,32.64521],[128.61598,32.64587],[128.61522,32.64524],[128.61594,32.64391],[128.6166,32.64342],[128.6167,32.64328],[128.61677,32.64308],[128.61586,32.64365],[128.61585,32.64226],[128.61698,32.64202],[128.61615,32.64215],[128.61507,32.64068],[128.61583,32.63969],[128.61748,32.64103],[128.6184,32.64101],[128.61988,32.64256],[128.61868,32.64526],[128.61947,32.64569],[128.61975,32.64607],[128.61975,32.64624],[128.61852,32.64522],[128.61661,32.64654],[128.61689,32.64803],[128.6165,32.64929],[128.61709,32.65037],[128.61703,32.65154],[128.61575,32.65314],[128.61615,32.65376],[128.61493,32.65461],[128.61745,32.65563],[128.61599,32.65635],[128.61651,32.65662],[128.61552,32.65694],[128.61554,32.65772],[128.61633,32.65806],[128.61609,32.65856],[128.61652,32.65849],[128.61704,32.65963],[128.6167,32.65995],[128.6177,32.66119],[128.61982,32.66107],[128.61949,32.66275],[128.62085,32.66366],[128.62099,32.66443],[128.61994,32.66505],[128.62346,32.66693],[128.62369,32.66976],[128.62651,32.67009],[128.62646,32.67131],[128.62688,32.67136],[128.62776,32.67369],[128.62749,32.67446],[128.62792,32.67582],[128.62712,32.67656],[128.62757,32.67721],[128.62889,32.67686],[128.62934,32.67736],[128.63128,32.67768],[128.63354,32.67972],[128.63471,32.67972],[128.63554,32.67893],[128.63699,32.67495],[128.64063,32.67341],[128.64067,32.67239],[128.63805,32.67084],[128.6374,32.6694],[128.63645,32.66998],[128.63714,32.67065],[128.63534,32.67126],[128.63403,32.66949],[128.63418,32.66905],[128.63521,32.66897],[128.63651,32.66755],[128.63783,32.66726],[128.63879,32.66606],[128.63878,32.66526],[128.64034,32.66392],[128.63989,32.66351],[128.63697,32.66327],[128.63445,32.66374],[128.63438,32.66276],[128.63383,32.6626],[128.63265,32.66272],[128.63241,32.66324],[128.63121,32.66317],[128.63092,32.66416],[128.62963,32.66362],[128.62789,32.66428],[128.62812,32.66258],[128.63034,32.66015],[128.63004,32.65886],[128.63329,32.65944],[128.63364,32.65891],[128.6353,32.65866],[128.63572,32.65819],[128.63174,32.65882],[128.63256,32.65817],[128.63422,32.65802],[128.63435,32.65797],[128.63276,32.65708],[128.63069,32.65714],[128.63017,32.65629],[128.62943,32.65635],[128.62729,32.65506],[128.63075,32.65385],[128.63308,32.65439],[128.63484,32.65391],[128.63517,32.65309],[128.63426,32.65166],[128.63515,32.65111],[128.63539,32.64923],[128.63112,32.64886],[128.63408,32.64739],[128.63461,32.64652],[128.63581,32.64679],[128.63608,32.64648],[128.63361,32.64482],[128.63123,32.6466],[128.63059,32.64649],[128.6303,32.6458],[128.62945,32.64582],[128.63082,32.6443],[128.62995,32.64333],[128.62862,32.64417],[128.62848,32.64348],[128.62767,32.64291],[128.62907,32.64167],[128.62752,32.6408],[128.62936,32.63853],[128.62932,32.6379],[128.62859,32.6376],[128.62494,32.6373],[128.62207,32.63774],[128.62165,32.63838],[128.62247,32.63943],[128.62124,32.64046],[128.62055,32.64057],[128.62035,32.64084],[128.62115,32.64052],[128.62126,32.64129],[128.62077,32.6419],[128.62034,32.64224],[128.62034,32.64155],[128.62008,32.64118],[128.62029,32.64228],[128.61981,32.6423],[128.61846,32.64097],[128.6193,32.63946],[128.61885,32.63908],[128.61757,32.6397],[128.61739,32.63917],[128.61832,32.63867],[128.61854,32.63744],[128.61578,32.6365],[128.61566,32.6359],[128.61698,32.63501],[128.62198,32.635],[128.62263,32.63418],[128.61682,32.63153],[128.61516,32.6312],[128.61467,32.63028],[128.61319,32.62958],[128.6126,32.62752],[128.61157,32.62716],[128.61121,32.62561],[128.61138,32.6241],[128.61243,32.6236],[128.61155,32.62262],[128.61259,32.62083],[128.61331,32.62032],[128.61366,32.62072],[128.61433,32.62086],[128.61396,32.62075],[128.61415,32.61998],[128.61455,32.62005],[128.61457,32.61998],[128.61384,32.61952],[128.61495,32.61949],[128.61503,32.61776],[128.61563,32.61765],[128.61539,32.61957],[128.61616,32.62058],[128.6151,32.62312],[128.61565,32.62663],[128.61613,32.62772],[128.61686,32.62738],[128.61732,32.62814],[128.61638,32.62873],[128.61686,32.62849],[128.61714,32.62935],[128.61865,32.62968],[128.61844,32.63025],[128.6192,32.63078],[128.62157,32.62829],[128.62278,32.6285],[128.62332,32.62753],[128.62636,32.62724],[128.62638,32.62628],[128.62341,32.62574],[128.62417,32.62461],[128.62294,32.62344],[128.62491,32.6237],[128.62629,32.62269],[128.62817,32.6229],[128.62883,32.62212],[128.62727,32.62087],[128.6241,32.61957],[128.624,32.61923],[128.62528,32.61845],[128.62503,32.61735],[128.62755,32.61891],[128.63061,32.61976],[128.63206,32.6184],[128.63311,32.61631],[128.63267,32.61521],[128.63625,32.61457],[128.63706,32.61227],[128.63895,32.61134],[128.63862,32.60969],[128.63912,32.6093],[128.63975,32.60945],[128.6417,32.61162],[128.64481,32.61223],[128.64778,32.61062],[128.6462,32.60745],[128.6457,32.6069],[128.64416,32.60687],[128.64195,32.60329],[128.64355,32.60384],[128.64597,32.6032],[128.64781,32.60518],[128.64785,32.60896],[128.64955,32.60824],[128.65573,32.61266],[128.65054,32.6199],[128.65368,32.62192],[128.65408,32.62239],[128.65385,32.62311],[128.65441,32.62324],[128.65673,32.62594],[128.66093,32.6272],[128.66598,32.62718],[128.66743,32.62991],[128.66622,32.63058],[128.66656,32.63159],[128.66474,32.63335],[128.66397,32.63344],[128.66329,32.63185],[128.66209,32.63101],[128.66018,32.63064],[128.65855,32.63109],[128.65664,32.63012],[128.6547,32.62998],[128.65418,32.62934],[128.6533,32.62931],[128.65278,32.62809],[128.65023,32.62565],[128.64894,32.62476],[128.64758,32.62451],[128.64761,32.62187],[128.64634,32.62015],[128.64424,32.61981],[128.64518,32.6236],[128.64297,32.61938],[128.64211,32.61885],[128.64137,32.6194],[128.64195,32.62095],[128.64317,32.62223],[128.64321,32.6232],[128.64117,32.62368],[128.64015,32.6244],[128.63717,32.62429],[128.63728,32.62537],[128.63976,32.62715],[128.63796,32.62776],[128.63708,32.62753],[128.63581,32.62824],[128.63636,32.62992],[128.63615,32.63095],[128.637,32.63132],[128.63622,32.63217],[128.63642,32.63424],[128.63919,32.63414],[128.64031,32.63515],[128.64157,32.63531],[128.64236,32.63485],[128.64379,32.63531],[128.64222,32.63648],[128.64004,32.63679],[128.64086,32.63782],[128.63996,32.63865],[128.64021,32.63984],[128.64103,32.64032],[128.64587,32.63931],[128.64593,32.63995],[128.6441,32.6414],[128.64358,32.64289],[128.64446,32.64295],[128.64518,32.64223],[128.64764,32.64268],[128.64816,32.64145],[128.6499,32.64079],[128.65109,32.64093],[128.65183,32.64032],[128.65194,32.63931],[128.65255,32.63904],[128.65368,32.64021],[128.65344,32.64129],[128.65508,32.6419],[128.6499,32.64517],[128.6502,32.64607],[128.64941,32.64656],[128.64819,32.64662],[128.64758,32.64743],[128.64631,32.64706],[128.64579,32.65026],[128.64424,32.65165],[128.64375,32.65281],[128.64393,32.65387],[128.64736,32.65318],[128.64794,32.65259],[128.64808,32.65123],[128.64904,32.65101],[128.64887,32.65018],[128.65026,32.64954],[128.65092,32.65026],[128.65142,32.6495],[128.65272,32.64937],[128.65278,32.64851],[128.65394,32.64846],[128.65493,32.64703],[128.65705,32.64679],[128.65749,32.64884],[128.65879,32.64756],[128.65858,32.64662],[128.66148,32.64578],[128.66339,32.64432],[128.66557,32.64437],[128.66534,32.64498],[128.66573,32.64542],[128.66717,32.64481],[128.66796,32.6461],[128.66697,32.64612],[128.66592,32.64717],[128.6649,32.6472],[128.66432,32.64836],[128.66189,32.64887],[128.66216,32.64942],[128.66286,32.64896],[128.66352,32.64942],[128.66366,32.65146],[128.66271,32.65178],[128.66297,32.65306],[128.66161,32.65257],[128.66142,32.65362],[128.66018,32.65435],[128.65995,32.65306],[128.65919,32.65242],[128.65626,32.65226],[128.65385,32.65376],[128.65408,32.65518],[128.6531,32.6561],[128.65098,32.65568],[128.64982,32.65721],[128.65258,32.65796],[128.65391,32.65706],[128.65623,32.65656],[128.65708,32.65695],[128.65858,32.65937],[128.65951,32.65926],[128.65951,32.65831],[128.66053,32.65751],[128.66148,32.6572],[128.66291,32.65751],[128.66396,32.65612],[128.66482,32.65603],[128.66547,32.65531],[128.66512,32.65501],[128.66755,32.65376],[128.66792,32.65237],[128.66904,32.65259],[128.67146,32.65123],[128.67225,32.65223],[128.66747,32.65651],[128.66642,32.65971],[128.66448,32.66087],[128.66325,32.66323],[128.66404,32.66592],[128.66335,32.66671],[128.66413,32.66754],[128.66567,32.66634],[128.66894,32.66626],[128.67095,32.66793],[128.67092,32.66857],[128.67144,32.66876],[128.67222,32.66826],[128.67521,32.66918],[128.6748,32.67001],[128.6759,32.67198],[128.67887,32.67197],[128.67832,32.67257],[128.67664,32.67288],[128.67348,32.67212],[128.66996,32.67242],[128.66898,32.67129],[128.66906,32.66972],[128.66779,32.66942],[128.66572,32.67112],[128.66538,32.67219],[128.66117,32.67145],[128.66009,32.67491],[128.65781,32.67718],[128.65691,32.67709],[128.65617,32.67635],[128.65026,32.67913],[128.64936,32.67992],[128.64976,32.6801],[128.64918,32.68116],[128.64986,32.68181],[128.65105,32.6819],[128.65083,32.68348],[128.65163,32.68343],[128.65339,32.68464],[128.65287,32.6858],[128.65322,32.68589],[128.65208,32.68751],[128.6527,32.68797],[128.65305,32.69107],[128.65105,32.69237],[128.65185,32.69264],[128.65083,32.69413],[128.64958,32.69385],[128.64936,32.69422],[128.64986,32.69473],[128.64846,32.69617],[128.6488,32.69656],[128.64675,32.69762],[128.64852,32.69856],[128.64758,32.70001],[128.64976,32.70078],[128.64921,32.70173],[128.65015,32.70179],[128.6531,32.7034],[128.65438,32.70301],[128.65582,32.70351],[128.65746,32.70297],[128.65659,32.70176],[128.65705,32.70043],[128.65849,32.70127],[128.66157,32.70057],[128.66398,32.70067],[128.65841,32.70539],[128.65923,32.7069],[128.66109,32.70724],[128.66137,32.70808],[128.66224,32.70836],[128.66126,32.70812],[128.66098,32.70761],[128.65983,32.71061],[128.65545,32.70989],[128.65597,32.71038],[128.65551,32.71121],[128.65662,32.71219],[128.65618,32.71327],[128.65475,32.71382],[128.65556,32.7139],[128.65469,32.71438],[128.65544,32.71499],[128.65493,32.71554],[128.65544,32.716],[128.65429,32.71531],[128.6544,32.71476],[128.65437,32.71368],[128.65388,32.71359],[128.6543,32.71372],[128.65424,32.71498],[128.65325,32.71436],[128.65273,32.71475],[128.65328,32.71305],[128.65246,32.71492],[128.65199,32.7151],[128.65242,32.71561],[128.6508,32.71549],[128.65152,32.71599],[128.65089,32.71606],[128.65131,32.71627],[128.64938,32.71604],[128.6496,32.71631],[128.64915,32.71663],[128.64982,32.71711],[128.6493,32.71729],[128.64972,32.71768],[128.64891,32.71766],[128.6476,32.71859],[128.64744,32.71924],[128.64646,32.71991],[128.64625,32.72093],[128.64555,32.72102],[128.64585,32.72215],[128.64471,32.72424],[128.64675,32.72804],[128.64694,32.7298],[128.64643,32.72943],[128.64612,32.7302],[128.64697,32.73062],[128.64729,32.73046],[128.64753,32.73054],[128.64692,32.73119],[128.64783,32.73158],[128.64694,32.73263],[128.64717,32.73296],[128.64618,32.73312],[128.64659,32.73384],[128.6475,32.73411],[128.64721,32.73455],[128.64753,32.73493],[128.6469,32.73491],[128.64778,32.73522],[128.64736,32.73563],[128.64758,32.73699],[128.64954,32.73836],[128.65191,32.73837],[128.65288,32.73951],[128.65282,32.73919],[128.65324,32.73928],[128.65304,32.73958],[128.65252,32.73956],[128.65231,32.7403],[128.65129,32.73994],[128.65135,32.7401],[128.65305,32.74055],[128.65382,32.74178],[128.65341,32.74301],[128.65237,32.74383],[128.65324,32.7445],[128.65203,32.74475],[128.65189,32.74686],[128.65033,32.74706],[128.65058,32.74645],[128.65014,32.74654],[128.65008,32.74543],[128.64987,32.74655],[128.65031,32.74721],[128.6494,32.74772],[128.64836,32.74742],[128.64839,32.74857],[128.64706,32.74955],[128.64713,32.75032],[128.64646,32.75082],[128.64623,32.75215],[128.6469,32.75335],[128.64782,32.75359],[128.64764,32.75389],[128.64766,32.75399],[128.64789,32.75359],[128.64838,32.75338],[128.64875,32.75347],[128.64748,32.75469],[128.64815,32.7559],[128.64767,32.75631],[128.64775,32.75748],[128.64624,32.75772],[128.64657,32.75814],[128.64613,32.75834],[128.64619,32.75781],[128.64594,32.75738],[128.64612,32.75781],[128.64494,32.75817],[128.64477,32.75725],[128.64419,32.75708],[128.645,32.75607],[128.64449,32.75619],[128.64393,32.75747],[128.64112,32.75866],[128.64092,32.75909],[128.64222,32.76029],[128.64216,32.76078],[128.64146,32.76107],[128.64081,32.76065],[128.64037,32.76151],[128.64108,32.76158],[128.64282,32.76298],[128.64623,32.76417],[128.64662,32.76884],[128.64857,32.77012],[128.65121,32.7736],[128.65047,32.77567],[128.65407,32.77687],[128.65536,32.7795],[128.6593,32.78161],[128.66008,32.78245],[128.66296,32.78303],[128.66377,32.78466],[128.6644,32.7849],[128.6653,32.78449],[128.66663,32.78275],[128.66826,32.78198],[128.66664,32.78263],[128.6658,32.78138],[128.66712,32.78061],[128.66799,32.78142],[128.66749,32.7801],[128.66923,32.7801],[128.67048,32.78114],[128.67156,32.78071],[128.67367,32.78107],[128.67611,32.78017],[128.67659,32.7793],[128.67765,32.7788],[128.68165,32.77892],[128.68243,32.77646],[128.68172,32.77587],[128.68255,32.77505],[128.68157,32.77578],[128.68084,32.77528],[128.68154,32.77489],[128.68082,32.77525],[128.67993,32.77443],[128.68057,32.77292],[128.6828,32.77146],[128.68269,32.77061],[128.68341,32.76996],[128.68313,32.7697],[128.68364,32.77012],[128.68379,32.77072],[128.68409,32.76996],[128.68376,32.7694],[128.68516,32.76937],[128.68581,32.76989],[128.68745,32.76978],[128.68679,32.76954],[128.68736,32.76932],[128.68745,32.76846],[128.68885,32.76811],[128.68933,32.76728],[128.68951,32.76804],[128.69055,32.76783],[128.69311,32.76869],[128.69764,32.76634],[128.69766,32.76483],[128.69828,32.76412],[128.69786,32.76454],[128.69712,32.76434],[128.69695,32.76343],[128.69764,32.76361],[128.69724,32.763],[128.69775,32.7624],[128.69703,32.76171],[128.69806,32.76089],[128.69817,32.76011],[128.69728,32.75758],[128.69775,32.75671],[128.69709,32.75632],[128.69843,32.75464],[128.69716,32.75574],[128.69658,32.75428],[128.69742,32.75394],[128.698,32.75441],[128.69742,32.75388],[128.69646,32.75418],[128.69768,32.7525],[128.69791,32.75012],[128.69932,32.74969],[128.69787,32.74902],[128.6984,32.7484],[128.69954,32.74558],[128.70004,32.74511],[128.69949,32.74556],[128.69842,32.74804],[128.69775,32.74826],[128.69763,32.74735],[128.69743,32.74777],[128.69642,32.74754],[128.69622,32.74826],[128.69575,32.7483],[128.69637,32.7462],[128.69848,32.74605],[128.69687,32.74613],[128.69677,32.7447],[128.69936,32.74413],[128.69524,32.74472],[128.69468,32.7455],[128.69369,32.7452],[128.69363,32.74473],[128.6944,32.74452],[128.69312,32.74421],[128.692,32.73916],[128.69238,32.7387],[128.69344,32.74025],[128.69339,32.741],[128.69408,32.74061],[128.69456,32.73951],[128.69701,32.73812],[128.69674,32.73737],[128.69684,32.73703],[128.69696,32.7379],[128.6982,32.7375],[128.69886,32.73794],[128.69883,32.73852],[128.70029,32.739],[128.7012,32.73903],[128.70192,32.73772],[128.70499,32.7388],[128.70478,32.74074],[128.70518,32.73873],[128.70656,32.73848],[128.70789,32.74006],[128.70624,32.742],[128.70652,32.74219],[128.70537,32.74251],[128.70537,32.74311],[128.70617,32.74385],[128.70487,32.74418],[128.70492,32.74472],[128.70736,32.74681],[128.7081,32.74676],[128.70817,32.74741],[128.70731,32.74839],[128.70936,32.7501],[128.71015,32.75],[128.71015,32.74746],[128.71128,32.74667],[128.71197,32.74741],[128.7123,32.74676],[128.71288,32.74708],[128.71401,32.7495],[128.71447,32.74926],[128.7156,32.74991],[128.71639,32.74964],[128.71691,32.7488],[128.71804,32.74884],[128.71822,32.74968],[128.71753,32.75107],[128.71879,32.75278],[128.72014,32.75273],[128.72185,32.75195],[128.72509,32.75517],[128.72625,32.7557],[128.72846,32.75531],[128.72997,32.75578],[128.73215,32.75514],[128.73746,32.7575],[128.739,32.75697],[128.73914,32.75634],[128.73964,32.75667],[128.74088,32.75639],[128.73917,32.75475],[128.73735,32.75448],[128.73748,32.75334],[128.73688,32.75304],[128.7342,32.75482],[128.73403,32.75304],[128.73259,32.75413],[128.73224,32.753],[128.73255,32.75271],[128.73136,32.75238],[128.73052,32.75271],[128.72957,32.75397],[128.72955,32.75334],[128.72861,32.75283],[128.7277,32.75387],[128.72747,32.7532],[128.72797,32.75249],[128.72519,32.75277],[128.72779,32.75173],[128.72806,32.75093],[128.72901,32.7517],[128.72957,32.7516],[128.72957,32.75099],[128.73012,32.7507],[128.7325,32.75115],[128.73116,32.74995],[128.73017,32.75044],[128.72985,32.74976],[128.72834,32.74989],[128.72683,32.74795],[128.72628,32.7481],[128.72376,32.74687],[128.72467,32.74642],[128.72658,32.7473],[128.72757,32.74694],[128.72988,32.74808],[128.73001,32.74752],[128.73203,32.7486],[128.73311,32.74733],[128.73331,32.74817],[128.73415,32.74808],[128.73398,32.74885],[128.73645,32.74782],[128.73696,32.74921],[128.73772,32.74908],[128.73908,32.75012],[128.7421,32.75098],[128.74155,32.74983],[128.74102,32.74984],[128.74181,32.74785],[128.7394,32.74791],[128.73911,32.74762],[128.73963,32.74681],[128.73918,32.7462],[128.7374,32.74681],[128.73645,32.74645],[128.73557,32.74399],[128.7352,32.74403],[128.73574,32.74128],[128.73481,32.73841],[128.73532,32.73766],[128.7386,32.73869],[128.73764,32.74036],[128.73835,32.74325],[128.74071,32.74322],[128.74137,32.74381],[128.74132,32.74493],[128.74216,32.74599],[128.74496,32.74658],[128.74558,32.74764],[128.74514,32.74991],[128.74555,32.75055],[128.74643,32.74966],[128.74753,32.74937],[128.74689,32.75013],[128.7492,32.75191],[128.74849,32.7524],[128.74861,32.75314],[128.74922,32.75345],[128.7495,32.75263],[128.74973,32.75338],[128.74908,32.75444],[128.74769,32.75383],[128.74636,32.75417],[128.74523,32.75346],[128.74292,32.75339],[128.73929,32.75226],[128.7426,32.75399],[128.745,32.75464],[128.74463,32.75476],[128.74584,32.75652],[128.74496,32.758],[128.74708,32.75699],[128.74797,32.75768],[128.7476,32.75796],[128.74882,32.75816],[128.74925,32.75871],[128.75005,32.75772],[128.7508,32.75803],[128.75068,32.75862],[128.75177,32.75798],[128.7534,32.75877],[128.75356,32.75973],[128.75164,32.75983],[128.7517,32.76059],[128.75066,32.76139],[128.75125,32.76155],[128.75114,32.76329],[128.75043,32.76346],[128.75059,32.76388],[128.75125,32.76344],[128.75267,32.764],[128.75226,32.7645],[128.75345,32.76668],[128.75325,32.76727],[128.75227,32.76753],[128.75226,32.76822],[128.75455,32.76872],[128.75508,32.76929],[128.75584,32.76842],[128.75697,32.76836],[128.75758,32.76881],[128.75863,32.7685],[128.75965,32.76662],[128.7589,32.76571],[128.7593,32.76469],[128.76041,32.76383],[128.76151,32.76441],[128.76096,32.76405],[128.76162,32.76241],[128.76332,32.76225],[128.76309,32.76189],[128.76132,32.762],[128.76083,32.76135],[128.7612,32.76129],[128.76109,32.76054],[128.7621,32.7605],[128.76141,32.75995],[128.76161,32.75936],[128.76247,32.75979],[128.76373,32.75983],[128.7624,32.75935],[128.76235,32.75738],[128.76288,32.75737],[128.76309,32.75757],[128.76347,32.75758],[128.7629,32.75733],[128.76236,32.75733],[128.76232,32.75518],[128.76346,32.75484],[128.76333,32.75538],[128.76253,32.75535],[128.76268,32.75586],[128.76317,32.75633],[128.76417,32.7562],[128.76431,32.75569],[128.76515,32.75569],[128.76542,32.75478],[128.76671,32.75372],[128.76784,32.75395],[128.76877,32.75291],[128.76847,32.75125],[128.76657,32.75166],[128.76786,32.75082],[128.76684,32.7492],[128.767,32.74808],[128.76549,32.74538],[128.76272,32.74309],[128.76248,32.74214],[128.76287,32.74187],[128.76317,32.74293],[128.76717,32.74539],[128.7683,32.74848],[128.76889,32.74875],[128.76937,32.74804],[128.76914,32.74454],[128.76795,32.74331],[128.76795,32.74214],[128.76731,32.74189],[128.76961,32.74066],[128.76946,32.73929],[128.77048,32.73754],[128.76976,32.73579],[128.76993,32.73514],[128.77236,32.73419],[128.77458,32.73475],[128.77477,32.73527],[128.77346,32.7371],[128.77149,32.73824],[128.77263,32.73971],[128.77155,32.74107],[128.77173,32.74211],[128.77391,32.74431],[128.77493,32.74399],[128.77553,32.74167],[128.77378,32.73689],[128.77472,32.73678],[128.77654,32.735],[128.77852,32.73469],[128.77782,32.73524],[128.77863,32.73584],[128.776,32.73778],[128.77786,32.73922],[128.77677,32.74159],[128.7764,32.74508],[128.77518,32.74656],[128.77445,32.74852],[128.7735,32.74882],[128.773,32.74956],[128.77323,32.75064],[128.77417,32.75093],[128.77509,32.75048],[128.77768,32.75282],[128.77857,32.75448],[128.77937,32.75473],[128.78099,32.75644],[128.78438,32.75804],[128.78539,32.75789],[128.78793,32.75913],[128.78938,32.75917],[128.79114,32.76041],[128.79295,32.761],[128.79518,32.75956],[128.79704,32.75639],[128.79873,32.75527],[128.79625,32.7603],[128.79626,32.76106],[128.79483,32.7635],[128.79297,32.7654],[128.79096,32.76369],[128.7892,32.76314],[128.78581,32.76366],[128.78494,32.76195],[128.78302,32.76243],[128.78252,32.76341],[128.7813,32.76409],[128.78098,32.76375],[128.78154,32.76091],[128.78009,32.76],[128.77931,32.758],[128.7782,32.7573],[128.77712,32.75747],[128.77684,32.75632],[128.77582,32.75617],[128.77486,32.75531],[128.77463,32.75634],[128.77336,32.75689],[128.77234,32.75719],[128.76981,32.75684],[128.76799,32.75737],[128.76534,32.76039],[128.76576,32.7616],[128.76711,32.76222],[128.76711,32.76314],[128.76807,32.76345],[128.76799,32.76407],[128.76909,32.76459],[128.76868,32.76547],[128.76994,32.7658],[128.77109,32.76517],[128.77161,32.76535],[128.77141,32.76623],[128.77281,32.76676],[128.77287,32.76984],[128.77377,32.77174],[128.77345,32.77224],[128.77489,32.77187],[128.77672,32.77254],[128.77605,32.77531],[128.77667,32.77608],[128.77551,32.77707],[128.77531,32.77765],[128.77574,32.7782],[128.77698,32.77839],[128.77713,32.77759],[128.77922,32.77819],[128.77963,32.77802],[128.77951,32.77734],[128.78014,32.77765],[128.78001,32.77641],[128.78136,32.77635],[128.78182,32.77567],[128.7834,32.77686],[128.78488,32.7761],[128.78464,32.77654],[128.78525,32.777],[128.78548,32.77526],[128.78597,32.77491],[128.78856,32.77499],[128.78917,32.77619],[128.7926,32.77707],[128.79402,32.77799],[128.79384,32.77917],[128.79274,32.77973],[128.79131,32.77969],[128.79097,32.78063],[128.78993,32.7807],[128.78938,32.78163],[128.79066,32.78121],[128.79079,32.7822],[128.79128,32.78244],[128.79162,32.78206],[128.79359,32.78317],[128.79518,32.78231],[128.79602,32.78249],[128.79575,32.78364],[128.79755,32.7848],[128.79714,32.78547],[128.79486,32.78584],[128.79274,32.78548],[128.79211,32.78585],[128.79241,32.78678],[128.79133,32.78758],[128.79144,32.78831],[128.78947,32.78915],[128.79005,32.78964],[128.7906,32.78961],[128.79046,32.78917],[128.79087,32.78957],[128.79227,32.78905],[128.79351,32.78973],[128.79573,32.78981],[128.79548,32.79022],[128.79714,32.79035],[128.7974,32.79086],[128.80041,32.7907],[128.80037,32.79144],[128.80155,32.79271],[128.80183,32.79238],[128.80293,32.79291],[128.80476,32.79241],[128.80491,32.79365],[128.80609,32.79294],[128.80628,32.79515],[128.80732,32.79696],[128.80886,32.79837],[128.80911,32.79707],[128.81073,32.79803],[128.81098,32.79558],[128.81021,32.79491],[128.81093,32.7945],[128.81002,32.79391],[128.80937,32.79238],[128.80793,32.79253],[128.80745,32.79191],[128.80782,32.79085],[128.80968,32.78969],[128.80997,32.78832],[128.81034,32.78854],[128.81079,32.78805],[128.80897,32.78587],[128.8103,32.78431],[128.809,32.784],[128.80849,32.78094],[128.80751,32.78013],[128.80909,32.77894],[128.80905,32.77822],[128.80712,32.77721],[128.8056,32.77762],[128.80421,32.77656],[128.80426,32.77525],[128.80513,32.77397],[128.8079,32.77366],[128.80919,32.7741],[128.80986,32.77306],[128.81185,32.77235],[128.81355,32.76913],[128.81471,32.76905],[128.81528,32.76846],[128.81612,32.76889],[128.81716,32.76843],[128.81777,32.76724],[128.81956,32.76663],[128.82061,32.76429],[128.82284,32.76313],[128.82281,32.7618],[128.82553,32.76139],[128.82633,32.76021],[128.82485,32.75675],[128.82405,32.75691],[128.82229,32.75616],[128.82108,32.75647],[128.82152,32.75773],[128.82078,32.75827],[128.82099,32.75774],[128.82007,32.75596],[128.81885,32.75648],[128.81948,32.75704],[128.81904,32.75774],[128.81967,32.75816],[128.82038,32.76057],[128.81946,32.76042],[128.81877,32.75846],[128.81791,32.75756],[128.81709,32.75881],[128.81724,32.75982],[128.8165,32.75951],[128.81581,32.76025],[128.81533,32.75953],[128.81597,32.75942],[128.81552,32.75899],[128.81625,32.75787],[128.81585,32.75724],[128.81516,32.75768],[128.81524,32.75624],[128.81468,32.757],[128.81384,32.75628],[128.81375,32.75688],[128.81319,32.75631],[128.81136,32.75696],[128.8112,32.75749],[128.81228,32.75922],[128.81232,32.75936],[128.80971,32.75656],[128.80891,32.75658],[128.80776,32.75743],[128.80702,32.757],[128.80932,32.75512],[128.80947,32.75436],[128.80676,32.75364],[128.80629,32.75412],[128.8064,32.75355],[128.8044,32.75309],[128.8044,32.75225],[128.80377,32.75201],[128.80592,32.75185],[128.8066,32.75225],[128.8069,32.75165],[128.80769,32.7522],[128.80826,32.7521],[128.80795,32.75155],[128.80943,32.75117],[128.8102,32.75207],[128.81137,32.75104],[128.81125,32.74938],[128.81188,32.74919],[128.81155,32.74894],[128.81276,32.7472],[128.81345,32.74703],[128.81404,32.74873],[128.81381,32.75003],[128.81453,32.7508],[128.81671,32.75126],[128.81738,32.75055],[128.81783,32.75067],[128.81789,32.75214],[128.81895,32.75115],[128.82053,32.75081],[128.82077,32.75186],[128.82222,32.75206],[128.82188,32.75279],[128.82287,32.75146],[128.82357,32.75216],[128.82339,32.753],[128.82455,32.75256],[128.82535,32.75288],[128.82522,32.75371],[128.82592,32.75341],[128.82876,32.7538],[128.82856,32.75452],[128.82747,32.75507],[128.8264,32.75655],[128.82721,32.75749],[128.82829,32.75779],[128.8283,32.75836],[128.82899,32.75795],[128.82985,32.75842],[128.83037,32.75952],[128.83132,32.7591],[128.8328,32.75976],[128.83302,32.76086],[128.83196,32.76178],[128.83215,32.76222],[128.8335,32.7611],[128.83565,32.76051],[128.83589,32.75853],[128.83719,32.75701],[128.83859,32.75647],[128.83859,32.756],[128.83734,32.7541],[128.83657,32.75386],[128.83518,32.75551],[128.8364,32.75527],[128.83696,32.7546],[128.83745,32.75579],[128.83639,32.75596],[128.83508,32.75702],[128.83209,32.75473],[128.82975,32.75425],[128.82969,32.75159],[128.8272,32.74997],[128.82628,32.74874],[128.82586,32.74636],[128.82643,32.74521],[128.82543,32.74488],[128.82564,32.74455],[128.82553,32.74451],[128.82509,32.74483],[128.8246,32.74386],[128.82436,32.74228],[128.82497,32.74142],[128.82519,32.74041],[128.82486,32.74027],[128.8259,32.74069],[128.82656,32.73941],[128.82776,32.74001],[128.82721,32.74028],[128.82752,32.74113],[128.82675,32.74137],[128.82707,32.74262],[128.82787,32.74327],[128.83042,32.74386],[128.83006,32.74564],[128.82939,32.74654],[128.82947,32.7483],[128.82859,32.74898],[128.82907,32.74975],[128.82965,32.74939],[128.82993,32.75027],[128.8307,32.75053],[128.83083,32.75137],[128.83326,32.75244],[128.8336,32.75233],[128.83318,32.75179],[128.83455,32.75069],[128.83544,32.75066],[128.83539,32.74984],[128.8363,32.74993],[128.83547,32.74932],[128.83595,32.7481],[128.83563,32.7471],[128.83443,32.74648],[128.83571,32.7458],[128.83573,32.74474],[128.83812,32.74587],[128.83728,32.74718],[128.83827,32.74672],[128.83937,32.7475],[128.8415,32.74741],[128.8421,32.74759],[128.84273,32.7488],[128.84249,32.7482],[128.84361,32.74809],[128.84352,32.74752],[128.84411,32.74763],[128.84439,32.74788],[128.84382,32.74806],[128.84476,32.7492],[128.84463,32.74966],[128.84322,32.74987],[128.84296,32.74946],[128.84317,32.74989],[128.84248,32.74983],[128.84285,32.75056],[128.84491,32.75126],[128.8455,32.75216],[128.8462,32.75214],[128.84737,32.75311],[128.84832,32.75304],[128.84752,32.75111],[128.84807,32.75003],[128.8497,32.74936],[128.8505,32.75009],[128.85184,32.75032],[128.85345,32.7468],[128.85476,32.74625],[128.85559,32.74665],[128.85578,32.74494],[128.8546,32.74427],[128.85555,32.74346],[128.85688,32.74415],[128.85716,32.74337],[128.85506,32.74123],[128.8547,32.74201],[128.85266,32.74216],[128.85194,32.74269],[128.85041,32.74199],[128.8496,32.74267],[128.84837,32.74203],[128.84758,32.74255],[128.84682,32.74238],[128.84602,32.74364],[128.84564,32.74353],[128.84603,32.74381],[128.8454,32.74443],[128.84425,32.7439],[128.84231,32.74189],[128.84171,32.73885],[128.84413,32.73801],[128.84384,32.73596],[128.84462,32.73554],[128.84312,32.73437],[128.8429,32.73133],[128.84169,32.72927],[128.84206,32.72907],[128.84161,32.72916],[128.8395,32.72508],[128.83974,32.72303],[128.84101,32.7218],[128.84067,32.72074],[128.84147,32.71712],[128.84272,32.71625],[128.84288,32.71563],[128.84196,32.71424],[128.8387,32.71529],[128.83845,32.71499],[128.83966,32.71454],[128.83936,32.71354],[128.84069,32.71266],[128.84024,32.71191],[128.84106,32.71064],[128.84074,32.70954],[128.84263,32.70858],[128.84242,32.70703],[128.84333,32.70567],[128.84406,32.70619],[128.8438,32.70541],[128.84595,32.70489],[128.84643,32.70589],[128.84505,32.7063],[128.8447,32.70663],[128.84683,32.70594],[128.84713,32.7063],[128.84914,32.70462],[128.8486,32.70368],[128.84653,32.70354],[128.84568,32.70267],[128.84907,32.70281],[128.84764,32.7026],[128.84769,32.70223],[128.85092,32.70065],[128.85124,32.70094],[128.84961,32.69895],[128.84929,32.69907],[128.85029,32.69854],[128.84925,32.69901],[128.84773,32.69714],[128.84863,32.69652],[128.84657,32.6978],[128.84597,32.69736],[128.84899,32.69562],[128.85034,32.69696],[128.85018,32.69607],[128.85214,32.69669],[128.8527,32.6974],[128.85222,32.69771],[128.85321,32.69723],[128.85224,32.69601],[128.85263,32.69576],[128.85092,32.69384],[128.85147,32.69391],[128.851,32.69368],[128.85207,32.69164],[128.85255,32.69168],[128.85118,32.69048],[128.84837,32.69059],[128.84922,32.68917],[128.8487,32.68884],[128.84911,32.68852],[128.84969,32.68945],[128.85172,32.68878],[128.85167,32.68914],[128.85353,32.68977],[128.85403,32.69188],[128.85704,32.69249],[128.85651,32.69509],[128.85749,32.69157],[128.85766,32.68621],[128.85866,32.68622],[128.8595,32.68563],[128.86049,32.68585],[128.86006,32.68603],[128.86042,32.68602],[128.86021,32.68688],[128.86106,32.68654],[128.86197,32.68544],[128.86156,32.68497],[128.86222,32.68458],[128.86215,32.68375],[128.86252,32.68425],[128.86306,32.68411],[128.86445,32.68281],[128.87045,32.67955],[128.87134,32.6789],[128.87077,32.67861],[128.87067,32.67839],[128.87137,32.6789],[128.87332,32.67791],[128.87424,32.67632],[128.87487,32.67641],[128.87447,32.67623],[128.87525,32.67594],[128.87512,32.67653],[128.87561,32.67614],[128.87531,32.67578],[128.87871,32.67264],[128.88039,32.67209],[128.88074,32.67034],[128.88308,32.66969],[128.88356,32.66823],[128.88381,32.66842],[128.8847,32.66742],[128.88497,32.6677],[128.88516,32.66734],[128.88439,32.66655],[128.88509,32.6651],[128.88598,32.66477],[128.88633,32.664],[128.88495,32.66275],[128.88541,32.66259],[128.88354,32.66198],[128.88455,32.66019],[128.88483,32.66015],[128.8859,32.65946],[128.88699,32.65911],[128.88723,32.65895],[128.88593,32.65929],[128.88476,32.6601],[128.88415,32.65998],[128.88434,32.65912],[128.885,32.65935],[128.88557,32.65758],[128.88607,32.65739],[128.88684,32.65808],[128.88591,32.65644],[128.88445,32.65818],[128.88358,32.65727],[128.88682,32.65579],[128.88899,32.65572],[128.89052,32.65632],[128.88955,32.65767],[128.88969,32.65774],[128.89056,32.65636],[128.89154,32.65663],[128.89284,32.65543],[128.89454,32.6555],[128.89643,32.6545],[128.89717,32.65256],[128.89714,32.65094],[128.89542,32.64875],[128.89539,32.64794],[128.89578,32.64778],[128.89506,32.64707],[128.89539,32.64655],[128.89437,32.64653],[128.89438,32.64592],[128.89381,32.64619],[128.89373,32.64563],[128.89294,32.64543],[128.89313,32.64458],[128.89449,32.64383],[128.89373,32.64327],[128.89376,32.64265],[128.89223,32.6416],[128.89268,32.64145],[128.89257,32.64078],[128.89117,32.64087],[128.89081,32.64133],[128.89023,32.64079],[128.88814,32.64178],[128.88657,32.64121],[128.88694,32.64103],[128.88645,32.64011],[128.88541,32.64066],[128.88517,32.64173],[128.8843,32.642],[128.88316,32.64005],[128.88147,32.63901],[128.87877,32.64019],[128.8779,32.63952],[128.87453,32.63934],[128.87437,32.63774],[128.87347,32.63868],[128.87142,32.639],[128.87161,32.64046],[128.8708,32.64356],[128.86895,32.64449],[128.86764,32.64391],[128.86841,32.64339],[128.86759,32.64377],[128.86681,32.64295],[128.86537,32.64273],[128.86434,32.64191],[128.86353,32.6422],[128.86317,32.64186],[128.86271,32.64228],[128.86222,32.64176],[128.85982,32.64282],[128.8581,32.64195],[128.85483,32.64264],[128.85444,32.64197],[128.85256,32.64203],[128.85223,32.64146],[128.8516,32.64173],[128.85195,32.64143],[128.85153,32.64111],[128.84895,32.64138],[128.84758,32.63923],[128.84749,32.63969],[128.84675,32.63953],[128.84457,32.64074],[128.84409,32.64036],[128.84452,32.63976],[128.84399,32.64028],[128.84339,32.63966],[128.843,32.63999],[128.84219,32.63939],[128.84167,32.63963],[128.84173,32.63886],[128.84066,32.6387],[128.83941,32.63748],[128.83874,32.63745],[128.83783,32.63844],[128.83721,32.63766],[128.83748,32.63819],[128.83701,32.63781],[128.8358,32.63824],[128.83269,32.63666],[128.83266,32.63778],[128.83165,32.63733],[128.83077,32.63776],[128.83,32.63725],[128.83024,32.63671],[128.82861,32.63655],[128.8261,32.63542],[128.82508,32.63721],[128.82452,32.6372],[128.82439,32.63792],[128.8238,32.63818],[128.82208,32.63764],[128.82148,32.63615],[128.82032,32.63673],[128.81855,32.63671],[128.81797,32.63698],[128.81832,32.63812],[128.81784,32.63986],[128.8168,32.6405],[128.81714,32.64105],[128.81682,32.64328],[128.81534,32.64435],[128.81422,32.6443],[128.81517,32.64482],[128.81626,32.64386],[128.81677,32.64502],[128.81791,32.64522],[128.81828,32.64609],[128.81742,32.64752],[128.81579,32.64704],[128.81608,32.64672],[128.8149,32.64579],[128.8146,32.64631],[128.81253,32.6459],[128.8108,32.64664],[128.80991,32.64829],[128.81065,32.64893],[128.81038,32.6496],[128.81087,32.65047],[128.81113,32.65067],[128.81083,32.64984],[128.81156,32.64997],[128.81131,32.65043],[128.81166,32.65029],[128.81209,32.65111],[128.81157,32.6517],[128.81017,32.65181],[128.81164,32.65189],[128.81144,32.65376],[128.80915,32.65529],[128.80876,32.65504],[128.80729,32.65557],[128.80663,32.65557],[128.80561,32.65472],[128.80293,32.65424],[128.80192,32.65314],[128.80127,32.65084],[128.79939,32.65235],[128.79649,32.65231],[128.79451,32.65055],[128.79281,32.6502],[128.79104,32.64872],[128.79139,32.64819],[128.79023,32.64859],[128.78903,32.64796],[128.78789,32.64852],[128.7874,32.64814],[128.78786,32.64855],[128.78742,32.64893],[128.78607,32.64863],[128.78507,32.64716],[128.78345,32.64584],[128.78282,32.64595],[128.78203,32.6448],[128.77828,32.64529],[128.7747,32.64446],[128.77377,32.64488],[128.7725,32.64447],[128.77071,32.64467],[128.76763,32.64212],[128.76545,32.63824],[128.76793,32.6379],[128.76825,32.63733],[128.76732,32.63607],[128.76525,32.6356],[128.76493,32.6344],[128.76502,32.63318],[128.76552,32.63289],[128.765,32.63277],[128.76506,32.63237],[128.76679,32.63109],[128.76758,32.62888],[128.7667,32.6258],[128.76458,32.62539],[128.7614,32.62375],[128.76181,32.62233],[128.76149,32.62155],[128.76102,32.62155],[128.76189,32.61954],[128.76353,32.61804],[128.76491,32.61868],[128.76408,32.61813],[128.76424,32.61739],[128.766,32.61678],[128.76621,32.61709],[128.76663,32.61654],[128.7671,32.61715],[128.76516,32.6194],[128.76594,32.61854],[128.76732,32.61859],[128.77016,32.6211],[128.77158,32.61987],[128.77269,32.61985],[128.77054,32.61963],[128.76982,32.61895],[128.77062,32.61841],[128.76964,32.61868],[128.76931,32.61831],[128.76994,32.61781],[128.76984,32.61719],[128.77028,32.61727],[128.76933,32.61638],[128.76974,32.61611],[128.76996,32.61687],[128.7709,32.61707],[128.77156,32.61796],[128.77112,32.61834],[128.77193,32.61774],[128.77255,32.61788],[128.77143,32.61719],[128.77259,32.61655],[128.77153,32.61538],[128.77322,32.61617],[128.77316,32.61676],[128.77402,32.61625],[128.77342,32.61578],[128.77364,32.6141],[128.77395,32.61417],[128.77355,32.61366],[128.77279,32.61511],[128.77182,32.61455],[128.77194,32.6138],[128.77359,32.6126],[128.77465,32.61304],[128.77383,32.61337],[128.77389,32.61364],[128.77529,32.61319],[128.77512,32.61224],[128.77555,32.61259],[128.77632,32.6123],[128.77724,32.61373],[128.77855,32.61312],[128.77912,32.61377],[128.78069,32.6122],[128.78227,32.61216],[128.78166,32.61181],[128.78282,32.61067],[128.78272,32.61189],[128.78289,32.61043],[128.78393,32.61024],[128.78416,32.60948],[128.78583,32.60949],[128.78631,32.60905],[128.78592,32.6088],[128.78747,32.60831],[128.79045,32.60839],[128.78981,32.60752],[128.78964,32.60607],[128.78875,32.60583],[128.78903,32.6045],[128.78851,32.60435],[128.7885,32.60382],[128.79065,32.60426],[128.79108,32.60387],[128.78973,32.60278],[128.79039,32.60222],[128.79129,32.60277],[128.79107,32.60319],[128.79164,32.60245],[128.79179,32.60451],[128.79209,32.60324],[128.79297,32.60253],[128.79161,32.60192],[128.78872,32.60225],[128.78866,32.60164],[128.78967,32.60113],[128.78968,32.60052],[128.79042,32.60122],[128.79007,32.60205],[128.79122,32.60193],[128.79174,32.60091],[128.79128,32.60055],[128.79114,32.6011],[128.79056,32.60108],[128.79056,32.60003],[128.79103,32.60072],[128.79104,32.59995],[128.79171,32.60008],[128.79285,32.59925],[128.79375,32.59922],[128.79402,32.59809],[128.79324,32.59823],[128.79245,32.59782],[128.79282,32.59733],[128.79229,32.59724],[128.79308,32.59673],[128.79253,32.59373],[128.79372,32.59228],[128.79359,32.5906],[128.79298,32.59024],[128.79201,32.59078],[128.79207,32.59033],[128.79145,32.59025],[128.79176,32.58969],[128.79113,32.58871],[128.79033,32.58876],[128.78878,32.5875],[128.78826,32.5881],[128.78741,32.58777],[128.78666,32.58837],[128.78686,32.58695],[128.7865,32.58675],[128.78624,32.58801],[128.7868,32.5889],[128.78588,32.58881],[128.78594,32.58922],[128.78555,32.58915],[128.7847,32.59026],[128.78402,32.58989],[128.78359,32.59045],[128.7838,32.59087],[128.78304,32.59141],[128.78324,32.59054],[128.78277,32.59048],[128.78257,32.58948],[128.78384,32.58879],[128.7839,32.58755],[128.78487,32.58713],[128.78318,32.58711],[128.78276,32.58751],[128.78261,32.58698],[128.78186,32.58706],[128.78029,32.5862],[128.78035,32.58544],[128.77971,32.58579],[128.77901,32.58303],[128.77733,32.58207],[128.77723,32.5805],[128.77621,32.5804],[128.77623,32.57991],[128.77502,32.58],[128.77592,32.57967],[128.77664,32.57879],[128.7752,32.57934],[128.77423,32.57888],[128.77522,32.57898],[128.77527,32.57795],[128.77628,32.57792],[128.77681,32.57841],[128.77726,32.57837],[128.77631,32.57786],[128.77422,32.57778],[128.77467,32.57653],[128.77411,32.57657],[128.7731,32.57451],[128.77184,32.57352],[128.76851,32.57492],[128.76861,32.57451],[128.76804,32.57437],[128.76746,32.57468],[128.76777,32.57505],[128.7669,32.57534],[128.76686,32.57462],[128.76602,32.57543],[128.76508,32.57541],[128.76368,32.57428],[128.76194,32.57449],[128.76155,32.57535],[128.76181,32.57593],[128.76106,32.57688],[128.75925,32.5768],[128.75902,32.57742],[128.75669,32.57683],[128.75662,32.57632],[128.75573,32.57688],[128.75594,32.57735],[128.75498,32.57786],[128.75436,32.57764],[128.75476,32.57826],[128.75321,32.5781],[128.75273,32.57849],[128.75303,32.57952],[128.75256,32.57998],[128.75386,32.58077],[128.75422,32.58167],[128.75242,32.58221],[128.7518,32.58315],[128.75208,32.58491],[128.75155,32.58558],[128.75034,32.58568],[128.75029,32.58711],[128.74952,32.58735],[128.74941,32.58772],[128.74835,32.58818],[128.74827,32.58843],[128.74948,32.58775],[128.74974,32.58799],[128.74965,32.58756],[128.75042,32.58711],[128.75052,32.58656],[128.7511,32.58656],[128.75126,32.58731],[128.75067,32.58729],[128.75061,32.58818],[128.75008,32.58813],[128.74995,32.58901],[128.75008,32.58854],[128.75097,32.58857],[128.75094,32.58984],[128.74926,32.58973],[128.74892,32.5888],[128.7492,32.58977],[128.75143,32.58988],[128.75215,32.58968],[128.75207,32.59017],[128.74961,32.59177],[128.74951,32.59237],[128.74855,32.59262],[128.74749,32.59393],[128.74752,32.59494],[128.74634,32.59617],[128.74495,32.59571],[128.74427,32.59605],[128.74471,32.59607],[128.74488,32.59747],[128.74432,32.59798],[128.74298,32.5981],[128.74321,32.59894],[128.7414,32.59879],[128.74182,32.60046],[128.74121,32.60057],[128.74017,32.60185],[128.73927,32.6017],[128.73952,32.60204],[128.73904,32.60212],[128.73923,32.60222],[128.73863,32.60248],[128.73771,32.60354],[128.73859,32.6026],[128.74006,32.60221],[128.74052,32.60374],[128.73992,32.60277],[128.73937,32.60284],[128.73982,32.60375],[128.73868,32.60335],[128.7393,32.60386],[128.73862,32.6048],[128.73812,32.60456],[128.73857,32.60485],[128.73797,32.60571],[128.73682,32.60493],[128.73721,32.60421],[128.73673,32.60495],[128.7383,32.60595],[128.73572,32.60728],[128.73362,32.60663],[128.72784,32.60752],[128.72709,32.60635],[128.72286,32.60557],[128.72092,32.60583],[128.72034,32.60527],[128.72039,32.60578],[128.71973,32.60608],[128.71787,32.60619],[128.71702,32.60588],[128.71682,32.60556],[128.71744,32.6053],[128.71564,32.60393],[128.71284,32.60467],[128.70763,32.60482],[128.70597,32.60527],[128.70486,32.60467],[128.7006,32.60436],[128.69953,32.60451],[128.69939,32.60546],[128.69761,32.60453],[128.69616,32.6055],[128.69529,32.60516],[128.69564,32.60437],[128.69505,32.60433],[128.69465,32.603],[128.69392,32.60286],[128.69315,32.60361],[128.69076,32.60271],[128.68871,32.60255],[128.68574,32.60346],[128.68501,32.60467],[128.67832,32.60739],[128.67645,32.60728],[128.67407,32.60611],[128.67237,32.60679],[128.6696,32.60694],[128.66886,32.60724],[128.66866,32.60815],[128.66664,32.60845],[128.66532,32.60815],[128.66476,32.60694],[128.66403,32.60649],[128.65809,32.60436],[128.65568,32.6018],[128.65511,32.60013],[128.6555,32.59923],[128.65849,32.59809],[128.65968,32.59928],[128.65864,32.59772],[128.65919,32.59636],[128.66014,32.59529],[128.66087,32.59515],[128.65957,32.59363],[128.65698,32.59257],[128.65716,32.59106],[128.65641,32.59046],[128.6553,32.59106],[128.65327,32.59061],[128.65258,32.59149],[128.65278,32.59196],[128.65159,32.59242],[128.65084,32.59257],[128.65048,32.59152],[128.64936,32.59196],[128.64936,32.59301],[128.64886,32.59356],[128.64793,32.5938],[128.64755,32.59348],[128.64747,32.59419],[128.64579,32.59483],[128.6437,32.59447],[128.64384,32.59408],[128.64277,32.59426],[128.64205,32.59292],[128.64099,32.59255],[128.63818,32.59276],[128.63783,32.59337],[128.63658,32.59342],[128.63601,32.59454],[128.63693,32.59575],[128.63601,32.5965],[128.63433,32.59636],[128.63284,32.59711],[128.6334,32.59756],[128.6334,32.59832],[128.6349,32.59817],[128.63506,32.59938],[128.63358,32.60044],[128.63229,32.60028],[128.63136,32.60452],[128.62479,32.60848],[128.62259,32.60837],[128.62105,32.6076],[128.62069,32.60803],[128.62124,32.60879],[128.61856,32.61042],[128.61758,32.61015],[128.61735,32.60938],[128.61648,32.6094],[128.61682,32.60923],[128.61504,32.60852],[128.61639,32.60842],[128.6149,32.60824],[128.61273,32.60933],[128.6137,32.60862],[128.61302,32.60861],[128.61218,32.60944],[128.61261,32.60938],[128.61249,32.6098],[128.60989,32.61128],[128.60843,32.61125],[128.60796,32.61073],[128.60563,32.61193],[128.60461,32.61159],[128.60432,32.61263],[128.60493,32.6131],[128.60364,32.61417],[128.60165,32.61377]]],[[[128.74332,32.74863],[128.74201,32.74847],[128.74288,32.74912],[128.74332,32.74863]]],[[[128.72775,32.74847],[128.7278,32.7489],[128.72815,32.74902],[128.72833,32.74847],[128.72775,32.74847]]],[[[128.7458,32.75251],[128.744,32.75124],[128.74395,32.75194],[128.7458,32.75251]]],[[[128.74565,32.76051],[128.74668,32.75926],[128.74643,32.75868],[128.74489,32.76023],[128.74565,32.76051]]],[[[128.74444,32.7619],[128.744,32.76148],[128.74453,32.76076],[128.74416,32.76058],[128.74268,32.76162],[128.74425,32.76241],[128.74444,32.7619]]],[[[128.81013,32.77479],[128.81071,32.77556],[128.81086,32.7749],[128.81013,32.77479]]],[[[128.80421,32.79316],[128.80451,32.79383],[128.80455,32.7932],[128.80421,32.79316]]],[[[128.79147,32.79868],[128.79222,32.79882],[128.79258,32.79862],[128.79196,32.7982],[128.79147,32.79868]]],[[[128.79259,32.79936],[128.79302,32.79972],[128.79364,32.79972],[128.79307,32.79905],[128.79259,32.79936]]],[[[128.79603,32.79989],[128.79731,32.79968],[128.79714,32.7994],[128.79813,32.79936],[128.79549,32.79905],[128.79603,32.79989]]],[[[128.79583,32.80083],[128.79561,32.79969],[128.79497,32.80045],[128.79583,32.80083]]],[[[128.79473,32.80064],[128.79516,32.80128],[128.79526,32.80082],[128.79473,32.80064]]],[[[128.79562,32.80196],[128.796,32.80225],[128.79642,32.80196],[128.79624,32.80164],[128.79562,32.80196]]],[[[128.67246,32.80745],[128.67309,32.8074],[128.67347,32.80832],[128.67432,32.8075],[128.67499,32.8077],[128.67515,32.80862],[128.67449,32.80922],[128.67513,32.80994],[128.67631,32.80938],[128.67797,32.80966],[128.67864,32.8103],[128.67907,32.80991],[128.6807,32.81029],[128.68276,32.80685],[128.68262,32.8041],[128.68189,32.80318],[128.6802,32.80268],[128.6774,32.80264],[128.67617,32.80345],[128.67472,32.80596],[128.67411,32.80579],[128.67197,32.8069],[128.67246,32.80745]]],[[[128.88761,32.55816],[128.88761,32.55863],[128.88804,32.55878],[128.88808,32.55839],[128.88761,32.55816]]],[[[128.88863,32.55967],[128.8914,32.55865],[128.89066,32.55786],[128.89057,32.55839],[128.89002,32.55784],[128.88863,32.55967]]],[[[128.90481,32.57009],[128.90512,32.57081],[128.90449,32.57142],[128.90407,32.57105],[128.90415,32.57144],[128.90263,32.5712],[128.90304,32.57244],[128.90428,32.57245],[128.90574,32.5714],[128.90771,32.56683],[128.90748,32.56517],[128.90541,32.5618],[128.90145,32.56049],[128.89882,32.5609],[128.89825,32.56039],[128.89758,32.56099],[128.89532,32.56096],[128.89526,32.5614],[128.89353,32.56196],[128.89241,32.56349],[128.89192,32.5666],[128.89117,32.56695],[128.89198,32.56775],[128.89145,32.56891],[128.89242,32.57043],[128.89322,32.57052],[128.8932,32.56966],[128.89397,32.56935],[128.89657,32.57015],[128.89804,32.57144],[128.90111,32.57045],[128.90139,32.57108],[128.90195,32.57166],[128.90129,32.57059],[128.90298,32.57025],[128.9037,32.57061],[128.90481,32.57009]]],[[[128.89629,32.58545],[128.89641,32.58622],[128.89688,32.58612],[128.89747,32.58835],[128.8998,32.58888],[128.90021,32.58965],[128.89991,32.59011],[128.90047,32.58981],[128.90342,32.59034],[128.90412,32.58988],[128.90356,32.58958],[128.90399,32.58954],[128.90371,32.58917],[128.90465,32.58891],[128.90405,32.58889],[128.90402,32.58807],[128.9034,32.58766],[128.90362,32.58712],[128.90505,32.5865],[128.90437,32.58516],[128.90382,32.5855],[128.90252,32.58525],[128.9003,32.58653],[128.89629,32.58545]]],[[[128.90637,32.59363],[128.9078,32.5913],[128.90902,32.5911],[128.9079,32.59058],[128.90706,32.59173],[128.90516,32.59141],[128.90395,32.59217],[128.90393,32.59305],[128.90303,32.59329],[128.90598,32.59391],[128.90592,32.59432],[128.90649,32.59447],[128.90637,32.59363]]],[[[128.82991,32.60258],[128.83152,32.60556],[128.83244,32.60511],[128.83293,32.60535],[128.83251,32.60506],[128.83283,32.6048],[128.83331,32.6054],[128.83435,32.60438],[128.8347,32.60453],[128.83468,32.60403],[128.83613,32.60391],[128.8396,32.60515],[128.83916,32.60464],[128.84031,32.60392],[128.83995,32.60365],[128.84105,32.60225],[128.84159,32.60233],[128.84211,32.59893],[128.84164,32.59821],[128.84187,32.5973],[128.8403,32.59623],[128.84064,32.59554],[128.84021,32.59605],[128.83846,32.59578],[128.8319,32.59707],[128.83176,32.59644],[128.8313,32.59639],[128.83117,32.59716],[128.82949,32.59742],[128.82748,32.5989],[128.82693,32.60065],[128.82991,32.60258]]],[[[128.87989,32.63886],[128.87999,32.63718],[128.87961,32.63713],[128.87942,32.63836],[128.87979,32.63878],[128.87939,32.6388],[128.87989,32.63886]]],[[[128.89721,32.69382],[128.89785,32.69374],[128.89801,32.69326],[128.89758,32.69314],[128.89721,32.69382]]],[[[128.90237,32.6997],[128.90209,32.69952],[128.90152,32.69977],[128.90178,32.70011],[128.90237,32.6997]]],[[[128.89779,32.7109],[128.89882,32.71003],[128.89871,32.70961],[128.89958,32.70978],[128.90009,32.70924],[128.89983,32.7082],[128.8984,32.70822],[128.8979,32.70777],[128.89904,32.70703],[128.89852,32.70625],[128.89875,32.70582],[128.89959,32.70547],[128.90084,32.70634],[128.90202,32.70563],[128.90277,32.70587],[128.90219,32.7075],[128.9035,32.70797],[128.904,32.70721],[128.90477,32.70741],[128.90579,32.70484],[128.90464,32.7047],[128.90499,32.70405],[128.90454,32.70243],[128.90334,32.70298],[128.90304,32.70255],[128.90154,32.70275],[128.90146,32.70205],[128.90084,32.70173],[128.89839,32.70236],[128.89842,32.70176],[128.89993,32.70081],[128.90004,32.70027],[128.90099,32.70042],[128.90129,32.69983],[128.90078,32.69938],[128.89925,32.69939],[128.89921,32.69854],[128.898,32.69772],[128.89927,32.69753],[128.8986,32.69684],[128.90065,32.69687],[128.90027,32.69643],[128.9017,32.69571],[128.90022,32.69549],[128.89966,32.69452],[128.89802,32.69538],[128.89823,32.69481],[128.89745,32.69449],[128.89781,32.69407],[128.89732,32.69398],[128.89696,32.69362],[128.89625,32.69426],[128.89653,32.69551],[128.89558,32.69684],[128.89629,32.69728],[128.89515,32.69835],[128.89507,32.69908],[128.89575,32.6997],[128.89531,32.70063],[128.8956,32.70092],[128.89462,32.70179],[128.8935,32.70676],[128.89363,32.70853],[128.89482,32.71109],[128.89809,32.71187],[128.89884,32.71136],[128.89779,32.7109]]],[[[128.85616,32.71839],[128.85819,32.71653],[128.85782,32.7159],[128.85819,32.71532],[128.8577,32.71516],[128.85872,32.71385],[128.85838,32.71339],[128.85733,32.71402],[128.85704,32.71708],[128.85616,32.71839]]],[[[128.8598,32.71748],[128.86039,32.71693],[128.85954,32.71695],[128.8598,32.71748]]],[[[128.85399,32.72347],[128.85452,32.72242],[128.85578,32.72187],[128.85473,32.72108],[128.85579,32.71944],[128.85467,32.71889],[128.85039,32.72083],[128.8501,32.72146],[128.8526,32.72143],[128.85171,32.72337],[128.85256,32.72327],[128.85293,32.72408],[128.85399,32.72347]]],[[[128.86357,32.73097],[128.86264,32.72958],[128.86256,32.72651],[128.86432,32.72617],[128.86533,32.72541],[128.86661,32.72643],[128.86725,32.72632],[128.86822,32.72516],[128.86775,32.7249],[128.86713,32.72534],[128.86821,32.72313],[128.86652,32.72304],[128.86645,32.72171],[128.86467,32.7214],[128.86345,32.72178],[128.86361,32.72127],[128.86269,32.72117],[128.86306,32.72049],[128.86269,32.72014],[128.86185,32.72029],[128.86226,32.72199],[128.86154,32.72249],[128.86118,32.72394],[128.86003,32.72457],[128.85992,32.72614],[128.85755,32.72714],[128.85698,32.72867],[128.8577,32.72997],[128.85902,32.72915],[128.85942,32.72795],[128.86071,32.72829],[128.86053,32.72929],[128.86134,32.72946],[128.86201,32.73117],[128.8632,32.73155],[128.86357,32.73097]]],[[[128.84543,32.73507],[128.84501,32.73473],[128.84463,32.73508],[128.84508,32.73555],[128.84543,32.73507]]],[[[128.85853,32.74359],[128.85846,32.74245],[128.85726,32.7436],[128.85853,32.74359]]],[[[128.87823,32.74001],[128.8778,32.73959],[128.87807,32.73929],[128.87752,32.73951],[128.87427,32.73837],[128.87269,32.73959],[128.87049,32.73917],[128.86945,32.73975],[128.8687,32.74199],[128.86956,32.74337],[128.8699,32.74625],[128.87088,32.74625],[128.87141,32.74438],[128.87281,32.74329],[128.87374,32.74394],[128.87399,32.74517],[128.8733,32.74737],[128.87359,32.74875],[128.87564,32.74908],[128.87803,32.75072],[128.88067,32.75056],[128.8817,32.74958],[128.88104,32.74961],[128.8811,32.74838],[128.87805,32.74415],[128.87767,32.74296],[128.87823,32.74001]]],[[[128.85597,32.74739],[128.85597,32.74684],[128.85567,32.74672],[128.85565,32.74693],[128.85597,32.74739]]],[[[128.88121,32.7502],[128.88157,32.75029],[128.88167,32.75007],[128.88121,32.7502]]],[[[128.81135,32.75209],[128.81109,32.75267],[128.81278,32.75338],[128.81239,32.75236],[128.81135,32.75209]]],[[[128.818,32.75729],[128.8174,32.75706],[128.81723,32.75743],[128.81781,32.75756],[128.818,32.75729]]],[[[128.88501,32.76539],[128.88562,32.76571],[128.88578,32.76569],[128.88501,32.76539]]],[[[128.83275,32.79786],[128.83308,32.79822],[128.83432,32.79797],[128.83451,32.7986],[128.83556,32.79824],[128.83554,32.79958],[128.83598,32.79949],[128.83615,32.80036],[128.83814,32.80025],[128.83903,32.80086],[128.8397,32.8007],[128.83988,32.80135],[128.83939,32.80222],[128.83971,32.80283],[128.83754,32.80458],[128.83805,32.80431],[128.83785,32.80517],[128.83918,32.8054],[128.8403,32.8076],[128.83752,32.8087],[128.83822,32.80946],[128.83885,32.80931],[128.83843,32.80988],[128.83921,32.81037],[128.83875,32.81079],[128.83997,32.81095],[128.83965,32.81188],[128.84039,32.81259],[128.83583,32.81654],[128.8374,32.81682],[128.83682,32.81783],[128.83719,32.818],[128.83673,32.81958],[128.83777,32.8198],[128.83703,32.82163],[128.83792,32.82151],[128.83721,32.82249],[128.83808,32.82265],[128.83742,32.82317],[128.83815,32.82347],[128.83696,32.82469],[128.83779,32.8245],[128.83771,32.82523],[128.837,32.8257],[128.83777,32.82561],[128.83777,32.82613],[128.8382,32.82609],[128.83783,32.82647],[128.83898,32.82671],[128.83831,32.82699],[128.83912,32.82726],[128.83813,32.82754],[128.83846,32.8286],[128.83961,32.82917],[128.8393,32.82969],[128.83962,32.83057],[128.83865,32.83085],[128.83743,32.83011],[128.83466,32.82979],[128.83471,32.82937],[128.83346,32.82924],[128.8328,32.82972],[128.83366,32.82994],[128.83289,32.83067],[128.83382,32.83069],[128.83311,32.83152],[128.83396,32.83233],[128.83373,32.83262],[128.836,32.83387],[128.83535,32.83419],[128.83539,32.83484],[128.83506,32.83464],[128.83508,32.83573],[128.83656,32.83605],[128.83674,32.83681],[128.83761,32.83726],[128.83748,32.83819],[128.83904,32.83818],[128.83966,32.83766],[128.8402,32.83845],[128.84077,32.83806],[128.84064,32.83621],[128.84366,32.83364],[128.84474,32.83343],[128.84715,32.83446],[128.84882,32.83429],[128.8489,32.83464],[128.85007,32.83414],[128.84986,32.83343],[128.8483,32.8321],[128.84858,32.83126],[128.84952,32.83108],[128.84858,32.83122],[128.84822,32.82997],[128.84794,32.83028],[128.84803,32.82953],[128.84918,32.83014],[128.84926,32.83065],[128.84924,32.83016],[128.85055,32.83032],[128.85116,32.83],[128.85101,32.82945],[128.85169,32.82945],[128.85202,32.83021],[128.85241,32.83015],[128.85239,32.8308],[128.85307,32.83091],[128.85273,32.83136],[128.85304,32.83162],[128.8556,32.83069],[128.85571,32.83166],[128.85505,32.83248],[128.85584,32.83222],[128.85647,32.8334],[128.85583,32.83441],[128.85616,32.83429],[128.85595,32.83505],[128.8567,32.83554],[128.85591,32.83586],[128.85622,32.83657],[128.85676,32.83594],[128.85675,32.83637],[128.85734,32.83622],[128.85709,32.83657],[128.8581,32.83625],[128.85779,32.83597],[128.85868,32.83565],[128.85888,32.83497],[128.86026,32.83537],[128.86114,32.83508],[128.86206,32.83344],[128.86301,32.83328],[128.86248,32.83242],[128.86123,32.83235],[128.86122,32.83186],[128.86239,32.83087],[128.86286,32.83118],[128.86477,32.83038],[128.86438,32.82958],[128.86318,32.82891],[128.86324,32.82805],[128.86184,32.82817],[128.86146,32.82773],[128.8625,32.82685],[128.86239,32.8262],[128.86337,32.82475],[128.86521,32.82306],[128.8626,32.82208],[128.86217,32.81938],[128.86253,32.81938],[128.8629,32.8173],[128.86179,32.81605],[128.86376,32.81597],[128.86328,32.8127],[128.86443,32.8102],[128.86611,32.80814],[128.86882,32.80807],[128.87085,32.80725],[128.87138,32.80658],[128.87123,32.8061],[128.86811,32.80529],[128.86583,32.80541],[128.86307,32.80446],[128.86359,32.8045],[128.86344,32.80356],[128.86283,32.8033],[128.86349,32.80339],[128.863,32.8031],[128.86362,32.80258],[128.86283,32.80159],[128.86379,32.80218],[128.86633,32.80217],[128.86718,32.80267],[128.86779,32.8023],[128.86754,32.80164],[128.86812,32.80148],[128.86977,32.80236],[128.87299,32.79931],[128.87233,32.79856],[128.87671,32.79758],[128.87755,32.79941],[128.87719,32.80211],[128.87877,32.80319],[128.87921,32.80437],[128.87674,32.80301],[128.87595,32.80377],[128.87484,32.80665],[128.87312,32.80853],[128.87455,32.80942],[128.87595,32.80961],[128.87827,32.80955],[128.87885,32.80866],[128.87854,32.80939],[128.87817,32.80966],[128.87777,32.8096],[128.87771,32.80979],[128.87856,32.80997],[128.87877,32.81135],[128.87808,32.81249],[128.87638,32.81368],[128.87669,32.81431],[128.87907,32.81488],[128.87848,32.81534],[128.87825,32.81654],[128.87756,32.81654],[128.87777,32.81603],[128.87734,32.8157],[128.87691,32.81587],[128.87703,32.81654],[128.87604,32.81655],[128.8783,32.81658],[128.87809,32.81685],[128.87889,32.81752],[128.87821,32.81852],[128.87023,32.81968],[128.87004,32.8208],[128.86874,32.82061],[128.86756,32.8218],[128.86788,32.82249],[128.8698,32.82312],[128.86939,32.82462],[128.86641,32.82628],[128.86599,32.8261],[128.86574,32.82733],[128.86771,32.82769],[128.86642,32.82883],[128.86705,32.82948],[128.86682,32.83023],[128.86899,32.83023],[128.86926,32.83072],[128.86769,32.83198],[128.86683,32.83196],[128.86542,32.83286],[128.86623,32.8334],[128.86636,32.83501],[128.8644,32.83708],[128.86477,32.83745],[128.86432,32.8377],[128.86433,32.83858],[128.86479,32.83882],[128.86452,32.83987],[128.86232,32.84138],[128.86308,32.84194],[128.86157,32.84367],[128.86357,32.84412],[128.8638,32.84473],[128.86479,32.84459],[128.86722,32.84273],[128.87096,32.84156],[128.87129,32.84036],[128.87373,32.83812],[128.87553,32.83796],[128.87686,32.83708],[128.87764,32.83738],[128.87855,32.83654],[128.87854,32.83559],[128.87971,32.83466],[128.88418,32.83375],[128.88354,32.83228],[128.88488,32.82872],[128.88496,32.82666],[128.88522,32.82621],[128.88607,32.82644],[128.88642,32.82554],[128.88694,32.82569],[128.88605,32.8254],[128.88755,32.82455],[128.88722,32.82431],[128.89048,32.82344],[128.89144,32.82389],[128.89127,32.82527],[128.89536,32.8249],[128.89772,32.8232],[128.898,32.82252],[128.8986,32.82267],[128.90098,32.82154],[128.90134,32.8207],[128.90052,32.82],[128.89946,32.81724],[128.90027,32.8147],[128.90125,32.81409],[128.90333,32.81382],[128.9048,32.81462],[128.90547,32.81447],[128.90589,32.81341],[128.90521,32.81245],[128.90587,32.81134],[128.90411,32.81055],[128.9031,32.80913],[128.90302,32.80721],[128.90524,32.80576],[128.90427,32.80486],[128.90342,32.80475],[128.90317,32.80325],[128.90395,32.80232],[128.90561,32.80235],[128.90585,32.80094],[128.90811,32.80097],[128.90836,32.80012],[128.91064,32.79836],[128.9101,32.79822],[128.91059,32.79709],[128.91031,32.79681],[128.90892,32.79701],[128.90869,32.7964],[128.90719,32.79681],[128.90438,32.79637],[128.90378,32.79511],[128.9043,32.79424],[128.904,32.79449],[128.90238,32.79286],[128.9022,32.79219],[128.90276,32.79204],[128.90225,32.78982],[128.90261,32.78974],[128.90247,32.78834],[128.90162,32.78781],[128.90147,32.78694],[128.90074,32.78753],[128.90016,32.78704],[128.8985,32.78732],[128.89602,32.78599],[128.89608,32.7855],[128.89509,32.78571],[128.89296,32.78436],[128.89264,32.7838],[128.89301,32.78366],[128.89228,32.78327],[128.8912,32.78122],[128.89145,32.78079],[128.89078,32.78108],[128.89032,32.78052],[128.89112,32.77856],[128.89029,32.77905],[128.89015,32.77838],[128.88981,32.77897],[128.88981,32.77834],[128.88886,32.7784],[128.88573,32.77553],[128.88494,32.77201],[128.88512,32.7711],[128.88585,32.77101],[128.88505,32.7694],[128.88615,32.76847],[128.88503,32.76846],[128.88456,32.76779],[128.88425,32.76667],[128.88473,32.76605],[128.88372,32.76623],[128.88369,32.76574],[128.88306,32.76606],[128.88247,32.76541],[128.88324,32.76496],[128.88303,32.76463],[128.88255,32.76429],[128.88198,32.76482],[128.88162,32.76374],[128.88054,32.76393],[128.88032,32.76344],[128.87935,32.76321],[128.87807,32.76346],[128.87721,32.76456],[128.87374,32.76414],[128.8734,32.76372],[128.87241,32.76446],[128.87187,32.76428],[128.87035,32.76496],[128.86728,32.76366],[128.86754,32.76351],[128.86576,32.76329],[128.86425,32.76374],[128.86261,32.76572],[128.86033,32.76653],[128.86012,32.76885],[128.85914,32.77082],[128.85796,32.77144],[128.85795,32.77058],[128.85695,32.77057],[128.85695,32.7699],[128.85831,32.76977],[128.85615,32.76952],[128.85613,32.77113],[128.85491,32.77173],[128.85472,32.77256],[128.85403,32.77301],[128.85189,32.77736],[128.84986,32.77845],[128.846,32.77789],[128.84363,32.7788],[128.84351,32.77956],[128.84178,32.78088],[128.84237,32.78157],[128.84346,32.78179],[128.84334,32.78255],[128.84099,32.78449],[128.84018,32.78412],[128.8403,32.78448],[128.8402,32.78467],[128.83973,32.78231],[128.83893,32.78186],[128.83968,32.78061],[128.83886,32.77931],[128.83979,32.77867],[128.83938,32.77792],[128.84084,32.77788],[128.84216,32.77877],[128.8425,32.77785],[128.83892,32.77752],[128.8363,32.77916],[128.83646,32.78031],[128.83567,32.78061],[128.83603,32.78113],[128.8353,32.78136],[128.83562,32.7814],[128.83496,32.78236],[128.83573,32.78224],[128.83681,32.78292],[128.83656,32.78319],[128.8372,32.78327],[128.83724,32.78468],[128.83679,32.78497],[128.83726,32.7853],[128.83507,32.78691],[128.83692,32.78689],[128.83796,32.78807],[128.83842,32.78954],[128.83698,32.7911],[128.8362,32.79313],[128.83649,32.79393],[128.83543,32.79464],[128.83562,32.79536],[128.83271,32.79702],[128.83241,32.79742],[128.83308,32.79771],[128.83275,32.79786]]],[[[128.86676,32.81821],[128.86591,32.8183],[128.86556,32.81922],[128.86613,32.81935],[128.86689,32.81875],[128.86676,32.81821]]],[[[128.89251,32.83032],[128.89434,32.82904],[128.89479,32.82749],[128.89627,32.82664],[128.89609,32.82607],[128.89522,32.82602],[128.89479,32.82686],[128.89421,32.82683],[128.89303,32.82781],[128.89203,32.82908],[128.89198,32.8302],[128.89251,32.83032]]],[[[128.84827,32.83594],[128.84856,32.83623],[128.84864,32.83579],[128.84827,32.83594]]],[[[128.90756,32.87865],[128.9073,32.87595],[128.90668,32.87522],[128.90508,32.87682],[128.90476,32.87807],[128.90588,32.87846],[128.90622,32.87925],[128.90687,32.87924],[128.90756,32.87865]]],[[[128.93063,32.59003],[128.93049,32.58925],[128.93007,32.58966],[128.93063,32.59003]]],[[[128.93162,32.59388],[128.93116,32.59365],[128.93089,32.59384],[128.93162,32.59388]]],[[[128.92431,32.59759],[128.92611,32.59664],[128.92644,32.59749],[128.92551,32.59809],[128.92631,32.59832],[128.92657,32.59721],[128.92647,32.59684],[128.92693,32.5966],[128.92683,32.59525],[128.92757,32.59389],[128.92948,32.59422],[128.93056,32.59338],[128.92945,32.59315],[128.92939,32.59256],[128.92797,32.59232],[128.92806,32.59172],[128.9278,32.5914],[128.92611,32.59237],[128.92356,32.59232],[128.92318,32.59277],[128.92201,32.59259],[128.92205,32.59208],[128.92176,32.59229],[128.92029,32.5912],[128.91989,32.5916],[128.9203,32.59233],[128.91941,32.59313],[128.91892,32.59339],[128.91766,32.5928],[128.9151,32.59508],[128.91687,32.59566],[128.91712,32.59594],[128.91669,32.59618],[128.91808,32.59675],[128.92011,32.59615],[128.92005,32.59667],[128.92039,32.59689],[128.92017,32.59613],[128.9209,32.59628],[128.92114,32.59685],[128.92049,32.59714],[128.92133,32.5974],[128.92076,32.59764],[128.9212,32.59806],[128.92199,32.59785],[128.92338,32.59845],[128.92375,32.59837],[128.92425,32.59805],[128.92431,32.59759]]],[[[128.92366,32.60358],[128.92399,32.60339],[128.92337,32.6036],[128.92375,32.60442],[128.92401,32.60386],[128.92366,32.60358]]],[[[128.90609,32.70453],[128.90658,32.70497],[128.90656,32.70455],[128.90609,32.70453]]],[[[128.96336,32.72907],[128.96262,32.72868],[128.96122,32.72899],[128.96164,32.73003],[128.96336,32.72907]]],[[[128.98637,32.74094],[128.98457,32.74114],[128.98342,32.74033],[128.983,32.74074],[128.98501,32.74139],[128.98637,32.74094]]],[[[128.94994,32.74458],[128.95047,32.74453],[128.94994,32.74477],[128.95044,32.74491],[128.95115,32.74447],[128.9512,32.74501],[128.95203,32.74491],[128.9525,32.74396],[128.9512,32.74436],[128.9516,32.74333],[128.95128,32.74309],[128.95032,32.74368],[128.94994,32.74458]]],[[[128.96927,32.74594],[128.96923,32.7455],[128.96868,32.74542],[128.96783,32.74629],[128.96927,32.74594]]],[[[128.9508,32.74975],[128.9516,32.75115],[128.95226,32.75071],[128.952,32.75049],[128.95275,32.74904],[128.95186,32.74953],[128.95207,32.74864],[128.9508,32.74975]]],[[[129.00659,32.75314],[129.00588,32.75434],[129.00697,32.75301],[129.00659,32.75314]]],[[[128.95188,32.75758],[128.95446,32.7555],[128.95159,32.75463],[128.94973,32.75529],[128.95015,32.75726],[128.95188,32.75758]]],[[[128.96891,32.75524],[128.96793,32.7545],[128.96877,32.75409],[128.96887,32.7544],[128.969,32.75397],[128.96955,32.75446],[128.96902,32.75388],[128.9698,32.75348],[128.97064,32.75432],[128.96985,32.75448],[128.97021,32.75475],[128.96927,32.75551],[128.97005,32.7567],[128.97118,32.75574],[128.97348,32.75579],[128.97405,32.75816],[128.97495,32.7587],[128.97794,32.75727],[128.97872,32.7574],[128.97972,32.75887],[128.97887,32.7596],[128.97916,32.76051],[128.98046,32.76006],[128.98106,32.75887],[128.98234,32.7583],[128.98436,32.75928],[128.98642,32.75806],[128.98745,32.75655],[128.98838,32.7566],[128.98906,32.75844],[128.98847,32.75937],[128.98786,32.75925],[128.98967,32.76036],[128.98899,32.76126],[128.98945,32.76186],[128.98869,32.76295],[128.98971,32.76368],[128.98763,32.76519],[128.9884,32.76587],[128.98792,32.76729],[128.98886,32.76802],[128.99176,32.76881],[128.99142,32.76914],[128.99134,32.76967],[128.99006,32.7704],[128.99139,32.76971],[128.99147,32.76918],[128.99191,32.76985],[128.99039,32.77084],[128.98884,32.7705],[128.98889,32.77182],[128.98823,32.77281],[128.98626,32.77397],[128.98643,32.77541],[128.98544,32.77643],[128.98602,32.77661],[128.98564,32.77825],[128.98633,32.77889],[128.98722,32.78156],[128.9879,32.78204],[128.98916,32.78222],[128.99129,32.7814],[128.9921,32.78045],[128.99285,32.78089],[128.9919,32.78422],[128.98915,32.78686],[128.98936,32.7886],[128.99088,32.78926],[128.99249,32.79122],[128.99912,32.78678],[129.00059,32.78395],[129.00063,32.78202],[129.00136,32.78123],[129.00194,32.78137],[129.00284,32.77923],[129.00387,32.77892],[129.00358,32.77765],[129.00412,32.77604],[129.00567,32.7744],[129.00558,32.77332],[129.00768,32.7717],[129.00733,32.77001],[129.006,32.77045],[129.00554,32.76882],[129.00285,32.76877],[129.00247,32.76801],[129.00354,32.7675],[129.00352,32.76708],[129.00268,32.76734],[129.00236,32.76647],[129.0029,32.7661],[129.00252,32.76594],[129.00279,32.76515],[129.00365,32.76494],[129.00342,32.76453],[129.00432,32.76399],[129.0039,32.76387],[129.00429,32.76363],[129.00397,32.76322],[129.00479,32.76286],[129.0047,32.76224],[129.00372,32.76237],[129.0047,32.76023],[129.00446,32.75978],[129.00403,32.76001],[129.00347,32.75926],[129.00372,32.75867],[129.00299,32.75821],[129.00322,32.75697],[129.0022,32.75666],[129.00252,32.75571],[129.00173,32.75569],[129.00068,32.75486],[129.00487,32.75537],[129.006,32.75636],[129.00727,32.75455],[129.00569,32.75493],[129.00582,32.75288],[129.00504,32.75265],[129.00521,32.7521],[129.00447,32.75053],[129.00085,32.74988],[128.99984,32.75112],[128.99912,32.75048],[128.99953,32.75009],[128.9985,32.75084],[128.99855,32.75037],[128.9976,32.75068],[128.99782,32.75084],[128.99772,32.75098],[128.9958,32.75115],[128.99503,32.75202],[128.99455,32.75161],[128.99469,32.75114],[128.99409,32.75128],[128.99421,32.75027],[128.99328,32.75043],[128.99164,32.75277],[128.99208,32.75319],[128.99158,32.75439],[128.99016,32.75579],[128.98949,32.75557],[128.98964,32.75519],[128.98813,32.75513],[128.98813,32.75454],[128.98759,32.75477],[128.98819,32.75402],[128.98799,32.75271],[128.98718,32.75275],[128.9878,32.75208],[128.98738,32.75198],[128.98772,32.75116],[128.98678,32.75076],[128.98744,32.74994],[128.98668,32.74982],[128.98687,32.74899],[128.98615,32.74953],[128.98489,32.74885],[128.98613,32.74674],[128.98546,32.74643],[128.9877,32.74445],[128.98588,32.74432],[128.98708,32.7427],[128.9863,32.74189],[128.98287,32.74294],[128.9831,32.74429],[128.98217,32.74401],[128.98112,32.7443],[128.9815,32.7449],[128.98,32.74487],[128.97931,32.74627],[128.97847,32.74618],[128.97818,32.74547],[128.97716,32.74491],[128.97424,32.745],[128.97477,32.74448],[128.97378,32.74371],[128.97211,32.74398],[128.9725,32.74444],[128.9719,32.74477],[128.97353,32.74527],[128.97247,32.74621],[128.97274,32.74759],[128.97204,32.7483],[128.96938,32.74777],[128.96962,32.74745],[128.96857,32.74692],[128.96889,32.74639],[128.96828,32.74648],[128.96746,32.74624],[128.96786,32.74552],[128.96725,32.74588],[128.96647,32.74555],[128.96579,32.74606],[128.96615,32.7467],[128.96552,32.74704],[128.96474,32.74703],[128.96456,32.74626],[128.96351,32.74677],[128.96338,32.74755],[128.96438,32.74793],[128.96345,32.74865],[128.96306,32.75107],[128.96444,32.75106],[128.96424,32.75194],[128.96469,32.753],[128.96752,32.75417],[128.9681,32.755],[128.96891,32.75524]]],[[[129.00374,32.76708],[129.00388,32.76719],[129.0039,32.76707],[129.00374,32.76708]]],[[[128.95813,32.77713],[128.96155,32.77191],[128.9661,32.76967],[128.96767,32.7682],[128.96829,32.76606],[128.96802,32.76392],[128.96564,32.76173],[128.96324,32.76145],[128.95919,32.76207],[128.95701,32.76275],[128.95555,32.76418],[128.95534,32.76642],[128.95349,32.77213],[128.95361,32.77334],[128.95705,32.77708],[128.95813,32.77713]]],[[[128.92489,32.7908],[128.92526,32.79227],[128.92579,32.79226],[128.92608,32.79108],[128.92514,32.78992],[128.92477,32.79031],[128.92533,32.79036],[128.92489,32.7908]]],[[[128.92603,32.79341],[128.92563,32.79276],[128.92515,32.79296],[128.92376,32.79489],[128.92411,32.79648],[128.92597,32.79769],[128.92627,32.79749],[128.92529,32.7952],[128.92603,32.79341]]],[[[128.93262,32.79761],[128.93298,32.79771],[128.93325,32.79725],[128.9329,32.79721],[128.93262,32.79761]]],[[[128.93649,32.80628],[128.93668,32.80081],[128.93619,32.79945],[128.93431,32.79895],[128.93356,32.79808],[128.93168,32.79974],[128.92883,32.80006],[128.92723,32.79936],[128.93003,32.80234],[128.92986,32.80341],[128.93007,32.80235],[128.93143,32.80183],[128.93204,32.80246],[128.93269,32.80138],[128.93312,32.80184],[128.93243,32.80224],[128.93254,32.80305],[128.93153,32.8028],[128.93257,32.80316],[128.9326,32.80365],[128.92981,32.80577],[128.92945,32.80674],[128.92976,32.80714],[128.9312,32.80673],[128.93226,32.80747],[128.9358,32.80772],[128.93477,32.80729],[128.93502,32.80664],[128.93599,32.80719],[128.93572,32.80658],[128.93649,32.80628]]],[[[128.95027,32.80909],[128.94976,32.80967],[128.94833,32.81028],[128.95003,32.81006],[128.95124,32.81045],[128.95128,32.80997],[128.95027,32.80909]]],[[[128.90721,32.8102],[128.90703,32.81064],[128.90741,32.81028],[128.90721,32.8102]]],[[[128.9076,32.81055],[128.90817,32.81016],[128.90721,32.8107],[128.9076,32.81055]]],[[[128.93607,32.8148],[128.93799,32.81567],[128.93674,32.8147],[128.93607,32.8148]]],[[[128.90128,32.85217],[128.90233,32.85289],[128.90232,32.85428],[128.90328,32.85493],[128.90232,32.85659],[128.90173,32.85676],[128.90099,32.85624],[128.90138,32.85575],[128.90098,32.85613],[128.90022,32.8558],[128.89825,32.85781],[128.89585,32.85786],[128.89453,32.85902],[128.89339,32.86191],[128.89149,32.86131],[128.89318,32.86193],[128.89242,32.86302],[128.89209,32.86282],[128.89234,32.86318],[128.8919,32.86299],[128.89222,32.86346],[128.89149,32.86402],[128.88944,32.86364],[128.88817,32.86194],[128.88878,32.86194],[128.88882,32.86051],[128.88988,32.86053],[128.88827,32.86042],[128.88821,32.8587],[128.88984,32.85732],[128.89016,32.85646],[128.8898,32.85659],[128.88912,32.8557],[128.89027,32.85546],[128.89066,32.85617],[128.8903,32.85539],[128.89246,32.85375],[128.89207,32.85292],[128.88987,32.85188],[128.88912,32.85209],[128.88933,32.85286],[128.88878,32.85347],[128.88652,32.85362],[128.8852,32.85449],[128.88414,32.85432],[128.88146,32.85266],[128.87992,32.85401],[128.87999,32.85497],[128.87924,32.85594],[128.87975,32.85599],[128.87908,32.85622],[128.8799,32.85616],[128.88059,32.85716],[128.88003,32.85793],[128.88057,32.85876],[128.87983,32.85971],[128.87988,32.86058],[128.87912,32.86068],[128.87922,32.8613],[128.87833,32.8613],[128.87837,32.86185],[128.87766,32.86221],[128.87713,32.86192],[128.87553,32.8624],[128.873,32.86162],[128.87236,32.86198],[128.87326,32.86204],[128.87298,32.86255],[128.87358,32.86257],[128.87602,32.86569],[128.87788,32.86595],[128.87898,32.86667],[128.87873,32.8672],[128.87937,32.86792],[128.8805,32.86776],[128.88035,32.86733],[128.88091,32.86713],[128.88294,32.86754],[128.88339,32.86708],[128.88702,32.86638],[128.88771,32.86576],[128.88955,32.86663],[128.88996,32.86838],[128.8896,32.86985],[128.88796,32.87113],[128.88779,32.87216],[128.88717,32.87262],[128.88784,32.87458],[128.88762,32.87518],[128.88854,32.87617],[128.88798,32.87705],[128.88877,32.87745],[128.88981,32.87756],[128.88945,32.87724],[128.89031,32.87718],[128.88991,32.87693],[128.89048,32.87706],[128.89077,32.87663],[128.89156,32.87736],[128.89142,32.87778],[128.89253,32.87741],[128.89231,32.87779],[128.89282,32.87779],[128.89291,32.87839],[128.89497,32.87836],[128.89601,32.87756],[128.89661,32.87523],[128.89825,32.87356],[128.89928,32.87134],[128.90164,32.87006],[128.90494,32.87154],[128.90565,32.87348],[128.90521,32.874],[128.90548,32.87459],[128.90674,32.87492],[128.90797,32.87351],[128.91111,32.87214],[128.91108,32.87113],[128.91193,32.86969],[128.91402,32.86944],[128.91467,32.87038],[128.91582,32.87048],[128.91833,32.86773],[128.92056,32.86349],[128.92117,32.86113],[128.92034,32.86236],[128.92008,32.86133],[128.91888,32.86143],[128.91801,32.86065],[128.91979,32.85951],[128.91972,32.85983],[128.92142,32.85951],[128.92148,32.86029],[128.92147,32.85903],[128.92279,32.85854],[128.92357,32.85755],[128.9233,32.85475],[128.92669,32.85326],[128.92648,32.84998],[128.9245,32.84815],[128.92235,32.84734],[128.92436,32.84808],[128.92473,32.84695],[128.92622,32.84651],[128.92755,32.84739],[128.92909,32.84487],[128.92709,32.84231],[128.92801,32.8416],[128.92954,32.84162],[128.92869,32.84157],[128.92871,32.83923],[128.92947,32.83919],[128.92866,32.83892],[128.92956,32.8384],[128.93194,32.83844],[128.93251,32.83766],[128.93292,32.83773],[128.93245,32.83848],[128.93271,32.83874],[128.9323,32.83872],[128.93213,32.84158],[128.93062,32.8416],[128.9326,32.84164],[128.93308,32.84281],[128.93269,32.8459],[128.93343,32.84761],[128.93477,32.84876],[128.93661,32.84893],[128.93706,32.84942],[128.93579,32.85062],[128.93424,32.84999],[128.93446,32.85035],[128.93315,32.85123],[128.93304,32.85209],[128.93207,32.85231],[128.93357,32.85232],[128.93415,32.85316],[128.93378,32.85386],[128.93219,32.85365],[128.932,32.85319],[128.93211,32.85388],[128.93164,32.85417],[128.93295,32.85551],[128.93163,32.8571],[128.93201,32.85785],[128.93123,32.85967],[128.93182,32.86075],[128.92777,32.86259],[128.92765,32.86349],[128.92826,32.86446],[128.92616,32.86453],[128.92292,32.86657],[128.92371,32.86853],[128.92275,32.87006],[128.92306,32.87095],[128.92431,32.87158],[128.92489,32.87232],[128.92444,32.87301],[128.92517,32.87284],[128.92519,32.87333],[128.92868,32.87129],[128.92846,32.87058],[128.92926,32.86766],[128.93119,32.8663],[128.93172,32.86458],[128.93509,32.86233],[128.93523,32.86118],[128.93421,32.85933],[128.93592,32.85525],[128.93746,32.85474],[128.93907,32.85195],[128.94025,32.8519],[128.93953,32.85187],[128.93973,32.85065],[128.93913,32.85072],[128.93896,32.85025],[128.93954,32.84986],[128.93912,32.84982],[128.93923,32.84904],[128.94085,32.84869],[128.94112,32.8493],[128.9409,32.8487],[128.94236,32.84887],[128.94354,32.8494],[128.94268,32.84956],[128.94255,32.85117],[128.94159,32.85119],[128.9434,32.85138],[128.94354,32.8533],[128.94294,32.85501],[128.94365,32.85738],[128.94232,32.85915],[128.94233,32.85982],[128.94296,32.86034],[128.9426,32.86186],[128.94307,32.86199],[128.94294,32.86258],[128.94312,32.86199],[128.94387,32.86186],[128.94457,32.86287],[128.94399,32.86393],[128.94277,32.86298],[128.94254,32.86298],[128.94409,32.86407],[128.94554,32.86425],[128.94617,32.86499],[128.94651,32.86585],[128.94613,32.86729],[128.94729,32.86957],[128.94705,32.87135],[128.94815,32.8714],[128.94927,32.873],[128.9478,32.87472],[128.94766,32.87668],[128.94681,32.87795],[128.94479,32.87858],[128.9438,32.8796],[128.94108,32.88089],[128.94064,32.88377],[128.94159,32.88445],[128.94259,32.88424],[128.94562,32.88229],[128.94823,32.88159],[128.94875,32.88108],[128.9489,32.87978],[128.95003,32.87856],[128.95261,32.8773],[128.95324,32.87426],[128.95454,32.87332],[128.95479,32.87254],[128.95732,32.87125],[128.95824,32.86951],[128.95853,32.86649],[128.95953,32.86449],[128.95953,32.86287],[128.96125,32.86185],[128.96229,32.86028],[128.96266,32.85849],[128.96192,32.85695],[128.9624,32.85484],[128.96449,32.85219],[128.96293,32.84958],[128.96271,32.8501],[128.96243,32.8496],[128.9604,32.84984],[128.95752,32.85123],[128.95751,32.8504],[128.95638,32.84902],[128.95737,32.8509],[128.95607,32.85084],[128.95545,32.85029],[128.95583,32.84995],[128.95544,32.84956],[128.95589,32.84933],[128.95517,32.84965],[128.95491,32.84935],[128.95499,32.84834],[128.95384,32.84648],[128.95386,32.84547],[128.95497,32.84558],[128.95391,32.84515],[128.95435,32.84419],[128.95495,32.84387],[128.95597,32.8445],[128.95565,32.84562],[128.95611,32.84447],[128.95603,32.84427],[128.95715,32.84351],[128.95752,32.84261],[128.9559,32.83886],[128.95509,32.83811],[128.95492,32.83678],[128.95566,32.83645],[128.95486,32.8365],[128.95453,32.83569],[128.95385,32.83542],[128.95388,32.83427],[128.95475,32.83401],[128.95506,32.83436],[128.95483,32.83399],[128.95568,32.83278],[128.9577,32.83213],[128.96078,32.83273],[128.96087,32.83196],[128.96045,32.83165],[128.96078,32.83136],[128.9603,32.83075],[128.95857,32.82998],[128.95813,32.82875],[128.95676,32.82937],[128.95477,32.82831],[128.95339,32.83047],[128.95193,32.83092],[128.95079,32.832],[128.94707,32.83214],[128.949,32.83222],[128.94943,32.83345],[128.947,32.83395],[128.945,32.83295],[128.94413,32.83193],[128.94444,32.83141],[128.94389,32.83135],[128.94166,32.82796],[128.94088,32.82569],[128.94107,32.82458],[128.94185,32.82448],[128.94182,32.82399],[128.94251,32.82367],[128.9436,32.82073],[128.94498,32.81856],[128.94565,32.81887],[128.94527,32.81812],[128.94575,32.81778],[128.94651,32.8183],[128.94609,32.81902],[128.9469,32.81796],[128.94941,32.81902],[128.95045,32.81877],[128.95204,32.81721],[128.95175,32.81513],[128.95036,32.81405],[128.94839,32.81381],[128.94784,32.8132],[128.94794,32.81061],[128.94656,32.80985],[128.94521,32.80813],[128.94516,32.8071],[128.94579,32.80614],[128.94502,32.80219],[128.94391,32.80171],[128.94304,32.80001],[128.94214,32.80038],[128.94036,32.79973],[128.93947,32.8014],[128.93966,32.80218],[128.94192,32.8034],[128.94062,32.80434],[128.94044,32.80515],[128.94135,32.80627],[128.94103,32.80714],[128.94159,32.80642],[128.94263,32.80758],[128.94259,32.80793],[128.9411,32.808],[128.94093,32.80759],[128.94099,32.80825],[128.94024,32.80827],[128.93942,32.80899],[128.93978,32.81057],[128.93916,32.81079],[128.93915,32.81188],[128.93985,32.81507],[128.93872,32.81608],[128.93923,32.81684],[128.93755,32.81682],[128.93755,32.81803],[128.93762,32.81688],[128.93849,32.81689],[128.93849,32.81879],[128.93879,32.81912],[128.93919,32.81878],[128.93876,32.82023],[128.93965,32.82117],[128.93747,32.82292],[128.93845,32.82271],[128.93953,32.82316],[128.93969,32.82381],[128.93878,32.82439],[128.93773,32.82406],[128.93616,32.82539],[128.93671,32.82523],[128.93682,32.82664],[128.93629,32.82658],[128.93658,32.82681],[128.93472,32.8287],[128.93504,32.82812],[128.93447,32.8276],[128.93511,32.82691],[128.93455,32.8263],[128.93536,32.82511],[128.9347,32.82302],[128.93509,32.8232],[128.93508,32.82212],[128.93398,32.82092],[128.93378,32.81983],[128.93416,32.81954],[128.93187,32.81763],[128.93382,32.81646],[128.93425,32.81611],[128.93122,32.81802],[128.92984,32.81805],[128.92897,32.81745],[128.92374,32.81852],[128.92286,32.82004],[128.92051,32.82115],[128.9183,32.82109],[128.91783,32.82041],[128.91699,32.82083],[128.91413,32.82064],[128.91417,32.82195],[128.91536,32.82382],[128.91501,32.82509],[128.91675,32.82453],[128.91713,32.82333],[128.91793,32.82284],[128.91956,32.82257],[128.9184,32.82244],[128.91868,32.82207],[128.91954,32.82222],[128.92071,32.82166],[128.92361,32.82233],[128.92792,32.82191],[128.92861,32.82317],[128.92862,32.8244],[128.92669,32.82604],[128.92922,32.82689],[128.92982,32.82803],[128.92759,32.83025],[128.92752,32.83213],[128.92614,32.83322],[128.92528,32.83317],[128.92461,32.83434],[128.92379,32.83427],[128.92361,32.83372],[128.92372,32.83428],[128.92257,32.83459],[128.92312,32.83606],[128.92247,32.83702],[128.92025,32.83694],[128.92129,32.83846],[128.92121,32.83904],[128.91998,32.84017],[128.91908,32.84004],[128.91872,32.84034],[128.91969,32.84019],[128.91979,32.84192],[128.91949,32.8424],[128.91849,32.8423],[128.91991,32.84307],[128.91886,32.8433],[128.91823,32.84271],[128.91643,32.84243],[128.91463,32.83945],[128.91268,32.83944],[128.91216,32.84077],[128.91359,32.84216],[128.9134,32.84266],[128.91389,32.84335],[128.91331,32.84446],[128.91151,32.84418],[128.90731,32.84496],[128.90966,32.84685],[128.91038,32.84691],[128.91028,32.84786],[128.90812,32.8482],[128.90648,32.84976],[128.90496,32.84918],[128.90312,32.85057],[128.90083,32.85069],[128.90128,32.85217]]],[[[128.96934,32.85056],[128.96869,32.85038],[128.96813,32.8513],[128.96897,32.8514],[128.96934,32.85056]]],[[[128.94158,32.87018],[128.94137,32.86886],[128.9418,32.86784],[128.9433,32.86646],[128.94045,32.86779],[128.94065,32.86888],[128.93973,32.86979],[128.94047,32.87052],[128.93967,32.87165],[128.94114,32.87142],[128.94158,32.87018]]],[[[128.9168,32.89639],[128.91866,32.89404],[128.91733,32.89212],[128.91724,32.88936],[128.91632,32.88748],[128.91677,32.88731],[128.91628,32.88742],[128.91615,32.88608],[128.91452,32.88522],[128.90995,32.88549],[128.90862,32.88646],[128.90921,32.88801],[128.90752,32.88873],[128.90765,32.88915],[128.90429,32.88946],[128.90869,32.8908],[128.91055,32.88992],[128.91131,32.89123],[128.91095,32.89218],[128.91163,32.89374],[128.91301,32.89454],[128.91391,32.89424],[128.91583,32.89468],[128.91643,32.8952],[128.91618,32.89594],[128.9168,32.89639]]]]}},{"type":"Feature","properties":{"id":"muni-42212","name":"西海市"},"geometry":{"type":"MultiPolygon","coordinates":[[[[129.612,32.94159],[129.61287,32.9428],[129.61302,32.9421],[129.61421,32.94214],[129.61411,32.94138],[129.61507,32.94184],[129.61738,32.94079],[129.61557,32.94151],[129.6139,32.94039],[129.61409,32.93981],[129.61455,32.94019],[129.61586,32.93986],[129.61512,32.93977],[129.61584,32.93896],[129.61495,32.93921],[129.61538,32.93823],[129.61668,32.93788],[129.61621,32.93824],[129.61688,32.93819],[129.61805,32.93947],[129.61985,32.93854],[129.62049,32.93871],[129.6214,32.93764],[129.62252,32.93813],[129.6236,32.93774],[129.62384,32.93646],[129.62439,32.936],[129.62395,32.93626],[129.62331,32.93531],[129.62367,32.93481],[129.62368,32.93515],[129.62442,32.93515],[129.62446,32.93569],[129.6247,32.93473],[129.62411,32.93396],[129.62295,32.93396],[129.6229,32.93354],[129.62354,32.93379],[129.62377,32.93372],[129.62304,32.93308],[129.62287,32.93175],[129.62392,32.93204],[129.62461,32.93106],[129.62391,32.92928],[129.6258,32.92725],[129.62506,32.92615],[129.62234,32.9246],[129.61947,32.92104],[129.61795,32.9199],[129.6163,32.91723],[129.61552,32.91676],[129.61251,32.91712],[129.61086,32.91609],[129.61002,32.91692],[129.60541,32.91795],[129.60374,32.92001],[129.59886,32.92305],[129.5962,32.92723],[129.59636,32.93038],[129.5959,32.93248],[129.59509,32.9329],[129.59449,32.93247],[129.59408,32.93276],[129.59437,32.93305],[129.59364,32.93319],[129.59415,32.9346],[129.59282,32.93411],[129.59404,32.93579],[129.59145,32.93492],[129.59171,32.93558],[129.59123,32.93581],[129.59159,32.93606],[129.59076,32.93651],[129.59141,32.93698],[129.59269,32.93631],[129.59353,32.93676],[129.5927,32.93812],[129.59363,32.93937],[129.59373,32.94047],[129.59453,32.94104],[129.59456,32.94177],[129.59438,32.94239],[129.59381,32.94217],[129.5935,32.94237],[129.59432,32.94243],[129.59339,32.94358],[129.5944,32.94424],[129.5947,32.94514],[129.59519,32.94536],[129.59698,32.94468],[129.59843,32.94775],[129.60257,32.95036],[129.59851,32.94771],[129.59808,32.94637],[129.59974,32.94284],[129.60078,32.94308],[129.60019,32.94431],[129.59974,32.94589],[129.59988,32.94593],[129.60223,32.94002],[129.60493,32.93878],[129.60756,32.93876],[129.60598,32.93915],[129.60697,32.93915],[129.60628,32.93985],[129.60583,32.93964],[129.60629,32.93996],[129.60524,32.94056],[129.60564,32.94085],[129.60651,32.9402],[129.60716,32.94075],[129.60807,32.93979],[129.60853,32.94021],[129.60923,32.93999],[129.60889,32.93956],[129.60943,32.93914],[129.60952,32.93964],[129.61024,32.93939],[129.61017,32.94003],[129.61187,32.93993],[129.61024,32.94115],[129.60956,32.94246],[129.60989,32.94272],[129.61014,32.94215],[129.61077,32.94254],[129.61094,32.94145],[129.61117,32.94178],[129.61156,32.94146],[129.61169,32.94235],[129.612,32.94159]]],[[[129.58453,32.93736],[129.58475,32.93826],[129.5853,32.93821],[129.58499,32.93747],[129.58453,32.93736]]],[[[129.59233,32.95163],[129.59161,32.95119],[129.59064,32.95164],[129.59113,32.95218],[129.59233,32.95163]]],[[[129.22725,32.98153],[129.22675,32.98083],[129.22648,32.98163],[129.22701,32.98244],[129.22725,32.98153]]],[[[129.31119,32.99183],[129.31137,32.99246],[129.31254,32.99273],[129.31324,32.99233],[129.3125,32.99156],[129.31217,32.99215],[129.31119,32.99183]]],[[[129.25028,32.99625],[129.24924,32.99546],[129.24875,32.99567],[129.25028,32.99625]]],[[[129.55556,32.99927],[129.55608,32.99854],[129.5557,32.99766],[129.55653,32.99543],[129.55486,32.99309],[129.55304,32.99261],[129.55288,32.99363],[129.55163,32.99451],[129.55295,32.99392],[129.55367,32.99415],[129.55359,32.99445],[129.55495,32.99479],[129.5551,32.99593],[129.55412,32.99597],[129.55407,32.99667],[129.55457,32.99702],[129.55335,32.99753],[129.55318,32.99888],[129.55556,32.99927]]],[[[129.25072,32.9962],[129.25106,32.99678],[129.25118,32.99645],[129.25072,32.9962]]],[[[129.23232,32.99632],[129.23165,32.99595],[129.23112,32.99619],[129.23187,32.99736],[129.23232,32.99632]]],[[[129.25991,33.00177],[129.26008,33.00026],[129.25779,33.00076],[129.25797,33.0014],[129.25847,33.00166],[129.25888,33.00125],[129.25919,33.00189],[129.25991,33.00177]]],[[[129.26131,33.00259],[129.26106,33.00163],[129.26069,33.00248],[129.26131,33.00259]]],[[[129.26362,33.00272],[129.26436,33.00287],[129.26317,33.00233],[129.26237,33.00283],[129.26332,33.00342],[129.26362,33.00272]]],[[[129.45204,33.00468],[129.45145,33.00387],[129.45015,33.00398],[129.45086,33.00494],[129.45204,33.00468]]],[[[129.23263,33.00993],[129.23184,33.01041],[129.23206,33.01157],[129.23263,33.01081],[129.23381,33.01118],[129.23377,33.01154],[129.23568,33.01281],[129.23639,33.01431],[129.23573,33.01398],[129.23705,33.01539],[129.23838,33.01555],[129.2408,33.01785],[129.24155,33.01754],[129.24252,33.01774],[129.24135,33.01779],[129.24199,33.01798],[129.24142,33.01814],[129.24182,33.01897],[129.24482,33.01977],[129.2458,33.02054],[129.24626,33.02025],[129.24591,33.02098],[129.24661,33.02124],[129.24654,33.02209],[129.24724,33.02303],[129.24812,33.02259],[129.24883,33.02059],[129.24682,33.01654],[129.24767,33.01585],[129.24816,33.014],[129.25002,33.01298],[129.25221,33.01305],[129.25314,33.01446],[129.25341,33.01388],[129.25493,33.01341],[129.25431,33.01384],[129.25504,33.01538],[129.2549,33.01602],[129.25385,33.01659],[129.25369,33.016],[129.25287,33.01601],[129.25284,33.01662],[129.25433,33.01661],[129.2544,33.01779],[129.25483,33.01757],[129.25481,33.01817],[129.25559,33.01828],[129.25526,33.01896],[129.25583,33.01925],[129.25672,33.01886],[129.25718,33.01934],[129.25702,33.02033],[129.25827,33.02086],[129.25946,33.02079],[129.25963,33.02022],[129.26048,33.02091],[129.26095,33.02054],[129.26084,33.01925],[129.259,33.0165],[129.25685,33.01443],[129.25734,33.01327],[129.25711,33.01141],[129.25576,33.00924],[129.25316,33.00733],[129.2532,33.00597],[129.25434,33.00505],[129.25407,33.00296],[129.25458,33.00246],[129.25588,33.00234],[129.25589,33.0017],[129.25481,33.00095],[129.25524,33.00061],[129.25478,32.99966],[129.25261,33.00138],[129.25243,33.00008],[129.25175,33.00078],[129.25184,32.99949],[129.25074,32.99939],[129.25066,32.9988],[129.25123,32.99855],[129.25065,32.99789],[129.25099,32.99708],[129.25057,32.99666],[129.24854,32.99667],[129.24819,32.99793],[129.24659,32.99776],[129.24721,32.99626],[129.24626,32.99412],[129.2471,32.99406],[129.24663,32.99343],[129.24534,32.993],[129.24408,32.99335],[129.24095,32.99133],[129.24141,32.9909],[129.2411,32.99069],[129.24023,32.99083],[129.24027,32.99048],[129.2393,32.99011],[129.23805,32.99055],[129.23645,32.98947],[129.23427,32.98884],[129.23334,32.99024],[129.23445,32.99032],[129.23402,32.99055],[129.23437,32.99092],[129.2374,32.99193],[129.23782,32.9936],[129.23879,32.99376],[129.23825,32.99406],[129.23893,32.99417],[129.24044,32.99572],[129.23897,32.9965],[129.23523,32.9971],[129.23637,32.99748],[129.23576,32.99846],[129.23718,32.99755],[129.23717,32.99796],[129.23779,32.99788],[129.23826,32.99844],[129.23941,32.9981],[129.23899,32.99888],[129.23988,32.99973],[129.23933,33.00012],[129.23813,32.99911],[129.23644,32.99932],[129.23623,32.99888],[129.23646,32.99944],[129.2346,32.99956],[129.23294,33.00066],[129.22845,33.00035],[129.22624,32.99981],[129.22471,32.99829],[129.22469,32.9986],[129.223,32.99802],[129.22257,32.99817],[129.22197,33.00066],[129.22367,33.00243],[129.23084,33.00636],[129.23273,33.00843],[129.23263,33.00993]]],[[[129.33978,33.00792],[129.33862,33.00751],[129.33803,33.00793],[129.33892,33.00851],[129.33978,33.00792]]],[[[129.32486,33.00803],[129.32424,33.00817],[129.32479,33.00838],[129.32486,33.00803]]],[[[129.33911,33.00959],[129.33942,33.00917],[129.33899,33.00889],[129.3389,33.00901],[129.33911,33.00959]]],[[[129.34013,33.00733],[129.34023,33.00785],[129.34251,33.00876],[129.34395,33.01018],[129.34412,33.0116],[129.34327,33.01311],[129.34182,33.01338],[129.34144,33.01389],[129.34264,33.01459],[129.34285,33.01595],[129.34308,33.01564],[129.34443,33.01595],[129.34456,33.01685],[129.34385,33.01746],[129.34485,33.0173],[129.34497,33.01813],[129.34545,33.01767],[129.34653,33.01774],[129.34683,33.01817],[129.34767,33.01792],[129.34928,33.01917],[129.35106,33.01887],[129.35153,33.01945],[129.35119,33.0197],[129.35215,33.01991],[129.35255,33.02036],[129.35231,33.02077],[129.35307,33.02115],[129.35474,33.02052],[129.3552,33.01978],[129.35464,33.01887],[129.3548,33.01773],[129.35398,33.01745],[129.3537,33.01677],[129.35488,33.01564],[129.35451,33.01507],[129.35503,33.01434],[129.35442,33.01436],[129.35394,33.01328],[129.35544,33.01253],[129.35471,33.01259],[129.35527,33.01222],[129.35452,33.01205],[129.35463,33.01123],[129.35641,33.0096],[129.3581,33.0101],[129.3588,33.00953],[129.35913,33.00998],[129.36089,33.00943],[129.36083,33.00845],[129.35931,33.00836],[129.35904,33.00715],[129.3604,33.00623],[129.36071,33.00533],[129.36224,33.00445],[129.36189,33.00378],[129.36269,33.00326],[129.36278,33.00249],[129.3621,33.00248],[129.36205,33.00311],[129.36128,33.00331],[129.36057,33.00277],[129.36096,33.00256],[129.35934,33.0028],[129.3593,33.00313],[129.35812,33.00259],[129.35832,33.00378],[129.3559,33.0041],[129.35434,33.00316],[129.35195,33.00289],[129.35098,33.00223],[129.3506,33.00164],[129.35183,33.00132],[129.35182,33.00074],[129.35067,33.00149],[129.35056,32.9999],[129.35122,32.9995],[129.35166,33.00037],[129.35179,32.9999],[129.35227,32.99995],[129.35272,33.00089],[129.35235,32.99994],[129.35263,32.99918],[129.35095,32.99915],[129.35033,32.99874],[129.35071,32.99836],[129.34918,32.99776],[129.34827,32.99802],[129.34854,32.99843],[129.34794,32.999],[129.34669,32.99936],[129.34596,32.99876],[129.34633,32.99848],[129.34581,32.99781],[129.34563,32.99843],[129.34435,32.99829],[129.34463,32.99946],[129.34328,33.00039],[129.34344,33.00115],[129.34311,33.00118],[129.34408,33.00235],[129.34552,33.00291],[129.34525,33.00395],[129.34437,33.00371],[129.34522,33.00399],[129.34522,33.00414],[129.34562,33.00421],[129.34574,33.0043],[129.34589,33.00453],[129.34641,33.00464],[129.34662,33.00487],[129.34589,33.00456],[129.34561,33.00424],[129.34519,33.00417],[129.34434,33.00464],[129.34454,33.00529],[129.34364,33.00623],[129.34247,33.00661],[129.34083,33.00612],[129.341,33.00715],[129.34063,33.00756],[129.34013,33.00733]]],[[[129.34295,33.01245],[129.34198,33.01224],[129.34213,33.01275],[129.34295,33.01245]]],[[[129.43444,33.01661],[129.43406,33.01604],[129.43359,33.01604],[129.43444,33.01661]]],[[[129.43067,33.01825],[129.43025,33.01797],[129.42989,33.01845],[129.43041,33.0189],[129.42966,33.01912],[129.42966,33.02004],[129.43023,33.02095],[129.43107,33.02078],[129.43195,33.02152],[129.43388,33.02078],[129.43505,33.01972],[129.43602,33.01968],[129.43611,33.01902],[129.4372,33.01828],[129.43674,33.01816],[129.43772,33.01757],[129.43689,33.01725],[129.43736,33.01712],[129.43702,33.01659],[129.43648,33.01707],[129.43681,33.01623],[129.43601,33.01562],[129.43524,33.01629],[129.43531,33.01563],[129.43451,33.01668],[129.4336,33.01681],[129.43364,33.01712],[129.43318,33.01686],[129.43272,33.01732],[129.43276,33.01695],[129.43236,33.01742],[129.43229,33.01696],[129.43164,33.01694],[129.43128,33.01771],[129.43171,33.01784],[129.43067,33.01825]]],[[[129.35367,33.02217],[129.35452,33.02193],[129.35366,33.02176],[129.35277,33.02261],[129.35372,33.02289],[129.35367,33.02217]]],[[[129.60394,33.0229],[129.60333,33.0232],[129.60332,33.02355],[129.60379,33.02335],[129.60394,33.0229]]],[[[129.54111,33.00731],[129.53846,33.00676],[129.53949,33.00588],[129.53858,33.00604],[129.53913,33.00562],[129.53874,33.00532],[129.53743,33.00658],[129.53633,33.00654],[129.53615,33.007],[129.53455,33.00734],[129.53436,33.00796],[129.53533,33.00772],[129.53456,33.00941],[129.53506,33.00954],[129.53429,33.01017],[129.53504,33.01045],[129.53483,33.01127],[129.53659,33.01112],[129.53759,33.01042],[129.53852,33.0113],[129.53991,33.01146],[129.54253,33.00956],[129.54347,33.00962],[129.54292,33.00902],[129.54325,33.00848],[129.54432,33.00942],[129.54534,33.00856],[129.54704,33.00851],[129.54797,33.00744],[129.55177,33.00826],[129.55205,33.00769],[129.55433,33.00685],[129.55379,33.00657],[129.55407,33.0043],[129.55489,33.0039],[129.55544,33.00432],[129.55512,33.00552],[129.55657,33.00635],[129.55637,33.00548],[129.55808,33.00479],[129.55858,33.00509],[129.5566,33.00643],[129.55591,33.00738],[129.55641,33.00786],[129.5556,33.00818],[129.55572,33.00878],[129.55724,33.00937],[129.55803,33.00896],[129.55904,33.00916],[129.55985,33.00824],[129.56053,33.00893],[129.56234,33.00778],[129.56514,33.00778],[129.56521,33.0085],[129.56436,33.00902],[129.56297,33.00902],[129.56013,33.01013],[129.56003,33.0122],[129.56098,33.01242],[129.56205,33.01184],[129.56411,33.01269],[129.56546,33.01142],[129.56622,33.01169],[129.56627,33.01231],[129.56502,33.0139],[129.56616,33.01479],[129.56749,33.01487],[129.56713,33.01581],[129.56852,33.01543],[129.56788,33.01626],[129.56832,33.01808],[129.56918,33.01786],[129.56981,33.01645],[129.57056,33.01699],[129.57049,33.01803],[129.56961,33.01912],[129.57115,33.01982],[129.57065,33.02071],[129.57108,33.0208],[129.57123,33.02195],[129.57305,33.02211],[129.57546,33.02093],[129.57509,33.02178],[129.57327,33.02284],[129.57384,33.02343],[129.57493,33.02334],[129.57533,33.02393],[129.57266,33.02379],[129.57201,33.02307],[129.5707,33.02276],[129.57071,33.02226],[129.56984,33.02219],[129.5693,33.02063],[129.56821,33.02002],[129.56748,33.0204],[129.56706,33.02015],[129.5664,33.02412],[129.56607,33.0241],[129.56583,33.02339],[129.56628,33.02337],[129.56584,33.02333],[129.56493,33.02077],[129.56568,33.02029],[129.56611,33.01817],[129.56477,33.01741],[129.56354,33.01742],[129.56198,33.01906],[129.55911,33.01919],[129.55897,33.01973],[129.56048,33.01979],[129.56281,33.02119],[129.56241,33.02249],[129.56293,33.02285],[129.56211,33.0237],[129.56068,33.02365],[129.56011,33.02306],[129.55972,33.02496],[129.55758,33.02563],[129.55911,33.02615],[129.55746,33.02773],[129.55783,33.02803],[129.55959,33.0269],[129.55993,33.02757],[129.5595,33.02798],[129.55988,33.02832],[129.56111,33.02767],[129.56206,33.02784],[129.56134,33.03053],[129.56172,33.03077],[129.56401,33.02971],[129.56492,33.03064],[129.56617,33.03019],[129.56766,33.03082],[129.56978,33.02982],[129.56994,33.02881],[129.57207,33.02857],[129.572,33.02794],[129.57226,33.02861],[129.57382,33.02797],[129.57687,33.02901],[129.57769,33.0281],[129.57918,33.02865],[129.58066,33.02757],[129.58047,33.02663],[129.58107,33.02563],[129.58132,33.02673],[129.58274,33.02645],[129.58139,33.02723],[129.5814,33.02786],[129.5829,33.02748],[129.58348,33.02776],[129.58363,33.02838],[129.58419,33.02839],[129.584,33.02926],[129.58536,33.02836],[129.58715,33.02841],[129.58705,33.02905],[129.58787,33.0293],[129.58665,33.03031],[129.58638,33.02993],[129.58623,33.02991],[129.58758,33.03168],[129.5863,33.03319],[129.58741,33.03365],[129.5865,33.03481],[129.58703,33.0359],[129.58811,33.03606],[129.58851,33.03813],[129.59031,33.03908],[129.58948,33.03952],[129.59033,33.03915],[129.5907,33.0395],[129.59084,33.04028],[129.59037,33.04073],[129.5896,33.0408],[129.5889,33.03985],[129.5891,33.03949],[129.58883,33.03985],[129.59021,33.04178],[129.5905,33.04334],[129.59167,33.04461],[129.59179,33.04674],[129.59322,33.04765],[129.59708,33.04886],[129.5977,33.04989],[129.59749,33.05189],[129.59814,33.05284],[129.59902,33.05284],[129.59967,33.05224],[129.60025,33.05249],[129.60066,33.051],[129.6001,33.05097],[129.59985,33.05042],[129.60178,33.05113],[129.60211,33.05363],[129.60173,33.05483],[129.60115,33.05479],[129.60095,33.05531],[129.6028,33.05728],[129.60452,33.05726],[129.6055,33.05472],[129.60683,33.05441],[129.60709,33.05478],[129.60977,33.05355],[129.61016,33.05404],[129.60897,33.05419],[129.60873,33.05493],[129.60826,33.05464],[129.6088,33.05502],[129.60838,33.05599],[129.60858,33.05692],[129.60791,33.05722],[129.60812,33.05769],[129.60742,33.05707],[129.6059,33.05783],[129.60535,33.05737],[129.6062,33.0586],[129.60443,33.0594],[129.60581,33.06161],[129.6056,33.06258],[129.60467,33.06273],[129.60558,33.06278],[129.60597,33.06392],[129.608,33.06528],[129.60867,33.06554],[129.60976,33.06512],[129.61005,33.06378],[129.60969,33.06289],[129.61064,33.06189],[129.61488,33.06128],[129.61553,33.06056],[129.61698,33.06157],[129.6195,33.06087],[129.62108,33.06108],[129.62285,33.05991],[129.62538,33.06011],[129.62597,33.06079],[129.6252,33.06238],[129.62735,33.06161],[129.62771,33.06328],[129.62934,33.06398],[129.63182,33.0636],[129.63302,33.06261],[129.63549,33.06267],[129.63646,33.06219],[129.63636,33.06075],[129.6361,33.06111],[129.63515,33.06068],[129.63515,33.06011],[129.63562,33.06017],[129.63549,33.06058],[129.63816,33.06068],[129.63814,33.05982],[129.63758,33.05985],[129.63645,33.05875],[129.63331,33.05869],[129.63211,33.05917],[129.63023,33.05866],[129.63111,33.05767],[129.63267,33.05715],[129.63171,33.05639],[129.62983,33.05774],[129.62912,33.05722],[129.6281,33.05831],[129.62741,33.05813],[129.62719,33.05733],[129.62789,33.05754],[129.62855,33.05713],[129.62757,33.05657],[129.62837,33.05638],[129.62541,33.05227],[129.62565,33.05209],[129.62872,33.05655],[129.62946,33.05653],[129.63119,33.0555],[129.62995,33.05361],[129.63309,33.05173],[129.63284,33.05139],[129.63418,33.05102],[129.63162,33.04777],[129.63227,33.04737],[129.63013,33.04463],[129.62894,33.0445],[129.62677,33.04578],[129.6246,33.04519],[129.62474,33.04427],[129.62528,33.04393],[129.62463,33.04414],[129.62273,33.04169],[129.62389,33.04238],[129.62439,33.04202],[129.62467,33.04237],[129.62963,33.04265],[129.62906,33.03985],[129.62763,33.03937],[129.62652,33.03971],[129.62587,33.03879],[129.62646,33.03822],[129.62695,33.0386],[129.62675,33.03795],[129.62744,33.038],[129.62732,33.03692],[129.62937,33.03619],[129.62987,33.03676],[129.62916,33.03698],[129.62969,33.0382],[129.63115,33.03783],[129.63061,33.03868],[129.63202,33.03888],[129.63188,33.04021],[129.63337,33.03986],[129.63326,33.04125],[129.63381,33.04192],[129.63457,33.04197],[129.63483,33.04263],[129.63508,33.04228],[129.63518,33.04291],[129.63465,33.04301],[129.63572,33.04364],[129.63541,33.0437],[129.63574,33.0437],[129.63568,33.04478],[129.63668,33.04454],[129.6378,33.04492],[129.63656,33.04441],[129.63756,33.04354],[129.6374,33.04232],[129.63814,33.04215],[129.63837,33.04147],[129.63891,33.04153],[129.63732,33.04101],[129.63671,33.03988],[129.63701,33.0392],[129.63744,33.03952],[129.63754,33.0394],[129.63725,33.03764],[129.63799,33.037],[129.63829,33.03534],[129.63626,33.03493],[129.63579,33.03383],[129.63682,33.03299],[129.63647,33.03314],[129.63653,33.03261],[129.63537,33.03249],[129.63478,33.03124],[129.63339,33.03111],[129.63242,33.03037],[129.6324,33.02955],[129.63364,33.02796],[129.63292,33.02642],[129.63252,33.0271],[129.63097,33.02662],[129.63119,33.02744],[129.63063,33.02819],[129.62989,33.02824],[129.62945,33.02762],[129.62884,33.02788],[129.62803,33.02976],[129.629,33.03042],[129.62899,33.03092],[129.62683,33.03239],[129.62722,33.0325],[129.62707,33.03301],[129.6272,33.03345],[129.6273,33.03242],[129.62911,33.0327],[129.62916,33.03348],[129.62934,33.03289],[129.6301,33.03259],[129.63103,33.0333],[129.63062,33.03423],[129.63148,33.03522],[129.63046,33.03551],[129.62985,33.03423],[129.62779,33.03404],[129.62812,33.03503],[129.62953,33.03602],[129.62734,33.03686],[129.62589,33.03565],[129.62274,33.03566],[129.62269,33.03496],[129.6233,33.03457],[129.62397,33.03478],[129.62386,33.03524],[129.62535,33.03494],[129.62494,33.03317],[129.62269,33.03264],[129.62136,33.03129],[129.61825,33.03024],[129.6173,33.03041],[129.61747,33.03098],[129.61899,33.03258],[129.61818,33.03235],[129.61694,33.03362],[129.6181,33.03346],[129.61812,33.03406],[129.6146,33.03466],[129.61429,33.03396],[129.61416,33.03438],[129.61252,33.03396],[129.61316,33.03312],[129.61411,33.03343],[129.61321,33.03295],[129.6127,33.03077],[129.61197,33.03093],[129.6117,33.03049],[129.6109,33.03086],[129.60992,33.03021],[129.6101,33.02858],[129.61116,33.02927],[129.61023,33.02849],[129.61034,33.02805],[129.60908,33.02736],[129.60913,33.02567],[129.60805,33.02473],[129.60807,33.02405],[129.60978,33.02284],[129.60932,33.02227],[129.60765,33.02293],[129.60712,33.02367],[129.60523,33.02385],[129.60417,33.02346],[129.60297,33.0248],[129.60348,33.0249],[129.60346,33.02561],[129.60221,33.02575],[129.60351,33.02605],[129.60277,33.02683],[129.60351,33.02722],[129.60308,33.02831],[129.6035,33.028],[129.60379,33.02842],[129.60339,33.02854],[129.60215,33.02856],[129.60106,33.02708],[129.60098,33.02542],[129.6002,33.02407],[129.59919,33.02344],[129.59827,33.02394],[129.59938,33.0244],[129.59709,33.02453],[129.59702,33.02561],[129.59469,33.02596],[129.59379,33.02756],[129.59014,33.0277],[129.58885,33.02695],[129.58723,33.02829],[129.58549,33.02825],[129.58549,33.02715],[129.58472,33.02743],[129.58462,33.02695],[129.58557,33.02643],[129.58715,33.0241],[129.58769,33.02394],[129.58818,33.02442],[129.59089,33.02329],[129.59126,33.02262],[129.59083,33.02206],[129.591,33.02123],[129.5899,33.02092],[129.58993,33.02031],[129.58739,33.01882],[129.58342,33.01253],[129.58145,33.01222],[129.57989,33.01255],[129.57889,33.01056],[129.57617,33.00847],[129.57104,33.00863],[129.56575,33.00599],[129.56555,33.00435],[129.56508,33.00395],[129.56461,33.00363],[129.56347,33.00395],[129.56202,33.00309],[129.56268,33.00213],[129.56281,33.0005],[129.5585,33.00134],[129.55505,33.00024],[129.55439,33.00074],[129.55488,33.0015],[129.55533,33.00136],[129.55486,33.00385],[129.5539,33.00428],[129.55302,33.00396],[129.55257,33.00299],[129.55417,33.00135],[129.55343,33.00037],[129.55198,33.00059],[129.54887,33.00185],[129.5489,33.0031],[129.54999,33.00443],[129.54927,33.00493],[129.54288,33.00291],[129.54196,33.00333],[129.54161,33.00415],[129.54285,33.00576],[129.54243,33.0064],[129.54287,33.00636],[129.543,33.00701],[129.54187,33.0075],[129.54131,33.00742],[129.54165,33.00698],[129.54111,33.00731]]],[[[129.60447,33.06299],[129.60447,33.06362],[129.60496,33.06305],[129.60447,33.06299]]],[[[129.5685,33.06492],[129.56855,33.06544],[129.56929,33.06483],[129.57095,33.06517],[129.57113,33.06418],[129.5695,33.06365],[129.56676,33.06414],[129.56626,33.06464],[129.5671,33.06563],[129.5676,33.0647],[129.5685,33.06492]]],[[[129.63857,32.91499],[129.63807,32.91533],[129.63814,32.91541],[129.63857,32.91499]]],[[[129.63893,32.91614],[129.63872,32.91545],[129.63833,32.91545],[129.63828,32.91606],[129.63893,32.91614]]],[[[129.62516,32.93327],[129.62523,32.93337],[129.62526,32.93336],[129.62516,32.93327]]],[[[129.62755,32.93407],[129.62759,32.9337],[129.62697,32.93347],[129.62639,32.93419],[129.62702,32.93379],[129.62755,32.93407]]],[[[129.63252,32.93782],[129.63219,32.93808],[129.63235,32.9383],[129.63284,32.93816],[129.63252,32.93782]]],[[[129.63418,32.94576],[129.63442,32.94574],[129.63418,32.94568],[129.63418,32.94576]]],[[[129.63149,32.94773],[129.63155,32.94624],[129.63019,32.94614],[129.6296,32.94665],[129.62807,32.94636],[129.62677,32.94706],[129.62934,32.94707],[129.63047,32.94735],[129.63072,32.94785],[129.63107,32.9473],[129.63149,32.94773]]],[[[129.62529,32.9564],[129.62516,32.95694],[129.62588,32.95683],[129.62583,32.95633],[129.62529,32.9564]]],[[[129.62675,32.96459],[129.62758,32.96409],[129.62661,32.96368],[129.62675,32.96459]]],[[[129.62705,32.96714],[129.62712,32.966],[129.62622,32.96592],[129.62625,32.96723],[129.62705,32.96714]]],[[[129.74387,33.00018],[129.74428,32.99742],[129.74363,32.99713],[129.74399,32.99692],[129.74366,32.99657],[129.74453,32.99648],[129.74476,32.99542],[129.74526,32.99624],[129.74609,32.99595],[129.74597,32.9953],[129.74528,32.99518],[129.74604,32.99476],[129.74579,32.9943],[129.74466,32.99495],[129.74408,32.99427],[129.74235,32.99435],[129.74145,32.99492],[129.74151,32.99561],[129.74233,32.99553],[129.74203,32.99623],[129.741,32.99561],[129.74088,32.99467],[129.74038,32.99461],[129.74044,32.99534],[129.73959,32.99576],[129.73962,32.99714],[129.74076,32.99694],[129.74134,32.99739],[129.74137,32.99675],[129.74237,32.99676],[129.74174,32.9982],[129.74312,32.99771],[129.74247,32.99854],[129.74314,32.99855],[129.74298,32.99908],[129.74387,33.00018]]],[[[129.62503,32.95218],[129.62673,32.95228],[129.62697,32.95267],[129.62563,32.95347],[129.62624,32.95372],[129.62706,32.95362],[129.62784,32.9523],[129.62842,32.95375],[129.62878,32.953],[129.62916,32.95343],[129.62979,32.95279],[129.63285,32.95216],[129.63292,32.95115],[129.63331,32.95143],[129.63369,32.95091],[129.63494,32.95085],[129.6338,32.95158],[129.63397,32.95185],[129.6334,32.9518],[129.63374,32.95255],[129.63133,32.95299],[129.63094,32.95368],[129.63026,32.95372],[129.62975,32.95446],[129.63013,32.95459],[129.62905,32.95546],[129.62963,32.95571],[129.62969,32.95587],[129.62839,32.95598],[129.62822,32.95556],[129.62835,32.95607],[129.6275,32.95594],[129.62704,32.95666],[129.62754,32.95719],[129.62643,32.95776],[129.62721,32.95907],[129.62921,32.95972],[129.63067,32.95923],[129.63178,32.95808],[129.63324,32.95743],[129.63149,32.95841],[129.63158,32.95898],[129.63022,32.96001],[129.62921,32.962],[129.62971,32.96196],[129.6295,32.9627],[129.63004,32.96341],[129.63031,32.96314],[129.63212,32.96388],[129.63269,32.9636],[129.63437,32.96365],[129.63277,32.96365],[129.63208,32.96441],[129.6325,32.96538],[129.63198,32.96564],[129.63216,32.9665],[129.63245,32.96669],[129.63342,32.9668],[129.63407,32.96709],[129.63235,32.96671],[129.63108,32.96589],[129.63191,32.96464],[129.63093,32.96394],[129.62946,32.96462],[129.62905,32.96543],[129.62934,32.96599],[129.62847,32.96674],[129.6292,32.96744],[129.62878,32.96861],[129.62853,32.96768],[129.62755,32.96784],[129.62757,32.96903],[129.62678,32.97036],[129.62814,32.97469],[129.62758,32.97713],[129.62688,32.97722],[129.62685,32.97767],[129.62724,32.97759],[129.62662,32.97825],[129.6274,32.97919],[129.62957,32.97863],[129.62996,32.97809],[129.62959,32.97863],[129.63073,32.97957],[129.63146,32.97893],[129.63227,32.97862],[129.63133,32.97912],[129.63167,32.97928],[129.63079,32.97959],[129.63063,32.97956],[129.63039,32.97937],[129.63024,32.9794],[129.63045,32.98137],[129.62992,32.98182],[129.63087,32.98242],[129.63111,32.98419],[129.63216,32.98475],[129.6328,32.98725],[129.63641,32.98786],[129.64015,32.98925],[129.64238,32.99241],[129.64313,32.99284],[129.64233,32.99366],[129.64275,32.99419],[129.64235,32.99514],[129.64447,32.99503],[129.64306,32.99492],[129.64331,32.99382],[129.64445,32.99371],[129.64315,32.99375],[129.64318,32.99335],[129.64381,32.99294],[129.64364,32.99196],[129.64614,32.99077],[129.64627,32.98858],[129.64806,32.99065],[129.64709,32.99245],[129.64742,32.99295],[129.64703,32.99439],[129.64775,32.99716],[129.64763,33.00013],[129.64907,33.00349],[129.64815,33.0041],[129.64817,33.00471],[129.64835,33.00553],[129.6491,33.0058],[129.64877,33.00626],[129.64946,33.00648],[129.64905,33.00698],[129.64951,33.00745],[129.64883,33.00791],[129.64976,33.00858],[129.64947,33.00991],[129.65139,33.00924],[129.65088,33.00879],[129.65082,33.00786],[129.65161,33.00463],[129.65092,33.00379],[129.65131,33.00175],[129.64935,33.00135],[129.64887,33.0005],[129.64958,32.99847],[129.65113,32.9969],[129.65198,32.99409],[129.6533,32.99461],[129.65344,32.99614],[129.65111,32.99896],[129.65368,32.99908],[129.65409,33.00097],[129.65478,33.00139],[129.65444,33.00253],[129.65745,33.00084],[129.65786,33.00129],[129.65987,33.00126],[129.66079,32.99953],[129.66176,33.00015],[129.66136,33.00058],[129.66172,33.00106],[129.66127,33.00127],[129.6614,33.0019],[129.66109,33.00173],[129.65997,33.00266],[129.65917,33.00258],[129.65902,33.00364],[129.65726,33.00385],[129.6569,33.00448],[129.65529,33.00502],[129.65447,33.0049],[129.65443,33.00544],[129.65334,33.00584],[129.65314,33.00641],[129.65367,33.0068],[129.65278,33.00752],[129.65366,33.00763],[129.65424,33.00702],[129.65483,33.00723],[129.65447,33.00765],[129.656,33.0085],[129.65382,33.00898],[129.654,33.00974],[129.65282,33.01021],[129.6542,33.01115],[129.65341,33.0112],[129.65207,33.01221],[129.65207,33.0137],[129.65117,33.01486],[129.65134,33.01559],[129.65059,33.01724],[129.64966,33.01793],[129.65018,33.01726],[129.64961,33.017],[129.64982,33.01623],[129.64951,33.01707],[129.64807,33.0169],[129.64856,33.01739],[129.64746,33.02115],[129.64729,33.02353],[129.6484,33.02696],[129.64816,33.02785],[129.64889,33.02797],[129.64913,33.02858],[129.64898,33.02983],[129.64765,33.0295],[129.64824,33.02977],[129.64871,33.03099],[129.6469,33.03668],[129.64695,33.03806],[129.64945,33.04127],[129.64955,33.04222],[129.65246,33.04182],[129.6536,33.04093],[129.65667,33.04017],[129.65742,33.04022],[129.65706,33.04067],[129.65709,33.04071],[129.65852,33.03949],[129.65914,33.03956],[129.66019,33.04345],[129.65927,33.04248],[129.65979,33.04304],[129.65902,33.04369],[129.65937,33.04384],[129.65816,33.04363],[129.65944,33.04396],[129.65983,33.04555],[129.66119,33.04682],[129.65949,33.04826],[129.65994,33.04855],[129.6594,33.05],[129.66216,33.05246],[129.66377,33.05519],[129.66192,33.05659],[129.66286,33.05722],[129.66217,33.0578],[129.66286,33.05817],[129.66184,33.05778],[129.66127,33.05814],[129.66155,33.0591],[129.66113,33.06001],[129.66228,33.06129],[129.66604,33.06371],[129.66778,33.06414],[129.66963,33.06366],[129.67219,33.06406],[129.67194,33.06354],[129.67697,33.06229],[129.67881,33.06237],[129.67598,33.06449],[129.6724,33.06552],[129.66978,33.06738],[129.6718,33.06877],[129.67164,33.06931],[129.6651,33.06803],[129.66063,33.06937],[129.66004,33.06993],[129.66122,33.07127],[129.6611,33.07169],[129.66482,33.07131],[129.6664,33.07265],[129.66651,33.07415],[129.66695,33.07372],[129.66726,33.07165],[129.66631,33.07126],[129.66645,33.07079],[129.66813,33.07084],[129.66843,33.07169],[129.66962,33.07241],[129.67153,33.07171],[129.67277,33.07177],[129.67313,33.07315],[129.67229,33.07306],[129.67092,33.07385],[129.67321,33.07475],[129.6734,33.07604],[129.67478,33.07552],[129.67566,33.07434],[129.6763,33.07435],[129.67275,33.0779],[129.67706,33.0767],[129.678,33.07729],[129.67881,33.0789],[129.6775,33.07917],[129.67728,33.07833],[129.67579,33.078],[129.67255,33.07957],[129.67224,33.07909],[129.67249,33.07961],[129.67158,33.07981],[129.67108,33.07888],[129.67152,33.0777],[129.67089,33.07741],[129.66755,33.07724],[129.6652,33.07767],[129.66308,33.07529],[129.66174,33.07677],[129.66437,33.07947],[129.66757,33.08088],[129.67312,33.08051],[129.67479,33.08249],[129.6764,33.08578],[129.67874,33.08626],[129.67793,33.08811],[129.67886,33.08888],[129.67683,33.08911],[129.67639,33.08815],[129.6757,33.08799],[129.6739,33.08888],[129.67305,33.09339],[129.67418,33.09521],[129.67629,33.09653],[129.67713,33.09919],[129.67917,33.09978],[129.68181,33.09939],[129.68297,33.09821],[129.68257,33.09802],[129.68326,33.09702],[129.68628,33.09655],[129.6873,33.09594],[129.68819,33.09382],[129.6888,33.09337],[129.68989,33.09432],[129.69058,33.09427],[129.69111,33.09343],[129.69304,33.09271],[129.69583,33.09082],[129.69678,33.08971],[129.6961,33.08827],[129.69636,33.08782],[129.69787,33.0891],[129.69848,33.09077],[129.69984,33.09127],[129.70053,33.09104],[129.70094,33.09005],[129.70025,33.08849],[129.70141,33.08832],[129.70291,33.08666],[129.70407,33.08615],[129.70451,33.08357],[129.70389,33.08275],[129.7032,33.08277],[129.70372,33.08226],[129.70575,33.08274],[129.70553,33.08062],[129.70643,33.07848],[129.70692,33.0804],[129.70643,33.08081],[129.70669,33.08188],[129.70718,33.0822],[129.70862,33.08151],[129.7084,33.08269],[129.70636,33.08453],[129.70625,33.08716],[129.7081,33.08777],[129.71042,33.08804],[129.71106,33.08646],[129.7148,33.08455],[129.7144,33.08438],[129.71521,33.08378],[129.7137,33.0829],[129.71396,33.08204],[129.71649,33.08175],[129.71701,33.08041],[129.7175,33.08031],[129.71908,33.08166],[129.71928,33.08043],[129.72105,33.07937],[129.72002,33.07829],[129.72171,33.078],[129.72078,33.07761],[129.72087,33.07679],[129.7199,33.07726],[129.7197,33.07679],[129.71791,33.07635],[129.71901,33.07442],[129.71853,33.07314],[129.71881,33.07257],[129.71685,33.07193],[129.71433,33.07253],[129.71445,33.07204],[129.7137,33.07113],[129.71498,33.07158],[129.71657,33.07081],[129.71674,33.06988],[129.71741,33.06965],[129.71719,33.06914],[129.71699,33.06825],[129.71707,33.06732],[129.71779,33.07043],[129.71759,33.07167],[129.71869,33.07156],[129.71971,33.07072],[129.71972,33.07199],[129.71984,33.07168],[129.72012,33.07198],[129.72016,33.0727],[129.72106,33.07291],[129.72246,33.07254],[129.7234,33.07173],[129.72403,33.07375],[129.72619,33.07628],[129.72812,33.07607],[129.72818,33.07536],[129.72967,33.07542],[129.73054,33.07333],[129.73277,33.07066],[129.73261,33.06967],[129.73378,33.06674],[129.73015,33.06622],[129.73545,33.0646],[129.73638,33.06498],[129.73716,33.06395],[129.73677,33.06322],[129.73525,33.06354],[129.73467,33.06289],[129.73471,33.06214],[129.73581,33.06125],[129.73533,33.0605],[129.73429,33.05999],[129.73355,33.0604],[129.73407,33.05997],[129.73325,33.05999],[129.73299,33.05873],[129.72962,33.05813],[129.72973,33.05658],[129.72846,33.05617],[129.72958,33.05455],[129.72817,33.05262],[129.7266,33.05233],[129.72407,33.05308],[129.72375,33.05213],[129.72697,33.05079],[129.72903,33.0509],[129.73119,33.05206],[129.73086,33.05068],[129.73003,33.05013],[129.73048,33.04955],[129.73008,33.04987],[129.72941,33.04903],[129.73002,33.04866],[129.72894,33.04803],[129.7283,33.04826],[129.72613,33.0469],[129.72617,33.04652],[129.72699,33.04665],[129.72773,33.04592],[129.72827,33.04645],[129.73119,33.04545],[129.73271,33.04652],[129.73338,33.04647],[129.73368,33.0458],[129.73656,33.04668],[129.73508,33.04768],[129.7348,33.04913],[129.73586,33.05025],[129.73578,33.05262],[129.73736,33.05402],[129.73815,33.05343],[129.73827,33.05122],[129.74016,33.0504],[129.7406,33.0486],[129.74165,33.04877],[129.7418,33.04997],[129.741,33.05158],[129.74264,33.05211],[129.74002,33.05355],[129.74016,33.05418],[129.7415,33.05513],[129.73953,33.05592],[129.73968,33.05762],[129.74011,33.05807],[129.74163,33.0572],[129.74314,33.05717],[129.74497,33.05868],[129.74591,33.05907],[129.74683,33.05847],[129.74718,33.0597],[129.74927,33.06016],[129.75002,33.05988],[129.74971,33.05939],[129.75019,33.05877],[129.74944,33.05791],[129.74967,33.05673],[129.74906,33.05596],[129.7506,33.05514],[129.74993,33.05376],[129.75166,33.05407],[129.75395,33.05373],[129.75601,33.05233],[129.75981,33.05201],[129.76032,33.05005],[129.76227,33.0488],[129.76162,33.04617],[129.76012,33.04508],[129.75887,33.04295],[129.75745,33.04327],[129.75642,33.04221],[129.75472,33.04202],[129.75426,33.04161],[129.75484,33.04113],[129.7544,33.04035],[129.75187,33.03857],[129.74899,33.0379],[129.74826,33.03904],[129.74842,33.03959],[129.74796,33.03974],[129.74838,33.04078],[129.74687,33.04106],[129.74747,33.03916],[129.7469,33.039],[129.74588,33.03712],[129.74582,33.03582],[129.74474,33.0338],[129.74487,33.03273],[129.74381,33.0311],[129.74337,33.02911],[129.74279,33.0285],[129.74069,33.02788],[129.73988,33.02582],[129.74003,33.02498],[129.73784,33.02265],[129.73693,33.02069],[129.73693,33.01952],[129.73628,33.01893],[129.73672,33.0182],[129.73294,33.01664],[129.73319,33.01485],[129.7346,33.01431],[129.73479,33.01276],[129.73554,33.01254],[129.73609,33.01299],[129.73648,33.01247],[129.73483,33.01101],[129.73316,33.01086],[129.73405,33.01048],[129.73417,33.00965],[129.73303,33.00872],[129.73142,33.00832],[129.73142,33.00549],[129.73203,33.00574],[129.73179,33.00605],[129.73231,33.00698],[129.73406,33.00554],[129.7362,33.00581],[129.73746,33.00464],[129.74032,33.004],[129.74092,33.00256],[129.73992,33.00193],[129.73809,33.00246],[129.73699,33.00098],[129.73611,33.00157],[129.73272,33.00223],[129.73071,33.00129],[129.73239,33.00142],[129.73223,32.9978],[129.73286,32.9997],[129.73444,32.99903],[129.73544,32.99923],[129.73566,32.99851],[129.73717,32.99889],[129.73693,32.99816],[129.73529,32.99806],[129.73559,32.99666],[129.73479,32.99661],[129.73451,32.99588],[129.73532,32.99565],[129.73557,32.99481],[129.73624,32.99545],[129.73635,32.9963],[129.73683,32.99579],[129.73763,32.99617],[129.73731,32.99649],[129.73762,32.99691],[129.73798,32.99597],[129.73771,32.99541],[129.73866,32.99383],[129.73797,32.99424],[129.73818,32.9937],[129.73727,32.99373],[129.73814,32.99316],[129.73765,32.99236],[129.73869,32.99245],[129.73935,32.99312],[129.74059,32.99228],[129.7399,32.99148],[129.74007,32.99054],[129.73793,32.99016],[129.73847,32.98848],[129.73966,32.98791],[129.73976,32.98849],[129.74182,32.98854],[129.74247,32.98788],[129.74438,32.98787],[129.74498,32.98738],[129.7454,32.98858],[129.7424,32.99043],[129.74369,32.99157],[129.74314,32.9929],[129.74392,32.99361],[129.74472,32.99226],[129.74514,32.99399],[129.74578,32.99369],[129.74574,32.99253],[129.74627,32.99225],[129.74756,32.99379],[129.74665,32.99409],[129.74726,32.99598],[129.74769,32.99594],[129.74746,32.99522],[129.74821,32.99562],[129.74826,32.99488],[129.74917,32.99466],[129.74982,32.99528],[129.74944,32.99601],[129.75096,32.99597],[129.75053,32.99759],[129.7521,32.99916],[129.75141,32.9999],[129.75223,33.00056],[129.7535,33.00033],[129.75279,32.99917],[129.75429,32.9997],[129.75504,32.99853],[129.7549,32.99718],[129.7535,32.99579],[129.75441,32.99571],[129.75454,32.99477],[129.75534,32.99512],[129.75505,32.99597],[129.75657,32.99605],[129.75615,32.99651],[129.7565,32.99705],[129.75674,32.99535],[129.75746,32.9951],[129.75706,32.99535],[129.75739,32.99565],[129.75796,32.99467],[129.75806,32.99547],[129.75812,32.99487],[129.75894,32.99477],[129.75874,32.99436],[129.75915,32.99404],[129.75913,32.99464],[129.76035,32.99466],[129.75864,32.99545],[129.75936,32.996],[129.75918,32.99636],[129.75817,32.99596],[129.75778,32.99673],[129.75809,32.99731],[129.75759,32.9975],[129.75795,32.99783],[129.75678,32.99801],[129.75724,32.99891],[129.75638,32.99908],[129.75615,33.00022],[129.75766,32.99937],[129.75965,32.99953],[129.76012,33.00016],[129.76056,32.99935],[129.76211,33.00071],[129.7623,32.9997],[129.76181,32.99855],[129.76244,32.99855],[129.76296,32.99955],[129.76367,32.99961],[129.76302,32.99945],[129.76262,32.99864],[129.76378,32.9979],[129.76346,32.99815],[129.76416,32.99865],[129.76366,32.99931],[129.76376,33.00031],[129.76467,33.00029],[129.76645,32.99879],[129.7671,32.99906],[129.76649,33.0001],[129.76468,33.00106],[129.7631,33.00296],[129.76174,33.00362],[129.76219,33.00474],[129.76264,33.00462],[129.76196,33.00482],[129.76218,33.00528],[129.76278,33.00544],[129.76205,33.00595],[129.7595,33.00445],[129.75821,33.00215],[129.75724,33.00372],[129.75494,33.00395],[129.75442,33.00376],[129.7544,33.00207],[129.75333,33.00178],[129.75192,33.00376],[129.75329,33.00477],[129.75289,33.00618],[129.75329,33.00855],[129.75517,33.00976],[129.75524,33.01092],[129.7559,33.01143],[129.75646,33.01112],[129.75602,33.01118],[129.75602,33.01068],[129.75661,33.0102],[129.75838,33.00979],[129.75848,33.01235],[129.76049,33.01415],[129.75986,33.01554],[129.76043,33.01522],[129.76193,33.01623],[129.76194,33.01711],[129.76069,33.0177],[129.75983,33.02007],[129.76115,33.02083],[129.76365,33.02095],[129.76401,33.02191],[129.76682,33.01915],[129.76636,33.0189],[129.76664,33.01825],[129.76904,33.01724],[129.77039,33.01309],[129.77872,33.0136],[129.7798,33.01279],[129.77958,33.0117],[129.78104,33.00927],[129.78121,33.00785],[129.78284,33.00756],[129.78254,33.00834],[129.78277,33.00913],[129.78306,33.00947],[129.78334,33.00792],[129.78474,33.00701],[129.7854,33.00737],[129.78539,33.00598],[129.7865,33.00524],[129.78683,33.00568],[129.78656,33.00628],[129.78772,33.00606],[129.78926,33.00668],[129.78892,33.00717],[129.78732,33.0075],[129.78758,33.00789],[129.7871,33.00882],[129.78873,33.00828],[129.79112,33.00962],[129.79668,33.00916],[129.79696,33.00851],[129.79759,33.00837],[129.79766,33.00766],[129.7994,33.00866],[129.8006,33.00833],[129.80079,33.00618],[129.80277,33.00512],[129.80272,33.00473],[129.80386,33.00468],[129.80511,33.00236],[129.80665,33.00198],[129.8072,33.00002],[129.80856,32.99919],[129.80968,32.99999],[129.81137,32.99962],[129.81263,32.99647],[129.81009,32.99663],[129.80906,32.99774],[129.80835,32.99742],[129.81022,32.99321],[129.81071,32.99342],[129.81079,32.99449],[129.81221,32.99548],[129.81526,32.99502],[129.81427,32.99472],[129.81522,32.99402],[129.81408,32.99332],[129.81409,32.99229],[129.81112,32.99277],[129.81063,32.99236],[129.81088,32.99154],[129.81253,32.99076],[129.81303,32.98919],[129.81503,32.98776],[129.81526,32.9871],[129.81413,32.98581],[129.81219,32.98501],[129.81123,32.9837],[129.81642,32.98539],[129.81894,32.98538],[129.82144,32.98397],[129.82251,32.98171],[129.82135,32.9792],[129.82146,32.9774],[129.82277,32.97552],[129.82487,32.97443],[129.82402,32.97271],[129.82457,32.97082],[129.82335,32.97038],[129.82281,32.97068],[129.82368,32.97185],[129.82297,32.97277],[129.82011,32.97324],[129.81873,32.97397],[129.81687,32.97384],[129.81788,32.97325],[129.81795,32.97263],[129.81726,32.97206],[129.81662,32.97245],[129.81581,32.97216],[129.81597,32.9713],[129.81818,32.97129],[129.8179,32.96968],[129.81837,32.96865],[129.81644,32.96863],[129.81626,32.97035],[129.81536,32.96907],[129.81481,32.97022],[129.81274,32.96956],[129.81185,32.96989],[129.81197,32.97023],[129.81179,32.97053],[129.81192,32.9701],[129.81048,32.96775],[129.80976,32.96757],[129.80963,32.96661],[129.8088,32.96619],[129.80892,32.96569],[129.80767,32.96536],[129.80847,32.96492],[129.80857,32.96272],[129.80699,32.9618],[129.80366,32.96326],[129.80277,32.96409],[129.80253,32.9651],[129.80158,32.96488],[129.80054,32.96555],[129.79525,32.96654],[129.79372,32.96719],[129.79306,32.96839],[129.79164,32.96861],[129.79092,32.96769],[129.79095,32.96696],[129.79055,32.96744],[129.79025,32.96708],[129.78921,32.96727],[129.78731,32.96625],[129.78739,32.96571],[129.78632,32.96551],[129.786,32.9632],[129.78402,32.96208],[129.78377,32.96256],[129.78304,32.96207],[129.78155,32.96239],[129.77959,32.95928],[129.77803,32.95919],[129.77723,32.9581],[129.77514,32.95755],[129.77387,32.95663],[129.77051,32.95664],[129.76625,32.95491],[129.76388,32.95533],[129.7622,32.95428],[129.76106,32.95441],[129.76063,32.95346],[129.75673,32.95181],[129.74359,32.94735],[129.74103,32.94742],[129.74153,32.94405],[129.73953,32.93909],[129.74146,32.93618],[129.73997,32.93508],[129.7396,32.93384],[129.73794,32.93215],[129.7368,32.93178],[129.73617,32.93099],[129.73728,32.92977],[129.73701,32.92889],[129.73867,32.92728],[129.73879,32.92534],[129.73973,32.92291],[129.74118,32.92194],[129.74167,32.91959],[129.74255,32.91882],[129.74132,32.91831],[129.74047,32.91601],[129.73938,32.91506],[129.7391,32.91414],[129.73763,32.91317],[129.73696,32.91403],[129.73362,32.9151],[129.73129,32.9133],[129.73138,32.9124],[129.73055,32.91133],[129.72971,32.91105],[129.72807,32.91223],[129.72692,32.91206],[129.72609,32.91101],[129.72278,32.91088],[129.7186,32.91144],[129.71803,32.91074],[129.71565,32.90974],[129.71412,32.91034],[129.71372,32.91113],[129.71302,32.91066],[129.71174,32.91066],[129.71105,32.91188],[129.70899,32.91264],[129.70863,32.90961],[129.708,32.90906],[129.70817,32.90859],[129.70672,32.90776],[129.70623,32.90646],[129.70542,32.90624],[129.70494,32.90667],[129.70379,32.90626],[129.70137,32.9067],[129.70064,32.90608],[129.69943,32.90613],[129.69943,32.90473],[129.69833,32.90438],[129.698,32.90347],[129.69316,32.90343],[129.69117,32.90265],[129.68831,32.90343],[129.68251,32.90403],[129.67987,32.90334],[129.67952,32.90259],[129.67706,32.90185],[129.67532,32.89864],[129.67318,32.89729],[129.66977,32.89651],[129.66899,32.89568],[129.66816,32.8961],[129.66686,32.89827],[129.66657,32.90208],[129.66564,32.90582],[129.66489,32.90652],[129.66409,32.90595],[129.66439,32.90551],[129.66317,32.90633],[129.66231,32.90778],[129.66176,32.90788],[129.6619,32.90829],[129.66047,32.90889],[129.65941,32.91038],[129.66016,32.91139],[129.66021,32.91316],[129.66127,32.91525],[129.66088,32.91568],[129.66136,32.91567],[129.66192,32.91701],[129.66091,32.91837],[129.65897,32.91971],[129.65671,32.91952],[129.65498,32.92089],[129.65506,32.92278],[129.65441,32.92295],[129.6547,32.92318],[129.65371,32.92457],[129.65395,32.92592],[129.6528,32.92669],[129.65209,32.92845],[129.65248,32.93044],[129.6519,32.93143],[129.6478,32.93247],[129.64427,32.93255],[129.64356,32.93184],[129.64227,32.93273],[129.64193,32.93225],[129.6436,32.93138],[129.64294,32.93106],[129.6432,32.93036],[129.64245,32.92932],[129.64285,32.92743],[129.6416,32.92592],[129.6421,32.92354],[129.64134,32.92253],[129.64102,32.92073],[129.64011,32.92029],[129.63999,32.9193],[129.63919,32.91871],[129.63802,32.91892],[129.63807,32.91998],[129.63893,32.92061],[129.63827,32.92178],[129.6376,32.92199],[129.63799,32.92241],[129.63752,32.92313],[129.6388,32.92334],[129.63852,32.9238],[129.63904,32.9238],[129.63857,32.92451],[129.6392,32.92399],[129.63991,32.92442],[129.64004,32.92573],[129.6384,32.92663],[129.63665,32.92618],[129.63597,32.92674],[129.63495,32.92658],[129.63384,32.92524],[129.63317,32.92872],[129.63363,32.92925],[129.63331,32.93108],[129.63403,32.93209],[129.6334,32.9311],[129.63394,32.9305],[129.6335,32.9305],[129.63369,32.92934],[129.63498,32.92967],[129.63474,32.93046],[129.63493,32.93079],[129.63536,32.93101],[129.63493,32.93062],[129.63518,32.92979],[129.63587,32.92995],[129.63583,32.92922],[129.63652,32.92948],[129.6361,32.92967],[129.63661,32.92994],[129.63617,32.93008],[129.63776,32.93011],[129.63746,32.93098],[129.63573,32.93126],[129.6361,32.93152],[129.63568,32.93158],[129.63611,32.93282],[129.63678,32.93275],[129.63678,32.93354],[129.63627,32.93385],[129.63691,32.93469],[129.63551,32.93519],[129.63444,32.93623],[129.63534,32.937],[129.63521,32.93777],[129.63578,32.93789],[129.63563,32.93885],[129.63682,32.93827],[129.63716,32.9372],[129.63748,32.93729],[129.63594,32.93646],[129.63722,32.93597],[129.63682,32.93538],[129.63739,32.93512],[129.63802,32.93581],[129.63849,32.93537],[129.63899,32.93538],[129.63945,32.93497],[129.63913,32.93516],[129.6384,32.93428],[129.63923,32.93483],[129.63965,32.93441],[129.64074,32.93471],[129.63945,32.93663],[129.63897,32.9366],[129.63877,32.93765],[129.63828,32.93754],[129.63877,32.93769],[129.63904,32.93919],[129.63878,32.94058],[129.63784,32.94072],[129.63874,32.94088],[129.63867,32.94143],[129.63805,32.9414],[129.63778,32.9424],[129.63684,32.94223],[129.63653,32.94331],[129.63748,32.94349],[129.63742,32.94457],[129.63609,32.94504],[129.63724,32.94517],[129.63659,32.94587],[129.63788,32.94562],[129.63776,32.9471],[129.63847,32.94763],[129.63785,32.94799],[129.6369,32.94774],[129.63702,32.94742],[129.63556,32.9468],[129.63522,32.94758],[129.63485,32.9471],[129.63394,32.94777],[129.63424,32.94806],[129.63355,32.94878],[129.63172,32.94793],[129.63143,32.9487],[129.63197,32.94934],[129.63136,32.94936],[129.63134,32.95001],[129.63038,32.95014],[129.63003,32.94955],[129.62966,32.94995],[129.62926,32.94958],[129.62786,32.95003],[129.62503,32.95218]]],[[[129.74184,33.00067],[129.74091,32.99774],[129.73953,32.99789],[129.73971,32.99949],[129.74098,32.99972],[129.74184,33.00067]]],[[[129.73753,33.01361],[129.73771,33.01423],[129.73802,33.01424],[129.73753,33.01361]]],[[[129.73867,33.01474],[129.73907,33.01478],[129.73875,33.01458],[129.73867,33.01474]]],[[[129.7417,33.01977],[129.74199,33.01966],[129.74179,33.01959],[129.7417,33.01977]]],[[[129.61748,33.02603],[129.61775,33.02528],[129.61741,33.02488],[129.61748,33.02603]]],[[[129.62096,33.02711],[129.62119,33.02739],[129.62087,33.0269],[129.62096,33.02711]]],[[[129.62284,33.02873],[129.62327,33.02943],[129.62358,33.02937],[129.62327,33.02851],[129.62284,33.02873]]],[[[129.62375,33.03016],[129.62392,33.03026],[129.62377,33.03007],[129.62375,33.03016]]],[[[129.61688,33.03253],[129.61751,33.03262],[129.61709,33.03182],[129.61721,33.03222],[129.61688,33.03253]]],[[[129.6139,33.03281],[129.61352,33.03281],[129.61383,33.03298],[129.6139,33.03281]]],[[[129.73198,33.05526],[129.73213,33.05627],[129.73323,33.05614],[129.73262,33.05503],[129.73198,33.05526]]],[[[129.64523,33.0613],[129.64696,33.06074],[129.64803,33.06077],[129.64801,33.06021],[129.64684,33.0597],[129.64523,33.0613]]],[[[129.64269,33.0635],[129.64435,33.06244],[129.64402,33.06124],[129.64452,33.06064],[129.64267,33.06151],[129.64145,33.06127],[129.64182,33.06054],[129.64143,33.06026],[129.64061,33.06061],[129.64075,33.06306],[129.64269,33.0635]]],[[[129.70404,33.08982],[129.70426,33.09023],[129.70483,33.09011],[129.7046,33.08966],[129.70404,33.08982]]],[[[129.81362,32.9636],[129.81428,32.96304],[129.81413,32.96236],[129.81535,32.96237],[129.81637,32.96113],[129.816,32.95972],[129.81422,32.9584],[129.81272,32.95951],[129.81277,32.96072],[129.81192,32.96049],[129.81159,32.96089],[129.81171,32.96164],[129.81273,32.9615],[129.81258,32.9622],[129.81079,32.96302],[129.81262,32.96382],[129.81305,32.96328],[129.81362,32.9636]]],[[[129.80817,32.96111],[129.80854,32.96178],[129.80822,32.96106],[129.80817,32.96111]]],[[[129.81086,32.96156],[129.80981,32.96041],[129.80942,32.96065],[129.80928,32.96153],[129.80971,32.96176],[129.80916,32.96239],[129.80971,32.96305],[129.80994,32.96193],[129.81086,32.96156]]],[[[129.80911,32.96337],[129.80929,32.96438],[129.80984,32.96452],[129.80977,32.96347],[129.80911,32.96337]]],[[[129.81701,32.96391],[129.81617,32.96371],[129.81583,32.96398],[129.81662,32.96433],[129.81701,32.96391]]],[[[129.81258,32.96551],[129.81214,32.96388],[129.81092,32.96388],[129.81084,32.96473],[129.81136,32.96502],[129.81154,32.96602],[129.81258,32.96551]]],[[[129.81782,32.99642],[129.8204,32.99564],[129.82033,32.99425],[129.81946,32.99349],[129.81919,32.99155],[129.81852,32.99266],[129.81673,32.99397],[129.81757,32.99491],[129.81702,32.99595],[129.81782,32.99642]]],[[[129.74697,32.9993],[129.74904,32.99911],[129.74769,32.99833],[129.74826,32.99775],[129.74724,32.99767],[129.74816,32.99703],[129.74804,32.9966],[129.74706,32.99672],[129.74642,32.99739],[129.74524,32.99655],[129.74561,32.99708],[129.74498,32.99824],[129.74518,32.99898],[129.74679,32.99863],[129.74697,32.9993]]],[[[129.81913,32.9999],[129.8183,32.9998],[129.81803,33.00013],[129.81807,33.00015],[129.81913,32.9999]]],[[[129.81745,33.00091],[129.81837,33.00051],[129.81686,33.00041],[129.81745,33.00091]]],[[[129.74593,33.00427],[129.74803,33.00383],[129.74803,33.00291],[129.74875,33.00202],[129.74862,33.00077],[129.74934,33.00062],[129.7491,33.00029],[129.74806,32.99998],[129.74774,33.00036],[129.74729,32.99962],[129.74665,32.9997],[129.74666,33.00042],[129.74497,33.00209],[129.74478,33.0029],[129.74593,33.00427]]],[[[129.81491,33.00718],[129.81566,33.0062],[129.81538,33.00525],[129.81572,33.00453],[129.81495,33.0037],[129.81323,33.0033],[129.81406,33.00458],[129.81329,33.00501],[129.81373,33.0061],[129.81293,33.00704],[129.81491,33.00718]]],[[[129.80385,33.0061],[129.80385,33.0053],[129.80296,33.00582],[129.80385,33.0061]]],[[[129.79603,33.01044],[129.79607,33.00983],[129.79588,33.00955],[129.79536,33.01039],[129.79603,33.01044]]],[[[129.79733,33.01086],[129.79726,33.01186],[129.79804,33.01125],[129.79733,33.01086]]],[[[129.81158,33.01072],[129.81161,33.01201],[129.81189,33.01133],[129.81158,33.01072]]],[[[129.7597,33.01614],[129.75871,33.01596],[129.75901,33.01655],[129.7597,33.01614]]],[[[129.7773,33.01891],[129.77598,33.01831],[129.77487,33.01944],[129.77667,33.01992],[129.7773,33.01891]]],[[[129.7432,33.01996],[129.74359,33.02068],[129.74452,33.02113],[129.744,33.01974],[129.7432,33.01996]]],[[[129.78164,33.02134],[129.78096,33.02051],[129.77953,33.02103],[129.78011,33.0216],[129.78164,33.02134]]],[[[129.74491,33.0219],[129.74536,33.0221],[129.74532,33.02184],[129.74491,33.0219]]],[[[129.7453,33.02277],[129.74585,33.02352],[129.74658,33.02338],[129.74637,33.02283],[129.7453,33.02277]]],[[[129.75468,33.03251],[129.75605,33.03168],[129.75477,33.03001],[129.7549,33.0291],[129.7541,33.02888],[129.7529,33.02948],[129.7536,33.02978],[129.75304,33.03071],[129.75388,33.03026],[129.75444,33.03047],[129.75468,33.03251]]],[[[129.75863,33.0344],[129.75922,33.03322],[129.75866,33.03223],[129.75718,33.03292],[129.75775,33.03352],[129.7578,33.03449],[129.75863,33.0344]]],[[[129.74721,33.0379],[129.74744,33.03823],[129.74748,33.03795],[129.74721,33.0379]]],[[[129.75162,33.06051],[129.7521,33.06005],[129.7513,33.06015],[129.75162,33.06051]]]]}},{"type":"Feature","properties":{"id":"muni-42213","name":"雲仙市"},"geometry":{"type":"MultiPolygon","coordinates":[[[[130.13824,32.68702],[130.1366,32.68712],[130.13792,32.68773],[130.13824,32.68702]]],[[[130.13198,32.68516],[130.13211,32.68397],[130.13095,32.68331],[130.13265,32.68219],[130.13272,32.68139],[130.1375,32.68099],[130.14161,32.68136],[130.14226,32.67788],[130.14319,32.678],[130.14316,32.67937],[130.14484,32.67972],[130.14397,32.6814],[130.1446,32.68215],[130.14837,32.68191],[130.15396,32.68295],[130.1558,32.68361],[130.15634,32.6842],[130.15587,32.68482],[130.15708,32.68562],[130.15842,32.68562],[130.15801,32.68826],[130.15966,32.68988],[130.15966,32.6914],[130.15885,32.69286],[130.16002,32.694],[130.16173,32.69371],[130.16225,32.69312],[130.1617,32.69321],[130.16172,32.69283],[130.16225,32.69228],[130.16301,32.69231],[130.1642,32.69395],[130.16526,32.69413],[130.16768,32.69303],[130.17125,32.69228],[130.17172,32.69289],[130.17079,32.69488],[130.17112,32.69488],[130.17083,32.69529],[130.17059,32.69491],[130.17038,32.69602],[130.16994,32.69577],[130.16992,32.69659],[130.16948,32.69684],[130.16897,32.69592],[130.16815,32.69719],[130.16714,32.69676],[130.16757,32.69553],[130.16707,32.69679],[130.1688,32.69755],[130.16897,32.69851],[130.1711,32.70149],[130.1731,32.70322],[130.17525,32.70343],[130.17653,32.70423],[130.17827,32.7045],[130.18346,32.70676],[130.18326,32.70741],[130.18551,32.70786],[130.18556,32.70732],[130.18595,32.70748],[130.18657,32.70928],[130.18712,32.70924],[130.18679,32.70965],[130.18832,32.71064],[130.18835,32.71333],[130.18996,32.71512],[130.19171,32.71612],[130.19377,32.71643],[130.1945,32.71742],[130.19521,32.71775],[130.19376,32.71627],[130.19539,32.7167],[130.19521,32.7171],[130.19534,32.71737],[130.19569,32.71658],[130.1968,32.71729],[130.19896,32.71774],[130.19939,32.71801],[130.19883,32.7185],[130.19974,32.71926],[130.19863,32.7199],[130.19981,32.71927],[130.20127,32.72047],[130.20199,32.72041],[130.20255,32.72134],[130.20208,32.72155],[130.20168,32.72088],[130.20118,32.72094],[130.20085,32.72251],[130.20195,32.72472],[130.20313,32.72512],[130.20504,32.72676],[130.20503,32.72843],[130.20531,32.72798],[130.20651,32.7279],[130.20643,32.72746],[130.20689,32.72902],[130.20567,32.72856],[130.20622,32.72932],[130.20587,32.73217],[130.20609,32.731],[130.20656,32.73104],[130.20679,32.73222],[130.20863,32.73391],[130.20892,32.73606],[130.21,32.73814],[130.20943,32.74107],[130.21007,32.74336],[130.20764,32.74848],[130.20786,32.75281],[130.20581,32.75556],[130.20529,32.75588],[130.20402,32.75558],[130.20207,32.75687],[130.20088,32.75688],[130.20088,32.75763],[130.20056,32.75688],[130.19962,32.75693],[130.20026,32.75733],[130.19992,32.75768],[130.19909,32.75687],[130.19909,32.75608],[130.2011,32.75627],[130.19861,32.75597],[130.19773,32.75539],[130.19753,32.75463],[130.19854,32.75435],[130.19861,32.75374],[130.19749,32.75413],[130.19687,32.75358],[130.19628,32.75559],[130.19506,32.75556],[130.19415,32.75613],[130.19437,32.75682],[130.19254,32.7588],[130.19308,32.76054],[130.18891,32.76274],[130.18644,32.76212],[130.18406,32.76339],[130.18577,32.76551],[130.18635,32.76529],[130.18805,32.7661],[130.18667,32.76527],[130.18743,32.76452],[130.18831,32.76473],[130.18798,32.7652],[130.18827,32.76485],[130.18883,32.76517],[130.18949,32.76642],[130.18979,32.76643],[130.18999,32.76635],[130.19013,32.76635],[130.1898,32.76645],[130.18953,32.76648],[130.18879,32.77055],[130.18577,32.77444],[130.18655,32.77551],[130.18759,32.77556],[130.19129,32.77909],[130.19306,32.77961],[130.19326,32.78051],[130.19218,32.78061],[130.19121,32.78011],[130.19226,32.7807],[130.19172,32.78143],[130.19107,32.78077],[130.19082,32.78116],[130.19318,32.78241],[130.19305,32.78297],[130.18945,32.78676],[130.18232,32.79235],[130.17866,32.79456],[130.16572,32.79365],[130.15533,32.79363],[130.15324,32.79394],[130.14653,32.79649],[130.14392,32.79613],[130.14286,32.79774],[130.14184,32.79723],[130.13995,32.79733],[130.14096,32.80023],[130.1421,32.80147],[130.13903,32.80319],[130.1383,32.80487],[130.13648,32.80618],[130.13582,32.80781],[130.1369,32.80954],[130.1435,32.8099],[130.14509,32.80943],[130.14618,32.80995],[130.14883,32.81538],[130.14906,32.81719],[130.15157,32.82174],[130.15284,32.8234],[130.15553,32.82429],[130.15628,32.82526],[130.15833,32.84033],[130.16012,32.83987],[130.16192,32.84217],[130.16346,32.84259],[130.17442,32.8432],[130.18138,32.84308],[130.18546,32.84118],[130.18515,32.84171],[130.18844,32.84426],[130.1903,32.84319],[130.19082,32.84397],[130.19373,32.84579],[130.19467,32.84715],[130.19338,32.84603],[130.19181,32.84704],[130.19354,32.84884],[130.18836,32.85283],[130.18894,32.85355],[130.19518,32.84825],[130.19598,32.84973],[130.19751,32.85111],[130.20088,32.85172],[130.20101,32.85207],[130.20555,32.85199],[130.20654,32.85286],[130.20927,32.85349],[130.20977,32.85529],[130.21043,32.85589],[130.21121,32.85567],[130.21137,32.8563],[130.21241,32.85614],[130.21636,32.85782],[130.21723,32.85758],[130.21974,32.85843],[130.2221,32.85968],[130.22165,32.8606],[130.22298,32.86102],[130.22349,32.86012],[130.22465,32.86034],[130.22445,32.8606],[130.22535,32.86135],[130.22637,32.86165],[130.22701,32.86341],[130.22923,32.86526],[130.22901,32.86574],[130.23312,32.86626],[130.23328,32.86837],[130.23513,32.8689],[130.23609,32.8701],[130.23527,32.87107],[130.23968,32.87363],[130.24103,32.87372],[130.24371,32.8757],[130.24615,32.87463],[130.24546,32.87479],[130.24549,32.87409],[130.24627,32.87455],[130.25135,32.87265],[130.25996,32.87168],[130.26377,32.87209],[130.26546,32.87308],[130.26721,32.87268],[130.2687,32.87337],[130.26922,32.87435],[130.27145,32.87463],[130.2735,32.87428],[130.27549,32.8747],[130.2759,32.87571],[130.27681,32.8763],[130.28065,32.8778],[130.28271,32.87784],[130.28318,32.8772],[130.28436,32.87691],[130.28461,32.87606],[130.2856,32.87694],[130.28942,32.87708],[130.2945,32.87955],[130.29579,32.87794],[130.30565,32.87646],[130.30692,32.87807],[130.30829,32.87734],[130.30734,32.87761],[130.30658,32.87665],[130.30811,32.87563],[130.30876,32.87649],[130.30992,32.87581],[130.30937,32.87554],[130.30957,32.87498],[130.31114,32.87415],[130.30998,32.87281],[130.3089,32.87318],[130.30832,32.87263],[130.3089,32.87265],[130.31117,32.87066],[130.31605,32.86823],[130.31966,32.86827],[130.31924,32.86674],[130.31775,32.86582],[130.31528,32.86522],[130.31431,32.86373],[130.31212,32.86276],[130.31178,32.86036],[130.3094,32.85909],[130.30771,32.85557],[130.30647,32.85559],[130.30538,32.85462],[130.30549,32.8538],[130.30624,32.8531],[130.30485,32.85277],[130.30533,32.85123],[130.30406,32.85031],[130.30451,32.84835],[130.30325,32.84703],[130.30409,32.84597],[130.30409,32.84465],[130.3026,32.84455],[130.30315,32.84322],[130.30211,32.843],[130.30142,32.84083],[130.30066,32.84028],[130.30093,32.83939],[130.30268,32.83756],[130.30289,32.83459],[130.30197,32.83074],[130.30229,32.82813],[130.30142,32.82675],[130.3005,32.82246],[130.29929,32.81967],[130.29931,32.81805],[130.29768,32.81459],[130.29718,32.81163],[130.29565,32.80922],[130.29298,32.80303],[130.29388,32.80125],[130.29352,32.79985],[130.2927,32.79941],[130.28961,32.79444],[130.28801,32.79366],[130.28777,32.79275],[130.2867,32.79263],[130.28644,32.7918],[130.28575,32.79172],[130.28488,32.79064],[130.28517,32.78875],[130.28474,32.78616],[130.28548,32.78549],[130.28464,32.7835],[130.28341,32.7845],[130.28088,32.78261],[130.27824,32.7839],[130.27607,32.78432],[130.2752,32.78257],[130.273,32.77362],[130.27301,32.76711],[130.27446,32.76553],[130.27637,32.76474],[130.2813,32.76451],[130.28671,32.76215],[130.2891,32.76429],[130.29113,32.76433],[130.29353,32.76538],[130.29543,32.76244],[130.29823,32.76068],[130.30318,32.76258],[130.30673,32.76248],[130.30793,32.76334],[130.31046,32.76394],[130.30889,32.7611],[130.3086,32.75507],[130.30523,32.75385],[130.29523,32.75422],[130.29241,32.75252],[130.29019,32.7532],[130.28687,32.75254],[130.28571,32.75065],[130.28647,32.74819],[130.28542,32.74671],[130.28543,32.74561],[130.28709,32.74354],[130.28788,32.74328],[130.2875,32.74239],[130.28768,32.73882],[130.28342,32.73984],[130.2818,32.73793],[130.28063,32.73785],[130.27993,32.7371],[130.2807,32.73562],[130.28068,32.73385],[130.27894,32.73418],[130.27603,32.73158],[130.27295,32.73071],[130.27069,32.72943],[130.27037,32.72861],[130.27132,32.72708],[130.27202,32.7235],[130.27169,32.7222],[130.27083,32.72335],[130.26921,32.72383],[130.26478,32.72389],[130.26176,32.72477],[130.256,32.72411],[130.25159,32.72449],[130.2478,32.72014],[130.24792,32.7191],[130.24874,32.71811],[130.24827,32.71636],[130.24874,32.71525],[130.2482,32.71366],[130.24902,32.71134],[130.24767,32.70936],[130.24549,32.7079],[130.24546,32.70707],[130.24463,32.70608],[130.23709,32.70184],[130.23527,32.70007],[130.23121,32.69838],[130.22923,32.6966],[130.22791,32.69399],[130.22659,32.69585],[130.22555,32.6938],[130.21856,32.68969],[130.21491,32.68949],[130.21452,32.68863],[130.2104,32.68696],[130.20949,32.68571],[130.20658,32.68562],[130.20681,32.68509],[130.20574,32.68438],[130.20175,32.68267],[130.19868,32.68009],[130.19731,32.67819],[130.19411,32.67676],[130.1917,32.67412],[130.18696,32.67197],[130.18455,32.66897],[130.18281,32.67096],[130.18168,32.67073],[130.17998,32.66908],[130.18181,32.66792],[130.17892,32.66693],[130.17599,32.66695],[130.17345,32.66213],[130.16353,32.66275],[130.16188,32.66226],[130.15945,32.66237],[130.1555,32.66048],[130.15168,32.65939],[130.15102,32.65876],[130.14955,32.65871],[130.14767,32.6594],[130.14542,32.65835],[130.14475,32.65912],[130.14417,32.65861],[130.1418,32.65871],[130.13599,32.65759],[130.13481,32.65782],[130.13125,32.65598],[130.12888,32.65573],[130.12848,32.65891],[130.12899,32.66013],[130.12842,32.66351],[130.12882,32.66585],[130.13044,32.67004],[130.13085,32.67554],[130.13274,32.67762],[130.13303,32.67853],[130.13111,32.68147],[130.12754,32.68349],[130.12555,32.68798],[130.12632,32.68926],[130.12767,32.6896],[130.12816,32.68895],[130.12689,32.6884],[130.12684,32.68767],[130.1283,32.68681],[130.13105,32.68654],[130.13198,32.68516]]],[[[130.15495,32.84552],[130.15624,32.84286],[130.15394,32.84097],[130.1482,32.84534],[130.15027,32.84736],[130.15155,32.8464],[130.15307,32.84652],[130.15495,32.84552]]],[[[130.15406,32.84762],[130.15298,32.84735],[130.15246,32.84882],[130.15384,32.84901],[130.15406,32.84762]]],[[[130.15991,32.85308],[130.15911,32.85303],[130.15881,32.8549],[130.15953,32.85486],[130.16023,32.85414],[130.15991,32.85308]]]]}},{"type":"Feature","properties":{"id":"muni-42214","name":"南島原市"},"geometry":{"type":"Polygon","coordinates":[[[130.14521,32.63561],[130.14395,32.63563],[130.14381,32.63523],[130.14386,32.63567],[130.14241,32.63619],[130.14287,32.63533],[130.14368,32.63501],[130.14278,32.6353],[130.14239,32.6362],[130.14182,32.63619],[130.14015,32.63476],[130.14041,32.6352],[130.13932,32.63549],[130.13827,32.63414],[130.1379,32.63491],[130.13627,32.63547],[130.13515,32.63702],[130.13402,32.63727],[130.13394,32.63644],[130.13355,32.63642],[130.13295,32.63715],[130.13307,32.63787],[130.13209,32.63801],[130.1315,32.639],[130.12976,32.64009],[130.12894,32.6416],[130.12921,32.64482],[130.12859,32.64576],[130.12854,32.64645],[130.12893,32.64637],[130.12922,32.64652],[130.12921,32.64656],[130.12849,32.64669],[130.12844,32.64787],[130.12736,32.64856],[130.12671,32.6502],[130.12725,32.65119],[130.12773,32.65105],[130.1274,32.65139],[130.12869,32.65476],[130.12848,32.65571],[130.13125,32.65598],[130.13481,32.65782],[130.13599,32.65759],[130.1418,32.65871],[130.14417,32.65861],[130.14475,32.65912],[130.14542,32.65835],[130.14767,32.6594],[130.14955,32.65871],[130.15102,32.65876],[130.15168,32.65939],[130.1555,32.66048],[130.15945,32.66237],[130.16188,32.66226],[130.16353,32.66275],[130.17345,32.66213],[130.17599,32.66695],[130.17892,32.66693],[130.18181,32.66792],[130.17998,32.66908],[130.18222,32.67102],[130.18332,32.67059],[130.18455,32.66897],[130.18737,32.6723],[130.1917,32.67412],[130.19411,32.67676],[130.19731,32.67819],[130.19868,32.68009],[130.20175,32.68267],[130.20574,32.68438],[130.20681,32.68509],[130.20658,32.68562],[130.20949,32.68571],[130.2104,32.68696],[130.21452,32.68863],[130.21491,32.68949],[130.21856,32.68969],[130.22555,32.6938],[130.22659,32.69585],[130.22791,32.69399],[130.23012,32.69759],[130.23527,32.70007],[130.23709,32.70184],[130.24463,32.70608],[130.24546,32.70707],[130.24549,32.7079],[130.24823,32.70992],[130.24902,32.71134],[130.2482,32.71366],[130.24874,32.71525],[130.24827,32.71636],[130.24874,32.71811],[130.24792,32.7191],[130.2478,32.72014],[130.25159,32.72449],[130.256,32.72411],[130.26176,32.72477],[130.26478,32.72389],[130.26921,32.72383],[130.27083,32.72335],[130.27169,32.7222],[130.27202,32.7235],[130.27132,32.72708],[130.27037,32.72861],[130.27069,32.72943],[130.27295,32.73071],[130.27603,32.73158],[130.27894,32.73418],[130.28068,32.73385],[130.2807,32.73562],[130.27993,32.7371],[130.28063,32.73785],[130.2818,32.73793],[130.28342,32.73984],[130.28768,32.73882],[130.2875,32.74239],[130.28788,32.74328],[130.28709,32.74354],[130.28543,32.74561],[130.28542,32.74671],[130.28647,32.74819],[130.28566,32.75033],[130.29215,32.74795],[130.29694,32.74771],[130.29991,32.74692],[130.30576,32.74757],[130.30964,32.74625],[130.31156,32.74679],[130.32029,32.74609],[130.32119,32.74677],[130.32216,32.74663],[130.32256,32.74735],[130.32517,32.74722],[130.32612,32.74667],[130.32899,32.74773],[130.32984,32.74693],[130.33187,32.74769],[130.33339,32.74735],[130.3366,32.74777],[130.33805,32.74737],[130.34009,32.74788],[130.34084,32.74721],[130.34244,32.74805],[130.34494,32.74809],[130.34499,32.74859],[130.34687,32.74844],[130.34852,32.74808],[130.34894,32.74717],[130.34909,32.74641],[130.34826,32.74533],[130.35122,32.74485],[130.35096,32.74262],[130.35597,32.74188],[130.3571,32.74671],[130.36042,32.7455],[130.36553,32.74089],[130.37296,32.73752],[130.37208,32.73712],[130.3711,32.73548],[130.36965,32.73521],[130.36829,32.73312],[130.36791,32.73323],[130.36828,32.73398],[130.36797,32.73387],[130.36756,32.7332],[130.36823,32.73271],[130.36534,32.72821],[130.35887,32.72063],[130.35843,32.7207],[130.35525,32.71784],[130.35534,32.7174],[130.35491,32.71725],[130.35502,32.71773],[130.35425,32.71737],[130.35254,32.71512],[130.35216,32.71526],[130.3536,32.71462],[130.35375,32.71327],[130.35359,32.71239],[130.35363,32.71329],[130.35302,32.71325],[130.35362,32.71337],[130.35346,32.71457],[130.35247,32.71495],[130.35237,32.71455],[130.35269,32.71351],[130.35268,32.71299],[130.35214,32.71489],[130.35167,32.7148],[130.35116,32.71444],[130.35067,32.71242],[130.3511,32.71187],[130.35294,32.7126],[130.35072,32.71171],[130.35031,32.71131],[130.35066,32.71066],[130.34884,32.70981],[130.34837,32.71067],[130.34728,32.71055],[130.34775,32.71002],[130.34745,32.70867],[130.34668,32.70833],[130.34626,32.70932],[130.34635,32.7084],[130.34571,32.70832],[130.34785,32.70319],[130.34939,32.70333],[130.3497,32.70288],[130.34936,32.70328],[130.34788,32.70314],[130.35051,32.69986],[130.35272,32.69806],[130.35597,32.69678],[130.35633,32.69697],[130.35654,32.69701],[130.35672,32.69699],[130.35594,32.69671],[130.35632,32.69638],[130.35673,32.69675],[130.3563,32.69634],[130.35751,32.69526],[130.35808,32.69325],[130.35772,32.69246],[130.35867,32.69212],[130.35723,32.69263],[130.3576,32.69224],[130.35694,32.69205],[130.35696,32.69082],[130.35829,32.69015],[130.35949,32.68883],[130.35857,32.68971],[130.3583,32.68943],[130.35853,32.68977],[130.35754,32.69049],[130.35681,32.68946],[130.35602,32.69017],[130.35567,32.68933],[130.35635,32.68944],[130.35728,32.68886],[130.35808,32.68912],[130.35796,32.68883],[130.35888,32.68865],[130.35926,32.68843],[130.35728,32.68884],[130.35634,32.68935],[130.35577,32.68929],[130.35401,32.68775],[130.35308,32.68452],[130.3534,32.68392],[130.35388,32.68395],[130.35406,32.6839],[130.35358,32.68389],[130.35489,32.68228],[130.35369,32.6816],[130.35399,32.68125],[130.35371,32.68141],[130.35355,32.68186],[130.35311,32.68172],[130.35237,32.681],[130.35296,32.68037],[130.35338,32.68066],[130.35405,32.6809],[130.3525,32.68],[130.35183,32.6807],[130.35115,32.68071],[130.35152,32.68049],[130.35061,32.67899],[130.35095,32.67876],[130.35058,32.67888],[130.35091,32.67865],[130.35026,32.67742],[130.34907,32.67607],[130.34913,32.67506],[130.34743,32.6737],[130.34749,32.67353],[130.3474,32.6732],[130.34728,32.67369],[130.34677,32.6735],[130.34722,32.67311],[130.34668,32.67355],[130.34504,32.6722],[130.3415,32.67147],[130.34096,32.67147],[130.34161,32.67246],[130.34134,32.67264],[130.34066,32.67165],[130.33877,32.67163],[130.33883,32.67118],[130.33736,32.67113],[130.33659,32.67183],[130.333,32.66962],[130.33248,32.67013],[130.33203,32.66998],[130.33243,32.66965],[130.33168,32.6698],[130.33196,32.66951],[130.33154,32.66898],[130.333,32.66917],[130.33575,32.66646],[130.33583,32.66613],[130.3355,32.66576],[130.3358,32.66622],[130.33543,32.66673],[130.33451,32.66724],[130.33392,32.66681],[130.33443,32.6673],[130.33341,32.66829],[130.33275,32.66782],[130.33294,32.66744],[130.33225,32.66799],[130.33189,32.66773],[130.33429,32.66531],[130.33517,32.66551],[130.33476,32.66529],[130.3344,32.66524],[130.33418,32.66532],[130.33205,32.66729],[130.32979,32.66578],[130.32969,32.66504],[130.32873,32.66424],[130.32832,32.66441],[130.32866,32.66413],[130.32787,32.66362],[130.32317,32.66527],[130.32024,32.66477],[130.32138,32.66343],[130.32113,32.66222],[130.32151,32.66217],[130.32101,32.66169],[130.32155,32.66136],[130.32196,32.66186],[130.32185,32.66157],[130.32149,32.66131],[130.3217,32.65983],[130.32013,32.66014],[130.31969,32.6591],[130.31861,32.65932],[130.31691,32.65835],[130.3156,32.65832],[130.31456,32.6573],[130.31267,32.6567],[130.31311,32.65665],[130.31381,32.65542],[130.3138,32.65525],[130.31336,32.65484],[130.31376,32.65538],[130.31317,32.65641],[130.31207,32.65536],[130.31157,32.65615],[130.31013,32.65565],[130.30921,32.65614],[130.30894,32.65587],[130.31062,32.65537],[130.31127,32.65435],[130.31244,32.65416],[130.31124,32.6543],[130.31057,32.65535],[130.30946,32.65537],[130.30804,32.6545],[130.30495,32.65411],[130.30472,32.65342],[130.30458,32.65383],[130.30386,32.65316],[130.30428,32.65299],[130.30489,32.65338],[130.30505,32.6533],[130.3007,32.6513],[130.29693,32.65222],[130.29388,32.65216],[130.29439,32.65263],[130.2935,32.65288],[130.29337,32.65235],[130.29347,32.65217],[130.29374,32.65207],[130.29384,32.65194],[130.29333,32.65206],[130.29318,32.65151],[130.29258,32.65039],[130.29241,32.65032],[130.29311,32.65148],[130.29274,32.65289],[130.29285,32.65234],[130.29168,32.65211],[130.29188,32.65154],[130.2916,32.65206],[130.29042,32.6519],[130.29096,32.65063],[130.29168,32.65027],[130.29168,32.65018],[130.29092,32.65058],[130.29083,32.65074],[130.28907,32.64988],[130.28866,32.64997],[130.29047,32.65063],[130.29007,32.65264],[130.28827,32.65176],[130.28855,32.65043],[130.28779,32.65152],[130.28647,32.65085],[130.28536,32.65325],[130.28481,32.65316],[130.28509,32.65213],[130.28384,32.65187],[130.28411,32.65091],[130.28331,32.65072],[130.28274,32.65272],[130.28085,32.65292],[130.28046,32.65259],[130.28035,32.65309],[130.27566,32.6541],[130.27296,32.65412],[130.27181,32.65355],[130.27188,32.65403],[130.27138,32.65401],[130.2717,32.65295],[130.27088,32.65367],[130.26454,32.65239],[130.26159,32.65325],[130.25819,32.65181],[130.25508,32.65212],[130.25482,32.65167],[130.26547,32.64882],[130.26595,32.64829],[130.26577,32.6475],[130.25884,32.64147],[130.25774,32.63881],[130.25873,32.63753],[130.25764,32.63872],[130.25728,32.63817],[130.25738,32.6386],[130.255,32.6395],[130.25563,32.63769],[130.25807,32.63738],[130.25817,32.63608],[130.2595,32.63447],[130.25915,32.63305],[130.25619,32.63052],[130.2553,32.62866],[130.25279,32.62801],[130.252,32.62708],[130.24967,32.62668],[130.24949,32.62605],[130.2473,32.62553],[130.24693,32.62786],[130.2448,32.6281],[130.24525,32.62774],[130.24468,32.62784],[130.24441,32.6268],[130.24657,32.62636],[130.24643,32.62712],[130.24686,32.62522],[130.24658,32.6263],[130.24437,32.62677],[130.2449,32.62877],[130.24558,32.62896],[130.24488,32.62912],[130.24037,32.62795],[130.23944,32.62728],[130.23986,32.62701],[130.239,32.62605],[130.23877,32.62639],[130.23944,32.62697],[130.23818,32.62658],[130.23652,32.62423],[130.23611,32.62326],[130.23636,32.6227],[130.23498,32.62149],[130.23503,32.61917],[130.23394,32.61938],[130.2341,32.61905],[130.23301,32.61845],[130.23217,32.61532],[130.2314,32.61478],[130.23126,32.61377],[130.23214,32.61387],[130.23226,32.61289],[130.23297,32.61208],[130.23172,32.61095],[130.22594,32.61019],[130.22358,32.60759],[130.2193,32.60547],[130.2173,32.60527],[130.21082,32.60614],[130.20797,32.60448],[130.20543,32.60441],[130.20504,32.60477],[130.20377,32.60425],[130.20327,32.60496],[130.20378,32.60547],[130.20234,32.60691],[130.20168,32.60702],[130.20263,32.60698],[130.20249,32.6076],[130.20193,32.60762],[130.20182,32.60711],[130.20194,32.60799],[130.20076,32.60897],[130.19919,32.60809],[130.19709,32.60851],[130.19699,32.60807],[130.19706,32.6085],[130.19584,32.60887],[130.19075,32.60927],[130.19028,32.60945],[130.18986,32.61116],[130.18705,32.61173],[130.18661,32.61131],[130.18708,32.61096],[130.18656,32.61128],[130.18604,32.61068],[130.18588,32.60947],[130.18498,32.60973],[130.18517,32.6093],[130.18477,32.60924],[130.18786,32.60591],[130.18816,32.60572],[130.18829,32.60625],[130.18852,32.60648],[130.18871,32.60593],[130.1882,32.60569],[130.18921,32.60516],[130.19118,32.60559],[130.19217,32.60462],[130.19403,32.60435],[130.19403,32.60465],[130.19409,32.60465],[130.1944,32.60429],[130.19457,32.60476],[130.19472,32.60486],[130.19453,32.60435],[130.19541,32.60474],[130.19498,32.60511],[130.19546,32.60538],[130.19609,32.60521],[130.19738,32.60425],[130.19711,32.60283],[130.19831,32.60153],[130.19778,32.60086],[130.19672,32.60045],[130.19641,32.59959],[130.19558,32.59906],[130.19484,32.5993],[130.19457,32.59882],[130.19419,32.59918],[130.19292,32.59872],[130.19224,32.59888],[130.19085,32.60077],[130.18923,32.60074],[130.1891,32.60032],[130.19028,32.59973],[130.18942,32.59938],[130.1896,32.59861],[130.18817,32.59835],[130.18843,32.59786],[130.18771,32.59736],[130.18822,32.59689],[130.18793,32.59653],[130.18683,32.59645],[130.18631,32.59589],[130.18653,32.59534],[130.18588,32.59506],[130.18422,32.59565],[130.18242,32.59392],[130.1823,32.59286],[130.18143,32.5924],[130.17992,32.59345],[130.17805,32.59323],[130.17772,32.59293],[130.17673,32.59236],[130.17795,32.59319],[130.1772,32.59386],[130.17595,32.59301],[130.17643,32.59268],[130.17598,32.59292],[130.17562,32.59256],[130.17595,32.59204],[130.17563,32.59166],[130.17513,32.59187],[130.17523,32.59247],[130.17411,32.59246],[130.17262,32.59157],[130.1695,32.59073],[130.16829,32.59109],[130.16766,32.59053],[130.16729,32.59072],[130.16781,32.59141],[130.16691,32.59231],[130.16718,32.59382],[130.16678,32.59372],[130.16631,32.59448],[130.1653,32.59796],[130.16803,32.59873],[130.16938,32.59987],[130.16983,32.60094],[130.17249,32.6026],[130.17286,32.60237],[130.173,32.60295],[130.17382,32.603],[130.17364,32.60408],[130.1728,32.60438],[130.17316,32.605],[130.1738,32.60495],[130.1737,32.6054],[130.17311,32.60543],[130.1734,32.6061],[130.17399,32.60669],[130.17475,32.60669],[130.17496,32.60737],[130.17388,32.61134],[130.17295,32.61185],[130.17245,32.61128],[130.17281,32.61176],[130.17242,32.61203],[130.17292,32.61214],[130.17243,32.61249],[130.17138,32.61149],[130.17231,32.61093],[130.17131,32.61147],[130.17209,32.61249],[130.17159,32.61215],[130.17177,32.61262],[130.171,32.6128],[130.17094,32.61421],[130.16867,32.61492],[130.16853,32.6157],[130.16922,32.61599],[130.16926,32.61659],[130.16986,32.61655],[130.16947,32.61702],[130.16996,32.61761],[130.16898,32.62027],[130.16764,32.62167],[130.1659,32.62125],[130.16597,32.62261],[130.16352,32.62523],[130.16139,32.62621],[130.16078,32.62588],[130.16158,32.62659],[130.16153,32.62713],[130.16024,32.62696],[130.16026,32.62486],[130.15991,32.62439],[130.16022,32.62667],[130.15805,32.62664],[130.1575,32.6274],[130.15615,32.62633],[130.15889,32.626],[130.15904,32.6256],[130.15802,32.62453],[130.15946,32.6236],[130.15813,32.62441],[130.15731,32.62351],[130.15392,32.62371],[130.15308,32.62484],[130.15352,32.62594],[130.15413,32.62586],[130.15361,32.62763],[130.1492,32.63264],[130.14521,32.63561]]]}},{"type":"Feature","properties":{"id":"muni-42307","name":"長与町"},"geometry":{"type":"MultiPolygon","coordinates":[[[[129.86654,32.80819],[129.86595,32.80689],[129.8652,32.80644],[129.86543,32.80515],[129.86482,32.80455],[129.86409,32.80108],[129.86202,32.80018],[129.86171,32.79855],[129.86049,32.79846],[129.85816,32.79909],[129.85748,32.80077],[129.85651,32.80124],[129.85597,32.80102],[129.8557,32.80143],[129.85604,32.80174],[129.85472,32.80189],[129.85348,32.8036],[129.85076,32.80542],[129.8526,32.80594],[129.85288,32.8069],[129.85203,32.80644],[129.85151,32.8069],[129.8516,32.80795],[129.85088,32.80788],[129.85049,32.80725],[129.84965,32.80748],[129.84944,32.80813],[129.84815,32.80874],[129.8476,32.81083],[129.84652,32.81219],[129.84727,32.81312],[129.84679,32.81371],[129.84717,32.81372],[129.8475,32.81479],[129.84971,32.8143],[129.84991,32.81535],[129.85072,32.816],[129.85242,32.8153],[129.85309,32.81618],[129.8534,32.81804],[129.85539,32.81787],[129.85483,32.81929],[129.85573,32.8197],[129.85615,32.82133],[129.85752,32.82269],[129.85773,32.82359],[129.8602,32.82342],[129.86085,32.82431],[129.86309,32.82429],[129.86449,32.82498],[129.86629,32.82622],[129.86634,32.8279],[129.86769,32.82816],[129.8685,32.8291],[129.86723,32.82994],[129.86665,32.83194],[129.86683,32.83325],[129.86771,32.83462],[129.86707,32.83776],[129.86192,32.83978],[129.8613,32.84158],[129.85727,32.84457],[129.85633,32.84558],[129.856,32.84695],[129.85367,32.84869],[129.85321,32.85118],[129.85381,32.85433],[129.85264,32.85508],[129.85208,32.85841],[129.85281,32.85938],[129.85244,32.86083],[129.85322,32.85988],[129.85433,32.85982],[129.85298,32.85862],[129.85285,32.85772],[129.85351,32.85726],[129.85348,32.85651],[129.85533,32.85663],[129.85563,32.85574],[129.85641,32.85586],[129.85639,32.85525],[129.85792,32.85572],[129.85887,32.85472],[129.85824,32.85432],[129.85823,32.85376],[129.85568,32.85309],[129.85706,32.85273],[129.8556,32.85157],[129.85583,32.85032],[129.85738,32.85014],[129.85599,32.84904],[129.85742,32.84818],[129.85712,32.84761],[129.85744,32.84713],[129.85879,32.84641],[129.86107,32.84671],[129.86236,32.84625],[129.86257,32.84506],[129.86241,32.84768],[129.86434,32.84764],[129.86356,32.84761],[129.86356,32.84726],[129.86574,32.84417],[129.8675,32.84397],[129.86749,32.84476],[129.86755,32.84396],[129.86843,32.84402],[129.86821,32.8443],[129.86793,32.84495],[129.86833,32.84419],[129.869,32.84443],[129.86883,32.84595],[129.86746,32.84598],[129.86768,32.8454],[129.86718,32.84648],[129.86726,32.84826],[129.86951,32.84845],[129.86728,32.84852],[129.86737,32.85073],[129.87029,32.85064],[129.87036,32.85141],[129.8722,32.85193],[129.87228,32.85295],[129.87061,32.85456],[129.87067,32.8551],[129.87253,32.85642],[129.87301,32.85845],[129.87245,32.85933],[129.87056,32.85971],[129.87012,32.86084],[129.87069,32.8614],[129.87466,32.8621],[129.87656,32.86306],[129.88166,32.86425],[129.88082,32.86437],[129.88116,32.86502],[129.88049,32.86615],[129.8812,32.86948],[129.87866,32.87485],[129.87895,32.87982],[129.88113,32.88218],[129.88244,32.88166],[129.88243,32.88037],[129.88403,32.87974],[129.88253,32.87692],[129.88336,32.8746],[129.8854,32.87392],[129.88563,32.87433],[129.88554,32.87391],[129.88614,32.87385],[129.8884,32.87503],[129.88943,32.87433],[129.89031,32.87104],[129.8883,32.87093],[129.88807,32.87031],[129.88689,32.87083],[129.88563,32.86832],[129.88731,32.86549],[129.8891,32.86387],[129.89056,32.85641],[129.89313,32.85572],[129.89402,32.85494],[129.89415,32.85183],[129.8967,32.84951],[129.89932,32.84438],[129.90153,32.84249],[129.90376,32.84274],[129.90632,32.84209],[129.90739,32.84042],[129.90839,32.84031],[129.90931,32.8395],[129.9098,32.83701],[129.9118,32.83555],[129.9122,32.83389],[129.9156,32.83385],[129.91834,32.82976],[129.92146,32.82803],[129.92103,32.827],[129.92116,32.82534],[129.92287,32.82347],[129.92297,32.82223],[129.92413,32.82182],[129.92423,32.82078],[129.92175,32.81898],[129.92103,32.8174],[129.91894,32.81579],[129.9178,32.81372],[129.91569,32.81317],[129.91243,32.81104],[129.91032,32.81171],[129.90906,32.81034],[129.90718,32.8104],[129.90375,32.80929],[129.90098,32.80963],[129.89923,32.81054],[129.89851,32.81022],[129.89594,32.81064],[129.89336,32.8123],[129.89348,32.81099],[129.8912,32.81],[129.89036,32.80818],[129.88828,32.80805],[129.88761,32.80651],[129.8846,32.80586],[129.88408,32.80388],[129.88174,32.80501],[129.88101,32.80473],[129.88214,32.807],[129.88077,32.80827],[129.87936,32.80685],[129.87719,32.80592],[129.87559,32.80651],[129.8743,32.80632],[129.8735,32.80513],[129.87271,32.80461],[129.87202,32.80485],[129.87188,32.80434],[129.8707,32.80381],[129.87084,32.80323],[129.86998,32.80294],[129.86976,32.80153],[129.87021,32.79964],[129.86928,32.79716],[129.86812,32.79607],[129.86672,32.79735],[129.86666,32.79797],[129.86743,32.7989],[129.8666,32.79974],[129.86737,32.80261],[129.86852,32.80413],[129.86973,32.80425],[129.87016,32.8057],[129.86921,32.80633],[129.86919,32.80777],[129.86802,32.80811],[129.86772,32.80866],[129.86654,32.80819]]],[[[129.85895,32.85117],[129.86014,32.85099],[129.86027,32.85063],[129.85798,32.85019],[129.85779,32.85096],[129.85912,32.85189],[129.85895,32.85117]]],[[[129.856,32.89446],[129.85789,32.89461],[129.85821,32.8955],[129.85947,32.89564],[129.85939,32.89503],[129.85721,32.89382],[129.85666,32.89265],[129.85556,32.89366],[129.856,32.89446]]]]}},{"type":"Feature","properties":{"id":"muni-42308","name":"時津町"},"geometry":{"type":"MultiPolygon","coordinates":[[[[129.81208,32.86473],[129.81405,32.86488],[129.81334,32.86204],[129.8144,32.86169],[129.81546,32.86293],[129.81722,32.86332],[129.81738,32.86265],[129.81644,32.86146],[129.81647,32.86033],[129.81881,32.85965],[129.82101,32.85987],[129.82238,32.85816],[129.82412,32.85685],[129.82493,32.85677],[129.82411,32.85682],[129.82399,32.85598],[129.82355,32.85582],[129.8234,32.85497],[129.82427,32.85479],[129.8236,32.85488],[129.8233,32.85357],[129.82448,32.85367],[129.82449,32.85474],[129.82528,32.85548],[129.8253,32.85614],[129.82532,32.85553],[129.8328,32.8502],[129.8303,32.8482],[129.83211,32.84693],[129.83195,32.84642],[129.8322,32.84665],[129.83212,32.84706],[129.83092,32.84791],[129.83066,32.84818],[129.83362,32.84968],[129.8422,32.84374],[129.84203,32.84349],[129.8413,32.84411],[129.84053,32.84372],[129.84085,32.84296],[129.84169,32.84319],[129.84002,32.84267],[129.84035,32.84243],[129.84489,32.84385],[129.84341,32.84332],[129.8438,32.84253],[129.84073,32.84158],[129.8395,32.84043],[129.83925,32.83946],[129.83969,32.84038],[129.84075,32.841],[129.84374,32.83561],[129.84235,32.83486],[129.84526,32.83558],[129.84637,32.83364],[129.84625,32.8318],[129.84665,32.83167],[129.84706,32.83338],[129.84776,32.83262],[129.84905,32.83261],[129.84792,32.83258],[129.84786,32.83175],[129.84876,32.83168],[129.84883,32.83231],[129.84993,32.83189],[129.85057,32.83245],[129.84909,32.83599],[129.84682,32.83577],[129.84719,32.83584],[129.84904,32.84169],[129.8513,32.84182],[129.85117,32.84221],[129.85189,32.84277],[129.85154,32.84231],[129.85185,32.84171],[129.85251,32.84177],[129.8522,32.84289],[129.85461,32.84477],[129.85354,32.84557],[129.85335,32.84673],[129.85195,32.84698],[129.85167,32.8483],[129.85075,32.84787],[129.85049,32.84822],[129.8512,32.84838],[129.8518,32.84929],[129.85088,32.85119],[129.85123,32.85236],[129.84802,32.85374],[129.84891,32.85372],[129.84933,32.85429],[129.84965,32.85382],[129.8515,32.85387],[129.85102,32.85416],[129.85132,32.85452],[129.85001,32.85541],[129.8506,32.8555],[129.85101,32.85629],[129.85169,32.85614],[129.85159,32.85784],[129.85063,32.85897],[129.85105,32.85937],[129.85187,32.85908],[129.85244,32.86083],[129.85281,32.85938],[129.85208,32.85841],[129.85264,32.85508],[129.85381,32.85433],[129.85321,32.85118],[129.85367,32.84869],[129.856,32.84695],[129.85633,32.84558],[129.85727,32.84457],[129.8613,32.84158],[129.86192,32.83978],[129.86707,32.83776],[129.86771,32.83462],[129.86683,32.83325],[129.86665,32.83194],[129.86723,32.82994],[129.86848,32.82907],[129.86769,32.82816],[129.86634,32.8279],[129.86629,32.82622],[129.86449,32.82498],[129.86309,32.82429],[129.86085,32.82431],[129.8602,32.82342],[129.85773,32.82359],[129.85752,32.82269],[129.85615,32.82133],[129.85573,32.8197],[129.85483,32.81929],[129.85539,32.81787],[129.8534,32.81804],[129.85309,32.81618],[129.85242,32.8153],[129.85072,32.816],[129.84991,32.81535],[129.84971,32.8143],[129.8475,32.81479],[129.84717,32.81372],[129.84679,32.81371],[129.84727,32.81312],[129.84565,32.81144],[129.84488,32.8118],[129.84418,32.81119],[129.84202,32.81121],[129.83968,32.80967],[129.83873,32.81007],[129.83921,32.8122],[129.84025,32.81301],[129.83981,32.81323],[129.83987,32.81414],[129.84055,32.81462],[129.84019,32.81532],[129.84075,32.81588],[129.83984,32.81636],[129.84013,32.81699],[129.83916,32.81729],[129.83715,32.81651],[129.83729,32.81605],[129.83456,32.81572],[129.83367,32.81646],[129.83245,32.81634],[129.83206,32.81726],[129.82807,32.81777],[129.82547,32.81626],[129.82095,32.81484],[129.81814,32.81498],[129.81805,32.81597],[129.81692,32.81753],[129.81796,32.81913],[129.81954,32.82025],[129.81924,32.82083],[129.81956,32.82344],[129.82059,32.82522],[129.82054,32.82622],[129.81818,32.82701],[129.81828,32.82769],[129.81719,32.82862],[129.81564,32.82903],[129.81434,32.83117],[129.81422,32.83209],[129.81513,32.83299],[129.81404,32.83568],[129.80995,32.83605],[129.80808,32.83668],[129.80753,32.83835],[129.80504,32.84037],[129.8021,32.83868],[129.80252,32.83953],[129.80219,32.84004],[129.80305,32.84108],[129.80162,32.84462],[129.80192,32.84628],[129.80152,32.8466],[129.80229,32.84846],[129.80028,32.85056],[129.79998,32.85377],[129.79662,32.85487],[129.79615,32.85578],[129.79465,32.85664],[129.79382,32.85882],[129.79367,32.86247],[129.79307,32.86313],[129.79208,32.86244],[129.79108,32.86319],[129.79493,32.86727],[129.79502,32.86987],[129.79717,32.8709],[129.79637,32.86993],[129.79666,32.8695],[129.79776,32.86961],[129.79709,32.86857],[129.79793,32.86822],[129.79797,32.86774],[129.80024,32.867],[129.79949,32.86668],[129.79978,32.86603],[129.79899,32.86612],[129.79874,32.86572],[129.80025,32.86459],[129.79964,32.86476],[129.79919,32.86397],[129.8008,32.8634],[129.80177,32.86441],[129.80188,32.86335],[129.80389,32.86298],[129.80677,32.86387],[129.808,32.86366],[129.80856,32.86425],[129.80875,32.8642],[129.80846,32.8636],[129.80836,32.86323],[129.8084,32.86305],[129.80891,32.86416],[129.80926,32.86361],[129.81208,32.86473]]],[[[129.82568,32.86908],[129.8279,32.86637],[129.82766,32.86594],[129.82465,32.86732],[129.82355,32.86665],[129.82354,32.86549],[129.82184,32.86502],[129.82153,32.86633],[129.82214,32.86738],[129.82372,32.86795],[129.8242,32.86872],[129.82568,32.86908]]],[[[129.80855,32.87124],[129.80867,32.87039],[129.80948,32.86976],[129.80925,32.86895],[129.80988,32.86893],[129.81016,32.86965],[129.81132,32.86915],[129.81214,32.86953],[129.81331,32.86857],[129.81213,32.86809],[129.81195,32.86739],[129.81027,32.86627],[129.8096,32.86673],[129.80918,32.86607],[129.8079,32.86557],[129.80725,32.86609],[129.80745,32.86771],[129.80654,32.86746],[129.80612,32.86659],[129.80589,32.86724],[129.80505,32.86742],[129.80595,32.86771],[129.8061,32.86827],[129.80535,32.86866],[129.80458,32.86844],[129.80546,32.86968],[129.80469,32.8699],[129.80392,32.86918],[129.80369,32.86953],[129.80431,32.87004],[129.80436,32.87085],[129.80562,32.87049],[129.80614,32.87105],[129.80648,32.87057],[129.80855,32.87124]]],[[[129.83855,32.89159],[129.83957,32.88951],[129.83719,32.88952],[129.83682,32.89085],[129.83855,32.89159]]]]}},{"type":"Feature","properties":{"id":"muni-42321","name":"東彼杵町"},"geometry":{"type":"Polygon","coordinates":[[[129.88727,33.05894],[129.87711,33.06426],[129.87786,33.06519],[129.87601,33.0671],[129.8763,33.06766],[129.87976,33.06821],[129.87983,33.06965],[129.88078,33.07003],[129.88084,33.07096],[129.87887,33.07476],[129.88116,33.07505],[129.88223,33.07471],[129.88426,33.07594],[129.88531,33.07587],[129.8875,33.07694],[129.89198,33.07761],[129.8982,33.07589],[129.90066,33.07476],[129.90539,33.07534],[129.90993,33.07269],[129.91211,33.0743],[129.91236,33.07563],[129.91504,33.07638],[129.91637,33.07822],[129.91937,33.07806],[129.92046,33.08004],[129.9202,33.08089],[129.92124,33.08261],[129.92084,33.08345],[129.92106,33.0842],[129.92373,33.08668],[129.92261,33.08818],[129.92269,33.09006],[129.92189,33.09066],[129.92997,33.08971],[129.93349,33.08815],[129.93304,33.0859],[129.93333,33.08495],[129.93453,33.08489],[129.9355,33.08318],[129.93507,33.08134],[129.93535,33.08085],[129.93675,33.07952],[129.93794,33.07924],[129.93963,33.07792],[129.9397,33.07663],[129.93877,33.07443],[129.93946,33.07277],[129.94074,33.07277],[129.94255,33.07157],[129.94576,33.07172],[129.94712,33.06969],[129.94942,33.06918],[129.9505,33.06765],[129.95189,33.06738],[129.95424,33.06597],[129.96197,33.06461],[129.9627,33.06404],[129.96387,33.0644],[129.96522,33.0634],[129.96629,33.06326],[129.96685,33.06236],[129.96782,33.06195],[129.96881,33.06283],[129.9719,33.06013],[129.97363,33.06097],[129.97505,33.05915],[129.97845,33.05726],[129.97967,33.05703],[129.98024,33.05816],[129.98086,33.05814],[129.98111,33.05758],[129.98262,33.05731],[129.98426,33.05601],[129.98432,33.0553],[129.98632,33.05355],[129.9876,33.05126],[129.99057,33.05047],[129.99205,33.04807],[129.99349,33.04727],[129.99278,33.04015],[129.99344,33.03968],[129.99303,33.03901],[129.99419,33.03681],[129.99733,33.03468],[129.99822,33.03291],[129.9995,33.03229],[130.00023,33.03048],[129.99915,33.02944],[130.00104,33.0261],[130.00568,33.02493],[130.0082,33.01915],[130.00937,33.01904],[130.01094,33.01978],[130.01512,33.01758],[130.01628,33.01767],[130.01862,33.01924],[130.02165,33.01954],[130.02346,33.02036],[130.02426,33.02201],[130.02478,33.02099],[130.02768,33.02032],[130.02918,33.01898],[130.02923,33.01844],[130.02831,33.01756],[130.0296,33.016],[130.02811,33.01254],[130.03196,33.01005],[130.03325,33.01009],[130.03475,33.00903],[130.03815,33.00872],[130.0399,33.00743],[130.04116,33.00494],[130.04292,33.00399],[130.03948,33.00358],[130.03804,33.00261],[130.03787,33.0015],[130.03588,33.00093],[130.03506,33.00023],[130.03271,33.0003],[130.03065,32.99886],[130.02813,32.99948],[130.02675,32.99911],[130.0226,32.9942],[130.02139,32.99387],[130.0195,32.99422],[130.01748,32.99366],[130.01659,32.99169],[130.01529,32.99102],[130.01466,32.99417],[130.01595,32.99713],[130.0123,32.99836],[130.01028,32.99965],[130.00912,32.9991],[130.00804,32.99778],[130.00605,32.99747],[130.00556,32.99687],[130.00341,32.99773],[130.00178,32.99624],[129.99547,32.99507],[129.99502,32.99353],[129.99347,32.99339],[129.99266,32.992],[129.98987,32.99159],[129.9874,32.98976],[129.98677,32.98891],[129.98672,32.98729],[129.98494,32.98714],[129.98323,32.98842],[129.98135,32.98875],[129.98039,32.98696],[129.9729,32.98624],[129.96891,32.98457],[129.96794,32.9847],[129.96729,32.98346],[129.96331,32.9836],[129.96152,32.98618],[129.96206,32.98795],[129.96076,32.98799],[129.9596,32.9887],[129.9596,32.99085],[129.95917,32.99171],[129.95704,32.99217],[129.95447,32.9907],[129.95108,32.99003],[129.94972,32.99018],[129.94946,32.99072],[129.94824,32.99112],[129.94821,32.99593],[129.94695,32.99732],[129.94438,32.99864],[129.94416,32.99956],[129.94648,33.00273],[129.94599,33.00323],[129.94725,33.00413],[129.94592,33.00349],[129.94562,33.00417],[129.94397,33.00507],[129.94392,33.00663],[129.94581,33.00668],[129.94699,33.00735],[129.94471,33.00914],[129.94459,33.01129],[129.94591,33.01399],[129.94548,33.01444],[129.94576,33.01525],[129.94508,33.01614],[129.93616,33.02176],[129.93527,33.02306],[129.9346,33.02312],[129.93537,33.0231],[129.93592,33.02259],[129.93565,33.02301],[129.93623,33.02327],[129.93434,33.02349],[129.93476,33.02381],[129.93384,33.02392],[129.93339,33.02464],[129.93418,33.02404],[129.93403,33.0248],[129.93232,33.02664],[129.92907,33.02775],[129.9267,33.02982],[129.92407,33.03345],[129.92081,33.03386],[129.9191,33.03347],[129.91879,33.03274],[129.91755,33.03246],[129.91716,33.03379],[129.91626,33.03443],[129.9137,33.03537],[129.91226,33.03508],[129.91142,33.03578],[129.91259,33.03527],[129.91444,33.03552],[129.91497,33.03592],[129.91369,33.03564],[129.91263,33.03639],[129.91278,33.03671],[129.91137,33.03798],[129.91168,33.03848],[129.9111,33.03815],[129.90841,33.03948],[129.90794,33.03869],[129.90737,33.03892],[129.90782,33.03966],[129.90668,33.04014],[129.90571,33.03861],[129.90446,33.03918],[129.90407,33.04161],[129.90322,33.0422],[129.9016,33.04614],[129.9019,33.04821],[129.9012,33.04929],[129.8993,33.0504],[129.89676,33.05104],[129.89656,33.05272],[129.89458,33.05415],[129.89321,33.05659],[129.89184,33.05672],[129.89196,33.0571],[129.89121,33.05693],[129.89132,33.05727],[129.89052,33.05748],[129.88981,33.05717],[129.89046,33.057],[129.8902,33.05653],[129.89113,33.05636],[129.88825,33.05686],[129.88787,33.05793],[129.88709,33.05816],[129.88727,33.05894]]]}},{"type":"Feature","properties":{"id":"muni-42322","name":"川棚町"},"geometry":{"type":"MultiPolygon","coordinates":[[[[129.81894,33.05374],[129.81826,33.05219],[129.81905,33.05193],[129.82002,33.05234],[129.8198,33.05168],[129.81816,33.05028],[129.81791,33.04934],[129.81613,33.04838],[129.81613,33.04958],[129.81745,33.05089],[129.81701,33.05279],[129.81844,33.05376],[129.81894,33.05374]]],[[[129.81812,33.05986],[129.81831,33.06011],[129.8189,33.05997],[129.81868,33.05979],[129.81812,33.05986]]],[[[129.83072,33.06136],[129.8308,33.06102],[129.83057,33.06106],[129.83072,33.06136]]],[[[129.82026,33.03839],[129.81977,33.04218],[129.8212,33.04442],[129.82143,33.04713],[129.82222,33.04938],[129.82668,33.05312],[129.82641,33.0536],[129.82433,33.0538],[129.82109,33.05285],[129.82011,33.05386],[129.8211,33.05562],[129.82186,33.05597],[129.82289,33.05544],[129.82331,33.05723],[129.82512,33.05596],[129.82494,33.05527],[129.82558,33.05498],[129.82587,33.05415],[129.82714,33.05406],[129.82813,33.05511],[129.82756,33.05578],[129.82969,33.05481],[129.8305,33.05548],[129.832,33.05559],[129.83252,33.05622],[129.83443,33.05612],[129.83536,33.05753],[129.83734,33.05829],[129.83765,33.05921],[129.83541,33.06198],[129.83354,33.06283],[129.83265,33.06219],[129.83132,33.0634],[129.8321,33.06404],[129.83122,33.06348],[129.82939,33.06381],[129.82864,33.06295],[129.82814,33.06395],[129.82783,33.06354],[129.82837,33.06281],[129.82783,33.06244],[129.82837,33.06222],[129.82769,33.06199],[129.82711,33.06386],[129.82493,33.06534],[129.82556,33.06582],[129.82591,33.067],[129.82521,33.06742],[129.8232,33.0679],[129.82214,33.06732],[129.82182,33.06613],[129.82024,33.06578],[129.82044,33.06704],[129.8193,33.06662],[129.81923,33.06587],[129.81562,33.06582],[129.81713,33.06509],[129.8177,33.0641],[129.82051,33.06435],[129.82121,33.06287],[129.82011,33.0621],[129.81953,33.06097],[129.81743,33.06298],[129.81616,33.06297],[129.8157,33.06355],[129.81413,33.06388],[129.81451,33.06609],[129.81342,33.06742],[129.81201,33.06814],[129.80912,33.06852],[129.8058,33.06818],[129.80467,33.06784],[129.80405,33.06702],[129.80369,33.06862],[129.80596,33.07055],[129.80801,33.06988],[129.81115,33.07023],[129.81208,33.07145],[129.81364,33.07234],[129.81441,33.07244],[129.81515,33.07157],[129.81622,33.07148],[129.81831,33.07373],[129.81871,33.07537],[129.81985,33.07705],[129.821,33.07637],[129.82226,33.07636],[129.82449,33.0772],[129.8274,33.07523],[129.83078,33.07415],[129.83188,33.07547],[129.83436,33.07672],[129.83716,33.07714],[129.83858,33.07839],[129.83974,33.08035],[129.84001,33.08212],[129.83931,33.08435],[129.84151,33.08533],[129.84195,33.08697],[129.84676,33.09054],[129.84687,33.09204],[129.84449,33.0942],[129.84279,33.09959],[129.84569,33.10031],[129.84609,33.10106],[129.84592,33.10291],[129.8478,33.10325],[129.8507,33.10536],[129.8542,33.10671],[129.85941,33.10592],[129.8637,33.10749],[129.86546,33.10688],[129.86702,33.10704],[129.86649,33.10616],[129.86375,33.10616],[129.86371,33.10469],[129.86516,33.10373],[129.86719,33.10419],[129.8702,33.10246],[129.87172,33.10257],[129.87373,33.10162],[129.87688,33.10135],[129.87842,33.10219],[129.87913,33.10337],[129.88097,33.10415],[129.88392,33.1037],[129.88462,33.10313],[129.88893,33.10353],[129.89507,33.10655],[129.89789,33.10627],[129.90469,33.1077],[129.90979,33.10971],[129.91293,33.10958],[129.91437,33.10812],[129.9182,33.10897],[129.91974,33.10881],[129.92009,33.10773],[129.92194,33.1066],[129.92531,33.10572],[129.92685,33.10206],[129.92578,33.10038],[129.92638,33.09806],[129.92508,33.09735],[129.92427,33.094],[129.92322,33.09354],[129.92339,33.09252],[129.92269,33.09063],[129.92185,33.09059],[129.92269,33.09006],[129.92261,33.08818],[129.92373,33.08668],[129.92106,33.0842],[129.92084,33.08345],[129.92124,33.08261],[129.91928,33.07799],[129.91637,33.07822],[129.91504,33.07638],[129.91236,33.07563],[129.91211,33.0743],[129.90993,33.07269],[129.90539,33.07534],[129.90066,33.07476],[129.8982,33.07589],[129.89198,33.07761],[129.8875,33.07694],[129.88531,33.07587],[129.88426,33.07594],[129.88223,33.07471],[129.88116,33.07505],[129.87887,33.07476],[129.88084,33.07096],[129.88078,33.07003],[129.87983,33.06965],[129.87976,33.06821],[129.87613,33.06756],[129.8765,33.06628],[129.87794,33.06499],[129.87711,33.06426],[129.87533,33.06544],[129.87433,33.06554],[129.87431,33.06607],[129.87404,33.06635],[129.87428,33.06554],[129.87374,33.06358],[129.87344,33.06308],[129.87299,33.06277],[129.87364,33.06348],[129.87389,33.06494],[129.87072,33.06507],[129.87133,33.06294],[129.87118,33.06334],[129.86955,33.06306],[129.86869,33.0633],[129.86784,33.06322],[129.86954,33.06302],[129.86907,33.06139],[129.86669,33.06099],[129.8663,33.06063],[129.8665,33.06],[129.8643,33.05952],[129.86333,33.0627],[129.86294,33.0625],[129.86349,33.06381],[129.86283,33.06564],[129.86111,33.06768],[129.86015,33.06751],[129.86189,33.06511],[129.86233,33.06316],[129.86082,33.06139],[129.85876,33.06085],[129.86077,33.06144],[129.8617,33.06289],[129.86028,33.06317],[129.85824,33.0626],[129.85861,33.06167],[129.85993,33.06198],[129.85868,33.06141],[129.85778,33.06371],[129.8576,33.06316],[129.85455,33.0624],[129.85348,33.06038],[129.85087,33.05904],[129.85084,33.05819],[129.85202,33.0588],[129.85031,33.05718],[129.85041,33.05564],[129.84982,33.05562],[129.84905,33.05666],[129.84854,33.05617],[129.84904,33.05554],[129.84867,33.0542],[129.8478,33.05368],[129.84603,33.05386],[129.84495,33.05316],[129.84519,33.05196],[129.84478,33.05171],[129.84409,33.05006],[129.84429,33.05039],[129.84413,33.05002],[129.84513,33.04864],[129.84477,33.04794],[129.84275,33.04789],[129.84246,33.04897],[129.84182,33.0488],[129.84246,33.049],[129.84371,33.05113],[129.8426,33.05143],[129.84212,33.05268],[129.84128,33.05285],[129.8421,33.05275],[129.84311,33.05361],[129.84311,33.05423],[129.84163,33.05632],[129.83959,33.05646],[129.83702,33.05398],[129.83798,33.05105],[129.83758,33.05011],[129.83646,33.04977],[129.83695,33.04879],[129.83651,33.04824],[129.83586,33.04852],[129.8356,33.04955],[129.83425,33.0502],[129.83284,33.04936],[129.83444,33.04579],[129.83278,33.04363],[129.83304,33.04093],[129.83174,33.03895],[129.82956,33.03813],[129.82752,33.03657],[129.82628,33.0365],[129.82671,33.03616],[129.82487,33.03648],[129.82438,33.03574],[129.82346,33.03689],[129.82256,33.03681],[129.82254,33.03645],[129.82183,33.03669],[129.82026,33.03839]]]]}},{"type":"Feature","properties":{"id":"muni-42323","name":"波佐見町"},"geometry":{"type":"Polygon","coordinates":[[[129.89507,33.10655],[129.88893,33.10353],[129.88545,33.1031],[129.88392,33.1037],[129.88212,33.10368],[129.88136,33.10424],[129.87913,33.10337],[129.8773,33.10145],[129.87572,33.10134],[129.87373,33.10162],[129.87172,33.10257],[129.8702,33.10246],[129.86719,33.10419],[129.86516,33.10373],[129.86371,33.10469],[129.86375,33.10616],[129.86649,33.10616],[129.86702,33.10704],[129.86546,33.10688],[129.8637,33.10749],[129.85941,33.10592],[129.8542,33.10671],[129.8507,33.10536],[129.8478,33.10325],[129.84592,33.10291],[129.84631,33.10433],[129.84544,33.10621],[129.84578,33.10702],[129.84433,33.10772],[129.84453,33.10882],[129.84374,33.11075],[129.8449,33.11387],[129.84425,33.11498],[129.84465,33.11754],[129.84397,33.11888],[129.84506,33.12252],[129.84581,33.12285],[129.84599,33.12478],[129.84788,33.12769],[129.8476,33.12999],[129.84835,33.13142],[129.85005,33.1328],[129.85049,33.13443],[129.85017,33.13622],[129.84922,33.13754],[129.84911,33.13969],[129.84976,33.14071],[129.84939,33.1422],[129.85057,33.14402],[129.85301,33.14428],[129.85293,33.14522],[129.85383,33.146],[129.85604,33.14607],[129.8566,33.14744],[129.85547,33.14862],[129.85634,33.15103],[129.85616,33.15196],[129.85855,33.15379],[129.85892,33.15469],[129.85858,33.15578],[129.86024,33.15558],[129.86226,33.15653],[129.86392,33.15638],[129.86553,33.15742],[129.86504,33.15803],[129.86586,33.1585],[129.86838,33.15823],[129.86769,33.1592],[129.86971,33.16084],[129.8693,33.16328],[129.87048,33.16497],[129.8715,33.16428],[129.87693,33.16483],[129.87763,33.16293],[129.87877,33.16178],[129.87998,33.16139],[129.8811,33.16151],[129.88163,33.16255],[129.88214,33.16231],[129.88257,33.16273],[129.8832,33.16199],[129.88463,33.16155],[129.88633,33.16185],[129.88667,33.15984],[129.88756,33.15961],[129.88756,33.15629],[129.8884,33.15625],[129.8887,33.15687],[129.89012,33.15604],[129.89055,33.15636],[129.89082,33.15843],[129.89142,33.15888],[129.89357,33.15792],[129.89522,33.15958],[129.8969,33.15933],[129.89688,33.15867],[129.8987,33.15798],[129.9019,33.15834],[129.90258,33.15783],[129.90369,33.15844],[129.90578,33.15786],[129.9101,33.16116],[129.91136,33.16132],[129.91141,33.16212],[129.91423,33.16267],[129.91469,33.1618],[129.91698,33.16097],[129.91692,33.16026],[129.91757,33.1598],[129.9191,33.16145],[129.91978,33.16142],[129.92008,33.16218],[129.92155,33.16159],[129.92292,33.16172],[129.92373,33.16307],[129.92521,33.16283],[129.92536,33.16365],[129.92624,33.16337],[129.92765,33.16404],[129.93088,33.16394],[129.93484,33.16319],[129.9381,33.16483],[129.93874,33.16565],[129.94125,33.16408],[129.94197,33.16391],[129.94328,33.1645],[129.94186,33.16159],[129.94209,33.16092],[129.94122,33.15824],[129.94337,33.1544],[129.94349,33.15106],[129.94507,33.14818],[129.94484,33.1463],[129.94555,33.14563],[129.94574,33.14418],[129.94653,33.14416],[129.94748,33.14324],[129.94757,33.14214],[129.94842,33.14085],[129.94808,33.13806],[129.94938,33.13734],[129.94958,33.13675],[129.94904,33.13605],[129.94898,33.13375],[129.9505,33.13306],[129.9513,33.13202],[129.95351,33.13242],[129.95467,33.13048],[129.95542,33.13016],[129.95649,33.12744],[129.95631,33.12047],[129.95666,33.11824],[129.9553,33.11666],[129.95467,33.11428],[129.95245,33.11242],[129.95144,33.11009],[129.94937,33.11034],[129.94884,33.11082],[129.94745,33.11038],[129.94587,33.11148],[129.94276,33.11173],[129.94052,33.1129],[129.937,33.1124],[129.93503,33.11102],[129.93299,33.11126],[129.93023,33.10926],[129.92978,33.10763],[129.92852,33.10719],[129.92662,33.10767],[129.92581,33.10709],[129.92526,33.10575],[129.92194,33.1066],[129.92009,33.10773],[129.91974,33.10881],[129.9182,33.10897],[129.91437,33.10812],[129.91293,33.10958],[129.90979,33.10971],[129.90469,33.1077],[129.89789,33.10627],[129.89507,33.10655]]]}},{"type":"Feature","properties":{"id":"muni-42383","name":"小値賀町"},"geometry":{"type":"MultiPolygon","coordinates":[[[[128.89543,33.15355],[128.89683,33.15403],[128.89705,33.15549],[128.89802,33.15579],[128.8976,33.15729],[128.89857,33.1571],[128.89944,33.1552],[128.90062,33.15436],[128.90101,33.15528],[128.902,33.15579],[128.90268,33.15509],[128.90373,33.15499],[128.90351,33.15456],[128.90401,33.15421],[128.90297,33.15341],[128.90076,33.15288],[128.89907,33.15316],[128.89804,33.15241],[128.89829,33.15087],[128.89928,33.15022],[128.8989,33.14986],[128.89737,33.15005],[128.89691,33.15208],[128.89735,33.15241],[128.89633,33.15256],[128.89649,33.1532],[128.89543,33.15355]]],[[[129.01678,33.17024],[129.01763,33.17034],[129.0185,33.1713],[129.02005,33.17133],[129.02129,33.17302],[129.02103,33.17374],[129.02245,33.17426],[129.02171,33.17478],[129.0221,33.17532],[129.02343,33.17481],[129.02433,33.17549],[129.02508,33.17502],[129.02404,33.17502],[129.02499,33.17403],[129.02569,33.17437],[129.02527,33.17482],[129.02587,33.17474],[129.02519,33.17538],[129.02575,33.17513],[129.02596,33.17473],[129.0257,33.17366],[129.02608,33.17321],[129.02619,33.17368],[129.0263,33.17257],[129.0271,33.17186],[129.02667,33.17123],[129.02692,33.16916],[129.02647,33.16843],[129.02525,33.16817],[129.02604,33.16729],[129.02496,33.16717],[129.02466,33.16801],[129.02246,33.16688],[129.02238,33.16621],[129.02352,33.16589],[129.02334,33.16506],[129.02367,33.16507],[129.02254,33.16411],[129.01981,33.16446],[129.0188,33.16531],[129.01813,33.16497],[129.01731,33.1655],[129.01678,33.16521],[129.01717,33.16416],[129.01655,33.16424],[129.01708,33.16398],[129.01637,33.1642],[129.01582,33.16531],[129.01626,33.1654],[129.0164,33.16627],[129.01557,33.16713],[129.01581,33.16775],[129.01686,33.16748],[129.01651,33.16822],[129.0169,33.16807],[129.01672,33.16854],[129.01709,33.1687],[129.01678,33.17024]]],[[[128.89435,33.16744],[128.894,33.16791],[128.89476,33.16794],[128.89464,33.16834],[128.89516,33.16792],[128.89519,33.16884],[128.89605,33.16779],[128.89696,33.1689],[128.89847,33.16915],[128.89879,33.16951],[128.89832,33.16978],[128.89969,33.16971],[128.89995,33.17035],[128.89943,33.17205],[128.90053,33.17331],[128.90003,33.17332],[128.90013,33.17381],[128.9015,33.17382],[128.90146,33.17423],[128.90343,33.17359],[128.90283,33.17333],[128.90333,33.17277],[128.90246,33.17164],[128.90299,33.17113],[128.90248,33.17092],[128.9028,33.16879],[128.90342,33.16819],[128.90265,33.16763],[128.90423,33.16655],[128.90321,33.16611],[128.9031,33.16665],[128.90273,33.16681],[128.89961,33.16659],[128.89906,33.16702],[128.89681,33.16691],[128.89435,33.16744]]],[[[129.03412,33.17461],[129.03626,33.17388],[129.03722,33.17447],[129.03815,33.17433],[129.03869,33.17415],[129.03872,33.17344],[129.03985,33.1738],[129.04019,33.17291],[129.03864,33.1714],[129.03762,33.17174],[129.03752,33.17266],[129.03653,33.17333],[129.03577,33.17314],[129.03577,33.1721],[129.03543,33.17279],[129.0343,33.17168],[129.0338,33.17245],[129.03343,33.17254],[129.0336,33.17215],[129.03263,33.17266],[129.03412,33.17461]]],[[[129.01161,33.17958],[129.0102,33.17939],[129.01015,33.17953],[129.01105,33.17998],[129.01161,33.17958]]],[[[129.01545,33.17885],[129.01479,33.17905],[129.01524,33.17951],[129.01452,33.17949],[129.01456,33.18019],[129.01366,33.18094],[129.01533,33.18119],[129.0153,33.18218],[129.01646,33.1826],[129.01717,33.18378],[129.01683,33.1847],[129.01751,33.18469],[129.01882,33.18304],[129.01944,33.18341],[129.01917,33.18398],[129.02038,33.18484],[129.0206,33.18451],[129.02065,33.18494],[129.02278,33.18495],[129.02346,33.1846],[129.02293,33.18409],[129.02367,33.18344],[129.02346,33.18303],[129.02445,33.18294],[129.02469,33.18214],[129.02522,33.18221],[129.02513,33.1805],[129.0234,33.17949],[129.02327,33.17885],[129.02295,33.17944],[129.02116,33.17919],[129.02114,33.17964],[129.01967,33.17946],[129.01945,33.17986],[129.01914,33.17932],[129.01963,33.17939],[129.01935,33.17913],[129.02022,33.17868],[129.01949,33.17894],[129.01842,33.1797],[129.01751,33.17956],[129.0175,33.1789],[129.01714,33.17943],[129.01545,33.17885]]],[[[129.03111,33.18985],[129.03201,33.18911],[129.03107,33.18876],[129.03154,33.18803],[129.03121,33.18747],[129.0304,33.18745],[129.03005,33.18635],[129.02842,33.18612],[129.02771,33.18739],[129.02817,33.18895],[129.02865,33.18884],[129.02935,33.18953],[129.03019,33.18931],[129.02956,33.18994],[129.0297,33.19083],[129.03037,33.18974],[129.03111,33.18985]]],[[[128.97955,33.18706],[128.97897,33.18752],[128.97917,33.18795],[128.97867,33.18804],[128.97919,33.18871],[128.97903,33.1894],[128.98014,33.18994],[128.98048,33.18935],[128.98062,33.18987],[128.98191,33.18977],[128.9816,33.19021],[128.98264,33.19005],[128.98188,33.1909],[128.98259,33.19087],[128.98252,33.19154],[128.98365,33.19255],[128.98309,33.19264],[128.98397,33.19345],[128.98601,33.19333],[128.98722,33.19401],[128.98737,33.19353],[128.98842,33.19342],[128.98859,33.1938],[128.99008,33.19341],[128.99071,33.19372],[128.99303,33.19112],[128.99443,33.19088],[128.99366,33.18923],[128.99297,33.18913],[128.99356,33.18813],[128.99259,33.18776],[128.99196,33.18646],[128.99058,33.18701],[128.99106,33.18837],[128.99034,33.18914],[128.98904,33.18867],[128.9865,33.18893],[128.98598,33.18826],[128.9862,33.18791],[128.98525,33.18806],[128.98521,33.18719],[128.98412,33.18776],[128.98346,33.18758],[128.98237,33.18539],[128.9811,33.18546],[128.98068,33.18498],[128.97957,33.18636],[128.97894,33.18635],[128.97884,33.18677],[128.97955,33.18706]]],[[[128.92657,33.19496],[128.9306,33.19389],[128.93048,33.19341],[128.9294,33.19307],[128.92991,33.19237],[128.9297,33.19097],[128.93052,33.19044],[128.9297,33.18972],[128.92608,33.19032],[128.92596,33.19131],[128.92476,33.192],[128.92593,33.19156],[128.92606,33.19247],[128.92646,33.19252],[128.92635,33.19314],[128.92678,33.19344],[128.92571,33.1946],[128.92652,33.19431],[128.92657,33.19496]]],[[[128.92352,33.20059],[128.92406,33.20018],[128.92405,33.19991],[128.92319,33.2003],[128.92352,33.20059]]],[[[129.00992,33.20361],[129.0106,33.20383],[129.01041,33.20318],[129.00872,33.20312],[129.00904,33.20378],[129.00986,33.20402],[129.00992,33.20361]]],[[[129.07396,33.18341],[129.07165,33.18346],[129.07262,33.18421],[129.07251,33.18458],[129.0753,33.18513],[129.07587,33.18282],[129.07396,33.18341]]],[[[129.12012,33.19716],[129.11711,33.20097],[129.1153,33.20466],[129.11508,33.20815],[129.11824,33.21166],[129.12289,33.21385],[129.12596,33.21202],[129.12892,33.20681],[129.12963,33.20667],[129.12962,33.20552],[129.13288,33.20252],[129.13348,33.20267],[129.13423,33.20382],[129.13568,33.20356],[129.13616,33.20182],[129.13538,33.20081],[129.13415,33.20051],[129.13397,33.19987],[129.1343,33.19966],[129.13399,33.19833],[129.13459,33.19721],[129.13605,33.19632],[129.13666,33.19518],[129.13833,33.19513],[129.13878,33.19606],[129.13836,33.19441],[129.139,33.19316],[129.13969,33.19306],[129.14095,33.19453],[129.14178,33.19446],[129.14371,33.19233],[129.14255,33.18836],[129.14285,33.18716],[129.14238,33.18656],[129.14069,33.18819],[129.13908,33.18814],[129.14007,33.18857],[129.13941,33.18895],[129.13983,33.18902],[129.13957,33.18949],[129.13915,33.1886],[129.13845,33.18966],[129.13799,33.18894],[129.13861,33.1879],[129.13774,33.18868],[129.13689,33.18823],[129.13512,33.18829],[129.13146,33.18549],[129.13222,33.18284],[129.13129,33.18211],[129.13129,33.18072],[129.13205,33.1796],[129.13305,33.17934],[129.13263,33.17906],[129.13331,33.17863],[129.13397,33.17603],[129.13372,33.17541],[129.13451,33.17421],[129.13449,33.17306],[129.13367,33.17281],[129.13404,33.17024],[129.13379,33.16948],[129.13286,33.16917],[129.13278,33.16836],[129.13433,33.16756],[129.13497,33.16643],[129.13251,33.16502],[129.13505,33.16351],[129.13358,33.16325],[129.13297,33.16226],[129.13248,33.16239],[129.13313,33.16144],[129.13253,33.16119],[129.13301,33.1601],[129.13281,33.15962],[129.13239,33.15972],[129.1326,33.15867],[129.13046,33.15958],[129.12963,33.1608],[129.12713,33.16118],[129.12401,33.16303],[129.12478,33.16738],[129.12383,33.16847],[129.12427,33.16843],[129.12385,33.16903],[129.12418,33.16927],[129.12338,33.1694],[129.12397,33.16963],[129.1238,33.17197],[129.12297,33.1737],[129.12151,33.17404],[129.12199,33.17439],[129.12133,33.17463],[129.1213,33.17584],[129.1196,33.17892],[129.12085,33.18184],[129.12116,33.18509],[129.12277,33.1869],[129.12426,33.18765],[129.12394,33.18801],[129.12453,33.18799],[129.12464,33.18889],[129.12265,33.19119],[129.12275,33.1918],[129.12156,33.19273],[129.12251,33.19417],[129.12075,33.19505],[129.1208,33.196],[129.11984,33.19635],[129.12012,33.19716]]],[[[129.0428,33.18828],[129.04186,33.18772],[129.04193,33.18719],[129.04052,33.18763],[129.03904,33.18729],[129.04117,33.18858],[129.04239,33.18878],[129.0428,33.18828]]],[[[129.09103,33.19566],[129.09061,33.19631],[129.09067,33.19647],[129.09131,33.19595],[129.09103,33.19566]]],[[[129.01422,33.20019],[129.01238,33.20093],[129.01274,33.20228],[129.01216,33.20251],[129.01197,33.20337],[129.01312,33.20494],[129.01371,33.2051],[129.01193,33.20668],[129.01309,33.20729],[129.0152,33.21042],[129.01428,33.21243],[129.0147,33.21313],[129.01657,33.21231],[129.01668,33.21206],[129.01657,33.21183],[129.01659,33.21164],[129.0167,33.21207],[129.01659,33.21231],[129.01673,33.2125],[129.01797,33.21287],[129.01893,33.21132],[129.02,33.21088],[129.02183,33.21121],[129.02206,33.21255],[129.02163,33.21279],[129.02221,33.21269],[129.02186,33.213],[129.02224,33.21319],[129.0234,33.21349],[129.024,33.21284],[129.02555,33.2128],[129.02527,33.21231],[129.02567,33.21256],[129.02559,33.21208],[129.02639,33.21141],[129.02657,33.21009],[129.02617,33.20984],[129.02688,33.20912],[129.02681,33.20821],[129.02862,33.20602],[129.02736,33.20669],[129.02748,33.20732],[129.02686,33.20736],[129.02676,33.20669],[129.02681,33.20736],[129.02649,33.20715],[129.02601,33.20775],[129.02607,33.20672],[129.02649,33.20673],[129.02608,33.20643],[129.02651,33.20639],[129.02611,33.20606],[129.02695,33.20636],[129.02698,33.20551],[129.02692,33.2059],[129.02612,33.20587],[129.02619,33.20472],[129.02709,33.20465],[129.02727,33.2056],[129.02714,33.20463],[129.02749,33.20457],[129.02771,33.20561],[129.02782,33.20379],[129.02938,33.20205],[129.03043,33.20229],[129.03055,33.20295],[129.03117,33.20293],[129.03265,33.20484],[129.03362,33.2041],[129.03458,33.2043],[129.03447,33.20344],[129.03531,33.20363],[129.03547,33.20279],[129.03639,33.2032],[129.03613,33.20524],[129.03474,33.20553],[129.03459,33.20665],[129.03562,33.20789],[129.03655,33.20802],[129.03616,33.20875],[129.03643,33.20956],[129.03806,33.20963],[129.03858,33.21105],[129.04018,33.21061],[129.03942,33.20981],[129.03974,33.20869],[129.03906,33.20824],[129.03895,33.20674],[129.04005,33.20644],[129.04118,33.20514],[129.04338,33.20482],[129.04319,33.20585],[129.04264,33.20595],[129.04266,33.20712],[129.04151,33.20729],[129.04256,33.20717],[129.0425,33.20774],[129.04106,33.20795],[129.04228,33.20806],[129.04204,33.2087],[129.04243,33.20971],[129.04524,33.21205],[129.04668,33.21188],[129.04781,33.2137],[129.04781,33.21485],[129.04725,33.21525],[129.04497,33.2152],[129.04583,33.21891],[129.04677,33.21936],[129.04909,33.21603],[129.05169,33.21722],[129.05131,33.21848],[129.05263,33.21885],[129.05262,33.21937],[129.05341,33.21981],[129.05347,33.2193],[129.05402,33.21932],[129.05396,33.21857],[129.05523,33.21961],[129.05708,33.21963],[129.05679,33.21917],[129.05754,33.21925],[129.05773,33.21832],[129.05825,33.21829],[129.05751,33.21774],[129.05743,33.2165],[129.05637,33.21698],[129.05417,33.21578],[129.0561,33.21563],[129.0558,33.21533],[129.05675,33.21522],[129.05711,33.21478],[129.05627,33.21524],[129.05435,33.21496],[129.05364,33.214],[129.05428,33.21206],[129.05678,33.21163],[129.05521,33.21056],[129.05566,33.21003],[129.0563,33.21076],[129.05714,33.21039],[129.05773,33.21066],[129.05731,33.21134],[129.05792,33.21057],[129.05958,33.21061],[129.05936,33.20983],[129.0614,33.21031],[129.06075,33.21],[129.06021,33.20911],[129.06143,33.2095],[129.06319,33.20874],[129.06402,33.20957],[129.06528,33.20967],[129.06488,33.20909],[129.06614,33.208],[129.06783,33.20768],[129.06787,33.20714],[129.06722,33.20692],[129.06757,33.2067],[129.06914,33.20784],[129.06914,33.20901],[129.06865,33.20952],[129.06878,33.21095],[129.06938,33.21144],[129.0709,33.21175],[129.07203,33.21101],[129.07308,33.21127],[129.07322,33.21087],[129.07406,33.2118],[129.07499,33.21197],[129.07509,33.21145],[129.07592,33.21134],[129.07677,33.21183],[129.0803,33.21007],[129.08094,33.21044],[129.08079,33.21112],[129.08175,33.21227],[129.08209,33.21182],[129.08121,33.2112],[129.08124,33.21067],[129.08201,33.2104],[129.08207,33.21062],[129.08217,33.21084],[129.08204,33.21045],[129.08255,33.21028],[129.0821,33.21098],[129.08292,33.21152],[129.08262,33.21262],[129.08394,33.21166],[129.08512,33.21345],[129.08511,33.21284],[129.08555,33.21283],[129.08694,33.21362],[129.08741,33.21486],[129.08887,33.21534],[129.09113,33.21449],[129.09121,33.21397],[129.09206,33.21432],[129.09195,33.21517],[129.09227,33.21474],[129.09264,33.21498],[129.09247,33.21577],[129.09411,33.21581],[129.09619,33.21434],[129.09641,33.21562],[129.09695,33.21585],[129.09805,33.21518],[129.09849,33.21164],[129.09953,33.21225],[129.09989,33.21174],[129.09915,33.21012],[129.09798,33.20922],[129.09746,33.20827],[129.09768,33.20778],[129.09604,33.20687],[129.09355,33.20738],[129.09324,33.20802],[129.09268,33.20757],[129.09279,33.20816],[129.09226,33.20845],[129.092,33.20898],[129.09141,33.20931],[129.09135,33.20955],[129.09256,33.20884],[129.09226,33.20928],[129.09285,33.2095],[129.09213,33.21],[129.09182,33.2097],[129.0925,33.21054],[129.09168,33.21084],[129.08571,33.20956],[129.08493,33.2085],[129.08549,33.20759],[129.08418,33.20822],[129.08436,33.20926],[129.08356,33.20971],[129.0803,33.20856],[129.08226,33.2078],[129.08208,33.20747],[129.08278,33.20719],[129.08281,33.20692],[129.08175,33.20757],[129.08152,33.20716],[129.08118,33.20729],[129.0817,33.20759],[129.08028,33.20841],[129.07984,33.20823],[129.07997,33.20766],[129.08059,33.20752],[129.08044,33.20667],[129.08087,33.20667],[129.08016,33.20635],[129.0803,33.20585],[129.08081,33.20589],[129.0812,33.20677],[129.08108,33.20633],[129.08227,33.206],[129.08334,33.20673],[129.08205,33.20577],[129.08066,33.20507],[129.08224,33.20295],[129.08201,33.20165],[129.08268,33.20056],[129.08249,33.19987],[129.0832,33.1996],[129.08399,33.19889],[129.08241,33.19986],[129.08134,33.19929],[129.08218,33.19952],[129.08314,33.19866],[129.08354,33.19891],[129.083,33.19847],[129.08219,33.19851],[129.08152,33.19745],[129.08211,33.19612],[129.08306,33.19568],[129.08456,33.1966],[129.08528,33.19594],[129.08773,33.19623],[129.08873,33.1958],[129.08934,33.1947],[129.09019,33.19472],[129.09038,33.19405],[129.09141,33.19434],[129.09182,33.19529],[129.09414,33.19426],[129.09372,33.19317],[129.09477,33.19313],[129.0945,33.1926],[129.09496,33.19158],[129.09396,33.19052],[129.09338,33.19121],[129.09305,33.19076],[129.09159,33.19156],[129.09166,33.18979],[129.09128,33.18924],[129.09046,33.18917],[129.09026,33.18778],[129.08965,33.18763],[129.08909,33.18646],[129.08927,33.18564],[129.08778,33.18559],[129.08697,33.18666],[129.08647,33.18653],[129.08666,33.18765],[129.08598,33.1886],[129.08444,33.18796],[129.08365,33.18993],[129.08164,33.18968],[129.08044,33.19083],[129.07901,33.1908],[129.07743,33.18978],[129.07622,33.1899],[129.07342,33.18796],[129.07217,33.18792],[129.07271,33.18846],[129.07247,33.18896],[129.07105,33.18923],[129.06948,33.19064],[129.06926,33.19138],[129.06966,33.19192],[129.07004,33.19205],[129.07028,33.19234],[129.0697,33.192],[129.06828,33.19275],[129.06865,33.19342],[129.0682,33.19437],[129.06704,33.19493],[129.06578,33.19487],[129.06526,33.19471],[129.06525,33.19422],[129.06439,33.19388],[129.06519,33.19442],[129.06503,33.1947],[129.06433,33.19459],[129.06445,33.19429],[129.06362,33.19487],[129.0631,33.1935],[129.06171,33.19381],[129.06064,33.19328],[129.06017,33.19239],[129.06049,33.18944],[129.06117,33.18839],[129.05997,33.18723],[129.05989,33.18763],[129.05986,33.18703],[129.06064,33.18727],[129.06276,33.18608],[129.06296,33.18576],[129.06063,33.18722],[129.0601,33.18677],[129.06111,33.18594],[129.0624,33.18577],[129.06195,33.18493],[129.06094,33.18532],[129.06096,33.1843],[129.06069,33.1848],[129.06034,33.18429],[129.06086,33.18529],[129.05852,33.18591],[129.0591,33.18581],[129.05932,33.18623],[129.05894,33.18631],[129.0596,33.18645],[129.05965,33.18705],[129.05913,33.18681],[129.05898,33.18719],[129.05888,33.18684],[129.05865,33.1865],[129.05889,33.18791],[129.05777,33.18811],[129.0576,33.18778],[129.05862,33.18731],[129.05787,33.18654],[129.05837,33.18633],[129.05786,33.18651],[129.05739,33.18621],[129.05764,33.18592],[129.05736,33.1862],[129.05481,33.18467],[129.05492,33.18415],[129.05579,33.1844],[129.05555,33.18422],[129.05626,33.18365],[129.05588,33.18302],[129.05651,33.1829],[129.05638,33.18329],[129.05691,33.18349],[129.05633,33.18421],[129.05684,33.18363],[129.05747,33.18398],[129.05698,33.18458],[129.05779,33.18503],[129.05846,33.1842],[129.05963,33.18475],[129.05747,33.18324],[129.05881,33.18261],[129.05886,33.18158],[129.05999,33.18107],[129.06114,33.18106],[129.06289,33.18207],[129.06424,33.18238],[129.06106,33.18095],[129.06121,33.18047],[129.05983,33.1796],[129.0578,33.17938],[129.05749,33.17991],[129.05655,33.17913],[129.05618,33.17936],[129.05577,33.17873],[129.05674,33.17702],[129.05621,33.17724],[129.0555,33.17657],[129.05258,33.17769],[129.05307,33.17815],[129.05286,33.17894],[129.05352,33.17937],[129.05521,33.17937],[129.05534,33.17979],[129.0548,33.18021],[129.05541,33.18058],[129.05527,33.18127],[129.05593,33.18132],[129.05573,33.18168],[129.05615,33.18184],[129.05547,33.18251],[129.05589,33.18281],[129.05463,33.1834],[129.05462,33.18498],[129.05081,33.18469],[129.05004,33.18427],[129.05071,33.18342],[129.04998,33.18249],[129.04813,33.18326],[129.04819,33.18359],[129.04753,33.18337],[129.04714,33.18176],[129.04774,33.18116],[129.04572,33.1823],[129.04591,33.1827],[129.04692,33.18265],[129.04745,33.18387],[129.04614,33.1843],[129.04579,33.18506],[129.04652,33.1853],[129.04583,33.18601],[129.04561,33.18712],[129.04654,33.18681],[129.04652,33.18745],[129.04526,33.18752],[129.04592,33.18765],[129.04607,33.18815],[129.04647,33.18794],[129.04644,33.18831],[129.04675,33.1882],[129.04723,33.18814],[129.04762,33.18775],[129.04768,33.18777],[129.04725,33.18815],[129.04639,33.1884],[129.04603,33.18975],[129.04518,33.18912],[129.04431,33.18922],[129.04577,33.18993],[129.04457,33.19112],[129.04528,33.1917],[129.04503,33.19292],[129.04591,33.19241],[129.04661,33.19272],[129.04677,33.19439],[129.04713,33.19391],[129.04837,33.19428],[129.04738,33.19483],[129.04709,33.19456],[129.04734,33.19486],[129.0466,33.19601],[129.04611,33.19506],[129.04563,33.19513],[129.04608,33.19514],[129.04625,33.19594],[129.04576,33.19603],[129.04633,33.19616],[129.04547,33.19649],[129.04518,33.19516],[129.04442,33.19453],[129.04515,33.19518],[129.0443,33.19534],[129.04514,33.19522],[129.04533,33.19608],[129.04458,33.19619],[129.04429,33.19562],[129.04375,33.19585],[129.04365,33.1954],[129.0431,33.19549],[129.04362,33.19587],[129.04308,33.19574],[129.0423,33.19653],[129.04253,33.19744],[129.0409,33.19712],[129.04088,33.19657],[129.03921,33.19593],[129.0396,33.19466],[129.03812,33.19372],[129.03773,33.19471],[129.03691,33.1948],[129.03676,33.19556],[129.0344,33.19543],[129.03413,33.19454],[129.03197,33.19494],[129.03135,33.19558],[129.0294,33.19616],[129.02942,33.19812],[129.0285,33.19899],[129.0288,33.19944],[129.02838,33.20133],[129.02931,33.20202],[129.02773,33.20378],[129.02713,33.20351],[129.02589,33.20407],[129.02463,33.20285],[129.02477,33.20195],[129.02424,33.20187],[129.02413,33.20032],[129.02253,33.19963],[129.02075,33.19984],[129.01978,33.1992],[129.01917,33.19956],[129.01903,33.20037],[129.01825,33.20023],[129.01792,33.20097],[129.01519,33.20103],[129.01422,33.20019]]],[[[129.14105,33.20312],[129.14236,33.2032],[129.14127,33.20252],[129.14105,33.20312]]],[[[129.06687,33.22817],[129.06727,33.22673],[129.06637,33.22553],[129.06664,33.22517],[129.06785,33.22544],[129.06813,33.22597],[129.06808,33.22486],[129.06847,33.22453],[129.06963,33.22623],[129.07012,33.22585],[129.07095,33.22614],[129.07139,33.22534],[129.07094,33.2255],[129.07081,33.22508],[129.07119,33.22432],[129.07216,33.22435],[129.07243,33.22379],[129.07341,33.22441],[129.07339,33.22373],[129.07429,33.22412],[129.07469,33.22309],[129.07523,33.22317],[129.0746,33.22282],[129.07475,33.22237],[129.07313,33.22183],[129.07293,33.22132],[129.07342,33.22075],[129.07283,33.22122],[129.0722,33.22103],[129.07168,33.21897],[129.07102,33.21953],[129.06914,33.21886],[129.06909,33.2184],[129.0702,33.21804],[129.07026,33.21737],[129.0696,33.21815],[129.06893,33.21769],[129.06902,33.21684],[129.06858,33.21746],[129.06846,33.21731],[129.0681,33.21724],[129.06851,33.21807],[129.06814,33.21841],[129.06767,33.21821],[129.0681,33.21794],[129.06702,33.21806],[129.06683,33.21765],[129.06767,33.21714],[129.06551,33.21779],[129.06573,33.21841],[129.06605,33.21812],[129.06633,33.21851],[129.0659,33.2188],[129.06638,33.21959],[129.06576,33.21976],[129.0655,33.2205],[129.06289,33.22067],[129.0631,33.22118],[129.06491,33.2219],[129.06469,33.22231],[129.06338,33.22237],[129.0645,33.22283],[129.06502,33.22453],[129.06395,33.22485],[129.06348,33.22413],[129.06167,33.22416],[129.06251,33.22479],[129.06166,33.22525],[129.06167,33.22575],[129.06354,33.22624],[129.06301,33.22703],[129.06377,33.2268],[129.06509,33.22731],[129.06575,33.22681],[129.06687,33.22817]]],[[[129.13153,33.22209],[129.12996,33.22326],[129.13058,33.22481],[129.13023,33.22604],[129.13102,33.22681],[129.13388,33.22797],[129.1373,33.22728],[129.13828,33.22585],[129.14055,33.22423],[129.14103,33.22326],[129.14046,33.22227],[129.13811,33.22137],[129.13802,33.22051],[129.1368,33.22067],[129.13628,33.21985],[129.13542,33.2203],[129.13324,33.21993],[129.13278,33.22025],[129.13345,33.22017],[129.13354,33.22059],[129.13207,33.2203],[129.13076,33.22086],[129.13265,33.22106],[129.13245,33.22142],[129.13186,33.2211],[129.13124,33.22135],[129.13136,33.22174],[129.1304,33.22138],[129.13035,33.2209],[129.12941,33.22156],[129.13035,33.22142],[129.13153,33.22209]]],[[[129.074,33.22604],[129.07409,33.22574],[129.07347,33.22556],[129.074,33.22604]]],[[[129.07197,33.22612],[129.07149,33.22584],[129.07114,33.22592],[129.07136,33.22636],[129.07197,33.22612]]],[[[129.06792,33.22877],[129.06803,33.22805],[129.06733,33.22838],[129.06792,33.22877]]]]}},{"type":"Feature","properties":{"id":"muni-42391","name":"佐々町"},"geometry":{"type":"Polygon","coordinates":[[[129.64844,33.20998],[129.64773,33.20992],[129.64597,33.20736],[129.64544,33.20773],[129.64447,33.20744],[129.6446,33.20864],[129.64035,33.21787],[129.6413,33.21875],[129.63958,33.21959],[129.63907,33.22051],[129.63971,33.22385],[129.64073,33.22468],[129.63848,33.22362],[129.63767,33.22431],[129.63755,33.22554],[129.63685,33.22526],[129.6373,33.22754],[129.63888,33.23055],[129.6352,33.23303],[129.63329,33.23362],[129.63153,33.23746],[129.63198,33.23858],[129.63111,33.24042],[129.63155,33.24122],[129.63038,33.24279],[129.6279,33.24301],[129.62783,33.2438],[129.62706,33.24463],[129.62407,33.24568],[129.62437,33.24721],[129.62253,33.24933],[129.62312,33.25152],[129.62271,33.25215],[129.62282,33.25364],[129.62202,33.25513],[129.62298,33.25674],[129.62441,33.25754],[129.62524,33.25895],[129.62621,33.2618],[129.62733,33.26323],[129.6281,33.26732],[129.63185,33.27149],[129.63333,33.27233],[129.63538,33.27252],[129.63601,33.27158],[129.64041,33.26878],[129.64142,33.26983],[129.64136,33.27076],[129.64279,33.27198],[129.6434,33.27335],[129.64296,33.27409],[129.64382,33.2751],[129.64887,33.2789],[129.65062,33.27904],[129.65275,33.27728],[129.65557,33.27698],[129.6565,33.27627],[129.65972,33.27554],[129.65973,33.27444],[129.66019,33.27413],[129.66245,33.2744],[129.66584,33.27227],[129.66835,33.27213],[129.66964,33.27035],[129.6695,33.26945],[129.67422,33.26711],[129.67421,33.26623],[129.67304,33.26629],[129.67302,33.26548],[129.6763,33.26481],[129.68107,33.26661],[129.68252,33.26649],[129.68383,33.26544],[129.68494,33.26369],[129.68501,33.26193],[129.6863,33.26061],[129.68539,33.2593],[129.68702,33.25803],[129.68671,33.25698],[129.68783,33.25627],[129.6887,33.25477],[129.68779,33.25502],[129.68734,33.25448],[129.68649,33.25457],[129.68523,33.25356],[129.68355,33.25102],[129.68303,33.24807],[129.68144,33.24724],[129.68104,33.24604],[129.68049,33.24399],[129.68057,33.2418],[129.68288,33.24178],[129.68472,33.24087],[129.68657,33.23772],[129.68904,33.23583],[129.68829,33.23463],[129.69035,33.23398],[129.69156,33.23276],[129.68965,33.23134],[129.69039,33.2293],[129.68951,33.22785],[129.68516,33.22574],[129.6826,33.22506],[129.68206,33.22431],[129.6804,33.2238],[129.67916,33.2222],[129.67676,33.22336],[129.67528,33.22283],[129.67371,33.22055],[129.67351,33.21947],[129.67133,33.21773],[129.67104,33.21552],[129.6704,33.21482],[129.66767,33.215],[129.6647,33.21306],[129.66272,33.21243],[129.66241,33.21188],[129.65992,33.21213],[129.65891,33.213],[129.65875,33.21244],[129.65967,33.21093],[129.6575,33.20959],[129.65665,33.21063],[129.65633,33.21057],[129.65678,33.20993],[129.65535,33.20983],[129.65474,33.21122],[129.65451,33.21016],[129.65347,33.20942],[129.65303,33.20832],[129.65171,33.20788],[129.6488,33.20829],[129.64844,33.20998]]]}},{"type":"Feature","properties":{"id":"muni-42411","name":"新上五島町"},"geometry":{"type":"MultiPolygon","coordinates":[[[[129.00511,32.83126],[129.00259,32.83162],[129.00174,32.83227],[129.00379,32.83241],[129.00511,32.83126]]],[[[129.01947,32.84513],[129.01996,32.84552],[129.02054,32.84492],[129.01968,32.84464],[129.01947,32.84513]]],[[[129.03112,32.85463],[129.03072,32.8543],[129.0304,32.85459],[129.03058,32.85533],[129.03099,32.85535],[129.03112,32.85463]]],[[[128.99876,32.85587],[128.99974,32.85554],[128.99913,32.85526],[128.99876,32.85587]]],[[[129.00054,32.85461],[129.0,32.85507],[129.00134,32.85601],[129.00123,32.85653],[129.0004,32.85688],[129.0012,32.85741],[129.00077,32.85801],[129.00116,32.85845],[129.0,32.85974],[129.00099,32.85963],[129.00195,32.86028],[129.00277,32.86268],[129.00407,32.86265],[129.00444,32.86145],[129.00413,32.86057],[129.00325,32.86007],[129.00414,32.85949],[129.00342,32.85919],[129.00264,32.85772],[129.00341,32.85739],[129.00395,32.85809],[129.00548,32.85781],[129.00575,32.85727],[129.00476,32.85663],[129.00583,32.8556],[129.00498,32.85528],[129.00337,32.85603],[129.0021,32.85582],[129.0033,32.85487],[129.00276,32.85477],[129.00271,32.85385],[129.0015,32.85537],[129.00054,32.85461]]],[[[129.03069,32.87575],[129.03116,32.87956],[129.03009,32.88209],[129.03506,32.8826],[129.03522,32.88106],[129.03472,32.88077],[129.03543,32.88024],[129.03512,32.8796],[129.03616,32.87666],[129.03535,32.87495],[129.03558,32.87444],[129.03417,32.87366],[129.03594,32.87359],[129.03511,32.87242],[129.03605,32.87218],[129.03559,32.87128],[129.03632,32.87041],[129.03665,32.8684],[129.0353,32.86792],[129.03403,32.86866],[129.03424,32.86914],[129.03265,32.86931],[129.03259,32.87003],[129.03363,32.87067],[129.0325,32.87137],[129.03201,32.87115],[129.03204,32.87037],[129.03144,32.87129],[129.03111,32.87057],[129.0305,32.87068],[129.02974,32.87264],[129.03111,32.8747],[129.03069,32.87575]]],[[[128.93362,32.92224],[128.93436,32.92296],[128.93469,32.9226],[128.93449,32.92291],[128.93505,32.9228],[128.93613,32.92363],[128.93579,32.92399],[128.93625,32.92399],[128.93626,32.92485],[128.93563,32.92512],[128.93704,32.92586],[128.93759,32.92555],[128.93747,32.92459],[128.93944,32.92453],[128.93989,32.92388],[128.94098,32.92398],[128.94074,32.92439],[128.94143,32.92473],[128.94212,32.92354],[128.94396,32.92429],[128.94556,32.92396],[128.94556,32.92489],[128.94708,32.92484],[128.94736,32.92307],[128.94681,32.92261],[128.94747,32.92236],[128.94841,32.91907],[128.95058,32.91846],[128.95171,32.91862],[128.95165,32.9191],[128.95213,32.91917],[128.95415,32.91603],[128.95621,32.91607],[128.95703,32.91708],[128.95718,32.91947],[128.95798,32.92069],[128.95821,32.9228],[128.95747,32.92455],[128.95726,32.92637],[128.95766,32.92654],[128.95722,32.92726],[128.95959,32.92935],[128.95953,32.93055],[128.9601,32.93043],[128.96016,32.93124],[128.96083,32.93106],[128.96157,32.93174],[128.96245,32.93172],[128.9628,32.93278],[128.96375,32.9326],[128.96485,32.93153],[128.96591,32.9316],[128.96774,32.9301],[128.96909,32.93011],[128.96874,32.92956],[128.96921,32.92846],[128.96876,32.92787],[128.96907,32.92598],[128.96797,32.9256],[128.96761,32.92449],[128.96634,32.9238],[128.96551,32.9226],[128.96572,32.92187],[128.96715,32.92126],[128.96686,32.9208],[128.96726,32.91948],[128.96679,32.91905],[128.96712,32.91889],[128.96649,32.91871],[128.96578,32.9196],[128.96471,32.91827],[128.96308,32.91806],[128.96365,32.91834],[128.96282,32.91896],[128.96176,32.9187],[128.96192,32.91795],[128.96237,32.9179],[128.96035,32.9172],[128.96007,32.91631],[128.9582,32.91626],[128.95775,32.91583],[128.95803,32.91622],[128.95705,32.9164],[128.95718,32.91462],[128.95619,32.916],[128.95442,32.91596],[128.95433,32.91449],[128.95504,32.91412],[128.95493,32.91293],[128.95556,32.913],[128.95494,32.91286],[128.95505,32.91227],[128.95616,32.91233],[128.95506,32.91221],[128.95542,32.90934],[128.95586,32.90912],[128.9572,32.90767],[128.95804,32.90783],[128.95867,32.90831],[128.95866,32.90925],[128.95934,32.90942],[128.95909,32.91141],[128.96075,32.91056],[128.9614,32.91145],[128.96194,32.91091],[128.96302,32.91083],[128.96339,32.91148],[128.96429,32.91171],[128.9651,32.91408],[128.96664,32.91256],[128.96706,32.91116],[128.96934,32.91056],[128.96951,32.91176],[128.97001,32.91189],[128.97076,32.91051],[128.9696,32.90933],[128.96738,32.90917],[128.96522,32.90814],[128.96382,32.90826],[128.96263,32.90746],[128.9623,32.90674],[128.96318,32.90528],[128.96267,32.90483],[128.96259,32.90375],[128.96431,32.90317],[128.96519,32.9036],[128.96529,32.90273],[128.96589,32.90243],[128.96698,32.90268],[128.96821,32.90383],[128.97157,32.90345],[128.97164,32.90127],[128.97072,32.89786],[128.97181,32.89576],[128.97374,32.89583],[128.97376,32.89782],[128.9742,32.89843],[128.97495,32.89847],[128.97778,32.89571],[128.97858,32.89591],[128.9793,32.89758],[128.97988,32.89735],[128.98034,32.89556],[128.98168,32.89563],[128.98335,32.89472],[128.98456,32.89244],[128.98414,32.89037],[128.98327,32.8889],[128.98419,32.8882],[128.98511,32.88622],[128.98588,32.88124],[128.98682,32.88015],[128.98756,32.88224],[128.98696,32.88311],[128.98764,32.88369],[128.9866,32.88737],[128.98591,32.88793],[128.98586,32.88956],[128.98701,32.89017],[128.98789,32.89173],[128.98955,32.89267],[128.99059,32.89433],[128.99129,32.89463],[128.99219,32.8939],[128.99359,32.89388],[128.994,32.89198],[128.99373,32.89106],[128.99419,32.89036],[128.99352,32.88947],[128.99359,32.88873],[128.9943,32.8883],[128.99584,32.88845],[128.99607,32.88641],[128.99915,32.88424],[129.00005,32.88197],[128.99839,32.87983],[128.99919,32.87947],[128.99936,32.87873],[129.00088,32.87999],[129.00425,32.88156],[129.00378,32.88237],[129.00087,32.8837],[129.00001,32.88569],[128.99861,32.88741],[128.99912,32.88925],[128.99862,32.89044],[128.99761,32.89074],[128.99823,32.89168],[128.9983,32.89298],[128.99672,32.89444],[128.99676,32.89534],[128.99751,32.89626],[128.99886,32.89675],[129.00023,32.8987],[129.00027,32.89946],[129.00093,32.89989],[129.00088,32.90052],[129.00163,32.90138],[129.00137,32.90217],[129.00081,32.90211],[129.0012,32.90256],[128.99949,32.90207],[128.99898,32.90132],[128.99931,32.90119],[128.99897,32.90129],[128.99841,32.90042],[128.9969,32.89993],[128.99436,32.89766],[128.99356,32.89753],[128.99376,32.89675],[128.99249,32.89707],[128.99199,32.89852],[128.99076,32.89978],[128.98931,32.89799],[128.98794,32.8979],[128.98635,32.89933],[128.98648,32.90062],[128.98454,32.90167],[128.98285,32.90416],[128.98056,32.9038],[128.98016,32.90483],[128.98045,32.90696],[128.98206,32.90649],[128.98312,32.90692],[128.98338,32.90919],[128.98486,32.90843],[128.98563,32.90714],[128.98674,32.9067],[128.98744,32.90718],[128.98731,32.90773],[128.98823,32.90794],[128.98765,32.90962],[128.98668,32.9097],[128.98643,32.9106],[128.98503,32.91113],[128.98619,32.91325],[128.98427,32.91364],[128.98425,32.91312],[128.98343,32.91336],[128.9833,32.91289],[128.98316,32.91438],[128.98232,32.91469],[128.98147,32.91388],[128.97984,32.91368],[128.9805,32.91507],[128.98152,32.91567],[128.9815,32.91696],[128.98072,32.91748],[128.9783,32.91686],[128.97761,32.91883],[128.97879,32.91998],[128.9794,32.91962],[128.97925,32.92037],[128.98071,32.91994],[128.98228,32.92115],[128.98284,32.92006],[128.98676,32.92027],[128.98718,32.92202],[128.98677,32.9226],[128.98743,32.92321],[128.9876,32.92485],[128.98832,32.92524],[128.98931,32.92488],[128.98966,32.92345],[128.9907,32.92334],[128.99042,32.92316],[128.99058,32.9228],[128.99082,32.92323],[128.99055,32.9251],[128.99089,32.92555],[128.98941,32.92723],[128.98704,32.92755],[128.9869,32.92837],[128.98582,32.92917],[128.98309,32.92952],[128.98239,32.93029],[128.98362,32.93099],[128.98488,32.93053],[128.98766,32.93109],[128.98775,32.93162],[128.98898,32.9323],[128.9893,32.93349],[128.99037,32.93248],[128.99138,32.93228],[128.99176,32.93132],[128.99309,32.93024],[128.99418,32.93068],[128.99691,32.92807],[128.99864,32.92764],[128.99886,32.92618],[129.00059,32.92332],[129.00008,32.92128],[129.00112,32.91957],[129.00223,32.91959],[129.00415,32.92189],[129.00526,32.92204],[129.00631,32.92122],[129.00652,32.92247],[129.00864,32.92492],[129.01089,32.92597],[129.01325,32.9244],[129.01431,32.92483],[129.0148,32.92362],[129.016,32.92357],[129.01646,32.92281],[129.01604,32.92196],[129.0166,32.91963],[129.01447,32.91817],[129.01315,32.91793],[129.01285,32.91733],[129.01538,32.9163],[129.01806,32.91759],[129.02059,32.91759],[129.02125,32.91663],[129.02075,32.91534],[129.02278,32.91445],[129.02369,32.91284],[129.02307,32.90974],[129.02437,32.90744],[129.02331,32.90381],[129.0237,32.90358],[129.0232,32.90383],[129.02141,32.90261],[129.0215,32.90202],[129.02303,32.90179],[129.02416,32.9024],[129.02408,32.90282],[129.0242,32.9024],[129.02545,32.90241],[129.02644,32.90375],[129.02785,32.90413],[129.0284,32.90263],[129.02792,32.90197],[129.02806,32.9013],[129.02601,32.89891],[129.02574,32.89748],[129.02632,32.89718],[129.02837,32.89853],[129.02842,32.89936],[129.03005,32.89998],[129.03043,32.90116],[129.03131,32.89975],[129.03089,32.8985],[129.03279,32.89684],[129.03262,32.89573],[129.03322,32.89523],[129.02937,32.89333],[129.02849,32.89379],[129.02867,32.89255],[129.0283,32.89224],[129.02694,32.89325],[129.02519,32.89306],[129.02505,32.89164],[129.02567,32.8904],[129.02428,32.8894],[129.02222,32.88907],[129.02335,32.88892],[129.02223,32.88874],[129.02226,32.88752],[129.02355,32.8871],[129.02547,32.88734],[129.02603,32.8869],[129.02701,32.88763],[129.02656,32.88815],[129.02879,32.88937],[129.0312,32.88986],[129.03173,32.89076],[129.03243,32.88964],[129.03137,32.88918],[129.0313,32.88827],[129.03228,32.88777],[129.03174,32.8866],[129.03041,32.88604],[129.03017,32.88542],[129.02922,32.88583],[129.02854,32.88516],[129.02819,32.88571],[129.02739,32.88543],[129.02724,32.88483],[129.02629,32.88484],[129.02773,32.88311],[129.02753,32.88217],[129.0268,32.88184],[129.02808,32.88094],[129.02908,32.87759],[129.02883,32.8771],[129.02593,32.87451],[129.02462,32.87447],[129.02119,32.87567],[129.02159,32.87507],[129.02086,32.87537],[129.02316,32.87428],[129.02089,32.87391],[129.02046,32.87333],[129.02083,32.87274],[129.02229,32.87338],[129.02736,32.87328],[129.02782,32.87221],[129.02714,32.87195],[129.02906,32.87017],[129.0264,32.8685],[129.02878,32.86848],[129.02865,32.8678],[129.02757,32.86717],[129.0276,32.86564],[129.02661,32.86534],[129.02887,32.86431],[129.02856,32.8626],[129.02393,32.86385],[129.02326,32.86344],[129.02406,32.86297],[129.02403,32.86222],[129.02509,32.86106],[129.02689,32.86053],[129.026,32.85982],[129.02624,32.85854],[129.02546,32.85729],[129.02802,32.85704],[129.02865,32.8561],[129.02768,32.85594],[129.0277,32.85418],[129.02909,32.85505],[129.03025,32.8543],[129.03027,32.85335],[129.0288,32.85254],[129.02917,32.85213],[129.02849,32.85181],[129.02884,32.85113],[129.02852,32.85076],[129.02957,32.85038],[129.02826,32.84985],[129.02878,32.8492],[129.02755,32.84928],[129.02728,32.84882],[129.02767,32.84673],[129.02716,32.84542],[129.02752,32.84481],[129.02564,32.84451],[129.02531,32.84539],[129.0257,32.84633],[129.02461,32.84634],[129.02417,32.84788],[129.02337,32.84833],[129.02252,32.84705],[129.0215,32.84706],[129.02173,32.84665],[129.01961,32.84671],[129.02,32.8459],[129.01898,32.84529],[129.01872,32.84568],[129.01929,32.8464],[129.01777,32.8479],[129.0199,32.84949],[129.01953,32.84983],[129.01787,32.84923],[129.01759,32.84965],[129.02035,32.85133],[129.02087,32.85124],[129.02091,32.85184],[129.02012,32.85206],[129.01828,32.8514],[129.01734,32.85177],[129.01694,32.85092],[129.01644,32.85108],[129.01676,32.85163],[129.0162,32.85248],[129.01515,32.85293],[129.01513,32.85249],[129.01425,32.85258],[129.01458,32.85207],[129.01391,32.85172],[129.01359,32.85252],[129.01293,32.85278],[129.01344,32.8529],[129.01283,32.85355],[129.01386,32.85312],[129.01536,32.85381],[129.01569,32.85354],[129.01698,32.8549],[129.01932,32.85426],[129.01938,32.85509],[129.0201,32.85566],[129.02134,32.85466],[129.02323,32.85536],[129.02194,32.85582],[129.02221,32.85684],[129.02162,32.85679],[129.02122,32.85771],[129.02074,32.8564],[129.0196,32.85677],[129.01833,32.85648],[129.01664,32.85719],[129.01617,32.85812],[129.01486,32.8579],[129.01473,32.85685],[129.01408,32.85645],[129.01337,32.85725],[129.01143,32.8564],[129.01059,32.8566],[129.0113,32.85775],[129.01187,32.85775],[129.01222,32.85903],[129.01175,32.85969],[129.01241,32.85982],[129.01262,32.86084],[129.01444,32.86068],[129.01566,32.86145],[129.01704,32.86157],[129.01775,32.86249],[129.01982,32.86187],[129.0202,32.86081],[129.02237,32.86201],[129.02018,32.86257],[129.02066,32.86345],[129.02037,32.8638],[129.01922,32.86313],[129.0183,32.86354],[129.01878,32.864],[129.01817,32.86554],[129.01655,32.86624],[129.01524,32.86562],[129.01458,32.86592],[129.01472,32.86645],[129.01383,32.86791],[129.01291,32.86844],[129.01171,32.86768],[129.01209,32.86721],[129.0119,32.86628],[129.01242,32.86596],[129.01141,32.86541],[129.0109,32.86568],[129.01122,32.86503],[129.01065,32.86605],[129.00949,32.86594],[129.00971,32.86645],[129.00919,32.86693],[129.00806,32.86659],[129.00847,32.86538],[129.00902,32.86553],[129.00859,32.86536],[129.00919,32.86408],[129.00985,32.86399],[129.00887,32.86402],[129.0083,32.86345],[129.00798,32.86191],[129.00872,32.8612],[129.00801,32.86035],[129.00742,32.86043],[129.00765,32.86005],[129.00599,32.86057],[129.00649,32.86142],[129.00595,32.86192],[129.00628,32.86291],[129.00525,32.86438],[129.00432,32.86318],[129.00339,32.8644],[129.00156,32.86473],[129.00208,32.866],[129.00133,32.86709],[129.00158,32.86776],[129.00001,32.86762],[129.00005,32.86821],[128.9994,32.86842],[128.99746,32.86756],[128.99743,32.8683],[128.99624,32.86934],[128.99496,32.86854],[128.99527,32.86667],[128.99241,32.86515],[128.99056,32.86599],[128.98975,32.86703],[128.98578,32.86629],[128.9854,32.86516],[128.98412,32.86426],[128.98393,32.86211],[128.98342,32.86204],[128.98353,32.86148],[128.98286,32.86091],[128.98231,32.85928],[128.98134,32.85867],[128.97661,32.85948],[128.97736,32.86375],[128.97851,32.86503],[128.98089,32.86616],[128.98109,32.86747],[128.98195,32.86867],[128.98202,32.87021],[128.98097,32.87153],[128.97882,32.87224],[128.97677,32.8715],[128.97291,32.872],[128.97146,32.87024],[128.96907,32.87033],[128.96876,32.86998],[128.96611,32.87208],[128.96575,32.87354],[128.96611,32.87399],[128.9683,32.87435],[128.96884,32.87378],[128.9702,32.87374],[128.97052,32.87434],[128.97221,32.87459],[128.97405,32.8758],[128.97469,32.87717],[128.97385,32.87724],[128.97472,32.87722],[128.975,32.87814],[128.97415,32.87774],[128.9749,32.87818],[128.97322,32.87986],[128.97152,32.88122],[128.97038,32.88129],[128.9692,32.88242],[128.96965,32.88516],[128.9683,32.88764],[128.96718,32.88819],[128.96565,32.89148],[128.96545,32.89329],[128.96419,32.89452],[128.96483,32.89636],[128.96373,32.89676],[128.96312,32.89782],[128.96088,32.89916],[128.96062,32.90017],[128.96123,32.90096],[128.96089,32.90292],[128.96132,32.90318],[128.96103,32.90357],[128.96256,32.90375],[128.96247,32.90434],[128.96099,32.90472],[128.95976,32.90577],[128.95879,32.90582],[128.95809,32.90675],[128.95749,32.90666],[128.95581,32.90911],[128.95436,32.90978],[128.95101,32.90943],[128.95048,32.90748],[128.95111,32.90703],[128.95025,32.90723],[128.94882,32.90586],[128.94762,32.90562],[128.94564,32.90705],[128.94573,32.90749],[128.94423,32.90787],[128.94444,32.90824],[128.94272,32.91],[128.93878,32.90943],[128.93661,32.91018],[128.93549,32.91216],[128.9348,32.9127],[128.93409,32.91256],[128.93407,32.91355],[128.93307,32.91417],[128.933,32.9145],[128.93401,32.91475],[128.93348,32.91522],[128.93398,32.91607],[128.93028,32.91871],[128.93074,32.91951],[128.93013,32.91997],[128.93076,32.92],[128.93106,32.92067],[128.93186,32.92068],[128.93212,32.92008],[128.9345,32.92055],[128.93484,32.92101],[128.93362,32.92224]]],[[[128.94339,32.90062],[128.94748,32.89803],[128.94687,32.89683],[128.94719,32.89607],[128.94436,32.89637],[128.9425,32.89742],[128.94305,32.89784],[128.94207,32.89854],[128.9434,32.89881],[128.94257,32.90015],[128.94302,32.90045],[128.94335,32.90012],[128.94339,32.90062]]],[[[128.96669,32.90554],[128.96651,32.90628],[128.96715,32.9057],[128.96669,32.90554]]],[[[128.93302,32.91268],[128.93345,32.91286],[128.93378,32.9124],[128.93302,32.91268]]],[[[128.97164,32.92843],[128.97076,32.9283],[128.97041,32.92921],[128.97111,32.92936],[128.97164,32.92843]]],[[[128.97648,32.94914],[128.97742,32.94865],[128.9769,32.94821],[128.97596,32.94878],[128.97648,32.94914]]],[[[128.98897,32.95027],[128.98886,32.94972],[128.98832,32.95012],[128.98855,32.9505],[128.98897,32.95027]]],[[[129.00223,32.95207],[129.00202,32.95273],[129.0025,32.95243],[129.00223,32.95207]]],[[[128.97779,32.94897],[128.98064,32.94942],[128.98023,32.95013],[128.98027,32.95267],[128.97943,32.95442],[128.97885,32.95428],[128.97917,32.95478],[128.97846,32.95528],[128.97904,32.95553],[128.97881,32.95597],[128.97965,32.95613],[128.97946,32.95697],[128.97849,32.9573],[128.97835,32.95816],[128.97777,32.95851],[128.97891,32.95908],[128.97913,32.96008],[128.98045,32.96076],[128.98146,32.96033],[128.98197,32.96062],[128.98471,32.95928],[128.98497,32.96018],[128.98553,32.96007],[128.98629,32.96076],[128.98617,32.96121],[128.9873,32.96122],[128.98699,32.96174],[128.98756,32.96189],[128.98768,32.96259],[128.98901,32.96308],[128.98944,32.96569],[128.99036,32.96554],[128.99144,32.96288],[128.9933,32.96251],[128.99383,32.9632],[128.99503,32.96348],[128.99663,32.96198],[128.997,32.96113],[128.99598,32.96059],[128.99691,32.96016],[128.99679,32.95881],[128.99623,32.95792],[128.99574,32.9579],[128.99557,32.95685],[128.99366,32.95593],[128.99468,32.955],[128.99336,32.95391],[128.9949,32.95295],[128.99354,32.95119],[128.99242,32.95208],[128.99134,32.95134],[128.99069,32.95158],[128.99035,32.95293],[128.9892,32.95303],[128.98841,32.95399],[128.98832,32.95295],[128.9889,32.9521],[128.98844,32.95168],[128.98883,32.95112],[128.98774,32.95114],[128.98676,32.95022],[128.98559,32.95238],[128.98455,32.95276],[128.98435,32.95159],[128.98249,32.95117],[128.98225,32.95075],[128.98329,32.94878],[128.98321,32.94617],[128.98373,32.9451],[128.98372,32.94425],[128.98304,32.94376],[128.98236,32.9453],[128.98109,32.94607],[128.98031,32.94594],[128.9793,32.94705],[128.97875,32.94686],[128.97864,32.94753],[128.97801,32.94752],[128.97779,32.94897]]],[[[129.01335,32.97835],[129.01286,32.97827],[129.01268,32.9785],[129.01302,32.97869],[129.01335,32.97835]]],[[[129.0174,32.98312],[129.01813,32.98279],[129.01865,32.98232],[129.01802,32.98265],[129.01768,32.98228],[129.01729,32.98288],[129.0174,32.98312]]],[[[129.0219,32.98675],[129.02202,32.99117],[129.02365,32.99291],[129.02442,32.99337],[129.02473,32.99274],[129.02473,32.99353],[129.02564,32.9933],[129.02559,32.99282],[129.02674,32.99295],[129.02706,32.99039],[129.02803,32.99069],[129.02799,32.99163],[129.0284,32.99267],[129.02825,32.991],[129.02705,32.9885],[129.02769,32.99038],[129.02701,32.99028],[129.02551,32.9881],[129.02614,32.98754],[129.02613,32.98732],[129.02542,32.98802],[129.02525,32.98757],[129.0242,32.98759],[129.02599,32.98615],[129.02626,32.98487],[129.0273,32.98534],[129.03225,32.98574],[129.03325,32.97982],[129.03015,32.97906],[129.02684,32.97903],[129.02704,32.97667],[129.02634,32.97574],[129.02516,32.97545],[129.024,32.97607],[129.0244,32.97688],[129.02392,32.97743],[129.0246,32.97785],[129.0248,32.98022],[129.02536,32.98016],[129.02471,32.98434],[129.02272,32.98432],[129.02108,32.986],[129.0219,32.98675]]],[[[129.01791,32.98592],[129.01779,32.98693],[129.01864,32.98776],[129.01842,32.98838],[129.01893,32.98854],[129.01929,32.98785],[129.01907,32.98665],[129.01791,32.98592]]],[[[129.00505,33.00246],[129.0065,33.00419],[129.00605,33.00492],[129.00678,33.0054],[129.00662,33.00635],[129.00718,33.00692],[129.00764,33.00669],[129.00789,33.0078],[129.00871,33.00781],[129.00841,33.0082],[129.00891,33.00878],[129.01028,33.00981],[129.01205,33.0096],[129.01324,33.01071],[129.01524,33.01063],[129.01575,33.012],[129.01522,33.01227],[129.01551,33.01263],[129.01518,33.01241],[129.01508,33.01257],[129.01609,33.01304],[129.01575,33.01368],[129.01624,33.01421],[129.01879,33.01389],[129.02244,33.01236],[129.02417,33.0131],[129.02647,33.01296],[129.03057,33.01501],[129.03218,33.01473],[129.03196,33.01366],[129.02937,33.00993],[129.02823,33.00946],[129.02767,33.00862],[129.02658,33.0087],[129.026,33.00788],[129.02469,33.0086],[129.02412,33.01102],[129.02248,33.01118],[129.02147,33.00958],[129.02172,33.00833],[129.02139,33.00757],[129.01988,33.00802],[129.01871,33.00741],[129.01719,33.00809],[129.01729,33.0085],[129.01602,33.00879],[129.01526,33.00761],[129.01404,33.00739],[129.01343,33.00634],[129.01404,33.00551],[129.01239,33.00477],[129.01177,33.00343],[129.01053,33.0029],[129.00951,33.00155],[129.00728,33.00135],[129.00686,33.00193],[129.00505,33.00246]]],[[[129.03598,32.84758],[129.03637,32.84791],[129.03784,32.84726],[129.03789,32.84605],[129.03845,32.84554],[129.03665,32.84626],[129.03598,32.84758]]],[[[129.03786,32.84811],[129.03774,32.85202],[129.03725,32.8523],[129.03665,32.85193],[129.03611,32.85242],[129.03782,32.85407],[129.03938,32.85188],[129.04016,32.85147],[129.04002,32.85078],[129.03915,32.85037],[129.03997,32.85003],[129.04002,32.84896],[129.04103,32.85015],[129.04192,32.84927],[129.04139,32.84794],[129.04211,32.84778],[129.04098,32.84674],[129.04148,32.84648],[129.04096,32.84608],[129.04138,32.84532],[129.04076,32.84491],[129.04131,32.84409],[129.04089,32.8441],[129.04063,32.84328],[129.03972,32.84313],[129.03971,32.84361],[129.03924,32.8432],[129.03876,32.84363],[129.03912,32.84394],[129.03852,32.84421],[129.03843,32.84759],[129.03786,32.84811]]],[[[129.03617,32.84815],[129.03574,32.84844],[129.03583,32.84933],[129.03667,32.84861],[129.03617,32.84815]]],[[[129.04567,32.85526],[129.04552,32.85468],[129.04464,32.85459],[129.04517,32.85537],[129.04567,32.85526]]],[[[129.04137,32.85643],[129.04386,32.85636],[129.0441,32.85601],[129.04316,32.85539],[129.04137,32.85643]]],[[[129.03223,32.86776],[129.03287,32.86836],[129.03531,32.8672],[129.03511,32.86525],[129.03464,32.86469],[129.03553,32.86351],[129.03556,32.86249],[129.03613,32.86212],[129.03452,32.86123],[129.03418,32.85998],[129.03442,32.85968],[129.03427,32.85947],[129.03362,32.85961],[129.03346,32.86076],[129.03288,32.86099],[129.03264,32.86326],[129.03162,32.86529],[129.03226,32.86561],[129.03199,32.86673],[129.03126,32.86723],[129.03168,32.86816],[129.03129,32.86889],[129.03244,32.8686],[129.03223,32.86776]]],[[[129.03621,32.86578],[129.03711,32.86497],[129.03637,32.86457],[129.03621,32.86578]]],[[[129.04239,32.86979],[129.04722,32.86441],[129.04655,32.86356],[129.04586,32.86348],[129.04279,32.86561],[129.0423,32.86492],[129.04136,32.86487],[129.04017,32.86678],[129.04006,32.86943],[129.04099,32.87008],[129.04239,32.86979]]],[[[129.03676,32.86681],[129.036,32.86626],[129.03602,32.86768],[129.03645,32.86766],[129.03676,32.86681]]],[[[129.05697,32.88441],[129.05781,32.8834],[129.05702,32.88382],[129.05649,32.88335],[129.05543,32.88342],[129.0558,32.88429],[129.05697,32.88441]]],[[[129.0542,32.88717],[129.05536,32.88577],[129.0537,32.8855],[129.05093,32.88666],[129.05362,32.88644],[129.0542,32.88717]]],[[[129.03634,32.88847],[129.03911,32.88879],[129.03924,32.88961],[129.03845,32.88944],[129.03812,32.89145],[129.03853,32.89164],[129.03833,32.89237],[129.0394,32.89287],[129.03955,32.89153],[129.03911,32.89087],[129.04014,32.89028],[129.04044,32.88896],[129.04279,32.88892],[129.04528,32.88661],[129.04428,32.88625],[129.04288,32.88751],[129.04248,32.88701],[129.04023,32.8871],[129.03982,32.88639],[129.03933,32.8864],[129.03634,32.88847]]],[[[129.05007,32.8923],[129.04938,32.89207],[129.04954,32.89129],[129.04905,32.89041],[129.0469,32.88964],[129.04704,32.89025],[129.04782,32.89053],[129.04836,32.89211],[129.04807,32.89247],[129.04952,32.89272],[129.05007,32.8923]]],[[[129.03714,32.90118],[129.03757,32.90137],[129.0383,32.90092],[129.03772,32.90068],[129.03714,32.90118]]],[[[129.035,32.90856],[129.03338,32.90935],[129.03259,32.91046],[129.03311,32.91062],[129.0344,32.90987],[129.035,32.90856]]],[[[129.04732,32.91442],[129.04756,32.91488],[129.04789,32.91468],[129.04767,32.91423],[129.04732,32.91442]]],[[[129.04689,32.91757],[129.0469,32.91654],[129.04786,32.91609],[129.0477,32.91576],[129.04462,32.91632],[129.04349,32.91569],[129.0428,32.91588],[129.04407,32.91786],[129.04519,32.91856],[129.04619,32.91846],[129.04689,32.91757]]],[[[129.03716,32.93411],[129.03653,32.93443],[129.03734,32.93489],[129.03802,32.93458],[129.03716,32.93411]]],[[[128.99207,32.94237],[128.99179,32.94397],[128.99328,32.94588],[128.99587,32.94613],[128.99757,32.94548],[128.99837,32.94599],[128.99901,32.94479],[128.99978,32.94453],[129.0048,32.94547],[129.00303,32.94607],[129.0027,32.94732],[129.00057,32.94722],[128.9994,32.9484],[128.99812,32.94859],[128.99743,32.94933],[128.99827,32.95033],[128.99938,32.95049],[128.99978,32.94969],[129.00204,32.95064],[129.00293,32.94964],[129.00392,32.94935],[129.00402,32.9488],[129.00597,32.94877],[129.0051,32.94902],[129.00504,32.95075],[129.00597,32.95116],[129.00597,32.95199],[129.00785,32.95253],[129.00687,32.95257],[129.00677,32.95326],[129.00605,32.9529],[129.00517,32.95328],[129.00518,32.95277],[129.00438,32.95277],[129.00338,32.95383],[129.00148,32.95387],[128.99974,32.95282],[128.99876,32.9536],[128.9979,32.95336],[128.99765,32.954],[128.99901,32.95436],[128.99855,32.95546],[128.999,32.95604],[129.00031,32.95618],[129.00077,32.95677],[128.99994,32.95838],[129.00195,32.95844],[129.00274,32.95773],[129.00381,32.95844],[129.00409,32.95806],[129.00482,32.95815],[129.00495,32.95768],[129.00495,32.95821],[129.005,32.9582],[129.00511,32.95806],[129.00519,32.95802],[129.00541,32.95795],[129.0056,32.95799],[129.00582,32.95792],[129.00497,32.95824],[129.00417,32.95818],[129.00393,32.95847],[129.00295,32.95852],[129.00302,32.95938],[129.00378,32.95972],[129.00332,32.9602],[129.00318,32.95988],[129.0011,32.9603],[129.00078,32.95937],[129.00041,32.95915],[129.00116,32.96063],[128.99842,32.96231],[128.99776,32.96412],[128.99706,32.96447],[128.99708,32.96547],[128.99755,32.96553],[128.99782,32.96658],[128.99906,32.96702],[128.99927,32.96787],[129.0017,32.96897],[129.00197,32.9696],[129.0024,32.96934],[129.00315,32.96994],[129.00366,32.96924],[129.00505,32.96964],[129.00628,32.96911],[129.00883,32.97096],[129.00932,32.97067],[129.01042,32.9717],[129.01027,32.97293],[129.0096,32.9736],[129.0109,32.97433],[129.0114,32.97516],[129.01123,32.97593],[129.01223,32.97659],[129.01459,32.97579],[129.01379,32.97544],[129.01409,32.97394],[129.01347,32.97378],[129.01399,32.97343],[129.01357,32.97303],[129.01422,32.97291],[129.01362,32.97146],[129.01447,32.97083],[129.01464,32.97005],[129.01397,32.96915],[129.01466,32.96877],[129.01609,32.96635],[129.01692,32.96609],[129.01666,32.96585],[129.01783,32.96391],[129.01754,32.96599],[129.01628,32.96813],[129.01646,32.96965],[129.01566,32.97116],[129.0166,32.97179],[129.01678,32.97428],[129.01742,32.97523],[129.01818,32.97552],[129.0188,32.97657],[129.01982,32.97671],[129.02165,32.97393],[129.02217,32.97428],[129.02353,32.97373],[129.02396,32.97231],[129.02442,32.9722],[129.02341,32.97108],[129.02282,32.96845],[129.02422,32.96728],[129.02526,32.96774],[129.02505,32.96686],[129.02772,32.96538],[129.02553,32.96653],[129.02479,32.96587],[129.02481,32.96514],[129.02602,32.96445],[129.0257,32.96395],[129.02622,32.96435],[129.02706,32.9637],[129.02765,32.96441],[129.02698,32.9635],[129.02755,32.96289],[129.02752,32.96137],[129.02968,32.96125],[129.03007,32.96044],[129.03009,32.96093],[129.03025,32.96077],[129.03052,32.96069],[129.03014,32.96096],[129.03131,32.9615],[129.03141,32.96307],[129.03239,32.96544],[129.03147,32.96614],[129.03126,32.96711],[129.03149,32.96747],[129.03253,32.96711],[129.03311,32.96783],[129.03227,32.9683],[129.03253,32.96937],[129.0315,32.96994],[129.03204,32.97019],[129.03232,32.97092],[129.03197,32.97145],[129.03249,32.97222],[129.03499,32.9722],[129.03369,32.97175],[129.03424,32.97134],[129.03485,32.97176],[129.03497,32.97096],[129.03657,32.97159],[129.03737,32.97275],[129.03786,32.97509],[129.03912,32.97629],[129.0424,32.97675],[129.04387,32.97596],[129.04542,32.97623],[129.04627,32.97575],[129.04761,32.97621],[129.04858,32.97455],[129.04768,32.97308],[129.04779,32.97051],[129.04735,32.97026],[129.04786,32.97047],[129.04906,32.9692],[129.04884,32.96573],[129.04992,32.96488],[129.04977,32.96274],[129.05032,32.96255],[129.04986,32.96265],[129.0496,32.96175],[129.04924,32.96179],[129.04983,32.96045],[129.04862,32.96001],[129.05005,32.95927],[129.05097,32.96029],[129.05171,32.96376],[129.05317,32.96491],[129.05258,32.96564],[129.05135,32.96582],[129.05192,32.96752],[129.05156,32.96762],[129.0516,32.97147],[129.05108,32.97195],[129.05117,32.97275],[129.05335,32.97521],[129.05328,32.97557],[129.05192,32.97554],[129.05056,32.97697],[129.05132,32.97896],[129.05484,32.97888],[129.05482,32.97835],[129.05658,32.9772],[129.05687,32.9774],[129.05672,32.97674],[129.05712,32.97669],[129.05831,32.97713],[129.05815,32.97758],[129.05758,32.97733],[129.05757,32.97853],[129.05846,32.97946],[129.0599,32.97996],[129.06184,32.98225],[129.0643,32.98121],[129.06658,32.98084],[129.06594,32.98127],[129.06582,32.982],[129.06494,32.98212],[129.06374,32.9831],[129.06174,32.98319],[129.05954,32.98096],[129.05682,32.98096],[129.05448,32.98194],[129.05243,32.98395],[129.0507,32.98471],[129.04982,32.98666],[129.04912,32.98637],[129.04975,32.98465],[129.04826,32.98373],[129.04881,32.98321],[129.04866,32.98184],[129.04872,32.98321],[129.04802,32.98387],[129.04753,32.98354],[129.04688,32.98392],[129.04588,32.9853],[129.04483,32.98515],[129.04492,32.98567],[129.0439,32.98652],[129.04367,32.98733],[129.04418,32.98797],[129.0431,32.9888],[129.04203,32.99312],[129.04303,32.99334],[129.0434,32.99295],[129.04384,32.99342],[129.04587,32.99176],[129.04797,32.99278],[129.04894,32.99416],[129.05008,32.99448],[129.04855,32.9953],[129.04945,32.9949],[129.04984,32.99558],[129.04854,32.99623],[129.04819,32.99571],[129.0476,32.99534],[129.04852,32.99648],[129.0451,32.99828],[129.04276,33.00036],[129.0414,33.00367],[129.04268,33.00526],[129.04304,33.00676],[129.04233,33.00883],[129.04177,33.00895],[129.04243,33.01036],[129.04179,33.01108],[129.0433,33.01168],[129.04346,33.01318],[129.04492,33.01366],[129.04524,33.01459],[129.0425,33.01674],[129.04242,33.01792],[129.04183,33.01848],[129.04163,33.0198],[129.04236,33.01987],[129.04149,33.0204],[129.04195,33.02062],[129.04191,33.02184],[129.04252,33.0217],[129.04219,33.0228],[129.04293,33.02395],[129.04432,33.02412],[129.04455,33.02464],[129.04411,33.02503],[129.04485,33.0254],[129.04412,33.02542],[129.04306,33.02653],[129.04266,33.02636],[129.04212,33.02719],[129.04254,33.02708],[129.04242,33.02807],[129.04381,33.02845],[129.0437,33.02982],[129.04482,33.03056],[129.04692,33.03068],[129.04636,33.0318],[129.04732,33.03173],[129.04755,33.03303],[129.04706,33.03422],[129.04626,33.03417],[129.04623,33.03487],[129.04682,33.03472],[129.04707,33.03521],[129.04755,33.03506],[129.04978,33.03625],[129.05044,33.03551],[129.05232,33.03534],[129.05431,33.03816],[129.05253,33.03968],[129.05073,33.04006],[129.05079,33.04047],[129.05011,33.04069],[129.05038,33.041],[129.04992,33.04103],[129.0503,33.04141],[129.04934,33.0413],[129.04942,33.04168],[129.04995,33.04192],[129.05078,33.04121],[129.05206,33.04144],[129.05429,33.04059],[129.05611,33.04181],[129.05811,33.04077],[129.06083,33.0417],[129.06175,33.0414],[129.06511,33.04339],[129.06682,33.0438],[129.06644,33.04523],[129.06817,33.04595],[129.06836,33.04468],[129.06719,33.0432],[129.06667,33.0421],[129.06673,33.04081],[129.06581,33.03977],[129.06643,33.0377],[129.0674,33.03667],[129.0667,33.03541],[129.06729,33.03371],[129.06711,33.03235],[129.06905,33.03205],[129.06737,33.03198],[129.06777,33.0309],[129.06743,33.03066],[129.0684,33.03016],[129.06896,33.03167],[129.06846,33.03018],[129.06893,33.02785],[129.06839,33.02617],[129.06991,33.02241],[129.07373,33.02195],[129.06996,33.02235],[129.06931,33.02059],[129.06968,33.0197],[129.07098,33.01927],[129.07324,33.01921],[129.0733,33.01956],[129.07327,33.01894],[129.07433,33.0188],[129.07422,33.01974],[129.07326,33.01982],[129.07435,33.01977],[129.07636,33.02208],[129.07648,33.02313],[129.07486,33.02363],[129.07805,33.02325],[129.07737,33.02305],[129.07724,33.02168],[129.07831,33.02152],[129.08024,33.02225],[129.08263,33.02198],[129.0858,33.02244],[129.08812,33.0246],[129.08853,33.02561],[129.08718,33.02615],[129.08677,33.02691],[129.08481,33.02628],[129.08418,33.02535],[129.08475,33.02654],[129.08081,33.02972],[129.08397,33.0297],[129.08505,33.03062],[129.08442,33.03122],[129.0833,33.03088],[129.08233,33.03254],[129.08083,33.03149],[129.0817,33.03232],[129.07914,33.0342],[129.07984,33.03479],[129.07993,33.03556],[129.07813,33.03608],[129.0774,33.03679],[129.07807,33.03738],[129.08134,33.03735],[129.08162,33.03781],[129.08085,33.03822],[129.08127,33.03839],[129.08062,33.03974],[129.07863,33.04016],[129.07893,33.04053],[129.07861,33.04074],[129.07956,33.04076],[129.08017,33.0415],[129.08151,33.04138],[129.08197,33.04284],[129.0837,33.04257],[129.08467,33.04352],[129.08425,33.0448],[129.0812,33.04656],[129.0809,33.04814],[129.08151,33.04857],[129.08067,33.05015],[129.08113,33.05113],[129.08093,33.05206],[129.07763,33.05296],[129.07702,33.05272],[129.07769,33.05156],[129.07832,33.05138],[129.0779,33.05133],[129.07733,33.05179],[129.07664,33.05278],[129.07581,33.05227],[129.07476,33.05236],[129.07572,33.05295],[129.075,33.05318],[129.07564,33.05364],[129.07496,33.05466],[129.07512,33.05558],[129.07414,33.05643],[129.07502,33.05657],[129.07503,33.05738],[129.07677,33.0578],[129.07624,33.05911],[129.07707,33.05934],[129.07849,33.05886],[129.07945,33.05929],[129.07849,33.05855],[129.08008,33.05813],[129.08003,33.05859],[129.0804,33.05816],[129.08166,33.05845],[129.08259,33.05936],[129.08262,33.06027],[129.08182,33.06132],[129.08428,33.06483],[129.08398,33.06563],[129.08429,33.06562],[129.08481,33.06842],[129.08417,33.06906],[129.08474,33.07074],[129.0841,33.07164],[129.08486,33.0727],[129.08476,33.07347],[129.0855,33.0739],[129.08566,33.07609],[129.08873,33.07748],[129.08947,33.07816],[129.08932,33.07872],[129.09087,33.07822],[129.09036,33.07866],[129.09425,33.07903],[129.09652,33.07873],[129.09746,33.07914],[129.09749,33.07972],[129.09879,33.07939],[129.10182,33.08008],[129.10619,33.08521],[129.10618,33.08592],[129.10751,33.08696],[129.10752,33.08904],[129.10537,33.09305],[129.10725,33.09497],[129.10767,33.09645],[129.10888,33.09709],[129.10975,33.09868],[129.10976,33.10032],[129.10896,33.10166],[129.10753,33.1027],[129.1057,33.10271],[129.10527,33.10216],[129.10604,33.10156],[129.1045,33.10262],[129.10357,33.1024],[129.10222,33.10296],[129.09903,33.10323],[129.09786,33.10452],[129.0978,33.10573],[129.09808,33.1065],[129.09882,33.10675],[129.09858,33.10707],[129.10196,33.1078],[129.10261,33.10877],[129.10239,33.10986],[129.10326,33.11013],[129.10399,33.1129],[129.10447,33.11309],[129.1041,33.11411],[129.10233,33.11584],[129.10135,33.11527],[129.10191,33.11496],[129.10109,33.11535],[129.09981,33.11504],[129.09969,33.11564],[129.0961,33.11847],[129.09487,33.12003],[129.09478,33.12038],[129.09535,33.12052],[129.09444,33.12145],[129.09486,33.1218],[129.09477,33.12255],[129.09666,33.12274],[129.09783,33.12451],[129.09837,33.1243],[129.09928,33.12507],[129.09791,33.12582],[129.09728,33.12712],[129.09759,33.12731],[129.09513,33.12933],[129.09599,33.12951],[129.09623,33.13014],[129.0967,33.12998],[129.09699,33.13133],[129.09781,33.13099],[129.09843,33.132],[129.10079,33.13303],[129.09994,33.13509],[129.10047,33.13586],[129.1003,33.13699],[129.10168,33.13805],[129.10095,33.13853],[129.10146,33.139],[129.10085,33.13873],[129.10109,33.13928],[129.10062,33.13932],[129.10202,33.14099],[129.10228,33.14295],[129.10316,33.14336],[129.10522,33.14645],[129.10516,33.14729],[129.10692,33.14913],[129.10713,33.14991],[129.10662,33.15049],[129.10734,33.15099],[129.10694,33.15157],[129.10761,33.15228],[129.10732,33.15257],[129.10795,33.15283],[129.10774,33.1538],[129.10819,33.1548],[129.10762,33.15484],[129.10697,33.15576],[129.10759,33.15646],[129.10715,33.15683],[129.10712,33.15808],[129.10759,33.1584],[129.10729,33.15897],[129.10856,33.15945],[129.10824,33.15978],[129.10859,33.16033],[129.10921,33.16007],[129.1089,33.16049],[129.10966,33.16063],[129.10935,33.16162],[129.11064,33.16216],[129.11,33.1628],[129.1105,33.16298],[129.11035,33.16346],[129.11091,33.16327],[129.11083,33.16362],[129.11172,33.16371],[129.11142,33.16401],[129.1133,33.16423],[129.11554,33.16351],[129.11605,33.16243],[129.11793,33.16134],[129.11809,33.15891],[129.11745,33.15646],[129.11518,33.15325],[129.11332,33.15201],[129.11344,33.15179],[129.11326,33.14938],[129.11322,33.15149],[129.11199,33.15048],[129.11252,33.1502],[129.11158,33.15061],[129.11069,33.14781],[129.11082,33.14541],[129.11138,33.14535],[129.11188,33.14486],[129.11085,33.14536],[129.11086,33.1443],[129.11239,33.14353],[129.11375,33.14165],[129.11024,33.13384],[129.1103,33.13293],[129.10994,33.13298],[129.11056,33.13192],[129.10645,33.12872],[129.10599,33.1276],[129.10673,33.1269],[129.10604,33.12615],[129.10455,33.12567],[129.1048,33.12489],[129.10452,33.12547],[129.10376,33.12544],[129.1028,33.12412],[129.1035,33.1224],[129.10672,33.12113],[129.10894,33.11899],[129.10935,33.11735],[129.11105,33.1155],[129.11281,33.11494],[129.11258,33.11553],[129.11305,33.11491],[129.11438,33.1146],[129.11626,33.11535],[129.11743,33.11457],[129.11835,33.11242],[129.11791,33.11227],[129.11802,33.11085],[129.11937,33.10998],[129.11952,33.10866],[129.12084,33.10728],[129.11944,33.10169],[129.11969,33.10117],[129.11929,33.10093],[129.11979,33.09994],[129.11915,33.09968],[129.12023,33.09868],[129.11966,33.09834],[129.11992,33.09801],[129.11887,33.09801],[129.11848,33.09616],[129.11757,33.0954],[129.1191,33.09436],[129.11862,33.09346],[129.11893,33.093],[129.11818,33.09204],[129.1185,33.09074],[129.11698,33.08954],[129.11709,33.0885],[129.11775,33.08781],[129.1178,33.0863],[129.11616,33.08471],[129.11353,33.0848],[129.11259,33.08392],[129.11263,33.08234],[129.11365,33.08163],[129.11376,33.08024],[129.11441,33.08003],[129.11285,33.07927],[129.11292,33.07822],[129.11253,33.07791],[129.11284,33.07775],[129.112,33.07734],[129.11139,33.0762],[129.11104,33.07668],[129.11027,33.07605],[129.11026,33.07454],[129.11144,33.0742],[129.11086,33.07393],[129.1114,33.07321],[129.11069,33.07311],[129.11103,33.07287],[129.11055,33.07287],[129.11074,33.07225],[129.11037,33.07209],[129.11139,33.07141],[129.11004,33.0709],[129.10948,33.06951],[129.1102,33.06935],[129.11016,33.06905],[129.10972,33.06936],[129.10949,33.06903],[129.10987,33.06893],[129.10942,33.06892],[129.10978,33.06873],[129.10934,33.06888],[129.10916,33.06823],[129.10865,33.06812],[129.10844,33.06635],[129.10898,33.06569],[129.10828,33.06494],[129.1085,33.06382],[129.11127,33.06313],[129.11371,33.06333],[129.11389,33.06233],[129.1112,33.0613],[129.10841,33.06182],[129.10718,33.06123],[129.10682,33.05937],[129.10711,33.06139],[129.10787,33.06173],[129.10748,33.0623],[129.10695,33.06214],[129.10741,33.06243],[129.10636,33.06244],[129.10681,33.06206],[129.10622,33.06217],[129.10534,33.06145],[129.10655,33.06073],[129.10593,33.06034],[129.10497,33.06114],[129.10447,33.06104],[129.10364,33.05926],[129.1038,33.05685],[129.10317,33.05773],[129.10236,33.05687],[129.10346,33.05689],[129.1017,33.0567],[129.10091,33.05687],[129.1018,33.05626],[129.10145,33.05624],[129.10088,33.05326],[129.10123,33.0558],[129.09962,33.0559],[129.09921,33.05345],[129.09996,33.05334],[129.09875,33.05347],[129.09825,33.0528],[129.0997,33.05011],[129.10136,33.04973],[129.10282,33.05023],[129.10473,33.05003],[129.1051,33.04887],[129.10245,33.0486],[129.10139,33.04657],[129.10217,33.04821],[129.10137,33.04859],[129.1009,33.04809],[129.10071,33.0486],[129.09969,33.04802],[129.10001,33.04671],[129.10076,33.04651],[129.09982,33.04623],[129.09987,33.0457],[129.09912,33.04503],[129.09855,33.04203],[129.0944,33.03988],[129.09201,33.03946],[129.09119,33.0384],[129.0916,33.03632],[129.09321,33.03574],[129.09221,33.03449],[129.09282,33.03354],[129.09263,33.03243],[129.09365,33.03185],[129.09447,33.03224],[129.0972,33.03217],[129.09685,33.03073],[129.09804,33.02866],[129.09758,33.02751],[129.09835,33.02697],[129.09737,33.0246],[129.09599,33.02415],[129.0956,33.02313],[129.09488,33.02331],[129.09427,33.02133],[129.09294,33.02058],[129.09161,33.01882],[129.09082,33.01866],[129.09103,33.01698],[129.09088,33.01664],[129.09077,33.01815],[129.09002,33.01807],[129.08945,33.01777],[129.08973,33.0165],[129.09028,33.01654],[129.08911,33.01635],[129.0897,33.01561],[129.08986,33.01441],[129.08963,33.01438],[129.08952,33.01433],[129.09159,33.01339],[129.0919,33.0126],[129.0922,33.0117],[129.09115,33.01161],[129.09106,33.01158],[129.09089,33.01143],[129.09169,33.01151],[129.09183,33.00997],[129.09312,33.00976],[129.09228,33.00959],[129.09216,33.00867],[129.09364,33.00771],[129.09402,33.00831],[129.09438,33.0081],[129.09386,33.00736],[129.0947,33.00651],[129.09497,33.00532],[129.09483,33.00391],[129.09491,33.00546],[129.09432,33.00653],[129.09302,33.00623],[129.09308,33.00588],[129.09247,33.00604],[129.09296,33.00572],[129.09233,33.00576],[129.09293,33.00552],[129.09267,33.00401],[129.09365,33.00267],[129.09604,33.00275],[129.09676,33.00076],[129.09609,33.00019],[129.09619,32.9992],[129.09566,32.99825],[129.09488,32.99788],[129.09384,32.99615],[129.0945,32.99567],[129.09422,32.99485],[129.0937,32.99473],[129.09385,32.99404],[129.09534,32.99282],[129.09345,32.99382],[129.09359,32.99498],[129.09234,32.99463],[129.0922,32.994],[129.09273,32.99329],[129.09223,32.99383],[129.0922,32.99251],[129.09143,32.99265],[129.09114,32.98873],[129.08946,32.98673],[129.08946,32.98577],[129.08938,32.98675],[129.08958,32.98715],[129.08802,32.98678],[129.08784,32.98438],[129.08681,32.98417],[129.08811,32.98426],[129.08856,32.98259],[129.08938,32.98189],[129.08979,32.98227],[129.09024,32.98254],[129.08969,32.98162],[129.09165,32.98071],[129.09208,32.98351],[129.09085,32.98435],[129.09358,32.98524],[129.0947,32.9862],[129.09565,32.98519],[129.09586,32.98394],[129.09671,32.98337],[129.09614,32.98316],[129.09612,32.98226],[129.09726,32.98182],[129.09772,32.98101],[129.09717,32.97888],[129.09793,32.98034],[129.0997,32.98044],[129.10273,32.98146],[129.10148,32.98251],[129.10178,32.98329],[129.10075,32.98383],[129.10079,32.9844],[129.1022,32.98507],[129.10455,32.98446],[129.10609,32.98515],[129.10677,32.98483],[129.1065,32.98448],[129.10687,32.98469],[129.10671,32.98418],[129.10727,32.98485],[129.10779,32.98461],[129.10756,32.98396],[129.10796,32.98362],[129.10755,32.98349],[129.10847,32.98318],[129.10625,32.98267],[129.10639,32.98211],[129.10724,32.98119],[129.1081,32.98144],[129.10869,32.98094],[129.11011,32.98249],[129.11095,32.98191],[129.11073,32.98229],[129.11117,32.98207],[129.11257,32.98357],[129.11154,32.98432],[129.11212,32.98496],[129.11297,32.98443],[129.11388,32.98546],[129.11354,32.98529],[129.11316,32.98545],[129.11366,32.9856],[129.11249,32.98626],[129.11236,32.98596],[129.11196,32.98608],[129.11245,32.98628],[129.11117,32.98712],[129.11153,32.98795],[129.11491,32.98739],[129.11577,32.98838],[129.11463,32.98934],[129.112,32.98906],[129.11184,32.98863],[129.11194,32.98908],[129.10891,32.98963],[129.11208,32.98913],[129.11474,32.98943],[129.11447,32.99092],[129.1158,32.98967],[129.11655,32.98962],[129.11692,32.98891],[129.11765,32.98956],[129.11832,32.98945],[129.11832,32.99006],[129.11868,32.99006],[129.11899,32.98929],[129.11869,32.98838],[129.11801,32.98869],[129.11729,32.98825],[129.12019,32.98747],[129.11915,32.98767],[129.11825,32.98619],[129.11864,32.9857],[129.11961,32.98598],[129.11993,32.98603],[129.12036,32.98601],[129.1194,32.98588],[129.11895,32.98492],[129.12003,32.98402],[129.12158,32.98405],[129.12303,32.98523],[129.12178,32.9864],[129.122,32.98697],[129.1214,32.98724],[129.12175,32.98751],[129.12542,32.98689],[129.12554,32.98872],[129.1275,32.9895],[129.1269,32.99085],[129.12948,32.99021],[129.12984,32.98969],[129.12975,32.99031],[129.13286,32.99159],[129.13275,32.99311],[129.13382,32.99416],[129.13358,32.99483],[129.13273,32.99416],[129.13299,32.99659],[129.13426,32.99721],[129.13379,32.99917],[129.13496,33.00023],[129.1332,33.00092],[129.13324,33.00208],[129.13414,33.00179],[129.13452,33.00239],[129.13597,33.0019],[129.13641,32.99946],[129.13705,32.99897],[129.13771,32.9992],[129.13795,32.99869],[129.13978,32.99973],[129.14064,32.99899],[129.14147,32.9991],[129.14283,33.00046],[129.14341,33.00214],[129.14481,33.00285],[129.14583,33.0027],[129.146,33.00315],[129.14641,33.0028],[129.14674,33.00331],[129.14735,33.00303],[129.14893,33.00056],[129.15022,33.00048],[129.15072,33.00113],[129.15293,32.99971],[129.15346,33.00017],[129.15369,32.99955],[129.15361,33.00068],[129.15502,33.0011],[129.15645,33.00004],[129.15826,33.00025],[129.1583,32.99984],[129.1593,33.00069],[129.15855,33.00149],[129.15915,33.00091],[129.16017,33.0019],[129.15982,33.00221],[129.16053,33.00215],[129.16014,33.00243],[129.16082,33.00227],[129.161,33.00179],[129.16075,33.00252],[129.1603,33.0027],[129.15972,33.0023],[129.15938,33.00254],[129.1581,33.00178],[129.15778,33.00182],[129.15953,33.00285],[129.16035,33.00509],[129.16126,33.00445],[129.16164,33.00468],[129.16092,33.0065],[129.16115,33.00692],[129.16183,33.00648],[129.16271,33.00709],[129.16358,33.00631],[129.16342,33.00566],[129.16403,33.00539],[129.16398,33.00457],[129.16457,33.00412],[129.16479,33.00772],[129.16566,33.0087],[129.16619,33.00825],[129.16608,33.00734],[129.16699,33.00721],[129.16731,33.00648],[129.16683,33.00531],[129.1672,33.00489],[129.16677,33.00457],[129.16716,33.00351],[129.16862,33.00451],[129.17064,33.00439],[129.17197,33.00639],[129.17381,33.00602],[129.17463,33.00518],[129.17471,33.00652],[129.17438,33.00652],[129.17508,33.0072],[129.17588,33.00653],[129.17587,33.00717],[129.17669,33.00694],[129.17698,33.00614],[129.17731,33.00669],[129.17821,33.00574],[129.17909,33.00679],[129.17895,33.00751],[129.17785,33.00839],[129.17794,33.00922],[129.17699,33.00898],[129.17705,33.00863],[129.1759,33.00949],[129.17658,33.00977],[129.17653,33.01017],[129.1757,33.01007],[129.17516,33.01053],[129.17448,33.01188],[129.17488,33.01223],[129.17432,33.01264],[129.17424,33.01485],[129.17542,33.0151],[129.17674,33.01463],[129.17723,33.01582],[129.17905,33.01418],[129.1802,33.01489],[129.18241,33.01396],[129.18351,33.01443],[129.18343,33.01511],[129.18303,33.0151],[129.18399,33.0159],[129.1858,33.01385],[129.18744,33.01461],[129.18915,33.01409],[129.18849,33.01546],[129.18778,33.01534],[129.18869,33.01653],[129.18854,33.01709],[129.1892,33.01737],[129.18906,33.01788],[129.18848,33.0188],[129.18787,33.0185],[129.18754,33.01895],[129.18854,33.01993],[129.1902,33.01946],[129.19068,33.01981],[129.19202,33.0193],[129.1927,33.01816],[129.19454,33.01843],[129.19624,33.0179],[129.19505,33.01654],[129.19543,33.01599],[129.19452,33.01602],[129.19441,33.01559],[129.1947,33.01478],[129.19646,33.01473],[129.19673,33.01416],[129.19604,33.0134],[129.19666,33.01252],[129.19636,33.01114],[129.19752,33.01037],[129.19683,33.0079],[129.19356,33.00714],[129.19179,33.00727],[129.1914,33.00637],[129.18843,33.00725],[129.18851,33.00766],[129.18777,33.00766],[129.1868,33.00908],[129.1836,33.00799],[129.18291,33.00725],[129.18025,33.00774],[129.17969,33.0074],[129.18002,33.00689],[129.17915,33.0067],[129.1786,33.00549],[129.17975,33.00503],[129.17971,33.00419],[129.18183,33.00338],[129.1832,33.00168],[129.18146,33.00093],[129.18116,33.00036],[129.17722,32.9998],[129.17815,32.99863],[129.1786,32.99887],[129.17808,32.9985],[129.17897,32.99836],[129.17796,32.9977],[129.17574,32.9975],[129.17492,32.99796],[129.17447,32.99743],[129.17455,32.99659],[129.1749,32.99692],[129.17483,32.99638],[129.17668,32.99574],[129.17803,32.99441],[129.17763,32.99396],[129.17787,32.99324],[129.17734,32.99283],[129.17793,32.99155],[129.17617,32.99111],[129.17616,32.99049],[129.17583,32.99103],[129.17541,32.99091],[129.17587,32.99067],[129.17417,32.99042],[129.17474,32.99035],[129.17483,32.98973],[129.17594,32.98953],[129.17479,32.98964],[129.17484,32.98855],[129.17673,32.98826],[129.17715,32.98928],[129.17649,32.98709],[129.17844,32.98647],[129.1792,32.98667],[129.17985,32.98609],[129.1796,32.98456],[129.18082,32.98385],[129.18029,32.98322],[129.18057,32.98195],[129.18295,32.97945],[129.18367,32.97939],[129.18327,32.97899],[129.18347,32.97835],[129.18222,32.97729],[129.18186,32.97499],[129.18225,32.97369],[129.18181,32.97312],[129.18275,32.97282],[129.18176,32.97287],[129.18189,32.97139],[129.17798,32.97078],[129.1776,32.97029],[129.17515,32.97032],[129.17431,32.97052],[129.17471,32.97072],[129.17423,32.97099],[129.17302,32.97106],[129.17202,32.97025],[129.17251,32.96984],[129.17193,32.96984],[129.17201,32.96943],[129.17146,32.96973],[129.17074,32.96882],[129.171,32.96846],[129.17041,32.96864],[129.1709,32.96765],[129.17046,32.96787],[129.17043,32.96578],[129.16968,32.96525],[129.16983,32.96475],[129.16925,32.96492],[129.16865,32.96437],[129.16782,32.96554],[129.16746,32.96513],[129.16683,32.96572],[129.16609,32.96525],[129.16671,32.96473],[129.16609,32.96496],[129.16638,32.96431],[129.16575,32.96416],[129.16594,32.96361],[129.16558,32.96385],[129.16566,32.96265],[129.16463,32.96338],[129.16427,32.96285],[129.16344,32.96285],[129.1638,32.96222],[129.16317,32.96257],[129.16247,32.96184],[129.16084,32.96185],[129.1604,32.96141],[129.15962,32.96193],[129.15907,32.96168],[129.15901,32.96196],[129.15891,32.96215],[129.15884,32.96222],[129.15901,32.96167],[129.15855,32.96135],[129.15953,32.96133],[129.15991,32.96022],[129.15886,32.96106],[129.15872,32.96064],[129.15839,32.96108],[129.15816,32.96051],[129.15707,32.96082],[129.15736,32.9601],[129.15686,32.9607],[129.15546,32.95954],[129.15506,32.95758],[129.15452,32.9579],[129.15451,32.95747],[129.15362,32.9572],[129.1515,32.95717],[129.1512,32.9577],[129.15049,32.95773],[129.14937,32.95646],[129.14987,32.95593],[129.14932,32.95646],[129.14822,32.95623],[129.14854,32.95531],[129.15034,32.95542],[129.14855,32.95511],[129.14796,32.95261],[129.14711,32.95204],[129.14703,32.95132],[129.14418,32.94919],[129.14264,32.94512],[129.14224,32.94016],[129.14261,32.93978],[129.14228,32.93987],[129.1419,32.93801],[129.14133,32.938],[129.14144,32.93749],[129.14078,32.93761],[129.1405,32.93657],[129.14037,32.93746],[129.13988,32.93694],[129.13938,32.93745],[129.13961,32.93684],[129.13927,32.9366],[129.13899,32.93813],[129.13819,32.93714],[129.13602,32.9376],[129.13505,32.93967],[129.13422,32.93997],[129.13403,32.93947],[129.13322,32.94045],[129.13237,32.94357],[129.13083,32.945],[129.1301,32.94431],[129.12945,32.9416],[129.12892,32.9417],[129.12937,32.94124],[129.12903,32.94025],[129.12827,32.9395],[129.12615,32.93903],[129.12541,32.93822],[129.1253,32.93869],[129.12349,32.93949],[129.12397,32.94058],[129.12326,32.94063],[129.1228,32.93958],[129.12148,32.93925],[129.12073,32.93829],[129.11954,32.93809],[129.11962,32.93777],[129.11865,32.93803],[129.11771,32.93893],[129.11834,32.93935],[129.11772,32.94066],[129.11811,32.94099],[129.11703,32.94249],[129.1163,32.94239],[129.11621,32.94365],[129.11476,32.94467],[129.11479,32.94582],[129.11339,32.94704],[129.11347,32.94829],[129.11421,32.94884],[129.11301,32.94889],[129.11282,32.94989],[129.11086,32.95103],[129.10989,32.95067],[129.11036,32.9509],[129.10972,32.95205],[129.11016,32.95236],[129.10968,32.95284],[129.10881,32.95231],[129.10929,32.95263],[129.10865,32.95342],[129.10875,32.95417],[129.10696,32.95435],[129.10726,32.95388],[129.10645,32.9533],[129.10606,32.95466],[129.10638,32.9551],[129.10558,32.95518],[129.10547,32.95447],[129.10446,32.95565],[129.10388,32.95547],[129.10313,32.95556],[129.10253,32.95684],[129.10293,32.95807],[129.10399,32.95872],[129.10493,32.95774],[129.10525,32.9584],[129.10329,32.96157],[129.10227,32.96225],[129.10157,32.96154],[129.10199,32.96098],[129.10102,32.95992],[129.10089,32.95916],[129.10129,32.95881],[129.10054,32.95838],[129.10131,32.95647],[129.10118,32.95442],[129.10152,32.95223],[129.10185,32.95227],[129.1017,32.95183],[129.10129,32.95202],[129.10161,32.9515],[129.10124,32.95077],[129.10361,32.95212],[129.10397,32.95141],[129.10494,32.95162],[129.10675,32.95057],[129.10696,32.95027],[129.10643,32.94996],[129.10678,32.9491],[129.10796,32.94839],[129.10779,32.94781],[129.11001,32.94425],[129.10981,32.94348],[129.11138,32.9413],[129.11144,32.93991],[129.11057,32.94],[129.1101,32.9392],[129.11082,32.93843],[129.11057,32.93681],[129.10877,32.93554],[129.10748,32.93571],[129.10656,32.93457],[129.10744,32.93422],[129.10746,32.93305],[129.10524,32.93262],[129.10948,32.93159],[129.11023,32.92915],[129.10915,32.92867],[129.10913,32.92696],[129.10959,32.92642],[129.10831,32.92523],[129.10699,32.92481],[129.10587,32.92531],[129.10459,32.927],[129.10275,32.92782],[129.10168,32.92703],[129.10144,32.92477],[129.09991,32.92561],[129.09933,32.92558],[129.09902,32.92495],[129.09798,32.92554],[129.09715,32.92404],[129.09555,32.92432],[129.09468,32.92373],[129.09212,32.92376],[129.08939,32.92449],[129.08624,32.92411],[129.08565,32.92449],[129.08582,32.92567],[129.08689,32.92713],[129.0868,32.9276],[129.08595,32.92673],[129.08574,32.92717],[129.08495,32.92703],[129.08446,32.92486],[129.08729,32.92292],[129.08846,32.92071],[129.08888,32.92096],[129.08908,32.92231],[129.09027,32.92244],[129.09185,32.9219],[129.09247,32.92108],[129.09324,32.92119],[129.09283,32.92075],[129.09316,32.91988],[129.09578,32.91914],[129.09616,32.91792],[129.09552,32.9174],[129.09592,32.91707],[129.0953,32.91694],[129.09559,32.91649],[129.09503,32.91586],[129.09661,32.91522],[129.09667,32.91476],[129.0945,32.91405],[129.09519,32.91318],[129.09454,32.9131],[129.0949,32.91289],[129.09414,32.91236],[129.0943,32.91197],[129.09358,32.9124],[129.09337,32.91144],[129.09257,32.91157],[129.09292,32.91067],[129.09244,32.90985],[129.09191,32.91167],[129.09094,32.91189],[129.09108,32.9106],[129.08966,32.91021],[129.08944,32.90921],[129.09044,32.90947],[129.09235,32.90897],[129.09332,32.90819],[129.09242,32.90795],[129.09241,32.90747],[129.09429,32.90774],[129.09431,32.90699],[129.09341,32.90656],[129.09335,32.90531],[129.09492,32.90629],[129.09576,32.90557],[129.09551,32.90519],[129.09446,32.90539],[129.09534,32.90476],[129.09529,32.90431],[129.0947,32.9044],[129.09542,32.90302],[129.0935,32.90395],[129.09214,32.90292],[129.09123,32.90326],[129.09141,32.90291],[129.09014,32.90275],[129.08879,32.90371],[129.08727,32.90362],[129.08673,32.90432],[129.08484,32.90421],[129.08481,32.90341],[129.08544,32.90284],[129.08488,32.90292],[129.08522,32.90266],[129.08461,32.90236],[129.08449,32.90168],[129.08567,32.90003],[129.08509,32.90049],[129.08396,32.89996],[129.08384,32.89942],[129.08478,32.89876],[129.08337,32.89856],[129.08283,32.89683],[129.08153,32.89599],[129.08186,32.89498],[129.08277,32.8943],[129.08633,32.89485],[129.08787,32.89387],[129.08695,32.89329],[129.0878,32.8927],[129.08719,32.89304],[129.08661,32.89275],[129.08613,32.89201],[129.08654,32.89173],[129.08538,32.89116],[129.08498,32.89013],[129.08576,32.89002],[129.08607,32.89057],[129.08784,32.89092],[129.08769,32.89189],[129.08792,32.89092],[129.09068,32.89133],[129.09015,32.89239],[129.09101,32.89115],[129.09141,32.89141],[129.09228,32.89081],[129.09195,32.89074],[129.09237,32.89],[129.09218,32.88856],[129.09093,32.88751],[129.09002,32.88741],[129.09069,32.88576],[129.09051,32.88502],[129.08817,32.88348],[129.08837,32.88281],[129.08815,32.88334],[129.0871,32.88305],[129.08622,32.88355],[129.08511,32.88309],[129.08525,32.88235],[129.08453,32.88298],[129.08222,32.88216],[129.08262,32.88136],[129.08389,32.88203],[129.08691,32.88073],[129.08721,32.88127],[129.08704,32.88031],[129.08945,32.88035],[129.08984,32.87987],[129.09179,32.88008],[129.09231,32.87964],[129.09322,32.87996],[129.09297,32.88126],[129.09371,32.88141],[129.09369,32.88196],[129.09448,32.88202],[129.0952,32.88091],[129.09515,32.87964],[129.09376,32.87724],[129.09694,32.87607],[129.09734,32.87395],[129.09646,32.87365],[129.09528,32.8744],[129.0959,32.8726],[129.09437,32.87309],[129.09451,32.87239],[129.09322,32.87224],[129.09323,32.87128],[129.0938,32.87084],[129.09674,32.87092],[129.09776,32.87006],[129.09781,32.86966],[129.09648,32.86899],[129.09875,32.86701],[129.09765,32.86631],[129.09771,32.86578],[129.09882,32.86517],[129.10011,32.86528],[129.09922,32.86467],[129.09809,32.86471],[129.09834,32.86305],[129.09903,32.86287],[129.09862,32.86272],[129.09959,32.86181],[129.10014,32.86006],[129.09966,32.8596],[129.09903,32.85993],[129.09827,32.85907],[129.09756,32.85955],[129.09663,32.8587],[129.09683,32.8584],[129.09586,32.85839],[129.09479,32.85659],[129.09497,32.85546],[129.09432,32.855],[129.09142,32.85484],[129.08732,32.85583],[129.086,32.85722],[129.08564,32.85702],[129.08322,32.85835],[129.08286,32.85905],[129.07978,32.86001],[129.07802,32.86122],[129.07577,32.86118],[129.0746,32.86073],[129.07468,32.86035],[129.07354,32.86032],[129.07351,32.85957],[129.07288,32.85994],[129.07225,32.85951],[129.06868,32.86231],[129.066,32.86161],[129.06602,32.86022],[129.06557,32.86001],[129.0657,32.85938],[129.06498,32.85866],[129.06474,32.85745],[129.06552,32.85519],[129.06494,32.85503],[129.06503,32.85426],[129.06426,32.85405],[129.06444,32.85365],[129.0641,32.85379],[129.06432,32.85347],[129.06359,32.85317],[129.06376,32.85289],[129.06334,32.85299],[129.06298,32.85235],[129.06332,32.85229],[129.06264,32.85163],[129.06317,32.8489],[129.06258,32.84888],[129.06236,32.84757],[129.06236,32.84849],[129.05822,32.84933],[129.05803,32.84881],[129.05803,32.84965],[129.05734,32.84907],[129.05768,32.8489],[129.05707,32.84912],[129.05687,32.84873],[129.05747,32.84846],[129.0569,32.84734],[129.05848,32.84614],[129.05906,32.84665],[129.05946,32.84637],[129.05873,32.8457],[129.06034,32.84448],[129.06124,32.84625],[129.06221,32.84657],[129.06136,32.84483],[129.06302,32.84393],[129.06454,32.84696],[129.06494,32.84722],[129.06267,32.84314],[129.06428,32.84146],[129.0646,32.84058],[129.06427,32.84017],[129.06518,32.83917],[129.06453,32.83978],[129.06348,32.83924],[129.06349,32.83963],[129.06183,32.83962],[129.06153,32.83903],[129.06336,32.83884],[129.06509,32.83764],[129.06628,32.83771],[129.06612,32.83883],[129.06637,32.83765],[129.06753,32.83752],[129.06867,32.83553],[129.06824,32.83566],[129.06845,32.83522],[129.06777,32.83483],[129.0683,32.83441],[129.06821,32.83322],[129.06898,32.83198],[129.06837,32.83136],[129.06838,32.83029],[129.06773,32.83012],[129.06855,32.82819],[129.06777,32.82751],[129.06657,32.82829],[129.06527,32.82833],[129.06434,32.82704],[129.06506,32.82655],[129.06463,32.8262],[129.06566,32.82586],[129.06546,32.82552],[129.06619,32.82511],[129.06579,32.82451],[129.06634,32.82393],[129.06584,32.82412],[129.06623,32.82345],[129.06576,32.8237],[129.06599,32.82282],[129.06542,32.82285],[129.06587,32.82238],[129.0647,32.82138],[129.06536,32.82085],[129.06495,32.82064],[129.06534,32.82022],[129.06496,32.82034],[129.06431,32.81918],[129.06403,32.81826],[129.06443,32.81817],[129.06364,32.81779],[129.06362,32.81718],[129.06315,32.81732],[129.06284,32.81657],[129.06401,32.81567],[129.06346,32.81303],[129.06249,32.81501],[129.06249,32.81676],[129.06101,32.81725],[129.05924,32.81637],[129.05919,32.81688],[129.06001,32.81742],[129.05886,32.81732],[129.05826,32.81841],[129.05758,32.81815],[129.05686,32.81953],[129.05607,32.81953],[129.05551,32.81846],[129.05493,32.81865],[129.05491,32.81913],[129.05352,32.8188],[129.05306,32.8195],[129.05156,32.81863],[129.05085,32.81968],[129.05026,32.81932],[129.0498,32.81986],[129.04896,32.81956],[129.04918,32.82012],[129.04786,32.82103],[129.04663,32.82049],[129.04618,32.82145],[129.04393,32.82182],[129.04298,32.82253],[129.04318,32.82365],[129.04368,32.82396],[129.04282,32.82485],[129.04303,32.82554],[129.0447,32.82386],[129.04568,32.82485],[129.04669,32.82399],[129.04781,32.8247],[129.04985,32.82393],[129.05027,32.8246],[129.04952,32.82601],[129.05119,32.82593],[129.05191,32.82749],[129.05161,32.82797],[129.05106,32.82758],[129.05109,32.82696],[129.05103,32.82731],[129.04954,32.82729],[129.04948,32.82693],[129.04932,32.82728],[129.04927,32.82636],[129.0492,32.82709],[129.04936,32.82765],[129.04837,32.8278],[129.04775,32.82683],[129.04831,32.82794],[129.04646,32.82917],[129.04581,32.82885],[129.04524,32.82932],[129.04589,32.83005],[129.04541,32.83173],[129.04722,32.83235],[129.04842,32.83416],[129.04812,32.83504],[129.04977,32.83534],[129.05032,32.8359],[129.04972,32.83627],[129.05006,32.83669],[129.04945,32.83734],[129.05031,32.83785],[129.05005,32.83929],[129.04882,32.83894],[129.04766,32.8392],[129.04666,32.83851],[129.04568,32.83888],[129.04613,32.84033],[129.04492,32.84097],[129.04569,32.84143],[129.04543,32.84319],[129.04452,32.84464],[129.04624,32.84446],[129.04654,32.84485],[129.04553,32.84565],[129.04616,32.84645],[129.04515,32.84764],[129.04517,32.84836],[129.04452,32.84845],[129.04507,32.84863],[129.0452,32.85053],[129.04593,32.85029],[129.0466,32.8508],[129.04602,32.85226],[129.04892,32.85324],[129.04668,32.85458],[129.04678,32.85609],[129.04532,32.85705],[129.04372,32.86008],[129.04224,32.8591],[129.04137,32.85959],[129.04221,32.86035],[129.04333,32.85997],[129.04477,32.86127],[129.04472,32.86086],[129.04656,32.85999],[129.04727,32.86201],[129.04596,32.86151],[129.04419,32.86163],[129.04188,32.86277],[129.0414,32.86366],[129.04201,32.86392],[129.04385,32.86334],[129.0445,32.86388],[129.04551,32.863],[129.04706,32.86261],[129.04727,32.86203],[129.04699,32.86352],[129.0477,32.86424],[129.04682,32.86547],[129.04741,32.86806],[129.04679,32.8685],[129.04564,32.86841],[129.04509,32.86996],[129.04537,32.87041],[129.04423,32.87123],[129.04535,32.8717],[129.04532,32.87227],[129.04448,32.8727],[129.04485,32.87341],[129.04431,32.87294],[129.04296,32.87314],[129.04277,32.87244],[129.04212,32.87223],[129.04172,32.87258],[129.04199,32.87354],[129.04048,32.87214],[129.04069,32.87338],[129.04022,32.87466],[129.04142,32.8739],[129.04212,32.8745],[129.04196,32.87509],[129.04298,32.87534],[129.04189,32.87625],[129.0423,32.87723],[129.04149,32.87714],[129.04131,32.87791],[129.0408,32.87794],[129.04089,32.87887],[129.04037,32.87937],[129.04086,32.87991],[129.04032,32.8802],[129.04079,32.88073],[129.03971,32.8817],[129.0415,32.88136],[129.04209,32.88061],[129.04179,32.88014],[129.0421,32.87959],[129.04305,32.87886],[129.04429,32.87934],[129.04381,32.87829],[129.04443,32.87735],[129.04493,32.87752],[129.0453,32.87563],[129.04682,32.87724],[129.0485,32.87497],[129.05089,32.87374],[129.04992,32.87562],[129.05144,32.87579],[129.05059,32.87632],[129.04949,32.87618],[129.04964,32.877],[129.04868,32.87772],[129.05096,32.87831],[129.05293,32.87737],[129.05212,32.87812],[129.05223,32.8791],[129.05157,32.879],[129.05044,32.87995],[129.05015,32.8794],[129.04864,32.8794],[129.04727,32.88022],[129.04794,32.88054],[129.04868,32.88004],[129.05008,32.88102],[129.0485,32.88162],[129.04863,32.88266],[129.04815,32.88305],[129.04745,32.88241],[129.04712,32.88283],[129.046,32.88277],[129.04695,32.8839],[129.0467,32.88423],[129.04446,32.88363],[129.04361,32.8841],[129.04385,32.88505],[129.04282,32.88534],[129.0462,32.88638],[129.04724,32.88724],[129.04703,32.88629],[129.04793,32.88568],[129.04865,32.88602],[129.04921,32.88562],[129.04841,32.88501],[129.04894,32.88424],[129.05047,32.885],[129.05088,32.88425],[129.05196,32.88473],[129.05229,32.88388],[129.05337,32.8838],[129.05328,32.88286],[129.05404,32.88182],[129.05377,32.88019],[129.05476,32.88111],[129.05567,32.87986],[129.05554,32.87925],[129.05693,32.87881],[129.05741,32.87937],[129.05773,32.87901],[129.05803,32.87819],[129.05819,32.878],[129.05843,32.87781],[129.05965,32.87745],[129.06005,32.87702],[129.06019,32.87696],[129.0597,32.87744],[129.05815,32.87807],[129.0577,32.8793],[129.05654,32.88065],[129.05647,32.88183],[129.0585,32.88127],[129.05881,32.88154],[129.05854,32.88291],[129.05759,32.88289],[129.05834,32.88324],[129.05745,32.88495],[129.05738,32.88631],[129.0567,32.88698],[129.05603,32.88638],[129.05504,32.88699],[129.05572,32.88734],[129.05531,32.88807],[129.05615,32.88762],[129.05772,32.88797],[129.05876,32.88754],[129.05887,32.88818],[129.05973,32.88876],[129.0575,32.88854],[129.05661,32.88901],[129.05594,32.89068],[129.05736,32.89101],[129.05648,32.8917],[129.0564,32.89236],[129.05759,32.89298],[129.05609,32.89297],[129.05654,32.8938],[129.05577,32.89352],[129.05478,32.89508],[129.05413,32.8935],[129.05454,32.89317],[129.05438,32.89249],[129.05386,32.89199],[129.05413,32.89019],[129.05282,32.89021],[129.05239,32.88979],[129.05278,32.88898],[129.05187,32.8884],[129.05078,32.88902],[129.05116,32.88999],[129.04993,32.8899],[129.0502,32.89082],[129.05096,32.89104],[129.05098,32.89174],[129.05218,32.89154],[129.05188,32.8922],[129.05246,32.89267],[129.05169,32.89269],[129.05158,32.89341],[129.05051,32.8929],[129.04861,32.89327],[129.04917,32.89361],[129.04927,32.89509],[129.04801,32.89509],[129.04792,32.89421],[129.04724,32.89418],[129.04651,32.89333],[129.04529,32.89401],[129.04437,32.8927],[129.04308,32.8929],[129.04146,32.89452],[129.04249,32.89563],[129.04019,32.89605],[129.04149,32.89781],[129.03954,32.89766],[129.03928,32.89873],[129.03845,32.89922],[129.0392,32.89974],[129.04032,32.89947],[129.04068,32.90064],[129.04125,32.90056],[129.04129,32.89994],[129.04268,32.90025],[129.04239,32.90071],[129.04293,32.90127],[129.04197,32.90192],[129.04196,32.9033],[129.04009,32.90209],[129.03938,32.90278],[129.03986,32.90329],[129.0389,32.90374],[129.03998,32.90342],[129.04087,32.90404],[129.04083,32.9052],[129.04029,32.90533],[129.04154,32.90593],[129.04082,32.90666],[129.0413,32.90744],[129.03829,32.90671],[129.03802,32.90696],[129.03855,32.90766],[129.03783,32.90857],[129.04097,32.90862],[129.04186,32.90904],[129.04211,32.9095],[129.04145,32.91052],[129.04033,32.91079],[129.04156,32.91123],[129.04295,32.91009],[129.04243,32.90965],[129.04258,32.90875],[129.04428,32.90779],[129.04562,32.90777],[129.04562,32.90703],[129.04646,32.90652],[129.04498,32.90546],[129.04466,32.90425],[129.04691,32.90259],[129.04759,32.90292],[129.04743,32.90364],[129.04826,32.90396],[129.04829,32.90484],[129.04913,32.90497],[129.05128,32.903],[129.05145,32.90196],[129.05255,32.9012],[129.05313,32.89895],[129.05383,32.90035],[129.05442,32.90059],[129.05416,32.90267],[129.05282,32.90354],[129.05272,32.90438],[129.05184,32.90524],[129.05214,32.90585],[129.0517,32.9072],[129.05298,32.90721],[129.05453,32.90548],[129.05661,32.90518],[129.05842,32.90671],[129.05918,32.9064],[129.06048,32.90439],[129.06114,32.90428],[129.06104,32.90291],[129.05986,32.90297],[129.05947,32.90231],[129.05798,32.90202],[129.05828,32.90146],[129.0573,32.90102],[129.05971,32.90086],[129.05933,32.8998],[129.06009,32.89976],[129.06089,32.89769],[129.06098,32.89652],[129.05985,32.89567],[129.06056,32.89511],[129.06043,32.89573],[129.06158,32.89642],[129.06252,32.89604],[129.06279,32.89484],[129.06337,32.89486],[129.06281,32.89647],[129.06334,32.89751],[129.06522,32.89797],[129.06477,32.89914],[129.06357,32.89952],[129.06436,32.89979],[129.06426,32.90039],[129.06545,32.90142],[129.064,32.90125],[129.06323,32.90175],[129.06326,32.90445],[129.06576,32.9045],[129.06692,32.9029],[129.06783,32.90355],[129.0679,32.90447],[129.06686,32.90525],[129.06418,32.9052],[129.06184,32.90592],[129.06344,32.90878],[129.06341,32.90957],[129.06202,32.90925],[129.06177,32.90961],[129.06143,32.90879],[129.06173,32.90857],[129.05765,32.90883],[129.05619,32.90823],[129.05603,32.9088],[129.05379,32.90925],[129.05219,32.91051],[129.05178,32.9125],[129.051,32.91336],[129.05098,32.91526],[129.05042,32.91549],[129.04908,32.91498],[129.04825,32.91618],[129.04835,32.91719],[129.04918,32.91734],[129.04855,32.91817],[129.04872,32.919],[129.05027,32.91836],[129.05164,32.91918],[129.0517,32.91988],[129.05062,32.92155],[129.04884,32.92176],[129.04862,32.92141],[129.04873,32.92177],[129.04659,32.92205],[129.0444,32.92336],[129.04389,32.92258],[129.04222,32.92248],[129.04174,32.92307],[129.0406,32.92241],[129.03963,32.92335],[129.0384,32.9233],[129.03814,32.92372],[129.03901,32.92499],[129.03814,32.92524],[129.03768,32.92593],[129.03594,32.92483],[129.03615,32.92311],[129.03572,32.92289],[129.03597,32.9223],[129.03753,32.92223],[129.03597,32.92223],[129.03583,32.92131],[129.03518,32.9209],[129.03533,32.92029],[129.03405,32.9194],[129.03388,32.91838],[129.03198,32.91864],[129.02907,32.91823],[129.02658,32.91915],[129.02602,32.92042],[129.02662,32.92234],[129.02818,32.92302],[129.02823,32.92356],[129.03153,32.92593],[129.03153,32.92694],[129.03036,32.9284],[129.03082,32.92926],[129.0305,32.93022],[129.03231,32.9324],[129.03361,32.9308],[129.03359,32.92993],[129.03421,32.9298],[129.03449,32.9303],[129.03498,32.92981],[129.0359,32.93002],[129.03593,32.92882],[129.03708,32.92848],[129.03795,32.92742],[129.03876,32.9276],[129.03926,32.92837],[129.03848,32.92901],[129.0384,32.93049],[129.04095,32.92989],[129.04061,32.93073],[129.04013,32.9304],[129.04019,32.93109],[129.04077,32.93105],[129.04088,32.93147],[129.04008,32.93318],[129.03947,32.93329],[129.03997,32.93365],[129.03879,32.93398],[129.03907,32.93457],[129.03867,32.93589],[129.038,32.93636],[129.03849,32.93688],[129.03829,32.93785],[129.03783,32.93766],[129.03835,32.93849],[129.03659,32.93858],[129.03788,32.93869],[129.03841,32.93986],[129.0364,32.94054],[129.03594,32.94124],[129.03618,32.94341],[129.03552,32.94583],[129.03544,32.94528],[129.03379,32.94536],[129.03402,32.94517],[129.03381,32.94472],[129.03374,32.94526],[129.03336,32.94422],[129.03353,32.94233],[129.0345,32.94222],[129.03347,32.94228],[129.03318,32.94177],[129.03333,32.94091],[129.0325,32.93901],[129.0328,32.93825],[129.03165,32.93611],[129.0299,32.9362],[129.02887,32.93726],[129.02896,32.93934],[129.02759,32.93932],[129.02734,32.93794],[129.02624,32.93707],[129.02602,32.93437],[129.02537,32.93384],[129.02435,32.93434],[129.02335,32.93414],[129.02273,32.93191],[129.02109,32.93283],[129.02124,32.93344],[129.02068,32.9337],[129.02107,32.93425],[129.01953,32.93556],[129.01897,32.9374],[129.01929,32.93833],[129.01883,32.93871],[129.01771,32.93873],[129.01489,32.93652],[129.0139,32.93688],[129.01595,32.93892],[129.01718,32.93948],[129.01743,32.94069],[129.01705,32.94191],[129.01782,32.94244],[129.01713,32.94355],[129.01633,32.94384],[129.01597,32.9451],[129.01595,32.94604],[129.01667,32.9464],[129.0169,32.94757],[129.01513,32.94787],[129.01454,32.94887],[129.01277,32.94945],[129.01215,32.95046],[129.01215,32.95011],[129.01284,32.94935],[129.01178,32.94916],[129.01271,32.94921],[129.01365,32.94861],[129.01298,32.9478],[129.01278,32.94607],[129.01061,32.94378],[129.00929,32.94321],[129.00908,32.9424],[129.00701,32.94027],[129.00524,32.94064],[129.00463,32.94199],[129.00274,32.93952],[129.00196,32.94022],[129.00088,32.94013],[128.99944,32.94125],[128.99793,32.9407],[128.99737,32.94166],[128.99612,32.94132],[128.99414,32.94319],[128.99207,32.94237]]],[[[129.09356,33.11476],[129.09398,33.11541],[129.09478,33.11507],[129.09501,33.11431],[129.09378,33.1139],[129.09356,33.11476]]],[[[129.10369,32.88364],[129.10466,32.88232],[129.10289,32.88339],[129.10369,32.88364]]],[[[129.10566,32.88231],[129.1045,32.88366],[129.10475,32.88402],[129.10566,32.88231]]],[[[129.18568,32.92023],[129.18487,32.92121],[129.18594,32.92172],[129.18599,32.92271],[129.18711,32.92278],[129.18919,32.92458],[129.19115,32.92429],[129.19186,32.92555],[129.19222,32.92508],[129.19195,32.92472],[129.19385,32.92374],[129.19557,32.92415],[129.19662,32.92196],[129.19693,32.92213],[129.19656,32.92095],[129.19525,32.92007],[129.19484,32.92043],[129.19453,32.91954],[129.19424,32.91985],[129.19367,32.9193],[129.19343,32.91954],[129.19158,32.91768],[129.19052,32.91743],[129.19059,32.91779],[129.19049,32.91781],[129.19034,32.91734],[129.18876,32.91812],[129.18861,32.91756],[129.18724,32.91696],[129.18611,32.91753],[129.18656,32.91687],[129.18649,32.91666],[129.18458,32.91831],[129.18547,32.91946],[129.18512,32.91959],[129.18568,32.92023]]],[[[129.11297,32.92368],[129.11603,32.92353],[129.11606,32.92258],[129.1133,32.92153],[129.11335,32.92096],[129.11293,32.92129],[129.11276,32.92092],[129.11207,32.92176],[129.111,32.92158],[129.11148,32.92253],[129.11224,32.92265],[129.11297,32.92368]]],[[[129.11534,32.92507],[129.11543,32.92422],[129.11412,32.92528],[129.11435,32.92533],[129.11534,32.92507]]],[[[129.11628,32.93513],[129.11465,32.93432],[129.1133,32.93524],[129.11379,32.93726],[129.11509,32.93727],[129.11628,32.93513]]],[[[129.10376,32.95523],[129.10429,32.95405],[129.10294,32.95328],[129.10279,32.95508],[129.10314,32.95544],[129.10376,32.95523]]],[[[129.09692,32.98923],[129.09668,32.98826],[129.09649,32.98871],[129.09692,32.98923]]],[[[129.12254,32.98975],[129.12254,32.98885],[129.12115,32.98973],[129.12176,32.99048],[129.12254,32.98975]]],[[[129.10163,32.99672],[129.10275,32.99663],[129.10272,32.99496],[129.10064,32.99454],[129.10042,32.99504],[129.10146,32.99594],[129.10163,32.99672]]],[[[129.18408,32.99948],[129.18401,32.99868],[129.18444,32.99808],[129.18347,32.99783],[129.18348,32.99909],[129.18408,32.99948]]],[[[129.14853,33.007],[129.14803,33.00716],[129.14816,33.0081],[129.14886,33.00787],[129.14853,33.007]]],[[[129.18406,33.02299],[129.18612,33.02102],[129.18507,33.01992],[129.18415,33.02003],[129.18394,33.02075],[129.18323,33.02066],[129.18305,33.02107],[129.18208,33.01997],[129.18138,33.02007],[129.18072,33.01945],[129.17937,33.01983],[129.17775,33.01935],[129.17779,33.02007],[129.17911,33.02144],[129.18145,33.02227],[129.18221,33.02207],[129.18302,33.02302],[129.18406,33.02299]]],[[[129.16047,33.02787],[129.16041,33.02723],[129.15895,33.02643],[129.15771,33.02461],[129.15618,33.02451],[129.15786,33.02612],[129.15831,33.02778],[129.16047,33.02787]]],[[[129.16003,33.03461],[129.1632,33.03354],[129.16315,33.03263],[129.16224,33.03232],[129.16017,33.03307],[129.15818,33.03309],[129.15857,33.03415],[129.15981,33.03453],[129.15867,33.03448],[129.15931,33.03477],[129.16049,33.03469],[129.16003,33.03461]]],[[[129.10868,33.05252],[129.1072,33.05149],[129.10651,33.05155],[129.10677,33.05276],[129.10737,33.05309],[129.10868,33.05345],[129.10868,33.05252]]],[[[129.13302,33.07888],[129.13319,33.07818],[129.13279,33.07812],[129.13267,33.07875],[129.13302,33.07888]]],[[[129.09885,33.10318],[129.09789,33.10245],[129.09739,33.10286],[129.09793,33.10258],[129.0978,33.1031],[129.09885,33.10318]]],[[[129.13539,33.13756],[129.13595,33.13665],[129.13569,33.1358],[129.13613,33.13565],[129.13572,33.13541],[129.13595,33.13473],[129.1354,33.13456],[129.1355,33.13274],[129.13509,33.13279],[129.13536,33.13233],[129.13466,33.13159],[129.13351,33.13174],[129.13206,33.13305],[129.13318,33.13377],[129.1342,33.13699],[129.13539,33.13756]]],[[[129.13987,33.14382],[129.1391,33.14404],[129.13976,33.14422],[129.13987,33.14382]]]]}}]}